# Rhino

mtllib Object_01.mtl
o object_1
usemtl 石膏 (7)
v -1975.892578125 400.77679443359375 -24364.3671875
v -1965.2384033203125 409.0240478515625 -24364.3671875
v -1954.5841064453125 417.27133178710938 -24364.3671875
v -1943.929931640625 425.51858520507812 -24364.3671875
v -1933.275634765625 433.765869140625 -24364.3671875
v -1922.6214599609375 442.01312255859375 -24364.3671875
v -1911.96728515625 450.26040649414062 -24364.3671875
v -1901.31298828125 458.50765991210938 -24364.3671875
v -1890.6588134765625 466.75491333007812 -24364.3671875
v -1968.469970703125 391.18798828125 -24364.3671875
v -1880.0045166015625 475.002197265625 -24364.3671875
v -1872.58203125 465.41339111328125 -24364.3671875
v -1883.2362060546875 457.1661376953125 -24364.3671875
v -1893.8905029296875 448.91885375976562 -24364.3671875
v -1904.544677734375 440.67160034179688 -24364.3671875
v -1915.1988525390625 432.42431640625 -24364.3671875
v -1925.8531494140625 424.17706298828125 -24364.3671875
v -1936.50732421875 415.92977905273438 -24364.3671875
v -1947.16162109375 407.68252563476562 -24364.3671875
v -1957.8157958984375 399.43524169921875 -24364.3671875
v -1948.2093505859375 414.53872680664062 -24364.3671875
v -1900.2652587890625 451.65142822265625 -24364.3671875
v -1862.9931640625 472.8359375 -24352.240234375
v -1870.415771484375 482.42474365234375 -24352.240234375
v -1870.415771484375 482.42474365234375 -24338.09375
v -1870.415771484375 482.42474365234375 -24323.947265625
v -1870.415771484375 482.42474365234375 -24309.798828125
v -1870.415771484375 482.42474365234375 -24295.65234375
v -1870.415771484375 482.42474365234375 -24281.505859375
v -1870.415771484375 482.42474365234375 -24267.359375
v -1866.7044677734375 477.63034057617188 -24267.359375
v -1862.9931640625 472.8359375 -24267.359375
v -1862.9931640625 472.8359375 -24281.505859375
v -1862.9931640625 472.8359375 -24295.65234375
v -1862.9931640625 472.8359375 -24309.798828125
v -1862.9931640625 472.8359375 -24323.947265625
v -1862.9931640625 472.8359375 -24338.09375
v -1880.0045166015625 475.002197265625 -24255.232421875
v -1900.2652587890625 451.65142822265625 -24255.232421875
v -1948.2093505859375 414.53872680664062 -24255.232421875
v -1968.469970703125 391.18798828125 -24255.232421875
v -1957.8157958984375 399.43524169921875 -24255.232421875
v -1947.16162109375 407.68252563476562 -24255.232421875
v -1936.50732421875 415.92977905273438 -24255.232421875
v -1925.8531494140625 424.17706298828125 -24255.232421875
v -1915.1988525390625 432.42431640625 -24255.232421875
v -1904.544677734375 440.67160034179688 -24255.232421875
v -1893.8905029296875 448.91885375976562 -24255.232421875
v -1883.2362060546875 457.1661376953125 -24255.232421875
v -1872.58203125 465.41339111328125 -24255.232421875
v -1876.2933349609375 470.20779418945312 -24255.232421875
v -1898.40966796875 449.25424194335938 -24255.232421875
v -1888.279296875 460.92962646484375 -24255.232421875
v -1886.4237060546875 458.53240966796875 -24255.232421875
v -1902.1209716796875 454.04864501953125 -24255.232421875
v -1890.1348876953125 463.32681274414062 -24255.232421875
v -1975.892578125 400.77679443359375 -24255.232421875
v -1972.1812744140625 395.98239135742188 -24255.232421875
v -1960.1953125 405.26055908203125 -24255.232421875
v -1950.06494140625 416.93594360351562 -24255.232421875
v -1962.0509033203125 407.65774536132812 -24255.232421875
v -1946.3536376953125 412.14154052734375 -24255.232421875
v -1958.3397216796875 402.86334228515625 -24255.232421875
v -1890.6588134765625 466.75491333007812 -24255.232421875
v -1901.31298828125 458.50765991210938 -24255.232421875
v -1911.96728515625 450.26040649414062 -24255.232421875
v -1922.6214599609375 442.01312255859375 -24255.232421875
v -1933.275634765625 433.765869140625 -24255.232421875
v -1943.929931640625 425.51858520507812 -24255.232421875
v -1954.5841064453125 417.27133178710938 -24255.232421875
v -1965.2384033203125 409.0240478515625 -24255.232421875
v -1985.4813232421875 393.354248046875 -24267.359375
v -1981.7701416015625 388.55984497070312 -24295.65234375
v -1985.4813232421875 393.354248046875 -24352.240234375
v -1978.058837890625 383.76544189453125 -24352.240234375
v -1978.058837890625 383.76544189453125 -24338.09375
v -1978.058837890625 383.76544189453125 -24323.947265625
v -1978.058837890625 383.76544189453125 -24309.798828125
v -1978.058837890625 383.76544189453125 -24295.65234375
v -1978.058837890625 383.76544189453125 -24281.505859375
v -1985.4813232421875 393.354248046875 -24281.505859375
v -1985.4813232421875 393.354248046875 -24295.65234375
v -1985.4813232421875 393.354248046875 -24309.798828125
v -1985.4813232421875 393.354248046875 -24323.947265625
v -1985.4813232421875 393.354248046875 -24338.09375
v -1978.058837890625 383.76544189453125 -24267.359375
v -1981.7701416015625 388.55984497070312 -24267.359375
v -1979.9144287109375 386.16262817382812 -24295.65234375
v -1981.7701416015625 388.55984497070312 -24281.505859375
v -1979.9144287109375 386.16262817382812 -24281.505859375
v -1983.625732421875 390.95703125 -24295.65234375
v -1983.625732421875 390.95703125 -24281.505859375
v -1983.3150634765625 410.36557006835938 -24267.359375
v -1898.6700439453125 475.88800048828125 -24296.2109375
v -1898.6700439453125 475.88800048828125 -24309.798828125
v -1898.6700439453125 475.88800048828125 -24323.388671875
v -1917.84765625 461.04290771484375 -24347.640625
v -1926.609375 454.2606201171875 -24347.640625
v -1935.37109375 447.47830200195312 -24347.640625
v -1944.1328125 440.69598388671875 -24347.640625
v -1952.89453125 433.91366577148438 -24347.640625
v -1887.4271240234375 484.59100341796875 -24352.240234375
v -1887.4271240234375 484.59100341796875 -24338.09375
v -1887.4271240234375 484.59100341796875 -24323.947265625
v -1887.4271240234375 484.59100341796875 -24309.798828125
v -1887.4271240234375 484.59100341796875 -24295.65234375
v -1887.4271240234375 484.59100341796875 -24281.505859375
v -1983.3150634765625 410.36557006835938 -24281.505859375
v -1983.3150634765625 410.36557006835938 -24295.65234375
v -1983.3150634765625 410.36557006835938 -24309.798828125
v -1983.3150634765625 410.36557006835938 -24323.947265625
v -1983.3150634765625 410.36557006835938 -24338.09375
v -1972.0721435546875 419.06857299804688 -24323.388671875
v -1972.0721435546875 419.06857299804688 -24309.798828125
v -1972.0721435546875 419.06857299804688 -24296.2109375
v -1887.4271240234375 484.59100341796875 -24267.359375
v -1898.081298828125 476.34371948242188 -24267.359375
v -1908.735595703125 468.09646606445312 -24267.359375
v -1919.3897705078125 459.84918212890625 -24267.359375
v -1930.0439453125 451.6019287109375 -24267.359375
v -1940.6982421875 443.35464477539062 -24267.359375
v -1951.3524169921875 435.10739135742188 -24267.359375
v -1962.0067138671875 426.860107421875 -24267.359375
v -1972.660888671875 418.61285400390625 -24267.359375
v -1952.89453125 433.91366577148438 -24271.958984375
v -1944.1328125 440.69598388671875 -24271.958984375
v -1935.37109375 447.47830200195312 -24271.958984375
v -1926.609375 454.2606201171875 -24271.958984375
v -1917.84765625 461.04290771484375 -24271.958984375
v -1983.3150634765625 410.36557006835938 -24352.240234375
v -1972.660888671875 418.61285400390625 -24352.240234375
v -1962.0067138671875 426.860107421875 -24352.240234375
v -1951.3524169921875 435.10739135742188 -24352.240234375
v -1940.6982421875 443.35464477539062 -24352.240234375
v -1930.0439453125 451.6019287109375 -24352.240234375
v -1919.3897705078125 459.84918212890625 -24352.240234375
v -1908.735595703125 468.09646606445312 -24352.240234375
v -1898.081298828125 476.34371948242188 -24352.240234375
v -1899.038818359375 475.60256958007812 -24328.119140625
v -1900.1292724609375 474.7584228515625 -24332.669921875
v -1901.9027099609375 473.38568115234375 -24336.861328125
v -1904.286376953125 471.54049682617188 -24340.537109375
v -1907.1934814453125 469.29019165039062 -24343.552734375
v -1910.508544921875 466.72402954101562 -24345.794921875
v -1914.1063232421875 463.9390869140625 -24347.173828125
v -1956.635986328125 431.01751708984375 -24347.173828125
v -1960.2337646484375 428.2325439453125 -24345.794921875
v -1963.548828125 425.6663818359375 -24343.552734375
v -1966.455810546875 423.41610717773438 -24340.537109375
v -1968.839599609375 421.57089233398438 -24336.861328125
v -1970.6129150390625 420.19815063476562 -24332.669921875
v -1971.703369140625 419.35403442382812 -24328.119140625
v -1914.1063232421875 463.93899536132812 -24272.42578125
v -1910.508544921875 466.72402954101562 -24273.8046875
v -1907.193603515625 469.29006958007812 -24276.046875
v -1904.286376953125 471.54049682617188 -24279.060546875
v -1901.90283203125 473.38558959960938 -24282.73828125
v -1900.1292724609375 474.7584228515625 -24286.9296875
v -1899.038818359375 475.6025390625 -24291.478515625
v -1971.703369140625 419.35403442382812 -24291.48046875
v -1970.6129150390625 420.19815063476562 -24286.9296875
v -1968.839599609375 421.57089233398438 -24282.73828125
v -1966.455810546875 423.41610717773438 -24279.060546875
v -1963.548828125 425.6663818359375 -24276.046875
v -1960.2337646484375 428.2325439453125 -24273.8046875
v -1956.635986328125 431.01751708984375 -24272.42578125
v -1961.0474853515625 381.59918212890625 -24352.240234375
v -1865.159423828125 455.8245849609375 -24352.240234375
v -1865.159423828125 455.8245849609375 -24338.09375
v -1865.159423828125 455.8245849609375 -24323.947265625
v -1865.159423828125 455.8245849609375 -24309.798828125
v -1865.159423828125 455.8245849609375 -24295.65234375
v -1865.159423828125 455.8245849609375 -24281.505859375
v -1949.8045654296875 390.30218505859375 -24323.388671875
v -1949.8045654296875 390.30218505859375 -24309.798828125
v -1949.8045654296875 390.30218505859375 -24296.2109375
v -1961.0474853515625 381.59918212890625 -24267.359375
v -1961.0474853515625 381.59918212890625 -24281.505859375
v -1961.0474853515625 381.59918212890625 -24295.65234375
v -1961.0474853515625 381.59918212890625 -24309.798828125
v -1961.0474853515625 381.59918212890625 -24323.947265625
v -1961.0474853515625 381.59918212890625 -24338.09375
v -1950.393310546875 389.846435546875 -24352.240234375
v -1939.739013671875 398.09371948242188 -24352.240234375
v -1929.0848388671875 406.34097290039062 -24352.240234375
v -1918.4305419921875 414.5882568359375 -24352.240234375
v -1907.7763671875 422.83551025390625 -24352.240234375
v -1897.1221923828125 431.08279418945312 -24352.240234375
v -1886.4678955078125 439.33004760742188 -24352.240234375
v -1875.813720703125 447.57733154296875 -24352.240234375
v -1930.626953125 405.14724731445312 -24271.958984375
v -1921.865234375 411.9295654296875 -24271.958984375
v -1913.103515625 418.71188354492188 -24271.958984375
v -1904.341796875 425.49420166015625 -24271.958984375
v -1895.580078125 432.27651977539062 -24271.958984375
v -1876.4024658203125 447.12161254882812 -24296.2109375
v -1876.4024658203125 447.12161254882812 -24309.798828125
v -1876.4024658203125 447.12161254882812 -24323.388671875
v -1865.159423828125 455.8245849609375 -24267.359375
v -1875.813720703125 447.57733154296875 -24267.359375
v -1886.4678955078125 439.33004760742188 -24267.359375
v -1897.1221923828125 431.08279418945312 -24267.359375
v -1907.7763671875 422.83551025390625 -24267.359375
v -1918.4305419921875 414.5882568359375 -24267.359375
v -1929.0848388671875 406.34097290039062 -24267.359375
v -1939.739013671875 398.09371948242188 -24267.359375
v -1950.393310546875 389.846435546875 -24267.359375
v -1895.580078125 432.27651977539062 -24347.640625
v -1904.341796875 425.49420166015625 -24347.640625
v -1913.103515625 418.71188354492188 -24347.640625
v -1921.865234375 411.9295654296875 -24347.640625
v -1930.626953125 405.14724731445312 -24347.640625
v -1876.771240234375 446.83615112304688 -24328.119140625
v -1877.8616943359375 445.99203491210938 -24332.669921875
v -1879.635009765625 444.61929321289062 -24336.861328125
v -1882.018798828125 442.77407836914062 -24340.537109375
v -1884.92578125 440.52377319335938 -24343.552734375
v -1888.2408447265625 437.9576416015625 -24345.794921875
v -1891.838623046875 435.17266845703125 -24347.173828125
v -1934.3682861328125 402.2510986328125 -24347.173828125
v -1937.966064453125 399.46612548828125 -24345.794921875
v -1941.2811279296875 396.89999389648438 -24343.552734375
v -1944.188232421875 394.64968872070312 -24340.537109375
v -1946.5718994140625 392.80450439453125 -24336.861328125
v -1948.3453369140625 391.43173217773438 -24332.669921875
v -1949.435791015625 390.58761596679688 -24328.119140625
v -1891.8387451171875 435.17257690429688 -24272.42578125
v -1888.240966796875 437.95761108398438 -24273.8046875
v -1884.9259033203125 440.523681640625 -24276.046875
v -1882.018798828125 442.77407836914062 -24279.060546875
v -1879.6351318359375 444.61920166015625 -24282.73828125
v -1877.8616943359375 445.99203491210938 -24286.9296875
v -1876.771240234375 446.83615112304688 -24291.478515625
v -1949.435791015625 390.58761596679688 -24291.48046875
v -1948.3453369140625 391.43173217773438 -24286.9296875
v -1946.5718994140625 392.80450439453125 -24282.73828125
v -1944.188232421875 394.64968872070312 -24279.060546875
v -1941.2811279296875 396.89999389648438 -24276.046875
v -1937.966064453125 399.46612548828125 -24273.8046875
v -1934.3682861328125 402.2510986328125 -24272.42578125
v -1945.4720458984375 424.32485961914062 -24335.513671875
v -1910.4251708984375 451.45413208007812 -24335.513671875
v -1936.7103271484375 431.107177734375 -24335.513671875
v -1927.9486083984375 437.88949584960938 -24335.513671875
v -1919.1868896484375 444.67181396484375 -24335.513671875
v -1938.0494384765625 414.73605346679688 -24335.513671875
v -1906.7138671875 446.65972900390625 -24335.513671875
v -1903.0025634765625 441.86532592773438 -24335.513671875
v -1911.7642822265625 435.0830078125 -24335.513671875
v -1920.5260009765625 428.30068969726562 -24335.513671875
v -1929.2877197265625 421.51837158203125 -24335.513671875
v -1900.8363037109375 458.87667846679688 -24323.388671875
v -1900.8363037109375 458.87667846679688 -24309.798828125
v -1900.8363037109375 458.87667846679688 -24296.2109375
v -1893.413818359375 449.28787231445312 -24323.388671875
v -1897.125 454.082275390625 -24323.388671875
v -1893.413818359375 449.28787231445312 -24296.2109375
v -1893.413818359375 449.28787231445312 -24309.798828125
v -1903.0025634765625 441.86532592773438 -24284.083984375
v -1945.4720458984375 424.32485961914062 -24284.083984375
v -1941.7607421875 419.53045654296875 -24284.083984375
v -1906.7138671875 446.65972900390625 -24284.083984375
v -1938.0494384765625 414.73605346679688 -24284.083984375
v -1929.2877197265625 421.51837158203125 -24284.083984375
v -1920.5260009765625 428.30068969726562 -24284.083984375
v -1911.7642822265625 435.0830078125 -24284.083984375
v -1910.4251708984375 451.45413208007812 -24284.083984375
v -1919.1868896484375 444.67181396484375 -24284.083984375
v -1927.9486083984375 437.88949584960938 -24284.083984375
v -1936.7103271484375 431.107177734375 -24284.083984375
v -1955.060791015625 416.90231323242188 -24296.2109375
v -1947.6383056640625 407.31350708007812 -24296.2109375
v -1951.3494873046875 412.10791015625 -24296.2109375
v -1955.060791015625 416.90231323242188 -24323.388671875
v -1947.6383056640625 407.31350708007812 -24323.388671875
v -1947.6383056640625 407.31350708007812 -24309.798828125
v -1955.060791015625 416.90231323242188 -24309.798828125
v -1975.892578125 400.77679443359375 -24364.3671875
v -1983.3150634765625 410.36557006835938 -24352.240234375
v -1965.2384033203125 409.0240478515625 -24364.3671875
v -1966.6563720703125 410.85598754882812 -24364.142578125
v -1968.0582275390625 412.66693115234375 -24363.45703125
v -1969.3797607421875 414.3741455078125 -24362.302734375
v -1970.541259765625 415.87460327148438 -24360.724609375
v -1971.482177734375 417.09011840820312 -24358.796875
v -1972.1533203125 417.95712280273438 -24356.6484375
v -1972.5401611328125 418.45687866210938 -24354.41796875
v -1972.660888671875 418.61285400390625 -24352.240234375
v -1954.5841064453125 417.27133178710938 -24364.3671875
v -1956.002197265625 419.103271484375 -24364.142578125
v -1957.404052734375 420.91421508789062 -24363.45703125
v -1958.7255859375 422.62142944335938 -24362.302734375
v -1959.8870849609375 424.12188720703125 -24360.724609375
v -1960.8280029296875 425.33740234375 -24358.796875
v -1961.4990234375 426.20437622070312 -24356.6484375
v -1961.885986328125 426.70416259765625 -24354.41796875
v -1962.0067138671875 426.860107421875 -24352.240234375
v -1943.929931640625 425.51858520507812 -24364.3671875
v -1945.3480224609375 427.35052490234375 -24364.142578125
v -1946.749755859375 429.16146850585938 -24363.45703125
v -1948.0712890625 430.86868286132812 -24362.302734375
v -1949.2327880859375 432.369140625 -24360.724609375
v -1950.1737060546875 433.58465576171875 -24358.796875
v -1950.8448486328125 434.45166015625 -24356.6484375
v -1951.231689453125 434.951416015625 -24354.41796875
v -1951.3524169921875 435.10739135742188 -24352.240234375
v -1933.275634765625 433.765869140625 -24364.3671875
v -1934.6937255859375 435.59780883789062 -24364.142578125
v -1936.0955810546875 437.40875244140625 -24363.45703125
v -1937.4171142578125 439.115966796875 -24362.302734375
v -1938.57861328125 440.61642456054688 -24360.724609375
v -1939.51953125 441.83193969726562 -24358.796875
v -1940.190673828125 442.69891357421875 -24356.6484375
v -1940.5775146484375 443.19869995117188 -24354.41796875
v -1940.6982421875 443.35464477539062 -24352.240234375
v -1922.6214599609375 442.01312255859375 -24364.3671875
v -1924.03955078125 443.84506225585938 -24364.142578125
v -1925.44140625 445.656005859375 -24363.45703125
v -1926.762939453125 447.36322021484375 -24362.302734375
v -1927.92431640625 448.86367797851562 -24360.724609375
v -1928.865234375 450.07919311523438 -24358.796875
v -1929.536376953125 450.94619750976562 -24356.6484375
v -1929.9232177734375 451.44595336914062 -24354.41796875
v -1930.0439453125 451.6019287109375 -24352.240234375
v -1911.96728515625 450.26040649414062 -24364.3671875
v -1913.38525390625 452.09234619140625 -24364.142578125
v -1914.787109375 453.90328979492188 -24363.45703125
v -1916.108642578125 455.61050415039062 -24362.302734375
v -1917.2701416015625 457.1109619140625 -24360.724609375
v -1918.2110595703125 458.32647705078125 -24358.796875
v -1918.8822021484375 459.19345092773438 -24356.6484375
v -1919.26904296875 459.6932373046875 -24354.41796875
v -1919.3897705078125 459.84918212890625 -24352.240234375
v -1901.31298828125 458.50765991210938 -24364.3671875
v -1902.7310791015625 460.339599609375 -24364.142578125
v -1904.1329345703125 462.15054321289062 -24363.45703125
v -1905.4544677734375 463.85775756835938 -24362.302734375
v -1906.615966796875 465.35821533203125 -24360.724609375
v -1907.556884765625 466.57373046875 -24358.796875
v -1908.2279052734375 467.44073486328125 -24356.6484375
v -1908.6148681640625 467.94049072265625 -24354.41796875
v -1908.735595703125 468.09646606445312 -24352.240234375
v -1890.6588134765625 466.75491333007812 -24364.3671875
v -1892.076904296875 468.58688354492188 -24364.142578125
v -1893.4786376953125 470.3978271484375 -24363.45703125
v -1894.8001708984375 472.10504150390625 -24362.302734375
v -1895.961669921875 473.60549926757812 -24360.724609375
v -1896.902587890625 474.82101440429688 -24358.796875
v -1897.57373046875 475.68798828125 -24356.6484375
v -1897.9605712890625 476.18777465820312 -24354.41796875
v -1898.081298828125 476.34371948242188 -24352.240234375
v -1880.0045166015625 475.002197265625 -24364.3671875
v -1887.4271240234375 484.59100341796875 -24352.240234375
v -1983.2850341796875 410.3267822265625 -24353.330078125
v -1983.191162109375 410.20550537109375 -24354.447265625
v -1983.028564453125 409.99545288085938 -24355.576171875
v -1982.7939453125 409.69232177734375 -24356.703125
v -1982.48583984375 409.29437255859375 -24357.810546875
v -1982.105224609375 408.80255126953125 -24358.875
v -1981.655029296875 408.2210693359375 -24359.8828125
v -1981.14111328125 407.55709838867188 -24360.814453125
v -1980.5709228515625 406.82058715820312 -24361.654296875
v -1979.9542236328125 406.02386474609375 -24362.390625
v -1979.3017578125 405.18087768554688 -24363.01171875
v -1978.624755859375 404.30636596679688 -24363.515625
v -1977.9349365234375 403.41522216796875 -24363.8984375
v -1977.2431640625 402.52157592773438 -24364.1640625
v -1976.5595703125 401.63836669921875 -24364.31640625
v -1972.631591796875 418.57504272460938 -24353.31640625
v -1977.8673095703125 414.333251953125 -24354.41796875
v -1977.958740234375 414.451416015625 -24353.31640625
v -1977.9808349609375 414.47991943359375 -24352.7734375
v -1980.622314453125 412.38958740234375 -24353.31640625
v -1980.6444091796875 412.4180908203125 -24352.7734375
v -1977.921142578125 414.40280151367188 -24353.865234375
v -1980.5308837890625 412.27142333984375 -24354.41796875
v -1980.5845947265625 412.34097290039062 -24353.865234375
v -1972.3818359375 418.2523193359375 -24355.53515625
v -1977.4803466796875 413.83346557617188 -24356.6484375
v -1977.7088623046875 414.128662109375 -24355.53515625
v -1977.796630859375 414.2420654296875 -24354.9765625
v -1980.3724365234375 412.06686401367188 -24355.53515625
v -1980.460205078125 412.18026733398438 -24354.9765625
v -1977.603515625 413.99258422851562 -24356.091796875
v -1980.1439208984375 411.77166748046875 -24356.6484375
v -1980.26708984375 411.93075561523438 -24356.091796875
v -1971.8531494140625 417.56942749023438 -24357.740234375
v -1976.809326171875 412.96649169921875 -24358.796875
v -1977.1802978515625 413.44580078125 -24357.740234375
v -1977.33935546875 413.65121459960938 -24357.197265625
v -1979.8438720703125 411.38397216796875 -24357.740234375
v -1980.0029296875 411.58938598632812 -24357.197265625
v -1977.0035400390625 413.21743774414062 -24358.275390625
v -1979.472900390625 410.90469360351562 -24358.796875
v -1979.6671142578125 411.15560913085938 -24358.275390625
v -1971.0430908203125 416.52294921875 -24359.796875
v -1975.868408203125 411.7509765625 -24360.724609375
v -1976.3702392578125 412.39932250976562 -24359.796875
v -1976.5980224609375 412.69354248046875 -24359.3046875
v -1979.0338134765625 410.33749389648438 -24359.796875
v -1979.2615966796875 410.6317138671875 -24359.3046875
v -1976.126708984375 412.08477783203125 -24360.271484375
v -1978.531982421875 409.68914794921875 -24360.724609375
v -1978.790283203125 410.02294921875 -24360.271484375
v -1969.9837646484375 415.15444946289062 -24361.564453125
v -1974.7069091796875 410.25051879882812 -24362.302734375
v -1975.3109130859375 411.03082275390625 -24361.564453125
v -1975.5960693359375 411.39920043945312 -24361.15625
v -1977.9744873046875 408.968994140625 -24361.564453125
v -1978.2596435546875 409.33737182617188 -24361.15625
v -1975.01416015625 410.64739990234375 -24361.947265625
v -1977.3704833984375 408.18869018554688 -24362.302734375
v -1977.6776123046875 408.5855712890625 -24361.947265625
v -1968.73193359375 413.53720092773438 -24362.939453125
v -1973.3853759765625 408.54330444335938 -24363.45703125
v -1974.0589599609375 409.41357421875 -24362.939453125
v -1974.3868408203125 409.83712768554688 -24362.63671875
v -1976.7225341796875 407.35174560546875 -24362.939453125
v -1977.0504150390625 407.77532958984375 -24362.63671875
v -1973.7247314453125 408.98165893554688 -24363.212890625
v -1976.0489501953125 406.48147583007812 -24363.45703125
v -1976.38818359375 406.91986083984375 -24363.212890625
v -1967.35888671875 411.7635498046875 -24363.861328125
v -1971.9835205078125 406.73236083984375 -24364.142578125
v -1972.68603515625 407.639892578125 -24363.861328125
v -1973.036865234375 408.09304809570312 -24363.673828125
v -1975.349609375 405.57809448242188 -24363.861328125
v -1975.7003173828125 406.03121948242188 -24363.673828125
v -1972.33447265625 407.18576049804688 -24364.017578125
v -1974.6470947265625 404.6705322265625 -24364.142578125
v -1974.998046875 405.12393188476562 -24364.017578125
v -1965.9383544921875 409.92840576171875 -24364.3125
v -1971.2655029296875 405.80477905273438 -24364.3125
v -1971.6229248046875 406.26644897460938 -24364.2421875
v -1973.9290771484375 403.74298095703125 -24364.3125
v -1974.286376953125 404.20462036132812 -24364.2421875
v -1970.9127197265625 405.34896850585938 -24364.353515625
v -1973.576171875 403.28713989257812 -24364.353515625
v -1880.6715087890625 475.86380004882812 -24364.31640625
v -1881.355224609375 476.74700927734375 -24364.1640625
v -1882.046875 477.640625 -24363.8984375
v -1882.73681640625 478.53176879882812 -24363.515625
v -1883.4136962890625 479.40628051757812 -24363.01171875
v -1884.0662841796875 480.249267578125 -24362.390625
v -1884.6829833984375 481.04598999023438 -24361.654296875
v -1885.2530517578125 481.78250122070312 -24360.814453125
v -1885.76708984375 482.44650268554688 -24359.8828125
v -1886.2171630859375 483.02798461914062 -24358.875
v -1886.597900390625 483.519775390625 -24357.810546875
v -1886.906005859375 483.91775512695312 -24356.703125
v -1887.140625 484.22085571289062 -24355.576171875
v -1887.30322265625 484.430908203125 -24354.447265625
v -1887.3970947265625 484.55221557617188 -24353.330078125
v -1886.749755859375 472.71051025390625 -24364.142578125
v -1891.35888671875 467.6593017578125 -24364.3125
v -1886.03173828125 471.78292846679688 -24364.3125
v -1883.3681640625 473.84475708007812 -24364.3125
v -1885.6788330078125 471.32711791992188 -24364.353515625
v -1883.015380859375 473.38894653320312 -24364.353515625
v -1884.086181640625 474.7723388671875 -24364.142578125
v -1886.3890380859375 472.24456787109375 -24364.2421875
v -1883.7255859375 474.306396484375 -24364.2421875
v -1888.151611328125 474.52145385742188 -24363.45703125
v -1892.7794189453125 469.49441528320312 -24363.861328125
v -1887.4522705078125 473.6180419921875 -24363.861328125
v -1884.7886962890625 475.67987060546875 -24363.861328125
v -1887.1007080078125 473.16390991210938 -24364.017578125
v -1884.4371337890625 475.22573852539062 -24364.017578125
v -1885.488037109375 476.583251953125 -24363.45703125
v -1887.802978515625 474.0711669921875 -24363.673828125
v -1885.1395263671875 476.13299560546875 -24363.673828125
v -1889.47314453125 476.22866821289062 -24362.302734375
v -1894.15234375 471.26806640625 -24362.939453125
v -1888.8251953125 475.3917236328125 -24362.939453125
v -1886.16162109375 477.45352172851562 -24362.939453125
v -1888.4908447265625 474.95980834960938 -24363.212890625
v -1885.827392578125 477.02163696289062 -24363.212890625
v -1886.8095703125 478.29046630859375 -24362.302734375
v -1889.153076171875 475.81527709960938 -24362.63671875
v -1886.489501953125 477.87710571289062 -24362.63671875
v -1890.634521484375 477.7291259765625 -24360.724609375
v -1895.404296875 472.88534545898438 -24361.564453125
v -1890.0771484375 477.00897216796875 -24361.564453125
v -1887.41357421875 479.07080078125 -24361.564453125
v -1889.7802734375 476.62554931640625 -24361.947265625
v -1887.11669921875 478.68734741210938 -24361.947265625
v -1887.9710693359375 479.79092407226562 -24360.724609375
v -1890.3623046875 477.37734985351562 -24361.15625
v -1887.69873046875 479.43914794921875 -24361.15625
v -1891.575439453125 478.94464111328125 -24358.796875
v -1896.463623046875 474.25384521484375 -24359.796875
v -1891.136474609375 478.37747192382812 -24359.796875
v -1888.472900390625 480.43930053710938 -24359.796875
v -1890.8929443359375 478.06292724609375 -24360.271484375
v -1888.2293701171875 480.12472534179688 -24360.271484375
v -1888.9119873046875 481.0064697265625 -24358.796875
v -1891.3642578125 478.67169189453125 -24359.3046875
v -1888.70068359375 480.7335205078125 -24359.3046875
v -1892.24658203125 479.81161499023438 -24356.6484375
v -1897.273681640625 475.30032348632812 -24357.740234375
v -1891.946533203125 479.4239501953125 -24357.740234375
v -1889.282958984375 481.48577880859375 -24357.740234375
v -1891.769775390625 479.19558715820312 -24358.275390625
v -1889.106201171875 481.25741577148438 -24358.275390625
v -1889.5830078125 481.87344360351562 -24356.6484375
v -1892.10546875 479.62936401367188 -24357.197265625
v -1889.4420166015625 481.691162109375 -24357.197265625
v -1892.6334228515625 480.3114013671875 -24354.41796875
v -1897.80224609375 475.98318481445312 -24355.53515625
v -1892.47509765625 480.1068115234375 -24355.53515625
v -1889.8115234375 482.16864013671875 -24355.53515625
v -1892.3697509765625 479.97073364257812 -24356.091796875
v -1889.7061767578125 482.03253173828125 -24356.091796875
v -1889.969970703125 482.37319946289062 -24354.41796875
v -1892.5628662109375 480.22021484375 -24354.9765625
v -1889.8992919921875 482.28204345703125 -24354.9765625
v -1898.052001953125 476.30593872070312 -24353.31640625
v -1892.7249755859375 480.4295654296875 -24353.31640625
v -1890.0614013671875 482.49136352539062 -24353.31640625
v -1892.687255859375 480.38095092773438 -24353.865234375
v -1890.0238037109375 482.4427490234375 -24353.865234375
v -1892.7470703125 480.45806884765625 -24352.7734375
v -1890.08349609375 482.5198974609375 -24352.7734375
v -1872.58203125 465.41339111328125 -24364.3671875
v -1862.9931640625 472.8359375 -24352.240234375
v -1880.0045166015625 475.002197265625 -24364.3671875
v -1870.415771484375 482.42474365234375 -24352.240234375
v -1879.1429443359375 475.66915893554688 -24364.31640625
v -1878.259765625 476.35281372070312 -24364.1640625
v -1877.3660888671875 477.0445556640625 -24363.8984375
v -1876.4749755859375 477.73440551757812 -24363.515625
v -1875.6004638671875 478.41131591796875 -24363.01171875
v -1874.7574462890625 479.06387329101562 -24362.390625
v -1873.9608154296875 479.68060302734375 -24361.654296875
v -1873.2242431640625 480.250732421875 -24360.814453125
v -1872.560302734375 480.76470947265625 -24359.8828125
v -1871.978759765625 481.21484375 -24358.875
v -1871.4869384765625 481.59552001953125 -24357.810546875
v -1871.0889892578125 481.90359497070312 -24356.703125
v -1870.785888671875 482.13821411132812 -24355.576171875
v -1870.5758056640625 482.30081176757812 -24354.447265625
v -1870.45458984375 482.39471435546875 -24353.330078125
v -1874.4613037109375 471.62588500976562 -24364.142578125
v -1875.388916015625 470.90786743164062 -24364.3125
v -1877.2445068359375 473.3050537109375 -24364.3125
v -1875.8447265625 470.55502319335938 -24364.353515625
v -1877.7003173828125 472.95220947265625 -24364.353515625
v -1876.3170166015625 474.0230712890625 -24364.142578125
v -1874.92724609375 471.26519775390625 -24364.2421875
v -1876.782958984375 473.66241455078125 -24364.2421875
v -1872.650390625 473.0277099609375 -24363.45703125
v -1873.5538330078125 472.32839965820312 -24363.861328125
v -1875.409423828125 474.7255859375 -24363.861328125
v -1874.0079345703125 471.97683715820312 -24364.017578125
v -1875.863525390625 474.37405395507812 -24364.017578125
v -1874.5059814453125 475.42489624023438 -24363.45703125
v -1873.1007080078125 472.67913818359375 -24363.673828125
v -1874.956298828125 475.07635498046875 -24363.673828125
v -1870.9432373046875 474.34921264648438 -24362.302734375
v -1871.7801513671875 473.70135498046875 -24362.939453125
v -1873.6357421875 476.09854125976562 -24362.939453125
v -1872.2120361328125 473.36703491210938 -24363.212890625
v -1874.067626953125 475.76422119140625 -24363.212890625
v -1872.798828125 476.74642944335938 -24362.302734375
v -1871.3565673828125 474.02923583984375 -24362.63671875
v -1873.212158203125 476.42642211914062 -24362.63671875
v -1869.4427490234375 475.51071166992188 -24360.724609375
v -1870.162841796875 474.9532470703125 -24361.564453125
v -1872.0185546875 477.3504638671875 -24361.564453125
v -1870.5462646484375 474.65643310546875 -24361.947265625
v -1872.4019775390625 477.05364990234375 -24361.947265625
v -1871.29833984375 477.90789794921875 -24360.724609375
v -1869.7945556640625 475.2384033203125 -24361.15625
v -1871.650146484375 477.63558959960938 -24361.15625
v -1868.2271728515625 476.45162963867188 -24358.796875
v -1868.79443359375 476.0125732421875 -24359.796875
v -1870.6500244140625 478.4097900390625 -24359.796875
v -1869.10888671875 475.76910400390625 -24360.271484375
v -1870.964599609375 478.16629028320312 -24360.271484375
v -1870.0828857421875 478.84881591796875 -24358.796875
v -1868.5001220703125 476.24032592773438 -24359.3046875
v -1870.3558349609375 478.63754272460938 -24359.3046875
v -1867.3602294921875 477.12274169921875 -24356.6484375
v -1867.7479248046875 476.82266235351562 -24357.740234375
v -1869.603515625 479.2198486328125 -24357.740234375
v -1867.976318359375 476.6458740234375 -24358.275390625
v -1869.8319091796875 479.04306030273438 -24358.275390625
v -1869.2158203125 479.51992797851562 -24356.6484375
v -1867.54248046875 476.98165893554688 -24357.197265625
v -1869.3980712890625 479.37884521484375 -24357.197265625
v -1866.8604736328125 477.50961303710938 -24354.41796875
v -1867.0650634765625 477.35125732421875 -24355.53515625
v -1868.920654296875 479.74844360351562 -24355.53515625
v -1867.201171875 477.24591064453125 -24356.091796875
v -1869.0567626953125 479.64309692382812 -24356.091796875
v -1868.716064453125 479.90679931640625 -24354.41796875
v -1866.95166015625 477.43902587890625 -24354.9765625
v -1868.8072509765625 479.83624267578125 -24354.9765625
v -1866.7423095703125 477.60107421875 -24353.31640625
v -1868.597900390625 479.99826049804688 -24353.31640625
v -1866.7908935546875 477.56344604492188 -24353.865234375
v -1868.6466064453125 479.96063232421875 -24353.865234375
v -1866.7137451171875 477.62313842773438 -24352.7734375
v -1868.5694580078125 480.02035522460938 -24352.7734375
v -1863.0908203125 472.7603759765625 -24353.966796875
v -1863.381591796875 472.5352783203125 -24355.65625
v -1863.8597412109375 472.16519165039062 -24357.27734375
v -1864.515380859375 471.65762329101562 -24358.796875
v -1865.3353271484375 471.02297973632812 -24360.181640625
v -1866.302734375 470.27413940429688 -24361.404296875
v -1867.39794921875 469.42633056640625 -24362.44140625
v -1868.5986328125 468.496826171875 -24363.26953125
v -1869.8804931640625 467.50457763671875 -24363.875
v -1871.2174072265625 466.4697265625 -24364.2421875
v -1968.469970703125 391.18798828125 -24364.3671875
v -1961.0474853515625 381.59918212890625 -24352.240234375
v -1957.8157958984375 399.43524169921875 -24364.3671875
v -1956.397705078125 397.60330200195312 -24364.142578125
v -1954.995849609375 395.7923583984375 -24363.45703125
v -1953.67431640625 394.08514404296875 -24362.302734375
v -1952.512939453125 392.58468627929688 -24360.724609375
v -1951.572021484375 391.36917114257812 -24358.796875
v -1950.90087890625 390.502197265625 -24356.6484375
v -1950.5140380859375 390.00241088867188 -24354.41796875
v -1950.393310546875 389.846435546875 -24352.240234375
v -1947.16162109375 407.68252563476562 -24364.3671875
v -1945.7435302734375 405.8505859375 -24364.142578125
v -1944.3416748046875 404.03964233398438 -24363.45703125
v -1943.0201416015625 402.33242797851562 -24362.302734375
v -1941.858642578125 400.83197021484375 -24360.724609375
v -1940.917724609375 399.61642456054688 -24358.796875
v -1940.24658203125 398.74945068359375 -24356.6484375
v -1939.8597412109375 398.24969482421875 -24354.41796875
v -1939.739013671875 398.09371948242188 -24352.240234375
v -1936.50732421875 415.92977905273438 -24364.3671875
v -1935.0892333984375 414.09783935546875 -24364.142578125
v -1933.6875 412.28689575195312 -24363.45703125
v -1932.365966796875 410.57968139648438 -24362.302734375
v -1931.2044677734375 409.0792236328125 -24360.724609375
v -1930.2635498046875 407.86370849609375 -24358.796875
v -1929.5924072265625 406.99673461914062 -24356.6484375
v -1929.20556640625 406.4969482421875 -24354.41796875
v -1929.0848388671875 406.34097290039062 -24352.240234375
v -1925.8531494140625 424.17706298828125 -24364.3671875
v -1924.43505859375 422.34512329101562 -24364.142578125
v -1923.033203125 420.5341796875 -24363.45703125
v -1921.711669921875 418.82696533203125 -24362.302734375
v -1920.5501708984375 417.32650756835938 -24360.724609375
v -1919.6092529296875 416.1109619140625 -24358.796875
v -1918.938232421875 415.24398803710938 -24356.6484375
v -1918.55126953125 414.74423217773438 -24354.41796875
v -1918.4305419921875 414.5882568359375 -24352.240234375
v -1915.1988525390625 432.42431640625 -24364.3671875
v -1913.7808837890625 430.59237670898438 -24364.142578125
v -1912.3790283203125 428.78143310546875 -24363.45703125
v -1911.0574951171875 427.07421875 -24362.302734375
v -1909.89599609375 425.57376098632812 -24360.724609375
v -1908.955078125 424.35824584960938 -24358.796875
v -1908.283935546875 423.49127197265625 -24356.6484375
v -1907.8970947265625 422.99148559570312 -24354.41796875
v -1907.7763671875 422.83551025390625 -24352.240234375
v -1904.544677734375 440.67160034179688 -24364.3671875
v -1903.1265869140625 438.83963012695312 -24364.142578125
v -1901.7247314453125 437.02871704101562 -24363.45703125
v -1900.4033203125 435.32150268554688 -24362.302734375
v -1899.2418212890625 433.821044921875 -24360.724609375
v -1898.3009033203125 432.60549926757812 -24358.796875
v -1897.6297607421875 431.738525390625 -24356.6484375
v -1897.242919921875 431.23876953125 -24354.41796875
v -1897.1221923828125 431.08279418945312 -24352.240234375
v -1893.8905029296875 448.91885375976562 -24364.3671875
v -1892.472412109375 447.0869140625 -24364.142578125
v -1891.070556640625 445.27597045898438 -24363.45703125
v -1889.7490234375 443.56875610351562 -24362.302734375
v -1888.5875244140625 442.06829833984375 -24360.724609375
v -1887.6466064453125 440.852783203125 -24358.796875
v -1886.9754638671875 439.98580932617188 -24356.6484375
v -1886.588623046875 439.48602294921875 -24354.41796875
v -1886.4678955078125 439.33004760742188 -24352.240234375
v -1883.2362060546875 457.1661376953125 -24364.3671875
v -1881.818115234375 455.33416748046875 -24364.142578125
v -1880.4163818359375 453.52325439453125 -24363.45703125
v -1879.0948486328125 451.8160400390625 -24362.302734375
v -1877.933349609375 450.31558227539062 -24360.724609375
v -1876.992431640625 449.10003662109375 -24358.796875
v -1876.3212890625 448.23306274414062 -24356.6484375
v -1875.9344482421875 447.73330688476562 -24354.41796875
v -1875.813720703125 447.57733154296875 -24352.240234375
v -1872.58203125 465.41339111328125 -24364.3671875
v -1865.159423828125 455.8245849609375 -24352.240234375
v -1871.9150390625 464.55178833007812 -24364.31640625
v -1871.2314453125 463.6685791015625 -24364.1640625
v -1870.5396728515625 462.77496337890625 -24363.8984375
v -1869.849853515625 461.88381958007812 -24363.515625
v -1869.1728515625 461.00930786132812 -24363.01171875
v -1868.5203857421875 460.16632080078125 -24362.390625
v -1867.903564453125 459.36959838867188 -24361.654296875
v -1867.33349609375 458.63308715820312 -24360.814453125
v -1866.8194580078125 457.96908569335938 -24359.8828125
v -1866.369384765625 457.38760375976562 -24358.875
v -1865.9886474609375 456.89581298828125 -24357.810546875
v -1865.6806640625 456.49783325195312 -24356.703125
v -1865.446044921875 456.19473266601562 -24355.576171875
v -1865.283447265625 455.98468017578125 -24354.447265625
v -1865.189453125 455.86337280273438 -24353.330078125
v -1876.4910888671875 459.45782470703125 -24364.142578125
v -1882.5361328125 456.26174926757812 -24364.3125
v -1877.2091064453125 460.38540649414062 -24364.3125
v -1874.5455322265625 462.44720458984375 -24364.3125
v -1877.5618896484375 460.84121704101562 -24364.353515625
v -1874.8983154296875 462.90301513671875 -24364.353515625
v -1873.8275146484375 461.51962280273438 -24364.142578125
v -1876.8516845703125 459.92373657226562 -24364.2421875
v -1874.1881103515625 461.98556518554688 -24364.2421875
v -1875.0892333984375 457.64688110351562 -24363.45703125
v -1881.1156005859375 454.4266357421875 -24363.861328125
v -1875.78857421875 458.55026245117188 -24363.861328125
v -1873.125 460.61209106445312 -24363.861328125
v -1876.14013671875 459.00442504882812 -24364.017578125
v -1873.4765625 461.06622314453125 -24364.017578125
v -1872.4256591796875 459.70867919921875 -24363.45703125
v -1875.437744140625 458.09713745117188 -24363.673828125
v -1872.774169921875 460.15896606445312 -24363.673828125
v -1873.7677001953125 455.93966674804688 -24362.302734375
v -1879.74267578125 452.65298461914062 -24362.939453125
v -1874.41552734375 456.776611328125 -24362.939453125
v -1871.7520751953125 458.83843994140625 -24362.939453125
v -1874.7498779296875 457.20852661132812 -24363.212890625
v -1872.0863037109375 459.27032470703125 -24363.212890625
v -1871.1041259765625 458.00146484375 -24362.302734375
v -1874.087646484375 456.35305786132812 -24362.63671875
v -1871.4241943359375 458.41485595703125 -24362.63671875
v -1872.606201171875 454.439208984375 -24360.724609375
v -1878.4908447265625 451.03570556640625 -24361.564453125
v -1873.1636962890625 455.15936279296875 -24361.564453125
v -1870.5001220703125 457.22116088867188 -24361.564453125
v -1873.46044921875 455.54278564453125 -24361.947265625
v -1870.796875 457.6046142578125 -24361.947265625
v -1869.942626953125 456.50100708007812 -24360.724609375
v -1872.8785400390625 454.79098510742188 -24361.15625
v -1870.2149658203125 456.85281372070312 -24361.15625
v -1871.665283203125 453.22369384765625 -24358.796875
v -1877.431396484375 449.66720581054688 -24359.796875
v -1872.1043701171875 453.79086303710938 -24359.796875
v -1869.4407958984375 455.8526611328125 -24359.796875
v -1872.3477783203125 454.10540771484375 -24360.271484375
v -1869.684326171875 456.167236328125 -24360.271484375
v -1869.001708984375 455.28549194335938 -24358.796875
v -1871.8765869140625 453.49664306640625 -24359.3046875
v -1869.2130126953125 455.55844116210938 -24359.3046875
v -1870.994140625 452.356689453125 -24356.6484375
v -1876.621337890625 448.6207275390625 -24357.740234375
v -1871.2943115234375 452.744384765625 -24357.740234375
v -1868.6307373046875 454.80618286132812 -24357.740234375
v -1871.4710693359375 452.97274780273438 -24358.275390625
v -1868.8074951171875 455.0345458984375 -24358.275390625
v -1868.3306884765625 454.41851806640625 -24356.6484375
v -1871.13525390625 452.53897094726562 -24357.197265625
v -1868.4716796875 454.60076904296875 -24357.197265625
v -1870.6072998046875 451.85693359375 -24354.41796875
v -1876.0927734375 447.9378662109375 -24355.53515625
v -1870.765625 452.06149291992188 -24355.53515625
v -1868.1021728515625 454.12332153320312 -24355.53515625
v -1870.8709716796875 452.19760131835938 -24356.091796875
v -1868.20751953125 454.25942993164062 -24356.091796875
v -1867.9437255859375 453.91873168945312 -24354.41796875
v -1870.6778564453125 451.94808959960938 -24354.9765625
v -1868.0142822265625 454.00991821289062 -24354.9765625
v -1875.843017578125 447.61514282226562 -24353.31640625
v -1870.515869140625 451.73876953125 -24353.31640625
v -1867.852294921875 453.80056762695312 -24353.31640625
v -1870.553466796875 451.78738403320312 -24353.865234375
v -1867.889892578125 453.84921264648438 -24353.865234375
v -1870.4937744140625 451.71026611328125 -24352.7734375
v -1867.8302001953125 453.77206420898438 -24352.7734375
v -1961.123046875 381.69677734375 -24353.966796875
v -1961.34814453125 381.98757934570312 -24355.65625
v -1961.71826171875 382.4656982421875 -24357.27734375
v -1962.225830078125 383.12136840820312 -24358.796875
v -1962.8604736328125 383.94125366210938 -24360.181640625
v -1963.6092529296875 384.90866088867188 -24361.404296875
v -1964.4571533203125 386.00387573242188 -24362.44140625
v -1965.3865966796875 387.20465087890625 -24363.26953125
v -1966.37890625 388.48651123046875 -24363.875
v -1967.4136962890625 389.8233642578125 -24364.2421875
v -1950.4224853515625 389.88424682617188 -24353.31640625
v -1955.841064453125 385.8787841796875 -24354.41796875
v -1955.7496337890625 385.7606201171875 -24353.31640625
v -1950.67236328125 390.20700073242188 -24355.53515625
v -1956.22802734375 386.3785400390625 -24356.6484375
v -1955.99951171875 386.0833740234375 -24355.53515625
v -1951.200927734375 390.88986206054688 -24357.740234375
v -1956.8990478515625 387.24554443359375 -24358.796875
v -1956.528076171875 386.7662353515625 -24357.740234375
v -1952.010986328125 391.93634033203125 -24359.796875
v -1957.8399658203125 388.4610595703125 -24360.724609375
v -1957.338134765625 387.81271362304688 -24359.796875
v -1953.0703125 393.30484008789062 -24361.564453125
v -1959.00146484375 389.96151733398438 -24362.302734375
v -1958.3974609375 389.18121337890625 -24361.564453125
v -1954.322265625 394.92208862304688 -24362.939453125
v -1960.322998046875 391.66873168945312 -24363.45703125
v -1959.6494140625 390.7984619140625 -24362.939453125
v -1955.6951904296875 396.69577026367188 -24363.861328125
v -1961.724853515625 393.47967529296875 -24364.142578125
v -1961.0223388671875 392.57211303710938 -24363.861328125
v -1957.11572265625 398.5308837890625 -24364.3125
v -1962.44287109375 394.40725708007812 -24364.3125
v -1975.892578125 400.77679443359375 -24364.3671875
v -1985.4813232421875 393.354248046875 -24352.240234375
v -1968.469970703125 391.18798828125 -24364.3671875
v -1978.058837890625 383.76544189453125 -24352.240234375
v -1969.3316650390625 390.52102661132812 -24364.31640625
v -1970.21484375 389.83734130859375 -24364.1640625
v -1971.1085205078125 389.14559936523438 -24363.8984375
v -1971.9996337890625 388.45578002929688 -24363.515625
v -1972.8741455078125 387.77883911132812 -24363.01171875
v -1973.7171630859375 387.12628173828125 -24362.390625
v -1974.5137939453125 386.50955200195312 -24361.654296875
v -1975.2503662109375 385.939453125 -24360.814453125
v -1975.914306640625 385.42547607421875 -24359.8828125
v -1976.495849609375 384.975341796875 -24358.875
v -1976.987548828125 384.59466552734375 -24357.810546875
v -1977.3856201171875 384.28659057617188 -24356.703125
v -1977.688720703125 384.05194091796875 -24355.576171875
v -1977.8988037109375 383.88934326171875 -24354.447265625
v -1978.02001953125 383.79547119140625 -24353.330078125
v -1974.01318359375 394.56430053710938 -24364.142578125
v -1973.085693359375 395.28231811523438 -24364.3125
v -1971.22998046875 392.8851318359375 -24364.3125
v -1972.6298828125 395.63516235351562 -24364.353515625
v -1970.774169921875 393.23794555664062 -24364.353515625
v -1972.1575927734375 392.1671142578125 -24364.142578125
v -1973.54736328125 394.92495727539062 -24364.2421875
v -1971.691650390625 392.52777099609375 -24364.2421875
v -1975.82421875 393.1624755859375 -24363.45703125
v -1974.9207763671875 393.86178588867188 -24363.861328125
v -1973.065185546875 391.46456909179688 -24363.861328125
v -1974.4666748046875 394.21331787109375 -24364.017578125
v -1972.6109619140625 391.81613159179688 -24364.017578125
v -1973.968505859375 390.76528930664062 -24363.45703125
v -1975.3739013671875 393.51101684570312 -24363.673828125
v -1973.518310546875 391.11383056640625 -24363.673828125
v -1977.5313720703125 391.8409423828125 -24362.302734375
v -1976.6944580078125 392.48883056640625 -24362.939453125
v -1974.8388671875 390.09161376953125 -24362.939453125
v -1976.2625732421875 392.82315063476562 -24363.212890625
v -1974.4068603515625 390.42593383789062 -24363.212890625
v -1975.67578125 389.44375610351562 -24362.302734375
v -1977.1180419921875 392.16094970703125 -24362.63671875
v -1975.2623291015625 389.76373291015625 -24362.63671875
v -1979.0318603515625 390.67947387695312 -24360.724609375
v -1978.311767578125 391.2369384765625 -24361.564453125
v -1976.4560546875 388.8397216796875 -24361.564453125
v -1977.92822265625 391.53372192382812 -24361.947265625
v -1976.0726318359375 389.13653564453125 -24361.947265625
v -1977.17626953125 388.28225708007812 -24360.724609375
v -1978.6800537109375 390.9517822265625 -24361.15625
v -1976.824462890625 388.5545654296875 -24361.15625
v -1980.2474365234375 389.73855590820312 -24358.796875
v -1979.68017578125 390.17758178710938 -24359.796875
v -1977.8245849609375 387.7803955078125 -24359.796875
v -1979.3656005859375 390.42108154296875 -24360.271484375
v -1977.510009765625 388.02389526367188 -24360.271484375
v -1978.3917236328125 387.34133911132812 -24358.796875
v -1979.974365234375 389.9498291015625 -24359.3046875
v -1978.1187744140625 387.55264282226562 -24359.3046875
v -1981.1143798828125 389.06744384765625 -24356.6484375
v -1980.7266845703125 389.36752319335938 -24357.740234375
v -1978.87109375 386.9703369140625 -24357.740234375
v -1980.498291015625 389.5443115234375 -24358.275390625
v -1978.6427001953125 387.1470947265625 -24358.275390625
v -1979.2586669921875 386.67022705078125 -24356.6484375
v -1980.93212890625 389.20852661132812 -24357.197265625
v -1979.076416015625 386.81130981445312 -24357.197265625
v -1981.6141357421875 388.68057250976562 -24354.41796875
v -1981.4095458984375 388.83892822265625 -24355.53515625
v -1979.553955078125 386.44174194335938 -24355.53515625
v -1981.2734375 388.94427490234375 -24356.091796875
v -1979.4178466796875 386.54708862304688 -24356.091796875
v -1979.758544921875 386.28335571289062 -24354.41796875
v -1981.52294921875 388.75115966796875 -24354.9765625
v -1979.6673583984375 386.35394287109375 -24354.9765625
v -1981.7322998046875 388.589111328125 -24353.31640625
v -1979.876708984375 386.19189453125 -24353.31640625
v -1981.6837158203125 388.62673950195312 -24353.865234375
v -1979.8280029296875 386.22952270507812 -24353.865234375
v -1981.7608642578125 388.56704711914062 -24352.7734375
v -1979.9051513671875 386.16983032226562 -24352.7734375
v -1985.3837890625 393.42977905273438 -24353.966796875
v -1985.0928955078125 393.6549072265625 -24355.65625
v -1984.6148681640625 394.02499389648438 -24357.27734375
v -1983.959228515625 394.53253173828125 -24358.796875
v -1983.1392822265625 395.16720581054688 -24360.181640625
v -1982.171875 395.91604614257812 -24361.404296875
v -1981.07666015625 396.76385498046875 -24362.44140625
v -1979.8758544921875 397.693359375 -24363.26953125
v -1978.593994140625 398.68560791015625 -24363.875
v -1977.2572021484375 399.72042846679688 -24364.2421875
v -1870.415771484375 482.42474365234375 -24352.240234375
v -1887.4271240234375 484.59100341796875 -24352.240234375
v -1870.415771484375 482.42474365234375 -24338.09375
v -1872.010498046875 484.11996459960938 -24338.09375
v -1873.95458984375 485.5111083984375 -24338.09375
v -1876.1884765625 486.51205444335938 -24338.09375
v -1878.59814453125 487.04632568359375 -24338.09375
v -1881.0634765625 487.08184814453125 -24338.09375
v -1883.4344482421875 486.63296508789062 -24338.09375
v -1885.583984375 485.76834106445312 -24338.09375
v -1887.4271240234375 484.59100341796875 -24338.09375
v -1870.415771484375 482.42474365234375 -24323.947265625
v -1872.010498046875 484.11996459960938 -24323.947265625
v -1873.95458984375 485.5111083984375 -24323.947265625
v -1876.1884765625 486.51205444335938 -24323.947265625
v -1878.59814453125 487.04632568359375 -24323.947265625
v -1881.0634765625 487.08184814453125 -24323.947265625
v -1883.4344482421875 486.63296508789062 -24323.947265625
v -1885.583984375 485.76834106445312 -24323.947265625
v -1887.4271240234375 484.59100341796875 -24323.947265625
v -1870.415771484375 482.42474365234375 -24309.798828125
v -1872.010498046875 484.11996459960938 -24309.798828125
v -1873.95458984375 485.5111083984375 -24309.798828125
v -1876.1884765625 486.51205444335938 -24309.798828125
v -1878.59814453125 487.04632568359375 -24309.798828125
v -1881.0634765625 487.08184814453125 -24309.798828125
v -1883.4344482421875 486.63296508789062 -24309.798828125
v -1885.583984375 485.76834106445312 -24309.798828125
v -1887.4271240234375 484.59100341796875 -24309.798828125
v -1870.415771484375 482.42474365234375 -24295.65234375
v -1872.010498046875 484.11996459960938 -24295.65234375
v -1873.95458984375 485.5111083984375 -24295.65234375
v -1876.1884765625 486.51205444335938 -24295.65234375
v -1878.59814453125 487.04632568359375 -24295.65234375
v -1881.0634765625 487.08184814453125 -24295.65234375
v -1883.4344482421875 486.63296508789062 -24295.65234375
v -1885.583984375 485.76834106445312 -24295.65234375
v -1887.4271240234375 484.59100341796875 -24295.65234375
v -1870.415771484375 482.42474365234375 -24281.505859375
v -1872.010498046875 484.11996459960938 -24281.505859375
v -1873.95458984375 485.5111083984375 -24281.505859375
v -1876.1884765625 486.51205444335938 -24281.505859375
v -1878.59814453125 487.04632568359375 -24281.505859375
v -1881.0634765625 487.08184814453125 -24281.505859375
v -1883.4344482421875 486.63296508789062 -24281.505859375
v -1885.583984375 485.76834106445312 -24281.505859375
v -1887.4271240234375 484.59100341796875 -24281.505859375
v -1870.415771484375 482.42474365234375 -24267.359375
v -1887.4271240234375 484.59100341796875 -24267.359375
v -1886.5355224609375 485.21914672851562 -24352.240234375
v -1885.558349609375 485.78155517578125 -24352.240234375
v -1884.502197265625 486.26324462890625 -24352.240234375
v -1883.3763427734375 486.64996337890625 -24352.240234375
v -1882.19384765625 486.92889404296875 -24352.240234375
v -1880.9700927734375 487.08966064453125 -24352.240234375
v -1879.7232666015625 487.12490844726562 -24352.240234375
v -1878.4727783203125 487.03103637695312 -24352.240234375
v -1877.2386474609375 486.80850219726562 -24352.240234375
v -1876.0404052734375 486.4619140625 -24352.240234375
v -1874.8961181640625 485.99960327148438 -24352.240234375
v -1873.8211669921875 485.43316650390625 -24352.240234375
v -1872.8282470703125 484.77667236328125 -24352.240234375
v -1871.926513671875 484.04562377929688 -24352.240234375
v -1871.1214599609375 483.25631713867188 -24352.240234375
v -1886.5472412109375 485.21163940429688 -24338.09375
v -1885.583984375 485.76834106445312 -24345.166015625
v -1886.5472412109375 485.21163940429688 -24345.166015625
v -1886.997802734375 484.90841674804688 -24345.166015625
v -1886.5472412109375 485.21163940429688 -24348.703125
v -1886.997802734375 484.90841674804688 -24348.703125
v -1886.07568359375 485.49887084960938 -24345.166015625
v -1885.583984375 485.76834106445312 -24348.703125
v -1886.07568359375 485.49887084960938 -24348.703125
v -1884.5433349609375 486.2467041015625 -24338.09375
v -1883.4344482421875 486.63296508789062 -24345.166015625
v -1884.5433349609375 486.2467041015625 -24345.166015625
v -1885.07275390625 486.0181884765625 -24345.166015625
v -1884.5433349609375 486.2467041015625 -24348.703125
v -1885.07275390625 486.0181884765625 -24348.703125
v -1883.9967041015625 486.45217895507812 -24345.166015625
v -1883.4344482421875 486.63296508789062 -24348.703125
v -1883.9967041015625 486.45217895507812 -24348.703125
v -1882.26953125 486.91476440429688 -24338.09375
v -1881.0634765625 487.08184814453125 -24345.166015625
v -1882.26953125 486.91476440429688 -24345.166015625
v -1882.858154296875 486.78762817382812 -24345.166015625
v -1882.26953125 486.91476440429688 -24348.703125
v -1882.858154296875 486.78762817382812 -24348.703125
v -1881.670654296875 487.01318359375 -24345.166015625
v -1881.0634765625 487.08184814453125 -24348.703125
v -1881.670654296875 487.01318359375 -24348.703125
v -1879.83349609375 487.126953125 -24338.09375
v -1878.59814453125 487.04632568359375 -24345.166015625
v -1879.83349609375 487.126953125 -24345.166015625
v -1880.4503173828125 487.11996459960938 -24345.166015625
v -1879.83349609375 487.126953125 -24348.703125
v -1880.4503173828125 487.11996459960938 -24348.703125
v -1879.2152099609375 487.10244750976562 -24345.166015625
v -1878.59814453125 487.04632568359375 -24348.703125
v -1879.2152099609375 487.10244750976562 -24348.703125
v -1877.3768310546875 486.84002685546875 -24338.09375
v -1876.1884765625 486.51205444335938 -24345.166015625
v -1877.3768310546875 486.84002685546875 -24345.166015625
v -1877.984619140625 486.958740234375 -24345.166015625
v -1877.3768310546875 486.84002685546875 -24348.703125
v -1877.984619140625 486.958740234375 -24348.703125
v -1876.7774658203125 486.69085693359375 -24345.166015625
v -1876.1884765625 486.51205444335938 -24348.703125
v -1876.7774658203125 486.69085693359375 -24348.703125
v -1875.037841796875 486.0643310546875 -24338.09375
v -1873.95458984375 485.5111083984375 -24345.166015625
v -1875.037841796875 486.0643310546875 -24345.166015625
v -1875.605712890625 486.30215454101562 -24345.166015625
v -1875.037841796875 486.0643310546875 -24348.703125
v -1875.605712890625 486.30215454101562 -24348.703125
v -1874.4869384765625 485.80010986328125 -24345.166015625
v -1873.95458984375 485.5111083984375 -24348.703125
v -1874.4869384765625 485.80010986328125 -24348.703125
v -1872.93603515625 484.8548583984375 -24338.09375
v -1872.010498046875 484.11996459960938 -24345.166015625
v -1872.93603515625 484.8548583984375 -24345.166015625
v -1873.4342041015625 485.19384765625 -24345.166015625
v -1872.93603515625 484.8548583984375 -24348.703125
v -1873.4342041015625 485.19384765625 -24348.703125
v -1872.461181640625 484.49618530273438 -24345.166015625
v -1872.010498046875 484.11996459960938 -24348.703125
v -1872.461181640625 484.49618530273438 -24348.703125
v -1871.1585693359375 483.2960205078125 -24338.09375
v -1871.1585693359375 483.2960205078125 -24345.166015625
v -1871.5709228515625 483.71505737304688 -24345.166015625
v -1871.1585693359375 483.2960205078125 -24348.703125
v -1871.5709228515625 483.71505737304688 -24348.703125
v -1870.7734375 482.86517333984375 -24345.166015625
v -1870.7734375 482.86517333984375 -24348.703125
v -1871.1214599609375 483.25631713867188 -24267.359375
v -1871.926513671875 484.04562377929688 -24267.359375
v -1872.8282470703125 484.77667236328125 -24267.359375
v -1873.8211669921875 485.43316650390625 -24267.359375
v -1874.8961181640625 485.99960327148438 -24267.359375
v -1876.0404052734375 486.4619140625 -24267.359375
v -1877.2386474609375 486.80850219726562 -24267.359375
v -1878.4727783203125 487.03103637695312 -24267.359375
v -1879.7232666015625 487.12490844726562 -24267.359375
v -1880.9700927734375 487.08966064453125 -24267.359375
v -1882.19384765625 486.92889404296875 -24267.359375
v -1883.3763427734375 486.64996337890625 -24267.359375
v -1884.502197265625 486.26324462890625 -24267.359375
v -1885.558349609375 485.78155517578125 -24267.359375
v -1886.5355224609375 485.21914672851562 -24267.359375
v -1872.010498046875 484.11996459960938 -24274.431640625
v -1871.1585693359375 483.2960205078125 -24281.505859375
v -1871.1585693359375 483.2960205078125 -24274.431640625
v -1871.1585693359375 483.2960205078125 -24270.89453125
v -1870.7734375 482.86517333984375 -24274.431640625
v -1870.7734375 482.86517333984375 -24270.89453125
v -1872.010498046875 484.11996459960938 -24270.89453125
v -1871.5709228515625 483.71505737304688 -24274.431640625
v -1871.5709228515625 483.71505737304688 -24270.89453125
v -1873.95458984375 485.5111083984375 -24274.431640625
v -1872.93603515625 484.8548583984375 -24281.505859375
v -1872.93603515625 484.8548583984375 -24274.431640625
v -1872.93603515625 484.8548583984375 -24270.89453125
v -1872.461181640625 484.49618530273438 -24274.431640625
v -1872.461181640625 484.49618530273438 -24270.89453125
v -1873.95458984375 485.5111083984375 -24270.89453125
v -1873.4342041015625 485.19384765625 -24274.431640625
v -1873.4342041015625 485.19384765625 -24270.89453125
v -1876.1884765625 486.51205444335938 -24274.431640625
v -1875.037841796875 486.0643310546875 -24281.505859375
v -1875.037841796875 486.0643310546875 -24274.431640625
v -1875.037841796875 486.0643310546875 -24270.89453125
v -1874.4869384765625 485.80010986328125 -24274.431640625
v -1874.4869384765625 485.80010986328125 -24270.89453125
v -1876.1884765625 486.51205444335938 -24270.89453125
v -1875.605712890625 486.30215454101562 -24274.431640625
v -1875.605712890625 486.30215454101562 -24270.89453125
v -1878.59814453125 487.04632568359375 -24274.431640625
v -1877.3768310546875 486.84002685546875 -24281.505859375
v -1877.3768310546875 486.84002685546875 -24274.431640625
v -1877.3768310546875 486.84002685546875 -24270.89453125
v -1876.7774658203125 486.69085693359375 -24274.431640625
v -1876.7774658203125 486.69085693359375 -24270.89453125
v -1878.59814453125 487.04632568359375 -24270.89453125
v -1877.984619140625 486.958740234375 -24274.431640625
v -1877.984619140625 486.958740234375 -24270.89453125
v -1881.0634765625 487.08184814453125 -24274.431640625
v -1879.83349609375 487.126953125 -24281.505859375
v -1879.83349609375 487.126953125 -24274.431640625
v -1879.83349609375 487.126953125 -24270.89453125
v -1879.2152099609375 487.10244750976562 -24274.431640625
v -1879.2152099609375 487.10244750976562 -24270.89453125
v -1881.0634765625 487.08184814453125 -24270.89453125
v -1880.4503173828125 487.11996459960938 -24274.431640625
v -1880.4503173828125 487.11996459960938 -24270.89453125
v -1883.4344482421875 486.63296508789062 -24274.431640625
v -1882.26953125 486.91476440429688 -24281.505859375
v -1882.26953125 486.91476440429688 -24274.431640625
v -1882.26953125 486.91476440429688 -24270.89453125
v -1881.670654296875 487.01318359375 -24274.431640625
v -1881.670654296875 487.01318359375 -24270.89453125
v -1883.4344482421875 486.63296508789062 -24270.89453125
v -1882.858154296875 486.78762817382812 -24274.431640625
v -1882.858154296875 486.78762817382812 -24270.89453125
v -1885.583984375 485.76834106445312 -24274.431640625
v -1884.5433349609375 486.2467041015625 -24281.505859375
v -1884.5433349609375 486.2467041015625 -24274.431640625
v -1884.5433349609375 486.2467041015625 -24270.89453125
v -1883.9967041015625 486.45217895507812 -24274.431640625
v -1883.9967041015625 486.45217895507812 -24270.89453125
v -1885.583984375 485.76834106445312 -24270.89453125
v -1885.07275390625 486.0181884765625 -24274.431640625
v -1885.07275390625 486.0181884765625 -24270.89453125
v -1886.5472412109375 485.21163940429688 -24281.505859375
v -1886.5472412109375 485.21163940429688 -24274.431640625
v -1886.5472412109375 485.21163940429688 -24270.89453125
v -1886.07568359375 485.49887084960938 -24274.431640625
v -1886.07568359375 485.49887084960938 -24270.89453125
v -1886.997802734375 484.90841674804688 -24274.431640625
v -1886.997802734375 484.90841674804688 -24270.89453125
v -1862.9931640625 472.8359375 -24267.359375
v -1872.58203125 465.41339111328125 -24255.232421875
v -1866.7044677734375 477.63034057617188 -24267.359375
v -1866.881103515625 477.49362182617188 -24265.041015625
v -1867.4234619140625 477.07382202148438 -24262.751953125
v -1868.3358154296875 476.3675537109375 -24260.59375
v -1869.583984375 475.4013671875 -24258.6953125
v -1871.1083984375 474.22137451171875 -24257.158203125
v -1872.8082275390625 472.905517578125 -24256.0625
v -1874.5709228515625 471.54110717773438 -24255.4296875
v -1876.2933349609375 470.20779418945312 -24255.232421875
v -1870.415771484375 482.42474365234375 -24267.359375
v -1880.0045166015625 475.002197265625 -24255.232421875
v -1870.45458984375 482.39471435546875 -24266.26953125
v -1870.5758056640625 482.30081176757812 -24265.15234375
v -1870.785888671875 482.13821411132812 -24264.021484375
v -1871.0889892578125 481.90359497070312 -24262.89453125
v -1871.4869384765625 481.59552001953125 -24261.7890625
v -1871.978759765625 481.21484375 -24260.72265625
v -1872.560302734375 480.76470947265625 -24259.71484375
v -1873.2242431640625 480.250732421875 -24258.783203125
v -1873.9608154296875 479.68060302734375 -24257.9453125
v -1874.7574462890625 479.06387329101562 -24257.208984375
v -1875.6004638671875 478.41131591796875 -24256.587890625
v -1876.4749755859375 477.73440551757812 -24256.083984375
v -1877.3660888671875 477.0445556640625 -24255.701171875
v -1878.259765625 476.35281372070312 -24255.435546875
v -1879.1429443359375 475.66915893554688 -24255.28125
v -1868.7366943359375 479.89080810546875 -24265.041015625
v -1866.7471923828125 477.59725952148438 -24266.21484375
v -1868.6029052734375 479.99444580078125 -24266.21484375
v -1869.279052734375 479.47100830078125 -24262.751953125
v -1867.1041259765625 477.32095336914062 -24263.89453125
v -1868.9598388671875 479.71817016601562 -24263.89453125
v -1870.19140625 478.7647705078125 -24260.59375
v -1867.8330078125 476.75677490234375 -24261.650390625
v -1869.6885986328125 479.15399169921875 -24261.650390625
v -1871.4395751953125 477.798583984375 -24258.6953125
v -1868.920166015625 475.91522216796875 -24259.60546875
v -1870.7757568359375 478.31243896484375 -24259.60546875
v -1872.9639892578125 476.61856079101562 -24257.158203125
v -1870.3173828125 474.83364868164062 -24257.875
v -1872.1729736328125 477.23086547851562 -24257.875
v -1874.663818359375 475.30270385742188 -24256.0625
v -1871.943359375 473.57498168945312 -24256.552734375
v -1873.799072265625 475.97216796875 -24256.552734375
v -1876.426513671875 473.93829345703125 -24255.4296875
v -1873.6885986328125 472.22406005859375 -24255.689453125
v -1875.544189453125 474.62124633789062 -24255.689453125
v -1875.442626953125 470.86624145507812 -24255.28125
v -1877.29833984375 473.263427734375 -24255.28125
v -1871.720458984375 466.08035278320312 -24255.28125
v -1870.837158203125 466.7640380859375 -24255.435546875
v -1869.943603515625 467.45578002929688 -24255.701171875
v -1869.052490234375 468.14559936523438 -24256.083984375
v -1868.177978515625 468.82254028320312 -24256.587890625
v -1867.3349609375 469.47509765625 -24257.208984375
v -1866.5382080078125 470.091796875 -24257.9453125
v -1865.8017578125 470.66192626953125 -24258.783203125
v -1865.1376953125 471.1759033203125 -24259.71484375
v -1864.5562744140625 471.62603759765625 -24260.72265625
v -1864.064453125 472.0067138671875 -24261.7890625
v -1863.66650390625 472.31478881835938 -24262.89453125
v -1863.3634033203125 472.54940795898438 -24264.021484375
v -1863.1533203125 472.71200561523438 -24265.15234375
v -1863.031982421875 472.805908203125 -24266.26953125
v -1872.7152099609375 469.14389038085938 -24255.4296875
v -1873.5870361328125 468.46902465820312 -24255.28125
v -1870.95263671875 470.50830078125 -24256.0625
v -1871.8330078125 469.82684326171875 -24255.689453125
v -1869.252685546875 471.82415771484375 -24257.158203125
v -1870.0877685546875 471.17776489257812 -24256.552734375
v -1867.7283935546875 473.00418090820312 -24258.6953125
v -1868.4617919921875 472.43646240234375 -24257.875
v -1866.480224609375 473.97036743164062 -24260.59375
v -1867.0645751953125 473.51803588867188 -24259.60546875
v -1865.5677490234375 474.67660522460938 -24262.751953125
v -1865.9774169921875 474.35958862304688 -24261.650390625
v -1865.0255126953125 475.09640502929688 -24265.041015625
v -1865.24853515625 474.92376708984375 -24263.89453125
v -1864.8916015625 475.20004272460938 -24266.21484375
v -1862.9931640625 472.8359375 -24352.240234375
v -1865.159423828125 455.8245849609375 -24352.240234375
v -1862.9931640625 472.8359375 -24338.09375
v -1861.751708984375 470.86727905273438 -24338.09375
v -1860.8922119140625 468.63653564453125 -24338.09375
v -1860.483154296875 466.22305297851562 -24338.09375
v -1860.56982421875 463.75640869140625 -24338.09375
v -1861.1533203125 461.36087036132812 -24338.09375
v -1862.1820068359375 459.17803955078125 -24338.09375
v -1863.5577392578125 457.31387329101562 -24338.09375
v -1865.159423828125 455.8245849609375 -24338.09375
v -1862.9931640625 472.8359375 -24323.947265625
v -1861.751708984375 470.86727905273438 -24323.947265625
v -1860.8922119140625 468.63653564453125 -24323.947265625
v -1860.483154296875 466.22305297851562 -24323.947265625
v -1860.56982421875 463.75640869140625 -24323.947265625
v -1861.1533203125 461.36087036132812 -24323.947265625
v -1862.1820068359375 459.17803955078125 -24323.947265625
v -1863.5577392578125 457.31387329101562 -24323.947265625
v -1865.159423828125 455.8245849609375 -24323.947265625
v -1862.9931640625 472.8359375 -24309.798828125
v -1861.751708984375 470.86727905273438 -24309.798828125
v -1860.8922119140625 468.63653564453125 -24309.798828125
v -1860.483154296875 466.22305297851562 -24309.798828125
v -1860.56982421875 463.75640869140625 -24309.798828125
v -1861.1533203125 461.36087036132812 -24309.798828125
v -1862.1820068359375 459.17803955078125 -24309.798828125
v -1863.5577392578125 457.31387329101562 -24309.798828125
v -1865.159423828125 455.8245849609375 -24309.798828125
v -1862.9931640625 472.8359375 -24295.65234375
v -1861.751708984375 470.86727905273438 -24295.65234375
v -1860.8922119140625 468.63653564453125 -24295.65234375
v -1860.483154296875 466.22305297851562 -24295.65234375
v -1860.56982421875 463.75640869140625 -24295.65234375
v -1861.1533203125 461.36087036132812 -24295.65234375
v -1862.1820068359375 459.17803955078125 -24295.65234375
v -1863.5577392578125 457.31387329101562 -24295.65234375
v -1865.159423828125 455.8245849609375 -24295.65234375
v -1862.9931640625 472.8359375 -24281.505859375
v -1861.751708984375 470.86727905273438 -24281.505859375
v -1860.8922119140625 468.63653564453125 -24281.505859375
v -1860.483154296875 466.22305297851562 -24281.505859375
v -1860.56982421875 463.75640869140625 -24281.505859375
v -1861.1533203125 461.36087036132812 -24281.505859375
v -1862.1820068359375 459.17803955078125 -24281.505859375
v -1863.5577392578125 457.31387329101562 -24281.505859375
v -1865.159423828125 455.8245849609375 -24281.505859375
v -1862.9931640625 472.8359375 -24267.359375
v -1865.159423828125 455.8245849609375 -24267.359375
v -1864.327880859375 456.53033447265625 -24352.240234375
v -1863.53857421875 457.33529663085938 -24352.240234375
v -1862.8076171875 458.23709106445312 -24352.240234375
v -1862.1510009765625 459.23004150390625 -24352.240234375
v -1861.5845947265625 460.30496215820312 -24352.240234375
v -1861.122314453125 461.44931030273438 -24352.240234375
v -1860.7757568359375 462.64752197265625 -24352.240234375
v -1860.55322265625 463.88162231445312 -24352.240234375
v -1860.4593505859375 465.13211059570312 -24352.240234375
v -1860.4945068359375 466.37893676757812 -24352.240234375
v -1860.6552734375 467.60263061523438 -24352.240234375
v -1860.9342041015625 468.78518676757812 -24352.240234375
v -1861.3209228515625 469.91098022460938 -24352.240234375
v -1861.8026123046875 470.96722412109375 -24352.240234375
v -1862.3651123046875 471.94430541992188 -24352.240234375
v -1864.338134765625 456.52084350585938 -24338.09375
v -1863.5577392578125 457.31387329101562 -24345.166015625
v -1864.338134765625 456.52084350585938 -24345.166015625
v -1864.74462890625 456.16058349609375 -24345.166015625
v -1864.338134765625 456.52084350585938 -24348.703125
v -1864.74462890625 456.16058349609375 -24348.703125
v -1863.94189453125 456.90533447265625 -24345.166015625
v -1863.5577392578125 457.31387329101562 -24348.703125
v -1863.94189453125 456.90533447265625 -24348.703125
v -1862.8338623046875 458.20138549804688 -24338.09375
v -1862.1820068359375 459.17803955078125 -24345.166015625
v -1862.8338623046875 458.20138549804688 -24345.166015625
v -1863.187744140625 457.74606323242188 -24345.166015625
v -1862.8338623046875 458.20138549804688 -24348.703125
v -1863.187744140625 457.74606323242188 -24348.703125
v -1862.4979248046875 458.67904663085938 -24345.166015625
v -1862.1820068359375 459.17803955078125 -24348.703125
v -1862.4979248046875 458.67904663085938 -24348.703125
v -1861.6173095703125 460.23519897460938 -24338.09375
v -1861.1533203125 461.36087036132812 -24345.166015625
v -1861.6173095703125 460.23519897460938 -24345.166015625
v -1861.8878173828125 459.69723510742188 -24345.166015625
v -1861.6173095703125 460.23519897460938 -24348.703125
v -1861.8878173828125 459.69723510742188 -24348.703125
v -1861.3719482421875 460.79031372070312 -24345.166015625
v -1861.1533203125 461.36087036132812 -24348.703125
v -1861.3719482421875 460.79031372070312 -24348.703125
v -1860.80126953125 462.54034423828125 -24338.09375
v -1860.56982421875 463.75640869140625 -24345.166015625
v -1860.80126953125 462.54034423828125 -24345.166015625
v -1860.962646484375 461.94491577148438 -24345.166015625
v -1860.80126953125 462.54034423828125 -24348.703125
v -1860.962646484375 461.94491577148438 -24348.703125
v -1860.670166015625 463.14495849609375 -24345.166015625
v -1860.56982421875 463.75640869140625 -24348.703125
v -1860.670166015625 463.14495849609375 -24348.703125
v -1860.46337890625 464.99041748046875 -24338.09375
v -1860.483154296875 466.22305297851562 -24345.166015625
v -1860.46337890625 464.99041748046875 -24345.166015625
v -1860.5008544921875 464.37237548828125 -24345.166015625
v -1860.46337890625 464.99041748046875 -24348.703125
v -1860.5008544921875 464.37237548828125 -24348.703125
v -1860.4576416015625 465.60812377929688 -24345.166015625
v -1860.483154296875 466.22305297851562 -24348.703125
v -1860.4576416015625 465.60812377929688 -24348.703125
v -1860.628173828125 467.44921875 -24338.09375
v -1860.8922119140625 468.63653564453125 -24345.166015625
v -1860.628173828125 467.44921875 -24345.166015625
v -1860.540283203125 466.83990478515625 -24345.166015625
v -1860.628173828125 467.44921875 -24348.703125
v -1860.540283203125 466.83990478515625 -24348.703125
v -1860.745849609375 468.04879760742188 -24345.166015625
v -1860.8922119140625 468.63653564453125 -24348.703125
v -1860.745849609375 468.04879760742188 -24348.703125
v -1861.2723388671875 469.78707885742188 -24338.09375
v -1861.751708984375 470.86727905273438 -24345.166015625
v -1861.2723388671875 469.78707885742188 -24345.166015625
v -1861.0689697265625 469.21981811523438 -24345.166015625
v -1861.2723388671875 469.78707885742188 -24348.703125
v -1861.0689697265625 469.21981811523438 -24348.703125
v -1861.50048828125 470.33670043945312 -24345.166015625
v -1861.751708984375 470.86727905273438 -24348.703125
v -1861.50048828125 470.33670043945312 -24348.703125
v -1862.3359375 471.89846801757812 -24338.09375
v -1862.3359375 471.89846801757812 -24345.166015625
v -1862.0335693359375 471.39422607421875 -24345.166015625
v -1862.3359375 471.89846801757812 -24348.703125
v -1862.0335693359375 471.39422607421875 -24348.703125
v -1862.656494140625 472.37924194335938 -24345.166015625
v -1862.656494140625 472.37924194335938 -24348.703125
v -1862.3651123046875 471.94430541992188 -24267.359375
v -1861.8026123046875 470.96722412109375 -24267.359375
v -1861.3209228515625 469.91098022460938 -24267.359375
v -1860.9342041015625 468.78518676757812 -24267.359375
v -1860.6552734375 467.60263061523438 -24267.359375
v -1860.4945068359375 466.37893676757812 -24267.359375
v -1860.4593505859375 465.13211059570312 -24267.359375
v -1860.55322265625 463.88162231445312 -24267.359375
v -1860.7757568359375 462.64752197265625 -24267.359375
v -1861.122314453125 461.44931030273438 -24267.359375
v -1861.5845947265625 460.30496215820312 -24267.359375
v -1862.1510009765625 459.23004150390625 -24267.359375
v -1862.8076171875 458.23709106445312 -24267.359375
v -1863.53857421875 457.33529663085938 -24267.359375
v -1864.327880859375 456.53033447265625 -24267.359375
v -1861.751708984375 470.86727905273438 -24274.431640625
v -1862.3359375 471.89846801757812 -24281.505859375
v -1862.3359375 471.89846801757812 -24274.431640625
v -1862.3359375 471.89846801757812 -24270.89453125
v -1862.656494140625 472.37924194335938 -24274.431640625
v -1862.656494140625 472.37924194335938 -24270.89453125
v -1861.751708984375 470.86727905273438 -24270.89453125
v -1862.0335693359375 471.39422607421875 -24274.431640625
v -1862.0335693359375 471.39422607421875 -24270.89453125
v -1860.8922119140625 468.63653564453125 -24274.431640625
v -1861.2723388671875 469.78707885742188 -24281.505859375
v -1861.2723388671875 469.78707885742188 -24274.431640625
v -1861.2723388671875 469.78707885742188 -24270.89453125
v -1861.50048828125 470.33670043945312 -24274.431640625
v -1861.50048828125 470.33670043945312 -24270.89453125
v -1860.8922119140625 468.63653564453125 -24270.89453125
v -1861.0689697265625 469.21981811523438 -24274.431640625
v -1861.0689697265625 469.21981811523438 -24270.89453125
v -1860.483154296875 466.22305297851562 -24274.431640625
v -1860.628173828125 467.44921875 -24281.505859375
v -1860.628173828125 467.44921875 -24274.431640625
v -1860.628173828125 467.44921875 -24270.89453125
v -1860.745849609375 468.04879760742188 -24274.431640625
v -1860.745849609375 468.04879760742188 -24270.89453125
v -1860.483154296875 466.22305297851562 -24270.89453125
v -1860.540283203125 466.83990478515625 -24274.431640625
v -1860.540283203125 466.83990478515625 -24270.89453125
v -1860.56982421875 463.75640869140625 -24274.431640625
v -1860.46337890625 464.99041748046875 -24281.505859375
v -1860.46337890625 464.99041748046875 -24274.431640625
v -1860.46337890625 464.99041748046875 -24270.89453125
v -1860.4576416015625 465.60812377929688 -24274.431640625
v -1860.4576416015625 465.60812377929688 -24270.89453125
v -1860.56982421875 463.75640869140625 -24270.89453125
v -1860.5008544921875 464.37237548828125 -24274.431640625
v -1860.5008544921875 464.37237548828125 -24270.89453125
v -1861.1533203125 461.36087036132812 -24274.431640625
v -1860.80126953125 462.54034423828125 -24281.505859375
v -1860.80126953125 462.54034423828125 -24274.431640625
v -1860.80126953125 462.54034423828125 -24270.89453125
v -1860.670166015625 463.14495849609375 -24274.431640625
v -1860.670166015625 463.14495849609375 -24270.89453125
v -1861.1533203125 461.36087036132812 -24270.89453125
v -1860.962646484375 461.94491577148438 -24274.431640625
v -1860.962646484375 461.94491577148438 -24270.89453125
v -1862.1820068359375 459.17803955078125 -24274.431640625
v -1861.6173095703125 460.23519897460938 -24281.505859375
v -1861.6173095703125 460.23519897460938 -24274.431640625
v -1861.6173095703125 460.23519897460938 -24270.89453125
v -1861.3719482421875 460.79031372070312 -24274.431640625
v -1861.3719482421875 460.79031372070312 -24270.89453125
v -1862.1820068359375 459.17803955078125 -24270.89453125
v -1861.8878173828125 459.69723510742188 -24274.431640625
v -1861.8878173828125 459.69723510742188 -24270.89453125
v -1863.5577392578125 457.31387329101562 -24274.431640625
v -1862.8338623046875 458.20138549804688 -24281.505859375
v -1862.8338623046875 458.20138549804688 -24274.431640625
v -1862.8338623046875 458.20138549804688 -24270.89453125
v -1862.4979248046875 458.67904663085938 -24274.431640625
v -1862.4979248046875 458.67904663085938 -24270.89453125
v -1863.5577392578125 457.31387329101562 -24270.89453125
v -1863.187744140625 457.74606323242188 -24274.431640625
v -1863.187744140625 457.74606323242188 -24270.89453125
v -1864.338134765625 456.52084350585938 -24281.505859375
v -1864.338134765625 456.52084350585938 -24274.431640625
v -1864.338134765625 456.52084350585938 -24270.89453125
v -1863.94189453125 456.90533447265625 -24274.431640625
v -1863.94189453125 456.90533447265625 -24270.89453125
v -1864.74462890625 456.16058349609375 -24274.431640625
v -1864.74462890625 456.16058349609375 -24270.89453125
v -1880.0045166015625 475.002197265625 -24255.232421875
v -1887.4271240234375 484.59100341796875 -24267.359375
v -1890.6588134765625 466.75491333007812 -24255.232421875
v -1892.076904296875 468.58688354492188 -24255.455078125
v -1893.4786376953125 470.3978271484375 -24256.142578125
v -1894.8001708984375 472.10504150390625 -24257.294921875
v -1895.961669921875 473.60549926757812 -24258.873046875
v -1896.902587890625 474.82101440429688 -24260.80078125
v -1897.57373046875 475.68798828125 -24262.951171875
v -1897.9605712890625 476.18777465820312 -24265.1796875
v -1898.081298828125 476.34371948242188 -24267.359375
v -1901.31298828125 458.50765991210938 -24255.232421875
v -1902.7310791015625 460.339599609375 -24255.455078125
v -1904.1329345703125 462.15054321289062 -24256.142578125
v -1905.4544677734375 463.85775756835938 -24257.294921875
v -1906.615966796875 465.35821533203125 -24258.873046875
v -1907.556884765625 466.57373046875 -24260.80078125
v -1908.2279052734375 467.44073486328125 -24262.951171875
v -1908.6148681640625 467.94049072265625 -24265.1796875
v -1908.735595703125 468.09646606445312 -24267.359375
v -1911.96728515625 450.26040649414062 -24255.232421875
v -1913.38525390625 452.09234619140625 -24255.455078125
v -1914.787109375 453.90328979492188 -24256.142578125
v -1916.108642578125 455.61050415039062 -24257.294921875
v -1917.2701416015625 457.1109619140625 -24258.873046875
v -1918.2110595703125 458.32647705078125 -24260.80078125
v -1918.8822021484375 459.19345092773438 -24262.951171875
v -1919.26904296875 459.6932373046875 -24265.1796875
v -1919.3897705078125 459.84918212890625 -24267.359375
v -1922.6214599609375 442.01312255859375 -24255.232421875
v -1924.03955078125 443.84506225585938 -24255.455078125
v -1925.44140625 445.656005859375 -24256.142578125
v -1926.762939453125 447.36322021484375 -24257.294921875
v -1927.92431640625 448.86367797851562 -24258.873046875
v -1928.865234375 450.07919311523438 -24260.80078125
v -1929.536376953125 450.94619750976562 -24262.951171875
v -1929.9232177734375 451.44595336914062 -24265.1796875
v -1930.0439453125 451.6019287109375 -24267.359375
v -1933.275634765625 433.765869140625 -24255.232421875
v -1934.6937255859375 435.59780883789062 -24255.455078125
v -1936.0955810546875 437.40875244140625 -24256.142578125
v -1937.4171142578125 439.115966796875 -24257.294921875
v -1938.57861328125 440.61642456054688 -24258.873046875
v -1939.51953125 441.83193969726562 -24260.80078125
v -1940.190673828125 442.69891357421875 -24262.951171875
v -1940.5775146484375 443.19869995117188 -24265.1796875
v -1940.6982421875 443.35464477539062 -24267.359375
v -1943.929931640625 425.51858520507812 -24255.232421875
v -1945.3480224609375 427.35052490234375 -24255.455078125
v -1946.749755859375 429.16146850585938 -24256.142578125
v -1948.0712890625 430.86868286132812 -24257.294921875
v -1949.2327880859375 432.369140625 -24258.873046875
v -1950.1737060546875 433.58465576171875 -24260.80078125
v -1950.8448486328125 434.45166015625 -24262.951171875
v -1951.231689453125 434.951416015625 -24265.1796875
v -1951.3524169921875 435.10739135742188 -24267.359375
v -1954.5841064453125 417.27133178710938 -24255.232421875
v -1956.002197265625 419.103271484375 -24255.455078125
v -1957.404052734375 420.91421508789062 -24256.142578125
v -1958.7255859375 422.62142944335938 -24257.294921875
v -1959.8870849609375 424.12188720703125 -24258.873046875
v -1960.8280029296875 425.33740234375 -24260.80078125
v -1961.4990234375 426.20437622070312 -24262.951171875
v -1961.885986328125 426.70416259765625 -24265.1796875
v -1962.0067138671875 426.860107421875 -24267.359375
v -1965.2384033203125 409.0240478515625 -24255.232421875
v -1966.6563720703125 410.85598754882812 -24255.455078125
v -1968.0582275390625 412.66693115234375 -24256.142578125
v -1969.3797607421875 414.3741455078125 -24257.294921875
v -1970.541259765625 415.87460327148438 -24258.873046875
v -1971.482177734375 417.09011840820312 -24260.80078125
v -1972.1533203125 417.95712280273438 -24262.951171875
v -1972.5401611328125 418.45687866210938 -24265.1796875
v -1972.660888671875 418.61285400390625 -24267.359375
v -1975.892578125 400.77679443359375 -24255.232421875
v -1983.3150634765625 410.36557006835938 -24267.359375
v -1887.3970947265625 484.55221557617188 -24266.26953125
v -1887.30322265625 484.430908203125 -24265.15234375
v -1887.140625 484.22085571289062 -24264.021484375
v -1886.906005859375 483.91775512695312 -24262.89453125
v -1886.597900390625 483.519775390625 -24261.7890625
v -1886.2171630859375 483.02798461914062 -24260.72265625
v -1885.76708984375 482.44650268554688 -24259.71484375
v -1885.2530517578125 481.78250122070312 -24258.783203125
v -1884.6829833984375 481.04598999023438 -24257.9453125
v -1884.0662841796875 480.249267578125 -24257.208984375
v -1883.4136962890625 479.40628051757812 -24256.587890625
v -1882.73681640625 478.53176879882812 -24256.083984375
v -1882.046875 477.640625 -24255.701171875
v -1881.355224609375 476.74700927734375 -24255.435546875
v -1880.6715087890625 475.86380004882812 -24255.28125
v -1898.052001953125 476.30593872070312 -24266.283203125
v -1892.6334228515625 480.3114013671875 -24265.1796875
v -1892.7249755859375 480.4295654296875 -24266.283203125
v -1892.7470703125 480.45806884765625 -24266.82421875
v -1890.0614013671875 482.49136352539062 -24266.283203125
v -1890.08349609375 482.5198974609375 -24266.82421875
v -1892.687255859375 480.38095092773438 -24265.734375
v -1889.969970703125 482.37319946289062 -24265.1796875
v -1890.0238037109375 482.4427490234375 -24265.734375
v -1897.80224609375 475.98318481445312 -24264.064453125
v -1892.24658203125 479.81161499023438 -24262.951171875
v -1892.47509765625 480.1068115234375 -24264.064453125
v -1892.5628662109375 480.22021484375 -24264.623046875
v -1889.8115234375 482.16864013671875 -24264.064453125
v -1889.8992919921875 482.28204345703125 -24264.623046875
v -1892.3697509765625 479.97073364257812 -24263.505859375
v -1889.5830078125 481.87344360351562 -24262.951171875
v -1889.7061767578125 482.03253173828125 -24263.505859375
v -1897.273681640625 475.30032348632812 -24261.857421875
v -1891.575439453125 478.94464111328125 -24260.80078125
v -1891.946533203125 479.4239501953125 -24261.857421875
v -1892.10546875 479.62936401367188 -24262.400390625
v -1889.282958984375 481.48577880859375 -24261.857421875
v -1889.4420166015625 481.691162109375 -24262.400390625
v -1891.769775390625 479.19558715820312 -24261.32421875
v -1888.9119873046875 481.0064697265625 -24260.80078125
v -1889.106201171875 481.25741577148438 -24261.32421875
v -1896.463623046875 474.25384521484375 -24259.80078125
v -1890.634521484375 477.7291259765625 -24258.873046875
v -1891.136474609375 478.37747192382812 -24259.80078125
v -1891.3642578125 478.67169189453125 -24260.29296875
v -1888.472900390625 480.43930053710938 -24259.80078125
v -1888.70068359375 480.7335205078125 -24260.29296875
v -1890.8929443359375 478.06292724609375 -24259.328125
v -1887.9710693359375 479.79092407226562 -24258.873046875
v -1888.2293701171875 480.12472534179688 -24259.328125
v -1895.404296875 472.88534545898438 -24258.03515625
v -1889.47314453125 476.22866821289062 -24257.294921875
v -1890.0771484375 477.00897216796875 -24258.03515625
v -1890.3623046875 477.37734985351562 -24258.44140625
v -1887.41357421875 479.07080078125 -24258.03515625
v -1887.69873046875 479.43914794921875 -24258.44140625
v -1889.7802734375 476.62554931640625 -24257.65234375
v -1886.8095703125 478.29046630859375 -24257.294921875
v -1887.11669921875 478.68734741210938 -24257.65234375
v -1894.15234375 471.26806640625 -24256.66015625
v -1888.151611328125 474.52145385742188 -24256.142578125
v -1888.8251953125 475.3917236328125 -24256.66015625
v -1889.153076171875 475.81527709960938 -24256.962890625
v -1886.16162109375 477.45352172851562 -24256.66015625
v -1886.489501953125 477.87710571289062 -24256.962890625
v -1888.4908447265625 474.95980834960938 -24256.384765625
v -1885.488037109375 476.583251953125 -24256.142578125
v -1885.827392578125 477.02163696289062 -24256.384765625
v -1892.7794189453125 469.49441528320312 -24255.73828125
v -1886.749755859375 472.71051025390625 -24255.455078125
v -1887.4522705078125 473.6180419921875 -24255.73828125
v -1887.802978515625 474.0711669921875 -24255.923828125
v -1884.7886962890625 475.67987060546875 -24255.73828125
v -1885.1395263671875 476.13299560546875 -24255.923828125
v -1887.1007080078125 473.16390991210938 -24255.58203125
v -1884.086181640625 474.7723388671875 -24255.455078125
v -1884.4371337890625 475.22573852539062 -24255.58203125
v -1891.35888671875 467.6593017578125 -24255.287109375
v -1886.03173828125 471.78292846679688 -24255.287109375
v -1886.3890380859375 472.24456787109375 -24255.35546875
v -1883.3681640625 473.84475708007812 -24255.287109375
v -1883.7255859375 474.306396484375 -24255.35546875
v -1885.6788330078125 471.32711791992188 -24255.24609375
v -1883.015380859375 473.38894653320312 -24255.24609375
v -1976.5595703125 401.63836669921875 -24255.28125
v -1977.2431640625 402.52157592773438 -24255.435546875
v -1977.9349365234375 403.41522216796875 -24255.701171875
v -1978.624755859375 404.30636596679688 -24256.083984375
v -1979.3017578125 405.18087768554688 -24256.587890625
v -1979.9542236328125 406.02386474609375 -24257.208984375
v -1980.5709228515625 406.82058715820312 -24257.9453125
v -1981.14111328125 407.55709838867188 -24258.783203125
v -1981.655029296875 408.2210693359375 -24259.71484375
v -1982.105224609375 408.80255126953125 -24260.72265625
v -1982.48583984375 409.29437255859375 -24261.7890625
v -1982.7939453125 409.69232177734375 -24262.89453125
v -1983.028564453125 409.99545288085938 -24264.021484375
v -1983.191162109375 410.20550537109375 -24265.15234375
v -1983.2850341796875 410.3267822265625 -24266.26953125
v -1971.9835205078125 406.73236083984375 -24255.455078125
v -1965.9383544921875 409.92840576171875 -24255.287109375
v -1971.2655029296875 405.80477905273438 -24255.287109375
v -1973.9290771484375 403.74298095703125 -24255.287109375
v -1970.9127197265625 405.34896850585938 -24255.24609375
v -1973.576171875 403.28713989257812 -24255.24609375
v -1974.6470947265625 404.6705322265625 -24255.455078125
v -1971.6229248046875 406.26644897460938 -24255.35546875
v -1974.286376953125 404.20462036132812 -24255.35546875
v -1973.3853759765625 408.54330444335938 -24256.142578125
v -1967.35888671875 411.7635498046875 -24255.73828125
v -1972.68603515625 407.639892578125 -24255.73828125
v -1975.349609375 405.57809448242188 -24255.73828125
v -1972.33447265625 407.18576049804688 -24255.58203125
v -1974.998046875 405.12393188476562 -24255.58203125
v -1976.0489501953125 406.48147583007812 -24256.142578125
v -1973.036865234375 408.09304809570312 -24255.923828125
v -1975.7003173828125 406.03121948242188 -24255.923828125
v -1974.7069091796875 410.25051879882812 -24257.294921875
v -1968.73193359375 413.53720092773438 -24256.66015625
v -1974.0589599609375 409.41357421875 -24256.66015625
v -1976.7225341796875 407.35174560546875 -24256.66015625
v -1973.7247314453125 408.98165893554688 -24256.384765625
v -1976.38818359375 406.91986083984375 -24256.384765625
v -1977.3704833984375 408.18869018554688 -24257.294921875
v -1974.3868408203125 409.83712768554688 -24256.962890625
v -1977.0504150390625 407.77532958984375 -24256.962890625
v -1975.868408203125 411.7509765625 -24258.873046875
v -1969.9837646484375 415.15444946289062 -24258.03515625
v -1975.3109130859375 411.03082275390625 -24258.03515625
v -1977.9744873046875 408.968994140625 -24258.03515625
v -1975.01416015625 410.64739990234375 -24257.65234375
v -1977.6776123046875 408.5855712890625 -24257.65234375
v -1978.531982421875 409.68914794921875 -24258.873046875
v -1975.5960693359375 411.39920043945312 -24258.44140625
v -1978.2596435546875 409.33737182617188 -24258.44140625
v -1976.809326171875 412.96649169921875 -24260.80078125
v -1971.0430908203125 416.52294921875 -24259.80078125
v -1976.3702392578125 412.39932250976562 -24259.80078125
v -1979.0338134765625 410.33749389648438 -24259.80078125
v -1976.126708984375 412.08477783203125 -24259.328125
v -1978.790283203125 410.02294921875 -24259.328125
v -1979.472900390625 410.90469360351562 -24260.80078125
v -1976.5980224609375 412.69354248046875 -24260.29296875
v -1979.2615966796875 410.6317138671875 -24260.29296875
v -1977.4803466796875 413.83346557617188 -24262.951171875
v -1971.8531494140625 417.56942749023438 -24261.857421875
v -1977.1802978515625 413.44580078125 -24261.857421875
v -1979.8438720703125 411.38397216796875 -24261.857421875
v -1977.0035400390625 413.21743774414062 -24261.32421875
v -1979.6671142578125 411.15560913085938 -24261.32421875
v -1980.1439208984375 411.77166748046875 -24262.951171875
v -1977.33935546875 413.65121459960938 -24262.400390625
v -1980.0029296875 411.58938598632812 -24262.400390625
v -1977.8673095703125 414.333251953125 -24265.1796875
v -1972.3818359375 418.2523193359375 -24264.064453125
v -1977.7088623046875 414.128662109375 -24264.064453125
v -1980.3724365234375 412.06686401367188 -24264.064453125
v -1977.603515625 413.99258422851562 -24263.505859375
v -1980.26708984375 411.93075561523438 -24263.505859375
v -1980.5308837890625 412.27142333984375 -24265.1796875
v -1977.796630859375 414.2420654296875 -24264.623046875
v -1980.460205078125 412.18026733398438 -24264.623046875
v -1972.631591796875 418.57504272460938 -24266.283203125
v -1977.958740234375 414.451416015625 -24266.283203125
v -1980.622314453125 412.38958740234375 -24266.283203125
v -1977.921142578125 414.40280151367188 -24265.734375
v -1980.5845947265625 412.34097290039062 -24265.734375
v -1977.9808349609375 414.47991943359375 -24266.82421875
v -1980.6444091796875 412.4180908203125 -24266.82421875
v -1968.469970703125 391.18798828125 -24255.232421875
v -1978.058837890625 383.76544189453125 -24267.359375
v -1972.1812744140625 395.98239135742188 -24255.232421875
v -1974.01318359375 394.56430053710938 -24255.455078125
v -1975.82421875 393.1624755859375 -24256.142578125
v -1977.5313720703125 391.8409423828125 -24257.294921875
v -1979.0318603515625 390.67947387695312 -24258.873046875
v -1980.2474365234375 389.73855590820312 -24260.80078125
v -1981.1143798828125 389.06744384765625 -24262.951171875
v -1981.6141357421875 388.68057250976562 -24265.1796875
v -1981.7701416015625 388.55984497070312 -24267.359375
v -1975.892578125 400.77679443359375 -24255.232421875
v -1985.4813232421875 393.354248046875 -24267.359375
v -1976.754150390625 400.10983276367188 -24255.28125
v -1977.6373291015625 399.4261474609375 -24255.435546875
v -1978.531005859375 398.73440551757812 -24255.701171875
v -1979.422119140625 398.04458618164062 -24256.083984375
v -1980.296630859375 397.36764526367188 -24256.587890625
v -1981.1396484375 396.715087890625 -24257.208984375
v -1981.9364013671875 396.09835815429688 -24257.9453125
v -1982.6728515625 395.52825927734375 -24258.783203125
v -1983.3369140625 395.01425170898438 -24259.71484375
v -1983.9183349609375 394.56414794921875 -24260.72265625
v -1984.41015625 394.18344116210938 -24261.7890625
v -1984.80810546875 393.87539672851562 -24262.89453125
v -1985.1112060546875 393.6407470703125 -24264.021484375
v -1985.3212890625 393.4781494140625 -24265.15234375
v -1985.442626953125 393.38427734375 -24266.26953125
v -1975.868896484375 396.96148681640625 -24255.455078125
v -1973.085693359375 395.28231811523438 -24255.287109375
v -1974.9412841796875 397.67953491210938 -24255.287109375
v -1977.6798095703125 395.5596923828125 -24256.142578125
v -1974.9207763671875 393.86178588867188 -24255.73828125
v -1976.7763671875 396.25897216796875 -24255.73828125
v -1979.3870849609375 394.2381591796875 -24257.294921875
v -1976.6944580078125 392.48883056640625 -24256.66015625
v -1978.550048828125 394.88601684570312 -24256.66015625
v -1980.887451171875 393.07666015625 -24258.873046875
v -1978.311767578125 391.2369384765625 -24258.03515625
v -1980.1673583984375 393.63412475585938 -24258.03515625
v -1982.10302734375 392.1357421875 -24260.80078125
v -1979.68017578125 390.17758178710938 -24259.80078125
v -1981.535888671875 392.57479858398438 -24259.80078125
v -1982.969970703125 391.46463012695312 -24262.951171875
v -1980.7266845703125 389.36752319335938 -24261.857421875
v -1982.582275390625 391.76473999023438 -24261.857421875
v -1983.4697265625 391.0777587890625 -24265.1796875
v -1981.4095458984375 388.83892822265625 -24264.064453125
v -1983.26513671875 391.23614501953125 -24264.064453125
v -1981.7322998046875 388.589111328125 -24266.283203125
v -1983.587890625 390.98629760742188 -24266.283203125
v -1978.02001953125 383.79547119140625 -24266.26953125
v -1977.8988037109375 383.88934326171875 -24265.15234375
v -1977.688720703125 384.05194091796875 -24264.021484375
v -1977.3856201171875 384.28659057617188 -24262.89453125
v -1976.987548828125 384.59466552734375 -24261.7890625
v -1976.495849609375 384.975341796875 -24260.72265625
v -1975.914306640625 385.42547607421875 -24259.71484375
v -1975.2503662109375 385.939453125 -24258.783203125
v -1974.5137939453125 386.50955200195312 -24257.9453125
v -1973.7171630859375 387.12628173828125 -24257.208984375
v -1972.8741455078125 387.77883911132812 -24256.587890625
v -1971.9996337890625 388.45578002929688 -24256.083984375
v -1971.1085205078125 389.14559936523438 -24255.701171875
v -1970.21484375 389.83734130859375 -24255.435546875
v -1969.3316650390625 390.52102661132812 -24255.28125
v -1979.758544921875 386.28335571289062 -24265.1796875
v -1979.876708984375 386.19189453125 -24266.283203125
v -1979.2586669921875 386.67022705078125 -24262.951171875
v -1979.553955078125 386.44174194335938 -24264.064453125
v -1978.3917236328125 387.34133911132812 -24260.80078125
v -1978.87109375 386.9703369140625 -24261.857421875
v -1977.17626953125 388.28225708007812 -24258.873046875
v -1977.8245849609375 387.7803955078125 -24259.80078125
v -1975.67578125 389.44375610351562 -24257.294921875
v -1976.4560546875 388.8397216796875 -24258.03515625
v -1973.968505859375 390.76528930664062 -24256.142578125
v -1974.8388671875 390.09161376953125 -24256.66015625
v -1972.1575927734375 392.1671142578125 -24255.455078125
v -1973.065185546875 391.46456909179688 -24255.73828125
v -1971.22998046875 392.8851318359375 -24255.287109375
v -1872.58203125 465.41339111328125 -24255.232421875
v -1865.159423828125 455.8245849609375 -24267.359375
v -1883.2362060546875 457.1661376953125 -24255.232421875
v -1881.818115234375 455.33416748046875 -24255.455078125
v -1880.4163818359375 453.52325439453125 -24256.142578125
v -1879.0948486328125 451.8160400390625 -24257.294921875
v -1877.933349609375 450.31558227539062 -24258.873046875
v -1876.992431640625 449.10003662109375 -24260.80078125
v -1876.3212890625 448.23306274414062 -24262.951171875
v -1875.9344482421875 447.73330688476562 -24265.1796875
v -1875.813720703125 447.57733154296875 -24267.359375
v -1893.8905029296875 448.91885375976562 -24255.232421875
v -1892.472412109375 447.0869140625 -24255.455078125
v -1891.070556640625 445.27597045898438 -24256.142578125
v -1889.7490234375 443.56875610351562 -24257.294921875
v -1888.5875244140625 442.06829833984375 -24258.873046875
v -1887.6466064453125 440.852783203125 -24260.80078125
v -1886.9754638671875 439.98580932617188 -24262.951171875
v -1886.588623046875 439.48602294921875 -24265.1796875
v -1886.4678955078125 439.33004760742188 -24267.359375
v -1904.544677734375 440.67160034179688 -24255.232421875
v -1903.1265869140625 438.83963012695312 -24255.455078125
v -1901.7247314453125 437.02871704101562 -24256.142578125
v -1900.4033203125 435.32150268554688 -24257.294921875
v -1899.2418212890625 433.821044921875 -24258.873046875
v -1898.3009033203125 432.60549926757812 -24260.80078125
v -1897.6297607421875 431.738525390625 -24262.951171875
v -1897.242919921875 431.23876953125 -24265.1796875
v -1897.1221923828125 431.08279418945312 -24267.359375
v -1915.1988525390625 432.42431640625 -24255.232421875
v -1913.7808837890625 430.59237670898438 -24255.455078125
v -1912.3790283203125 428.78143310546875 -24256.142578125
v -1911.0574951171875 427.07421875 -24257.294921875
v -1909.89599609375 425.57376098632812 -24258.873046875
v -1908.955078125 424.35824584960938 -24260.80078125
v -1908.283935546875 423.49127197265625 -24262.951171875
v -1907.8970947265625 422.99148559570312 -24265.1796875
v -1907.7763671875 422.83551025390625 -24267.359375
v -1925.8531494140625 424.17706298828125 -24255.232421875
v -1924.43505859375 422.34512329101562 -24255.455078125
v -1923.033203125 420.5341796875 -24256.142578125
v -1921.711669921875 418.82696533203125 -24257.294921875
v -1920.5501708984375 417.32650756835938 -24258.873046875
v -1919.6092529296875 416.1109619140625 -24260.80078125
v -1918.938232421875 415.24398803710938 -24262.951171875
v -1918.55126953125 414.74423217773438 -24265.1796875
v -1918.4305419921875 414.5882568359375 -24267.359375
v -1936.50732421875 415.92977905273438 -24255.232421875
v -1935.0892333984375 414.09783935546875 -24255.455078125
v -1933.6875 412.28689575195312 -24256.142578125
v -1932.365966796875 410.57968139648438 -24257.294921875
v -1931.2044677734375 409.0792236328125 -24258.873046875
v -1930.2635498046875 407.86370849609375 -24260.80078125
v -1929.5924072265625 406.99673461914062 -24262.951171875
v -1929.20556640625 406.4969482421875 -24265.1796875
v -1929.0848388671875 406.34097290039062 -24267.359375
v -1947.16162109375 407.68252563476562 -24255.232421875
v -1945.7435302734375 405.8505859375 -24255.455078125
v -1944.3416748046875 404.03964233398438 -24256.142578125
v -1943.0201416015625 402.33242797851562 -24257.294921875
v -1941.858642578125 400.83197021484375 -24258.873046875
v -1940.917724609375 399.61642456054688 -24260.80078125
v -1940.24658203125 398.74945068359375 -24262.951171875
v -1939.8597412109375 398.24969482421875 -24265.1796875
v -1939.739013671875 398.09371948242188 -24267.359375
v -1957.8157958984375 399.43524169921875 -24255.232421875
v -1956.397705078125 397.60330200195312 -24255.455078125
v -1954.995849609375 395.7923583984375 -24256.142578125
v -1953.67431640625 394.08514404296875 -24257.294921875
v -1952.512939453125 392.58468627929688 -24258.873046875
v -1951.572021484375 391.36917114257812 -24260.80078125
v -1950.90087890625 390.502197265625 -24262.951171875
v -1950.5140380859375 390.00241088867188 -24265.1796875
v -1950.393310546875 389.846435546875 -24267.359375
v -1968.469970703125 391.18798828125 -24255.232421875
v -1961.0474853515625 381.59918212890625 -24267.359375
v -1865.2349853515625 455.92218017578125 -24265.6328125
v -1865.4600830078125 456.2130126953125 -24263.94140625
v -1865.8302001953125 456.69110107421875 -24262.3203125
v -1866.3377685546875 457.34677124023438 -24260.802734375
v -1866.972412109375 458.16665649414062 -24259.41796875
v -1867.7213134765625 459.13406372070312 -24258.193359375
v -1868.569091796875 460.22930908203125 -24257.158203125
v -1869.49853515625 461.4300537109375 -24256.328125
v -1870.4908447265625 462.7119140625 -24255.724609375
v -1871.525634765625 464.04876708984375 -24255.35546875
v -1875.843017578125 447.61514282226562 -24266.283203125
v -1870.6072998046875 451.85693359375 -24265.1796875
v -1870.515869140625 451.73876953125 -24266.283203125
v -1876.0927734375 447.9378662109375 -24264.064453125
v -1870.994140625 452.356689453125 -24262.951171875
v -1870.765625 452.06149291992188 -24264.064453125
v -1876.621337890625 448.6207275390625 -24261.857421875
v -1871.665283203125 453.22369384765625 -24260.80078125
v -1871.2943115234375 452.744384765625 -24261.857421875
v -1877.431396484375 449.66720581054688 -24259.80078125
v -1872.606201171875 454.439208984375 -24258.873046875
v -1872.1043701171875 453.79086303710938 -24259.80078125
v -1878.4908447265625 451.03570556640625 -24258.03515625
v -1873.7677001953125 455.93966674804688 -24257.294921875
v -1873.1636962890625 455.15936279296875 -24258.03515625
v -1879.74267578125 452.65298461914062 -24256.66015625
v -1875.0892333984375 457.64688110351562 -24256.142578125
v -1874.41552734375 456.776611328125 -24256.66015625
v -1881.1156005859375 454.4266357421875 -24255.73828125
v -1876.4910888671875 459.45782470703125 -24255.455078125
v -1875.78857421875 458.55026245117188 -24255.73828125
v -1882.5361328125 456.26174926757812 -24255.287109375
v -1877.2091064453125 460.38540649414062 -24255.287109375
v -1967.4136962890625 389.8233642578125 -24255.35546875
v -1966.37890625 388.48651123046875 -24255.724609375
v -1965.3865966796875 387.20465087890625 -24256.328125
v -1964.4571533203125 386.00387573242188 -24257.158203125
v -1963.6092529296875 384.90866088867188 -24258.193359375
v -1962.8604736328125 383.94125366210938 -24259.41796875
v -1962.225830078125 383.12136840820312 -24260.802734375
v -1961.71826171875 382.4656982421875 -24262.3203125
v -1961.34814453125 381.98757934570312 -24263.94140625
v -1961.123046875 381.69677734375 -24265.6328125
v -1961.724853515625 393.47967529296875 -24255.455078125
v -1957.11572265625 398.5308837890625 -24255.287109375
v -1962.44287109375 394.40725708007812 -24255.287109375
v -1960.322998046875 391.66873168945312 -24256.142578125
v -1955.6951904296875 396.69577026367188 -24255.73828125
v -1961.0223388671875 392.57211303710938 -24255.73828125
v -1959.00146484375 389.96151733398438 -24257.294921875
v -1954.322265625 394.92208862304688 -24256.66015625
v -1959.6494140625 390.7984619140625 -24256.66015625
v -1957.8399658203125 388.4610595703125 -24258.873046875
v -1953.0703125 393.30484008789062 -24258.03515625
v -1958.3974609375 389.18121337890625 -24258.03515625
v -1956.8990478515625 387.24554443359375 -24260.80078125
v -1952.010986328125 391.93634033203125 -24259.80078125
v -1957.338134765625 387.81271362304688 -24259.80078125
v -1956.22802734375 386.3785400390625 -24262.951171875
v -1951.200927734375 390.88986206054688 -24261.857421875
v -1956.528076171875 386.7662353515625 -24261.857421875
v -1955.841064453125 385.8787841796875 -24265.1796875
v -1950.67236328125 390.20700073242188 -24264.064453125
v -1955.99951171875 386.0833740234375 -24264.064453125
v -1950.4224853515625 389.88424682617188 -24266.283203125
v -1955.7496337890625 385.7606201171875 -24266.283203125
v -1985.4813232421875 393.354248046875 -24267.359375
v -1983.3150634765625 410.36557006835938 -24267.359375
v -1985.4813232421875 393.354248046875 -24281.505859375
v -1986.7227783203125 395.32290649414062 -24281.505859375
v -1987.582275390625 397.55364990234375 -24281.505859375
v -1987.991455078125 399.96710205078125 -24281.505859375
v -1987.90478515625 402.43374633789062 -24281.505859375
v -1987.3212890625 404.82928466796875 -24281.505859375
v -1986.2926025390625 407.01211547851562 -24281.505859375
v -1984.916748046875 408.87631225585938 -24281.505859375
v -1983.3150634765625 410.36557006835938 -24281.505859375
v -1985.4813232421875 393.354248046875 -24295.65234375
v -1986.7227783203125 395.32290649414062 -24295.65234375
v -1987.582275390625 397.55364990234375 -24295.65234375
v -1987.991455078125 399.96710205078125 -24295.65234375
v -1987.90478515625 402.43374633789062 -24295.65234375
v -1987.3212890625 404.82928466796875 -24295.65234375
v -1986.2926025390625 407.01211547851562 -24295.65234375
v -1984.916748046875 408.87631225585938 -24295.65234375
v -1983.3150634765625 410.36557006835938 -24295.65234375
v -1985.4813232421875 393.354248046875 -24309.798828125
v -1986.7227783203125 395.32290649414062 -24309.798828125
v -1987.582275390625 397.55364990234375 -24309.798828125
v -1987.991455078125 399.96710205078125 -24309.798828125
v -1987.90478515625 402.43374633789062 -24309.798828125
v -1987.3212890625 404.82928466796875 -24309.798828125
v -1986.2926025390625 407.01211547851562 -24309.798828125
v -1984.916748046875 408.87631225585938 -24309.798828125
v -1983.3150634765625 410.36557006835938 -24309.798828125
v -1985.4813232421875 393.354248046875 -24323.947265625
v -1986.7227783203125 395.32290649414062 -24323.947265625
v -1987.582275390625 397.55364990234375 -24323.947265625
v -1987.991455078125 399.96710205078125 -24323.947265625
v -1987.90478515625 402.43374633789062 -24323.947265625
v -1987.3212890625 404.82928466796875 -24323.947265625
v -1986.2926025390625 407.01211547851562 -24323.947265625
v -1984.916748046875 408.87631225585938 -24323.947265625
v -1983.3150634765625 410.36557006835938 -24323.947265625
v -1985.4813232421875 393.354248046875 -24338.09375
v -1986.7227783203125 395.32290649414062 -24338.09375
v -1987.582275390625 397.55364990234375 -24338.09375
v -1987.991455078125 399.96710205078125 -24338.09375
v -1987.90478515625 402.43374633789062 -24338.09375
v -1987.3212890625 404.82928466796875 -24338.09375
v -1986.2926025390625 407.01211547851562 -24338.09375
v -1984.916748046875 408.87631225585938 -24338.09375
v -1983.3150634765625 410.36557006835938 -24338.09375
v -1985.4813232421875 393.354248046875 -24352.240234375
v -1983.3150634765625 410.36557006835938 -24352.240234375
v -1986.1094970703125 394.245849609375 -24352.240234375
v -1986.671875 395.22296142578125 -24352.240234375
v -1987.153564453125 396.27920532226562 -24352.240234375
v -1987.540283203125 397.40496826171875 -24352.240234375
v -1987.8193359375 398.58755493164062 -24352.240234375
v -1987.97998046875 399.81121826171875 -24352.240234375
v -1988.0152587890625 401.05807495117188 -24352.240234375
v -1987.92138671875 402.30856323242188 -24352.240234375
v -1987.6988525390625 403.54266357421875 -24352.240234375
v -1987.352294921875 404.74087524414062 -24352.240234375
v -1986.8900146484375 405.88522338867188 -24352.240234375
v -1986.3236083984375 406.96014404296875 -24352.240234375
v -1985.6669921875 407.95306396484375 -24352.240234375
v -1984.93603515625 408.8548583984375 -24352.240234375
v -1984.146728515625 409.65985107421875 -24352.240234375
v -1986.7227783203125 395.32290649414062 -24345.166015625
v -1986.138671875 394.29168701171875 -24338.09375
v -1986.138671875 394.29168701171875 -24345.166015625
v -1986.138671875 394.29168701171875 -24348.703125
v -1985.818115234375 393.8109130859375 -24345.166015625
v -1985.818115234375 393.8109130859375 -24348.703125
v -1986.7227783203125 395.32290649414062 -24348.703125
v -1986.4410400390625 394.79595947265625 -24345.166015625
v -1986.4410400390625 394.79595947265625 -24348.703125
v -1987.582275390625 397.55364990234375 -24345.166015625
v -1987.2022705078125 396.40310668945312 -24338.09375
v -1987.2022705078125 396.40310668945312 -24345.166015625
v -1987.2022705078125 396.40310668945312 -24348.703125
v -1986.97412109375 395.85348510742188 -24345.166015625
v -1986.97412109375 395.85348510742188 -24348.703125
v -1987.582275390625 397.55364990234375 -24348.703125
v -1987.4056396484375 396.97036743164062 -24345.166015625
v -1987.4056396484375 396.97036743164062 -24348.703125
v -1987.991455078125 399.96710205078125 -24345.166015625
v -1987.846435546875 398.74093627929688 -24338.09375
v -1987.846435546875 398.74093627929688 -24345.166015625
v -1987.846435546875 398.74093627929688 -24348.703125
v -1987.7286376953125 398.14138793945312 -24345.166015625
v -1987.7286376953125 398.14138793945312 -24348.703125
v -1987.991455078125 399.96710205078125 -24348.703125
v -1987.934326171875 399.35025024414062 -24345.166015625
v -1987.934326171875 399.35025024414062 -24348.703125
v -1987.90478515625 402.43374633789062 -24345.166015625
v -1988.0111083984375 401.19976806640625 -24338.09375
v -1988.0111083984375 401.19976806640625 -24345.166015625
v -1988.0111083984375 401.19976806640625 -24348.703125
v -1988.0169677734375 400.58206176757812 -24345.166015625
v -1988.0169677734375 400.58206176757812 -24348.703125
v -1987.90478515625 402.43374633789062 -24348.703125
v -1987.9737548828125 401.81781005859375 -24345.166015625
v -1987.9737548828125 401.81781005859375 -24348.703125
v -1987.3212890625 404.82928466796875 -24345.166015625
v -1987.6732177734375 403.64984130859375 -24338.09375
v -1987.6732177734375 403.64984130859375 -24345.166015625
v -1987.6732177734375 403.64984130859375 -24348.703125
v -1987.804443359375 403.04522705078125 -24345.166015625
v -1987.804443359375 403.04522705078125 -24348.703125
v -1987.3212890625 404.82928466796875 -24348.703125
v -1987.5118408203125 404.24526977539062 -24345.166015625
v -1987.5118408203125 404.24526977539062 -24348.703125
v -1986.2926025390625 407.01211547851562 -24345.166015625
v -1986.8572998046875 405.95498657226562 -24338.09375
v -1986.8572998046875 405.95498657226562 -24345.166015625
v -1986.8572998046875 405.95498657226562 -24348.703125
v -1987.1026611328125 405.39984130859375 -24345.166015625
v -1987.1026611328125 405.39984130859375 -24348.703125
v -1986.2926025390625 407.01211547851562 -24348.703125
v -1986.586669921875 406.49295043945312 -24345.166015625
v -1986.586669921875 406.49295043945312 -24348.703125
v -1984.916748046875 408.87631225585938 -24345.166015625
v -1985.6407470703125 407.98880004882812 -24338.09375
v -1985.6407470703125 407.98880004882812 -24345.166015625
v -1985.6407470703125 407.98880004882812 -24348.703125
v -1985.9765625 407.51113891601562 -24345.166015625
v -1985.9765625 407.51113891601562 -24348.703125
v -1984.916748046875 408.87631225585938 -24348.703125
v -1985.2867431640625 408.444091796875 -24345.166015625
v -1985.2867431640625 408.444091796875 -24348.703125
v -1984.136474609375 409.66934204101562 -24338.09375
v -1984.136474609375 409.66934204101562 -24345.166015625
v -1984.136474609375 409.66934204101562 -24348.703125
v -1984.53271484375 409.28485107421875 -24345.166015625
v -1984.53271484375 409.28485107421875 -24348.703125
v -1983.72998046875 410.02957153320312 -24345.166015625
v -1983.72998046875 410.02957153320312 -24348.703125
v -1984.604248046875 409.21163940429688 -24267.359375
v -1985.7159423828125 407.885986328125 -24267.359375
v -1986.627685546875 406.41561889648438 -24267.359375
v -1987.3209228515625 404.83047485351562 -24267.359375
v -1987.781494140625 403.16278076171875 -24267.359375
v -1988 401.446533203125 -24267.359375
v -1987.97216796875 399.71664428710938 -24267.359375
v -1987.6982421875 398.00833129882812 -24267.359375
v -1987.18408203125 396.35638427734375 -24267.359375
v -1986.4400634765625 394.79443359375 -24267.359375
v -1984.136474609375 409.66934204101562 -24281.505859375
v -1984.916748046875 408.87631225585938 -24274.431640625
v -1984.136474609375 409.66934204101562 -24274.431640625
v -1985.6407470703125 407.98880004882812 -24281.505859375
v -1986.2926025390625 407.01211547851562 -24274.431640625
v -1985.6407470703125 407.98880004882812 -24274.431640625
v -1986.8572998046875 405.95498657226562 -24281.505859375
v -1987.3212890625 404.82928466796875 -24274.431640625
v -1986.8572998046875 405.95498657226562 -24274.431640625
v -1987.6732177734375 403.64984130859375 -24281.505859375
v -1987.90478515625 402.43374633789062 -24274.431640625
v -1987.6732177734375 403.64984130859375 -24274.431640625
v -1988.0111083984375 401.19976806640625 -24281.505859375
v -1987.991455078125 399.96710205078125 -24274.431640625
v -1988.0111083984375 401.19976806640625 -24274.431640625
v -1987.846435546875 398.74093627929688 -24281.505859375
v -1987.582275390625 397.55364990234375 -24274.431640625
v -1987.846435546875 398.74093627929688 -24274.431640625
v -1987.2022705078125 396.40310668945312 -24281.505859375
v -1986.7227783203125 395.32290649414062 -24274.431640625
v -1987.2022705078125 396.40310668945312 -24274.431640625
v -1986.138671875 394.29168701171875 -24281.505859375
v -1986.138671875 394.29168701171875 -24274.431640625
v -1978.058837890625 383.76544189453125 -24267.359375
v -1961.0474853515625 381.59918212890625 -24267.359375
v -1978.058837890625 383.76544189453125 -24281.505859375
v -1976.464111328125 382.07022094726562 -24281.505859375
v -1974.52001953125 380.6790771484375 -24281.505859375
v -1972.2861328125 379.67813110351562 -24281.505859375
v -1969.87646484375 379.14382934570312 -24281.505859375
v -1967.4111328125 379.10833740234375 -24281.505859375
v -1965.0401611328125 379.55718994140625 -24281.505859375
v -1962.890625 380.42184448242188 -24281.505859375
v -1961.0474853515625 381.59918212890625 -24281.505859375
v -1978.058837890625 383.76544189453125 -24295.65234375
v -1976.464111328125 382.07022094726562 -24295.65234375
v -1974.52001953125 380.6790771484375 -24295.65234375
v -1972.2861328125 379.67813110351562 -24295.65234375
v -1969.87646484375 379.14382934570312 -24295.65234375
v -1967.4111328125 379.10833740234375 -24295.65234375
v -1965.0401611328125 379.55718994140625 -24295.65234375
v -1962.890625 380.42184448242188 -24295.65234375
v -1961.0474853515625 381.59918212890625 -24295.65234375
v -1978.058837890625 383.76544189453125 -24309.798828125
v -1976.464111328125 382.07022094726562 -24309.798828125
v -1974.52001953125 380.6790771484375 -24309.798828125
v -1972.2861328125 379.67813110351562 -24309.798828125
v -1969.87646484375 379.14382934570312 -24309.798828125
v -1967.4111328125 379.10833740234375 -24309.798828125
v -1965.0401611328125 379.55718994140625 -24309.798828125
v -1962.890625 380.42184448242188 -24309.798828125
v -1961.0474853515625 381.59918212890625 -24309.798828125
v -1978.058837890625 383.76544189453125 -24323.947265625
v -1976.464111328125 382.07022094726562 -24323.947265625
v -1974.52001953125 380.6790771484375 -24323.947265625
v -1972.2861328125 379.67813110351562 -24323.947265625
v -1969.87646484375 379.14382934570312 -24323.947265625
v -1967.4111328125 379.10833740234375 -24323.947265625
v -1965.0401611328125 379.55718994140625 -24323.947265625
v -1962.890625 380.42184448242188 -24323.947265625
v -1961.0474853515625 381.59918212890625 -24323.947265625
v -1978.058837890625 383.76544189453125 -24338.09375
v -1976.464111328125 382.07022094726562 -24338.09375
v -1974.52001953125 380.6790771484375 -24338.09375
v -1972.2861328125 379.67813110351562 -24338.09375
v -1969.87646484375 379.14382934570312 -24338.09375
v -1967.4111328125 379.10833740234375 -24338.09375
v -1965.0401611328125 379.55718994140625 -24338.09375
v -1962.890625 380.42184448242188 -24338.09375
v -1961.0474853515625 381.59918212890625 -24338.09375
v -1978.058837890625 383.76544189453125 -24352.240234375
v -1961.0474853515625 381.59918212890625 -24352.240234375
v -1977.3531494140625 382.93386840820312 -24352.240234375
v -1976.548095703125 382.14456176757812 -24352.240234375
v -1975.6463623046875 381.41351318359375 -24352.240234375
v -1974.6534423828125 380.75698852539062 -24352.240234375
v -1973.5784912109375 380.19058227539062 -24352.240234375
v -1972.43408203125 379.728271484375 -24352.240234375
v -1971.2359619140625 379.38165283203125 -24352.240234375
v -1970.0018310546875 379.15914916992188 -24352.240234375
v -1968.7513427734375 379.06527709960938 -24352.240234375
v -1967.5045166015625 379.10049438476562 -24352.240234375
v -1966.28076171875 379.26126098632812 -24352.240234375
v -1965.0982666015625 379.54022216796875 -24352.240234375
v -1963.972412109375 379.92694091796875 -24352.240234375
v -1962.916259765625 380.40863037109375 -24352.240234375
v -1961.9390869140625 380.97100830078125 -24352.240234375
v -1976.464111328125 382.07022094726562 -24345.166015625
v -1977.3160400390625 382.8941650390625 -24338.09375
v -1977.3160400390625 382.8941650390625 -24345.166015625
v -1977.3160400390625 382.8941650390625 -24348.703125
v -1977.701171875 383.32501220703125 -24345.166015625
v -1977.701171875 383.32501220703125 -24348.703125
v -1976.464111328125 382.07022094726562 -24348.703125
v -1976.903564453125 382.47512817382812 -24345.166015625
v -1976.903564453125 382.47512817382812 -24348.703125
v -1974.52001953125 380.6790771484375 -24345.166015625
v -1975.53857421875 381.3353271484375 -24338.09375
v -1975.53857421875 381.3353271484375 -24345.166015625
v -1975.53857421875 381.3353271484375 -24348.703125
v -1976.013427734375 381.69400024414062 -24345.166015625
v -1976.013427734375 381.69400024414062 -24348.703125
v -1974.52001953125 380.6790771484375 -24348.703125
v -1975.0404052734375 380.996337890625 -24345.166015625
v -1975.0404052734375 380.996337890625 -24348.703125
v -1972.2861328125 379.67813110351562 -24345.166015625
v -1973.436767578125 380.1258544921875 -24338.09375
v -1973.436767578125 380.1258544921875 -24345.166015625
v -1973.436767578125 380.1258544921875 -24348.703125
v -1973.9876708984375 380.39007568359375 -24345.166015625
v -1973.9876708984375 380.39007568359375 -24348.703125
v -1972.2861328125 379.67813110351562 -24348.703125
v -1972.868896484375 379.88803100585938 -24345.166015625
v -1972.868896484375 379.88803100585938 -24348.703125
v -1969.87646484375 379.14382934570312 -24345.166015625
v -1971.09765625 379.35012817382812 -24338.09375
v -1971.09765625 379.35012817382812 -24345.166015625
v -1971.09765625 379.35012817382812 -24348.703125
v -1971.6971435546875 379.49929809570312 -24345.166015625
v -1971.6971435546875 379.49929809570312 -24348.703125
v -1969.87646484375 379.14382934570312 -24348.703125
v -1970.489990234375 379.2314453125 -24345.166015625
v -1970.489990234375 379.2314453125 -24348.703125
v -1967.4111328125 379.10833740234375 -24345.166015625
v -1968.64111328125 379.06320190429688 -24338.09375
v -1968.64111328125 379.06320190429688 -24345.166015625
v -1968.64111328125 379.06320190429688 -24348.703125
v -1969.25927734375 379.08770751953125 -24345.166015625
v -1969.25927734375 379.08770751953125 -24348.703125
v -1967.4111328125 379.10833740234375 -24348.703125
v -1968.0242919921875 379.0701904296875 -24345.166015625
v -1968.0242919921875 379.0701904296875 -24348.703125
v -1965.0401611328125 379.55718994140625 -24345.166015625
v -1966.205078125 379.27542114257812 -24338.09375
v -1966.205078125 379.27542114257812 -24345.166015625
v -1966.205078125 379.27542114257812 -24348.703125
v -1966.803955078125 379.177001953125 -24345.166015625
v -1966.803955078125 379.177001953125 -24348.703125
v -1965.0401611328125 379.55718994140625 -24348.703125
v -1965.616455078125 379.40255737304688 -24345.166015625
v -1965.616455078125 379.40255737304688 -24348.703125
v -1962.890625 380.42184448242188 -24345.166015625
v -1963.9312744140625 379.9434814453125 -24338.09375
v -1963.9312744140625 379.9434814453125 -24345.166015625
v -1963.9312744140625 379.9434814453125 -24348.703125
v -1964.4779052734375 379.73800659179688 -24345.166015625
v -1964.4779052734375 379.73800659179688 -24348.703125
v -1962.890625 380.42184448242188 -24348.703125
v -1963.4017333984375 380.1719970703125 -24345.166015625
v -1963.4017333984375 380.1719970703125 -24348.703125
v -1961.9273681640625 380.97854614257812 -24338.09375
v -1961.9273681640625 380.97854614257812 -24345.166015625
v -1961.9273681640625 380.97854614257812 -24348.703125
v -1962.39892578125 380.6912841796875 -24345.166015625
v -1962.39892578125 380.6912841796875 -24348.703125
v -1961.4766845703125 381.28176879882812 -24345.166015625
v -1961.4766845703125 381.28176879882812 -24348.703125
v -1961.9390869140625 380.97100830078125 -24267.359375
v -1962.916259765625 380.40863037109375 -24267.359375
v -1963.972412109375 379.92694091796875 -24267.359375
v -1965.0982666015625 379.54022216796875 -24267.359375
v -1966.28076171875 379.26126098632812 -24267.359375
v -1967.5045166015625 379.10049438476562 -24267.359375
v -1968.7513427734375 379.06527709960938 -24267.359375
v -1970.0018310546875 379.15914916992188 -24267.359375
v -1971.2359619140625 379.38165283203125 -24267.359375
v -1972.43408203125 379.728271484375 -24267.359375
v -1973.5784912109375 380.19058227539062 -24267.359375
v -1974.6534423828125 380.75698852539062 -24267.359375
v -1975.6463623046875 381.41351318359375 -24267.359375
v -1976.548095703125 382.14456176757812 -24267.359375
v -1977.3531494140625 382.93386840820312 -24267.359375
v -1961.9273681640625 380.97854614257812 -24281.505859375
v -1962.890625 380.42184448242188 -24274.431640625
v -1961.9273681640625 380.97854614257812 -24274.431640625
v -1961.4766845703125 381.28176879882812 -24274.431640625
v -1961.9273681640625 380.97854614257812 -24270.89453125
v -1961.4766845703125 381.28176879882812 -24270.89453125
v -1962.39892578125 380.6912841796875 -24274.431640625
v -1962.890625 380.42184448242188 -24270.89453125
v -1962.39892578125 380.6912841796875 -24270.89453125
v -1963.9312744140625 379.9434814453125 -24281.505859375
v -1965.0401611328125 379.55718994140625 -24274.431640625
v -1963.9312744140625 379.9434814453125 -24274.431640625
v -1963.4017333984375 380.1719970703125 -24274.431640625
v -1963.9312744140625 379.9434814453125 -24270.89453125
v -1963.4017333984375 380.1719970703125 -24270.89453125
v -1964.4779052734375 379.73800659179688 -24274.431640625
v -1965.0401611328125 379.55718994140625 -24270.89453125
v -1964.4779052734375 379.73800659179688 -24270.89453125
v -1966.205078125 379.27542114257812 -24281.505859375
v -1967.4111328125 379.10833740234375 -24274.431640625
v -1966.205078125 379.27542114257812 -24274.431640625
v -1965.616455078125 379.40255737304688 -24274.431640625
v -1966.205078125 379.27542114257812 -24270.89453125
v -1965.616455078125 379.40255737304688 -24270.89453125
v -1966.803955078125 379.177001953125 -24274.431640625
v -1967.4111328125 379.10833740234375 -24270.89453125
v -1966.803955078125 379.177001953125 -24270.89453125
v -1968.64111328125 379.06320190429688 -24281.505859375
v -1969.87646484375 379.14382934570312 -24274.431640625
v -1968.64111328125 379.06320190429688 -24274.431640625
v -1968.0242919921875 379.0701904296875 -24274.431640625
v -1968.64111328125 379.06320190429688 -24270.89453125
v -1968.0242919921875 379.0701904296875 -24270.89453125
v -1969.25927734375 379.08770751953125 -24274.431640625
v -1969.87646484375 379.14382934570312 -24270.89453125
v -1969.25927734375 379.08770751953125 -24270.89453125
v -1971.09765625 379.35012817382812 -24281.505859375
v -1972.2861328125 379.67813110351562 -24274.431640625
v -1971.09765625 379.35012817382812 -24274.431640625
v -1970.489990234375 379.2314453125 -24274.431640625
v -1971.09765625 379.35012817382812 -24270.89453125
v -1970.489990234375 379.2314453125 -24270.89453125
v -1971.6971435546875 379.49929809570312 -24274.431640625
v -1972.2861328125 379.67813110351562 -24270.89453125
v -1971.6971435546875 379.49929809570312 -24270.89453125
v -1973.436767578125 380.1258544921875 -24281.505859375
v -1974.52001953125 380.6790771484375 -24274.431640625
v -1973.436767578125 380.1258544921875 -24274.431640625
v -1972.868896484375 379.88803100585938 -24274.431640625
v -1973.436767578125 380.1258544921875 -24270.89453125
v -1972.868896484375 379.88803100585938 -24270.89453125
v -1973.9876708984375 380.39007568359375 -24274.431640625
v -1974.52001953125 380.6790771484375 -24270.89453125
v -1973.9876708984375 380.39007568359375 -24270.89453125
v -1975.53857421875 381.3353271484375 -24281.505859375
v -1976.464111328125 382.07022094726562 -24274.431640625
v -1975.53857421875 381.3353271484375 -24274.431640625
v -1975.0404052734375 380.996337890625 -24274.431640625
v -1975.53857421875 381.3353271484375 -24270.89453125
v -1975.0404052734375 380.996337890625 -24270.89453125
v -1976.013427734375 381.69400024414062 -24274.431640625
v -1976.464111328125 382.07022094726562 -24270.89453125
v -1976.013427734375 381.69400024414062 -24270.89453125
v -1977.3160400390625 382.8941650390625 -24281.505859375
v -1977.3160400390625 382.8941650390625 -24274.431640625
v -1976.903564453125 382.47512817382812 -24274.431640625
v -1977.3160400390625 382.8941650390625 -24270.89453125
v -1976.903564453125 382.47512817382812 -24270.89453125
v -1977.701171875 383.32501220703125 -24274.431640625
v -1977.701171875 383.32501220703125 -24270.89453125
v -1917.84765625 461.04290771484375 -24347.640625
v -1910.4251708984375 451.45413208007812 -24335.513671875
v -1926.609375 454.2606201171875 -24347.640625
v -1926.47265625 454.083984375 -24345.32421875
v -1926.0528564453125 453.54165649414062 -24343.033203125
v -1925.3465576171875 452.62930297851562 -24340.875
v -1924.38037109375 451.38113403320312 -24338.9765625
v -1923.200439453125 449.85671997070312 -24337.439453125
v -1921.884521484375 448.1568603515625 -24336.34375
v -1920.5201416015625 446.39422607421875 -24335.7109375
v -1919.1868896484375 444.67181396484375 -24335.513671875
v -1935.37109375 447.47830200195312 -24347.640625
v -1935.234375 447.30166625976562 -24345.32421875
v -1934.8145751953125 446.75933837890625 -24343.033203125
v -1934.1082763671875 445.84698486328125 -24340.875
v -1933.14208984375 444.59881591796875 -24338.9765625
v -1931.962158203125 443.07440185546875 -24337.439453125
v -1930.646240234375 441.37454223632812 -24336.34375
v -1929.2818603515625 439.61190795898438 -24335.7109375
v -1927.9486083984375 437.88949584960938 -24335.513671875
v -1944.1328125 440.69598388671875 -24347.640625
v -1943.99609375 440.51934814453125 -24345.32421875
v -1943.5762939453125 439.97705078125 -24343.033203125
v -1942.8699951171875 439.06466674804688 -24340.875
v -1941.9039306640625 437.81649780273438 -24338.9765625
v -1940.723876953125 436.29208374023438 -24337.439453125
v -1939.407958984375 434.59222412109375 -24336.34375
v -1938.0435791015625 432.82958984375 -24335.7109375
v -1936.7103271484375 431.107177734375 -24335.513671875
v -1952.89453125 433.91366577148438 -24347.640625
v -1945.4720458984375 424.32485961914062 -24335.513671875
v -1911.7757568359375 453.19894409179688 -24335.716796875
v -1913.1573486328125 454.98370361328125 -24336.365234375
v -1914.48681640625 456.70120239257812 -24337.490234375
v -1915.673583984375 458.23443603515625 -24339.06640625
v -1916.6376953125 459.47991943359375 -24341.00390625
v -1917.3265380859375 460.36968994140625 -24343.17578125
v -1917.7237548828125 460.88284301757812 -24345.43359375
v -1919.8453369140625 445.52239990234375 -24335.5625
v -1916.1392822265625 449.78536987304688 -24335.7109375
v -1915.46435546875 448.91357421875 -24335.5625
v -1921.203125 447.2764892578125 -24335.970703125
v -1917.503662109375 451.54800415039062 -24336.34375
v -1916.822265625 450.66766357421875 -24335.970703125
v -1922.553955078125 449.02169799804688 -24336.833984375
v -1918.819580078125 453.24789428710938 -24337.439453125
v -1918.173095703125 452.412841796875 -24336.833984375
v -1923.812744140625 450.647705078125 -24338.15625
v -1919.99951171875 454.77227783203125 -24338.9765625
v -1919.431884765625 454.03887939453125 -24338.15625
v -1924.894287109375 452.04495239257812 -24339.88671875
v -1920.9656982421875 456.02044677734375 -24340.875
v -1920.513427734375 455.43609619140625 -24339.88671875
v -1925.73583984375 453.13211059570312 -24341.93359375
v -1921.6719970703125 456.93283081054688 -24343.033203125
v -1921.35498046875 456.52325439453125 -24341.93359375
v -1926.300048828125 453.86093139648438 -24344.17578125
v -1922.091796875 457.47512817382812 -24345.32421875
v -1921.919189453125 457.25210571289062 -24344.17578125
v -1926.5762939453125 454.21786499023438 -24346.49609375
v -1922.1954345703125 457.6090087890625 -24346.49609375
v -1952.7706298828125 433.75357055664062 -24345.43359375
v -1952.3734130859375 433.24041748046875 -24343.17578125
v -1951.6846923828125 432.35064697265625 -24341.00390625
v -1950.7205810546875 431.10516357421875 -24339.06640625
v -1949.53369140625 429.57192993164062 -24337.490234375
v -1948.2042236328125 427.85443115234375 -24336.365234375
v -1946.8226318359375 426.06967163085938 -24335.716796875
v -1948.376953125 437.12820434570312 -24345.32421875
v -1944.0997314453125 440.65322875976562 -24346.49609375
v -1948.4805908203125 437.2620849609375 -24346.49609375
v -1947.9571533203125 436.58587646484375 -24343.033203125
v -1943.823486328125 440.29632568359375 -24344.17578125
v -1948.204345703125 436.9051513671875 -24344.17578125
v -1947.2509765625 435.67349243164062 -24340.875
v -1943.25927734375 439.56747436523438 -24341.93359375
v -1947.64013671875 436.17630004882812 -24341.93359375
v -1946.2847900390625 434.42532348632812 -24338.9765625
v -1942.417724609375 438.48031616210938 -24339.88671875
v -1946.798583984375 435.08914184570312 -24339.88671875
v -1945.104736328125 432.90093994140625 -24337.439453125
v -1941.336181640625 437.08306884765625 -24338.15625
v -1945.717041015625 433.69192504882812 -24338.15625
v -1943.788818359375 431.2010498046875 -24336.34375
v -1940.0775146484375 435.45706176757812 -24336.833984375
v -1944.4583740234375 432.06588745117188 -24336.833984375
v -1942.4244384765625 429.43844604492188 -24335.7109375
v -1938.7265625 433.71185302734375 -24335.970703125
v -1943.107421875 430.32070922851562 -24335.970703125
v -1937.3687744140625 431.95779418945312 -24335.5625
v -1941.7496337890625 428.56661987304688 -24335.5625
v -1898.6700439453125 475.88800048828125 -24296.2109375
v -1900.8363037109375 458.87667846679688 -24296.2109375
v -1898.6700439453125 475.88800048828125 -24309.798828125
v -1900.365234375 474.29330444335938 -24309.798828125
v -1901.7564697265625 472.34918212890625 -24309.798828125
v -1902.75732421875 470.11526489257812 -24309.798828125
v -1903.2916259765625 467.70562744140625 -24309.798828125
v -1903.3271484375 465.24029541015625 -24309.798828125
v -1902.8782958984375 462.86929321289062 -24309.798828125
v -1902.013671875 460.71981811523438 -24309.798828125
v -1900.8363037109375 458.87667846679688 -24309.798828125
v -1898.6700439453125 475.88800048828125 -24323.388671875
v -1900.8363037109375 458.87667846679688 -24323.388671875
v -1902.02685546875 460.74539184570312 -24296.2109375
v -1902.895263671875 462.92739868164062 -24296.2109375
v -1903.3349609375 465.33364868164062 -24296.2109375
v -1903.2763671875 467.83099365234375 -24296.2109375
v -1902.707275390625 470.2633056640625 -24296.2109375
v -1901.678466796875 472.48257446289062 -24296.2109375
v -1900.2908935546875 474.37728881835938 -24296.2109375
v -1901.4569091796875 459.75653076171875 -24309.798828125
v -1902.013671875 460.71981811523438 -24303.005859375
v -1901.4569091796875 459.75653076171875 -24303.005859375
v -1902.4920654296875 461.76043701171875 -24309.798828125
v -1902.8782958984375 462.86929321289062 -24303.005859375
v -1902.4920654296875 461.76043701171875 -24303.005859375
v -1903.1600341796875 464.03424072265625 -24309.798828125
v -1903.3271484375 465.24029541015625 -24303.005859375
v -1903.1600341796875 464.03424072265625 -24303.005859375
v -1903.372314453125 466.4703369140625 -24309.798828125
v -1903.2916259765625 467.70562744140625 -24303.005859375
v -1903.372314453125 466.4703369140625 -24303.005859375
v -1903.0853271484375 468.9268798828125 -24309.798828125
v -1902.75732421875 470.11526489257812 -24303.005859375
v -1903.0853271484375 468.9268798828125 -24303.005859375
v -1902.3096923828125 471.26593017578125 -24309.798828125
v -1901.7564697265625 472.34918212890625 -24303.005859375
v -1902.3096923828125 471.26593017578125 -24303.005859375
v -1901.1002197265625 473.36773681640625 -24309.798828125
v -1900.365234375 474.29330444335938 -24303.005859375
v -1901.1002197265625 473.36773681640625 -24303.005859375
v -1899.5413818359375 475.14520263671875 -24309.798828125
v -1899.5413818359375 475.14520263671875 -24303.005859375
v -1900.2908935546875 474.37728881835938 -24323.388671875
v -1901.678466796875 472.48257446289062 -24323.388671875
v -1902.707275390625 470.2633056640625 -24323.388671875
v -1903.2763671875 467.83099365234375 -24323.388671875
v -1903.3349609375 465.33364868164062 -24323.388671875
v -1902.895263671875 462.92739868164062 -24323.388671875
v -1902.02685546875 460.74539184570312 -24323.388671875
v -1900.365234375 474.29330444335938 -24316.59375
v -1899.5413818359375 475.14520263671875 -24316.59375
v -1901.7564697265625 472.34918212890625 -24316.59375
v -1901.1002197265625 473.36773681640625 -24316.59375
v -1902.75732421875 470.11526489257812 -24316.59375
v -1902.3096923828125 471.26593017578125 -24316.59375
v -1903.2916259765625 467.70562744140625 -24316.59375
v -1903.0853271484375 468.9268798828125 -24316.59375
v -1903.3271484375 465.24029541015625 -24316.59375
v -1903.372314453125 466.4703369140625 -24316.59375
v -1902.8782958984375 462.86929321289062 -24316.59375
v -1903.1600341796875 464.03424072265625 -24316.59375
v -1902.013671875 460.71981811523438 -24316.59375
v -1902.4920654296875 461.76043701171875 -24316.59375
v -1901.4569091796875 459.75653076171875 -24316.59375
v -1952.89453125 433.91366577148438 -24271.958984375
v -1945.4720458984375 424.32485961914062 -24284.083984375
v -1944.1328125 440.69598388671875 -24271.958984375
v -1943.99609375 440.51934814453125 -24274.275390625
v -1943.5762939453125 439.97705078125 -24276.56640625
v -1942.8699951171875 439.06466674804688 -24278.724609375
v -1941.9039306640625 437.81649780273438 -24280.623046875
v -1940.723876953125 436.29208374023438 -24282.16015625
v -1939.407958984375 434.59222412109375 -24283.255859375
v -1938.0435791015625 432.82958984375 -24283.88671875
v -1936.7103271484375 431.107177734375 -24284.083984375
v -1935.37109375 447.47830200195312 -24271.958984375
v -1935.234375 447.30166625976562 -24274.275390625
v -1934.8145751953125 446.75933837890625 -24276.56640625
v -1934.1082763671875 445.84698486328125 -24278.724609375
v -1933.14208984375 444.59881591796875 -24280.623046875
v -1931.962158203125 443.07440185546875 -24282.16015625
v -1930.646240234375 441.37454223632812 -24283.255859375
v -1929.2818603515625 439.61190795898438 -24283.88671875
v -1927.9486083984375 437.88949584960938 -24284.083984375
v -1926.609375 454.2606201171875 -24271.958984375
v -1926.47265625 454.083984375 -24274.275390625
v -1926.0528564453125 453.54165649414062 -24276.56640625
v -1925.3465576171875 452.62930297851562 -24278.724609375
v -1924.38037109375 451.38113403320312 -24280.623046875
v -1923.200439453125 449.85671997070312 -24282.16015625
v -1921.884521484375 448.1568603515625 -24283.255859375
v -1920.5201416015625 446.39422607421875 -24283.88671875
v -1919.1868896484375 444.67181396484375 -24284.083984375
v -1917.84765625 461.04290771484375 -24271.958984375
v -1910.4251708984375 451.45413208007812 -24284.083984375
v -1917.7237548828125 460.88284301757812 -24274.166015625
v -1917.3265380859375 460.36968994140625 -24276.421875
v -1916.6376953125 459.47991943359375 -24278.59375
v -1915.673583984375 458.23443603515625 -24280.533203125
v -1914.48681640625 456.70120239257812 -24282.107421875
v -1913.1573486328125 454.98370361328125 -24283.234375
v -1911.7757568359375 453.19894409179688 -24283.8828125
v -1922.091796875 457.47512817382812 -24274.275390625
v -1926.5762939453125 454.21786499023438 -24273.103515625
v -1922.1954345703125 457.6090087890625 -24273.103515625
v -1921.6719970703125 456.93283081054688 -24276.56640625
v -1926.300048828125 453.86093139648438 -24275.423828125
v -1921.919189453125 457.25210571289062 -24275.423828125
v -1920.9656982421875 456.02044677734375 -24278.724609375
v -1925.73583984375 453.13211059570312 -24277.666015625
v -1921.35498046875 456.52325439453125 -24277.666015625
v -1919.99951171875 454.77227783203125 -24280.623046875
v -1924.894287109375 452.04495239257812 -24279.7109375
v -1920.513427734375 455.43609619140625 -24279.7109375
v -1918.819580078125 453.24789428710938 -24282.16015625
v -1923.812744140625 450.647705078125 -24281.44140625
v -1919.431884765625 454.03887939453125 -24281.44140625
v -1917.503662109375 451.54800415039062 -24283.255859375
v -1922.553955078125 449.02169799804688 -24282.765625
v -1918.173095703125 452.412841796875 -24282.765625
v -1916.1392822265625 449.78536987304688 -24283.88671875
v -1921.203125 447.2764892578125 -24283.62890625
v -1916.822265625 450.66766357421875 -24283.62890625
v -1919.8453369140625 445.52239990234375 -24284.037109375
v -1915.46435546875 448.91357421875 -24284.037109375
v -1946.8226318359375 426.06967163085938 -24283.8828125
v -1948.2042236328125 427.85443115234375 -24283.234375
v -1949.53369140625 429.57192993164062 -24282.107421875
v -1950.7205810546875 431.10516357421875 -24280.533203125
v -1951.6846923828125 432.35064697265625 -24278.59375
v -1952.3734130859375 433.24041748046875 -24276.421875
v -1952.7706298828125 433.75357055664062 -24274.166015625
v -1937.3687744140625 431.95779418945312 -24284.037109375
v -1942.4244384765625 429.43844604492188 -24283.88671875
v -1941.7496337890625 428.56661987304688 -24284.037109375
v -1938.7265625 433.71185302734375 -24283.62890625
v -1943.788818359375 431.2010498046875 -24283.255859375
v -1943.107421875 430.32070922851562 -24283.62890625
v -1940.0775146484375 435.45706176757812 -24282.765625
v -1945.104736328125 432.90093994140625 -24282.16015625
v -1944.4583740234375 432.06588745117188 -24282.765625
v -1941.336181640625 437.08306884765625 -24281.44140625
v -1946.2847900390625 434.42532348632812 -24280.623046875
v -1945.717041015625 433.69192504882812 -24281.44140625
v -1942.417724609375 438.48031616210938 -24279.7109375
v -1947.2509765625 435.67349243164062 -24278.724609375
v -1946.798583984375 435.08914184570312 -24279.7109375
v -1943.25927734375 439.56747436523438 -24277.666015625
v -1947.9571533203125 436.58587646484375 -24276.56640625
v -1947.64013671875 436.17630004882812 -24277.666015625
v -1943.823486328125 440.29632568359375 -24275.423828125
v -1948.376953125 437.12820434570312 -24274.275390625
v -1948.204345703125 436.9051513671875 -24275.423828125
v -1944.0997314453125 440.65322875976562 -24273.103515625
v -1948.4805908203125 437.2620849609375 -24273.103515625
v -1972.0721435546875 419.06857299804688 -24323.388671875
v -1955.060791015625 416.90231323242188 -24323.388671875
v -1972.0721435546875 419.06857299804688 -24309.798828125
v -1970.103515625 420.31002807617188 -24309.798828125
v -1967.872802734375 421.16952514648438 -24309.798828125
v -1965.459228515625 421.57867431640625 -24309.798828125
v -1962.99267578125 421.49200439453125 -24309.798828125
v -1960.59716796875 420.90853881835938 -24309.798828125
v -1958.414306640625 419.8797607421875 -24309.798828125
v -1956.550048828125 418.50399780273438 -24309.798828125
v -1955.060791015625 416.90231323242188 -24309.798828125
v -1972.0721435546875 419.06857299804688 -24296.2109375
v -1955.060791015625 416.90231323242188 -24296.2109375
v -1956.571533203125 418.523193359375 -24323.388671875
v -1958.46630859375 419.9107666015625 -24323.388671875
v -1960.685546875 420.93948364257812 -24323.388671875
v -1963.1177978515625 421.50860595703125 -24323.388671875
v -1965.6151123046875 421.56723022460938 -24323.388671875
v -1968.021484375 421.12753295898438 -24323.388671875
v -1970.2034912109375 420.25912475585938 -24323.388671875
v -1955.757080078125 417.72366333007812 -24309.798828125
v -1956.550048828125 418.50399780273438 -24316.59375
v -1955.757080078125 417.72366333007812 -24316.59375
v -1957.4376220703125 419.2279052734375 -24309.798828125
v -1958.414306640625 419.8797607421875 -24316.59375
v -1957.4376220703125 419.2279052734375 -24316.59375
v -1959.471435546875 420.44451904296875 -24309.798828125
v -1960.59716796875 420.90853881835938 -24316.59375
v -1959.471435546875 420.44451904296875 -24316.59375
v -1961.776611328125 421.26046752929688 -24309.798828125
v -1962.99267578125 421.49200439453125 -24316.59375
v -1961.776611328125 421.26046752929688 -24316.59375
v -1964.2266845703125 421.59835815429688 -24309.798828125
v -1965.459228515625 421.57867431640625 -24316.59375
v -1964.2266845703125 421.59835815429688 -24316.59375
v -1966.6854248046875 421.43362426757812 -24309.798828125
v -1967.872802734375 421.16952514648438 -24316.59375
v -1966.6854248046875 421.43362426757812 -24316.59375
v -1969.0233154296875 420.78952026367188 -24309.798828125
v -1970.103515625 420.31002807617188 -24316.59375
v -1969.0233154296875 420.78952026367188 -24316.59375
v -1971.134765625 419.72589111328125 -24309.798828125
v -1971.134765625 419.72589111328125 -24316.59375
v -1970.2034912109375 420.25912475585938 -24296.2109375
v -1968.021484375 421.12753295898438 -24296.2109375
v -1965.6151123046875 421.56723022460938 -24296.2109375
v -1963.1177978515625 421.50860595703125 -24296.2109375
v -1960.685546875 420.93948364257812 -24296.2109375
v -1958.46630859375 419.9107666015625 -24296.2109375
v -1956.571533203125 418.523193359375 -24296.2109375
v -1970.103515625 420.31002807617188 -24303.005859375
v -1971.134765625 419.72589111328125 -24303.005859375
v -1967.872802734375 421.16952514648438 -24303.005859375
v -1969.0233154296875 420.78952026367188 -24303.005859375
v -1965.459228515625 421.57867431640625 -24303.005859375
v -1966.6854248046875 421.43362426757812 -24303.005859375
v -1962.99267578125 421.49200439453125 -24303.005859375
v -1964.2266845703125 421.59835815429688 -24303.005859375
v -1960.59716796875 420.90853881835938 -24303.005859375
v -1961.776611328125 421.26046752929688 -24303.005859375
v -1958.414306640625 419.8797607421875 -24303.005859375
v -1959.471435546875 420.44451904296875 -24303.005859375
v -1956.550048828125 418.50399780273438 -24303.005859375
v -1957.4376220703125 419.2279052734375 -24303.005859375
v -1955.757080078125 417.72366333007812 -24303.005859375
v -1895.580078125 432.27651977539062 -24347.640625
v -1903.0025634765625 441.86532592773438 -24335.513671875
v -1904.341796875 425.49420166015625 -24347.640625
v -1904.478515625 425.67083740234375 -24345.32421875
v -1904.8983154296875 426.213134765625 -24343.033203125
v -1905.6044921875 427.12551879882812 -24340.875
v -1906.5706787109375 428.37368774414062 -24338.9765625
v -1907.750732421875 429.8980712890625 -24337.439453125
v -1909.0665283203125 431.59796142578125 -24336.34375
v -1910.4310302734375 433.360595703125 -24335.7109375
v -1911.7642822265625 435.0830078125 -24335.513671875
v -1913.103515625 418.71188354492188 -24347.640625
v -1913.240234375 418.88851928710938 -24345.32421875
v -1913.6600341796875 419.43081665039062 -24343.033203125
v -1914.3662109375 420.34320068359375 -24340.875
v -1915.3323974609375 421.59136962890625 -24338.9765625
v -1916.512451171875 423.11575317382812 -24337.439453125
v -1917.8282470703125 424.81564331054688 -24336.34375
v -1919.1927490234375 426.57827758789062 -24335.7109375
v -1920.5260009765625 428.30068969726562 -24335.513671875
v -1921.865234375 411.9295654296875 -24347.640625
v -1922.001953125 412.106201171875 -24345.32421875
v -1922.4217529296875 412.64849853515625 -24343.033203125
v -1923.1279296875 413.56088256835938 -24340.875
v -1924.0941162109375 414.80905151367188 -24338.9765625
v -1925.274169921875 416.33343505859375 -24337.439453125
v -1926.590087890625 418.0333251953125 -24336.34375
v -1927.9544677734375 419.79595947265625 -24335.7109375
v -1929.2877197265625 421.51837158203125 -24335.513671875
v -1930.626953125 405.14724731445312 -24347.640625
v -1938.0494384765625 414.73605346679688 -24335.513671875
v -1901.6519775390625 440.12051391601562 -24335.716796875
v -1900.2703857421875 438.33572387695312 -24336.365234375
v -1898.94091796875 436.61822509765625 -24337.490234375
v -1897.7540283203125 435.08502197265625 -24339.06640625
v -1896.7899169921875 433.83953857421875 -24341.00390625
v -1896.1011962890625 432.94976806640625 -24343.17578125
v -1895.7039794921875 432.43661499023438 -24345.43359375
v -1911.1058349609375 434.23239135742188 -24335.5625
v -1906.0501708984375 436.75173950195312 -24335.7109375
v -1906.7249755859375 437.62356567382812 -24335.5625
v -1909.748046875 432.47830200195312 -24335.970703125
v -1904.6856689453125 434.98910522460938 -24336.34375
v -1905.3671875 435.86947631835938 -24335.970703125
v -1908.3970947265625 430.73312377929688 -24336.833984375
v -1903.369873046875 433.28924560546875 -24337.439453125
v -1904.0162353515625 434.124267578125 -24336.833984375
v -1907.138427734375 429.10708618164062 -24338.15625
v -1902.1898193359375 431.76483154296875 -24338.9765625
v -1902.757568359375 432.49826049804688 -24338.15625
v -1906.056884765625 427.70986938476562 -24339.88671875
v -1901.2236328125 430.51669311523438 -24340.875
v -1901.676025390625 431.10101318359375 -24339.88671875
v -1905.21533203125 426.62271118164062 -24341.93359375
v -1900.5174560546875 429.60430908203125 -24343.033203125
v -1900.83447265625 430.01385498046875 -24341.93359375
v -1904.651123046875 425.89385986328125 -24344.17578125
v -1900.09765625 429.06198120117188 -24345.32421875
v -1900.270263671875 429.2850341796875 -24344.17578125
v -1904.3748779296875 425.53695678710938 -24346.49609375
v -1899.9940185546875 428.9281005859375 -24346.49609375
v -1930.7508544921875 405.30734252929688 -24345.43359375
v -1931.1480712890625 405.82049560546875 -24343.17578125
v -1931.8367919921875 406.71026611328125 -24341.00390625
v -1932.8009033203125 407.95574951171875 -24339.06640625
v -1933.98779296875 409.48898315429688 -24337.490234375
v -1935.3172607421875 411.20648193359375 -24336.365234375
v -1936.6988525390625 412.99124145507812 -24335.716796875
v -1926.3828125 408.71502685546875 -24345.32421875
v -1921.8983154296875 411.97232055664062 -24346.49609375
v -1926.2791748046875 408.58114624023438 -24346.49609375
v -1926.8026123046875 409.25735473632812 -24343.033203125
v -1922.174560546875 412.3292236328125 -24344.17578125
v -1926.555419921875 408.93807983398438 -24344.17578125
v -1927.5087890625 410.16973876953125 -24340.875
v -1922.73876953125 413.05807495117188 -24341.93359375
v -1927.11962890625 409.66693115234375 -24341.93359375
v -1928.4749755859375 411.41790771484375 -24338.9765625
v -1923.580322265625 414.14523315429688 -24339.88671875
v -1927.961181640625 410.75408935546875 -24339.88671875
v -1929.655029296875 412.94229125976562 -24337.439453125
v -1924.661865234375 415.54244995117188 -24338.15625
v -1929.042724609375 412.15130615234375 -24338.15625
v -1930.970947265625 414.64218139648438 -24336.34375
v -1925.9205322265625 417.16848754882812 -24336.833984375
v -1930.3013916015625 413.77734375 -24336.833984375
v -1932.3353271484375 416.40478515625 -24335.7109375
v -1927.271484375 418.91366577148438 -24335.970703125
v -1931.65234375 415.52252197265625 -24335.970703125
v -1928.6292724609375 420.66775512695312 -24335.5625
v -1933.0101318359375 417.276611328125 -24335.5625
v -1876.4024658203125 447.12161254882812 -24296.2109375
v -1893.413818359375 449.28787231445312 -24296.2109375
v -1876.4024658203125 447.12161254882812 -24309.798828125
v -1878.37109375 445.88015747070312 -24309.798828125
v -1880.601806640625 445.0206298828125 -24309.798828125
v -1883.0152587890625 444.61148071289062 -24309.798828125
v -1885.48193359375 444.69818115234375 -24309.798828125
v -1887.87744140625 445.28164672851562 -24309.798828125
v -1890.060302734375 446.3104248046875 -24309.798828125
v -1891.924560546875 447.68618774414062 -24309.798828125
v -1893.413818359375 449.28787231445312 -24309.798828125
v -1876.4024658203125 447.12161254882812 -24323.388671875
v -1893.413818359375 449.28787231445312 -24323.388671875
v -1878.2711181640625 445.93106079101562 -24323.388671875
v -1880.453125 445.06265258789062 -24323.388671875
v -1882.859375 444.6229248046875 -24323.388671875
v -1885.356689453125 444.68157958984375 -24323.388671875
v -1887.7890625 445.25067138671875 -24323.388671875
v -1890.00830078125 446.2794189453125 -24323.388671875
v -1891.903076171875 447.66696166992188 -24323.388671875
v -1878.37109375 445.88015747070312 -24316.59375
v -1877.33984375 446.46429443359375 -24309.798828125
v -1877.33984375 446.46429443359375 -24316.59375
v -1880.601806640625 445.0206298828125 -24316.59375
v -1879.4512939453125 445.40066528320312 -24309.798828125
v -1879.4512939453125 445.40066528320312 -24316.59375
v -1883.0152587890625 444.61148071289062 -24316.59375
v -1881.7891845703125 444.75656127929688 -24309.798828125
v -1881.7891845703125 444.75656127929688 -24316.59375
v -1885.48193359375 444.69818115234375 -24316.59375
v -1884.2479248046875 444.591796875 -24309.798828125
v -1884.2479248046875 444.591796875 -24316.59375
v -1887.87744140625 445.28164672851562 -24316.59375
v -1886.697998046875 444.92971801757812 -24309.798828125
v -1886.697998046875 444.92971801757812 -24316.59375
v -1890.060302734375 446.3104248046875 -24316.59375
v -1889.003173828125 445.74566650390625 -24309.798828125
v -1889.003173828125 445.74566650390625 -24316.59375
v -1891.924560546875 447.68618774414062 -24316.59375
v -1891.0369873046875 446.96224975585938 -24309.798828125
v -1891.0369873046875 446.96224975585938 -24316.59375
v -1892.717529296875 448.46652221679688 -24309.798828125
v -1892.717529296875 448.46652221679688 -24316.59375
v -1891.903076171875 447.66696166992188 -24296.2109375
v -1890.00830078125 446.2794189453125 -24296.2109375
v -1887.7890625 445.25067138671875 -24296.2109375
v -1885.356689453125 444.68157958984375 -24296.2109375
v -1882.859375 444.6229248046875 -24296.2109375
v -1880.453125 445.06265258789062 -24296.2109375
v -1878.2711181640625 445.93106079101562 -24296.2109375
v -1891.924560546875 447.68618774414062 -24303.005859375
v -1892.717529296875 448.46652221679688 -24303.005859375
v -1890.060302734375 446.3104248046875 -24303.005859375
v -1891.0369873046875 446.96224975585938 -24303.005859375
v -1887.87744140625 445.28164672851562 -24303.005859375
v -1889.003173828125 445.74566650390625 -24303.005859375
v -1885.48193359375 444.69818115234375 -24303.005859375
v -1886.697998046875 444.92971801757812 -24303.005859375
v -1883.0152587890625 444.61148071289062 -24303.005859375
v -1884.2479248046875 444.591796875 -24303.005859375
v -1880.601806640625 445.0206298828125 -24303.005859375
v -1881.7891845703125 444.75656127929688 -24303.005859375
v -1878.37109375 445.88015747070312 -24303.005859375
v -1879.4512939453125 445.40066528320312 -24303.005859375
v -1877.33984375 446.46429443359375 -24303.005859375
v -1930.626953125 405.14724731445312 -24271.958984375
v -1938.0494384765625 414.73605346679688 -24284.083984375
v -1921.865234375 411.9295654296875 -24271.958984375
v -1922.001953125 412.106201171875 -24274.275390625
v -1922.4217529296875 412.64849853515625 -24276.56640625
v -1923.1279296875 413.56088256835938 -24278.724609375
v -1924.0941162109375 414.80905151367188 -24280.623046875
v -1925.274169921875 416.33343505859375 -24282.16015625
v -1926.590087890625 418.0333251953125 -24283.255859375
v -1927.9544677734375 419.79595947265625 -24283.88671875
v -1929.2877197265625 421.51837158203125 -24284.083984375
v -1913.103515625 418.71188354492188 -24271.958984375
v -1913.240234375 418.88851928710938 -24274.275390625
v -1913.6600341796875 419.43081665039062 -24276.56640625
v -1914.3662109375 420.34320068359375 -24278.724609375
v -1915.3323974609375 421.59136962890625 -24280.623046875
v -1916.512451171875 423.11575317382812 -24282.16015625
v -1917.8282470703125 424.81564331054688 -24283.255859375
v -1919.1927490234375 426.57827758789062 -24283.88671875
v -1920.5260009765625 428.30068969726562 -24284.083984375
v -1904.341796875 425.49420166015625 -24271.958984375
v -1904.478515625 425.67083740234375 -24274.275390625
v -1904.8983154296875 426.213134765625 -24276.56640625
v -1905.6044921875 427.12551879882812 -24278.724609375
v -1906.5706787109375 428.37368774414062 -24280.623046875
v -1907.750732421875 429.8980712890625 -24282.16015625
v -1909.0665283203125 431.59796142578125 -24283.255859375
v -1910.4310302734375 433.360595703125 -24283.88671875
v -1911.7642822265625 435.0830078125 -24284.083984375
v -1895.580078125 432.27651977539062 -24271.958984375
v -1903.0025634765625 441.86532592773438 -24284.083984375
v -1936.6988525390625 412.99124145507812 -24283.8828125
v -1935.3172607421875 411.20648193359375 -24283.234375
v -1933.98779296875 409.48898315429688 -24282.107421875
v -1932.8009033203125 407.95574951171875 -24280.533203125
v -1931.8367919921875 406.71026611328125 -24278.59375
v -1931.1480712890625 405.82049560546875 -24276.421875
v -1930.7508544921875 405.30734252929688 -24274.166015625
v -1928.6292724609375 420.66775512695312 -24284.037109375
v -1932.3353271484375 416.40478515625 -24283.88671875
v -1933.0101318359375 417.276611328125 -24284.037109375
v -1927.271484375 418.91366577148438 -24283.62890625
v -1930.970947265625 414.64218139648438 -24283.255859375
v -1931.65234375 415.52252197265625 -24283.62890625
v -1925.9205322265625 417.16848754882812 -24282.765625
v -1929.655029296875 412.94229125976562 -24282.16015625
v -1930.3013916015625 413.77734375 -24282.765625
v -1924.661865234375 415.54244995117188 -24281.44140625
v -1928.4749755859375 411.41790771484375 -24280.623046875
v -1929.042724609375 412.15130615234375 -24281.44140625
v -1923.580322265625 414.14523315429688 -24279.7109375
v -1927.5087890625 410.16973876953125 -24278.724609375
v -1927.961181640625 410.75408935546875 -24279.7109375
v -1922.73876953125 413.05807495117188 -24277.666015625
v -1926.8026123046875 409.25735473632812 -24276.56640625
v -1927.11962890625 409.66693115234375 -24277.666015625
v -1922.174560546875 412.3292236328125 -24275.423828125
v -1926.3828125 408.71502685546875 -24274.275390625
v -1926.555419921875 408.93807983398438 -24275.423828125
v -1921.8983154296875 411.97232055664062 -24273.103515625
v -1926.2791748046875 408.58114624023438 -24273.103515625
v -1895.7039794921875 432.43661499023438 -24274.166015625
v -1896.1011962890625 432.94976806640625 -24276.421875
v -1896.7899169921875 433.83953857421875 -24278.59375
v -1897.7540283203125 435.08502197265625 -24280.533203125
v -1898.94091796875 436.61822509765625 -24282.107421875
v -1900.2703857421875 438.33572387695312 -24283.234375
v -1901.6519775390625 440.12051391601562 -24283.8828125
v -1900.09765625 429.06198120117188 -24274.275390625
v -1904.3748779296875 425.53695678710938 -24273.103515625
v -1899.9940185546875 428.9281005859375 -24273.103515625
v -1900.5174560546875 429.60430908203125 -24276.56640625
v -1904.651123046875 425.89385986328125 -24275.423828125
v -1900.270263671875 429.2850341796875 -24275.423828125
v -1901.2236328125 430.51669311523438 -24278.724609375
v -1905.21533203125 426.62271118164062 -24277.666015625
v -1900.83447265625 430.01385498046875 -24277.666015625
v -1902.1898193359375 431.76483154296875 -24280.623046875
v -1906.056884765625 427.70986938476562 -24279.7109375
v -1901.676025390625 431.10101318359375 -24279.7109375
v -1903.369873046875 433.28924560546875 -24282.16015625
v -1907.138427734375 429.10708618164062 -24281.44140625
v -1902.757568359375 432.49826049804688 -24281.44140625
v -1904.6856689453125 434.98910522460938 -24283.255859375
v -1908.3970947265625 430.73312377929688 -24282.765625
v -1904.0162353515625 434.124267578125 -24282.765625
v -1906.0501708984375 436.75173950195312 -24283.88671875
v -1909.748046875 432.47830200195312 -24283.62890625
v -1905.3671875 435.86947631835938 -24283.62890625
v -1911.1058349609375 434.23239135742188 -24284.037109375
v -1906.7249755859375 437.62356567382812 -24284.037109375
v -1949.8045654296875 390.30218505859375 -24323.388671875
v -1947.6383056640625 407.31350708007812 -24323.388671875
v -1949.8045654296875 390.30218505859375 -24309.798828125
v -1948.1092529296875 391.89688110351562 -24309.798828125
v -1946.7181396484375 393.84100341796875 -24309.798828125
v -1945.7171630859375 396.07492065429688 -24309.798828125
v -1945.1829833984375 398.48455810546875 -24309.798828125
v -1945.1474609375 400.94989013671875 -24309.798828125
v -1945.5963134765625 403.32086181640625 -24309.798828125
v -1946.4609375 405.47036743164062 -24309.798828125
v -1947.6383056640625 407.31350708007812 -24309.798828125
v -1949.8045654296875 390.30218505859375 -24296.2109375
v -1947.6383056640625 407.31350708007812 -24296.2109375
v -1948.18359375 391.8128662109375 -24296.2109375
v -1946.796142578125 393.70761108398438 -24296.2109375
v -1945.767333984375 395.9268798828125 -24296.2109375
v -1945.1982421875 398.35919189453125 -24296.2109375
v -1945.1396484375 400.85650634765625 -24296.2109375
v -1945.579345703125 403.26278686523438 -24296.2109375
v -1946.44775390625 405.44479370117188 -24296.2109375
v -1948.1092529296875 391.89688110351562 -24303.005859375
v -1948.9332275390625 391.04498291015625 -24309.798828125
v -1948.9332275390625 391.04498291015625 -24303.005859375
v -1946.7181396484375 393.84100341796875 -24303.005859375
v -1947.3743896484375 392.82241821289062 -24309.798828125
v -1947.3743896484375 392.82241821289062 -24303.005859375
v -1945.7171630859375 396.07492065429688 -24303.005859375
v -1946.1649169921875 394.92422485351562 -24309.798828125
v -1946.1649169921875 394.92422485351562 -24303.005859375
v -1945.1829833984375 398.48455810546875 -24303.005859375
v -1945.3892822265625 397.26327514648438 -24309.798828125
v -1945.3892822265625 397.26327514648438 -24303.005859375
v -1945.1474609375 400.94989013671875 -24303.005859375
v -1945.102294921875 399.7198486328125 -24309.798828125
v -1945.102294921875 399.7198486328125 -24303.005859375
v -1945.5963134765625 403.32086181640625 -24303.005859375
v -1945.3145751953125 402.15594482421875 -24309.798828125
v -1945.3145751953125 402.15594482421875 -24303.005859375
v -1946.4609375 405.47036743164062 -24303.005859375
v -1945.9825439453125 404.42971801757812 -24309.798828125
v -1945.9825439453125 404.42971801757812 -24303.005859375
v -1947.017578125 406.43365478515625 -24309.798828125
v -1947.017578125 406.43365478515625 -24303.005859375
v -1946.44775390625 405.44479370117188 -24323.388671875
v -1945.579345703125 403.26278686523438 -24323.388671875
v -1945.1396484375 400.85650634765625 -24323.388671875
v -1945.1982421875 398.35919189453125 -24323.388671875
v -1945.767333984375 395.9268798828125 -24323.388671875
v -1946.796142578125 393.70761108398438 -24323.388671875
v -1948.18359375 391.8128662109375 -24323.388671875
v -1946.4609375 405.47036743164062 -24316.59375
v -1947.017578125 406.43365478515625 -24316.59375
v -1945.5963134765625 403.32086181640625 -24316.59375
v -1945.9825439453125 404.42971801757812 -24316.59375
v -1945.1474609375 400.94989013671875 -24316.59375
v -1945.3145751953125 402.15594482421875 -24316.59375
v -1945.1829833984375 398.48455810546875 -24316.59375
v -1945.102294921875 399.7198486328125 -24316.59375
v -1945.7171630859375 396.07492065429688 -24316.59375
v -1945.3892822265625 397.26327514648438 -24316.59375
v -1946.7181396484375 393.84100341796875 -24316.59375
v -1946.1649169921875 394.92422485351562 -24316.59375
v -1948.1092529296875 391.89688110351562 -24316.59375
v -1947.3743896484375 392.82241821289062 -24316.59375
v -1948.9332275390625 391.04498291015625 -24316.59375
v -1893.413818359375 449.28787231445312 -24323.388671875
v -1903.0025634765625 441.86532592773438 -24335.513671875
v -1906.7138671875 446.65972900390625 -24335.513671875
v -1900.8363037109375 458.87667846679688 -24323.388671875
v -1897.125 454.082275390625 -24323.388671875
v -1910.4251708984375 451.45413208007812 -24335.513671875
v -1908.6285400390625 452.84481811523438 -24335.298828125
v -1906.8953857421875 454.1864013671875 -24334.662109375
v -1905.160888671875 455.52902221679688 -24333.5234375
v -1903.64453125 456.70291137695312 -24331.962890625
v -1902.4110107421875 457.65774536132812 -24330.044921875
v -1901.50927734375 458.35574340820312 -24327.8515625
v -1901.0062255859375 458.74508666992188 -24325.66015625
v -1893.583740234375 449.15631103515625 -24325.66015625
v -1894.086669921875 448.7669677734375 -24327.8515625
v -1894.9884033203125 448.06893920898438 -24330.044921875
v -1896.221923828125 447.11410522460938 -24331.962890625
v -1897.7384033203125 445.94024658203125 -24333.5234375
v -1899.472900390625 444.59759521484375 -24334.662109375
v -1901.2059326171875 443.25604248046875 -24335.298828125
v -1955.060791015625 416.90231323242188 -24323.388671875
v -1945.4720458984375 424.32485961914062 -24335.513671875
v -1947.6383056640625 407.31350708007812 -24323.388671875
v -1954.890869140625 417.03387451171875 -24325.66015625
v -1954.387939453125 417.4232177734375 -24327.8515625
v -1953.4862060546875 418.12124633789062 -24330.044921875
v -1952.252685546875 419.07608032226562 -24331.962890625
v -1950.7362060546875 420.24993896484375 -24333.5234375
v -1949.001708984375 421.59259033203125 -24334.662109375
v -1947.2685546875 422.93414306640625 -24335.298828125
v -1938.0494384765625 414.73605346679688 -24335.513671875
v -1939.8460693359375 413.3453369140625 -24335.298828125
v -1941.5791015625 412.0037841796875 -24334.662109375
v -1943.3135986328125 410.6611328125 -24333.5234375
v -1944.830078125 409.48727416992188 -24331.962890625
v -1946.0635986328125 408.53244018554688 -24330.044921875
v -1946.96533203125 407.83441162109375 -24327.8515625
v -1947.46826171875 407.445068359375 -24325.66015625
v -1943.5926513671875 418.11236572265625 -24335.291015625
v -1947.11083984375 415.3890380859375 -24333.451171875
v -1948.611328125 414.2275390625 -24331.873046875
v -1949.8267822265625 413.28662109375 -24329.9453125
v -1950.69384765625 412.61550903320312 -24327.794921875
v -1951.193603515625 412.2286376953125 -24325.56640625
v -1893.413818359375 449.28787231445312 -24296.2109375
v -1910.4251708984375 451.45413208007812 -24284.083984375
v -1906.7138671875 446.65972900390625 -24284.083984375
v -1900.8363037109375 458.87667846679688 -24296.2109375
v -1901.0062255859375 458.74508666992188 -24293.939453125
v -1901.50927734375 458.35574340820312 -24291.748046875
v -1902.4110107421875 457.65774536132812 -24289.5546875
v -1903.64453125 456.70291137695312 -24287.63671875
v -1905.160888671875 455.52902221679688 -24286.076171875
v -1906.8953857421875 454.1864013671875 -24284.935546875
v -1908.6285400390625 452.84481811523438 -24284.298828125
v -1903.0025634765625 441.86532592773438 -24284.083984375
v -1901.2059326171875 443.25604248046875 -24284.298828125
v -1899.472900390625 444.59759521484375 -24284.935546875
v -1897.7384033203125 445.94024658203125 -24286.076171875
v -1896.221923828125 447.11410522460938 -24287.63671875
v -1894.9884033203125 448.06893920898438 -24289.5546875
v -1894.086669921875 448.7669677734375 -24291.748046875
v -1893.583740234375 449.15631103515625 -24293.939453125
v -1938.0494384765625 414.73605346679688 -24284.083984375
v -1941.7607421875 419.53045654296875 -24284.083984375
v -1951.3494873046875 412.10791015625 -24296.2109375
v -1955.060791015625 416.90231323242188 -24296.2109375
v -1945.4720458984375 424.32485961914062 -24284.083984375
v -1947.2685546875 422.93414306640625 -24284.298828125
v -1949.001708984375 421.59259033203125 -24284.935546875
v -1950.7362060546875 420.24993896484375 -24286.076171875
v -1952.252685546875 419.07608032226562 -24287.63671875
v -1953.4862060546875 418.12124633789062 -24289.5546875
v -1954.387939453125 417.4232177734375 -24291.748046875
v -1954.890869140625 417.03387451171875 -24293.939453125
v -1947.6383056640625 407.31350708007812 -24296.2109375
v -1947.46826171875 407.445068359375 -24293.939453125
v -1946.96533203125 407.83441162109375 -24291.748046875
v -1946.0635986328125 408.53244018554688 -24289.5546875
v -1944.830078125 409.48727416992188 -24287.63671875
v -1943.3135986328125 410.6611328125 -24286.076171875
v -1941.5791015625 412.0037841796875 -24284.935546875
v -1939.8460693359375 413.3453369140625 -24284.298828125
v -1945.4036865234375 416.71054077148438 -24284.994140625
v -1947.11083984375 415.3890380859375 -24286.1484375
v -1948.611328125 414.2275390625 -24287.7265625
v -1949.8267822265625 413.28662109375 -24289.654296875
v -1950.69384765625 412.61550903320312 -24291.802734375
v -1951.193603515625 412.2286376953125 -24294.033203125
v -1975.892578125 400.77679443359375 -24364.3671875
v -1985.4813232421875 393.354248046875 -24352.240234375
v -1978.9736328125 400.93930053710938 -24363.966796875
v -1980.9163818359375 399.71514892578125 -24363.224609375
v -1982.6339111328125 398.551513671875 -24362.0703125
v -1984.078125 397.48480224609375 -24360.55859375
v -1985.215576171875 396.54147338867188 -24358.734375
v -1986.003662109375 395.7568359375 -24356.66796875
v -1986.4129638671875 395.16033935546875 -24354.435546875
v -1979.8167724609375 402.71063232421875 -24363.548828125
v -1981.8519287109375 401.68093872070312 -24362.76171875
v -1983.62451171875 400.63265991210938 -24361.580078125
v -1985.085693359375 399.60159301757812 -24360.060546875
v -1986.2022705078125 398.61459350585938 -24358.24609375
v -1986.9326171875 397.70858764648438 -24356.20703125
v -1987.249267578125 396.91754150390625 -24354.021484375
v -1980.36083984375 404.5159912109375 -24362.875
v -1982.455810546875 403.6844482421875 -24362.013671875
v -1984.2637939453125 402.75375366210938 -24360.787109375
v -1985.73583984375 401.75900268554688 -24359.25390625
v -1986.839111328125 400.72747802734375 -24357.45703125
v -1987.5322265625 399.69775390625 -24355.46484375
v -1987.7890625 398.70849609375 -24353.3515625
v -1980.586181640625 406.28759765625 -24361.96875
v -1982.7059326171875 405.65054321289062 -24361.0078125
v -1984.528564453125 404.83523559570312 -24359.72265625
v -1986.0052490234375 403.87612915039062 -24358.169921875
v -1987.1029052734375 402.8009033203125 -24356.396484375
v -1987.780517578125 401.64981079101562 -24354.466796875
v -1982.5894775390625 407.5220947265625 -24359.76953125
v -1984.4051513671875 406.81661987304688 -24358.412109375
v -1985.8797607421875 405.89144897460938 -24356.837890625
v -1986.97998046875 404.77459716796875 -24355.08984375
v -1987.664794921875 403.50796508789062 -24353.236328125
v -1983.9000244140625 408.58026123046875 -24356.93359375
v -1985.365966796875 407.685302734375 -24355.333984375
v -1986.476806640625 406.53143310546875 -24353.6171875
v -1976.5595703125 401.63836669921875 -24364.31640625
v -1977.2431640625 402.52157592773438 -24364.1640625
v -1977.9349365234375 403.41522216796875 -24363.8984375
v -1978.624755859375 404.30636596679688 -24363.515625
v -1979.3017578125 405.18087768554688 -24363.01171875
v -1979.9542236328125 406.02386474609375 -24362.390625
v -1980.5709228515625 406.82058715820312 -24361.654296875
v -1981.14111328125 407.55709838867188 -24360.814453125
v -1981.655029296875 408.2210693359375 -24359.8828125
v -1982.105224609375 408.80255126953125 -24358.875
v -1982.48583984375 409.29437255859375 -24357.810546875
v -1982.7939453125 409.69232177734375 -24356.703125
v -1983.028564453125 409.99545288085938 -24355.576171875
v -1983.191162109375 410.20550537109375 -24354.447265625
v -1983.2850341796875 410.3267822265625 -24353.330078125
v -1983.3150634765625 410.36557006835938 -24352.240234375
v -1984.146728515625 409.65985107421875 -24352.240234375
v -1984.93603515625 408.8548583984375 -24352.240234375
v -1985.6669921875 407.95306396484375 -24352.240234375
v -1986.3236083984375 406.96014404296875 -24352.240234375
v -1986.8900146484375 405.88522338867188 -24352.240234375
v -1987.352294921875 404.74087524414062 -24352.240234375
v -1987.6988525390625 403.54266357421875 -24352.240234375
v -1987.92138671875 402.30856323242188 -24352.240234375
v -1988.0152587890625 401.05807495117188 -24352.240234375
v -1987.97998046875 399.81121826171875 -24352.240234375
v -1987.8193359375 398.58755493164062 -24352.240234375
v -1987.540283203125 397.40496826171875 -24352.240234375
v -1987.153564453125 396.27920532226562 -24352.240234375
v -1986.671875 395.22296142578125 -24352.240234375
v -1986.1094970703125 394.245849609375 -24352.240234375
v -1985.3837890625 393.42977905273438 -24353.966796875
v -1985.0928955078125 393.6549072265625 -24355.65625
v -1984.6148681640625 394.02499389648438 -24357.27734375
v -1983.959228515625 394.53253173828125 -24358.796875
v -1983.1392822265625 395.16720581054688 -24360.181640625
v -1982.171875 395.91604614257812 -24361.404296875
v -1981.07666015625 396.76385498046875 -24362.44140625
v -1979.8758544921875 397.693359375 -24363.26953125
v -1978.593994140625 398.68560791015625 -24363.875
v -1977.2572021484375 399.72042846679688 -24364.2421875
v -1880.0045166015625 475.002197265625 -24364.3671875
v -1887.4271240234375 484.59100341796875 -24352.240234375
v -1879.842041015625 478.083251953125 -24363.966796875
v -1881.066162109375 480.02597045898438 -24363.224609375
v -1882.2298583984375 481.7435302734375 -24362.0703125
v -1883.2965087890625 483.187744140625 -24360.55859375
v -1884.2398681640625 484.32522583007812 -24358.734375
v -1885.0245361328125 485.11334228515625 -24356.66796875
v -1885.6209716796875 485.5225830078125 -24354.435546875
v -1878.0706787109375 478.92636108398438 -24363.548828125
v -1879.1004638671875 480.96160888671875 -24362.76171875
v -1880.148681640625 482.73410034179688 -24361.580078125
v -1881.1796875 484.19525146484375 -24360.060546875
v -1882.166748046875 485.31195068359375 -24358.24609375
v -1883.07275390625 486.04229736328125 -24356.20703125
v -1883.86376953125 486.35894775390625 -24354.021484375
v -1876.265380859375 479.470458984375 -24362.875
v -1877.096923828125 481.5654296875 -24362.013671875
v -1878.027587890625 483.37335205078125 -24360.787109375
v -1879.0223388671875 484.84548950195312 -24359.25390625
v -1880.0538330078125 485.94873046875 -24357.45703125
v -1881.0836181640625 486.64181518554688 -24355.46484375
v -1882.0728759765625 486.89871215820312 -24353.3515625
v -1874.4937744140625 479.69586181640625 -24361.96875
v -1875.1307373046875 481.81558227539062 -24361.0078125
v -1875.946044921875 483.63821411132812 -24359.72265625
v -1876.9051513671875 485.11483764648438 -24358.169921875
v -1877.98046875 486.21255493164062 -24356.396484375
v -1879.131591796875 486.89016723632812 -24354.466796875
v -1873.25927734375 481.69906616210938 -24359.76953125
v -1873.9647216796875 483.51483154296875 -24358.412109375
v -1874.889892578125 484.98934936523438 -24356.837890625
v -1876.0067138671875 486.08966064453125 -24355.08984375
v -1877.2734375 486.77447509765625 -24353.236328125
v -1872.2010498046875 483.00967407226562 -24356.93359375
v -1873.0960693359375 484.47555541992188 -24355.333984375
v -1874.2498779296875 485.58645629882812 -24353.6171875
v -1887.3970947265625 484.55221557617188 -24353.330078125
v -1887.30322265625 484.430908203125 -24354.447265625
v -1887.140625 484.22085571289062 -24355.576171875
v -1886.906005859375 483.91775512695312 -24356.703125
v -1886.597900390625 483.519775390625 -24357.810546875
v -1886.2171630859375 483.02798461914062 -24358.875
v -1885.76708984375 482.44650268554688 -24359.8828125
v -1885.2530517578125 481.78250122070312 -24360.814453125
v -1884.6829833984375 481.04598999023438 -24361.654296875
v -1884.0662841796875 480.249267578125 -24362.390625
v -1883.4136962890625 479.40628051757812 -24363.01171875
v -1882.73681640625 478.53176879882812 -24363.515625
v -1882.046875 477.640625 -24363.8984375
v -1881.355224609375 476.74700927734375 -24364.1640625
v -1880.6715087890625 475.86380004882812 -24364.31640625
v -1879.1429443359375 475.66915893554688 -24364.31640625
v -1878.259765625 476.35281372070312 -24364.1640625
v -1877.3660888671875 477.0445556640625 -24363.8984375
v -1876.4749755859375 477.73440551757812 -24363.515625
v -1875.6004638671875 478.41131591796875 -24363.01171875
v -1874.7574462890625 479.06387329101562 -24362.390625
v -1873.9608154296875 479.68060302734375 -24361.654296875
v -1873.2242431640625 480.250732421875 -24360.814453125
v -1872.560302734375 480.76470947265625 -24359.8828125
v -1871.978759765625 481.21484375 -24358.875
v -1871.4869384765625 481.59552001953125 -24357.810546875
v -1871.0889892578125 481.90359497070312 -24356.703125
v -1870.785888671875 482.13821411132812 -24355.576171875
v -1870.5758056640625 482.30081176757812 -24354.447265625
v -1870.45458984375 482.39471435546875 -24353.330078125
v -1870.415771484375 482.42474365234375 -24352.240234375
v -1871.1214599609375 483.25631713867188 -24352.240234375
v -1871.926513671875 484.04562377929688 -24352.240234375
v -1872.8282470703125 484.77667236328125 -24352.240234375
v -1873.8211669921875 485.43316650390625 -24352.240234375
v -1874.8961181640625 485.99960327148438 -24352.240234375
v -1876.0404052734375 486.4619140625 -24352.240234375
v -1877.2386474609375 486.80850219726562 -24352.240234375
v -1878.4727783203125 487.03103637695312 -24352.240234375
v -1879.7232666015625 487.12490844726562 -24352.240234375
v -1880.9700927734375 487.08966064453125 -24352.240234375
v -1882.19384765625 486.92889404296875 -24352.240234375
v -1883.3763427734375 486.64996337890625 -24352.240234375
v -1884.502197265625 486.26324462890625 -24352.240234375
v -1885.558349609375 485.78155517578125 -24352.240234375
v -1886.5355224609375 485.21914672851562 -24352.240234375
v -1862.084716796875 459.55105590820312 -24353.814453125
v -1863.2337646484375 458.42208862304688 -24355.521484375
v -1864.733154296875 457.55511474609375 -24357.107421875
v -1860.8504638671875 462.58224487304688 -24353.421875
v -1861.584716796875 461.31478881835938 -24355.291015625
v -1862.7252197265625 460.21600341796875 -24357.0234375
v -1864.235107421875 459.31201171875 -24358.576171875
v -1866.0577392578125 458.63662719726562 -24359.892578125
v -1860.463134765625 465.65036010742188 -24352.578125
v -1860.7371826171875 464.43435668945312 -24354.64453125
v -1861.46484375 463.27557373046875 -24356.5859375
v -1862.603271484375 462.21038818359375 -24358.33984375
v -1864.1156005859375 461.26519775390625 -24359.865234375
v -1865.9453125 460.47549438476562 -24361.107421875
v -1860.6927490234375 467.44174194335938 -24353.494140625
v -1860.9920654296875 466.42242431640625 -24355.66015625
v -1861.7347412109375 465.38031005859375 -24357.66015625
v -1862.8778076171875 464.35113525390625 -24359.43359375
v -1864.3843994140625 463.36178588867188 -24360.9375
v -1866.1983642578125 462.44931030273438 -24362.115234375
v -1868.25146484375 461.64791870117188 -24362.921875
v -1861.2413330078125 469.24981689453125 -24354.166015625
v -1861.6009521484375 468.428955078125 -24356.40625
v -1862.3792724609375 467.50457763671875 -24358.451171875
v -1863.5333251953125 466.51181030273438 -24360.23828125
v -1865.0264892578125 465.47784423828125 -24361.724609375
v -1866.802734375 464.44149780273438 -24362.85546875
v -1868.795654296875 463.44155883789062 -24363.58984375
v -1862.08642578125 471.01763916015625 -24354.580078125
v -1862.538818359375 470.39080810546875 -24356.8671875
v -1863.3721923828125 469.58160400390625 -24358.9375
v -1864.543212890625 468.6243896484375 -24360.732421875
v -1866.015625 467.54684448242188 -24362.208984375
v -1867.7340087890625 466.38934326171875 -24363.3125
v -1869.634033203125 465.19528198242188 -24364
v -1862.9931640625 472.8359375 -24352.240234375
v -1872.58203125 465.41339111328125 -24364.3671875
v -1871.9150390625 464.55178833007812 -24364.31640625
v -1871.2314453125 463.6685791015625 -24364.1640625
v -1870.5396728515625 462.77496337890625 -24363.8984375
v -1869.849853515625 461.88381958007812 -24363.515625
v -1869.1728515625 461.00930786132812 -24363.01171875
v -1868.5203857421875 460.16632080078125 -24362.390625
v -1867.903564453125 459.36959838867188 -24361.654296875
v -1867.33349609375 458.63308715820312 -24360.814453125
v -1866.8194580078125 457.96908569335938 -24359.8828125
v -1866.369384765625 457.38760375976562 -24358.875
v -1865.9886474609375 456.89581298828125 -24357.810546875
v -1865.6806640625 456.49783325195312 -24356.703125
v -1865.446044921875 456.19473266601562 -24355.576171875
v -1865.283447265625 455.98468017578125 -24354.447265625
v -1865.189453125 455.86337280273438 -24353.330078125
v -1865.159423828125 455.8245849609375 -24352.240234375
v -1864.327880859375 456.53033447265625 -24352.240234375
v -1863.53857421875 457.33529663085938 -24352.240234375
v -1862.8076171875 458.23709106445312 -24352.240234375
v -1862.1510009765625 459.23004150390625 -24352.240234375
v -1861.5845947265625 460.30496215820312 -24352.240234375
v -1861.122314453125 461.44931030273438 -24352.240234375
v -1860.7757568359375 462.64752197265625 -24352.240234375
v -1860.55322265625 463.88162231445312 -24352.240234375
v -1860.4593505859375 465.13211059570312 -24352.240234375
v -1860.4945068359375 466.37893676757812 -24352.240234375
v -1860.6552734375 467.60263061523438 -24352.240234375
v -1860.9342041015625 468.78518676757812 -24352.240234375
v -1861.3209228515625 469.91098022460938 -24352.240234375
v -1861.8026123046875 470.96722412109375 -24352.240234375
v -1862.3651123046875 471.94430541992188 -24352.240234375
v -1863.0908203125 472.7603759765625 -24353.966796875
v -1863.381591796875 472.5352783203125 -24355.65625
v -1863.8597412109375 472.16519165039062 -24357.27734375
v -1864.515380859375 471.65762329101562 -24358.796875
v -1865.3353271484375 471.02297973632812 -24360.181640625
v -1866.302734375 470.27413940429688 -24361.404296875
v -1867.39794921875 469.42633056640625 -24362.44140625
v -1868.5986328125 468.496826171875 -24363.26953125
v -1869.8804931640625 467.50457763671875 -24363.875
v -1871.2174072265625 466.4697265625 -24364.2421875
v -1974.3323974609375 380.69073486328125 -24353.814453125
v -1975.4613037109375 381.83978271484375 -24355.521484375
v -1976.328369140625 383.339111328125 -24357.107421875
v -1971.3011474609375 379.45645141601562 -24353.421875
v -1972.568603515625 380.19070434570312 -24355.291015625
v -1973.6673583984375 381.33120727539062 -24357.0234375
v -1974.5714111328125 382.841064453125 -24358.576171875
v -1975.246826171875 384.66366577148438 -24359.892578125
v -1968.2330322265625 379.06903076171875 -24352.578125
v -1969.4490966796875 379.34317016601562 -24354.64453125
v -1970.6077880859375 380.07080078125 -24356.5859375
v -1971.673095703125 381.209228515625 -24358.33984375
v -1972.6181640625 382.72158813476562 -24359.865234375
v -1973.407958984375 384.55120849609375 -24361.107421875
v -1966.441650390625 379.29873657226562 -24353.494140625
v -1967.4610595703125 379.59808349609375 -24355.66015625
v -1968.503173828125 380.34063720703125 -24357.66015625
v -1969.5322265625 381.48370361328125 -24359.43359375
v -1970.5216064453125 382.99041748046875 -24360.9375
v -1971.43408203125 384.80429077148438 -24362.115234375
v -1972.2354736328125 386.85739135742188 -24362.921875
v -1964.6336669921875 379.8472900390625 -24354.166015625
v -1965.4544677734375 380.20687866210938 -24356.40625
v -1966.3787841796875 380.98516845703125 -24358.451171875
v -1967.37158203125 382.1392822265625 -24360.23828125
v -1968.405517578125 383.6324462890625 -24361.724609375
v -1969.44189453125 385.40872192382812 -24362.85546875
v -1970.44189453125 387.40158081054688 -24363.58984375
v -1962.8658447265625 380.69244384765625 -24354.580078125
v -1963.4925537109375 381.144775390625 -24356.8671875
v -1964.3018798828125 381.9781494140625 -24358.9375
v -1965.259033203125 383.14923095703125 -24360.732421875
v -1966.3365478515625 384.62155151367188 -24362.208984375
v -1967.494140625 386.33993530273438 -24363.3125
v -1968.6881103515625 388.239990234375 -24364
v -1961.0474853515625 381.59918212890625 -24352.240234375
v -1968.469970703125 391.18798828125 -24364.3671875
v -1969.3316650390625 390.52102661132812 -24364.31640625
v -1970.21484375 389.83734130859375 -24364.1640625
v -1971.1085205078125 389.14559936523438 -24363.8984375
v -1971.9996337890625 388.45578002929688 -24363.515625
v -1972.8741455078125 387.77883911132812 -24363.01171875
v -1973.7171630859375 387.12628173828125 -24362.390625
v -1974.5137939453125 386.50955200195312 -24361.654296875
v -1975.2503662109375 385.939453125 -24360.814453125
v -1975.914306640625 385.42547607421875 -24359.8828125
v -1976.495849609375 384.975341796875 -24358.875
v -1976.987548828125 384.59466552734375 -24357.810546875
v -1977.3856201171875 384.28659057617188 -24356.703125
v -1977.688720703125 384.05194091796875 -24355.576171875
v -1977.8988037109375 383.88934326171875 -24354.447265625
v -1978.02001953125 383.79547119140625 -24353.330078125
v -1978.058837890625 383.76544189453125 -24352.240234375
v -1977.3531494140625 382.93386840820312 -24352.240234375
v -1976.548095703125 382.14456176757812 -24352.240234375
v -1975.6463623046875 381.41351318359375 -24352.240234375
v -1974.6534423828125 380.75698852539062 -24352.240234375
v -1973.5784912109375 380.19058227539062 -24352.240234375
v -1972.43408203125 379.728271484375 -24352.240234375
v -1971.2359619140625 379.38165283203125 -24352.240234375
v -1970.0018310546875 379.15914916992188 -24352.240234375
v -1968.7513427734375 379.06527709960938 -24352.240234375
v -1967.5045166015625 379.10049438476562 -24352.240234375
v -1966.28076171875 379.26126098632812 -24352.240234375
v -1965.0982666015625 379.54022216796875 -24352.240234375
v -1963.972412109375 379.92694091796875 -24352.240234375
v -1962.916259765625 380.40863037109375 -24352.240234375
v -1961.9390869140625 380.97100830078125 -24352.240234375
v -1961.123046875 381.69677734375 -24353.966796875
v -1961.34814453125 381.98757934570312 -24355.65625
v -1961.71826171875 382.4656982421875 -24357.27734375
v -1962.225830078125 383.12136840820312 -24358.796875
v -1962.8604736328125 383.94125366210938 -24360.181640625
v -1963.6092529296875 384.90866088867188 -24361.404296875
v -1964.4571533203125 386.00387573242188 -24362.44140625
v -1965.3865966796875 387.20465087890625 -24363.26953125
v -1966.37890625 388.48651123046875 -24363.875
v -1967.4136962890625 389.8233642578125 -24364.2421875
v -1887.4271240234375 484.59100341796875 -24267.359375
v -1880.0045166015625 475.002197265625 -24255.232421875
v -1885.58984375 485.50851440429688 -24265.021484375
v -1884.9609375 485.057373046875 -24262.736328125
v -1884.1505126953125 484.2247314453125 -24260.666015625
v -1883.19287109375 483.0538330078125 -24258.87109375
v -1882.1158447265625 481.58123779296875 -24257.39453125
v -1880.9595947265625 479.86212158203125 -24256.291015625
v -1879.767578125 477.96090698242188 -24255.6015625
v -1883.8184814453125 486.35162353515625 -24265.439453125
v -1882.9951171875 485.99301147460938 -24263.19921875
v -1882.0693359375 485.21527099609375 -24261.15625
v -1881.0760498046875 484.06137084960938 -24259.369140625
v -1880.042724609375 482.56796264648438 -24257.8828125
v -1879.0078125 480.79107666015625 -24256.75
v -1878.0103759765625 478.79727172851562 -24256.015625
v -1882.01318359375 486.89572143554688 -24266.11328125
v -1880.9915771484375 486.59683227539062 -24263.94921875
v -1879.9482421875 485.85455322265625 -24261.94921875
v -1878.918701171875 484.71157836914062 -24260.17578125
v -1877.9298095703125 483.20477294921875 -24258.671875
v -1877.0186767578125 481.39059448242188 -24257.494140625
v -1876.219482421875 479.3370361328125 -24256.685546875
v -1880.241455078125 487.12112426757812 -24267.01953125
v -1879.0255126953125 486.84698486328125 -24264.953125
v -1877.86669921875 486.119384765625 -24263.013671875
v -1876.801513671875 484.98092651367188 -24261.259765625
v -1875.8563232421875 483.46856689453125 -24259.732421875
v -1875.066650390625 481.63894653320312 -24258.4921875
v -1877.1539306640625 486.73046875 -24266.19140625
v -1875.8853759765625 485.99600219726562 -24264.32421875
v -1874.7862548828125 484.85546875 -24262.591796875
v -1873.8826904296875 483.34567260742188 -24261.037109375
v -1873.20849609375 481.52325439453125 -24259.720703125
v -1874.1217041015625 485.49087524414062 -24265.802734375
v -1872.992431640625 484.3416748046875 -24264.095703125
v -1872.1258544921875 482.84249877929688 -24262.51171875
v -1886.5355224609375 485.21914672851562 -24267.359375
v -1885.558349609375 485.78155517578125 -24267.359375
v -1884.502197265625 486.26324462890625 -24267.359375
v -1883.3763427734375 486.64996337890625 -24267.359375
v -1882.19384765625 486.92889404296875 -24267.359375
v -1880.9700927734375 487.08966064453125 -24267.359375
v -1879.7232666015625 487.12490844726562 -24267.359375
v -1878.4727783203125 487.03103637695312 -24267.359375
v -1877.2386474609375 486.80850219726562 -24267.359375
v -1876.0404052734375 486.4619140625 -24267.359375
v -1874.8961181640625 485.99960327148438 -24267.359375
v -1873.8211669921875 485.43316650390625 -24267.359375
v -1872.8282470703125 484.77667236328125 -24267.359375
v -1871.926513671875 484.04562377929688 -24267.359375
v -1871.1214599609375 483.25631713867188 -24267.359375
v -1870.415771484375 482.42474365234375 -24267.359375
v -1870.45458984375 482.39471435546875 -24266.26953125
v -1870.5758056640625 482.30081176757812 -24265.15234375
v -1870.785888671875 482.13821411132812 -24264.021484375
v -1871.0889892578125 481.90359497070312 -24262.89453125
v -1871.4869384765625 481.59552001953125 -24261.7890625
v -1871.978759765625 481.21484375 -24260.72265625
v -1872.560302734375 480.76470947265625 -24259.71484375
v -1873.2242431640625 480.250732421875 -24258.783203125
v -1873.9608154296875 479.68060302734375 -24257.9453125
v -1874.7574462890625 479.06387329101562 -24257.208984375
v -1875.6004638671875 478.41131591796875 -24256.587890625
v -1876.4749755859375 477.73440551757812 -24256.083984375
v -1877.3660888671875 477.0445556640625 -24255.701171875
v -1878.259765625 476.35281372070312 -24255.435546875
v -1879.1429443359375 475.66915893554688 -24255.28125
v -1880.6715087890625 475.86380004882812 -24255.28125
v -1881.355224609375 476.74700927734375 -24255.435546875
v -1882.046875 477.640625 -24255.701171875
v -1882.73681640625 478.53176879882812 -24256.083984375
v -1883.4136962890625 479.40628051757812 -24256.587890625
v -1884.0662841796875 480.249267578125 -24257.208984375
v -1884.6829833984375 481.04598999023438 -24257.9453125
v -1885.2530517578125 481.78250122070312 -24258.783203125
v -1885.76708984375 482.44650268554688 -24259.71484375
v -1886.2171630859375 483.02798461914062 -24260.72265625
v -1886.597900390625 483.519775390625 -24261.7890625
v -1886.906005859375 483.91775512695312 -24262.89453125
v -1887.140625 484.22085571289062 -24264.021484375
v -1887.30322265625 484.430908203125 -24265.15234375
v -1887.3970947265625 484.55221557617188 -24266.26953125
v -1872.58203125 465.41339111328125 -24255.232421875
v -1865.159423828125 455.8245849609375 -24267.359375
v -1869.55859375 464.79855346679688 -24255.630859375
v -1867.984619140625 463.1265869140625 -24256.373046875
v -1866.613525390625 461.56961059570312 -24257.52734375
v -1865.4827880859375 460.17501831054688 -24259.0390625
v -1864.6180419921875 458.97671508789062 -24260.86328125
v -1864.0516357421875 458.01962280273438 -24262.931640625
v -1863.804931640625 457.33956909179688 -24265.1640625
v -1868.2984619140625 466.30206298828125 -24256.048828125
v -1866.586181640625 464.79513549804688 -24256.8359375
v -1865.133056640625 463.33612060546875 -24258.017578125
v -1863.976806640625 461.97177124023438 -24259.5390625
v -1863.1431884765625 460.73635864257812 -24261.3515625
v -1862.6632080078125 459.67623901367188 -24263.390625
v -1862.554931640625 458.83111572265625 -24265.578125
v -1867.3192138671875 467.91342163085938 -24256.724609375
v -1865.49951171875 466.5833740234375 -24257.5859375
v -1863.9825439453125 465.22927856445312 -24258.810546875
v -1862.8067626953125 463.89736938476562 -24260.345703125
v -1861.9971923828125 462.62222290039062 -24262.142578125
v -1861.5843505859375 461.45169067382812 -24264.134765625
v -1861.58349609375 460.42962646484375 -24266.248046875
v -1866.656982421875 469.572021484375 -24257.630859375
v -1864.7646484375 468.42404174804688 -24258.591796875
v -1863.2044677734375 467.177978515625 -24259.876953125
v -1862.015380859375 465.87939453125 -24261.427734375
v -1861.22216796875 464.56338500976562 -24263.203125
v -1860.8546142578125 463.27920532226562 -24265.1328125
v -1864.4083251953125 470.26504516601562 -24259.828125
v -1862.827392578125 469.12704467773438 -24261.185546875
v -1861.6317138671875 467.86184692382812 -24262.76171875
v -1860.846435546875 466.5048828125 -24264.5078125
v -1860.5009765625 465.1070556640625 -24266.361328125
v -1862.8743896484375 470.96099853515625 -24262.666015625
v -1861.6795654296875 469.72720336914062 -24264.265625
v -1860.893310546875 468.33175659179688 -24265.98046875
v -1871.720458984375 466.08035278320312 -24255.28125
v -1870.837158203125 466.7640380859375 -24255.435546875
v -1869.943603515625 467.45578002929688 -24255.701171875
v -1869.052490234375 468.14559936523438 -24256.083984375
v -1868.177978515625 468.82254028320312 -24256.587890625
v -1867.3349609375 469.47509765625 -24257.208984375
v -1866.5382080078125 470.091796875 -24257.9453125
v -1865.8017578125 470.66192626953125 -24258.783203125
v -1865.1376953125 471.1759033203125 -24259.71484375
v -1864.5562744140625 471.62603759765625 -24260.72265625
v -1864.064453125 472.0067138671875 -24261.7890625
v -1863.66650390625 472.31478881835938 -24262.89453125
v -1863.3634033203125 472.54940795898438 -24264.021484375
v -1863.1533203125 472.71200561523438 -24265.15234375
v -1863.031982421875 472.805908203125 -24266.26953125
v -1862.9931640625 472.8359375 -24267.359375
v -1862.3651123046875 471.94430541992188 -24267.359375
v -1861.8026123046875 470.96722412109375 -24267.359375
v -1861.3209228515625 469.91098022460938 -24267.359375
v -1860.9342041015625 468.78518676757812 -24267.359375
v -1860.6552734375 467.60263061523438 -24267.359375
v -1860.4945068359375 466.37893676757812 -24267.359375
v -1860.4593505859375 465.13211059570312 -24267.359375
v -1860.55322265625 463.88162231445312 -24267.359375
v -1860.7757568359375 462.64752197265625 -24267.359375
v -1861.122314453125 461.44931030273438 -24267.359375
v -1861.5845947265625 460.30496215820312 -24267.359375
v -1862.1510009765625 459.23004150390625 -24267.359375
v -1862.8076171875 458.23709106445312 -24267.359375
v -1863.53857421875 457.33529663085938 -24267.359375
v -1864.327880859375 456.53033447265625 -24267.359375
v -1865.2349853515625 455.92218017578125 -24265.6328125
v -1865.4600830078125 456.2130126953125 -24263.94140625
v -1865.8302001953125 456.69110107421875 -24262.3203125
v -1866.3377685546875 457.34677124023438 -24260.802734375
v -1866.972412109375 458.16665649414062 -24259.41796875
v -1867.7213134765625 459.13406372070312 -24258.193359375
v -1868.569091796875 460.22930908203125 -24257.158203125
v -1869.49853515625 461.4300537109375 -24256.328125
v -1870.4908447265625 462.7119140625 -24255.724609375
v -1871.525634765625 464.04876708984375 -24255.35546875
v -1980.5867919921875 399.06787109375 -24256.30859375
v -1980.3662109375 401.44247436523438 -24256.107421875
v -1979.966064453125 403.81643676757812 -24256.349609375
v -1982.5732421875 397.00799560546875 -24257.966796875
v -1982.65380859375 399.33108520507812 -24257.396484375
v -1982.470947265625 401.71047973632812 -24257.21484375
v -1982.0255126953125 404.07870483398438 -24257.43359375
v -1981.343505859375 406.29541015625 -24258.037109375
v -1984.2843017578125 397.22589111328125 -24259.357421875
v -1984.4686279296875 399.56219482421875 -24258.873046875
v -1984.31884765625 401.94580078125 -24258.716796875
v -1983.8338623046875 404.3089599609375 -24258.90234375
v -1983.0416259765625 406.51162719726562 -24259.41796875
v -1985.0504150390625 395.1875 -24261.70703125
v -1985.7044677734375 397.40673828125 -24261.080078125
v -1985.9749755859375 399.7540283203125 -24260.69921875
v -1985.852783203125 402.14114379882812 -24260.578125
v -1985.3348388671875 404.5001220703125 -24260.724609375
v -1984.450927734375 406.69113159179688 -24261.12890625
v -1983.2347412109375 408.64825439453125 -24261.775390625
v -1985.99072265625 395.3072509765625 -24263.466796875
v -1986.7490234375 397.53976440429688 -24263.03515625
v -1987.0830078125 399.89511108398438 -24262.771484375
v -1986.98095703125 402.2847900390625 -24262.6875
v -1986.4388427734375 404.64068603515625 -24262.7890625
v -1985.4876708984375 406.8231201171875 -24263.06640625
v -1984.163818359375 408.76657104492188 -24263.513671875
v -1986.56884765625 395.38088989257812 -24265.373046875
v -1987.391357421875 397.62155151367188 -24265.154296875
v -1987.7642822265625 399.98187255859375 -24265.01953125
v -1987.6746826171875 402.37313842773438 -24264.9765625
v -1987.11767578125 404.72714233398438 -24265.02734375
v -1986.1251220703125 406.904296875 -24265.169921875
v -1984.7349853515625 408.83929443359375 -24265.396484375
v -1985.4813232421875 393.354248046875 -24267.359375
v -1983.3150634765625 410.36557006835938 -24267.359375
v -1983.2850341796875 410.3267822265625 -24266.26953125
v -1983.191162109375 410.20550537109375 -24265.15234375
v -1983.028564453125 409.99545288085938 -24264.021484375
v -1982.7939453125 409.69232177734375 -24262.89453125
v -1982.48583984375 409.29437255859375 -24261.7890625
v -1982.105224609375 408.80255126953125 -24260.72265625
v -1981.655029296875 408.2210693359375 -24259.71484375
v -1981.14111328125 407.55709838867188 -24258.783203125
v -1980.5709228515625 406.82058715820312 -24257.9453125
v -1979.9542236328125 406.02386474609375 -24257.208984375
v -1979.3017578125 405.18087768554688 -24256.587890625
v -1978.624755859375 404.30636596679688 -24256.083984375
v -1977.9349365234375 403.41522216796875 -24255.701171875
v -1977.2431640625 402.52157592773438 -24255.435546875
v -1976.5595703125 401.63836669921875 -24255.28125
v -1975.892578125 400.77679443359375 -24255.232421875
v -1976.754150390625 400.10983276367188 -24255.28125
v -1977.6373291015625 399.4261474609375 -24255.435546875
v -1978.531005859375 398.73440551757812 -24255.701171875
v -1979.422119140625 398.04458618164062 -24256.083984375
v -1980.296630859375 397.36764526367188 -24256.587890625
v -1981.1396484375 396.715087890625 -24257.208984375
v -1981.9364013671875 396.09835815429688 -24257.9453125
v -1982.6728515625 395.52825927734375 -24258.783203125
v -1983.3369140625 395.01425170898438 -24259.71484375
v -1983.9183349609375 394.56414794921875 -24260.72265625
v -1984.41015625 394.18344116210938 -24261.7890625
v -1984.80810546875 393.87539672851562 -24262.89453125
v -1985.1112060546875 393.6407470703125 -24264.021484375
v -1985.3212890625 393.4781494140625 -24265.15234375
v -1985.442626953125 393.38427734375 -24266.26953125
v -1986.4400634765625 394.79443359375 -24267.359375
v -1987.18408203125 396.35638427734375 -24267.359375
v -1987.6982421875 398.00833129882812 -24267.359375
v -1987.97216796875 399.71664428710938 -24267.359375
v -1988 401.446533203125 -24267.359375
v -1987.781494140625 403.16278076171875 -24267.359375
v -1987.3209228515625 404.83047485351562 -24267.359375
v -1986.627685546875 406.41561889648438 -24267.359375
v -1985.7159423828125 407.885986328125 -24267.359375
v -1984.604248046875 409.21163940429688 -24267.359375
v -1976.2755126953125 383.22097778320312 -24262.599609375
v -1975.368408203125 381.71939086914062 -24264.228515625
v -1974.17822265625 380.57644653320312 -24265.998046875
v -1975.2176513671875 384.56204223632812 -24259.76953125
v -1974.5137939453125 382.72152709960938 -24261.126953125
v -1973.574462890625 381.2108154296875 -24262.728515625
v -1972.4228515625 380.07879638671875 -24264.529296875
v -1971.1265869140625 379.39340209960938 -24266.42578125
v -1973.37109375 384.44912719726562 -24258.548828125
v -1972.55517578125 382.60174560546875 -24259.833984375
v -1971.580078125 381.08883666992188 -24261.41015625
v -1970.47119140625 379.95944213867188 -24263.240234375
v -1969.2940673828125 379.28131103515625 -24265.21484375
v -1972.2127685546875 386.79116821289062 -24256.6953125
v -1971.3890380859375 384.7032470703125 -24257.537109375
v -1970.4527587890625 382.87130737304688 -24258.759765625
v -1969.439208984375 381.36334228515625 -24260.318359375
v -1968.3763427734375 380.22802734375 -24262.171875
v -1967.3270263671875 379.53350830078125 -24264.2109375
v -1966.32373046875 379.29440307617188 -24266.37109375
v -1970.411865234375 387.3375244140625 -24256.025390625
v -1969.3885498046875 385.31024169921875 -24256.79296875
v -1968.330810546875 383.51510620117188 -24257.970703125
v -1967.278564453125 382.01889038085938 -24259.513671875
v -1966.2620849609375 380.86953735351562 -24261.384765625
v -1965.3416748046875 380.13589477539062 -24263.47265625
v -1964.5445556640625 379.834228515625 -24265.708984375
v -1968.651123046875 388.17929077148438 -24255.61328125
v -1967.4324951171875 386.24533081054688 -24256.333984375
v -1966.256103515625 384.50698852539062 -24257.484375
v -1965.1658935546875 383.02886962890625 -24259.01953125
v -1964.19482421875 381.85781860351562 -24260.900390625
v -1963.4005126953125 381.06390380859375 -24263.017578125
v -1962.804931640625 380.66586303710938 -24265.30078125
v -1968.469970703125 391.18798828125 -24255.232421875
v -1978.058837890625 383.76544189453125 -24267.359375
v -1978.02001953125 383.79547119140625 -24266.26953125
v -1977.8988037109375 383.88934326171875 -24265.15234375
v -1977.688720703125 384.05194091796875 -24264.021484375
v -1977.3856201171875 384.28659057617188 -24262.89453125
v -1976.987548828125 384.59466552734375 -24261.7890625
v -1976.495849609375 384.975341796875 -24260.72265625
v -1975.914306640625 385.42547607421875 -24259.71484375
v -1975.2503662109375 385.939453125 -24258.783203125
v -1974.5137939453125 386.50955200195312 -24257.9453125
v -1973.7171630859375 387.12628173828125 -24257.208984375
v -1972.8741455078125 387.77883911132812 -24256.587890625
v -1971.9996337890625 388.45578002929688 -24256.083984375
v -1971.1085205078125 389.14559936523438 -24255.701171875
v -1970.21484375 389.83734130859375 -24255.435546875
v -1969.3316650390625 390.52102661132812 -24255.28125
v -1961.0474853515625 381.59918212890625 -24267.359375
v -1961.9390869140625 380.97100830078125 -24267.359375
v -1962.916259765625 380.40863037109375 -24267.359375
v -1963.972412109375 379.92694091796875 -24267.359375
v -1965.0982666015625 379.54022216796875 -24267.359375
v -1966.28076171875 379.26126098632812 -24267.359375
v -1967.5045166015625 379.10049438476562 -24267.359375
v -1968.7513427734375 379.06527709960938 -24267.359375
v -1970.0018310546875 379.15914916992188 -24267.359375
v -1971.2359619140625 379.38165283203125 -24267.359375
v -1972.43408203125 379.728271484375 -24267.359375
v -1973.5784912109375 380.19058227539062 -24267.359375
v -1974.6534423828125 380.75698852539062 -24267.359375
v -1975.6463623046875 381.41351318359375 -24267.359375
v -1976.548095703125 382.14456176757812 -24267.359375
v -1977.3531494140625 382.93386840820312 -24267.359375
v -1967.4136962890625 389.8233642578125 -24255.35546875
v -1966.37890625 388.48651123046875 -24255.724609375
v -1965.3865966796875 387.20465087890625 -24256.328125
v -1964.4571533203125 386.00387573242188 -24257.158203125
v -1963.6092529296875 384.90866088867188 -24258.193359375
v -1962.8604736328125 383.94125366210938 -24259.41796875
v -1962.225830078125 383.12136840820312 -24260.802734375
v -1961.71826171875 382.4656982421875 -24262.3203125
v -1961.34814453125 381.98757934570312 -24263.94140625
v -1961.123046875 381.69677734375 -24265.6328125
v -1910.4251708984375 451.45413208007812 -24335.513671875
v -1917.84765625 461.04290771484375 -24347.640625
v -1909.9381103515625 454.7608642578125 -24335.5
v -1911.234130859375 456.65374755859375 -24336.171875
v -1912.377685546875 458.49871826171875 -24337.3046875
v -1913.2955322265625 460.18765258789062 -24338.8515625
v -1913.9390869140625 461.63336181640625 -24340.7421875
v -1914.278564453125 462.75704956054688 -24342.8515625
v -1914.321533203125 463.52301025390625 -24345.037109375
v -1914.1063232421875 463.9390869140625 -24347.173828125
v -1908.1060791015625 456.17898559570312 -24334.796875
v -1909.30029296875 458.150634765625 -24335.431640625
v -1910.272705078125 460.12811279296875 -24336.498046875
v -1910.95654296875 461.99832153320312 -24337.955078125
v -1911.3140869140625 463.6654052734375 -24339.736328125
v -1911.3345947265625 465.03591918945312 -24341.72265625
v -1911.046875 466.05783081054688 -24343.78125
v -1910.508544921875 466.72402954101562 -24345.794921875
v -1906.41796875 457.48568725585938 -24333.65625
v -1907.5185546875 459.5299072265625 -24334.2265625
v -1908.3331298828125 461.62948608398438 -24335.185546875
v -1908.8011474609375 463.66668701171875 -24336.498046875
v -1908.895263671875 465.53775024414062 -24338.099609375
v -1908.6219482421875 467.1357421875 -24339.88671875
v -1908.029541015625 468.39352416992188 -24341.740234375
v -1907.1934814453125 469.29019165039062 -24343.552734375
v -1903.64453125 456.70291137695312 -24331.962890625
v -1904.937744140625 458.63156127929688 -24332.12109375
v -1905.9560546875 460.73941040039062 -24332.60546875
v -1906.63232421875 462.94607543945312 -24333.421875
v -1906.9111328125 465.12973022460938 -24334.537109375
v -1906.774169921875 467.17965698242188 -24335.900390625
v -1906.2431640625 468.97711181640625 -24337.421875
v -1905.3836669921875 470.44171142578125 -24338.998046875
v -1904.286376953125 471.54049682617188 -24340.537109375
v -1903.723876953125 459.5711669921875 -24330.248046875
v -1904.6748046875 461.731201171875 -24330.62890625
v -1905.2376708984375 464.025634765625 -24331.271484375
v -1905.3614501953125 466.32937622070312 -24332.1484375
v -1905.034912109375 468.5260009765625 -24333.21875
v -1904.2926025390625 470.48699951171875 -24334.412109375
v -1903.2139892578125 472.12118530273438 -24335.650390625
v -1901.9027099609375 473.38568115234375 -24336.861328125
v -1902.82080078125 460.27017211914062 -24328.11328125
v -1903.7216796875 462.46902465820312 -24328.376953125
v -1904.2001953125 464.82876586914062 -24328.818359375
v -1904.20849609375 467.22189331054688 -24329.421875
v -1903.740966796875 469.527587890625 -24330.16015625
v -1902.841552734375 471.61029052734375 -24330.982421875
v -1901.599853515625 473.37063598632812 -24331.8359375
v -1900.1292724609375 474.7584228515625 -24332.669921875
v -1902.2655029296875 460.70001220703125 -24325.796875
v -1903.135498046875 462.9227294921875 -24325.931640625
v -1903.5621337890625 465.3226318359375 -24326.15625
v -1903.49951171875 467.77069091796875 -24326.46484375
v -1902.9453125 470.14349365234375 -24326.83984375
v -1901.94921875 472.30099487304688 -24327.259765625
v -1900.607421875 474.13894653320312 -24327.693359375
v -1899.038818359375 475.60256958007812 -24328.119140625
v -1900.8363037109375 458.87667846679688 -24323.388671875
v -1898.6700439453125 475.88800048828125 -24323.388671875
v -1917.7237548828125 460.88284301757812 -24345.43359375
v -1917.3265380859375 460.36968994140625 -24343.17578125
v -1916.6376953125 459.47991943359375 -24341.00390625
v -1915.673583984375 458.23443603515625 -24339.06640625
v -1914.48681640625 456.70120239257812 -24337.490234375
v -1913.1573486328125 454.98370361328125 -24336.365234375
v -1911.7757568359375 453.19894409179688 -24335.716796875
v -1908.6285400390625 452.84481811523438 -24335.298828125
v -1906.8953857421875 454.1864013671875 -24334.662109375
v -1905.160888671875 455.52902221679688 -24333.5234375
v -1902.4110107421875 457.65774536132812 -24330.044921875
v -1901.50927734375 458.35574340820312 -24327.8515625
v -1901.0062255859375 458.74508666992188 -24325.66015625
v -1902.02685546875 460.74539184570312 -24323.388671875
v -1902.895263671875 462.92739868164062 -24323.388671875
v -1903.3349609375 465.33364868164062 -24323.388671875
v -1903.2763671875 467.83099365234375 -24323.388671875
v -1902.707275390625 470.2633056640625 -24323.388671875
v -1901.678466796875 472.48257446289062 -24323.388671875
v -1900.2908935546875 474.37728881835938 -24323.388671875
v -1945.4720458984375 424.32485961914062 -24335.513671875
v -1952.89453125 433.91366577148438 -24347.640625
v -1948.7952880859375 424.68209838867188 -24335.5
v -1950.302978515625 426.41116333007812 -24336.171875
v -1951.802490234375 427.9805908203125 -24337.3046875
v -1953.2073974609375 429.29254150390625 -24338.8515625
v -1954.4456787109375 430.27783203125 -24340.7421875
v -1955.448486328125 430.8880615234375 -24342.8515625
v -1956.17919921875 431.12164306640625 -24345.037109375
v -1956.635986328125 431.01751708984375 -24347.173828125
v -1950.6273193359375 423.26394653320312 -24334.796875
v -1952.2366943359375 424.91427612304688 -24335.431640625
v -1953.9073486328125 426.3511962890625 -24336.498046875
v -1955.5465087890625 427.48187255859375 -24337.955078125
v -1957.07080078125 428.24578857421875 -24339.736328125
v -1958.3924560546875 428.60919189453125 -24341.72265625
v -1959.453857421875 428.58682250976562 -24343.78125
v -1960.2337646484375 428.2325439453125 -24345.794921875
v -1952.3153076171875 421.95724487304688 -24333.65625
v -1954.0185546875 423.53500366210938 -24334.2265625
v -1955.846923828125 424.84982299804688 -24335.185546875
v -1957.7017822265625 425.81350708007812 -24336.498046875
v -1959.4896240234375 426.37344360351562 -24338.099609375
v -1961.1051025390625 426.50936889648438 -24339.88671875
v -1962.47119140625 426.25112915039062 -24341.740234375
v -1963.548828125 425.6663818359375 -24343.552734375
v -1952.252685546875 419.07608032226562 -24331.962890625
v -1953.795654296875 420.81137084960938 -24332.12109375
v -1955.5810546875 422.32546997070312 -24332.60546875
v -1957.5477294921875 423.53326416015625 -24333.421875
v -1959.591796875 424.3504638671875 -24334.537109375
v -1961.6107177734375 424.73153686523438 -24335.900390625
v -1963.48388671875 424.66802978515625 -24337.421875
v -1965.1170654296875 424.20294189453125 -24338.998046875
v -1966.455810546875 423.41610717773438 -24340.537109375
v -1955.009521484375 419.87176513671875 -24330.248046875
v -1956.8621826171875 421.33370971679688 -24330.62890625
v -1958.9423828125 422.45370483398438 -24331.271484375
v -1961.1416015625 423.15081787109375 -24332.1484375
v -1963.3499755859375 423.38519287109375 -24333.21875
v -1965.434326171875 423.15814208984375 -24334.412109375
v -1967.2867431640625 422.52346801757812 -24335.650390625
v -1968.839599609375 421.57089233398438 -24336.861328125
v -1955.9124755859375 419.17276000976562 -24328.11328125
v -1957.8154296875 420.59585571289062 -24328.376953125
v -1959.9798583984375 421.65054321289062 -24328.818359375
v -1962.2945556640625 422.25830078125 -24329.421875
v -1964.6439208984375 422.38360595703125 -24330.16015625
v -1966.885498046875 422.03485107421875 -24330.982421875
v -1968.90087890625 421.27401733398438 -24331.8359375
v -1970.6129150390625 420.19815063476562 -24332.669921875
v -1956.4677734375 418.742919921875 -24325.796875
v -1958.4014892578125 420.14215087890625 -24325.931640625
v -1960.617919921875 421.15667724609375 -24326.15625
v -1963.0035400390625 421.70950317382812 -24326.46484375
v -1965.4395751953125 421.7677001953125 -24326.83984375
v -1967.77783203125 421.3441162109375 -24327.259765625
v -1969.8934326171875 420.50570678710938 -24327.693359375
v -1971.703369140625 419.35403442382812 -24328.119140625
v -1955.060791015625 416.90231323242188 -24323.388671875
v -1972.0721435546875 419.06857299804688 -24323.388671875
v -1952.7706298828125 433.75357055664062 -24345.43359375
v -1952.3734130859375 433.24041748046875 -24343.17578125
v -1951.6846923828125 432.35064697265625 -24341.00390625
v -1950.7205810546875 431.10516357421875 -24339.06640625
v -1949.53369140625 429.57192993164062 -24337.490234375
v -1948.2042236328125 427.85443115234375 -24336.365234375
v -1946.8226318359375 426.06967163085938 -24335.716796875
v -1956.571533203125 418.523193359375 -24323.388671875
v -1958.46630859375 419.9107666015625 -24323.388671875
v -1960.685546875 420.93948364257812 -24323.388671875
v -1963.1177978515625 421.50860595703125 -24323.388671875
v -1965.6151123046875 421.56723022460938 -24323.388671875
v -1968.021484375 421.12753295898438 -24323.388671875
v -1970.2034912109375 420.25912475585938 -24323.388671875
v -1947.2685546875 422.93414306640625 -24335.298828125
v -1949.001708984375 421.59259033203125 -24334.662109375
v -1950.7362060546875 420.24993896484375 -24333.5234375
v -1953.4862060546875 418.12124633789062 -24330.044921875
v -1954.387939453125 417.4232177734375 -24327.8515625
v -1954.890869140625 417.03387451171875 -24325.66015625
v -1900.8363037109375 458.87667846679688 -24296.2109375
v -1898.6700439453125 475.88800048828125 -24296.2109375
v -1902.265625 460.70001220703125 -24293.80078125
v -1903.135498046875 462.9227294921875 -24293.66796875
v -1903.5621337890625 465.3226318359375 -24293.443359375
v -1903.49951171875 467.77066040039062 -24293.134765625
v -1902.9453125 470.14349365234375 -24292.7578125
v -1901.94921875 472.30099487304688 -24292.33984375
v -1900.607421875 474.138916015625 -24291.904296875
v -1899.038818359375 475.6025390625 -24291.478515625
v -1902.82080078125 460.27017211914062 -24291.484375
v -1903.7216796875 462.46902465820312 -24291.22265625
v -1904.2001953125 464.82876586914062 -24290.78125
v -1904.20849609375 467.22186279296875 -24290.17578125
v -1903.740966796875 469.527587890625 -24289.439453125
v -1902.841552734375 471.61026000976562 -24288.6171875
v -1901.599853515625 473.37063598632812 -24287.763671875
v -1900.1292724609375 474.7584228515625 -24286.9296875
v -1903.723876953125 459.57113647460938 -24289.349609375
v -1904.6748046875 461.73114013671875 -24288.96875
v -1905.23779296875 464.02557373046875 -24288.328125
v -1905.3614501953125 466.329345703125 -24287.451171875
v -1905.034912109375 468.52593994140625 -24286.380859375
v -1904.292724609375 470.4869384765625 -24285.185546875
v -1903.214111328125 472.12109375 -24283.947265625
v -1901.90283203125 473.38558959960938 -24282.73828125
v -1903.64453125 456.70291137695312 -24287.63671875
v -1904.937744140625 458.63156127929688 -24287.478515625
v -1905.9560546875 460.73941040039062 -24286.9921875
v -1906.63232421875 462.94607543945312 -24286.177734375
v -1906.9111328125 465.12973022460938 -24285.060546875
v -1906.774169921875 467.17965698242188 -24283.697265625
v -1906.2431640625 468.97711181640625 -24282.177734375
v -1905.3836669921875 470.44171142578125 -24280.6015625
v -1904.286376953125 471.54049682617188 -24279.060546875
v -1906.4180908203125 457.48562622070312 -24285.943359375
v -1907.5185546875 459.52984619140625 -24285.373046875
v -1908.333251953125 461.62942504882812 -24284.4140625
v -1908.80126953125 463.6666259765625 -24283.1015625
v -1908.8953857421875 465.53765869140625 -24281.498046875
v -1908.6220703125 467.13565063476562 -24279.7109375
v -1908.02978515625 468.39340209960938 -24277.857421875
v -1907.193603515625 469.29006958007812 -24276.046875
v -1908.1060791015625 456.17898559570312 -24284.80078125
v -1909.3004150390625 458.15060424804688 -24284.16796875
v -1910.272705078125 460.12811279296875 -24283.1015625
v -1910.95654296875 461.998291015625 -24281.642578125
v -1911.3140869140625 463.66537475585938 -24279.861328125
v -1911.3345947265625 465.035888671875 -24277.876953125
v -1911.0469970703125 466.05783081054688 -24275.81640625
v -1910.508544921875 466.72402954101562 -24273.8046875
v -1909.9381103515625 454.76080322265625 -24284.099609375
v -1911.234130859375 456.6536865234375 -24283.42578125
v -1912.377685546875 458.49868774414062 -24282.294921875
v -1913.295654296875 460.1876220703125 -24280.74609375
v -1913.939208984375 461.63333129882812 -24278.85546875
v -1914.2786865234375 462.75698852539062 -24276.748046875
v -1914.3216552734375 463.52291870117188 -24274.560546875
v -1914.1063232421875 463.93899536132812 -24272.42578125
v -1910.4251708984375 451.45413208007812 -24284.083984375
v -1917.84765625 461.04290771484375 -24271.958984375
v -1900.2908935546875 474.37728881835938 -24296.2109375
v -1901.678466796875 472.48257446289062 -24296.2109375
v -1902.707275390625 470.2633056640625 -24296.2109375
v -1903.2763671875 467.83099365234375 -24296.2109375
v -1903.3349609375 465.33364868164062 -24296.2109375
v -1902.895263671875 462.92739868164062 -24296.2109375
v -1902.02685546875 460.74539184570312 -24296.2109375
v -1901.0062255859375 458.74508666992188 -24293.939453125
v -1901.50927734375 458.35574340820312 -24291.748046875
v -1902.4110107421875 457.65774536132812 -24289.5546875
v -1905.160888671875 455.52902221679688 -24286.076171875
v -1906.8953857421875 454.1864013671875 -24284.935546875
v -1908.6285400390625 452.84481811523438 -24284.298828125
v -1911.7757568359375 453.19894409179688 -24283.8828125
v -1913.1573486328125 454.98370361328125 -24283.234375
v -1914.48681640625 456.70120239257812 -24282.107421875
v -1915.673583984375 458.23443603515625 -24280.533203125
v -1916.6376953125 459.47991943359375 -24278.59375
v -1917.3265380859375 460.36968994140625 -24276.421875
v -1917.7237548828125 460.88284301757812 -24274.166015625
v -1945.4720458984375 424.32485961914062 -24284.083984375
v -1952.89453125 433.91366577148438 -24271.958984375
v -1948.7952880859375 424.68209838867188 -24284.099609375
v -1950.302978515625 426.41116333007812 -24283.42578125
v -1951.802490234375 427.9805908203125 -24282.294921875
v -1953.2073974609375 429.29254150390625 -24280.74609375
v -1954.4456787109375 430.27783203125 -24278.85546875
v -1955.448486328125 430.8880615234375 -24276.748046875
v -1956.17919921875 431.12164306640625 -24274.560546875
v -1956.635986328125 431.01751708984375 -24272.42578125
v -1950.6273193359375 423.26394653320312 -24284.80078125
v -1952.2366943359375 424.91427612304688 -24284.16796875
v -1953.9073486328125 426.3511962890625 -24283.1015625
v -1955.5465087890625 427.48187255859375 -24281.642578125
v -1957.07080078125 428.24578857421875 -24279.861328125
v -1958.3924560546875 428.60919189453125 -24277.876953125
v -1959.453857421875 428.58682250976562 -24275.81640625
v -1960.2337646484375 428.2325439453125 -24273.8046875
v -1952.3153076171875 421.95724487304688 -24285.943359375
v -1954.0185546875 423.53500366210938 -24285.373046875
v -1955.846923828125 424.84982299804688 -24284.4140625
v -1957.7017822265625 425.81350708007812 -24283.1015625
v -1959.4896240234375 426.37344360351562 -24281.498046875
v -1961.1051025390625 426.50936889648438 -24279.7109375
v -1962.47119140625 426.25112915039062 -24277.857421875
v -1963.548828125 425.6663818359375 -24276.046875
v -1953.795654296875 420.81137084960938 -24287.478515625
v -1955.5810546875 422.32546997070312 -24286.9921875
v -1957.5477294921875 423.53326416015625 -24286.177734375
v -1959.591796875 424.3504638671875 -24285.060546875
v -1961.6107177734375 424.73153686523438 -24283.697265625
v -1963.48388671875 424.66802978515625 -24282.177734375
v -1965.1170654296875 424.20294189453125 -24280.6015625
v -1966.455810546875 423.41610717773438 -24279.060546875
v -1955.009521484375 419.87176513671875 -24289.349609375
v -1956.8621826171875 421.33370971679688 -24288.96875
v -1958.9423828125 422.45370483398438 -24288.328125
v -1961.1416015625 423.15081787109375 -24287.451171875
v -1963.3499755859375 423.38519287109375 -24286.380859375
v -1965.434326171875 423.15814208984375 -24285.185546875
v -1967.2867431640625 422.52346801757812 -24283.947265625
v -1968.839599609375 421.57089233398438 -24282.73828125
v -1955.9124755859375 419.17276000976562 -24291.484375
v -1957.8154296875 420.59585571289062 -24291.22265625
v -1959.9798583984375 421.65054321289062 -24290.78125
v -1962.2945556640625 422.25830078125 -24290.177734375
v -1964.6439208984375 422.38360595703125 -24289.439453125
v -1966.885498046875 422.03485107421875 -24288.6171875
v -1968.90087890625 421.27401733398438 -24287.763671875
v -1970.6129150390625 420.19815063476562 -24286.9296875
v -1956.4677734375 418.742919921875 -24293.80078125
v -1958.4014892578125 420.14215087890625 -24293.66796875
v -1960.617919921875 421.15667724609375 -24293.443359375
v -1963.0035400390625 421.70950317382812 -24293.134765625
v -1965.4395751953125 421.7677001953125 -24292.7578125
v -1967.77783203125 421.3441162109375 -24292.33984375
v -1969.8934326171875 420.50570678710938 -24291.904296875
v -1971.703369140625 419.35403442382812 -24291.48046875
v -1955.060791015625 416.90231323242188 -24296.2109375
v -1972.0721435546875 419.06857299804688 -24296.2109375
v -1956.571533203125 418.523193359375 -24296.2109375
v -1958.46630859375 419.9107666015625 -24296.2109375
v -1960.685546875 420.93948364257812 -24296.2109375
v -1963.1177978515625 421.50860595703125 -24296.2109375
v -1965.6151123046875 421.56723022460938 -24296.2109375
v -1968.021484375 421.12753295898438 -24296.2109375
v -1970.2034912109375 420.25912475585938 -24296.2109375
v -1947.2685546875 422.93414306640625 -24284.298828125
v -1949.001708984375 421.59259033203125 -24284.935546875
v -1950.7362060546875 420.24993896484375 -24286.076171875
v -1952.252685546875 419.07608032226562 -24287.63671875
v -1953.4862060546875 418.12124633789062 -24289.5546875
v -1954.387939453125 417.4232177734375 -24291.748046875
v -1954.890869140625 417.03387451171875 -24293.939453125
v -1952.7706298828125 433.75357055664062 -24274.166015625
v -1952.3734130859375 433.24041748046875 -24276.421875
v -1951.6846923828125 432.35064697265625 -24278.59375
v -1950.7205810546875 431.10516357421875 -24280.533203125
v -1949.53369140625 429.57192993164062 -24282.107421875
v -1948.2042236328125 427.85443115234375 -24283.234375
v -1946.8226318359375 426.06967163085938 -24283.8828125
v -1903.0025634765625 441.86532592773438 -24335.513671875
v -1895.580078125 432.27651977539062 -24347.640625
v -1899.6793212890625 441.50808715820312 -24335.5
v -1898.171630859375 439.77902221679688 -24336.171875
v -1896.672119140625 438.2095947265625 -24337.3046875
v -1895.2672119140625 436.89764404296875 -24338.8515625
v -1894.02880859375 435.912353515625 -24340.7421875
v -1893.026123046875 435.30209350585938 -24342.8515625
v -1892.29541015625 435.06851196289062 -24345.037109375
v -1891.838623046875 435.17266845703125 -24347.173828125
v -1897.8472900390625 442.92620849609375 -24334.796875
v -1896.2379150390625 441.27590942382812 -24335.431640625
v -1894.567138671875 439.8389892578125 -24336.498046875
v -1892.9281005859375 438.70831298828125 -24337.955078125
v -1891.40380859375 437.94436645507812 -24339.736328125
v -1890.0821533203125 437.58096313476562 -24341.72265625
v -1889.020751953125 437.60336303710938 -24343.78125
v -1888.2408447265625 437.9576416015625 -24345.794921875
v -1896.1591796875 444.23294067382812 -24333.65625
v -1894.4560546875 442.65518188476562 -24334.2265625
v -1892.627685546875 441.34036254882812 -24335.185546875
v -1890.7728271484375 440.37667846679688 -24336.498046875
v -1888.9849853515625 439.81674194335938 -24338.099609375
v -1887.3695068359375 439.6807861328125 -24339.88671875
v -1886.00341796875 439.93902587890625 -24341.740234375
v -1884.92578125 440.52377319335938 -24343.552734375
v -1894.678955078125 445.37881469726562 -24332.12109375
v -1892.8935546875 443.86468505859375 -24332.60546875
v -1890.9268798828125 442.65692138671875 -24333.421875
v -1888.8828125 441.8397216796875 -24334.537109375
v -1886.8638916015625 441.45864868164062 -24335.900390625
v -1884.99072265625 441.52215576171875 -24337.421875
v -1883.357421875 441.98721313476562 -24338.998046875
v -1882.018798828125 442.77407836914062 -24340.537109375
v -1893.465087890625 446.31838989257812 -24330.248046875
v -1891.6123046875 444.85647583007812 -24330.62890625
v -1889.5322265625 443.73648071289062 -24331.271484375
v -1887.3330078125 443.03936767578125 -24332.1484375
v -1885.1246337890625 442.80496215820312 -24333.21875
v -1883.0401611328125 443.03204345703125 -24334.412109375
v -1881.1878662109375 443.66668701171875 -24335.650390625
v -1879.635009765625 444.61929321289062 -24336.861328125
v -1892.5621337890625 447.01742553710938 -24328.11328125
v -1890.6591796875 445.59429931640625 -24328.376953125
v -1888.49462890625 444.53964233398438 -24328.818359375
v -1886.1800537109375 443.93185424804688 -24329.421875
v -1883.8306884765625 443.80657958984375 -24330.16015625
v -1881.589111328125 444.15533447265625 -24330.982421875
v -1879.57373046875 444.91616821289062 -24331.8359375
v -1877.8616943359375 445.99203491210938 -24332.669921875
v -1892.0068359375 447.447265625 -24325.796875
v -1890.072998046875 446.04800415039062 -24325.931640625
v -1887.856689453125 445.03350830078125 -24326.15625
v -1885.4710693359375 444.48068237304688 -24326.46484375
v -1883.0350341796875 444.4224853515625 -24326.83984375
v -1880.69677734375 444.8460693359375 -24327.259765625
v -1878.5811767578125 445.68447875976562 -24327.693359375
v -1876.771240234375 446.83615112304688 -24328.119140625
v -1893.413818359375 449.28787231445312 -24323.388671875
v -1876.4024658203125 447.12161254882812 -24323.388671875
v -1895.7039794921875 432.43661499023438 -24345.43359375
v -1896.1011962890625 432.94976806640625 -24343.17578125
v -1896.7899169921875 433.83953857421875 -24341.00390625
v -1897.7540283203125 435.08502197265625 -24339.06640625
v -1898.94091796875 436.61822509765625 -24337.490234375
v -1900.2703857421875 438.33572387695312 -24336.365234375
v -1901.6519775390625 440.12051391601562 -24335.716796875
v -1891.903076171875 447.66696166992188 -24323.388671875
v -1890.00830078125 446.2794189453125 -24323.388671875
v -1887.7890625 445.25067138671875 -24323.388671875
v -1885.356689453125 444.68157958984375 -24323.388671875
v -1882.859375 444.6229248046875 -24323.388671875
v -1880.453125 445.06265258789062 -24323.388671875
v -1878.2711181640625 445.93106079101562 -24323.388671875
v -1901.2059326171875 443.25604248046875 -24335.298828125
v -1899.472900390625 444.59759521484375 -24334.662109375
v -1897.7384033203125 445.94024658203125 -24333.5234375
v -1896.221923828125 447.11410522460938 -24331.962890625
v -1894.9884033203125 448.06893920898438 -24330.044921875
v -1894.086669921875 448.7669677734375 -24327.8515625
v -1893.583740234375 449.15631103515625 -24325.66015625
v -1938.0494384765625 414.73605346679688 -24335.513671875
v -1930.626953125 405.14724731445312 -24347.640625
v -1938.5364990234375 411.4293212890625 -24335.5
v -1937.240478515625 409.53643798828125 -24336.171875
v -1936.096923828125 407.69143676757812 -24337.3046875
v -1935.178955078125 406.00250244140625 -24338.8515625
v -1934.5355224609375 404.55679321289062 -24340.7421875
v -1934.196044921875 403.43313598632812 -24342.8515625
v -1934.153076171875 402.66717529296875 -24345.037109375
v -1934.3682861328125 402.2510986328125 -24347.173828125
v -1940.3685302734375 410.01119995117188 -24334.796875
v -1939.1741943359375 408.03955078125 -24335.431640625
v -1938.201904296875 406.06204223632812 -24336.498046875
v -1937.51806640625 404.19186401367188 -24337.955078125
v -1937.1605224609375 402.5247802734375 -24339.736328125
v -1937.1400146484375 401.15426635742188 -24341.72265625
v -1937.4276123046875 400.13232421875 -24343.78125
v -1937.966064453125 399.46612548828125 -24345.794921875
v -1942.056640625 408.7044677734375 -24333.65625
v -1940.9560546875 406.6602783203125 -24334.2265625
v -1940.141357421875 404.56069946289062 -24335.185546875
v -1939.67333984375 402.52346801757812 -24336.498046875
v -1939.579345703125 400.65240478515625 -24338.099609375
v -1939.8526611328125 399.054443359375 -24339.88671875
v -1940.4449462890625 397.79666137695312 -24341.740234375
v -1941.2811279296875 396.89999389648438 -24343.552734375
v -1943.536865234375 407.55859375 -24332.12109375
v -1942.5185546875 405.45077514648438 -24332.60546875
v -1941.84228515625 403.24411010742188 -24333.421875
v -1941.5633544921875 401.06045532226562 -24334.537109375
v -1941.700439453125 399.01052856445312 -24335.900390625
v -1942.2314453125 397.21307373046875 -24337.421875
v -1943.0909423828125 395.74847412109375 -24338.998046875
v -1944.188232421875 394.64968872070312 -24340.537109375
v -1944.750732421875 406.6190185546875 -24330.248046875
v -1943.7998046875 404.458984375 -24330.62890625
v -1943.23681640625 402.16455078125 -24331.271484375
v -1943.1131591796875 399.86077880859375 -24332.1484375
v -1943.439697265625 397.6641845703125 -24333.21875
v -1944.181884765625 395.70318603515625 -24334.412109375
v -1945.2606201171875 394.06900024414062 -24335.650390625
v -1946.5718994140625 392.80450439453125 -24336.861328125
v -1945.6536865234375 405.91998291015625 -24328.11328125
v -1944.7529296875 403.72113037109375 -24328.376953125
v -1944.2744140625 401.36138916015625 -24328.818359375
v -1944.26611328125 398.96829223632812 -24329.421875
v -1944.733642578125 396.66256713867188 -24330.16015625
v -1945.633056640625 394.57989501953125 -24330.982421875
v -1946.8746337890625 392.81954956054688 -24331.8359375
v -1948.3453369140625 391.43173217773438 -24332.669921875
v -1946.208984375 405.49014282226562 -24325.796875
v -1945.339111328125 403.26742553710938 -24325.931640625
v -1944.912353515625 400.86752319335938 -24326.15625
v -1944.97509765625 398.41949462890625 -24326.46484375
v -1945.529296875 396.04666137695312 -24326.83984375
v -1946.525390625 393.88916015625 -24327.259765625
v -1947.8671875 392.05123901367188 -24327.693359375
v -1949.435791015625 390.58761596679688 -24328.119140625
v -1947.6383056640625 407.31350708007812 -24323.388671875
v -1949.8045654296875 390.30218505859375 -24323.388671875
v -1930.7508544921875 405.30734252929688 -24345.43359375
v -1931.1480712890625 405.82049560546875 -24343.17578125
v -1931.8367919921875 406.71026611328125 -24341.00390625
v -1932.8009033203125 407.95574951171875 -24339.06640625
v -1933.98779296875 409.48898315429688 -24337.490234375
v -1935.3172607421875 411.20648193359375 -24336.365234375
v -1936.6988525390625 412.99124145507812 -24335.716796875
v -1939.8460693359375 413.3453369140625 -24335.298828125
v -1941.5791015625 412.0037841796875 -24334.662109375
v -1943.3135986328125 410.6611328125 -24333.5234375
v -1944.830078125 409.48727416992188 -24331.962890625
v -1946.0635986328125 408.53244018554688 -24330.044921875
v -1946.96533203125 407.83441162109375 -24327.8515625
v -1947.46826171875 407.445068359375 -24325.66015625
v -1946.44775390625 405.44479370117188 -24323.388671875
v -1945.579345703125 403.26278686523438 -24323.388671875
v -1945.1396484375 400.85650634765625 -24323.388671875
v -1945.1982421875 398.35919189453125 -24323.388671875
v -1945.767333984375 395.9268798828125 -24323.388671875
v -1946.796142578125 393.70761108398438 -24323.388671875
v -1948.18359375 391.8128662109375 -24323.388671875
v -1893.413818359375 449.28787231445312 -24296.2109375
v -1876.4024658203125 447.12161254882812 -24296.2109375
v -1892.0068359375 447.44723510742188 -24293.80078125
v -1890.072998046875 446.04800415039062 -24293.66796875
v -1887.856689453125 445.03347778320312 -24293.443359375
v -1885.4710693359375 444.48065185546875 -24293.134765625
v -1883.0350341796875 444.4224853515625 -24292.7578125
v -1880.69677734375 444.84603881835938 -24292.33984375
v -1878.5811767578125 445.6844482421875 -24291.904296875
v -1876.771240234375 446.83615112304688 -24291.478515625
v -1892.5621337890625 447.01742553710938 -24291.484375
v -1890.6591796875 445.59429931640625 -24291.22265625
v -1888.49462890625 444.53961181640625 -24290.78125
v -1886.1800537109375 443.93185424804688 -24290.17578125
v -1883.8306884765625 443.80657958984375 -24289.439453125
v -1881.589111328125 444.15533447265625 -24288.6171875
v -1879.57373046875 444.9161376953125 -24287.763671875
v -1877.8616943359375 445.99203491210938 -24286.9296875
v -1893.4652099609375 446.318359375 -24289.349609375
v -1891.6124267578125 444.85641479492188 -24288.96875
v -1889.5322265625 443.7364501953125 -24288.328125
v -1887.3330078125 443.039306640625 -24287.451171875
v -1885.124755859375 442.80490112304688 -24286.380859375
v -1883.040283203125 443.031982421875 -24285.185546875
v -1881.18798828125 443.6666259765625 -24283.947265625
v -1879.6351318359375 444.61920166015625 -24282.73828125
v -1896.221923828125 447.11410522460938 -24287.63671875
v -1894.678955078125 445.37881469726562 -24287.478515625
v -1892.8935546875 443.86468505859375 -24286.9921875
v -1890.9268798828125 442.65692138671875 -24286.177734375
v -1888.8828125 441.8397216796875 -24285.060546875
v -1886.8638916015625 441.45864868164062 -24283.697265625
v -1884.99072265625 441.52215576171875 -24282.177734375
v -1883.357421875 441.98721313476562 -24280.6015625
v -1882.018798828125 442.77407836914062 -24279.060546875
v -1896.1593017578125 444.23287963867188 -24285.943359375
v -1894.4561767578125 442.65512084960938 -24285.373046875
v -1892.6278076171875 441.34027099609375 -24284.4140625
v -1890.7728271484375 440.37661743164062 -24283.1015625
v -1888.985107421875 439.816650390625 -24281.498046875
v -1887.36962890625 439.68069458007812 -24279.7109375
v -1886.0035400390625 439.93893432617188 -24277.857421875
v -1884.9259033203125 440.523681640625 -24276.046875
v -1897.8472900390625 442.92620849609375 -24284.80078125
v -1896.2379150390625 441.27587890625 -24284.16796875
v -1894.5672607421875 439.83895874023438 -24283.1015625
v -1892.9281005859375 438.70828247070312 -24281.642578125
v -1891.40380859375 437.94436645507812 -24279.861328125
v -1890.0821533203125 437.58096313476562 -24277.876953125
v -1889.020751953125 437.60333251953125 -24275.81640625
v -1888.240966796875 437.95761108398438 -24273.8046875
v -1899.6793212890625 441.508056640625 -24284.099609375
v -1898.1717529296875 439.77896118164062 -24283.42578125
v -1896.6722412109375 438.20953369140625 -24282.294921875
v -1895.2672119140625 436.8975830078125 -24280.74609375
v -1894.0289306640625 435.91229248046875 -24278.85546875
v -1893.0262451171875 435.30203247070312 -24276.748046875
v -1892.2955322265625 435.06845092773438 -24274.560546875
v -1891.8387451171875 435.17257690429688 -24272.42578125
v -1903.0025634765625 441.86532592773438 -24284.083984375
v -1895.580078125 432.27651977539062 -24271.958984375
v -1878.2711181640625 445.93106079101562 -24296.2109375
v -1880.453125 445.06265258789062 -24296.2109375
v -1882.859375 444.6229248046875 -24296.2109375
v -1885.356689453125 444.68157958984375 -24296.2109375
v -1887.7890625 445.25067138671875 -24296.2109375
v -1890.00830078125 446.2794189453125 -24296.2109375
v -1891.903076171875 447.66696166992188 -24296.2109375
v -1893.583740234375 449.15631103515625 -24293.939453125
v -1894.086669921875 448.7669677734375 -24291.748046875
v -1894.9884033203125 448.06893920898438 -24289.5546875
v -1897.7384033203125 445.94024658203125 -24286.076171875
v -1899.472900390625 444.59759521484375 -24284.935546875
v -1901.2059326171875 443.25604248046875 -24284.298828125
v -1901.6519775390625 440.12051391601562 -24283.8828125
v -1900.2703857421875 438.33572387695312 -24283.234375
v -1898.94091796875 436.61822509765625 -24282.107421875
v -1897.7540283203125 435.08502197265625 -24280.533203125
v -1896.7899169921875 433.83953857421875 -24278.59375
v -1896.1011962890625 432.94976806640625 -24276.421875
v -1895.7039794921875 432.43661499023438 -24274.166015625
v -1938.0494384765625 414.73605346679688 -24284.083984375
v -1930.626953125 405.14724731445312 -24271.958984375
v -1938.5364990234375 411.4293212890625 -24284.099609375
v -1937.240478515625 409.53643798828125 -24283.42578125
v -1936.096923828125 407.69143676757812 -24282.294921875
v -1935.178955078125 406.00250244140625 -24280.74609375
v -1934.5355224609375 404.55679321289062 -24278.85546875
v -1934.196044921875 403.43313598632812 -24276.748046875
v -1934.153076171875 402.66717529296875 -24274.560546875
v -1934.3682861328125 402.2510986328125 -24272.42578125
v -1940.3685302734375 410.01119995117188 -24284.80078125
v -1939.1741943359375 408.03955078125 -24284.16796875
v -1938.201904296875 406.06204223632812 -24283.1015625
v -1937.51806640625 404.19186401367188 -24281.642578125
v -1937.1605224609375 402.5247802734375 -24279.861328125
v -1937.1400146484375 401.15426635742188 -24277.876953125
v -1937.4276123046875 400.13232421875 -24275.81640625
v -1937.966064453125 399.46612548828125 -24273.8046875
v -1942.056640625 408.7044677734375 -24285.943359375
v -1940.9560546875 406.6602783203125 -24285.373046875
v -1940.141357421875 404.56069946289062 -24284.4140625
v -1939.67333984375 402.52346801757812 -24283.1015625
v -1939.579345703125 400.65240478515625 -24281.498046875
v -1939.8526611328125 399.054443359375 -24279.7109375
v -1940.4449462890625 397.79666137695312 -24277.857421875
v -1941.2811279296875 396.89999389648438 -24276.046875
v -1944.830078125 409.48727416992188 -24287.63671875
v -1943.536865234375 407.55859375 -24287.478515625
v -1942.5185546875 405.45077514648438 -24286.9921875
v -1941.84228515625 403.24411010742188 -24286.177734375
v -1941.5633544921875 401.06045532226562 -24285.060546875
v -1941.700439453125 399.01052856445312 -24283.697265625
v -1942.2314453125 397.21307373046875 -24282.177734375
v -1943.0909423828125 395.74847412109375 -24280.6015625
v -1944.188232421875 394.64968872070312 -24279.060546875
v -1944.750732421875 406.6190185546875 -24289.349609375
v -1943.7998046875 404.458984375 -24288.96875
v -1943.23681640625 402.16455078125 -24288.328125
v -1943.1131591796875 399.86077880859375 -24287.451171875
v -1943.439697265625 397.6641845703125 -24286.380859375
v -1944.181884765625 395.70318603515625 -24285.185546875
v -1945.2606201171875 394.06900024414062 -24283.947265625
v -1946.5718994140625 392.80450439453125 -24282.73828125
v -1945.6536865234375 405.91998291015625 -24291.484375
v -1944.7529296875 403.72113037109375 -24291.22265625
v -1944.2744140625 401.36138916015625 -24290.78125
v -1944.26611328125 398.96829223632812 -24290.177734375
v -1944.733642578125 396.66256713867188 -24289.439453125
v -1945.633056640625 394.57989501953125 -24288.6171875
v -1946.8746337890625 392.81954956054688 -24287.763671875
v -1948.3453369140625 391.43173217773438 -24286.9296875
v -1946.208984375 405.49014282226562 -24293.80078125
v -1945.339111328125 403.26742553710938 -24293.66796875
v -1944.912353515625 400.86752319335938 -24293.443359375
v -1944.97509765625 398.41949462890625 -24293.134765625
v -1945.529296875 396.04666137695312 -24292.7578125
v -1946.525390625 393.88916015625 -24292.33984375
v -1947.8671875 392.05123901367188 -24291.904296875
v -1949.435791015625 390.58761596679688 -24291.48046875
v -1947.6383056640625 407.31350708007812 -24296.2109375
v -1949.8045654296875 390.30218505859375 -24296.2109375
v -1930.7508544921875 405.30734252929688 -24274.166015625
v -1931.1480712890625 405.82049560546875 -24276.421875
v -1931.8367919921875 406.71026611328125 -24278.59375
v -1932.8009033203125 407.95574951171875 -24280.533203125
v -1933.98779296875 409.48898315429688 -24282.107421875
v -1935.3172607421875 411.20648193359375 -24283.234375
v -1936.6988525390625 412.99124145507812 -24283.8828125
v -1946.44775390625 405.44479370117188 -24296.2109375
v -1945.579345703125 403.26278686523438 -24296.2109375
v -1945.1396484375 400.85650634765625 -24296.2109375
v -1945.1982421875 398.35919189453125 -24296.2109375
v -1945.767333984375 395.9268798828125 -24296.2109375
v -1946.796142578125 393.70761108398438 -24296.2109375
v -1948.18359375 391.8128662109375 -24296.2109375
v -1939.8460693359375 413.3453369140625 -24284.298828125
v -1941.5791015625 412.0037841796875 -24284.935546875
v -1943.3135986328125 410.6611328125 -24286.076171875
v -1946.0635986328125 408.53244018554688 -24289.5546875
v -1946.96533203125 407.83441162109375 -24291.748046875
v -1947.46826171875 407.445068359375 -24293.939453125
vt 0.62398737668991089 0.38978797197341919
vt 0.62398737668991089 0.43140441179275513
vt 0.62398737668991089 0.47302082180976868
vt 0.62398737668991089 0.51463723182678223
vt 0.62398737668991089 0.55625367164611816
vt 0.62398737668991089 0.59787005186080933
vt 0.62398737668991089 0.63948649168014526
vt 0.62398737668991089 0.6811029314994812
vt 0.62398737668991089 0.72271931171417236
vt 0.58799749612808228 0.38978797197341919
vt 0.62398737668991089 0.7643357515335083
vt 0.58799749612808228 0.7643357515335083
vt 0.58799749612808228 0.72271931171417236
vt 0.58799749612808228 0.6811029314994812
vt 0.58799749612808228 0.63948649168014526
vt 0.58799749612808228 0.59787005186080933
vt 0.58799749612808228 0.55625367164611816
vt 0.58799749612808228 0.51463723182678223
vt 0.58799749612808228 0.47302082180976868
vt 0.58799749612808228 0.43140441179275513
vt 0.60599243640899658 0.48342493176460266
vt 0.60599243640899658 0.67069882154464722
vt 0 0.58202165365219116
vt 0 0.54456686973571777
vt 0.043697237968444824 0.54456686973571777
vt 0.087394475936889648 0.54456686973571777
vt 0.13109171390533447 0.54456686973571777
vt 0.1747889518737793 0.54456686973571777
vt 0.21848618984222412 0.54456686973571777
vt 0.26218342781066895 0.54456686973571777
vt 0.26218342781066895 0.56329423189163208
vt 0.26218342781066895 0.58202165365219116
vt 0.21848618984222412 0.58202165365219116
vt 0.1747889518737793 0.58202165365219116
vt 0.13109171390533447 0.58202165365219116
vt 0.087394475936889648 0.58202165365219116
vt 0.043697237968444824 0.58202165365219116
vt 0.58653265237808228 0.38978797197341919
vt 0.56853765249252319 0.48342493176460266
vt 0.56853765249252319 0.67069882154464722
vt 0.55054271221160889 0.7643357515335083
vt 0.55054271221160889 0.72271931171417236
vt 0.55054271221160889 0.6811029314994812
vt 0.55054271221160889 0.63948649168014526
vt 0.55054271221160889 0.59787005186080933
vt 0.55054271221160889 0.55625367164611816
vt 0.55054271221160889 0.51463723182678223
vt 0.55054271221160889 0.47302082180976868
vt 0.55054271221160889 0.43140441179275513
vt 0.55054271221160889 0.38978797197341919
vt 0.56853765249252319 0.38978797197341919
vt 0.55954015254974365 0.48342493176460266
vt 0.56853765249252319 0.43660643696784973
vt 0.55954015254974365 0.43660643696784973
vt 0.57753515243530273 0.48342493176460266
vt 0.57753515243530273 0.43660643696784973
vt 0.58653265237808228 0.7643357515335083
vt 0.56853765249252319 0.7643357515335083
vt 0.56853765249252319 0.71751725673675537
vt 0.57753515243530273 0.67069882154464722
vt 0.57753515243530273 0.71751725673675537
vt 0.55954015254974365 0.67069882154464722
vt 0.55954015254974365 0.71751725673675537
vt 0.58653265237808228 0.43140441179275513
vt 0.58653265237808228 0.47302082180976868
vt 0.58653265237808228 0.51463723182678223
vt 0.58653265237808228 0.55625367164611816
vt 0.58653265237808228 0.59787005186080933
vt 0.58653265237808228 0.63948649168014526
vt 0.58653265237808228 0.6811029314994812
vt 0.58653265237808228 0.72271931171417236
vt 0.18107548356056213 0.29366821050643921
vt 0.26846995949745178 0.3116631805896759
vt 0.44325891137123108 0.29366821050643921
vt 0.44325891137123108 0.3296581506729126
vt 0.39956167340278625 0.3296581506729126
vt 0.35586443543434143 0.3296581506729126
vt 0.31216719746589661 0.3296581506729126
vt 0.26846995949745178 0.3296581506729126
vt 0.22477272152900696 0.3296581506729126
vt 0.22477272152900696 0.29366821050643921
vt 0.26846995949745178 0.29366821050643921
vt 0.31216719746589661 0.29366821050643921
vt 0.35586443543434143 0.29366821050643921
vt 0.39956167340278625 0.29366821050643921
vt 0.18107548356056213 0.3296581506729126
vt 0.18107548356056213 0.3116631805896759
vt 0.26846995949745178 0.32066068053245544
vt 0.22477272152900696 0.3116631805896759
vt 0.22477272152900696 0.32066068053245544
vt 0.26846995949745178 0.30266571044921875
vt 0.22477272152900696 0.30266571044921875
vt 0.62545222043991089 0.71279960870742798
vt 0.95479089021682739 0.62368041276931763
vt 0.95479089021682739 0.58170789480209351
vt 0.95479089021682739 0.53973537683486938
vt 0.88017427921295166 0.46482580900192261
vt 0.84608399868011475 0.46482580900192261
vt 0.81199371814727783 0.46482580900192261
vt 0.77790343761444092 0.46482580900192261
vt 0.74381309747695923 0.46482580900192261
vt 0.99853515625 0.45061615109443665
vt 0.99853515625 0.49431338906288147
vt 0.99853515625 0.53801065683364868
vt 0.99853515625 0.58170789480209351
vt 0.99853515625 0.62540513277053833
vt 0.99853515625 0.66910237073898315
vt 0.62545222043991089 0.66910237073898315
vt 0.62545222043991089 0.62540513277053833
vt 0.62545222043991089 0.58170789480209351
vt 0.62545222043991089 0.53801065683364868
vt 0.62545222043991089 0.49431338906288147
vt 0.66919654607772827 0.53973537683486938
vt 0.66919654607772827 0.58170789480209351
vt 0.66919654607772827 0.62368041276931763
vt 0.99853515625 0.71279960870742798
vt 0.95708149671554565 0.71279960870742798
vt 0.91562783718109131 0.71279960870742798
vt 0.87417417764663696 0.71279960870742798
vt 0.83272051811218262 0.71279960870742798
vt 0.79126685857772827 0.71279960870742798
vt 0.74981319904327393 0.71279960870742798
vt 0.70835953950881958 0.71279960870742798
vt 0.66690587997436523 0.71279960870742798
vt 0.74381309747695923 0.69858992099761963
vt 0.77790343761444092 0.69858992099761963
vt 0.81199371814727783 0.69858992099761963
vt 0.84608399868011475 0.69858992099761963
vt 0.88017427921295166 0.69858992099761963
vt 0.62545222043991089 0.45061615109443665
vt 0.66690587997436523 0.45061615109443665
vt 0.70835953950881958 0.45061615109443665
vt 0.74981319904327393 0.45061615109443665
vt 0.79126685857772827 0.45061615109443665
vt 0.83272051811218262 0.45061615109443665
vt 0.87417417764663696 0.45061615109443665
vt 0.91562783718109131 0.45061615109443665
vt 0.95708149671554565 0.45061615109443665
vt 0.95335608720779419 0.52512151002883911
vt 0.94911324977874756 0.51106804609298706
vt 0.94221329689025879 0.4981195330619812
vt 0.93293869495391846 0.48676374554634094
vt 0.92162793874740601 0.47745314240455627
vt 0.90872961282730103 0.47052577137947083
vt 0.89473134279251099 0.46626627445220947
vt 0.7292560338973999 0.46626627445220947
vt 0.71525782346725464 0.47052577137947083
vt 0.70235943794250488 0.47745314240455627
vt 0.69104868173599243 0.48676374554634094
vt 0.6817740797996521 0.4981195330619812
vt 0.67487412691116333 0.51106804609298706
vt 0.6706312894821167 0.52512151002883911
vt 0.89473098516464233 0.69714951515197754
vt 0.90872949361801147 0.69289004802703857
vt 0.92162734270095825 0.68596303462982178
vt 0.93293869495391846 0.67665201425552368
vt 0.94221293926239014 0.66529679298400879
vt 0.94911319017410278 0.65234780311584473
vt 0.95335602760314941 0.63829463720321655
vt 0.6706312894821167 0.63829421997070312
vt 0.67487412691116333 0.65234768390655518
vt 0.6817740797996521 0.66529619693756104
vt 0.69104868173599243 0.67665201425552368
vt 0.70235943794250488 0.68596261739730835
vt 0.71525782346725464 0.6928899884223938
vt 0.7292560338973999 0.69714945554733276
vt 0.62545222043991089 0
vt 0.99853515625 0
vt 0.99853515625 0.043697237968444824
vt 0.99853515625 0.087394475936889648
vt 0.99853515625 0.13109171390533447
vt 0.99853515625 0.1747889518737793
vt 0.99853515625 0.21848618984222412
vt 0.66919654607772827 0.089119188487529755
vt 0.66919654607772827 0.13109171390533447
vt 0.66919654607772827 0.17306424677371979
vt 0.62545222043991089 0.26218342781066895
vt 0.62545222043991089 0.21848618984222412
vt 0.62545222043991089 0.1747889518737793
vt 0.62545222043991089 0.13109171390533447
vt 0.62545222043991089 0.087394475936889648
vt 0.62545222043991089 0.043697237968444824
vt 0.66690587997436523 0
vt 0.70835953950881958 0
vt 0.74981319904327393 0
vt 0.79126685857772827 0
vt 0.83272051811218262 0
vt 0.87417417764663696 0
vt 0.91562783718109131 0
vt 0.95708149671554565 0
vt 0.74381309747695923 0.24797378480434418
vt 0.77790343761444092 0.24797378480434418
vt 0.81199371814727783 0.24797378480434418
vt 0.84608399868011475 0.24797378480434418
vt 0.88017427921295166 0.24797378480434418
vt 0.95479089021682739 0.17306424677371979
vt 0.95479089021682739 0.13109171390533447
vt 0.95479089021682739 0.089119188487529755
vt 0.99853515625 0.26218342781066895
vt 0.95708149671554565 0.26218342781066895
vt 0.91562783718109131 0.26218342781066895
vt 0.87417417764663696 0.26218342781066895
vt 0.83272051811218262 0.26218342781066895
vt 0.79126685857772827 0.26218342781066895
vt 0.74981319904327393 0.26218342781066895
vt 0.70835953950881958 0.26218342781066895
vt 0.66690587997436523 0.26218342781066895
vt 0.88017427921295166 0.01420963928103447
vt 0.84608399868011475 0.01420963928103447
vt 0.81199371814727783 0.01420963928103447
vt 0.77790343761444092 0.01420963928103447
vt 0.74381309747695923 0.01420963928103447
vt 0.95335608720779419 0.074505366384983063
vt 0.94911324977874756 0.060451902449131012
vt 0.94221329689025879 0.047503381967544556
vt 0.93293869495391846 0.036147590726613998
vt 0.92162793874740601 0.026836970821022987
vt 0.90872961282730103 0.019909603521227837
vt 0.89473134279251099 0.015650123357772827
vt 0.7292560338973999 0.015650123357772827
vt 0.71525782346725464 0.019909603521227837
vt 0.70235943794250488 0.026836970821022987
vt 0.69104868173599243 0.036147590726613998
vt 0.6817740797996521 0.047503381967544556
vt 0.67487412691116333 0.060451902449131012
vt 0.6706312894821167 0.074505366384983063
vt 0.89473098516464233 0.24653339385986328
vt 0.90872949361801147 0.24227386713027954
vt 0.92162734270095825 0.23534685373306274
vt 0.93293869495391846 0.22603583335876465
vt 0.94221293926239014 0.21468064188957214
vt 0.94911319017410278 0.20173165202140808
vt 0.95335602760314941 0.18767845630645752
vt 0.6706312894821167 0.18767806887626648
vt 0.67487412691116333 0.20173151791095734
vt 0.6817740797996521 0.21468004584312439
vt 0.69104868173599243 0.22603583335876465
vt 0.70235943794250488 0.23534645140171051
vt 0.71525782346725464 0.24227382242679596
vt 0.7292560338973999 0.24653330445289612
vt 0.54650133848190308 0.38978797197341919
vt 0.54650133848190308 0.52521973848342896
vt 0.54650133848190308 0.42364591360092163
vt 0.54650133848190308 0.45750385522842407
vt 0.54650133848190308 0.49136179685592651
vt 0.50904655456542969 0.38978797197341919
vt 0.52777397632598877 0.52521973848342896
vt 0.50904655456542969 0.52521973848342896
vt 0.50904655456542969 0.49136179685592651
vt 0.50904655456542969 0.45750385522842407
vt 0.50904655456542969 0.42364591360092163
vt 0 0.26656645536422729
vt 0.041972525417804718 0.26656645536422729
vt 0.083945050835609436 0.26656645536422729
vt 0 0.30402123928070068
vt 0 0.28529384732246399
vt 0.083945050835609436 0.30402123928070068
vt 0.041972525417804718 0.30402123928070068
vt 0.46755042672157288 0.38978797197341919
vt 0.50500524044036865 0.52521973848342896
vt 0.48627781867980957 0.52521973848342896
vt 0.48627781867980957 0.38978797197341919
vt 0.46755042672157288 0.52521973848342896
vt 0.46755042672157288 0.49136179685592651
vt 0.46755042672157288 0.45750385522842407
vt 0.46755042672157288 0.42364591360092163
vt 0.50500524044036865 0.38978797197341919
vt 0.50500524044036865 0.42364591360092163
vt 0.50500524044036865 0.45750385522842407
vt 0.50500524044036865 0.49136179685592651
vt 0.17471365630626678 0.26656645536422729
vt 0.13725888729095459 0.26656645536422729
vt 0.15598626434803009 0.26656645536422729
vt 0.17471365630626678 0.35051149129867554
vt 0.13725888729095459 0.35051149129867554
vt 0.13725888729095459 0.30853897333145142
vt 0.17471365630626678 0.30853897333145142
vt 0 0.05866498127579689
vt 0 0.11586511880159378
vt 0.041616417467594147 0.05866498127579689
vt 0.041616417467594147 0.066164650022983551
vt 0.041616417467594147 0.073423124849796295
vt 0.041616417467594147 0.080564513802528381
vt 0.041616417467594147 0.087624631822109222
vt 0.041616417467594147 0.09468475729227066
vt 0.041616417467594147 0.1017448753118515
vt 0.041616417467594147 0.10880499333143234
vt 0.041616417467594147 0.11586511880159378
vt 0.083232834935188293 0.05866498127579689
vt 0.083232834935188293 0.066164650022983551
vt 0.083232834935188293 0.073423124849796295
vt 0.083232834935188293 0.080564513802528381
vt 0.083232834935188293 0.087624631822109222
vt 0.083232834935188293 0.09468475729227066
vt 0.083232834935188293 0.1017448753118515
vt 0.083232834935188293 0.10880499333143234
vt 0.083232834935188293 0.11586511880159378
vt 0.12484925240278244 0.05866498127579689
vt 0.12484925240278244 0.066164650022983551
vt 0.12484925240278244 0.073423124849796295
vt 0.12484925240278244 0.080564513802528381
vt 0.12484925240278244 0.087624631822109222
vt 0.12484925240278244 0.09468475729227066
vt 0.12484925240278244 0.1017448753118515
vt 0.12484925240278244 0.10880499333143234
vt 0.12484925240278244 0.11586511880159378
vt 0.16646566987037659 0.05866498127579689
vt 0.16646566987037659 0.066164650022983551
vt 0.16646566987037659 0.073423124849796295
vt 0.16646566987037659 0.080564513802528381
vt 0.16646566987037659 0.087624631822109222
vt 0.16646566987037659 0.09468475729227066
vt 0.16646566987037659 0.1017448753118515
vt 0.16646566987037659 0.10880499333143234
vt 0.16646566987037659 0.11586511880159378
vt 0.20808209478855133 0.05866498127579689
vt 0.20808209478855133 0.066164650022983551
vt 0.20808209478855133 0.073423124849796295
vt 0.20808209478855133 0.080564513802528381
vt 0.20808209478855133 0.087624631822109222
vt 0.20808209478855133 0.09468475729227066
vt 0.20808209478855133 0.1017448753118515
vt 0.20808209478855133 0.10880499333143234
vt 0.20808209478855133 0.11586511880159378
vt 0.24969850480556488 0.05866498127579689
vt 0.24969850480556488 0.066164650022983551
vt 0.24969850480556488 0.073423124849796295
vt 0.24969850480556488 0.080564513802528381
vt 0.24969850480556488 0.087624631822109222
vt 0.24969850480556488 0.09468475729227066
vt 0.24969850480556488 0.1017448753118515
vt 0.24969850480556488 0.10880499333143234
vt 0.24969850480556488 0.11586511880159378
vt 0.29131492972373962 0.05866498127579689
vt 0.29131492972373962 0.066164650022983551
vt 0.29131492972373962 0.073423124849796295
vt 0.29131492972373962 0.080564513802528381
vt 0.29131492972373962 0.087624631822109222
vt 0.29131492972373962 0.09468475729227066
vt 0.29131492972373962 0.1017448753118515
vt 0.29131492972373962 0.10880499333143234
vt 0.29131492972373962 0.11586511880159378
vt 0.33293133974075317 0.05866498127579689
vt 0.33293133974075317 0.066164650022983551
vt 0.33293133974075317 0.073423124849796295
vt 0.33293133974075317 0.080564513802528381
vt 0.33293133974075317 0.087624631822109222
vt 0.33293133974075317 0.09468475729227066
vt 0.33293133974075317 0.1017448753118515
vt 0.33293133974075317 0.10880499333143234
vt 0.33293133974075317 0.11586511880159378
vt 0.37454774975776672 0.05866498127579689
vt 0.37454774975776672 0.11586511880159378
vt 0 0.11229010671377182
vt 0 0.10871510207653046
vt 0 0.1051400899887085
vt 0 0.10156508535146713
vt 0 0.097990073263645172
vt 0 0.094415068626403809
vt 0 0.090840056538581848
vt 0 0.087265051901340485
vt 0 0.083690039813518524
vt 0 0.080115035176277161
vt 0 0.0765400230884552
vt 0 0.072965018451213837
vt 0 0.069390006363391876
vt 0 0.065814994275569916
vt 0 0.062239989638328552
vt 0.041616417467594147 0.11233505606651306
vt 0.020808208733797073 0.10880499333143234
vt 0.020808208733797073 0.11233505606651306
vt 0.020808208733797073 0.11410009115934372
vt 0.010404104366898537 0.11233505606651306
vt 0.010404104366898537 0.11410009115934372
vt 0.020808208733797073 0.110570028424263
vt 0.010404104366898537 0.10880499333143234
vt 0.010404104366898537 0.110570028424263
vt 0.041616417467594147 0.10527493804693222
vt 0.020808208733797073 0.1017448753118515
vt 0.020808208733797073 0.10527493804693222
vt 0.020808208733797073 0.10703996568918228
vt 0.010404104366898537 0.10527493804693222
vt 0.010404104366898537 0.10703996568918228
vt 0.020808208733797073 0.10350991040468216
vt 0.010404104366898537 0.1017448753118515
vt 0.010404104366898537 0.10350991040468216
vt 0.041616417467594147 0.098214812576770782
vt 0.020808208733797073 0.09468475729227066
vt 0.020808208733797073 0.098214812576770782
vt 0.020808208733797073 0.09997984766960144
vt 0.010404104366898537 0.098214812576770782
vt 0.010404104366898537 0.09997984766960144
vt 0.020808208733797073 0.096449784934520721
vt 0.010404104366898537 0.09468475729227066
vt 0.010404104366898537 0.096449784934520721
vt 0.041616417467594147 0.091154694557189941
vt 0.020808208733797073 0.087624631822109222
vt 0.020808208733797073 0.091154694557189941
vt 0.020808208733797073 0.092919729650020599
vt 0.010404104366898537 0.091154694557189941
vt 0.010404104366898537 0.092919729650020599
vt 0.020808208733797073 0.08938966691493988
vt 0.010404104366898537 0.087624631822109222
vt 0.010404104366898537 0.08938966691493988
vt 0.041616417467594147 0.0840945765376091
vt 0.020808208733797073 0.080564513802528381
vt 0.020808208733797073 0.0840945765376091
vt 0.020808208733797073 0.085859604179859161
vt 0.010404104366898537 0.0840945765376091
vt 0.010404104366898537 0.085859604179859161
vt 0.020808208733797073 0.082329541444778442
vt 0.010404104366898537 0.080564513802528381
vt 0.010404104366898537 0.082329541444778442
vt 0.041616417467594147 0.076993823051452637
vt 0.020808208733797073 0.073423124849796295
vt 0.020808208733797073 0.076993823051452637
vt 0.020808208733797073 0.078779168426990509
vt 0.010404104366898537 0.076993823051452637
vt 0.010404104366898537 0.078779168426990509
vt 0.020808208733797073 0.075208470225334167
vt 0.010404104366898537 0.073423124849796295
vt 0.010404104366898537 0.075208470225334167
vt 0.041616417467594147 0.069793887436389923
vt 0.020808208733797073 0.066164650022983551
vt 0.020808208733797073 0.069793887436389923
vt 0.020808208733797073 0.071608506143093109
vt 0.010404104366898537 0.069793887436389923
vt 0.010404104366898537 0.071608506143093109
vt 0.020808208733797073 0.067979268729686737
vt 0.010404104366898537 0.066164650022983551
vt 0.010404104366898537 0.067979268729686737
vt 0.041616417467594147 0.062414813786745071
vt 0.020808208733797073 0.062414813786745071
vt 0.020808208733797073 0.06428973376750946
vt 0.010404104366898537 0.062414813786745071
vt 0.010404104366898537 0.06428973376750946
vt 0.020808208733797073 0.060539897531270981
vt 0.010404104366898537 0.060539897531270981
vt 0.37454774975776672 0.062239989638328552
vt 0.37454774975776672 0.065814994275569916
vt 0.37454774975776672 0.069390006363391876
vt 0.37454774975776672 0.072965018451213837
vt 0.37454774975776672 0.0765400230884552
vt 0.37454774975776672 0.080115035176277161
vt 0.37454774975776672 0.083690039813518524
vt 0.37454774975776672 0.087265051901340485
vt 0.37454774975776672 0.090840056538581848
vt 0.37454774975776672 0.094415068626403809
vt 0.37454774975776672 0.097990073263645172
vt 0.37454774975776672 0.10156508535146713
vt 0.37454774975776672 0.1051400899887085
vt 0.37454774975776672 0.10871510207653046
vt 0.37454774975776672 0.11229010671377182
vt 0.35373952984809875 0.066164650022983551
vt 0.33293133974075317 0.062414813786745071
vt 0.35373952984809875 0.062414813786745071
vt 0.36414363980293274 0.062414813786745071
vt 0.35373952984809875 0.060539897531270981
vt 0.36414363980293274 0.060539897531270981
vt 0.36414363980293274 0.066164650022983551
vt 0.35373952984809875 0.06428973376750946
vt 0.36414363980293274 0.06428973376750946
vt 0.35373952984809875 0.073423124849796295
vt 0.33293133974075317 0.069793887436389923
vt 0.35373952984809875 0.069793887436389923
vt 0.36414363980293274 0.069793887436389923
vt 0.35373952984809875 0.067979268729686737
vt 0.36414363980293274 0.067979268729686737
vt 0.36414363980293274 0.073423124849796295
vt 0.35373952984809875 0.071608506143093109
vt 0.36414363980293274 0.071608506143093109
vt 0.35373952984809875 0.080564513802528381
vt 0.33293133974075317 0.076993823051452637
vt 0.35373952984809875 0.076993823051452637
vt 0.36414363980293274 0.076993823051452637
vt 0.35373952984809875 0.075208470225334167
vt 0.36414363980293274 0.075208470225334167
vt 0.36414363980293274 0.080564513802528381
vt 0.35373952984809875 0.078779168426990509
vt 0.36414363980293274 0.078779168426990509
vt 0.35373952984809875 0.087624631822109222
vt 0.33293133974075317 0.0840945765376091
vt 0.35373952984809875 0.0840945765376091
vt 0.36414363980293274 0.0840945765376091
vt 0.35373952984809875 0.082329541444778442
vt 0.36414363980293274 0.082329541444778442
vt 0.36414363980293274 0.087624631822109222
vt 0.35373952984809875 0.085859604179859161
vt 0.36414363980293274 0.085859604179859161
vt 0.35373952984809875 0.09468475729227066
vt 0.33293133974075317 0.091154694557189941
vt 0.35373952984809875 0.091154694557189941
vt 0.36414363980293274 0.091154694557189941
vt 0.35373952984809875 0.08938966691493988
vt 0.36414363980293274 0.08938966691493988
vt 0.36414363980293274 0.09468475729227066
vt 0.35373952984809875 0.092919729650020599
vt 0.36414363980293274 0.092919729650020599
vt 0.35373952984809875 0.1017448753118515
vt 0.33293133974075317 0.098214812576770782
vt 0.35373952984809875 0.098214812576770782
vt 0.36414363980293274 0.098214812576770782
vt 0.35373952984809875 0.096449784934520721
vt 0.36414363980293274 0.096449784934520721
vt 0.36414363980293274 0.1017448753118515
vt 0.35373952984809875 0.09997984766960144
vt 0.36414363980293274 0.09997984766960144
vt 0.35373952984809875 0.10880499333143234
vt 0.33293133974075317 0.10527493804693222
vt 0.35373952984809875 0.10527493804693222
vt 0.36414363980293274 0.10527493804693222
vt 0.35373952984809875 0.10350991040468216
vt 0.36414363980293274 0.10350991040468216
vt 0.36414363980293274 0.10880499333143234
vt 0.35373952984809875 0.10703996568918228
vt 0.36414363980293274 0.10703996568918228
vt 0.33293133974075317 0.11233505606651306
vt 0.35373952984809875 0.11233505606651306
vt 0.36414363980293274 0.11233505606651306
vt 0.35373952984809875 0.110570028424263
vt 0.36414363980293274 0.110570028424263
vt 0.35373952984809875 0.11410009115934372
vt 0.36414363980293274 0.11410009115934372
vt 0.05866498127579689 0.67055267095565796
vt 0 0.67055267095565796
vt 0.05866498127579689 0.70800745487213135
vt 0 0.70800745487213135
vt 0.054998420178890228 0.70800745487213135
vt 0.051331859081983566 0.70800745487213135
vt 0.047665297985076904 0.70800745487213135
vt 0.043998736888170242 0.70800745487213135
vt 0.04033217579126358 0.70800745487213135
vt 0.036665614694356918 0.70800745487213135
vt 0.032999049872159958 0.70800745487213135
vt 0.029332490637898445 0.70800745487213135
vt 0.025665929540991783 0.70800745487213135
vt 0.021999368444085121 0.70800745487213135
vt 0.018332807347178459 0.70800745487213135
vt 0.014666245318949223 0.70800745487213135
vt 0.010999684222042561 0.70800745487213135
vt 0.0073331226594746113 0.70800745487213135
vt 0.0036665613297373056 0.70800745487213135
vt 0.050973251461982727 0.68928009271621704
vt 0.054819114506244659 0.68928009271621704
vt 0.054819114506244659 0.69864380359649658
vt 0.056742049753665924 0.68928009271621704
vt 0.056742049753665924 0.69864380359649658
vt 0.050973251461982727 0.69864380359649658
vt 0.052896182984113693 0.68928009271621704
vt 0.052896182984113693 0.69864380359649658
vt 0.04352889209985733 0.68928009271621704
vt 0.047251071780920029 0.68928009271621704
vt 0.047251071780920029 0.69864380359649658
vt 0.049112163484096527 0.68928009271621704
vt 0.049112163484096527 0.69864380359649658
vt 0.04352889209985733 0.69864380359649658
vt 0.045389983803033829 0.68928009271621704
vt 0.045389983803033829 0.69864380359649658
vt 0.036204621195793152 0.68928009271621704
vt 0.039866756647825241 0.68928009271621704
vt 0.039866756647825241 0.69864380359649658
vt 0.041697826236486435 0.68928009271621704
vt 0.041697826236486435 0.69864380359649658
vt 0.036204621195793152 0.69864380359649658
vt 0.038035687059164047 0.68928009271621704
vt 0.038035687059164047 0.69864380359649658
vt 0.028963696211576462 0.68928009271621704
vt 0.032584156841039658 0.68928009271621704
vt 0.032584156841039658 0.69864380359649658
vt 0.034394390881061554 0.68928009271621704
vt 0.034394390881061554 0.69864380359649658
vt 0.028963696211576462 0.69864380359649658
vt 0.03077392652630806 0.68928009271621704
vt 0.03077392652630806 0.69864380359649658
vt 0.021722771227359772 0.68928009271621704
vt 0.025343231856822968 0.68928009271621704
vt 0.025343231856822968 0.69864380359649658
vt 0.027153465896844864 0.68928009271621704
vt 0.027153465896844864 0.69864380359649658
vt 0.021722771227359772 0.69864380359649658
vt 0.02353300154209137 0.68928009271621704
vt 0.02353300154209137 0.69864380359649658
vt 0.014481846243143082 0.68928009271621704
vt 0.018102310597896576 0.68928009271621704
vt 0.018102310597896576 0.69864380359649658
vt 0.019912540912628174 0.68928009271621704
vt 0.019912540912628174 0.69864380359649658
vt 0.014481846243143082 0.69864380359649658
vt 0.016292080283164978 0.68928009271621704
vt 0.016292080283164978 0.69864380359649658
vt 0.0072409249842166901 0.68928009271621704
vt 0.010861385613679886 0.68928009271621704
vt 0.010861385613679886 0.69864380359649658
vt 0.012671615928411484 0.68928009271621704
vt 0.012671615928411484 0.69864380359649658
vt 0.0072409249842166901 0.69864380359649658
vt 0.009051155298948288 0.68928009271621704
vt 0.009051155298948288 0.69864380359649658
vt 0.0036204606294631958 0.68928009271621704
vt 0.0036204606294631958 0.69864380359649658
vt 0.0054306946694850922 0.68928009271621704
vt 0.0054306946694850922 0.69864380359649658
vt 0.0018102303147315979 0.68928009271621704
vt 0.0018102303147315979 0.69864380359649658
vt 0.0057630282826721668 0.67055267095565796
vt 0.011258065700531006 0.67055267095565796
vt 0.016556078568100929 0.67055267095565796
vt 0.021719099953770638 0.67055267095565796
vt 0.026803329586982727 0.67055267095565796
vt 0.031861651688814163 0.67055267095565796
vt 0.036945879459381104 0.67055267095565796
vt 0.042108900845050812 0.67055267095565796
vt 0.047406915575265884 0.67055267095565796
vt 0.052901949733495712 0.67055267095565796
vt 0 0.38978797197341919
vt 0 0.44845294952392578
vt 0.041453655809164047 0.38978797197341919
vt 0.041453655809164047 0.39747971296310425
vt 0.041453655809164047 0.40492406487464905
vt 0.041453655809164047 0.41224834322929382
vt 0.041453655809164047 0.41948926448822021
vt 0.041453655809164047 0.42673018574714661
vt 0.041453655809164047 0.433971107006073
vt 0.041453655809164047 0.44121202826499939
vt 0.041453655809164047 0.44845294952392578
vt 0.082907311618328094 0.38978797197341919
vt 0.082907311618328094 0.39747971296310425
vt 0.082907311618328094 0.40492406487464905
vt 0.082907311618328094 0.41224834322929382
vt 0.082907311618328094 0.41948926448822021
vt 0.082907311618328094 0.42673018574714661
vt 0.082907311618328094 0.433971107006073
vt 0.082907311618328094 0.44121202826499939
vt 0.082907311618328094 0.44845294952392578
vt 0.12436097115278244 0.38978797197341919
vt 0.12436097115278244 0.39747971296310425
vt 0.12436097115278244 0.40492406487464905
vt 0.12436097115278244 0.41224834322929382
vt 0.12436097115278244 0.41948926448822021
vt 0.12436097115278244 0.42673018574714661
vt 0.12436097115278244 0.433971107006073
vt 0.12436097115278244 0.44121202826499939
vt 0.12436097115278244 0.44845294952392578
vt 0.16581462323665619 0.38978797197341919
vt 0.16581462323665619 0.39747971296310425
vt 0.16581462323665619 0.40492406487464905
vt 0.16581462323665619 0.41224834322929382
vt 0.16581462323665619 0.41948926448822021
vt 0.16581462323665619 0.42673018574714661
vt 0.16581462323665619 0.433971107006073
vt 0.16581462323665619 0.44121202826499939
vt 0.16581462323665619 0.44845294952392578
vt 0.20726829767227173 0.38978797197341919
vt 0.20726829767227173 0.39747971296310425
vt 0.20726829767227173 0.40492406487464905
vt 0.20726829767227173 0.41224834322929382
vt 0.20726829767227173 0.41948926448822021
vt 0.20726829767227173 0.42673018574714661
vt 0.20726829767227173 0.433971107006073
vt 0.20726829767227173 0.44121202826499939
vt 0.20726829767227173 0.44845294952392578
vt 0.24872194230556488 0.38978797197341919
vt 0.24872194230556488 0.39747971296310425
vt 0.24872194230556488 0.40492406487464905
vt 0.24872194230556488 0.41224834322929382
vt 0.24872194230556488 0.41948926448822021
vt 0.24872194230556488 0.42673018574714661
vt 0.24872194230556488 0.433971107006073
vt 0.24872194230556488 0.44121202826499939
vt 0.24872194230556488 0.44845294952392578
vt 0.29017558693885803 0.38978797197341919
vt 0.29017558693885803 0.39747971296310425
vt 0.29017558693885803 0.40492406487464905
vt 0.29017558693885803 0.41224834322929382
vt 0.29017558693885803 0.41948926448822021
vt 0.29017558693885803 0.42673018574714661
vt 0.29017558693885803 0.433971107006073
vt 0.29017558693885803 0.44121202826499939
vt 0.29017558693885803 0.44845294952392578
vt 0.33162924647331238 0.38978797197341919
vt 0.33162924647331238 0.39747971296310425
vt 0.33162924647331238 0.40492406487464905
vt 0.33162924647331238 0.41224834322929382
vt 0.33162924647331238 0.41948926448822021
vt 0.33162924647331238 0.42673018574714661
vt 0.33162924647331238 0.433971107006073
vt 0.33162924647331238 0.44121202826499939
vt 0.33162924647331238 0.44845294952392578
vt 0.37308290600776672 0.38978797197341919
vt 0.37308290600776672 0.44845294952392578
vt 0.37308290600776672 0.39345455169677734
vt 0.37308290600776672 0.39712110161781311
vt 0.37308290600776672 0.40078765153884888
vt 0.37308290600776672 0.40445423126220703
vt 0.37308290600776672 0.4081207811832428
vt 0.37308290600776672 0.41178736090660095
vt 0.37308290600776672 0.41545391082763672
vt 0.37308290600776672 0.41912046074867249
vt 0.37308290600776672 0.42278704047203064
vt 0.37308290600776672 0.42645359039306641
vt 0.37308290600776672 0.43012014031410217
vt 0.37308290600776672 0.43378672003746033
vt 0.37308290600776672 0.43745326995849609
vt 0.37308290600776672 0.44111984968185425
vt 0.37308290600776672 0.44478639960289001
vt 0.35235607624053955 0.39747971296310425
vt 0.33162924647331238 0.39363384246826172
vt 0.35235607624053955 0.39363384246826172
vt 0.36271947622299194 0.39363384246826172
vt 0.35235607624053955 0.39171090722084045
vt 0.36271947622299194 0.39171090722084045
vt 0.36271947622299194 0.39747971296310425
vt 0.35235607624053955 0.39555677771568298
vt 0.36271947622299194 0.39555677771568298
vt 0.35235607624053955 0.40492406487464905
vt 0.33162924647331238 0.40120187401771545
vt 0.35235607624053955 0.40120187401771545
vt 0.36271947622299194 0.40120187401771545
vt 0.35235607624053955 0.39934080839157104
vt 0.36271947622299194 0.39934080839157104
vt 0.36271947622299194 0.40492406487464905
vt 0.35235607624053955 0.40306296944618225
vt 0.36271947622299194 0.40306296944618225
vt 0.35235607624053955 0.41224834322929382
vt 0.33162924647331238 0.40858620405197144
vt 0.35235607624053955 0.40858620405197144
vt 0.36271947622299194 0.40858620405197144
vt 0.35235607624053955 0.40675514936447144
vt 0.36271947622299194 0.40675514936447144
vt 0.36271947622299194 0.41224834322929382
vt 0.35235607624053955 0.41041725873947144
vt 0.36271947622299194 0.41041725873947144
vt 0.35235607624053955 0.41948926448822021
vt 0.33162924647331238 0.41586878895759583
vt 0.35235607624053955 0.41586878895759583
vt 0.36271947622299194 0.41586878895759583
vt 0.35235607624053955 0.41405856609344482
vt 0.36271947622299194 0.41405856609344482
vt 0.36271947622299194 0.41948926448822021
vt 0.35235607624053955 0.41767904162406921
vt 0.36271947622299194 0.41767904162406921
vt 0.35235607624053955 0.42673018574714661
vt 0.33162924647331238 0.4231097400188446
vt 0.35235607624053955 0.4231097400188446
vt 0.36271947622299194 0.4231097400188446
vt 0.35235607624053955 0.42129948735237122
vt 0.36271947622299194 0.42129948735237122
vt 0.36271947622299194 0.42673018574714661
vt 0.35235607624053955 0.42491996288299561
vt 0.36271947622299194 0.42491996288299561
vt 0.35235607624053955 0.433971107006073
vt 0.33162924647331238 0.430350661277771
vt 0.35235607624053955 0.430350661277771
vt 0.36271947622299194 0.430350661277771
vt 0.35235607624053955 0.42854040861129761
vt 0.36271947622299194 0.42854040861129761
vt 0.36271947622299194 0.433971107006073
vt 0.35235607624053955 0.432160884141922
vt 0.36271947622299194 0.432160884141922
vt 0.35235607624053955 0.44121202826499939
vt 0.33162924647331238 0.43759158253669739
vt 0.35235607624053955 0.43759158253669739
vt 0.36271947622299194 0.43759158253669739
vt 0.35235607624053955 0.435781329870224
vt 0.36271947622299194 0.435781329870224
vt 0.36271947622299194 0.44121202826499939
vt 0.35235607624053955 0.43940180540084839
vt 0.36271947622299194 0.43940180540084839
vt 0.33162924647331238 0.44483250379562378
vt 0.35235607624053955 0.44483250379562378
vt 0.36271947622299194 0.44483250379562378
vt 0.35235607624053955 0.44302225112915039
vt 0.36271947622299194 0.44302225112915039
vt 0.35235607624053955 0.44664272665977478
vt 0.36271947622299194 0.44664272665977478
vt 0 0.4426899254322052
vt 0 0.43719488382339478
vt 0 0.43189689517021179
vt 0 0.42673385143280029
vt 0 0.42164963483810425
vt 0 0.41659131646156311
vt 0 0.41150707006454468
vt 0 0.40634405612945557
vt 0 0.4010460376739502
vt 0 0.39555099606513977
vt 0.041453655809164047 0.44483250379562378
vt 0.020726827904582024 0.44121202826499939
vt 0.020726827904582024 0.44483250379562378
vt 0.041453655809164047 0.43759158253669739
vt 0.020726827904582024 0.433971107006073
vt 0.020726827904582024 0.43759158253669739
vt 0.041453655809164047 0.430350661277771
vt 0.020726827904582024 0.42673018574714661
vt 0.020726827904582024 0.430350661277771
vt 0.041453655809164047 0.4231097400188446
vt 0.020726827904582024 0.41948926448822021
vt 0.020726827904582024 0.4231097400188446
vt 0.041453655809164047 0.41586878895759583
vt 0.020726827904582024 0.41224834322929382
vt 0.020726827904582024 0.41586878895759583
vt 0.041453655809164047 0.40858620405197144
vt 0.020726827904582024 0.40492406487464905
vt 0.020726827904582024 0.40858620405197144
vt 0.041453655809164047 0.40120187401771545
vt 0.020726827904582024 0.39747971296310425
vt 0.020726827904582024 0.40120187401771545
vt 0.041453655809164047 0.39363384246826172
vt 0.020726827904582024 0.39363384246826172
vt 0.14509512484073639 0.59365952014923096
vt 0.086430147290229797 0.59365952014923096
vt 0.14509512484073639 0.63111424446105957
vt 0.086430147290229797 0.63111424446105957
vt 0.14142856001853943 0.63111424446105957
vt 0.13776199519634247 0.63111424446105957
vt 0.1340954452753067 0.63111424446105957
vt 0.13042888045310974 0.63111424446105957
vt 0.12676231563091278 0.63111424446105957
vt 0.12309575825929642 0.63111424446105957
vt 0.11942919343709946 0.63111424446105957
vt 0.11576263606548309 0.63111424446105957
vt 0.11209607124328613 0.63111424446105957
vt 0.10842951387166977 0.63111424446105957
vt 0.10476294904947281 0.63111424446105957
vt 0.10109639167785645 0.63111424446105957
vt 0.097429826855659485 0.63111424446105957
vt 0.093763269484043121 0.63111424446105957
vt 0.090096704661846161 0.63111424446105957
vt 0.13740339875221252 0.61238688230514526
vt 0.14124925434589386 0.61238688230514526
vt 0.14124925434589386 0.6217505931854248
vt 0.14317218959331512 0.61238688230514526
vt 0.14317218959331512 0.6217505931854248
vt 0.13740339875221252 0.6217505931854248
vt 0.13932633399963379 0.61238688230514526
vt 0.13932633399963379 0.6217505931854248
vt 0.12995903193950653 0.61238688230514526
vt 0.13368122279644012 0.61238688230514526
vt 0.13368122279644012 0.6217505931854248
vt 0.13554230332374573 0.61238688230514526
vt 0.13554230332374573 0.6217505931854248
vt 0.12995903193950653 0.6217505931854248
vt 0.13182012736797333 0.61238688230514526
vt 0.13182012736797333 0.6217505931854248
vt 0.12263476103544235 0.61238688230514526
vt 0.12629689276218414 0.61238688230514526
vt 0.12629689276218414 0.6217505931854248
vt 0.12812796235084534 0.61238688230514526
vt 0.12812796235084534 0.6217505931854248
vt 0.12263476103544235 0.6217505931854248
vt 0.12446583062410355 0.61238688230514526
vt 0.12446583062410355 0.6217505931854248
vt 0.11539383977651596 0.61238688230514526
vt 0.11901430040597916 0.61238688230514526
vt 0.11901430040597916 0.6217505931854248
vt 0.12082453072071075 0.61238688230514526
vt 0.12082453072071075 0.6217505931854248
vt 0.11539383977651596 0.6217505931854248
vt 0.11720407009124756 0.61238688230514526
vt 0.11720407009124756 0.6217505931854248
vt 0.10815291851758957 0.61238688230514526
vt 0.11177337914705276 0.61238688230514526
vt 0.11177337914705276 0.6217505931854248
vt 0.11358360946178436 0.61238688230514526
vt 0.11358360946178436 0.6217505931854248
vt 0.10815291851758957 0.6217505931854248
vt 0.10996314883232117 0.61238688230514526
vt 0.10996314883232117 0.6217505931854248
vt 0.10091198980808258 0.61238688230514526
vt 0.10453245788812637 0.61238688230514526
vt 0.10453245788812637 0.6217505931854248
vt 0.10634268820285797 0.61238688230514526
vt 0.10634268820285797 0.6217505931854248
vt 0.10091198980808258 0.6217505931854248
vt 0.10272222757339478 0.61238688230514526
vt 0.10272222757339478 0.6217505931854248
vt 0.093671068549156189 0.61238688230514526
vt 0.097291529178619385 0.61238688230514526
vt 0.097291529178619385 0.6217505931854248
vt 0.099101759493350983 0.61238688230514526
vt 0.099101759493350983 0.6217505931854248
vt 0.093671068549156189 0.6217505931854248
vt 0.095481298863887787 0.61238688230514526
vt 0.095481298863887787 0.6217505931854248
vt 0.090050607919692993 0.61238688230514526
vt 0.090050607919692993 0.6217505931854248
vt 0.091860838234424591 0.61238688230514526
vt 0.091860838234424591 0.6217505931854248
vt 0.088240377604961395 0.61238688230514526
vt 0.088240377604961395 0.6217505931854248
vt 0.092193171381950378 0.59365952014923096
vt 0.097688212990760803 0.59365952014923096
vt 0.10298622399568558 0.59365952014923096
vt 0.10814924538135529 0.59365952014923096
vt 0.11323347687721252 0.59365952014923096
vt 0.11829179525375366 0.59365952014923096
vt 0.1233760267496109 0.59365952014923096
vt 0.12853904068470001 0.59365952014923096
vt 0.13383705914020538 0.59365952014923096
vt 0.13933210074901581 0.59365952014923096
vt 0.49041286110877991 0.52668458223342896
vt 0.43321272730827332 0.52668458223342896
vt 0.49041286110877991 0.57038182020187378
vt 0.48291319608688354 0.57038182020187378
vt 0.4756547212600708 0.57038182020187378
vt 0.46851333975791931 0.57038182020187378
vt 0.46145322918891907 0.57038182020187378
vt 0.45439308881759644 0.57038182020187378
vt 0.44733297824859619 0.57038182020187378
vt 0.44027286767959595 0.57038182020187378
vt 0.43321272730827332 0.57038182020187378
vt 0.49041286110877991 0.6140790581703186
vt 0.48291319608688354 0.6140790581703186
vt 0.4756547212600708 0.6140790581703186
vt 0.46851333975791931 0.6140790581703186
vt 0.46145322918891907 0.6140790581703186
vt 0.45439308881759644 0.6140790581703186
vt 0.44733297824859619 0.6140790581703186
vt 0.44027286767959595 0.6140790581703186
vt 0.43321272730827332 0.6140790581703186
vt 0.49041286110877991 0.65777629613876343
vt 0.48291319608688354 0.65777629613876343
vt 0.4756547212600708 0.65777629613876343
vt 0.46851333975791931 0.65777629613876343
vt 0.46145322918891907 0.65777629613876343
vt 0.45439308881759644 0.65777629613876343
vt 0.44733297824859619 0.65777629613876343
vt 0.44027286767959595 0.65777629613876343
vt 0.43321272730827332 0.65777629613876343
vt 0.49041286110877991 0.70147353410720825
vt 0.48291319608688354 0.70147353410720825
vt 0.4756547212600708 0.70147353410720825
vt 0.46851333975791931 0.70147353410720825
vt 0.46145322918891907 0.70147353410720825
vt 0.45439308881759644 0.70147353410720825
vt 0.44733297824859619 0.70147353410720825
vt 0.44027286767959595 0.70147353410720825
vt 0.43321272730827332 0.70147353410720825
vt 0.49041286110877991 0.74517077207565308
vt 0.48291319608688354 0.74517077207565308
vt 0.4756547212600708 0.74517077207565308
vt 0.46851333975791931 0.74517077207565308
vt 0.46145322918891907 0.74517077207565308
vt 0.45439308881759644 0.74517077207565308
vt 0.44733297824859619 0.74517077207565308
vt 0.44027286767959595 0.74517077207565308
vt 0.43321272730827332 0.74517077207565308
vt 0.49041286110877991 0.7888680100440979
vt 0.43321272730827332 0.7888680100440979
vt 0.43678775429725647 0.52668458223342896
vt 0.44036275148391724 0.52668458223342896
vt 0.443937748670578 0.52668458223342896
vt 0.44751277565956116 0.52668458223342896
vt 0.45108777284622192 0.52668458223342896
vt 0.45466279983520508 0.52668458223342896
vt 0.45823779702186584 0.52668458223342896
vt 0.46181279420852661 0.52668458223342896
vt 0.46538782119750977 0.52668458223342896
vt 0.46896281838417053 0.52668458223342896
vt 0.4725378155708313 0.52668458223342896
vt 0.47611284255981445 0.52668458223342896
vt 0.47968783974647522 0.52668458223342896
vt 0.48326286673545837 0.52668458223342896
vt 0.48683786392211914 0.52668458223342896
vt 0.43674278259277344 0.57038182020187378
vt 0.44027286767959595 0.54853320121765137
vt 0.43674278259277344 0.54853320121765137
vt 0.43497776985168457 0.54853320121765137
vt 0.43674278259277344 0.53760886192321777
vt 0.43497776985168457 0.53760886192321777
vt 0.43850782513618469 0.54853320121765137
vt 0.44027286767959595 0.53760886192321777
vt 0.43850782513618469 0.53760886192321777
vt 0.44380292296409607 0.57038182020187378
vt 0.44733297824859619 0.54853320121765137
vt 0.44380292296409607 0.54853320121765137
vt 0.44203788042068481 0.54853320121765137
vt 0.44380292296409607 0.53760886192321777
vt 0.44203788042068481 0.53760886192321777
vt 0.44556793570518494 0.54853320121765137
vt 0.44733297824859619 0.53760886192321777
vt 0.44556793570518494 0.53760886192321777
vt 0.45086303353309631 0.57038182020187378
vt 0.45439308881759644 0.54853320121765137
vt 0.45086303353309631 0.54853320121765137
vt 0.44909802079200745 0.54853320121765137
vt 0.45086303353309631 0.53760886192321777
vt 0.44909802079200745 0.53760886192321777
vt 0.45262807607650757 0.54853320121765137
vt 0.45439308881759644 0.53760886192321777
vt 0.45262807607650757 0.53760886192321777
vt 0.45792314410209656 0.57038182020187378
vt 0.46145322918891907 0.54853320121765137
vt 0.45792314410209656 0.54853320121765137
vt 0.45615813136100769 0.54853320121765137
vt 0.45792314410209656 0.53760886192321777
vt 0.45615813136100769 0.53760886192321777
vt 0.45968818664550781 0.54853320121765137
vt 0.46145322918891907 0.53760886192321777
vt 0.45968818664550781 0.53760886192321777
vt 0.46498328447341919 0.57038182020187378
vt 0.46851333975791931 0.54853320121765137
vt 0.46498328447341919 0.54853320121765137
vt 0.46321824193000793 0.54853320121765137
vt 0.46498328447341919 0.53760886192321777
vt 0.46321824193000793 0.53760886192321777
vt 0.46674829721450806 0.54853320121765137
vt 0.46851333975791931 0.53760886192321777
vt 0.46674829721450806 0.53760886192321777
vt 0.47208404541015625 0.57038182020187378
vt 0.4756547212600708 0.54853320121765137
vt 0.47208404541015625 0.54853320121765137
vt 0.47029867768287659 0.54853320121765137
vt 0.47208404541015625 0.53760886192321777
vt 0.47029867768287659 0.53760886192321777
vt 0.47386938333511353 0.54853320121765137
vt 0.4756547212600708 0.53760886192321777
vt 0.47386938333511353 0.53760886192321777
vt 0.47928395867347717 0.57038182020187378
vt 0.48291319608688354 0.54853320121765137
vt 0.47928395867347717 0.54853320121765137
vt 0.47746935486793518 0.54853320121765137
vt 0.47928395867347717 0.53760886192321777
vt 0.47746935486793518 0.53760886192321777
vt 0.48109859228134155 0.54853320121765137
vt 0.48291319608688354 0.53760886192321777
vt 0.48109859228134155 0.53760886192321777
vt 0.48666304349899292 0.57038182020187378
vt 0.48666304349899292 0.54853320121765137
vt 0.48478811979293823 0.54853320121765137
vt 0.48666304349899292 0.53760886192321777
vt 0.48478811979293823 0.53760886192321777
vt 0.48853796720504761 0.54853320121765137
vt 0.48853796720504761 0.53760886192321777
vt 0.48683786392211914 0.7888680100440979
vt 0.48326286673545837 0.7888680100440979
vt 0.47968783974647522 0.7888680100440979
vt 0.47611284255981445 0.7888680100440979
vt 0.4725378155708313 0.7888680100440979
vt 0.46896281838417053 0.7888680100440979
vt 0.46538782119750977 0.7888680100440979
vt 0.46181279420852661 0.7888680100440979
vt 0.45823779702186584 0.7888680100440979
vt 0.45466279983520508 0.7888680100440979
vt 0.45108777284622192 0.7888680100440979
vt 0.44751277565956116 0.7888680100440979
vt 0.443937748670578 0.7888680100440979
vt 0.44036275148391724 0.7888680100440979
vt 0.43678775429725647 0.7888680100440979
vt 0.48291319608688354 0.76701939105987549
vt 0.48666304349899292 0.74517077207565308
vt 0.48666304349899292 0.76701939105987549
vt 0.48666304349899292 0.77794367074966431
vt 0.48853796720504761 0.76701939105987549
vt 0.48853796720504761 0.77794367074966431
vt 0.48291319608688354 0.77794367074966431
vt 0.48478811979293823 0.76701939105987549
vt 0.48478811979293823 0.77794367074966431
vt 0.4756547212600708 0.76701939105987549
vt 0.47928395867347717 0.74517077207565308
vt 0.47928395867347717 0.76701939105987549
vt 0.47928395867347717 0.77794367074966431
vt 0.48109859228134155 0.76701939105987549
vt 0.48109859228134155 0.77794367074966431
vt 0.4756547212600708 0.77794367074966431
vt 0.47746935486793518 0.76701939105987549
vt 0.47746935486793518 0.77794367074966431
vt 0.46851333975791931 0.76701939105987549
vt 0.47208404541015625 0.74517077207565308
vt 0.47208404541015625 0.76701939105987549
vt 0.47208404541015625 0.77794367074966431
vt 0.47386938333511353 0.76701939105987549
vt 0.47386938333511353 0.77794367074966431
vt 0.46851333975791931 0.77794367074966431
vt 0.47029867768287659 0.76701939105987549
vt 0.47029867768287659 0.77794367074966431
vt 0.46145322918891907 0.76701939105987549
vt 0.46498328447341919 0.74517077207565308
vt 0.46498328447341919 0.76701939105987549
vt 0.46498328447341919 0.77794367074966431
vt 0.46674829721450806 0.76701939105987549
vt 0.46674829721450806 0.77794367074966431
vt 0.46145322918891907 0.77794367074966431
vt 0.46321824193000793 0.76701939105987549
vt 0.46321824193000793 0.77794367074966431
vt 0.45439308881759644 0.76701939105987549
vt 0.45792314410209656 0.74517077207565308
vt 0.45792314410209656 0.76701939105987549
vt 0.45792314410209656 0.77794367074966431
vt 0.45968818664550781 0.76701939105987549
vt 0.45968818664550781 0.77794367074966431
vt 0.45439308881759644 0.77794367074966431
vt 0.45615813136100769 0.76701939105987549
vt 0.45615813136100769 0.77794367074966431
vt 0.44733297824859619 0.76701939105987549
vt 0.45086303353309631 0.74517077207565308
vt 0.45086303353309631 0.76701939105987549
vt 0.45086303353309631 0.77794367074966431
vt 0.45262807607650757 0.76701939105987549
vt 0.45262807607650757 0.77794367074966431
vt 0.44733297824859619 0.77794367074966431
vt 0.44909802079200745 0.76701939105987549
vt 0.44909802079200745 0.77794367074966431
vt 0.44027286767959595 0.76701939105987549
vt 0.44380292296409607 0.74517077207565308
vt 0.44380292296409607 0.76701939105987549
vt 0.44380292296409607 0.77794367074966431
vt 0.44556793570518494 0.76701939105987549
vt 0.44556793570518494 0.77794367074966431
vt 0.44027286767959595 0.77794367074966431
vt 0.44203788042068481 0.76701939105987549
vt 0.44203788042068481 0.77794367074966431
vt 0.43674278259277344 0.74517077207565308
vt 0.43674278259277344 0.76701939105987549
vt 0.43674278259277344 0.77794367074966431
vt 0.43850782513618469 0.76701939105987549
vt 0.43850782513618469 0.77794367074966431
vt 0.43497776985168457 0.76701939105987549
vt 0.43497776985168457 0.77794367074966431
vt 0.05866498127579689 0.59365952014923096
vt 0 0.59365952014923096
vt 0.05866498127579689 0.61238688230514526
vt 0.050973251461982727 0.61238688230514526
vt 0.04352889209985733 0.61238688230514526
vt 0.036204621195793152 0.61238688230514526
vt 0.028963696211576462 0.61238688230514526
vt 0.021722771227359772 0.61238688230514526
vt 0.014481846243143082 0.61238688230514526
vt 0.0072409249842166901 0.61238688230514526
vt 0 0.61238688230514526
vt 0.05866498127579689 0.63111424446105957
vt 0 0.63111424446105957
vt 0.054998420178890228 0.63111424446105957
vt 0.051331859081983566 0.63111424446105957
vt 0.047665297985076904 0.63111424446105957
vt 0.043998736888170242 0.63111424446105957
vt 0.04033217579126358 0.63111424446105957
vt 0.036665614694356918 0.63111424446105957
vt 0.032999049872159958 0.63111424446105957
vt 0.029332490637898445 0.63111424446105957
vt 0.025665929540991783 0.63111424446105957
vt 0.021999368444085121 0.63111424446105957
vt 0.018332807347178459 0.63111424446105957
vt 0.014666245318949223 0.63111424446105957
vt 0.010999684222042561 0.63111424446105957
vt 0.0073331226594746113 0.63111424446105957
vt 0.0036665613297373056 0.63111424446105957
vt 0.050973251461982727 0.6217505931854248
vt 0.054819114506244659 0.61238688230514526
vt 0.054819114506244659 0.6217505931854248
vt 0.04352889209985733 0.6217505931854248
vt 0.047251071780920029 0.61238688230514526
vt 0.047251071780920029 0.6217505931854248
vt 0.036204621195793152 0.6217505931854248
vt 0.039866756647825241 0.61238688230514526
vt 0.039866756647825241 0.6217505931854248
vt 0.028963696211576462 0.6217505931854248
vt 0.032584156841039658 0.61238688230514526
vt 0.032584156841039658 0.6217505931854248
vt 0.021722771227359772 0.6217505931854248
vt 0.025343231856822968 0.61238688230514526
vt 0.025343231856822968 0.6217505931854248
vt 0.014481846243143082 0.6217505931854248
vt 0.018102310597896576 0.61238688230514526
vt 0.018102310597896576 0.6217505931854248
vt 0.0072409249842166901 0.6217505931854248
vt 0.010861385613679886 0.61238688230514526
vt 0.010861385613679886 0.6217505931854248
vt 0.0036204606294631958 0.61238688230514526
vt 0.0036204606294631958 0.6217505931854248
vt 0.0036665613297373056 0.59365952014923096
vt 0.0073331226594746113 0.59365952014923096
vt 0.010999684222042561 0.59365952014923096
vt 0.014666245318949223 0.59365952014923096
vt 0.018332807347178459 0.59365952014923096
vt 0.021999368444085121 0.59365952014923096
vt 0.025665929540991783 0.59365952014923096
vt 0.029332490637898445 0.59365952014923096
vt 0.032999049872159958 0.59365952014923096
vt 0.036665614694356918 0.59365952014923096
vt 0.04033217579126358 0.59365952014923096
vt 0.043998736888170242 0.59365952014923096
vt 0.047665297985076904 0.59365952014923096
vt 0.051331859081983566 0.59365952014923096
vt 0.054998420178890228 0.59365952014923096
vt 0.0072409249842166901 0.60302317142486572
vt 0.0036204606294631958 0.60302317142486572
vt 0.014481846243143082 0.60302317142486572
vt 0.010861385613679886 0.60302317142486572
vt 0.021722771227359772 0.60302317142486572
vt 0.018102310597896576 0.60302317142486572
vt 0.028963696211576462 0.60302317142486572
vt 0.025343231856822968 0.60302317142486572
vt 0.036204621195793152 0.60302317142486572
vt 0.032584156841039658 0.60302317142486572
vt 0.04352889209985733 0.60302317142486572
vt 0.039866756647825241 0.60302317142486572
vt 0.050973251461982727 0.60302317142486572
vt 0.047251071780920029 0.60302317142486572
vt 0.054819114506244659 0.60302317142486572
vt 0.43174788355827332 0.52668458223342896
vt 0.37454774975776672 0.52668458223342896
vt 0.43174788355827332 0.57038182020187378
vt 0.42424821853637695 0.57038182020187378
vt 0.41698974370956421 0.57038182020187378
vt 0.40984836220741272 0.57038182020187378
vt 0.40278825163841248 0.57038182020187378
vt 0.39572811126708984 0.57038182020187378
vt 0.3886680006980896 0.57038182020187378
vt 0.38160789012908936 0.57038182020187378
vt 0.37454774975776672 0.57038182020187378
vt 0.43174788355827332 0.6140790581703186
vt 0.42424821853637695 0.6140790581703186
vt 0.41698974370956421 0.6140790581703186
vt 0.40984836220741272 0.6140790581703186
vt 0.40278825163841248 0.6140790581703186
vt 0.39572811126708984 0.6140790581703186
vt 0.3886680006980896 0.6140790581703186
vt 0.38160789012908936 0.6140790581703186
vt 0.37454774975776672 0.6140790581703186
vt 0.43174788355827332 0.65777629613876343
vt 0.42424821853637695 0.65777629613876343
vt 0.41698974370956421 0.65777629613876343
vt 0.40984836220741272 0.65777629613876343
vt 0.40278825163841248 0.65777629613876343
vt 0.39572811126708984 0.65777629613876343
vt 0.3886680006980896 0.65777629613876343
vt 0.38160789012908936 0.65777629613876343
vt 0.37454774975776672 0.65777629613876343
vt 0.43174788355827332 0.70147353410720825
vt 0.42424821853637695 0.70147353410720825
vt 0.41698974370956421 0.70147353410720825
vt 0.40984836220741272 0.70147353410720825
vt 0.40278825163841248 0.70147353410720825
vt 0.39572811126708984 0.70147353410720825
vt 0.3886680006980896 0.70147353410720825
vt 0.38160789012908936 0.70147353410720825
vt 0.37454774975776672 0.70147353410720825
vt 0.43174788355827332 0.74517077207565308
vt 0.42424821853637695 0.74517077207565308
vt 0.41698974370956421 0.74517077207565308
vt 0.40984836220741272 0.74517077207565308
vt 0.40278825163841248 0.74517077207565308
vt 0.39572811126708984 0.74517077207565308
vt 0.3886680006980896 0.74517077207565308
vt 0.38160789012908936 0.74517077207565308
vt 0.37454774975776672 0.74517077207565308
vt 0.43174788355827332 0.7888680100440979
vt 0.37454774975776672 0.7888680100440979
vt 0.37812277674674988 0.52668458223342896
vt 0.38169777393341064 0.52668458223342896
vt 0.38527277112007141 0.52668458223342896
vt 0.38884779810905457 0.52668458223342896
vt 0.39242279529571533 0.52668458223342896
vt 0.3959977924823761 0.52668458223342896
vt 0.39957281947135925 0.52668458223342896
vt 0.40314781665802002 0.52668458223342896
vt 0.40672284364700317 0.52668458223342896
vt 0.41029784083366394 0.52668458223342896
vt 0.41387283802032471 0.52668458223342896
vt 0.41744786500930786 0.52668458223342896
vt 0.42102286219596863 0.52668458223342896
vt 0.42459785938262939 0.52668458223342896
vt 0.42817288637161255 0.52668458223342896
vt 0.37807780504226685 0.57038182020187378
vt 0.38160789012908936 0.54853320121765137
vt 0.37807780504226685 0.54853320121765137
vt 0.37631279230117798 0.54853320121765137
vt 0.37807780504226685 0.53760886192321777
vt 0.37631279230117798 0.53760886192321777
vt 0.3798428475856781 0.54853320121765137
vt 0.38160789012908936 0.53760886192321777
vt 0.3798428475856781 0.53760886192321777
vt 0.38513794541358948 0.57038182020187378
vt 0.3886680006980896 0.54853320121765137
vt 0.38513794541358948 0.54853320121765137
vt 0.38337290287017822 0.54853320121765137
vt 0.38513794541358948 0.53760886192321777
vt 0.38337290287017822 0.53760886192321777
vt 0.38690295815467834 0.54853320121765137
vt 0.3886680006980896 0.53760886192321777
vt 0.38690295815467834 0.53760886192321777
vt 0.39219805598258972 0.57038182020187378
vt 0.39572811126708984 0.54853320121765137
vt 0.39219805598258972 0.54853320121765137
vt 0.39043301343917847 0.54853320121765137
vt 0.39219805598258972 0.53760886192321777
vt 0.39043301343917847 0.53760886192321777
vt 0.39396309852600098 0.54853320121765137
vt 0.39572811126708984 0.53760886192321777
vt 0.39396309852600098 0.53760886192321777
vt 0.39925816655158997 0.57038182020187378
vt 0.40278825163841248 0.54853320121765137
vt 0.39925816655158997 0.54853320121765137
vt 0.3974931538105011 0.54853320121765137
vt 0.39925816655158997 0.53760886192321777
vt 0.3974931538105011 0.53760886192321777
vt 0.40102320909500122 0.54853320121765137
vt 0.40278825163841248 0.53760886192321777
vt 0.40102320909500122 0.53760886192321777
vt 0.4063183069229126 0.57038182020187378
vt 0.40984836220741272 0.54853320121765137
vt 0.4063183069229126 0.54853320121765137
vt 0.40455326437950134 0.54853320121765137
vt 0.4063183069229126 0.53760886192321777
vt 0.40455326437950134 0.53760886192321777
vt 0.40808331966400146 0.54853320121765137
vt 0.40984836220741272 0.53760886192321777
vt 0.40808331966400146 0.53760886192321777
vt 0.41341903805732727 0.57038182020187378
vt 0.41698974370956421 0.54853320121765137
vt 0.41341903805732727 0.54853320121765137
vt 0.41163370013237 0.54853320121765137
vt 0.41341903805732727 0.53760886192321777
vt 0.41163370013237 0.53760886192321777
vt 0.41520440578460693 0.54853320121765137
vt 0.41698974370956421 0.53760886192321777
vt 0.41520440578460693 0.53760886192321777
vt 0.42061898112297058 0.57038182020187378
vt 0.42424821853637695 0.54853320121765137
vt 0.42061898112297058 0.54853320121765137
vt 0.41880437731742859 0.54853320121765137
vt 0.42061898112297058 0.53760886192321777
vt 0.41880437731742859 0.53760886192321777
vt 0.42243361473083496 0.54853320121765137
vt 0.42424821853637695 0.53760886192321777
vt 0.42243361473083496 0.53760886192321777
vt 0.42799806594848633 0.57038182020187378
vt 0.42799806594848633 0.54853320121765137
vt 0.42612314224243164 0.54853320121765137
vt 0.42799806594848633 0.53760886192321777
vt 0.42612314224243164 0.53760886192321777
vt 0.42987295985221863 0.54853320121765137
vt 0.42987295985221863 0.53760886192321777
vt 0.42817288637161255 0.7888680100440979
vt 0.42459785938262939 0.7888680100440979
vt 0.42102286219596863 0.7888680100440979
vt 0.41744786500930786 0.7888680100440979
vt 0.41387283802032471 0.7888680100440979
vt 0.41029784083366394 0.7888680100440979
vt 0.40672284364700317 0.7888680100440979
vt 0.40314781665802002 0.7888680100440979
vt 0.39957281947135925 0.7888680100440979
vt 0.3959977924823761 0.7888680100440979
vt 0.39242279529571533 0.7888680100440979
vt 0.38884779810905457 0.7888680100440979
vt 0.38527277112007141 0.7888680100440979
vt 0.38169777393341064 0.7888680100440979
vt 0.37812277674674988 0.7888680100440979
vt 0.42424821853637695 0.76701939105987549
vt 0.42799806594848633 0.74517077207565308
vt 0.42799806594848633 0.76701939105987549
vt 0.42799806594848633 0.77794367074966431
vt 0.42987295985221863 0.76701939105987549
vt 0.42987295985221863 0.77794367074966431
vt 0.42424821853637695 0.77794367074966431
vt 0.42612314224243164 0.76701939105987549
vt 0.42612314224243164 0.77794367074966431
vt 0.41698974370956421 0.76701939105987549
vt 0.42061898112297058 0.74517077207565308
vt 0.42061898112297058 0.76701939105987549
vt 0.42061898112297058 0.77794367074966431
vt 0.42243361473083496 0.76701939105987549
vt 0.42243361473083496 0.77794367074966431
vt 0.41698974370956421 0.77794367074966431
vt 0.41880437731742859 0.76701939105987549
vt 0.41880437731742859 0.77794367074966431
vt 0.40984836220741272 0.76701939105987549
vt 0.41341903805732727 0.74517077207565308
vt 0.41341903805732727 0.76701939105987549
vt 0.41341903805732727 0.77794367074966431
vt 0.41520440578460693 0.76701939105987549
vt 0.41520440578460693 0.77794367074966431
vt 0.40984836220741272 0.77794367074966431
vt 0.41163370013237 0.76701939105987549
vt 0.41163370013237 0.77794367074966431
vt 0.40278825163841248 0.76701939105987549
vt 0.4063183069229126 0.74517077207565308
vt 0.4063183069229126 0.76701939105987549
vt 0.4063183069229126 0.77794367074966431
vt 0.40808331966400146 0.76701939105987549
vt 0.40808331966400146 0.77794367074966431
vt 0.40278825163841248 0.77794367074966431
vt 0.40455326437950134 0.76701939105987549
vt 0.40455326437950134 0.77794367074966431
vt 0.39572811126708984 0.76701939105987549
vt 0.39925816655158997 0.74517077207565308
vt 0.39925816655158997 0.76701939105987549
vt 0.39925816655158997 0.77794367074966431
vt 0.40102320909500122 0.76701939105987549
vt 0.40102320909500122 0.77794367074966431
vt 0.39572811126708984 0.77794367074966431
vt 0.3974931538105011 0.76701939105987549
vt 0.3974931538105011 0.77794367074966431
vt 0.3886680006980896 0.76701939105987549
vt 0.39219805598258972 0.74517077207565308
vt 0.39219805598258972 0.76701939105987549
vt 0.39219805598258972 0.77794367074966431
vt 0.39396309852600098 0.76701939105987549
vt 0.39396309852600098 0.77794367074966431
vt 0.3886680006980896 0.77794367074966431
vt 0.39043301343917847 0.76701939105987549
vt 0.39043301343917847 0.77794367074966431
vt 0.38160789012908936 0.76701939105987549
vt 0.38513794541358948 0.74517077207565308
vt 0.38513794541358948 0.76701939105987549
vt 0.38513794541358948 0.77794367074966431
vt 0.38690295815467834 0.76701939105987549
vt 0.38690295815467834 0.77794367074966431
vt 0.38160789012908936 0.77794367074966431
vt 0.38337290287017822 0.76701939105987549
vt 0.38337290287017822 0.77794367074966431
vt 0.37807780504226685 0.74517077207565308
vt 0.37807780504226685 0.76701939105987549
vt 0.37807780504226685 0.77794367074966431
vt 0.3798428475856781 0.76701939105987549
vt 0.3798428475856781 0.77794367074966431
vt 0.37631279230117798 0.76701939105987549
vt 0.37631279230117798 0.77794367074966431
vt 0 0
vt 0 0.05720013752579689
vt 0.041616417467594147 0
vt 0.041616417467594147 0.0074996692128479481
vt 0.041616417467594147 0.01475814450532198
vt 0.041616417467594147 0.02189953438937664
vt 0.041616417467594147 0.028959654271602631
vt 0.041616417467594147 0.03601977601647377
vt 0.041616417467594147 0.04307989776134491
vt 0.041616417467594147 0.050140015780925751
vt 0.041616417467594147 0.05720013752579689
vt 0.083232834935188293 0
vt 0.083232834935188293 0.0074996692128479481
vt 0.083232834935188293 0.01475814450532198
vt 0.083232834935188293 0.02189953438937664
vt 0.083232834935188293 0.028959654271602631
vt 0.083232834935188293 0.03601977601647377
vt 0.083232834935188293 0.04307989776134491
vt 0.083232834935188293 0.050140015780925751
vt 0.083232834935188293 0.05720013752579689
vt 0.12484925240278244 0
vt 0.12484925240278244 0.0074996692128479481
vt 0.12484925240278244 0.01475814450532198
vt 0.12484925240278244 0.02189953438937664
vt 0.12484925240278244 0.028959654271602631
vt 0.12484925240278244 0.03601977601647377
vt 0.12484925240278244 0.04307989776134491
vt 0.12484925240278244 0.050140015780925751
vt 0.12484925240278244 0.05720013752579689
vt 0.16646566987037659 0
vt 0.16646566987037659 0.0074996692128479481
vt 0.16646566987037659 0.01475814450532198
vt 0.16646566987037659 0.02189953438937664
vt 0.16646566987037659 0.028959654271602631
vt 0.16646566987037659 0.03601977601647377
vt 0.16646566987037659 0.04307989776134491
vt 0.16646566987037659 0.050140015780925751
vt 0.16646566987037659 0.05720013752579689
vt 0.20808209478855133 0
vt 0.20808209478855133 0.0074996692128479481
vt 0.20808209478855133 0.01475814450532198
vt 0.20808209478855133 0.02189953438937664
vt 0.20808209478855133 0.028959654271602631
vt 0.20808209478855133 0.03601977601647377
vt 0.20808209478855133 0.04307989776134491
vt 0.20808209478855133 0.050140015780925751
vt 0.20808209478855133 0.05720013752579689
vt 0.24969850480556488 0
vt 0.24969850480556488 0.0074996692128479481
vt 0.24969850480556488 0.01475814450532198
vt 0.24969850480556488 0.02189953438937664
vt 0.24969850480556488 0.028959654271602631
vt 0.24969850480556488 0.03601977601647377
vt 0.24969850480556488 0.04307989776134491
vt 0.24969850480556488 0.050140015780925751
vt 0.24969850480556488 0.05720013752579689
vt 0.29131492972373962 0
vt 0.29131492972373962 0.0074996692128479481
vt 0.29131492972373962 0.01475814450532198
vt 0.29131492972373962 0.02189953438937664
vt 0.29131492972373962 0.028959654271602631
vt 0.29131492972373962 0.03601977601647377
vt 0.29131492972373962 0.04307989776134491
vt 0.29131492972373962 0.050140015780925751
vt 0.29131492972373962 0.05720013752579689
vt 0.33293133974075317 0
vt 0.33293133974075317 0.0074996692128479481
vt 0.33293133974075317 0.01475814450532198
vt 0.33293133974075317 0.02189953438937664
vt 0.33293133974075317 0.028959654271602631
vt 0.33293133974075317 0.03601977601647377
vt 0.33293133974075317 0.04307989776134491
vt 0.33293133974075317 0.050140015780925751
vt 0.33293133974075317 0.05720013752579689
vt 0.37454774975776672 0
vt 0.37454774975776672 0.05720013752579689
vt 0 0.053625129163265228
vt 0 0.050050120800733566
vt 0 0.046475112438201904
vt 0 0.042900104075670242
vt 0 0.03932509571313858
vt 0 0.035750087350606918
vt 0 0.032175075262784958
vt 0 0.028600068762898445
vt 0 0.025025060400366783
vt 0 0.021450052037835121
vt 0 0.017875043675303459
vt 0 0.014300034381449223
vt 0 0.010725026018917561
vt 0 0.0071500171907246113
vt 0 0.0035750085953623056
vt 0.041616417467594147 0.05367007851600647
vt 0.020808208733797073 0.050140015780925751
vt 0.020808208733797073 0.05367007851600647
vt 0.020808208733797073 0.055435106158256531
vt 0.010404104366898537 0.05367007851600647
vt 0.010404104366898537 0.055435106158256531
vt 0.020808208733797073 0.051905043423175812
vt 0.010404104366898537 0.050140015780925751
vt 0.010404104366898537 0.051905043423175812
vt 0.041616417467594147 0.04660995677113533
vt 0.020808208733797073 0.04307989776134491
vt 0.020808208733797073 0.04660995677113533
vt 0.020808208733797073 0.048374984413385391
vt 0.010404104366898537 0.04660995677113533
vt 0.010404104366898537 0.048374984413385391
vt 0.020808208733797073 0.044844925403594971
vt 0.010404104366898537 0.04307989776134491
vt 0.010404104366898537 0.044844925403594971
vt 0.041616417467594147 0.039549835026264191
vt 0.020808208733797073 0.03601977601647377
vt 0.020808208733797073 0.039549835026264191
vt 0.020808208733797073 0.041314862668514252
vt 0.010404104366898537 0.039549835026264191
vt 0.010404104366898537 0.041314862668514252
vt 0.020808208733797073 0.037784803658723831
vt 0.010404104366898537 0.03601977601647377
vt 0.010404104366898537 0.037784803658723831
vt 0.041616417467594147 0.03248971700668335
vt 0.020808208733797073 0.028959654271602631
vt 0.020808208733797073 0.03248971700668335
vt 0.020808208733797073 0.034254744648933411
vt 0.010404104366898537 0.03248971700668335
vt 0.010404104366898537 0.034254744648933411
vt 0.020808208733797073 0.030724683776497841
vt 0.010404104366898537 0.028959654271602631
vt 0.010404104366898537 0.030724683776497841
vt 0.041616417467594147 0.02542959526181221
vt 0.020808208733797073 0.02189953438937664
vt 0.020808208733797073 0.02542959526181221
vt 0.020808208733797073 0.02719462476670742
vt 0.010404104366898537 0.02542959526181221
vt 0.010404104366898537 0.02719462476670742
vt 0.020808208733797073 0.023664563894271851
vt 0.010404104366898537 0.02189953438937664
vt 0.010404104366898537 0.023664563894271851
vt 0.041616417467594147 0.018328839913010597
vt 0.020808208733797073 0.01475814450532198
vt 0.020808208733797073 0.018328839913010597
vt 0.020808208733797073 0.02011418528854847
vt 0.010404104366898537 0.018328839913010597
vt 0.010404104366898537 0.02011418528854847
vt 0.020808208733797073 0.016543492674827576
vt 0.010404104366898537 0.01475814450532198
vt 0.010404104366898537 0.016543492674827576
vt 0.041616417467594147 0.011128907091915607
vt 0.020808208733797073 0.0074996692128479481
vt 0.020808208733797073 0.011128907091915607
vt 0.020808208733797073 0.012943525798618793
vt 0.010404104366898537 0.011128907091915607
vt 0.010404104366898537 0.012943525798618793
vt 0.020808208733797073 0.0093142874538898468
vt 0.010404104366898537 0.0074996692128479481
vt 0.010404104366898537 0.0093142874538898468
vt 0.041616417467594147 0.003749834606423974
vt 0.020808208733797073 0.003749834606423974
vt 0.020808208733797073 0.0056247515603899956
vt 0.010404104366898537 0.003749834606423974
vt 0.010404104366898537 0.0056247515603899956
vt 0.020808208733797073 0.001874917303211987
vt 0.010404104366898537 0.001874917303211987
vt 0.37454774975776672 0.0035750085953623056
vt 0.37454774975776672 0.0071500171907246113
vt 0.37454774975776672 0.010725026018917561
vt 0.37454774975776672 0.014300034381449223
vt 0.37454774975776672 0.017875043675303459
vt 0.37454774975776672 0.021450052037835121
vt 0.37454774975776672 0.025025060400366783
vt 0.37454774975776672 0.028600068762898445
vt 0.37454774975776672 0.032175075262784958
vt 0.37454774975776672 0.035750087350606918
vt 0.37454774975776672 0.03932509571313858
vt 0.37454774975776672 0.042900104075670242
vt 0.37454774975776672 0.046475112438201904
vt 0.37454774975776672 0.050050120800733566
vt 0.37454774975776672 0.053625129163265228
vt 0.35373952984809875 0.0074996692128479481
vt 0.33293133974075317 0.003749834606423974
vt 0.35373952984809875 0.003749834606423974
vt 0.36414363980293274 0.003749834606423974
vt 0.35373952984809875 0.001874917303211987
vt 0.36414363980293274 0.001874917303211987
vt 0.36414363980293274 0.0074996692128479481
vt 0.35373952984809875 0.0056247515603899956
vt 0.36414363980293274 0.0056247515603899956
vt 0.35373952984809875 0.01475814450532198
vt 0.33293133974075317 0.011128907091915607
vt 0.35373952984809875 0.011128907091915607
vt 0.36414363980293274 0.011128907091915607
vt 0.35373952984809875 0.0093142874538898468
vt 0.36414363980293274 0.0093142874538898468
vt 0.36414363980293274 0.01475814450532198
vt 0.35373952984809875 0.012943525798618793
vt 0.36414363980293274 0.012943525798618793
vt 0.35373952984809875 0.02189953438937664
vt 0.33293133974075317 0.018328839913010597
vt 0.35373952984809875 0.018328839913010597
vt 0.36414363980293274 0.018328839913010597
vt 0.35373952984809875 0.016543492674827576
vt 0.36414363980293274 0.016543492674827576
vt 0.36414363980293274 0.02189953438937664
vt 0.35373952984809875 0.02011418528854847
vt 0.36414363980293274 0.02011418528854847
vt 0.35373952984809875 0.028959654271602631
vt 0.33293133974075317 0.02542959526181221
vt 0.35373952984809875 0.02542959526181221
vt 0.36414363980293274 0.02542959526181221
vt 0.35373952984809875 0.023664563894271851
vt 0.36414363980293274 0.023664563894271851
vt 0.36414363980293274 0.028959654271602631
vt 0.35373952984809875 0.02719462476670742
vt 0.36414363980293274 0.02719462476670742
vt 0.35373952984809875 0.03601977601647377
vt 0.33293133974075317 0.03248971700668335
vt 0.35373952984809875 0.03248971700668335
vt 0.36414363980293274 0.03248971700668335
vt 0.35373952984809875 0.030724683776497841
vt 0.36414363980293274 0.030724683776497841
vt 0.36414363980293274 0.03601977601647377
vt 0.35373952984809875 0.034254744648933411
vt 0.36414363980293274 0.034254744648933411
vt 0.35373952984809875 0.04307989776134491
vt 0.33293133974075317 0.039549835026264191
vt 0.35373952984809875 0.039549835026264191
vt 0.36414363980293274 0.039549835026264191
vt 0.35373952984809875 0.037784803658723831
vt 0.36414363980293274 0.037784803658723831
vt 0.36414363980293274 0.04307989776134491
vt 0.35373952984809875 0.041314862668514252
vt 0.36414363980293274 0.041314862668514252
vt 0.35373952984809875 0.050140015780925751
vt 0.33293133974075317 0.04660995677113533
vt 0.35373952984809875 0.04660995677113533
vt 0.36414363980293274 0.04660995677113533
vt 0.35373952984809875 0.044844925403594971
vt 0.36414363980293274 0.044844925403594971
vt 0.36414363980293274 0.050140015780925751
vt 0.35373952984809875 0.048374984413385391
vt 0.36414363980293274 0.048374984413385391
vt 0.33293133974075317 0.05367007851600647
vt 0.35373952984809875 0.05367007851600647
vt 0.36414363980293274 0.05367007851600647
vt 0.35373952984809875 0.051905043423175812
vt 0.36414363980293274 0.051905043423175812
vt 0.35373952984809875 0.055435106158256531
vt 0.36414363980293274 0.055435106158256531
vt 0.05866498127579689 0.74744588136672974
vt 0 0.74744588136672974
vt 0.05866498127579689 0.76617330312728882
vt 0.050973251461982727 0.76617330312728882
vt 0.04352889209985733 0.76617330312728882
vt 0.036204621195793152 0.76617330312728882
vt 0.028963696211576462 0.76617330312728882
vt 0.021722771227359772 0.76617330312728882
vt 0.014481846243143082 0.76617330312728882
vt 0.0072409249842166901 0.76617330312728882
vt 0 0.76617330312728882
vt 0.05866498127579689 0.78490066528320312
vt 0 0.78490066528320312
vt 0.054998420178890228 0.78490066528320312
vt 0.051331859081983566 0.78490066528320312
vt 0.047665297985076904 0.78490066528320312
vt 0.043998736888170242 0.78490066528320312
vt 0.04033217579126358 0.78490066528320312
vt 0.036665614694356918 0.78490066528320312
vt 0.032999049872159958 0.78490066528320312
vt 0.029332490637898445 0.78490066528320312
vt 0.025665929540991783 0.78490066528320312
vt 0.021999368444085121 0.78490066528320312
vt 0.018332807347178459 0.78490066528320312
vt 0.014666245318949223 0.78490066528320312
vt 0.010999684222042561 0.78490066528320312
vt 0.0073331226594746113 0.78490066528320312
vt 0.0036665613297373056 0.78490066528320312
vt 0.050973251461982727 0.77553701400756836
vt 0.054819114506244659 0.76617330312728882
vt 0.054819114506244659 0.77553701400756836
vt 0.04352889209985733 0.77553701400756836
vt 0.047251071780920029 0.76617330312728882
vt 0.047251071780920029 0.77553701400756836
vt 0.036204621195793152 0.77553701400756836
vt 0.039866756647825241 0.76617330312728882
vt 0.039866756647825241 0.77553701400756836
vt 0.028963696211576462 0.77553701400756836
vt 0.032584156841039658 0.76617330312728882
vt 0.032584156841039658 0.77553701400756836
vt 0.021722771227359772 0.77553701400756836
vt 0.025343231856822968 0.76617330312728882
vt 0.025343231856822968 0.77553701400756836
vt 0.014481846243143082 0.77553701400756836
vt 0.018102310597896576 0.76617330312728882
vt 0.018102310597896576 0.77553701400756836
vt 0.0072409249842166901 0.77553701400756836
vt 0.010861385613679886 0.76617330312728882
vt 0.010861385613679886 0.77553701400756836
vt 0.0036204606294631958 0.76617330312728882
vt 0.0036204606294631958 0.77553701400756836
vt 0.0036665613297373056 0.74744588136672974
vt 0.0073331226594746113 0.74744588136672974
vt 0.010999684222042561 0.74744588136672974
vt 0.014666245318949223 0.74744588136672974
vt 0.018332807347178459 0.74744588136672974
vt 0.021999368444085121 0.74744588136672974
vt 0.025665929540991783 0.74744588136672974
vt 0.029332490637898445 0.74744588136672974
vt 0.032999049872159958 0.74744588136672974
vt 0.036665614694356918 0.74744588136672974
vt 0.04033217579126358 0.74744588136672974
vt 0.043998736888170242 0.74744588136672974
vt 0.047665297985076904 0.74744588136672974
vt 0.051331859081983566 0.74744588136672974
vt 0.054998420178890228 0.74744588136672974
vt 0.0072409249842166901 0.75680959224700928
vt 0.0036204606294631958 0.75680959224700928
vt 0.014481846243143082 0.75680959224700928
vt 0.010861385613679886 0.75680959224700928
vt 0.021722771227359772 0.75680959224700928
vt 0.018102310597896576 0.75680959224700928
vt 0.028963696211576462 0.75680959224700928
vt 0.025343231856822968 0.75680959224700928
vt 0.036204621195793152 0.75680959224700928
vt 0.032584156841039658 0.75680959224700928
vt 0.04352889209985733 0.75680959224700928
vt 0.039866756647825241 0.75680959224700928
vt 0.050973251461982727 0.75680959224700928
vt 0.047251071780920029 0.75680959224700928
vt 0.054819114506244659 0.75680959224700928
vt 0.54907786846160889 0.52668458223342896
vt 0.49187770485877991 0.52668458223342896
vt 0.54907786846160889 0.5681382417678833
vt 0.54157817363739014 0.5681382417678833
vt 0.53431969881057739 0.5681382417678833
vt 0.52717834711074829 0.5681382417678833
vt 0.52011817693710327 0.5681382417678833
vt 0.51305806636810303 0.5681382417678833
vt 0.50599795579910278 0.5681382417678833
vt 0.49893784523010254 0.5681382417678833
vt 0.49187770485877991 0.5681382417678833
vt 0.54907786846160889 0.60959190130233765
vt 0.54157817363739014 0.60959190130233765
vt 0.53431969881057739 0.60959190130233765
vt 0.52717834711074829 0.60959190130233765
vt 0.52011817693710327 0.60959190130233765
vt 0.51305806636810303 0.60959190130233765
vt 0.50599795579910278 0.60959190130233765
vt 0.49893784523010254 0.60959190130233765
vt 0.49187770485877991 0.60959190130233765
vt 0.54907786846160889 0.65104556083679199
vt 0.54157817363739014 0.65104556083679199
vt 0.53431969881057739 0.65104556083679199
vt 0.52717834711074829 0.65104556083679199
vt 0.52011817693710327 0.65104556083679199
vt 0.51305806636810303 0.65104556083679199
vt 0.50599795579910278 0.65104556083679199
vt 0.49893784523010254 0.65104556083679199
vt 0.49187770485877991 0.65104556083679199
vt 0.54907786846160889 0.69249916076660156
vt 0.54157817363739014 0.69249916076660156
vt 0.53431969881057739 0.69249916076660156
vt 0.52717834711074829 0.69249916076660156
vt 0.52011817693710327 0.69249916076660156
vt 0.51305806636810303 0.69249916076660156
vt 0.50599795579910278 0.69249916076660156
vt 0.49893784523010254 0.69249916076660156
vt 0.49187770485877991 0.69249916076660156
vt 0.54907786846160889 0.73395287990570068
vt 0.54157817363739014 0.73395287990570068
vt 0.53431969881057739 0.73395287990570068
vt 0.52717834711074829 0.73395287990570068
vt 0.52011817693710327 0.73395287990570068
vt 0.51305806636810303 0.73395287990570068
vt 0.50599795579910278 0.73395287990570068
vt 0.49893784523010254 0.73395287990570068
vt 0.49187770485877991 0.73395287990570068
vt 0.54907786846160889 0.77540647983551025
vt 0.54157817363739014 0.77540647983551025
vt 0.53431969881057739 0.77540647983551025
vt 0.52717834711074829 0.77540647983551025
vt 0.52011817693710327 0.77540647983551025
vt 0.51305806636810303 0.77540647983551025
vt 0.50599795579910278 0.77540647983551025
vt 0.49893784523010254 0.77540647983551025
vt 0.49187770485877991 0.77540647983551025
vt 0.54907786846160889 0.8168601393699646
vt 0.54157817363739014 0.8168601393699646
vt 0.53431969881057739 0.8168601393699646
vt 0.52717834711074829 0.8168601393699646
vt 0.52011817693710327 0.8168601393699646
vt 0.51305806636810303 0.8168601393699646
vt 0.50599795579910278 0.8168601393699646
vt 0.49893784523010254 0.8168601393699646
vt 0.49187770485877991 0.8168601393699646
vt 0.54907786846160889 0.85831379890441895
vt 0.54157817363739014 0.85831379890441895
vt 0.53431969881057739 0.85831379890441895
vt 0.52717834711074829 0.85831379890441895
vt 0.52011817693710327 0.85831379890441895
vt 0.51305806636810303 0.85831379890441895
vt 0.50599795579910278 0.85831379890441895
vt 0.49893784523010254 0.85831379890441895
vt 0.49187770485877991 0.85831379890441895
vt 0.54907786846160889 0.89976745843887329
vt 0.49187770485877991 0.89976745843887329
vt 0.4974968433380127 0.52668458223342896
vt 0.50285464525222778 0.52668458223342896
vt 0.50802040100097656 0.52668458223342896
vt 0.5130544900894165 0.52668458223342896
vt 0.51801174879074097 0.52668458223342896
vt 0.52294379472732544 0.52668458223342896
vt 0.5279010534286499 0.52668458223342896
vt 0.53293520212173462 0.52668458223342896
vt 0.53810089826583862 0.52668458223342896
vt 0.54345870018005371 0.52668458223342896
vt 0.49540776014328003 0.5681382417678833
vt 0.49893784523010254 0.54741138219833374
vt 0.49540776014328003 0.54741138219833374
vt 0.50246787071228027 0.5681382417678833
vt 0.50599795579910278 0.54741138219833374
vt 0.50246787071228027 0.54741138219833374
vt 0.50952804088592529 0.5681382417678833
vt 0.51305806636810303 0.54741138219833374
vt 0.50952804088592529 0.54741138219833374
vt 0.51658815145492554 0.5681382417678833
vt 0.52011817693710327 0.54741138219833374
vt 0.51658815145492554 0.54741138219833374
vt 0.52364826202392578 0.5681382417678833
vt 0.52717834711074829 0.54741138219833374
vt 0.52364826202392578 0.54741138219833374
vt 0.53074902296066284 0.5681382417678833
vt 0.53431969881057739 0.54741138219833374
vt 0.53074902296066284 0.54741138219833374
vt 0.53794896602630615 0.5681382417678833
vt 0.54157817363739014 0.54741138219833374
vt 0.53794896602630615 0.54741138219833374
vt 0.54532802104949951 0.5681382417678833
vt 0.54532802104949951 0.54741138219833374
vt 0.54345870018005371 0.89976745843887329
vt 0.53810089826583862 0.89976745843887329
vt 0.53293520212173462 0.89976745843887329
vt 0.5279010534286499 0.89976745843887329
vt 0.52294379472732544 0.89976745843887329
vt 0.51801174879074097 0.89976745843887329
vt 0.5130544900894165 0.89976745843887329
vt 0.50802040100097656 0.89976745843887329
vt 0.50285464525222778 0.89976745843887329
vt 0.4974968433380127 0.89976745843887329
vt 0.54157817363739014 0.87904065847396851
vt 0.54532802104949951 0.85831379890441895
vt 0.54532802104949951 0.87904065847396851
vt 0.53431969881057739 0.87904065847396851
vt 0.53794896602630615 0.85831379890441895
vt 0.53794896602630615 0.87904065847396851
vt 0.52717834711074829 0.87904065847396851
vt 0.53074902296066284 0.85831379890441895
vt 0.53074902296066284 0.87904065847396851
vt 0.52011817693710327 0.87904065847396851
vt 0.52364826202392578 0.85831379890441895
vt 0.52364826202392578 0.87904065847396851
vt 0.51305806636810303 0.87904065847396851
vt 0.51658815145492554 0.85831379890441895
vt 0.51658815145492554 0.87904065847396851
vt 0.50599795579910278 0.87904065847396851
vt 0.50952804088592529 0.85831379890441895
vt 0.50952804088592529 0.87904065847396851
vt 0.49893784523010254 0.87904065847396851
vt 0.50246787071228027 0.85831379890441895
vt 0.50246787071228027 0.87904065847396851
vt 0.49540776014328003 0.85831379890441895
vt 0.49540776014328003 0.87904065847396851
vt 0.18107548356056213 0.23500324785709381
vt 0.18107548356056213 0.29220336675643921
vt 0.22477272152900696 0.23500324785709381
vt 0.22477272152900696 0.24250291287899017
vt 0.22477272152900696 0.24976138770580292
vt 0.22477272152900696 0.2569027841091156
vt 0.22477272152900696 0.26396289467811584
vt 0.22477272152900696 0.27102300524711609
vt 0.22477272152900696 0.27808314561843872
vt 0.22477272152900696 0.28514325618743896
vt 0.22477272152900696 0.29220336675643921
vt 0.26846995949745178 0.23500324785709381
vt 0.26846995949745178 0.24250291287899017
vt 0.26846995949745178 0.24976138770580292
vt 0.26846995949745178 0.2569027841091156
vt 0.26846995949745178 0.26396289467811584
vt 0.26846995949745178 0.27102300524711609
vt 0.26846995949745178 0.27808314561843872
vt 0.26846995949745178 0.28514325618743896
vt 0.26846995949745178 0.29220336675643921
vt 0.31216719746589661 0.23500324785709381
vt 0.31216719746589661 0.24250291287899017
vt 0.31216719746589661 0.24976138770580292
vt 0.31216719746589661 0.2569027841091156
vt 0.31216719746589661 0.26396289467811584
vt 0.31216719746589661 0.27102300524711609
vt 0.31216719746589661 0.27808314561843872
vt 0.31216719746589661 0.28514325618743896
vt 0.31216719746589661 0.29220336675643921
vt 0.35586443543434143 0.23500324785709381
vt 0.35586443543434143 0.24250291287899017
vt 0.35586443543434143 0.24976138770580292
vt 0.35586443543434143 0.2569027841091156
vt 0.35586443543434143 0.26396289467811584
vt 0.35586443543434143 0.27102300524711609
vt 0.35586443543434143 0.27808314561843872
vt 0.35586443543434143 0.28514325618743896
vt 0.35586443543434143 0.29220336675643921
vt 0.39956167340278625 0.23500324785709381
vt 0.39956167340278625 0.24250291287899017
vt 0.39956167340278625 0.24976138770580292
vt 0.39956167340278625 0.2569027841091156
vt 0.39956167340278625 0.26396289467811584
vt 0.39956167340278625 0.27102300524711609
vt 0.39956167340278625 0.27808314561843872
vt 0.39956167340278625 0.28514325618743896
vt 0.39956167340278625 0.29220336675643921
vt 0.44325891137123108 0.23500324785709381
vt 0.44325891137123108 0.29220336675643921
vt 0.44325891137123108 0.23857824504375458
vt 0.44325891137123108 0.24215325713157654
vt 0.44325891137123108 0.2457282692193985
vt 0.44325891137123108 0.24930328130722046
vt 0.44325891137123108 0.25287827849388123
vt 0.44325891137123108 0.25645330548286438
vt 0.44325891137123108 0.26002830266952515
vt 0.44325891137123108 0.26360329985618591
vt 0.44325891137123108 0.26717832684516907
vt 0.44325891137123108 0.27075332403182983
vt 0.44325891137123108 0.27432835102081299
vt 0.44325891137123108 0.27790334820747375
vt 0.44325891137123108 0.28147834539413452
vt 0.44325891137123108 0.28505337238311768
vt 0.44325891137123108 0.28862836956977844
vt 0.42141029238700867 0.24250291287899017
vt 0.39956167340278625 0.23875308036804199
vt 0.42141029238700867 0.23875308036804199
vt 0.43233460187911987 0.23875308036804199
vt 0.42141029238700867 0.2368781566619873
vt 0.43233460187911987 0.2368781566619873
vt 0.43233460187911987 0.24250291287899017
vt 0.42141029238700867 0.24062798917293549
vt 0.43233460187911987 0.24062798917293549
vt 0.42141029238700867 0.24976138770580292
vt 0.39956167340278625 0.24613215029239655
vt 0.42141029238700867 0.24613215029239655
vt 0.43233460187911987 0.24613215029239655
vt 0.42141029238700867 0.24431753158569336
vt 0.43233460187911987 0.24431753158569336
vt 0.43233460187911987 0.24976138770580292
vt 0.42141029238700867 0.24794676899909973
vt 0.43233460187911987 0.24794676899909973
vt 0.42141029238700867 0.2569027841091156
vt 0.39956167340278625 0.25333207845687866
vt 0.42141029238700867 0.25333207845687866
vt 0.43233460187911987 0.25333207845687866
vt 0.42141029238700867 0.25154674053192139
vt 0.43233460187911987 0.25154674053192139
vt 0.43233460187911987 0.2569027841091156
vt 0.42141029238700867 0.25511741638183594
vt 0.43233460187911987 0.25511741638183594
vt 0.42141029238700867 0.26396289467811584
vt 0.39956167340278625 0.26043283939361572
vt 0.42141029238700867 0.26043283939361572
vt 0.43233460187911987 0.26043283939361572
vt 0.42141029238700867 0.25866779685020447
vt 0.43233460187911987 0.25866779685020447
vt 0.43233460187911987 0.26396289467811584
vt 0.42141029238700867 0.26219788193702698
vt 0.43233460187911987 0.26219788193702698
vt 0.42141029238700867 0.27102300524711609
vt 0.39956167340278625 0.26749294996261597
vt 0.42141029238700867 0.26749294996261597
vt 0.43233460187911987 0.26749294996261597
vt 0.42141029238700867 0.2657279372215271
vt 0.43233460187911987 0.2657279372215271
vt 0.43233460187911987 0.27102300524711609
vt 0.42141029238700867 0.26925799250602722
vt 0.43233460187911987 0.26925799250602722
vt 0.42141029238700867 0.27808314561843872
vt 0.39956167340278625 0.2745530903339386
vt 0.42141029238700867 0.2745530903339386
vt 0.43233460187911987 0.2745530903339386
vt 0.42141029238700867 0.27278804779052734
vt 0.43233460187911987 0.27278804779052734
vt 0.43233460187911987 0.27808314561843872
vt 0.42141029238700867 0.27631810307502747
vt 0.43233460187911987 0.27631810307502747
vt 0.42141029238700867 0.28514325618743896
vt 0.39956167340278625 0.28161320090293884
vt 0.42141029238700867 0.28161320090293884
vt 0.43233460187911987 0.28161320090293884
vt 0.42141029238700867 0.27984815835952759
vt 0.43233460187911987 0.27984815835952759
vt 0.43233460187911987 0.28514325618743896
vt 0.42141029238700867 0.2833782434463501
vt 0.43233460187911987 0.2833782434463501
vt 0.39956167340278625 0.28867331147193909
vt 0.42141029238700867 0.28867331147193909
vt 0.43233460187911987 0.28867331147193909
vt 0.42141029238700867 0.28690829873085022
vt 0.43233460187911987 0.28690829873085022
vt 0.42141029238700867 0.29043835401535034
vt 0.43233460187911987 0.29043835401535034
vt 0.18107548356056213 0.28658425807952881
vt 0.18107548356056213 0.28122642636299133
vt 0.18107548356056213 0.27606070041656494
vt 0.18107548356056213 0.271026611328125
vt 0.18107548356056213 0.26606932282447815
vt 0.18107548356056213 0.26113730669021606
vt 0.18107548356056213 0.25618001818656921
vt 0.18107548356056213 0.25114592909812927
vt 0.18107548356056213 0.24598020315170288
vt 0.18107548356056213 0.24062237143516541
vt 0.22477272152900696 0.28867331147193909
vt 0.20292410254478455 0.28514325618743896
vt 0.20292410254478455 0.28867331147193909
vt 0.22477272152900696 0.28161320090293884
vt 0.20292410254478455 0.27808314561843872
vt 0.20292410254478455 0.28161320090293884
vt 0.22477272152900696 0.2745530903339386
vt 0.20292410254478455 0.27102300524711609
vt 0.20292410254478455 0.2745530903339386
vt 0.22477272152900696 0.26749294996261597
vt 0.20292410254478455 0.26396289467811584
vt 0.20292410254478455 0.26749294996261597
vt 0.22477272152900696 0.26043283939361572
vt 0.20292410254478455 0.2569027841091156
vt 0.20292410254478455 0.26043283939361572
vt 0.22477272152900696 0.25333207845687866
vt 0.20292410254478455 0.24976138770580292
vt 0.20292410254478455 0.25333207845687866
vt 0.22477272152900696 0.24613215029239655
vt 0.20292410254478455 0.24250291287899017
vt 0.20292410254478455 0.24613215029239655
vt 0.22477272152900696 0.23875308036804199
vt 0.20292410254478455 0.23875308036804199
vt 0.18107548356056213 0.3311229944229126
vt 0.18107548356056213 0.38832312822341919
vt 0.22477272152900696 0.3311229944229126
vt 0.22477272152900696 0.33862265944480896
vt 0.22477272152900696 0.3458811342716217
vt 0.22477272152900696 0.35302254557609558
vt 0.22477272152900696 0.36008265614509583
vt 0.22477272152900696 0.36714276671409607
vt 0.22477272152900696 0.3742029070854187
vt 0.22477272152900696 0.38126301765441895
vt 0.22477272152900696 0.38832312822341919
vt 0.26846995949745178 0.3311229944229126
vt 0.26846995949745178 0.33862265944480896
vt 0.26846995949745178 0.3458811342716217
vt 0.26846995949745178 0.35302254557609558
vt 0.26846995949745178 0.36008265614509583
vt 0.26846995949745178 0.36714276671409607
vt 0.26846995949745178 0.3742029070854187
vt 0.26846995949745178 0.38126301765441895
vt 0.26846995949745178 0.38832312822341919
vt 0.31216719746589661 0.3311229944229126
vt 0.31216719746589661 0.33862265944480896
vt 0.31216719746589661 0.3458811342716217
vt 0.31216719746589661 0.35302254557609558
vt 0.31216719746589661 0.36008265614509583
vt 0.31216719746589661 0.36714276671409607
vt 0.31216719746589661 0.3742029070854187
vt 0.31216719746589661 0.38126301765441895
vt 0.31216719746589661 0.38832312822341919
vt 0.35586443543434143 0.3311229944229126
vt 0.35586443543434143 0.33862265944480896
vt 0.35586443543434143 0.3458811342716217
vt 0.35586443543434143 0.35302254557609558
vt 0.35586443543434143 0.36008265614509583
vt 0.35586443543434143 0.36714276671409607
vt 0.35586443543434143 0.3742029070854187
vt 0.35586443543434143 0.38126301765441895
vt 0.35586443543434143 0.38832312822341919
vt 0.39956167340278625 0.3311229944229126
vt 0.39956167340278625 0.33862265944480896
vt 0.39956167340278625 0.3458811342716217
vt 0.39956167340278625 0.35302254557609558
vt 0.39956167340278625 0.36008265614509583
vt 0.39956167340278625 0.36714276671409607
vt 0.39956167340278625 0.3742029070854187
vt 0.39956167340278625 0.38126301765441895
vt 0.39956167340278625 0.38832312822341919
vt 0.44325891137123108 0.3311229944229126
vt 0.44325891137123108 0.38832312822341919
vt 0.44325891137123108 0.33469802141189575
vt 0.44325891137123108 0.33827301859855652
vt 0.44325891137123108 0.34184801578521729
vt 0.44325891137123108 0.34542304277420044
vt 0.44325891137123108 0.34899803996086121
vt 0.44325891137123108 0.35257303714752197
vt 0.44325891137123108 0.35614806413650513
vt 0.44325891137123108 0.35972306132316589
vt 0.44325891137123108 0.36329808831214905
vt 0.44325891137123108 0.36687308549880981
vt 0.44325891137123108 0.37044808268547058
vt 0.44325891137123108 0.37402310967445374
vt 0.44325891137123108 0.3775981068611145
vt 0.44325891137123108 0.38117310404777527
vt 0.44325891137123108 0.38474813103675842
vt 0.42141029238700867 0.33862265944480896
vt 0.39956167340278625 0.33487284183502197
vt 0.42141029238700867 0.33487284183502197
vt 0.43233460187911987 0.33487284183502197
vt 0.42141029238700867 0.33299791812896729
vt 0.43233460187911987 0.33299791812896729
vt 0.43233460187911987 0.33862265944480896
vt 0.42141029238700867 0.33674776554107666
vt 0.43233460187911987 0.33674776554107666
vt 0.42141029238700867 0.3458811342716217
vt 0.39956167340278625 0.34225189685821533
vt 0.42141029238700867 0.34225189685821533
vt 0.43233460187911987 0.34225189685821533
vt 0.42141029238700867 0.34043729305267334
vt 0.43233460187911987 0.34043729305267334
vt 0.43233460187911987 0.3458811342716217
vt 0.42141029238700867 0.34406653046607971
vt 0.43233460187911987 0.34406653046607971
vt 0.42141029238700867 0.35302254557609558
vt 0.39956167340278625 0.34945183992385864
vt 0.42141029238700867 0.34945183992385864
vt 0.43233460187911987 0.34945183992385864
vt 0.42141029238700867 0.34766650199890137
vt 0.43233460187911987 0.34766650199890137
vt 0.43233460187911987 0.35302254557609558
vt 0.42141029238700867 0.35123717784881592
vt 0.43233460187911987 0.35123717784881592
vt 0.42141029238700867 0.36008265614509583
vt 0.39956167340278625 0.3565526008605957
vt 0.42141029238700867 0.3565526008605957
vt 0.43233460187911987 0.3565526008605957
vt 0.42141029238700867 0.35478755831718445
vt 0.43233460187911987 0.35478755831718445
vt 0.43233460187911987 0.36008265614509583
vt 0.42141029238700867 0.35831761360168457
vt 0.43233460187911987 0.35831761360168457
vt 0.42141029238700867 0.36714276671409607
vt 0.39956167340278625 0.36361271142959595
vt 0.42141029238700867 0.36361271142959595
vt 0.43233460187911987 0.36361271142959595
vt 0.42141029238700867 0.36184766888618469
vt 0.43233460187911987 0.36184766888618469
vt 0.43233460187911987 0.36714276671409607
vt 0.42141029238700867 0.3653777539730072
vt 0.43233460187911987 0.3653777539730072
vt 0.42141029238700867 0.3742029070854187
vt 0.39956167340278625 0.37067282199859619
vt 0.42141029238700867 0.37067282199859619
vt 0.43233460187911987 0.37067282199859619
vt 0.42141029238700867 0.36890780925750732
vt 0.43233460187911987 0.36890780925750732
vt 0.43233460187911987 0.3742029070854187
vt 0.42141029238700867 0.37243786454200745
vt 0.43233460187911987 0.37243786454200745
vt 0.42141029238700867 0.38126301765441895
vt 0.39956167340278625 0.37773296236991882
vt 0.42141029238700867 0.37773296236991882
vt 0.43233460187911987 0.37773296236991882
vt 0.42141029238700867 0.37596791982650757
vt 0.43233460187911987 0.37596791982650757
vt 0.43233460187911987 0.38126301765441895
vt 0.42141029238700867 0.37949797511100769
vt 0.43233460187911987 0.37949797511100769
vt 0.39956167340278625 0.38479307293891907
vt 0.42141029238700867 0.38479307293891907
vt 0.43233460187911987 0.38479307293891907
vt 0.42141029238700867 0.38302803039550781
vt 0.43233460187911987 0.38302803039550781
vt 0.42141029238700867 0.38655811548233032
vt 0.43233460187911987 0.38655811548233032
vt 0.18107548356056213 0.38474813103675842
vt 0.18107548356056213 0.38117310404777527
vt 0.18107548356056213 0.3775981068611145
vt 0.18107548356056213 0.37402310967445374
vt 0.18107548356056213 0.37044808268547058
vt 0.18107548356056213 0.36687308549880981
vt 0.18107548356056213 0.36329808831214905
vt 0.18107548356056213 0.35972306132316589
vt 0.18107548356056213 0.35614806413650513
vt 0.18107548356056213 0.35257303714752197
vt 0.18107548356056213 0.34899803996086121
vt 0.18107548356056213 0.34542304277420044
vt 0.18107548356056213 0.34184801578521729
vt 0.18107548356056213 0.33827301859855652
vt 0.18107548356056213 0.33469802141189575
vt 0.22477272152900696 0.38479307293891907
vt 0.20292410254478455 0.38126301765441895
vt 0.20292410254478455 0.38479307293891907
vt 0.20292410254478455 0.38655811548233032
vt 0.19199979305267334 0.38479307293891907
vt 0.19199979305267334 0.38655811548233032
vt 0.20292410254478455 0.38302803039550781
vt 0.19199979305267334 0.38126301765441895
vt 0.19199979305267334 0.38302803039550781
vt 0.22477272152900696 0.37773296236991882
vt 0.20292410254478455 0.3742029070854187
vt 0.20292410254478455 0.37773296236991882
vt 0.20292410254478455 0.37949797511100769
vt 0.19199979305267334 0.37773296236991882
vt 0.19199979305267334 0.37949797511100769
vt 0.20292410254478455 0.37596791982650757
vt 0.19199979305267334 0.3742029070854187
vt 0.19199979305267334 0.37596791982650757
vt 0.22477272152900696 0.37067282199859619
vt 0.20292410254478455 0.36714276671409607
vt 0.20292410254478455 0.37067282199859619
vt 0.20292410254478455 0.37243786454200745
vt 0.19199979305267334 0.37067282199859619
vt 0.19199979305267334 0.37243786454200745
vt 0.20292410254478455 0.36890780925750732
vt 0.19199979305267334 0.36714276671409607
vt 0.19199979305267334 0.36890780925750732
vt 0.22477272152900696 0.36361271142959595
vt 0.20292410254478455 0.36008265614509583
vt 0.20292410254478455 0.36361271142959595
vt 0.20292410254478455 0.3653777539730072
vt 0.19199979305267334 0.36361271142959595
vt 0.19199979305267334 0.3653777539730072
vt 0.20292410254478455 0.36184766888618469
vt 0.19199979305267334 0.36008265614509583
vt 0.19199979305267334 0.36184766888618469
vt 0.22477272152900696 0.3565526008605957
vt 0.20292410254478455 0.35302254557609558
vt 0.20292410254478455 0.3565526008605957
vt 0.20292410254478455 0.35831761360168457
vt 0.19199979305267334 0.3565526008605957
vt 0.19199979305267334 0.35831761360168457
vt 0.20292410254478455 0.35478755831718445
vt 0.19199979305267334 0.35302254557609558
vt 0.19199979305267334 0.35478755831718445
vt 0.22477272152900696 0.34945183992385864
vt 0.20292410254478455 0.3458811342716217
vt 0.20292410254478455 0.34945183992385864
vt 0.20292410254478455 0.35123717784881592
vt 0.19199979305267334 0.34945183992385864
vt 0.19199979305267334 0.35123717784881592
vt 0.20292410254478455 0.34766650199890137
vt 0.19199979305267334 0.3458811342716217
vt 0.19199979305267334 0.34766650199890137
vt 0.22477272152900696 0.34225189685821533
vt 0.20292410254478455 0.33862265944480896
vt 0.20292410254478455 0.34225189685821533
vt 0.20292410254478455 0.34406653046607971
vt 0.19199979305267334 0.34225189685821533
vt 0.19199979305267334 0.34406653046607971
vt 0.20292410254478455 0.34043729305267334
vt 0.19199979305267334 0.33862265944480896
vt 0.19199979305267334 0.34043729305267334
vt 0.22477272152900696 0.33487284183502197
vt 0.20292410254478455 0.33487284183502197
vt 0.20292410254478455 0.33674776554107666
vt 0.19199979305267334 0.33487284183502197
vt 0.19199979305267334 0.33674776554107666
vt 0.20292410254478455 0.33299791812896729
vt 0.19199979305267334 0.33299791812896729
vt 0.17286029458045959 0.82433909177780151
vt 0.17286029458045959 0.88300406932830811
vt 0.20708443224430084 0.82433909177780151
vt 0.20708443224430084 0.83203083276748657
vt 0.20708443224430084 0.83947521448135376
vt 0.20708443224430084 0.84679949283599854
vt 0.20708443224430084 0.85404038429260254
vt 0.20708443224430084 0.86128133535385132
vt 0.20708443224430084 0.86852222681045532
vt 0.20708443224430084 0.8757631778717041
vt 0.20708443224430084 0.88300406932830811
vt 0.24130858480930328 0.82433909177780151
vt 0.24130858480930328 0.83203083276748657
vt 0.24130858480930328 0.83947521448135376
vt 0.24130858480930328 0.84679949283599854
vt 0.24130858480930328 0.85404038429260254
vt 0.24130858480930328 0.86128133535385132
vt 0.24130858480930328 0.86852222681045532
vt 0.24130858480930328 0.8757631778717041
vt 0.24130858480930328 0.88300406932830811
vt 0.27553272247314453 0.82433909177780151
vt 0.27553272247314453 0.83203083276748657
vt 0.27553272247314453 0.83947521448135376
vt 0.27553272247314453 0.84679949283599854
vt 0.27553272247314453 0.85404038429260254
vt 0.27553272247314453 0.86128133535385132
vt 0.27553272247314453 0.86852222681045532
vt 0.27553272247314453 0.8757631778717041
vt 0.27553272247314453 0.88300406932830811
vt 0.30975687503814697 0.82433909177780151
vt 0.30975687503814697 0.88300406932830811
vt 0.17286029458045959 0.87567096948623657
vt 0.17286029458045959 0.86833786964416504
vt 0.17286029458045959 0.86100471019744873
vt 0.17286029458045959 0.8536716103553772
vt 0.17286029458045959 0.84633845090866089
vt 0.17286029458045959 0.83900535106658936
vt 0.17286029458045959 0.83167225122451782
vt 0.20708443224430084 0.8793836236000061
vt 0.18997235596179962 0.8757631778717041
vt 0.18997235596179962 0.8793836236000061
vt 0.20708443224430084 0.8721427321434021
vt 0.18997235596179962 0.86852222681045532
vt 0.18997235596179962 0.8721427321434021
vt 0.20708443224430084 0.86490178108215332
vt 0.18997235596179962 0.86128133535385132
vt 0.18997235596179962 0.86490178108215332
vt 0.20708443224430084 0.85766083002090454
vt 0.18997235596179962 0.85404038429260254
vt 0.18997235596179962 0.85766083002090454
vt 0.20708443224430084 0.85041993856430054
vt 0.18997235596179962 0.84679949283599854
vt 0.18997235596179962 0.85041993856430054
vt 0.20708443224430084 0.84313732385635376
vt 0.18997235596179962 0.83947521448135376
vt 0.18997235596179962 0.84313732385635376
vt 0.20708443224430084 0.83575302362442017
vt 0.18997235596179962 0.83203083276748657
vt 0.18997235596179962 0.83575302362442017
vt 0.20708443224430084 0.82818496227264404
vt 0.18997235596179962 0.82818496227264404
vt 0.30975687503814697 0.83167225122451782
vt 0.30975687503814697 0.83900535106658936
vt 0.30975687503814697 0.84633845090866089
vt 0.30975687503814697 0.8536716103553772
vt 0.30975687503814697 0.86100471019744873
vt 0.30975687503814697 0.86833786964416504
vt 0.30975687503814697 0.87567096948623657
vt 0.29264479875564575 0.83203083276748657
vt 0.27553272247314453 0.82818496227264404
vt 0.29264479875564575 0.82818496227264404
vt 0.29264479875564575 0.83947521448135376
vt 0.27553272247314453 0.83575302362442017
vt 0.29264479875564575 0.83575302362442017
vt 0.29264479875564575 0.84679949283599854
vt 0.27553272247314453 0.84313732385635376
vt 0.29264479875564575 0.84313732385635376
vt 0.29264479875564575 0.85404038429260254
vt 0.27553272247314453 0.85041993856430054
vt 0.29264479875564575 0.85041993856430054
vt 0.29264479875564575 0.86128133535385132
vt 0.27553272247314453 0.85766083002090454
vt 0.29264479875564575 0.85766083002090454
vt 0.29264479875564575 0.86852222681045532
vt 0.27553272247314453 0.86490178108215332
vt 0.29264479875564575 0.86490178108215332
vt 0.29264479875564575 0.8757631778717041
vt 0.27553272247314453 0.8721427321434021
vt 0.29264479875564575 0.8721427321434021
vt 0.27553272247314453 0.8793836236000061
vt 0.29264479875564575 0.8793836236000061
vt 0.61528694629669189 0
vt 0.5566219687461853 0
vt 0.61528694629669189 0.041972525417804718
vt 0.60759526491165161 0.041972525417804718
vt 0.60015088319778442 0.041972525417804718
vt 0.59282660484313965 0.041972525417804718
vt 0.58558565378189087 0.041972525417804718
vt 0.57834476232528687 0.041972525417804718
vt 0.57110381126403809 0.041972525417804718
vt 0.56386291980743408 0.041972525417804718
vt 0.5566219687461853 0.041972525417804718
vt 0.61528694629669189 0.083945050835609436
vt 0.5566219687461853 0.083945050835609436
vt 0.56395512819290161 0
vt 0.57128822803497314 0
vt 0.57862132787704468 0
vt 0.58595448732376099 0
vt 0.59328758716583252 0
vt 0.60062074661254883 0
vt 0.60795384645462036 0
vt 0.56024247407913208 0.041972525417804718
vt 0.56386291980743408 0.020986262708902359
vt 0.56024247407913208 0.020986262708902359
vt 0.56748336553573608 0.041972525417804718
vt 0.57110381126403809 0.020986262708902359
vt 0.56748336553573608 0.020986262708902359
vt 0.57472431659698486 0.041972525417804718
vt 0.57834476232528687 0.020986262708902359
vt 0.57472431659698486 0.020986262708902359
vt 0.58196520805358887 0.041972525417804718
vt 0.58558565378189087 0.020986262708902359
vt 0.58196520805358887 0.020986262708902359
vt 0.58920615911483765 0.041972525417804718
vt 0.59282660484313965 0.020986262708902359
vt 0.58920615911483765 0.020986262708902359
vt 0.59648871421813965 0.041972525417804718
vt 0.60015088319778442 0.020986262708902359
vt 0.59648871421813965 0.020986262708902359
vt 0.60387307405471802 0.041972525417804718
vt 0.60759526491165161 0.020986262708902359
vt 0.60387307405471802 0.020986262708902359
vt 0.61144107580184937 0.041972525417804718
vt 0.61144107580184937 0.020986262708902359
vt 0.60795384645462036 0.083945050835609436
vt 0.60062074661254883 0.083945050835609436
vt 0.59328758716583252 0.083945050835609436
vt 0.58595448732376099 0.083945050835609436
vt 0.57862132787704468 0.083945050835609436
vt 0.57128822803497314 0.083945050835609436
vt 0.56395512819290161 0.083945050835609436
vt 0.60759526491165161 0.062958784401416779
vt 0.61144107580184937 0.062958784401416779
vt 0.60015088319778442 0.062958784401416779
vt 0.60387307405471802 0.062958784401416779
vt 0.59282660484313965 0.062958784401416779
vt 0.59648871421813965 0.062958784401416779
vt 0.58558565378189087 0.062958784401416779
vt 0.58920615911483765 0.062958784401416779
vt 0.57834476232528687 0.062958784401416779
vt 0.58196520805358887 0.062958784401416779
vt 0.57110381126403809 0.062958784401416779
vt 0.57472431659698486 0.062958784401416779
vt 0.56386291980743408 0.062958784401416779
vt 0.56748336553573608 0.062958784401416779
vt 0.56024247407913208 0.062958784401416779
vt 0.17286029458045959 0.59365952014923096
vt 0.17286029458045959 0.65232449769973755
vt 0.20708443224430084 0.59365952014923096
vt 0.20708443224430084 0.60135120153427124
vt 0.20708443224430084 0.60879558324813843
vt 0.20708443224430084 0.6161198616027832
vt 0.20708443224430084 0.62336075305938721
vt 0.20708443224430084 0.63060170412063599
vt 0.20708443224430084 0.63784265518188477
vt 0.20708443224430084 0.64508354663848877
vt 0.20708443224430084 0.65232449769973755
vt 0.24130858480930328 0.59365952014923096
vt 0.24130858480930328 0.60135120153427124
vt 0.24130858480930328 0.60879558324813843
vt 0.24130858480930328 0.6161198616027832
vt 0.24130858480930328 0.62336075305938721
vt 0.24130858480930328 0.63060170412063599
vt 0.24130858480930328 0.63784265518188477
vt 0.24130858480930328 0.64508354663848877
vt 0.24130858480930328 0.65232449769973755
vt 0.27553272247314453 0.59365952014923096
vt 0.27553272247314453 0.60135120153427124
vt 0.27553272247314453 0.60879558324813843
vt 0.27553272247314453 0.6161198616027832
vt 0.27553272247314453 0.62336075305938721
vt 0.27553272247314453 0.63060170412063599
vt 0.27553272247314453 0.63784265518188477
vt 0.27553272247314453 0.64508354663848877
vt 0.27553272247314453 0.65232449769973755
vt 0.30975687503814697 0.59365952014923096
vt 0.30975687503814697 0.65232449769973755
vt 0.30975687503814697 0.60099261999130249
vt 0.30975687503814697 0.60832571983337402
vt 0.30975687503814697 0.61565887928009033
vt 0.30975687503814697 0.62299197912216187
vt 0.30975687503814697 0.6303250789642334
vt 0.30975687503814697 0.63765823841094971
vt 0.30975687503814697 0.64499133825302124
vt 0.29264479875564575 0.60135120153427124
vt 0.27553272247314453 0.59750533103942871
vt 0.29264479875564575 0.59750533103942871
vt 0.29264479875564575 0.60879558324813843
vt 0.27553272247314453 0.60507339239120483
vt 0.29264479875564575 0.60507339239120483
vt 0.29264479875564575 0.6161198616027832
vt 0.27553272247314453 0.61245769262313843
vt 0.29264479875564575 0.61245769262313843
vt 0.29264479875564575 0.62336075305938721
vt 0.27553272247314453 0.61974030733108521
vt 0.29264479875564575 0.61974030733108521
vt 0.29264479875564575 0.63060170412063599
vt 0.27553272247314453 0.62698125839233398
vt 0.29264479875564575 0.62698125839233398
vt 0.29264479875564575 0.63784265518188477
vt 0.27553272247314453 0.63422214984893799
vt 0.29264479875564575 0.63422214984893799
vt 0.29264479875564575 0.64508354663848877
vt 0.27553272247314453 0.64146310091018677
vt 0.29264479875564575 0.64146310091018677
vt 0.27553272247314453 0.64870399236679077
vt 0.29264479875564575 0.64870399236679077
vt 0.17286029458045959 0.64499133825302124
vt 0.17286029458045959 0.63765823841094971
vt 0.17286029458045959 0.6303250789642334
vt 0.17286029458045959 0.62299197912216187
vt 0.17286029458045959 0.61565887928009033
vt 0.17286029458045959 0.60832571983337402
vt 0.17286029458045959 0.60099261999130249
vt 0.20708443224430084 0.64870399236679077
vt 0.18997235596179962 0.64508354663848877
vt 0.18997235596179962 0.64870399236679077
vt 0.20708443224430084 0.64146310091018677
vt 0.18997235596179962 0.63784265518188477
vt 0.18997235596179962 0.64146310091018677
vt 0.20708443224430084 0.63422214984893799
vt 0.18997235596179962 0.63060170412063599
vt 0.18997235596179962 0.63422214984893799
vt 0.20708443224430084 0.62698125839233398
vt 0.18997235596179962 0.62336075305938721
vt 0.18997235596179962 0.62698125839233398
vt 0.20708443224430084 0.61974030733108521
vt 0.18997235596179962 0.6161198616027832
vt 0.18997235596179962 0.61974030733108521
vt 0.20708443224430084 0.61245769262313843
vt 0.18997235596179962 0.60879558324813843
vt 0.18997235596179962 0.61245769262313843
vt 0.20708443224430084 0.60507339239120483
vt 0.18997235596179962 0.60135120153427124
vt 0.18997235596179962 0.60507339239120483
vt 0.20708443224430084 0.59750533103942871
vt 0.18997235596179962 0.59750533103942871
vt 0.37454774975776672 0.38978797197341919
vt 0.37454774975776672 0.44845294952392578
vt 0.41652026772499084 0.38978797197341919
vt 0.41652026772499084 0.39747971296310425
vt 0.41652026772499084 0.40492406487464905
vt 0.41652026772499084 0.41224834322929382
vt 0.41652026772499084 0.41948926448822021
vt 0.41652026772499084 0.42673018574714661
vt 0.41652026772499084 0.433971107006073
vt 0.41652026772499084 0.44121202826499939
vt 0.41652026772499084 0.44845294952392578
vt 0.45849281549453735 0.38978797197341919
vt 0.45849281549453735 0.44845294952392578
vt 0.37454774975776672 0.44111984968185425
vt 0.37454774975776672 0.43378672003746033
vt 0.37454774975776672 0.42645359039306641
vt 0.37454774975776672 0.41912046074867249
vt 0.37454774975776672 0.41178736090660095
vt 0.37454774975776672 0.40445423126220703
vt 0.37454774975776672 0.39712110161781311
vt 0.41652026772499084 0.44483250379562378
vt 0.39553400874137878 0.44121202826499939
vt 0.39553400874137878 0.44483250379562378
vt 0.41652026772499084 0.43759158253669739
vt 0.39553400874137878 0.433971107006073
vt 0.39553400874137878 0.43759158253669739
vt 0.41652026772499084 0.430350661277771
vt 0.39553400874137878 0.42673018574714661
vt 0.39553400874137878 0.430350661277771
vt 0.41652026772499084 0.4231097400188446
vt 0.39553400874137878 0.41948926448822021
vt 0.39553400874137878 0.4231097400188446
vt 0.41652026772499084 0.41586878895759583
vt 0.39553400874137878 0.41224834322929382
vt 0.39553400874137878 0.41586878895759583
vt 0.41652026772499084 0.40858620405197144
vt 0.39553400874137878 0.40492406487464905
vt 0.39553400874137878 0.40858620405197144
vt 0.41652026772499084 0.40120187401771545
vt 0.39553400874137878 0.39747971296310425
vt 0.39553400874137878 0.40120187401771545
vt 0.41652026772499084 0.39363384246826172
vt 0.39553400874137878 0.39363384246826172
vt 0.45849281549453735 0.39712110161781311
vt 0.45849281549453735 0.40445423126220703
vt 0.45849281549453735 0.41178736090660095
vt 0.45849281549453735 0.41912046074867249
vt 0.45849281549453735 0.42645359039306641
vt 0.45849281549453735 0.43378672003746033
vt 0.45849281549453735 0.44111984968185425
vt 0.43750652670860291 0.39747971296310425
vt 0.43750652670860291 0.39363384246826172
vt 0.43750652670860291 0.40492406487464905
vt 0.43750652670860291 0.40120187401771545
vt 0.43750652670860291 0.41224834322929382
vt 0.43750652670860291 0.40858620405197144
vt 0.43750652670860291 0.41948926448822021
vt 0.43750652670860291 0.41586878895759583
vt 0.43750652670860291 0.42673018574714661
vt 0.43750652670860291 0.4231097400188446
vt 0.43750652670860291 0.433971107006073
vt 0.43750652670860291 0.430350661277771
vt 0.43750652670860291 0.44121202826499939
vt 0.43750652670860291 0.43759158253669739
vt 0.43750652670860291 0.44483250379562378
vt 0.17286029458045959 0.74744588136672974
vt 0.17286029458045959 0.80611085891723633
vt 0.20708443224430084 0.74744588136672974
vt 0.20708443224430084 0.75513762235641479
vt 0.20708443224430084 0.76258200407028198
vt 0.20708443224430084 0.76990628242492676
vt 0.20708443224430084 0.77714717388153076
vt 0.20708443224430084 0.78438812494277954
vt 0.20708443224430084 0.79162901639938354
vt 0.20708443224430084 0.79886996746063232
vt 0.20708443224430084 0.80611085891723633
vt 0.24130858480930328 0.74744588136672974
vt 0.24130858480930328 0.75513762235641479
vt 0.24130858480930328 0.76258200407028198
vt 0.24130858480930328 0.76990628242492676
vt 0.24130858480930328 0.77714717388153076
vt 0.24130858480930328 0.78438812494277954
vt 0.24130858480930328 0.79162901639938354
vt 0.24130858480930328 0.79886996746063232
vt 0.24130858480930328 0.80611085891723633
vt 0.27553272247314453 0.74744588136672974
vt 0.27553272247314453 0.75513762235641479
vt 0.27553272247314453 0.76258200407028198
vt 0.27553272247314453 0.76990628242492676
vt 0.27553272247314453 0.77714717388153076
vt 0.27553272247314453 0.78438812494277954
vt 0.27553272247314453 0.79162901639938354
vt 0.27553272247314453 0.79886996746063232
vt 0.27553272247314453 0.80611085891723633
vt 0.30975687503814697 0.74744588136672974
vt 0.30975687503814697 0.80611085891723633
vt 0.17286029458045959 0.79877775907516479
vt 0.17286029458045959 0.79144465923309326
vt 0.17286029458045959 0.78411149978637695
vt 0.17286029458045959 0.77677839994430542
vt 0.17286029458045959 0.76944530010223389
vt 0.17286029458045959 0.76211214065551758
vt 0.17286029458045959 0.75477904081344604
vt 0.20708443224430084 0.80249041318893433
vt 0.18997235596179962 0.79886996746063232
vt 0.18997235596179962 0.80249041318893433
vt 0.20708443224430084 0.79524952173233032
vt 0.18997235596179962 0.79162901639938354
vt 0.18997235596179962 0.79524952173233032
vt 0.20708443224430084 0.78800857067108154
vt 0.18997235596179962 0.78438812494277954
vt 0.18997235596179962 0.78800857067108154
vt 0.20708443224430084 0.78076767921447754
vt 0.18997235596179962 0.77714717388153076
vt 0.18997235596179962 0.78076767921447754
vt 0.20708443224430084 0.77352672815322876
vt 0.18997235596179962 0.76990628242492676
vt 0.18997235596179962 0.77352672815322876
vt 0.20708443224430084 0.76624411344528198
vt 0.18997235596179962 0.76258200407028198
vt 0.18997235596179962 0.76624411344528198
vt 0.20708443224430084 0.75885981321334839
vt 0.18997235596179962 0.75513762235641479
vt 0.18997235596179962 0.75885981321334839
vt 0.20708443224430084 0.75129175186157227
vt 0.18997235596179962 0.75129175186157227
vt 0.30975687503814697 0.75477904081344604
vt 0.30975687503814697 0.76211214065551758
vt 0.30975687503814697 0.76944530010223389
vt 0.30975687503814697 0.77677839994430542
vt 0.30975687503814697 0.78411149978637695
vt 0.30975687503814697 0.79144465923309326
vt 0.30975687503814697 0.79877775907516479
vt 0.29264479875564575 0.75513762235641479
vt 0.27553272247314453 0.75129175186157227
vt 0.29264479875564575 0.75129175186157227
vt 0.29264479875564575 0.76258200407028198
vt 0.27553272247314453 0.75885981321334839
vt 0.29264479875564575 0.75885981321334839
vt 0.29264479875564575 0.76990628242492676
vt 0.27553272247314453 0.76624411344528198
vt 0.29264479875564575 0.76624411344528198
vt 0.29264479875564575 0.77714717388153076
vt 0.27553272247314453 0.77352672815322876
vt 0.29264479875564575 0.77352672815322876
vt 0.29264479875564575 0.78438812494277954
vt 0.27553272247314453 0.78076767921447754
vt 0.29264479875564575 0.78076767921447754
vt 0.29264479875564575 0.79162901639938354
vt 0.27553272247314453 0.78800857067108154
vt 0.29264479875564575 0.78800857067108154
vt 0.29264479875564575 0.79886996746063232
vt 0.27553272247314453 0.79524952173233032
vt 0.29264479875564575 0.79524952173233032
vt 0.27553272247314453 0.80249041318893433
vt 0.29264479875564575 0.80249041318893433
vt 0.37454774975776672 0.45823627710342407
vt 0.37454774975776672 0.51690125465393066
vt 0.41652026772499084 0.45823627710342407
vt 0.41652026772499084 0.46592798829078674
vt 0.41652026772499084 0.47337237000465393
vt 0.41652026772499084 0.48069661855697632
vt 0.41652026772499084 0.48793753981590271
vt 0.41652026772499084 0.49517849087715149
vt 0.41652026772499084 0.50241941213607788
vt 0.41652026772499084 0.50966030359268188
vt 0.41652026772499084 0.51690125465393066
vt 0.45849281549453735 0.45823627710342407
vt 0.45849281549453735 0.51690125465393066
vt 0.45849281549453735 0.46556940674781799
vt 0.45849281549453735 0.47290250658988953
vt 0.45849281549453735 0.48023563623428345
vt 0.45849281549453735 0.48756876587867737
vt 0.45849281549453735 0.49490189552307129
vt 0.45849281549453735 0.50223499536514282
vt 0.45849281549453735 0.50956815481185913
vt 0.43750652670860291 0.46592798829078674
vt 0.41652026772499084 0.4620821475982666
vt 0.43750652670860291 0.4620821475982666
vt 0.43750652670860291 0.47337237000465393
vt 0.41652026772499084 0.46965017914772034
vt 0.43750652670860291 0.46965017914772034
vt 0.43750652670860291 0.48069661855697632
vt 0.41652026772499084 0.47703450918197632
vt 0.43750652670860291 0.47703450918197632
vt 0.43750652670860291 0.48793753981590271
vt 0.41652026772499084 0.48431709408760071
vt 0.43750652670860291 0.48431709408760071
vt 0.43750652670860291 0.49517849087715149
vt 0.41652026772499084 0.4915580153465271
vt 0.43750652670860291 0.4915580153465271
vt 0.43750652670860291 0.50241941213607788
vt 0.41652026772499084 0.49879893660545349
vt 0.43750652670860291 0.49879893660545349
vt 0.43750652670860291 0.50966030359268188
vt 0.41652026772499084 0.50603985786437988
vt 0.43750652670860291 0.50603985786437988
vt 0.41652026772499084 0.51328080892562866
vt 0.43750652670860291 0.51328080892562866
vt 0.37454774975776672 0.50956815481185913
vt 0.37454774975776672 0.50223499536514282
vt 0.37454774975776672 0.49490189552307129
vt 0.37454774975776672 0.48756876587867737
vt 0.37454774975776672 0.48023563623428345
vt 0.37454774975776672 0.47290250658988953
vt 0.37454774975776672 0.46556940674781799
vt 0.39553400874137878 0.50966030359268188
vt 0.39553400874137878 0.51328080892562866
vt 0.39553400874137878 0.50241941213607788
vt 0.39553400874137878 0.50603985786437988
vt 0.39553400874137878 0.49517849087715149
vt 0.39553400874137878 0.49879893660545349
vt 0.39553400874137878 0.48793753981590271
vt 0.39553400874137878 0.4915580153465271
vt 0.39553400874137878 0.48069661855697632
vt 0.39553400874137878 0.48431709408760071
vt 0.39553400874137878 0.47337237000465393
vt 0.39553400874137878 0.47703450918197632
vt 0.39553400874137878 0.46592798829078674
vt 0.39553400874137878 0.46965017914772034
vt 0.39553400874137878 0.4620821475982666
vt 0.17286029458045959 0.67055267095565796
vt 0.17286029458045959 0.72921770811080933
vt 0.20708443224430084 0.67055267095565796
vt 0.20708443224430084 0.67824441194534302
vt 0.20708443224430084 0.68568879365921021
vt 0.20708443224430084 0.69301307201385498
vt 0.20708443224430084 0.70025396347045898
vt 0.20708443224430084 0.70749491453170776
vt 0.20708443224430084 0.71473580598831177
vt 0.20708443224430084 0.72197675704956055
vt 0.20708443224430084 0.72921770811080933
vt 0.24130858480930328 0.67055267095565796
vt 0.24130858480930328 0.67824441194534302
vt 0.24130858480930328 0.68568879365921021
vt 0.24130858480930328 0.69301307201385498
vt 0.24130858480930328 0.70025396347045898
vt 0.24130858480930328 0.70749491453170776
vt 0.24130858480930328 0.71473580598831177
vt 0.24130858480930328 0.72197675704956055
vt 0.24130858480930328 0.72921770811080933
vt 0.27553272247314453 0.67055267095565796
vt 0.27553272247314453 0.67824441194534302
vt 0.27553272247314453 0.68568879365921021
vt 0.27553272247314453 0.69301307201385498
vt 0.27553272247314453 0.70025396347045898
vt 0.27553272247314453 0.70749491453170776
vt 0.27553272247314453 0.71473580598831177
vt 0.27553272247314453 0.72197675704956055
vt 0.27553272247314453 0.72921770811080933
vt 0.30975687503814697 0.67055267095565796
vt 0.30975687503814697 0.72921770811080933
vt 0.17286029458045959 0.72188454866409302
vt 0.17286029458045959 0.71455144882202148
vt 0.17286029458045959 0.70721828937530518
vt 0.17286029458045959 0.69988518953323364
vt 0.17286029458045959 0.69255208969116211
vt 0.17286029458045959 0.6852189302444458
vt 0.17286029458045959 0.67788583040237427
vt 0.20708443224430084 0.72559720277786255
vt 0.18997235596179962 0.72197675704956055
vt 0.18997235596179962 0.72559720277786255
vt 0.20708443224430084 0.71835631132125854
vt 0.18997235596179962 0.71473580598831177
vt 0.18997235596179962 0.71835631132125854
vt 0.20708443224430084 0.71111536026000977
vt 0.18997235596179962 0.70749491453170776
vt 0.18997235596179962 0.71111536026000977
vt 0.20708443224430084 0.70387446880340576
vt 0.18997235596179962 0.70025396347045898
vt 0.18997235596179962 0.70387446880340576
vt 0.20708443224430084 0.69663351774215698
vt 0.18997235596179962 0.69301307201385498
vt 0.18997235596179962 0.69663351774215698
vt 0.20708443224430084 0.68935090303421021
vt 0.18997235596179962 0.68568879365921021
vt 0.18997235596179962 0.68935090303421021
vt 0.20708443224430084 0.68196660280227661
vt 0.18997235596179962 0.67824441194534302
vt 0.18997235596179962 0.68196660280227661
vt 0.20708443224430084 0.67439854145050049
vt 0.18997235596179962 0.67439854145050049
vt 0.30975687503814697 0.67788583040237427
vt 0.30975687503814697 0.6852189302444458
vt 0.30975687503814697 0.69255208969116211
vt 0.30975687503814697 0.69988518953323364
vt 0.30975687503814697 0.70721828937530518
vt 0.30975687503814697 0.71455144882202148
vt 0.30975687503814697 0.72188454866409302
vt 0.29264479875564575 0.67824441194534302
vt 0.27553272247314453 0.67439854145050049
vt 0.29264479875564575 0.67439854145050049
vt 0.29264479875564575 0.68568879365921021
vt 0.27553272247314453 0.68196660280227661
vt 0.29264479875564575 0.68196660280227661
vt 0.29264479875564575 0.69301307201385498
vt 0.27553272247314453 0.68935090303421021
vt 0.29264479875564575 0.68935090303421021
vt 0.29264479875564575 0.70025396347045898
vt 0.27553272247314453 0.69663351774215698
vt 0.29264479875564575 0.69663351774215698
vt 0.29264479875564575 0.70749491453170776
vt 0.27553272247314453 0.70387446880340576
vt 0.29264479875564575 0.70387446880340576
vt 0.29264479875564575 0.71473580598831177
vt 0.27553272247314453 0.71111536026000977
vt 0.29264479875564575 0.71111536026000977
vt 0.29264479875564575 0.72197675704956055
vt 0.27553272247314453 0.71835631132125854
vt 0.29264479875564575 0.71835631132125854
vt 0.27553272247314453 0.72559720277786255
vt 0.29264479875564575 0.72559720277786255
vt 0.54645669460296631 0
vt 0.48779171705245972 0
vt 0.54645669460296631 0.041972525417804718
vt 0.53876495361328125 0.041972525417804718
vt 0.53132063150405884 0.041972525417804718
vt 0.52399635314941406 0.041972525417804718
vt 0.51675540208816528 0.041972525417804718
vt 0.50951451063156128 0.041972525417804718
vt 0.5022735595703125 0.041972525417804718
vt 0.49503263831138611 0.041972525417804718
vt 0.48779171705245972 0.041972525417804718
vt 0.54645669460296631 0.083945050835609436
vt 0.48779171705245972 0.083945050835609436
vt 0.53912359476089478 0.083945050835609436
vt 0.53179043531417847 0.083945050835609436
vt 0.52445733547210693 0.083945050835609436
vt 0.5171242356300354 0.083945050835609436
vt 0.50979107618331909 0.083945050835609436
vt 0.50245797634124756 0.083945050835609436
vt 0.49512484669685364 0.083945050835609436
vt 0.53876495361328125 0.062958784401416779
vt 0.54261082410812378 0.041972525417804718
vt 0.54261082410812378 0.062958784401416779
vt 0.53132063150405884 0.062958784401416779
vt 0.53504282236099243 0.041972525417804718
vt 0.53504282236099243 0.062958784401416779
vt 0.52399635314941406 0.062958784401416779
vt 0.52765846252441406 0.041972525417804718
vt 0.52765846252441406 0.062958784401416779
vt 0.51675540208816528 0.062958784401416779
vt 0.52037590742111206 0.041972525417804718
vt 0.52037590742111206 0.062958784401416779
vt 0.50951451063156128 0.062958784401416779
vt 0.51313495635986328 0.041972525417804718
vt 0.51313495635986328 0.062958784401416779
vt 0.5022735595703125 0.062958784401416779
vt 0.50589406490325928 0.041972525417804718
vt 0.50589406490325928 0.062958784401416779
vt 0.49503263831138611 0.062958784401416779
vt 0.4986531138420105 0.041972525417804718
vt 0.4986531138420105 0.062958784401416779
vt 0.49141219258308411 0.041972525417804718
vt 0.49141219258308411 0.062958784401416779
vt 0.49512484669685364 0
vt 0.50245797634124756 0
vt 0.50979107618331909 0
vt 0.5171242356300354 0
vt 0.52445733547210693 0
vt 0.53179043531417847 0
vt 0.53912359476089478 0
vt 0.49503263831138611 0.020986262708902359
vt 0.49141219258308411 0.020986262708902359
vt 0.5022735595703125 0.020986262708902359
vt 0.4986531138420105 0.020986262708902359
vt 0.50951451063156128 0.020986262708902359
vt 0.50589406490325928 0.020986262708902359
vt 0.51675540208816528 0.020986262708902359
vt 0.51313495635986328 0.020986262708902359
vt 0.52399635314941406 0.020986262708902359
vt 0.52037590742111206 0.020986262708902359
vt 0.53132063150405884 0.020986262708902359
vt 0.52765846252441406 0.020986262708902359
vt 0.53876495361328125 0.020986262708902359
vt 0.53504282236099243 0.020986262708902359
vt 0.54261082410812378 0.020986262708902359
vt 0.086430147290229797 0.82433909177780151
vt 0.14509512484073639 0.82433909177780151
vt 0.14509512484073639 0.8430665135383606
vt 0.086430147290229797 0.8617938756942749
vt 0.086430147290229797 0.8430665135383606
vt 0.14509512484073639 0.8617938756942749
vt 0.13754874467849731 0.8617938756942749
vt 0.1304289847612381 0.8617938756942749
vt 0.12301858514547348 0.8617938756942749
vt 0.11576263606548309 0.8617938756942749
vt 0.10850668698549271 0.8617938756942749
vt 0.10109629482030869 0.8617938756942749
vt 0.093976520001888275 0.8617938756942749
vt 0.093976520001888275 0.82433909177780151
vt 0.10109629482030869 0.82433909177780151
vt 0.10850668698549271 0.82433909177780151
vt 0.11576263606548309 0.82433909177780151
vt 0.12301858514547348 0.82433909177780151
vt 0.1304289847612381 0.82433909177780151
vt 0.13754874467849731 0.82433909177780151
vt 0.086430147290229797 0.74744588136672974
vt 0.14509512484073639 0.74744588136672974
vt 0.086430147290229797 0.78490066528320312
vt 0.093976520001888275 0.74744588136672974
vt 0.10109629482030869 0.74744588136672974
vt 0.10850668698549271 0.74744588136672974
vt 0.11576263606548309 0.74744588136672974
vt 0.12301858514547348 0.74744588136672974
vt 0.1304289847612381 0.74744588136672974
vt 0.13754874467849731 0.74744588136672974
vt 0.14509512484073639 0.78490066528320312
vt 0.13754874467849731 0.78490066528320312
vt 0.1304289847612381 0.78490066528320312
vt 0.12301858514547348 0.78490066528320312
vt 0.11576263606548309 0.78490066528320312
vt 0.10850668698549271 0.78490066528320312
vt 0.10109629482030869 0.78490066528320312
vt 0.093976520001888275 0.78490066528320312
vt 0.13740339875221252 0.76617330312728882
vt 0.12263476103544235 0.76617330312728882
vt 0.11539383977651596 0.76617330312728882
vt 0.10815291851758957 0.76617330312728882
vt 0.10091198980808258 0.76617330312728882
vt 0.093671068549156189 0.76617330312728882
vt 0.14509512484073639 0.67055267095565796
vt 0.086430147290229797 0.70800745487213135
vt 0.086430147290229797 0.68928009271621704
vt 0.14509512484073639 0.70800745487213135
vt 0.13754874467849731 0.70800745487213135
vt 0.1304289847612381 0.70800745487213135
vt 0.12301858514547348 0.70800745487213135
vt 0.11576263606548309 0.70800745487213135
vt 0.10850668698549271 0.70800745487213135
vt 0.10109629482030869 0.70800745487213135
vt 0.093976520001888275 0.70800745487213135
vt 0.086430147290229797 0.67055267095565796
vt 0.093976520001888275 0.67055267095565796
vt 0.10109629482030869 0.67055267095565796
vt 0.10850668698549271 0.67055267095565796
vt 0.11576263606548309 0.67055267095565796
vt 0.12301858514547348 0.67055267095565796
vt 0.1304289847612381 0.67055267095565796
vt 0.13754874467849731 0.67055267095565796
vt 0.05866498127579689 0.82433909177780151
vt 0.05866498127579689 0.8430665135383606
vt 0 0.8430665135383606
vt 0 0.8617938756942749
vt 0.05866498127579689 0.8617938756942749
vt 0.051118608564138412 0.8617938756942749
vt 0.043998833745718002 0.8617938756942749
vt 0.036588441580533981 0.8617938756942749
vt 0.029332490637898445 0.8617938756942749
vt 0.022076539695262909 0.8617938756942749
vt 0.014666147530078888 0.8617938756942749
vt 0.0075463727116584778 0.8617938756942749
vt 0 0.82433909177780151
vt 0.0075463727116584778 0.82433909177780151
vt 0.014666147530078888 0.82433909177780151
vt 0.022076539695262909 0.82433909177780151
vt 0.029332490637898445 0.82433909177780151
vt 0.036588441580533981 0.82433909177780151
vt 0.043998833745718002 0.82433909177780151
vt 0.051118608564138412 0.82433909177780151
vt 0.04352889209985733 0.8430665135383606
vt 0.036204621195793152 0.8430665135383606
vt 0.028963696211576462 0.8430665135383606
vt 0.021722771227359772 0.8430665135383606
vt 0.014481846243143082 0.8430665135383606
vt 0.0072409249842166901 0.8430665135383606
vt 0.090537741780281067 0.11732996255159378
vt 0.090537741780281067 0.17599494755268097
vt 0.098023697733879089 0.12502169609069824
vt 0.098023697733879089 0.13246604800224304
vt 0.098023697733879089 0.13979032635688782
vt 0.098023697733879089 0.14703124761581421
vt 0.098023697733879089 0.1542721688747406
vt 0.098023697733879089 0.16151309013366699
vt 0.098023697733879089 0.16875401139259338
vt 0.10543960332870483 0.12502169609069824
vt 0.10543960332870483 0.13246604800224304
vt 0.10543960332870483 0.13979032635688782
vt 0.10543960332870483 0.14703124761581421
vt 0.10543960332870483 0.1542721688747406
vt 0.10543960332870483 0.16151309013366699
vt 0.10543960332870483 0.16875401139259338
vt 0.11284422129392624 0.12502169609069824
vt 0.11284422129392624 0.13246604800224304
vt 0.11284422129392624 0.13979032635688782
vt 0.11284422129392624 0.14703124761581421
vt 0.11284422129392624 0.1542721688747406
vt 0.11284422129392624 0.16151309013366699
vt 0.11284422129392624 0.16875401139259338
vt 0.12024883925914764 0.12502169609069824
vt 0.12024883925914764 0.13246604800224304
vt 0.12024883925914764 0.13979032635688782
vt 0.12024883925914764 0.14703124761581421
vt 0.12024883925914764 0.1542721688747406
vt 0.12024883925914764 0.16151309013366699
vt 0.12773478031158447 0.13246604800224304
vt 0.12773478031158447 0.13979032635688782
vt 0.12773478031158447 0.14703124761581421
vt 0.12773478031158447 0.1542721688747406
vt 0.12773478031158447 0.16151309013366699
vt 0.13515070080757141 0.13979032635688782
vt 0.13515070080757141 0.14703124761581421
vt 0.13515070080757141 0.1542721688747406
vt 0.095291115343570709 0.11748069524765015
vt 0.10012515634298325 0.11794833838939667
vt 0.10494308173656464 0.11874512583017349
vt 0.10965520143508911 0.11986789852380753
vt 0.11418627947568893 0.12129899859428406
vt 0.11848779767751694 0.12300869077444077
vt 0.12253385037183762 0.12495900690555573
vt 0.12631893157958984 0.12710745632648468
vt 0.12985441088676453 0.12941010296344757
vt 0.13315264880657196 0.13182415068149567
vt 0.13624389469623566 0.13430911302566528
vt 0.13914832472801208 0.13682836294174194
vt 0.1418929398059845 0.13934928178787231
vt 0.14449825882911682 0.14184372127056122
vt 0.14698551595211029 0.14428792893886566
vt 0.14937159419059753 0.14666245877742767
vt 0.14698551595211029 0.14903697371482849
vt 0.14449825882911682 0.15148118138313293
vt 0.1418929398059845 0.15397562086582184
vt 0.13914832472801208 0.15649653971195221
vt 0.13624389469623566 0.15901578962802887
vt 0.13315264880657196 0.16150075197219849
vt 0.12985441088676453 0.16391479969024658
vt 0.12631893157958984 0.16621744632720947
vt 0.12253385037183762 0.16836589574813843
vt 0.11848779767751694 0.17031620442867279
vt 0.11418627947568893 0.1720259040594101
vt 0.10965520143508911 0.17345701158046722
vt 0.10494308173656464 0.17457978427410126
vt 0.10012515634298325 0.17537656426429749
vt 0.095291115343570709 0.17584420740604401
vt 0.090537741780281067 0.17066176235675812
vt 0.090537741780281067 0.16532857716083527
vt 0.090537741780281067 0.15999540686607361
vt 0.090537741780281067 0.15466222167015076
vt 0.090537741780281067 0.14932903647422791
vt 0.090537741780281067 0.14399586617946625
vt 0.090537741780281067 0.1386626809835434
vt 0.090537741780281067 0.13332949578762054
vt 0.090537741780281067 0.12799632549285889
vt 0.090537741780281067 0.12266314029693604
vt 0.090537741780281067 0.19194820523262024
vt 0.090537741780281067 0.25061318278312683
vt 0.098023697733879089 0.1996399313211441
vt 0.098023697733879089 0.2070842981338501
vt 0.098023697733879089 0.21440856158733368
vt 0.098023697733879089 0.22164948284626007
vt 0.098023697733879089 0.22889041900634766
vt 0.098023697733879089 0.23613134026527405
vt 0.098023697733879089 0.24337226152420044
vt 0.10543960332870483 0.1996399313211441
vt 0.10543960332870483 0.2070842981338501
vt 0.10543960332870483 0.21440856158733368
vt 0.10543960332870483 0.22164948284626007
vt 0.10543960332870483 0.22889041900634766
vt 0.10543960332870483 0.23613134026527405
vt 0.10543960332870483 0.24337226152420044
vt 0.11284422129392624 0.1996399313211441
vt 0.11284422129392624 0.2070842981338501
vt 0.11284422129392624 0.21440856158733368
vt 0.11284422129392624 0.22164948284626007
vt 0.11284422129392624 0.22889041900634766
vt 0.11284422129392624 0.23613134026527405
vt 0.11284422129392624 0.24337226152420044
vt 0.12024883925914764 0.1996399313211441
vt 0.12024883925914764 0.2070842981338501
vt 0.12024883925914764 0.21440856158733368
vt 0.12024883925914764 0.22164948284626007
vt 0.12024883925914764 0.22889041900634766
vt 0.12024883925914764 0.23613134026527405
vt 0.12773478031158447 0.2070842981338501
vt 0.12773478031158447 0.21440856158733368
vt 0.12773478031158447 0.22164948284626007
vt 0.12773478031158447 0.22889041900634766
vt 0.12773478031158447 0.23613134026527405
vt 0.13515070080757141 0.21440856158733368
vt 0.13515070080757141 0.22164948284626007
vt 0.13515070080757141 0.22889041900634766
vt 0.090537741780281067 0.24725283682346344
vt 0.090537741780281067 0.24377928674221039
vt 0.090537741780281067 0.24020247161388397
vt 0.090537741780281067 0.23653478920459747
vt 0.090537741780281067 0.23279102146625519
vt 0.090537741780281067 0.22898809611797333
vt 0.090537741780281067 0.22514468431472778
vt 0.090537741780281067 0.22128069400787354
vt 0.090537741780281067 0.21741670370101929
vt 0.090537741780281067 0.21357329189777374
vt 0.090537741780281067 0.20977036654949188
vt 0.090537741780281067 0.2060265988111496
vt 0.090537741780281067 0.2023589164018631
vt 0.090537741780281067 0.19878210127353668
vt 0.090537741780281067 0.19530855119228363
vt 0.095291115343570709 0.19209893047809601
vt 0.10012515634298325 0.19256658852100372
vt 0.10494308173656464 0.19336336851119995
vt 0.10965520143508911 0.19448614120483398
vt 0.11418627947568893 0.19591724872589111
vt 0.11848779767751694 0.19762693345546722
vt 0.12253385037183762 0.19957725703716278
vt 0.12631893157958984 0.20172570645809174
vt 0.12985441088676453 0.20402835309505463
vt 0.13315264880657196 0.20644238591194153
vt 0.13624389469623566 0.20892736315727234
vt 0.13914832472801208 0.211446613073349
vt 0.1418929398059845 0.21396751701831818
vt 0.14449825882911682 0.21646195650100708
vt 0.14698551595211029 0.21890617907047272
vt 0.14937159419059753 0.22128069400787354
vt 0.14698551595211029 0.22365522384643555
vt 0.14449825882911682 0.22609943151473999
vt 0.1418929398059845 0.22859387099742889
vt 0.13914832472801208 0.23111477494239807
vt 0.13624389469623566 0.23363402485847473
vt 0.13315264880657196 0.23611900210380554
vt 0.12985441088676453 0.23853303492069244
vt 0.12631893157958984 0.24083568155765533
vt 0.12253385037183762 0.24298413097858429
vt 0.11848779767751694 0.24493445456027985
vt 0.11418627947568893 0.24664413928985596
vt 0.10965520143508911 0.24807524681091309
vt 0.10494308173656464 0.24919801950454712
vt 0.10012515634298325 0.24999481439590454
vt 0.095291115343570709 0.25046244263648987
vt 0.014901856891810894 0.21440856158733368
vt 0.014901856891810894 0.22164948284626007
vt 0.014901856891810894 0.22889041900634766
vt 0.022306475788354874 0.2070842981338501
vt 0.022306475788354874 0.21440856158733368
vt 0.022306475788354874 0.22164948284626007
vt 0.022306475788354874 0.22889041900634766
vt 0.022306475788354874 0.23613134026527405
vt 0.029711091890931129 0.1996399313211441
vt 0.029711091890931129 0.2070842981338501
vt 0.029711091890931129 0.21440856158733368
vt 0.029711091890931129 0.22164948284626007
vt 0.029711091890931129 0.22889041900634766
vt 0.029711091890931129 0.23613134026527405
vt 0.037197042256593704 0.1996399313211441
vt 0.037197042256593704 0.2070842981338501
vt 0.037197042256593704 0.21440856158733368
vt 0.037197042256593704 0.22164948284626007
vt 0.037197042256593704 0.22889041900634766
vt 0.037197042256593704 0.23613134026527405
vt 0.037197042256593704 0.24337226152420044
vt 0.044612951576709747 0.1996399313211441
vt 0.044612951576709747 0.2070842981338501
vt 0.044612951576709747 0.21440856158733368
vt 0.044612951576709747 0.22164948284626007
vt 0.044612951576709747 0.22889041900634766
vt 0.044612951576709747 0.23613134026527405
vt 0.044612951576709747 0.24337226152420044
vt 0.052017565816640854 0.1996399313211441
vt 0.052017565816640854 0.2070842981338501
vt 0.052017565816640854 0.21440856158733368
vt 0.052017565816640854 0.22164948284626007
vt 0.052017565816640854 0.22889041900634766
vt 0.052017565816640854 0.23613134026527405
vt 0.052017565816640854 0.24337226152420044
vt 0.059422183781862259 0.19194820523262024
vt 0.059422183781862259 0.25061318278312683
vt 0.054668810218572617 0.25046244263648987
vt 0.04983476921916008 0.24999481439590454
vt 0.045016847550868988 0.24919801950454712
vt 0.040304727852344513 0.24807524681091309
vt 0.03577364981174469 0.24664413928985596
vt 0.031472127884626389 0.24493445456027985
vt 0.027426078915596008 0.24298413097858429
vt 0.023641001433134079 0.24083568155765533
vt 0.02010551281273365 0.23853303492069244
vt 0.016807282343506813 0.23611900210380554
vt 0.013716034591197968 0.23363402485847473
vt 0.010811601765453815 0.23111477494239807
vt 0.0080669866874814034 0.22859387099742889
vt 0.0054616695269942284 0.22609943151473999
vt 0.0029744142666459084 0.22365522384643555
vt 0.00058833847288042307 0.22128069400787354
vt 0.0029744142666459084 0.21890617907047272
vt 0.0054616695269942284 0.21646195650100708
vt 0.0080669866874814034 0.21396751701831818
vt 0.010811601765453815 0.211446613073349
vt 0.013716034591197968 0.20892736315727234
vt 0.016807282343506813 0.20644238591194153
vt 0.02010551281273365 0.20402835309505463
vt 0.023641001433134079 0.20172570645809174
vt 0.027426078915596008 0.19957725703716278
vt 0.031472127884626389 0.19762693345546722
vt 0.03577364981174469 0.19591724872589111
vt 0.040304727852344513 0.19448614120483398
vt 0.045016847550868988 0.19336336851119995
vt 0.04983476921916008 0.19256658852100372
vt 0.054668810218572617 0.19209893047809601
vt 0.059422183781862259 0.19728139042854309
vt 0.059422183781862259 0.20261456072330475
vt 0.059422183781862259 0.2079477459192276
vt 0.059422183781862259 0.21328093111515045
vt 0.059422183781862259 0.21861410140991211
vt 0.059422183781862259 0.22394728660583496
vt 0.059422183781862259 0.22928047180175781
vt 0.059422183781862259 0.23461364209651947
vt 0.059422183781862259 0.23994682729244232
vt 0.059422183781862259 0.24528001248836517
vt 0.10483405739068985 0.32910847663879395
vt 0.097593136131763458 0.32910847663879395
vt 0.090352214872837067 0.32910847663879395
vt 0.11215833574533463 0.33651310205459595
vt 0.10483405739068985 0.33651310205459595
vt 0.097593136131763458 0.33651310205459595
vt 0.090352214872837067 0.33651310205459595
vt 0.083111286163330078 0.33651310205459595
vt 0.11960269510746002 0.34391769766807556
vt 0.11215833574533463 0.34391769766807556
vt 0.10483405739068985 0.34391769766807556
vt 0.097593136131763458 0.34391769766807556
vt 0.090352214872837067 0.34391769766807556
vt 0.083111286163330078 0.34391769766807556
vt 0.11960269510746002 0.35140365362167358
vt 0.11215833574533463 0.35140365362167358
vt 0.10483405739068985 0.35140365362167358
vt 0.097593136131763458 0.35140365362167358
vt 0.090352214872837067 0.35140365362167358
vt 0.083111286163330078 0.35140365362167358
vt 0.075870364904403687 0.35140365362167358
vt 0.11960269510746002 0.35881957411766052
vt 0.11215833574533463 0.35881957411766052
vt 0.10483405739068985 0.35881957411766052
vt 0.097593136131763458 0.35881957411766052
vt 0.090352214872837067 0.35881957411766052
vt 0.083111286163330078 0.35881957411766052
vt 0.075870364904403687 0.35881957411766052
vt 0.11960269510746002 0.36622419953346252
vt 0.11215833574533463 0.36622419953346252
vt 0.10483405739068985 0.36622419953346252
vt 0.097593136131763458 0.36622419953346252
vt 0.090352214872837067 0.36622419953346252
vt 0.083111286163330078 0.36622419953346252
vt 0.075870364904403687 0.36622419953346252
vt 0.12729442119598389 0.37362879514694214
vt 0.068629443645477295 0.37362879514694214
vt 0.068780176341533661 0.36887544393539429
vt 0.069247819483280182 0.36404138803482056
vt 0.070044606924057007 0.35922345519065857
vt 0.07116737961769104 0.35451135039329529
vt 0.072598479688167572 0.34998026490211487
vt 0.07430817186832428 0.34567874670028687
vt 0.07625848799943924 0.34163269400596619
vt 0.078406937420368195 0.33784762024879456
vt 0.080709591507911682 0.33431214094161987
vt 0.083123624324798584 0.33101388812065125
vt 0.085608601570129395 0.32792264223098755
vt 0.088127844035625458 0.32501822710037231
vt 0.090648762881755829 0.3222736120223999
vt 0.093143202364444733 0.31966829299926758
vt 0.095587410032749176 0.31718102097511292
vt 0.097961932420730591 0.31479495763778687
vt 0.10033645480871201 0.31718102097511292
vt 0.10278066247701645 0.31966829299926758
vt 0.10527510195970535 0.3222736120223999
vt 0.10779601335525513 0.32501822710037231
vt 0.11031526327133179 0.32792264223098755
vt 0.1128002405166626 0.33101388812065125
vt 0.1152142733335495 0.33431214094161987
vt 0.11751692742109299 0.33784762024879456
vt 0.11966537684202194 0.34163269400596619
vt 0.1216156929731369 0.34567874670028687
vt 0.12332537770271301 0.34998026490211487
vt 0.12475648522377014 0.35451135039329529
vt 0.12587925791740417 0.35922345519065857
vt 0.1266760379076004 0.36404138803482056
vt 0.12714369595050812 0.36887544393539429
vt 0.12196124345064163 0.37362879514694214
vt 0.11662805825471878 0.37362879514694214
vt 0.11129488050937653 0.37362879514694214
vt 0.10596170276403427 0.37362879514694214
vt 0.10062851756811142 0.37362879514694214
vt 0.095295339822769165 0.37362879514694214
vt 0.08996216207742691 0.37362879514694214
vt 0.084628976881504059 0.37362879514694214
vt 0.079295799136161804 0.37362879514694214
vt 0.07396262139081955 0.37362879514694214
vt 0.05866498127579689 0.31420662999153137
vt 0 0.31420662999153137
vt 0.050973251461982727 0.32169258594512939
vt 0.04352889209985733 0.32169258594512939
vt 0.036204621195793152 0.32169258594512939
vt 0.028963696211576462 0.32169258594512939
vt 0.021722771227359772 0.32169258594512939
vt 0.014481846243143082 0.32169258594512939
vt 0.0072409249842166901 0.32169258594512939
vt 0.050973251461982727 0.32910847663879395
vt 0.04352889209985733 0.32910847663879395
vt 0.036204621195793152 0.32910847663879395
vt 0.028963696211576462 0.32910847663879395
vt 0.021722771227359772 0.32910847663879395
vt 0.014481846243143082 0.32910847663879395
vt 0.0072409249842166901 0.32910847663879395
vt 0.050973251461982727 0.33651310205459595
vt 0.04352889209985733 0.33651310205459595
vt 0.036204621195793152 0.33651310205459595
vt 0.028963696211576462 0.33651310205459595
vt 0.021722771227359772 0.33651310205459595
vt 0.014481846243143082 0.33651310205459595
vt 0.0072409249842166901 0.33651310205459595
vt 0.050973251461982727 0.34391769766807556
vt 0.04352889209985733 0.34391769766807556
vt 0.036204621195793152 0.34391769766807556
vt 0.028963696211576462 0.34391769766807556
vt 0.021722771227359772 0.34391769766807556
vt 0.014481846243143082 0.34391769766807556
vt 0.04352889209985733 0.35140365362167358
vt 0.036204621195793152 0.35140365362167358
vt 0.028963696211576462 0.35140365362167358
vt 0.021722771227359772 0.35140365362167358
vt 0.014481846243143082 0.35140365362167358
vt 0.036204621195793152 0.35881957411766052
vt 0.028963696211576462 0.35881957411766052
vt 0.021722771227359772 0.35881957411766052
vt 0.058514248579740524 0.31895998120307922
vt 0.058046605437994003 0.32379403710365295
vt 0.057249817997217178 0.32861194014549255
vt 0.056127045303583145 0.33332407474517822
vt 0.054695937782526016 0.33785516023635864
vt 0.052986253052949905 0.34215667843818665
vt 0.051035933196544647 0.34620273113250732
vt 0.048887483775615692 0.34998780488967896
vt 0.046584833413362503 0.35352328419685364
vt 0.044170796871185303 0.35682150721549988
vt 0.041685823351144791 0.35991278290748596
vt 0.03916657343506813 0.3628171980381012
vt 0.036645662039518356 0.36556181311607361
vt 0.034151226282119751 0.36816713213920593
vt 0.031707014888525009 0.37065437436103821
vt 0.029332490637898445 0.37304046750068665
vt 0.02695796824991703 0.37065437436103821
vt 0.024513756856322289 0.36816713213920593
vt 0.022019319236278534 0.36556181311607361
vt 0.019498405978083611 0.3628171980381012
vt 0.0169791579246521 0.35991278290748596
vt 0.014494182541966438 0.35682150721549988
vt 0.012080147862434387 0.35352328419685364
vt 0.0097774975001811981 0.34998780488967896
vt 0.0076290485449135303 0.34620273113250732
vt 0.0056787300854921341 0.34215667843818665
vt 0.0039690402336418629 0.33785516023635864
vt 0.0025379366707056761 0.33332407474517822
vt 0.0014151621144264936 0.32861194014549255
vt 0.00061837834073230624 0.32379403710365295
vt 0.00015073247777763754 0.31895998120307922
vt 0.0033603513147681952 0.31420662999153137
vt 0.0068338979035615921 0.31420662999153137
vt 0.010410715825855732 0.31420662999153137
vt 0.014078396372497082 0.31420662999153137
vt 0.017822157591581345 0.31420662999153137
vt 0.021625082939863205 0.31420662999153137
vt 0.025468502193689346 0.31420662999153137
vt 0.029332490637898445 0.31420662999153137
vt 0.033196479082107544 0.31420662999153137
vt 0.037039894610643387 0.31420662999153137
vt 0.040842819958925247 0.31420662999153137
vt 0.044586583971977234 0.31420662999153137
vt 0.048254266381263733 0.31420662999153137
vt 0.051831081509590149 0.31420662999153137
vt 0.055304627865552902 0.31420662999153137
vt 0 0.11732996255159378
vt 0 0.17599494755268097
vt 0.007485952228307724 0.12502169609069824
vt 0.007485952228307724 0.13246604800224304
vt 0.007485952228307724 0.13979032635688782
vt 0.007485952228307724 0.14703124761581421
vt 0.007485952228307724 0.1542721688747406
vt 0.007485952228307724 0.16151309013366699
vt 0.007485952228307724 0.16875401139259338
vt 0.014901856891810894 0.12502169609069824
vt 0.014901856891810894 0.13246604800224304
vt 0.014901856891810894 0.13979032635688782
vt 0.014901856891810894 0.14703124761581421
vt 0.014901856891810894 0.1542721688747406
vt 0.014901856891810894 0.16151309013366699
vt 0.014901856891810894 0.16875401139259338
vt 0.022306475788354874 0.12502169609069824
vt 0.022306475788354874 0.13246604800224304
vt 0.022306475788354874 0.13979032635688782
vt 0.022306475788354874 0.14703124761581421
vt 0.022306475788354874 0.1542721688747406
vt 0.022306475788354874 0.16151309013366699
vt 0.022306475788354874 0.16875401139259338
vt 0.029711091890931129 0.12502169609069824
vt 0.029711091890931129 0.13246604800224304
vt 0.029711091890931129 0.13979032635688782
vt 0.029711091890931129 0.14703124761581421
vt 0.029711091890931129 0.1542721688747406
vt 0.029711091890931129 0.16151309013366699
vt 0.037197042256593704 0.13246604800224304
vt 0.037197042256593704 0.13979032635688782
vt 0.037197042256593704 0.14703124761581421
vt 0.037197042256593704 0.1542721688747406
vt 0.037197042256593704 0.16151309013366699
vt 0.044612951576709747 0.13979032635688782
vt 0.044612951576709747 0.14703124761581421
vt 0.044612951576709747 0.1542721688747406
vt 0.0047533744946122169 0.11748069524765015
vt 0.009587414562702179 0.11794833838939667
vt 0.014405335299670696 0.11874512583017349
vt 0.019117455929517746 0.11986789852380753
vt 0.02364853210747242 0.12129899859428406
vt 0.02795005589723587 0.12300869077444077
vt 0.031996104866266251 0.12495900690555573
vt 0.03578118234872818 0.12710745632648468
vt 0.039316669106483459 0.12941010296344757
vt 0.042614899575710297 0.13182415068149567
vt 0.045706149190664291 0.13430911302566528
vt 0.048610582947731018 0.13682836294174194
vt 0.05135519802570343 0.13934928178787231
vt 0.053960513323545456 0.14184372127056122
vt 0.056447770446538925 0.14428792893886566
vt 0.05883384495973587 0.14666245877742767
vt 0.056447770446538925 0.14903697371482849
vt 0.053960513323545456 0.15148118138313293
vt 0.05135519802570343 0.15397562086582184
vt 0.048610582947731018 0.15649653971195221
vt 0.045706149190664291 0.15901578962802887
vt 0.042614899575710297 0.16150075197219849
vt 0.039316669106483459 0.16391479969024658
vt 0.03578118234872818 0.16621744632720947
vt 0.031996104866266251 0.16836589574813843
vt 0.02795005589723587 0.17031620442867279
vt 0.02364853210747242 0.1720259040594101
vt 0.019117455929517746 0.17345701158046722
vt 0.014405335299670696 0.17457978427410126
vt 0.009587414562702179 0.17537656426429749
vt 0.0047533744946122169 0.17584420740604401
vt 0 0.17066176235675812
vt 0 0.16532857716083527
vt 0 0.15999540686607361
vt 0 0.15466222167015076
vt 0 0.14932903647422791
vt 0 0.14399586617946625
vt 0 0.1386626809835434
vt 0 0.13332949578762054
vt 0 0.12799632549285889
vt 0 0.12266314029693604
vt 0.014901397749781609 0.48898765444755554
vt 0.014901397749781609 0.49639227986335754
vt 0.014901397749781609 0.50387823581695557
vt 0.022305788472294807 0.48158302903175354
vt 0.022305788472294807 0.48898765444755554
vt 0.022305788472294807 0.49639227986335754
vt 0.022305788472294807 0.50387823581695557
vt 0.022305788472294807 0.51129412651062012
vt 0.029710175469517708 0.48158302903175354
vt 0.029710175469517708 0.48898765444755554
vt 0.029710175469517708 0.49639227986335754
vt 0.029710175469517708 0.50387823581695557
vt 0.029710175469517708 0.51129412651062012
vt 0.037195894867181778 0.47416713833808899
vt 0.037195894867181778 0.48158302903175354
vt 0.037195894867181778 0.48898765444755554
vt 0.037195894867181778 0.49639227986335754
vt 0.037195894867181778 0.50387823581695557
vt 0.037195894867181778 0.51129412651062012
vt 0.037195894867181778 0.51869875192642212
vt 0.044611576944589615 0.47416713833808899
vt 0.044611576944589615 0.48158302903175354
vt 0.044611576944589615 0.48898765444755554
vt 0.044611576944589615 0.49639227986335754
vt 0.044611576944589615 0.50387823581695557
vt 0.044611576944589615 0.51129412651062012
vt 0.044611576944589615 0.51869875192642212
vt 0.052015963941812515 0.47416713833808899
vt 0.052015963941812515 0.48158302903175354
vt 0.052015963941812515 0.48898765444755554
vt 0.052015963941812515 0.49639227986335754
vt 0.052015963941812515 0.50387823581695557
vt 0.052015963941812515 0.51129412651062012
vt 0.052015963941812515 0.51869875192642212
vt 0.059420350939035416 0.46668118238449097
vt 0.059420350939035416 0.52551501989364624
vt 0.054667122662067413 0.52536386251449585
vt 0.049833230674266815 0.52489489316940308
vt 0.045015458017587662 0.52409577369689941
vt 0.040303483605384827 0.52296978235244751
vt 0.035772547125816345 0.52153456211090088
vt 0.031471159309148788 0.51981997489929199
vt 0.027425233274698257 0.51786404848098755
vt 0.02364027127623558 0.51570940017700195
vt 0.020104892551898956 0.51340013742446899
vt 0.016806764528155327 0.51097911596298218
vt 0.013715611770749092 0.50848698616027832
vt 0.010811268351972103 0.50596052408218384
vt 0.0080667370930314064 0.50343233346939087
vt 0.005461500957608223 0.50093072652816772
vt 0.0029743225313723087 0.4984794557094574
vt 0.00058832031209021807 0.4960981011390686
vt 0.0029743225313723087 0.49371674656867981
vt 0.005461500957608223 0.49126550555229187
vt 0.0080667370930314064 0.48876389861106873
vt 0.010811268351972103 0.48623570799827576
vt 0.013715611770749092 0.48370921611785889
vt 0.016806764528155327 0.48121708631515503
vt 0.020104892551898956 0.4787960946559906
vt 0.02364027127623558 0.47648683190345764
vt 0.027425233274698257 0.47433218359947205
vt 0.031471159309148788 0.4723762571811676
vt 0.035772547125816345 0.47066164016723633
vt 0.040303483605384827 0.4692264199256897
vt 0.045015458017587662 0.46810042858123779
vt 0.049833230674266815 0.46730133891105652
vt 0.054667122662067413 0.46683233976364136
vt 0.059420350939035416 0.47202971577644348
vt 0.059420350939035416 0.477378249168396
vt 0.059420350939035416 0.48272678256034851
vt 0.059420350939035416 0.48807531595230103
vt 0.059420350939035416 0.49342384934425354
vt 0.059420350939035416 0.49877238273620605
vt 0.059420350939035416 0.50412088632583618
vt 0.059420350939035416 0.50946944952011108
vt 0.059420350939035416 0.51481795310974121
vt 0.059420350939035416 0.52016651630401611
vt 0.20217527449131012 0.48898765444755554
vt 0.20217527449131012 0.49639227986335754
vt 0.20217527449131012 0.50387823581695557
vt 0.20957966148853302 0.48158302903175354
vt 0.20957966148853302 0.48898765444755554
vt 0.20957966148853302 0.49639227986335754
vt 0.20957966148853302 0.50387823581695557
vt 0.20957966148853302 0.51129412651062012
vt 0.21698404848575592 0.48158302903175354
vt 0.21698404848575592 0.48898765444755554
vt 0.21698404848575592 0.49639227986335754
vt 0.21698404848575592 0.50387823581695557
vt 0.21698404848575592 0.51129412651062012
vt 0.22446976602077484 0.47416713833808899
vt 0.22446976602077484 0.48158302903175354
vt 0.22446976602077484 0.48898765444755554
vt 0.22446976602077484 0.49639227986335754
vt 0.22446976602077484 0.50387823581695557
vt 0.22446976602077484 0.51129412651062012
vt 0.22446976602077484 0.51869875192642212
vt 0.23188544809818268 0.47416713833808899
vt 0.23188544809818268 0.48158302903175354
vt 0.23188544809818268 0.48898765444755554
vt 0.23188544809818268 0.49639227986335754
vt 0.23188544809818268 0.50387823581695557
vt 0.23188544809818268 0.51129412651062012
vt 0.23188544809818268 0.51869875192642212
vt 0.23928983509540558 0.47416713833808899
vt 0.23928983509540558 0.48158302903175354
vt 0.23928983509540558 0.48898765444755554
vt 0.23928983509540558 0.49639227986335754
vt 0.23928983509540558 0.50387823581695557
vt 0.23928983509540558 0.51129412651062012
vt 0.23928983509540558 0.51869875192642212
vt 0.24669422209262848 0.46668118238449097
vt 0.18786220252513885 0.4960981011390686
vt 0.19024820625782013 0.49371674656867981
vt 0.19273537397384644 0.49126550555229187
vt 0.19534061849117279 0.48876389861106873
vt 0.19808514416217804 0.48623570799827576
vt 0.2009894847869873 0.48370921611785889
vt 0.20408064126968384 0.48121708631515503
vt 0.20737877488136292 0.4787960946559906
vt 0.21091414988040924 0.47648683190345764
vt 0.21469910442829132 0.47433218359947205
vt 0.21874503791332245 0.4723762571811676
vt 0.22304642200469971 0.47066164016723633
vt 0.22757735848426819 0.4692264199256897
vt 0.23228934407234192 0.46810042858123779
vt 0.23710711300373077 0.46730133891105652
vt 0.24194100499153137 0.46683233976364136
vt 0.24669422209262848 0.52551501989364624
vt 0.24194100499153137 0.52536386251449585
vt 0.23710711300373077 0.52489489316940308
vt 0.23228934407234192 0.52409577369689941
vt 0.22757735848426819 0.52296978235244751
vt 0.22304642200469971 0.52153456211090088
vt 0.21874503791332245 0.51981997489929199
vt 0.21469910442829132 0.51786404848098755
vt 0.21091414988040924 0.51570940017700195
vt 0.20737877488136292 0.51340013742446899
vt 0.20408064126968384 0.51097911596298218
vt 0.2009894847869873 0.50848698616027832
vt 0.19808514416217804 0.50596052408218384
vt 0.19534061849117279 0.50343233346939087
vt 0.19273537397384644 0.50093072652816772
vt 0.19024820625782013 0.4984794557094574
vt 0.24669422209262848 0.47202971577644348
vt 0.24669422209262848 0.477378249168396
vt 0.24669422209262848 0.48272678256034851
vt 0.24669422209262848 0.48807531595230103
vt 0.24669422209262848 0.49342384934425354
vt 0.24669422209262848 0.49877238273620605
vt 0.24669422209262848 0.50412088632583618
vt 0.24669422209262848 0.50946944952011108
vt 0.24669422209262848 0.51481795310974121
vt 0.24669422209262848 0.52016651630401611
vt 0.33443361520767212 0.11732996255159378
vt 0.33443361520767212 0.17470176517963409
vt 0.34914231300354004 0.12485229223966599
vt 0.34914231300354004 0.13213269412517548
vt 0.34914231300354004 0.13929553329944611
vt 0.34914231300354004 0.14637677371501923
vt 0.34914231300354004 0.15345802903175354
vt 0.34914231300354004 0.16053926944732666
vt 0.34914231300354004 0.16762050986289978
vt 0.34914231300354004 0.17470176517963409
vt 0.36385074257850647 0.12485229223966599
vt 0.36385074257850647 0.13213269412517548
vt 0.36385074257850647 0.13929553329944611
vt 0.36385074257850647 0.14637677371501923
vt 0.36385074257850647 0.15345802903175354
vt 0.36385074257850647 0.16053926944732666
vt 0.36385074257850647 0.16762050986289978
vt 0.36385074257850647 0.17470176517963409
vt 0.37855914235115051 0.12485229223966599
vt 0.37855914235115051 0.13213269412517548
vt 0.37855914235115051 0.13929553329944611
vt 0.37855914235115051 0.14637677371501923
vt 0.37855914235115051 0.15345802903175354
vt 0.37855914235115051 0.16053926944732666
vt 0.37855914235115051 0.16762050986289978
vt 0.37855914235115051 0.17470176517963409
vt 0.393267422914505 0.11732996255159378
vt 0.393267422914505 0.12485229223966599
vt 0.393267422914505 0.13213269412517548
vt 0.393267422914505 0.13929553329944611
vt 0.393267422914505 0.14637677371501923
vt 0.393267422914505 0.15345802903175354
vt 0.393267422914505 0.16053926944732666
vt 0.393267422914505 0.16762050986289978
vt 0.393267422914505 0.17470176517963409
vt 0.4079764187335968 0.12485229223966599
vt 0.4079764187335968 0.13213269412517548
vt 0.4079764187335968 0.13929553329944611
vt 0.4079764187335968 0.14637677371501923
vt 0.4079764187335968 0.15345802903175354
vt 0.4079764187335968 0.16053926944732666
vt 0.4079764187335968 0.16762050986289978
vt 0.4079764187335968 0.17470176517963409
vt 0.42268425226211548 0.12485229223966599
vt 0.42268425226211548 0.13213269412517548
vt 0.42268425226211548 0.13929553329944611
vt 0.42268425226211548 0.14637677371501923
vt 0.42268425226211548 0.15345802903175354
vt 0.42268425226211548 0.16053926944732666
vt 0.42268425226211548 0.16762050986289978
vt 0.42268425226211548 0.17470176517963409
vt 0.4373929500579834 0.12485229223966599
vt 0.4373929500579834 0.13213269412517548
vt 0.4373929500579834 0.13929553329944611
vt 0.4373929500579834 0.14637677371501923
vt 0.4373929500579834 0.15345802903175354
vt 0.4373929500579834 0.16053926944732666
vt 0.4373929500579834 0.16762050986289978
vt 0.4373929500579834 0.17470176517963409
vt 0.45210126042366028 0.11732996255159378
vt 0.45210126042366028 0.17470176517963409
vt 0.33443361520767212 0.16753028333187103
vt 0.33443361520767212 0.16035881638526917
vt 0.33443361520767212 0.1531873345375061
vt 0.33443361520767212 0.14601585268974304
vt 0.33443361520767212 0.13884438574314117
vt 0.33443361520767212 0.13167290389537811
vt 0.33443361520767212 0.12450143694877625
vt 0.34855252504348755 0.11732996255159378
vt 0.36267146468162537 0.11732996255159378
vt 0.37796944379806519 0.11732996255159378
vt 0.40856540203094482 0.11732996255159378
vt 0.42386341094970703 0.11732996255159378
vt 0.43798232078552246 0.11732996255159378
vt 0.45210126042366028 0.12450143694877625
vt 0.45210126042366028 0.13167290389537811
vt 0.45210126042366028 0.13884438574314117
vt 0.45210126042366028 0.14601585268974304
vt 0.45210126042366028 0.1531873345375061
vt 0.45210126042366028 0.16035881638526917
vt 0.45210126042366028 0.16753028333187103
vt 0.18107548356056213 0.17616660892963409
vt 0.18107548356056213 0.23353840410709381
vt 0.19578419625759125 0.1836889386177063
vt 0.19578419625759125 0.19096933305263519
vt 0.19578419625759125 0.19813217222690582
vt 0.19578419625759125 0.20521341264247894
vt 0.19578419625759125 0.21229466795921326
vt 0.19578419625759125 0.21937590837478638
vt 0.19578419625759125 0.2264571487903595
vt 0.19578419625759125 0.23353840410709381
vt 0.21049261093139648 0.1836889386177063
vt 0.21049261093139648 0.19096933305263519
vt 0.21049261093139648 0.19813217222690582
vt 0.21049261093139648 0.20521341264247894
vt 0.21049261093139648 0.21229466795921326
vt 0.21049261093139648 0.21937590837478638
vt 0.21049261093139648 0.2264571487903595
vt 0.21049261093139648 0.23353840410709381
vt 0.22520104050636292 0.1836889386177063
vt 0.22520104050636292 0.19096933305263519
vt 0.22520104050636292 0.19813217222690582
vt 0.22520104050636292 0.20521341264247894
vt 0.22520104050636292 0.21229466795921326
vt 0.22520104050636292 0.21937590837478638
vt 0.22520104050636292 0.2264571487903595
vt 0.22520104050636292 0.23353840410709381
vt 0.23990930616855621 0.17616660892963409
vt 0.23990930616855621 0.1836889386177063
vt 0.23990930616855621 0.19096933305263519
vt 0.23990930616855621 0.19813217222690582
vt 0.23990930616855621 0.20521341264247894
vt 0.23990930616855621 0.21229466795921326
vt 0.23990930616855621 0.21937590837478638
vt 0.23990930616855621 0.2264571487903595
vt 0.23990930616855621 0.23353840410709381
vt 0.2546183168888092 0.1836889386177063
vt 0.2546183168888092 0.19096933305263519
vt 0.2546183168888092 0.19813217222690582
vt 0.2546183168888092 0.20521341264247894
vt 0.2546183168888092 0.21229466795921326
vt 0.2546183168888092 0.21937590837478638
vt 0.2546183168888092 0.2264571487903595
vt 0.2546183168888092 0.23353840410709381
vt 0.26932615041732788 0.1836889386177063
vt 0.26932615041732788 0.19096933305263519
vt 0.26932615041732788 0.19813217222690582
vt 0.26932615041732788 0.20521341264247894
vt 0.26932615041732788 0.21229466795921326
vt 0.26932615041732788 0.21937590837478638
vt 0.26932615041732788 0.2264571487903595
vt 0.26932615041732788 0.23353840410709381
vt 0.28403481841087341 0.1836889386177063
vt 0.28403481841087341 0.19096933305263519
vt 0.28403481841087341 0.19813217222690582
vt 0.28403481841087341 0.20521341264247894
vt 0.28403481841087341 0.21229466795921326
vt 0.28403481841087341 0.21937590837478638
vt 0.28403481841087341 0.2264571487903595
vt 0.28403481841087341 0.23353840410709381
vt 0.29874312877655029 0.17616660892963409
vt 0.29874312877655029 0.23353840410709381
vt 0.18107548356056213 0.22636692225933075
vt 0.18107548356056213 0.21919545531272888
vt 0.18107548356056213 0.21202397346496582
vt 0.18107548356056213 0.20485250651836395
vt 0.18107548356056213 0.19768102467060089
vt 0.18107548356056213 0.19050955772399902
vt 0.18107548356056213 0.18333807587623596
vt 0.29874312877655029 0.18333807587623596
vt 0.29874312877655029 0.19050955772399902
vt 0.29874312877655029 0.19768102467060089
vt 0.29874312877655029 0.20485250651836395
vt 0.29874312877655029 0.21202397346496582
vt 0.29874312877655029 0.21919545531272888
vt 0.29874312877655029 0.22636692225933075
vt 0.19519440829753876 0.17616660892963409
vt 0.20931333303451538 0.17616660892963409
vt 0.22461132705211639 0.17616660892963409
vt 0.25520730018615723 0.17616660892963409
vt 0.27050527930259705 0.17616660892963409
vt 0.28462421894073486 0.17616660892963409
vt 0.54662835597991943 0.24613542854785919
vt 0.48779171705245972 0.24613542854785919
vt 0.53891396522521973 0.26084414124488831
vt 0.53144770860671997 0.26084414124488831
vt 0.52410197257995605 0.26084414124488831
vt 0.51683992147445679 0.26084414124488831
vt 0.50957787036895752 0.26084414124488831
vt 0.50231581926345825 0.26084414124488831
vt 0.49505376815795898 0.26084414124488831
vt 0.48779171705245972 0.26084414124488831
vt 0.53891396522521973 0.27555257081985474
vt 0.53144770860671997 0.27555257081985474
vt 0.52410197257995605 0.27555257081985474
vt 0.51683992147445679 0.27555257081985474
vt 0.50957787036895752 0.27555257081985474
vt 0.50231581926345825 0.27555257081985474
vt 0.49505376815795898 0.27555257081985474
vt 0.48779171705245972 0.27555257081985474
vt 0.53891396522521973 0.29026097059249878
vt 0.53144770860671997 0.29026097059249878
vt 0.52410197257995605 0.29026097059249878
vt 0.51683992147445679 0.29026097059249878
vt 0.50957787036895752 0.29026097059249878
vt 0.50231581926345825 0.29026097059249878
vt 0.49505376815795898 0.29026097059249878
vt 0.48779171705245972 0.29026097059249878
vt 0.54662835597991943 0.30496925115585327
vt 0.53891396522521973 0.30496925115585327
vt 0.53144770860671997 0.30496925115585327
vt 0.52410197257995605 0.30496925115585327
vt 0.51683992147445679 0.30496925115585327
vt 0.50957787036895752 0.30496925115585327
vt 0.50231581926345825 0.30496925115585327
vt 0.49505376815795898 0.30496925115585327
vt 0.48779171705245972 0.30496925115585327
vt 0.53891396522521973 0.31967824697494507
vt 0.53144770860671997 0.31967824697494507
vt 0.52410197257995605 0.31967824697494507
vt 0.51683992147445679 0.31967824697494507
vt 0.50957787036895752 0.31967824697494507
vt 0.50231581926345825 0.31967824697494507
vt 0.49505376815795898 0.31967824697494507
vt 0.48779171705245972 0.31967824697494507
vt 0.53891396522521973 0.33438608050346375
vt 0.53144770860671997 0.33438608050346375
vt 0.52410197257995605 0.33438608050346375
vt 0.51683992147445679 0.33438608050346375
vt 0.50957787036895752 0.33438608050346375
vt 0.50231581926345825 0.33438608050346375
vt 0.49505376815795898 0.33438608050346375
vt 0.48779171705245972 0.33438608050346375
vt 0.53891396522521973 0.34909477829933167
vt 0.53144770860671997 0.34909477829933167
vt 0.52410197257995605 0.34909477829933167
vt 0.51683992147445679 0.34909477829933167
vt 0.50957787036895752 0.34909477829933167
vt 0.50231581926345825 0.34909477829933167
vt 0.49505376815795898 0.34909477829933167
vt 0.48779171705245972 0.34909477829933167
vt 0.54662835597991943 0.36380308866500854
vt 0.48779171705245972 0.36380308866500854
vt 0.49514630436897278 0.24613542854785919
vt 0.50250089168548584 0.24613542854785919
vt 0.50985544919967651 0.24613542854785919
vt 0.51721006631851196 0.24613542854785919
vt 0.52456462383270264 0.24613542854785919
vt 0.53191918134689331 0.24613542854785919
vt 0.53927379846572876 0.24613542854785919
vt 0.54662835597991943 0.26025435328483582
vt 0.54662835597991943 0.27437326312065125
vt 0.54662835597991943 0.28967127203941345
vt 0.54662835597991943 0.32026723027229309
vt 0.54662835597991943 0.3355652391910553
vt 0.54662835597991943 0.34968414902687073
vt 0.53927379846572876 0.36380308866500854
vt 0.53191918134689331 0.36380308866500854
vt 0.52456462383270264 0.36380308866500854
vt 0.51721006631851196 0.36380308866500854
vt 0.50985544919967651 0.36380308866500854
vt 0.50250089168548584 0.36380308866500854
vt 0.49514630436897278 0.36380308866500854
vt 0.33443361520767212 0.17616660892963409
vt 0.33443361520767212 0.23353840410709381
vt 0.34914231300354004 0.1836889386177063
vt 0.34914231300354004 0.19096933305263519
vt 0.34914231300354004 0.19813217222690582
vt 0.34914231300354004 0.20521341264247894
vt 0.34914231300354004 0.21229466795921326
vt 0.34914231300354004 0.21937590837478638
vt 0.34914231300354004 0.2264571487903595
vt 0.34914231300354004 0.23353840410709381
vt 0.36385074257850647 0.1836889386177063
vt 0.36385074257850647 0.19096933305263519
vt 0.36385074257850647 0.19813217222690582
vt 0.36385074257850647 0.20521341264247894
vt 0.36385074257850647 0.21229466795921326
vt 0.36385074257850647 0.21937590837478638
vt 0.36385074257850647 0.2264571487903595
vt 0.36385074257850647 0.23353840410709381
vt 0.37855914235115051 0.1836889386177063
vt 0.37855914235115051 0.19096933305263519
vt 0.37855914235115051 0.19813217222690582
vt 0.37855914235115051 0.20521341264247894
vt 0.37855914235115051 0.21229466795921326
vt 0.37855914235115051 0.21937590837478638
vt 0.37855914235115051 0.2264571487903595
vt 0.37855914235115051 0.23353840410709381
vt 0.393267422914505 0.1836889386177063
vt 0.393267422914505 0.19096933305263519
vt 0.393267422914505 0.19813217222690582
vt 0.393267422914505 0.20521341264247894
vt 0.393267422914505 0.21229466795921326
vt 0.393267422914505 0.21937590837478638
vt 0.393267422914505 0.2264571487903595
vt 0.393267422914505 0.23353840410709381
vt 0.4079764187335968 0.1836889386177063
vt 0.4079764187335968 0.19096933305263519
vt 0.4079764187335968 0.19813217222690582
vt 0.4079764187335968 0.20521341264247894
vt 0.4079764187335968 0.21229466795921326
vt 0.4079764187335968 0.21937590837478638
vt 0.4079764187335968 0.2264571487903595
vt 0.4079764187335968 0.23353840410709381
vt 0.42268425226211548 0.1836889386177063
vt 0.42268425226211548 0.19096933305263519
vt 0.42268425226211548 0.19813217222690582
vt 0.42268425226211548 0.20521341264247894
vt 0.42268425226211548 0.21229466795921326
vt 0.42268425226211548 0.21937590837478638
vt 0.42268425226211548 0.2264571487903595
vt 0.42268425226211548 0.23353840410709381
vt 0.4373929500579834 0.1836889386177063
vt 0.4373929500579834 0.19096933305263519
vt 0.4373929500579834 0.19813217222690582
vt 0.4373929500579834 0.20521341264247894
vt 0.4373929500579834 0.21229466795921326
vt 0.4373929500579834 0.21937590837478638
vt 0.4373929500579834 0.2264571487903595
vt 0.4373929500579834 0.23353840410709381
vt 0.45210126042366028 0.17616660892963409
vt 0.45210126042366028 0.23353840410709381
vt 0.45210126042366028 0.18333807587623596
vt 0.45210126042366028 0.19050955772399902
vt 0.45210126042366028 0.19768102467060089
vt 0.45210126042366028 0.20485250651836395
vt 0.45210126042366028 0.21202397346496582
vt 0.45210126042366028 0.21919545531272888
vt 0.45210126042366028 0.22636692225933075
vt 0.34855252504348755 0.17616660892963409
vt 0.36267146468162537 0.17616660892963409
vt 0.37796944379806519 0.17616660892963409
vt 0.393267422914505 0.17616660892963409
vt 0.40856540203094482 0.17616660892963409
vt 0.42386341094970703 0.17616660892963409
vt 0.43798232078552246 0.17616660892963409
vt 0.33443361520767212 0.22636692225933075
vt 0.33443361520767212 0.21919545531272888
vt 0.33443361520767212 0.21202397346496582
vt 0.33443361520767212 0.20485250651836395
vt 0.33443361520767212 0.19768102467060089
vt 0.33443361520767212 0.19050955772399902
vt 0.33443361520767212 0.18333807587623596
vt 0.61545860767364502 0.10248288512229919
vt 0.5566219687461853 0.10248288512229919
vt 0.60774421691894531 0.11719159781932831
vt 0.60027796030044556 0.11719159781932831
vt 0.59293222427368164 0.11719159781932831
vt 0.58567017316818237 0.11719159781932831
vt 0.57840812206268311 0.11719159781932831
vt 0.57114607095718384 0.11719159781932831
vt 0.56388401985168457 0.11719159781932831
vt 0.5566219687461853 0.11719159781932831
vt 0.60774421691894531 0.13190001249313354
vt 0.60027796030044556 0.13190001249313354
vt 0.59293222427368164 0.13190001249313354
vt 0.58567017316818237 0.13190001249313354
vt 0.57840812206268311 0.13190001249313354
vt 0.57114607095718384 0.13190001249313354
vt 0.56388401985168457 0.13190001249313354
vt 0.5566219687461853 0.13190001249313354
vt 0.60774421691894531 0.14660844206809998
vt 0.60027796030044556 0.14660844206809998
vt 0.59293222427368164 0.14660844206809998
vt 0.58567017316818237 0.14660844206809998
vt 0.57840812206268311 0.14660844206809998
vt 0.57114607095718384 0.14660844206809998
vt 0.56388401985168457 0.14660844206809998
vt 0.5566219687461853 0.14660844206809998
vt 0.60774421691894531 0.16131670773029327
vt 0.60027796030044556 0.16131670773029327
vt 0.59293222427368164 0.16131670773029327
vt 0.58567017316818237 0.16131670773029327
vt 0.57840812206268311 0.16131670773029327
vt 0.57114607095718384 0.16131670773029327
vt 0.56388401985168457 0.16131670773029327
vt 0.5566219687461853 0.16131670773029327
vt 0.60774421691894531 0.17602571845054626
vt 0.60027796030044556 0.17602571845054626
vt 0.59293222427368164 0.17602571845054626
vt 0.58567017316818237 0.17602571845054626
vt 0.57840812206268311 0.17602571845054626
vt 0.57114607095718384 0.17602571845054626
vt 0.56388401985168457 0.17602571845054626
vt 0.5566219687461853 0.17602571845054626
vt 0.60774421691894531 0.19073353707790375
vt 0.60027796030044556 0.19073353707790375
vt 0.59293222427368164 0.19073353707790375
vt 0.58567017316818237 0.19073353707790375
vt 0.57840812206268311 0.19073353707790375
vt 0.57114607095718384 0.19073353707790375
vt 0.56388401985168457 0.19073353707790375
vt 0.5566219687461853 0.19073353707790375
vt 0.60774421691894531 0.20544223487377167
vt 0.60027796030044556 0.20544223487377167
vt 0.59293222427368164 0.20544223487377167
vt 0.58567017316818237 0.20544223487377167
vt 0.57840812206268311 0.20544223487377167
vt 0.57114607095718384 0.20544223487377167
vt 0.56388401985168457 0.20544223487377167
vt 0.5566219687461853 0.20544223487377167
vt 0.61545860767364502 0.22015053033828735
vt 0.5566219687461853 0.22015053033828735
vt 0.56397658586502075 0.10248288512229919
vt 0.57133114337921143 0.10248288512229919
vt 0.5786857008934021 0.10248288512229919
vt 0.58604031801223755 0.10248288512229919
vt 0.59339487552642822 0.10248288512229919
vt 0.60074949264526367 0.10248288512229919
vt 0.60810405015945435 0.10248288512229919
vt 0.60810405015945435 0.22015053033828735
vt 0.60074949264526367 0.22015053033828735
vt 0.59339487552642822 0.22015053033828735
vt 0.58604031801223755 0.22015053033828735
vt 0.5786857008934021 0.22015053033828735
vt 0.57133114337921143 0.22015053033828735
vt 0.56397658586502075 0.22015053033828735
vt 0.61545860767364502 0.11660180985927582
vt 0.61545860767364502 0.13072073459625244
vt 0.61545860767364502 0.14601871371269226
vt 0.61545860767364502 0.16131670773029327
vt 0.61545860767364502 0.17661470174789429
vt 0.61545860767364502 0.19191268086433411
vt 0.61545860767364502 0.20603160560131073
vt 0.18107548356056213 0.11732996255159378
vt 0.18107548356056213 0.17470176517963409
vt 0.19578419625759125 0.12485229223966599
vt 0.19578419625759125 0.13213269412517548
vt 0.19578419625759125 0.13929553329944611
vt 0.19578419625759125 0.14637677371501923
vt 0.19578419625759125 0.15345802903175354
vt 0.19578419625759125 0.16053926944732666
vt 0.19578419625759125 0.16762050986289978
vt 0.19578419625759125 0.17470176517963409
vt 0.21049261093139648 0.12485229223966599
vt 0.21049261093139648 0.13213269412517548
vt 0.21049261093139648 0.13929553329944611
vt 0.21049261093139648 0.14637677371501923
vt 0.21049261093139648 0.15345802903175354
vt 0.21049261093139648 0.16053926944732666
vt 0.21049261093139648 0.16762050986289978
vt 0.21049261093139648 0.17470176517963409
vt 0.22520104050636292 0.12485229223966599
vt 0.22520104050636292 0.13213269412517548
vt 0.22520104050636292 0.13929553329944611
vt 0.22520104050636292 0.14637677371501923
vt 0.22520104050636292 0.15345802903175354
vt 0.22520104050636292 0.16053926944732666
vt 0.22520104050636292 0.16762050986289978
vt 0.22520104050636292 0.17470176517963409
vt 0.23990930616855621 0.12485229223966599
vt 0.23990930616855621 0.13213269412517548
vt 0.23990930616855621 0.13929553329944611
vt 0.23990930616855621 0.14637677371501923
vt 0.23990930616855621 0.15345802903175354
vt 0.23990930616855621 0.16053926944732666
vt 0.23990930616855621 0.16762050986289978
vt 0.23990930616855621 0.17470176517963409
vt 0.2546183168888092 0.12485229223966599
vt 0.2546183168888092 0.13213269412517548
vt 0.2546183168888092 0.13929553329944611
vt 0.2546183168888092 0.14637677371501923
vt 0.2546183168888092 0.15345802903175354
vt 0.2546183168888092 0.16053926944732666
vt 0.2546183168888092 0.16762050986289978
vt 0.2546183168888092 0.17470176517963409
vt 0.26932615041732788 0.12485229223966599
vt 0.26932615041732788 0.13213269412517548
vt 0.26932615041732788 0.13929553329944611
vt 0.26932615041732788 0.14637677371501923
vt 0.26932615041732788 0.15345802903175354
vt 0.26932615041732788 0.16053926944732666
vt 0.26932615041732788 0.16762050986289978
vt 0.26932615041732788 0.17470176517963409
vt 0.28403481841087341 0.12485229223966599
vt 0.28403481841087341 0.13213269412517548
vt 0.28403481841087341 0.13929553329944611
vt 0.28403481841087341 0.14637677371501923
vt 0.28403481841087341 0.15345802903175354
vt 0.28403481841087341 0.16053926944732666
vt 0.28403481841087341 0.16762050986289978
vt 0.28403481841087341 0.17470176517963409
vt 0.29874312877655029 0.11732996255159378
vt 0.29874312877655029 0.17470176517963409
vt 0.18107548356056213 0.16753028333187103
vt 0.18107548356056213 0.16035881638526917
vt 0.18107548356056213 0.1531873345375061
vt 0.18107548356056213 0.14601585268974304
vt 0.18107548356056213 0.13884438574314117
vt 0.18107548356056213 0.13167290389537811
vt 0.18107548356056213 0.12450143694877625
vt 0.19519440829753876 0.11732996255159378
vt 0.20931333303451538 0.11732996255159378
vt 0.22461132705211639 0.11732996255159378
vt 0.23990930616855621 0.11732996255159378
vt 0.25520730018615723 0.11732996255159378
vt 0.27050527930259705 0.11732996255159378
vt 0.28462421894073486 0.11732996255159378
vt 0.29874312877655029 0.12450143694877625
vt 0.29874312877655029 0.13167290389537811
vt 0.29874312877655029 0.13884438574314117
vt 0.29874312877655029 0.14601585268974304
vt 0.29874312877655029 0.1531873345375061
vt 0.29874312877655029 0.16035881638526917
vt 0.29874312877655029 0.16753028333187103
vt 0.61545860767364502 0.24613542854785919
vt 0.5566219687461853 0.24613542854785919
vt 0.60774421691894531 0.26084414124488831
vt 0.60027796030044556 0.26084414124488831
vt 0.59293222427368164 0.26084414124488831
vt 0.58567017316818237 0.26084414124488831
vt 0.57840812206268311 0.26084414124488831
vt 0.57114607095718384 0.26084414124488831
vt 0.56388401985168457 0.26084414124488831
vt 0.5566219687461853 0.26084414124488831
vt 0.60774421691894531 0.27555257081985474
vt 0.60027796030044556 0.27555257081985474
vt 0.59293222427368164 0.27555257081985474
vt 0.58567017316818237 0.27555257081985474
vt 0.57840812206268311 0.27555257081985474
vt 0.57114607095718384 0.27555257081985474
vt 0.56388401985168457 0.27555257081985474
vt 0.5566219687461853 0.27555257081985474
vt 0.60774421691894531 0.29026097059249878
vt 0.60027796030044556 0.29026097059249878
vt 0.59293222427368164 0.29026097059249878
vt 0.58567017316818237 0.29026097059249878
vt 0.57840812206268311 0.29026097059249878
vt 0.57114607095718384 0.29026097059249878
vt 0.56388401985168457 0.29026097059249878
vt 0.5566219687461853 0.29026097059249878
vt 0.61545860767364502 0.30496925115585327
vt 0.60774421691894531 0.30496925115585327
vt 0.60027796030044556 0.30496925115585327
vt 0.59293222427368164 0.30496925115585327
vt 0.58567017316818237 0.30496925115585327
vt 0.57840812206268311 0.30496925115585327
vt 0.57114607095718384 0.30496925115585327
vt 0.56388401985168457 0.30496925115585327
vt 0.5566219687461853 0.30496925115585327
vt 0.60774421691894531 0.31967824697494507
vt 0.60027796030044556 0.31967824697494507
vt 0.59293222427368164 0.31967824697494507
vt 0.58567017316818237 0.31967824697494507
vt 0.57840812206268311 0.31967824697494507
vt 0.57114607095718384 0.31967824697494507
vt 0.56388401985168457 0.31967824697494507
vt 0.5566219687461853 0.31967824697494507
vt 0.60774421691894531 0.33438608050346375
vt 0.60027796030044556 0.33438608050346375
vt 0.59293222427368164 0.33438608050346375
vt 0.58567017316818237 0.33438608050346375
vt 0.57840812206268311 0.33438608050346375
vt 0.57114607095718384 0.33438608050346375
vt 0.56388401985168457 0.33438608050346375
vt 0.5566219687461853 0.33438608050346375
vt 0.60774421691894531 0.34909477829933167
vt 0.60027796030044556 0.34909477829933167
vt 0.59293222427368164 0.34909477829933167
vt 0.58567017316818237 0.34909477829933167
vt 0.57840812206268311 0.34909477829933167
vt 0.57114607095718384 0.34909477829933167
vt 0.56388401985168457 0.34909477829933167
vt 0.5566219687461853 0.34909477829933167
vt 0.61545860767364502 0.36380308866500854
vt 0.5566219687461853 0.36380308866500854
vt 0.56397658586502075 0.24613542854785919
vt 0.57133114337921143 0.24613542854785919
vt 0.5786857008934021 0.24613542854785919
vt 0.58604031801223755 0.24613542854785919
vt 0.59339487552642822 0.24613542854785919
vt 0.60074949264526367 0.24613542854785919
vt 0.60810405015945435 0.24613542854785919
vt 0.61545860767364502 0.26025435328483582
vt 0.61545860767364502 0.27437326312065125
vt 0.61545860767364502 0.28967127203941345
vt 0.61545860767364502 0.32026723027229309
vt 0.61545860767364502 0.3355652391910553
vt 0.61545860767364502 0.34968414902687073
vt 0.60810405015945435 0.36380308866500854
vt 0.60074949264526367 0.36380308866500854
vt 0.59339487552642822 0.36380308866500854
vt 0.58604031801223755 0.36380308866500854
vt 0.5786857008934021 0.36380308866500854
vt 0.57133114337921143 0.36380308866500854
vt 0.56397658586502075 0.36380308866500854
vt 0.54662835597991943 0.10248288512229919
vt 0.48779171705245972 0.10248288512229919
vt 0.53891396522521973 0.11719159781932831
vt 0.53144770860671997 0.11719159781932831
vt 0.52410197257995605 0.11719159781932831
vt 0.51683992147445679 0.11719159781932831
vt 0.50957787036895752 0.11719159781932831
vt 0.50231581926345825 0.11719159781932831
vt 0.49505376815795898 0.11719159781932831
vt 0.48779171705245972 0.11719159781932831
vt 0.53891396522521973 0.13190001249313354
vt 0.53144770860671997 0.13190001249313354
vt 0.52410197257995605 0.13190001249313354
vt 0.51683992147445679 0.13190001249313354
vt 0.50957787036895752 0.13190001249313354
vt 0.50231581926345825 0.13190001249313354
vt 0.49505376815795898 0.13190001249313354
vt 0.48779171705245972 0.13190001249313354
vt 0.53891396522521973 0.14660844206809998
vt 0.53144770860671997 0.14660844206809998
vt 0.52410197257995605 0.14660844206809998
vt 0.51683992147445679 0.14660844206809998
vt 0.50957787036895752 0.14660844206809998
vt 0.50231581926345825 0.14660844206809998
vt 0.49505376815795898 0.14660844206809998
vt 0.48779171705245972 0.14660844206809998
vt 0.54662835597991943 0.16131670773029327
vt 0.53891396522521973 0.16131670773029327
vt 0.53144770860671997 0.16131670773029327
vt 0.52410197257995605 0.16131670773029327
vt 0.51683992147445679 0.16131670773029327
vt 0.50957787036895752 0.16131670773029327
vt 0.50231581926345825 0.16131670773029327
vt 0.49505376815795898 0.16131670773029327
vt 0.48779171705245972 0.16131670773029327
vt 0.53891396522521973 0.17602571845054626
vt 0.53144770860671997 0.17602571845054626
vt 0.52410197257995605 0.17602571845054626
vt 0.51683992147445679 0.17602571845054626
vt 0.50957787036895752 0.17602571845054626
vt 0.50231581926345825 0.17602571845054626
vt 0.49505376815795898 0.17602571845054626
vt 0.48779171705245972 0.17602571845054626
vt 0.53891396522521973 0.19073353707790375
vt 0.53144770860671997 0.19073353707790375
vt 0.52410197257995605 0.19073353707790375
vt 0.51683992147445679 0.19073353707790375
vt 0.50957787036895752 0.19073353707790375
vt 0.50231581926345825 0.19073353707790375
vt 0.49505376815795898 0.19073353707790375
vt 0.48779171705245972 0.19073353707790375
vt 0.53891396522521973 0.20544223487377167
vt 0.53144770860671997 0.20544223487377167
vt 0.52410197257995605 0.20544223487377167
vt 0.51683992147445679 0.20544223487377167
vt 0.50957787036895752 0.20544223487377167
vt 0.50231581926345825 0.20544223487377167
vt 0.49505376815795898 0.20544223487377167
vt 0.48779171705245972 0.20544223487377167
vt 0.54662835597991943 0.22015053033828735
vt 0.48779171705245972 0.22015053033828735
vt 0.49514630436897278 0.10248288512229919
vt 0.50250089168548584 0.10248288512229919
vt 0.50985544919967651 0.10248288512229919
vt 0.51721006631851196 0.10248288512229919
vt 0.52456462383270264 0.10248288512229919
vt 0.53191918134689331 0.10248288512229919
vt 0.53927379846572876 0.10248288512229919
vt 0.53927379846572876 0.22015053033828735
vt 0.53191918134689331 0.22015053033828735
vt 0.52456462383270264 0.22015053033828735
vt 0.51721006631851196 0.22015053033828735
vt 0.50985544919967651 0.22015053033828735
vt 0.50250089168548584 0.22015053033828735
vt 0.49514630436897278 0.22015053033828735
vt 0.54662835597991943 0.11660180985927582
vt 0.54662835597991943 0.13072073459625244
vt 0.54662835597991943 0.14601871371269226
vt 0.54662835597991943 0.17661470174789429
vt 0.54662835597991943 0.19191268086433411
vt 0.54662835597991943 0.20603160560131073
vn 0 0 -1
vn 0 0 -1
vn 0 0 -1
vn 0 0 -1
vn 0 0 -1
vn 0 0 -1
vn 0 0 -1
vn 0 0 -1
vn 0 0 -1
vn 0 0 -1
vn 0 0 -1
vn 0 0 -1
vn 0 0 -1
vn 0 0 -1
vn 0 0 -1
vn 0 0 -1
vn 0 0 -1
vn 0 0 -1
vn 0 0 -1
vn 0 0 -1
vn 0 0 -1
vn 0 0 -1
vn 0.79076546430587769 0.61211925745010376 0
vn 0.79076546430587769 0.61211925745010376 0
vn 0.79076546430587769 0.61211925745010376 0
vn 0.79076546430587769 0.61211925745010376 0
vn 0.79076546430587769 0.61211925745010376 0
vn 0.79076546430587769 0.61211925745010376 0
vn 0.79076546430587769 0.61211925745010376 0
vn 0.79076546430587769 0.61211925745010376 0
vn 0.79076546430587769 0.61211925745010376 0
vn 0.79076546430587769 0.61211925745010376 0
vn 0.79076546430587769 0.61211925745010376 0
vn 0.79076546430587769 0.61211925745010376 0
vn 0.79076546430587769 0.61211925745010376 0
vn 0.79076546430587769 0.61211925745010376 0
vn 0.79076546430587769 0.61211925745010376 0
vn 0 0 1
vn 0 0 1
vn 0 0 1
vn 0 0 1
vn 0 0 1
vn 0 0 1
vn 0 0 1
vn 0 0 1
vn 0 0 1
vn 0 0 1
vn 0 0 1
vn 0 0 1
vn 0 0 1
vn 0 0 1
vn 0 0 1
vn 0 0 1
vn 0 0 1
vn 0 0 1
vn 0 0 1
vn 0 0 1
vn 0 0 1
vn 0 0 1
vn 0 0 1
vn 0 0 1
vn 0 0 1
vn 0 0 1
vn 0 0 1
vn 0 0 1
vn 0 0 1
vn 0 0 1
vn 0 0 1
vn 0 0 1
vn 0 0 1
vn 0 0 1
vn -0.79076546430587769 -0.61211925745010376 0
vn -0.79076546430587769 -0.61211925745010376 0
vn -0.79076546430587769 -0.61211925745010376 0
vn -0.79076546430587769 -0.61211925745010376 0
vn -0.79076546430587769 -0.61211925745010376 0
vn -0.79076546430587769 -0.61211925745010376 0
vn -0.79076546430587769 -0.61211925745010376 0
vn -0.79076546430587769 -0.61211925745010376 0
vn -0.79076546430587769 -0.61211925745010376 0
vn -0.79076546430587769 -0.61211925745010376 0
vn -0.79076546430587769 -0.61211925745010376 0
vn -0.79076546430587769 -0.61211925745010376 0
vn -0.79076546430587769 -0.61211925745010376 0
vn -0.79076546430587769 -0.61211925745010376 0
vn -0.79076546430587769 -0.61211925745010376 0
vn -0.79076546430587769 -0.61211925745010376 0
vn -0.79076546430587769 -0.61211925745010376 0
vn -0.79076546430587769 -0.61211925745010376 0
vn -0.79076546430587769 -0.61211925745010376 0
vn -0.79076546430587769 -0.61211925745010376 0
vn -0.79076546430587769 -0.61211925745010376 0
vn -0.61211925745010376 0.79076546430587769 0
vn -0.61211925745010376 0.79076546430587769 0
vn -0.61211925745010376 0.79076546430587769 0
vn -0.61211925745010376 0.79076546430587769 0
vn -0.61211925745010376 0.79076546430587769 0
vn -0.61211925745010376 0.79076546430587769 0
vn -0.61211925745010376 0.79076546430587769 0
vn -0.61211925745010376 0.79076546430587769 0
vn -0.61211925745010376 0.79076546430587769 0
vn -0.61211925745010376 0.79076546430587769 0
vn -0.61211925745010376 0.79076546430587769 0
vn -0.61211925745010376 0.79076546430587769 0
vn -0.61211925745010376 0.79076546430587769 0
vn -0.61211925745010376 0.79076546430587769 0
vn -0.61211925745010376 0.79076546430587769 0
vn -0.61211925745010376 0.79076546430587769 0
vn -0.61211925745010376 0.79076546430587769 0
vn -0.61211925745010376 0.79076546430587769 0
vn -0.61211925745010376 0.79076546430587769 0
vn -0.61211925745010376 0.79076546430587769 0
vn -0.61211925745010376 0.79076546430587769 0
vn -0.61211925745010376 0.79076546430587769 0
vn -0.61211925745010376 0.79076546430587769 0
vn -0.61211925745010376 0.79076546430587769 0
vn -0.61211925745010376 0.79076546430587769 0
vn -0.61211925745010376 0.79076546430587769 0
vn -0.61211925745010376 0.79076546430587769 0
vn -0.61211925745010376 0.79076546430587769 0
vn -0.61211925745010376 0.79076546430587769 0
vn -0.61211925745010376 0.79076546430587769 0
vn -0.61211925745010376 0.79076546430587769 0
vn -0.61211925745010376 0.79076546430587769 0
vn -0.61211925745010376 0.79076546430587769 0
vn -0.61211925745010376 0.79076546430587769 0
vn -0.61211925745010376 0.79076546430587769 0
vn -0.61211925745010376 0.79076546430587769 0
vn -0.61211925745010376 0.79076546430587769 0
vn -0.61211925745010376 0.79076546430587769 0
vn -0.61211925745010376 0.79076546430587769 0
vn -0.61211925745010376 0.79076546430587769 0
vn -0.61211925745010376 0.79076546430587769 0
vn -0.61211925745010376 0.79076546430587769 0
vn -0.61211925745010376 0.79076546430587769 0
vn -0.61211925745010376 0.79076546430587769 0
vn -0.61211925745010376 0.79076546430587769 0
vn -0.61211925745010376 0.79076546430587769 0
vn -0.61211925745010376 0.79076546430587769 0
vn -0.61211925745010376 0.79076546430587769 0
vn -0.61211925745010376 0.79076546430587769 0
vn -0.61211925745010376 0.79076546430587769 0
vn -0.61211925745010376 0.79076546430587769 0
vn -0.61211925745010376 0.79076546430587769 0
vn -0.61211925745010376 0.79076546430587769 0
vn -0.61211925745010376 0.79076546430587769 0
vn -0.61211925745010376 0.79076546430587769 0
vn -0.61211925745010376 0.79076546430587769 0
vn -0.61211925745010376 0.79076546430587769 0
vn -0.61211925745010376 0.79076546430587769 0
vn -0.61211925745010376 0.79076546430587769 0
vn -0.61211925745010376 0.79076546430587769 0
vn -0.61211925745010376 0.79076546430587769 0
vn -0.61211925745010376 0.79076546430587769 0
vn -0.61211925745010376 0.79076546430587769 0
vn -0.61211925745010376 0.79076546430587769 0
vn -0.61211925745010376 0.79076546430587769 0
vn -0.61211925745010376 0.79076546430587769 0
vn -0.61211925745010376 0.79076546430587769 0
vn -0.61211925745010376 0.79076546430587769 0
vn -0.61211925745010376 0.79076546430587769 0
vn -0.61211925745010376 0.79076546430587769 0
vn -0.61211925745010376 0.79076546430587769 0
vn -0.61211925745010376 0.79076546430587769 0
vn -0.61211925745010376 0.79076546430587769 0
vn -0.61211925745010376 0.79076546430587769 0
vn 0.61211925745010376 -0.79076546430587769 0
vn 0.61211925745010376 -0.79076546430587769 0
vn 0.61211925745010376 -0.79076546430587769 0
vn 0.61211925745010376 -0.79076546430587769 0
vn 0.61211925745010376 -0.79076546430587769 0
vn 0.61211925745010376 -0.79076546430587769 0
vn 0.61211925745010376 -0.79076546430587769 0
vn 0.61211925745010376 -0.79076546430587769 0
vn 0.61211925745010376 -0.79076546430587769 0
vn 0.61211925745010376 -0.79076546430587769 0
vn 0.61211925745010376 -0.79076546430587769 0
vn 0.61211925745010376 -0.79076546430587769 0
vn 0.61211925745010376 -0.79076546430587769 0
vn 0.61211925745010376 -0.79076546430587769 0
vn 0.61211925745010376 -0.79076546430587769 0
vn 0.61211925745010376 -0.79076546430587769 0
vn 0.61211925745010376 -0.79076546430587769 0
vn 0.61211925745010376 -0.79076546430587769 0
vn 0.61211925745010376 -0.79076546430587769 0
vn 0.61211925745010376 -0.79076546430587769 0
vn 0.61211925745010376 -0.79076546430587769 0
vn 0.61211925745010376 -0.79076546430587769 0
vn 0.61211925745010376 -0.79076546430587769 0
vn 0.61211925745010376 -0.79076546430587769 0
vn 0.61211925745010376 -0.79076546430587769 0
vn 0.61211925745010376 -0.79076546430587769 0
vn 0.61211925745010376 -0.79076546430587769 0
vn 0.61211925745010376 -0.79076546430587769 0
vn 0.61211925745010376 -0.79076546430587769 0
vn 0.61211925745010376 -0.79076546430587769 0
vn 0.61211925745010376 -0.79076546430587769 0
vn 0.61211925745010376 -0.79076546430587769 0
vn 0.61211925745010376 -0.79076546430587769 0
vn 0.61211925745010376 -0.79076546430587769 0
vn 0.61211925745010376 -0.79076546430587769 0
vn 0.61211925745010376 -0.79076546430587769 0
vn 0.61211925745010376 -0.79076546430587769 0
vn 0.61211925745010376 -0.79076546430587769 0
vn 0.61211925745010376 -0.79076546430587769 0
vn 0.61211925745010376 -0.79076546430587769 0
vn 0.61211925745010376 -0.79076546430587769 0
vn 0.61211925745010376 -0.79076546430587769 0
vn 0.61211925745010376 -0.79076546430587769 0
vn 0.61211925745010376 -0.79076546430587769 0
vn 0.61211925745010376 -0.79076546430587769 0
vn 0.61211925745010376 -0.79076546430587769 0
vn 0.61211925745010376 -0.79076546430587769 0
vn 0.61211925745010376 -0.79076546430587769 0
vn 0.61211925745010376 -0.79076546430587769 0
vn 0.61211925745010376 -0.79076546430587769 0
vn 0.61211925745010376 -0.79076546430587769 0
vn 0.61211925745010376 -0.79076546430587769 0
vn 0.61211925745010376 -0.79076546430587769 0
vn 0.61211925745010376 -0.79076546430587769 0
vn 0.61211925745010376 -0.79076546430587769 0
vn 0.61211925745010376 -0.79076546430587769 0
vn 0.61211925745010376 -0.79076546430587769 0
vn 0.61211925745010376 -0.79076546430587769 0
vn 0.61211925745010376 -0.79076546430587769 0
vn 0.61211925745010376 -0.79076546430587769 0
vn 0.61211925745010376 -0.79076546430587769 0
vn 0.61211925745010376 -0.79076546430587769 0
vn 0.61211925745010376 -0.79076546430587769 0
vn 0.61211925745010376 -0.79076546430587769 0
vn 0.61211925745010376 -0.79076546430587769 0
vn 0.61211925745010376 -0.79076546430587769 0
vn 0.61211925745010376 -0.79076546430587769 0
vn 0.61211925745010376 -0.79076546430587769 0
vn 0.61211925745010376 -0.79076546430587769 0
vn 0.61211925745010376 -0.79076546430587769 0
vn 0.61211925745010376 -0.79076546430587769 0
vn 0.61211925745010376 -0.79076546430587769 0
vn 0.61211925745010376 -0.79076546430587769 0
vn 0.61211925745010376 -0.79076546430587769 0
vn 0 0 1
vn 0 0 1
vn 0 0 1
vn 0 0 1
vn 0 0 1
vn 0 0 1
vn 0 0 1
vn 0 0 1
vn 0 0 1
vn 0 0 1
vn 0 0 1
vn -0.79076546430587769 -0.61211925745010376 0
vn -0.79076546430587769 -0.61211925745010376 0
vn -0.79076546430587769 -0.61211925745010376 0
vn -0.79076546430587769 -0.61211925745010376 0
vn -0.79076546430587769 -0.61211925745010376 0
vn -0.79076546430587769 -0.61211925745010376 0
vn -0.79076546430587769 -0.61211925745010376 0
vn 0 0 -1
vn 0 0 -1
vn 0 0 -1
vn 0 0 -1
vn 0 0 -1
vn 0 0 -1
vn 0 0 -1
vn 0 0 -1
vn 0 0 -1
vn 0 0 -1
vn 0 0 -1
vn 0 0 -1
vn 0.79076546430587769 0.61211925745010376 0
vn 0.79076546430587769 0.61211925745010376 0
vn 0.79076546430587769 0.61211925745010376 0
vn 0.79076546430587769 0.61211925745010376 0
vn 0.79076546430587769 0.61211925745010376 0
vn 0.79076546430587769 0.61211925745010376 0
vn 0.79076546430587769 0.61211925745010376 0
vn 0 0 -1
vn -0.61211925745010376 0.79076546430587769 0
vn 0 0 -1
vn -0.11694567650556564 0.15107612311840057 -0.98158019781112671
vn -0.23255047202110291 0.30042004585266113 -0.92502325773239136
vn -0.34153366088867188 0.4412098228931427 -0.82987266778945923
vn -0.437318354845047 0.5649491548538208 -0.69970357418060303
vn -0.51491355895996094 0.66519039869308472 -0.54072701930999756
vn -0.57025879621505737 0.73668807744979858 -0.36344948410987854
vn -0.60216283798217773 0.77790331840515137 -0.17962829768657684
vn -0.61211925745010376 0.79076546430587769 0
vn 0 0 -1
vn -0.11694567650556564 0.15107612311840057 -0.98158019781112671
vn -0.23255047202110291 0.30042004585266113 -0.92502325773239136
vn -0.34153366088867188 0.4412098228931427 -0.82987266778945923
vn -0.437318354845047 0.5649491548538208 -0.69970357418060303
vn -0.51491355895996094 0.66519039869308472 -0.54072701930999756
vn -0.57025879621505737 0.73668807744979858 -0.36344948410987854
vn -0.60216283798217773 0.77790331840515137 -0.17962829768657684
vn -0.61211925745010376 0.79076546430587769 0
vn 0 0 -1
vn -0.11694567650556564 0.15107612311840057 -0.98158019781112671
vn -0.23255047202110291 0.30042004585266113 -0.92502325773239136
vn -0.34153366088867188 0.4412098228931427 -0.82987266778945923
vn -0.437318354845047 0.5649491548538208 -0.69970357418060303
vn -0.51491355895996094 0.66519039869308472 -0.54072701930999756
vn -0.57025879621505737 0.73668807744979858 -0.36344948410987854
vn -0.60216283798217773 0.77790331840515137 -0.17962829768657684
vn -0.61211925745010376 0.79076546430587769 0
vn 0 0 -1
vn -0.11694567650556564 0.15107612311840057 -0.98158019781112671
vn -0.23255047202110291 0.30042004585266113 -0.92502325773239136
vn -0.34153366088867188 0.4412098228931427 -0.82987266778945923
vn -0.437318354845047 0.5649491548538208 -0.69970357418060303
vn -0.51491355895996094 0.66519039869308472 -0.54072701930999756
vn -0.57025879621505737 0.73668807744979858 -0.36344948410987854
vn -0.60216283798217773 0.77790331840515137 -0.17962829768657684
vn -0.61211925745010376 0.79076546430587769 0
vn 0 0 -1
vn -0.11694567650556564 0.15107612311840057 -0.98158019781112671
vn -0.23255047202110291 0.30042004585266113 -0.92502325773239136
vn -0.34153366088867188 0.4412098228931427 -0.82987266778945923
vn -0.437318354845047 0.5649491548538208 -0.69970357418060303
vn -0.51491355895996094 0.66519039869308472 -0.54072701930999756
vn -0.57025879621505737 0.73668807744979858 -0.36344948410987854
vn -0.60216283798217773 0.77790331840515137 -0.17962829768657684
vn -0.61211925745010376 0.79076546430587769 0
vn 0 0 -1
vn -0.11694567650556564 0.15107612311840057 -0.98158019781112671
vn -0.23255047202110291 0.30042004585266113 -0.92502325773239136
vn -0.34153366088867188 0.4412098228931427 -0.82987266778945923
vn -0.437318354845047 0.5649491548538208 -0.69970357418060303
vn -0.51491355895996094 0.66519039869308472 -0.54072701930999756
vn -0.57025879621505737 0.73668807744979858 -0.36344948410987854
vn -0.60216283798217773 0.77790331840515137 -0.17962829768657684
vn -0.61211925745010376 0.79076546430587769 0
vn 0 0 -1
vn -0.11694567650556564 0.15107612311840057 -0.98158019781112671
vn -0.23255047202110291 0.30042004585266113 -0.92502325773239136
vn -0.34153366088867188 0.4412098228931427 -0.82987266778945923
vn -0.437318354845047 0.5649491548538208 -0.69970357418060303
vn -0.51491355895996094 0.66519039869308472 -0.54072701930999756
vn -0.57025879621505737 0.73668807744979858 -0.36344948410987854
vn -0.60216283798217773 0.77790331840515137 -0.17962829768657684
vn -0.61211925745010376 0.79076546430587769 0
vn 0 0 -1
vn -0.11694567650556564 0.15107612311840057 -0.98158019781112671
vn -0.23255047202110291 0.30042004585266113 -0.92502325773239136
vn -0.34153366088867188 0.4412098228931427 -0.82987266778945923
vn -0.437318354845047 0.5649491548538208 -0.69970357418060303
vn -0.51491355895996094 0.66519039869308472 -0.54072701930999756
vn -0.57025879621505737 0.73668807744979858 -0.36344948410987854
vn -0.60216283798217773 0.77790331840515137 -0.17962829768657684
vn -0.61211925745010376 0.79076546430587769 0
vn 0 0 -1
vn -0.61211925745010376 0.79076546430587769 0
vn -0.60964316129684448 0.78756678104400635 -0.089854441583156586
vn -0.60190016031265259 0.77756392955780029 -0.18196305632591248
vn -0.58849078416824341 0.76024109125137329 -0.27515822649002075
vn -0.56914132833480835 0.7352445125579834 -0.36809471249580383
vn -0.54373574256896973 0.70242434740066528 -0.45929458737373352
vn -0.51234108209609985 0.66186714172363281 -0.54720973968505859
vn -0.47522073984146118 0.61391329765319824 -0.63029813766479492
vn -0.43283367156982422 0.55915564298629761 -0.70710676908493042
vn -0.38581761717796326 0.49841800332069397 -0.77635318040847778
vn -0.33495762944221497 0.43271458148956299 -0.83699548244476318
vn -0.28114306926727295 0.36319431662559509 -0.88828402757644653
vn -0.22531785070896149 0.29107660055160522 -0.92978829145431519
vn -0.16842964291572571 0.21758560836315155 -0.96139895915985107
vn -0.11138308793306351 0.14389009773731232 -0.98330539464950562
vn -0.055001631379127502 0.071053788065910339 -0.99595493078231812
vn -0.60970604419708252 0.78764796257019043 -0.088708475232124329
vn -0.60216283798217773 0.77790331840515137 -0.17962829768657684
vn -0.60970604419708252 0.78764796257019043 -0.088708475232124329
vn -0.6115260124206543 0.78999912738800049 -0.044015180319547653
vn -0.60970604419708252 0.78764796257019043 -0.088708475232124329
vn -0.6115260124206543 0.78999912738800049 -0.044015180319547653
vn -0.6066022515296936 0.7836383581161499 -0.13395766913890839
vn -0.60216283798217773 0.77790331840515137 -0.17962829768657684
vn -0.6066022515296936 0.7836383581161499 -0.13395766913890839
vn -0.589103102684021 0.7610321044921875 -0.27163878083229065
vn -0.57025879621505737 0.73668807744979858 -0.36344948410987854
vn -0.589103102684021 0.7610321044921875 -0.27163878083229065
vn -0.59634244441986084 0.77038425207138062 -0.22557428479194641
vn -0.589103102684021 0.7610321044921875 -0.27163878083229065
vn -0.59634244441986084 0.77038425207138062 -0.22557428479194641
vn -0.58041530847549438 0.74980872869491577 -0.31765538454055786
vn -0.57025879621505737 0.73668807744979858 -0.36344948410987854
vn -0.58041530847549438 0.74980872869491577 -0.31765538454055786
vn -0.54551094770431519 0.70471763610839844 -0.45364180207252502
vn -0.51491355895996094 0.66519039869308472 -0.54072701930999756
vn -0.54551094770431519 0.70471763610839844 -0.45364180207252502
vn -0.55862373113632202 0.72165733575820923 -0.40884014964103699
vn -0.54551094770431519 0.70471763610839844 -0.45364180207252502
vn -0.55862373113632202 0.72165733575820923 -0.40884014964103699
vn -0.53093284368515015 0.68588495254516602 -0.49766671657562256
vn -0.51491355895996094 0.66519039869308472 -0.54072701930999756
vn -0.53093284368515015 0.68588495254516602 -0.49766671657562256
vn -0.47870707511901855 0.61841708421707153 -0.62321734428405762
vn -0.437318354845047 0.5649491548538208 -0.69970357418060303
vn -0.47870707511901855 0.61841708421707153 -0.62321734428405762
vn -0.49748903512954712 0.6426805853843689 -0.58263736963272095
vn -0.47870707511901855 0.61841708421707153 -0.62321734428405762
vn -0.49748903512954712 0.6426805853843689 -0.58263736963272095
vn -0.45862680673599243 0.592476487159729 -0.66229379177093506
vn -0.437318354845047 0.5649491548538208 -0.69970357418060303
vn -0.45862680673599243 0.592476487159729 -0.66229379177093506
vn -0.39134636521339417 0.50556027889251709 -0.7689322829246521
vn -0.34153366088867188 0.4412098228931427 -0.82987266778945923
vn -0.39134636521339417 0.50556027889251709 -0.7689322829246521
vn -0.41486179828643799 0.53593868017196655 -0.73529547452926636
vn -0.39134636521339417 0.50556027889251709 -0.7689322829246521
vn -0.41486179828643799 0.53593868017196655 -0.73529547452926636
vn -0.36686909198760986 0.47393935918807983 -0.80049270391464233
vn -0.34153366088867188 0.4412098228931427 -0.82987266778945923
vn -0.36686909198760986 0.47393935918807983 -0.80049270391464233
vn -0.28810536861419678 0.37218853831291199 -0.88231003284454346
vn -0.23255047202110291 0.30042004585266113 -0.92502325773239136
vn -0.28810536861419678 0.37218853831291199 -0.88231003284454346
vn -0.31514468789100647 0.4071192741394043 -0.85728508234024048
vn -0.28810536861419678 0.37218853831291199 -0.88231003284454346
vn -0.31514468789100647 0.4071192741394043 -0.85728508234024048
vn -0.26053422689437866 0.33657082915306091 -0.90489888191223145
vn -0.23255047202110291 0.30042004585266113 -0.92502325773239136
vn -0.26053422689437866 0.33657082915306091 -0.90489888191223145
vn -0.17488065361976624 0.22591935098171234 -0.95831996202468872
vn -0.11694567650556564 0.15107612311840057 -0.98158019781112671
vn -0.17488065361976624 0.22591935098171234 -0.95831996202468872
vn -0.20380686223506927 0.26328763365745544 -0.94294345378875732
vn -0.17488065361976624 0.22591935098171234 -0.95831996202468872
vn -0.20380686223506927 0.26328763365745544 -0.94294345378875732
vn -0.14588947594165802 0.18846713006496429 -0.97118300199508667
vn -0.11694567650556564 0.15107612311840057 -0.98158019781112671
vn -0.14588947594165802 0.18846713006496429 -0.97118300199508667
vn -0.057732056826353073 0.074581079185009003 -0.99554240703582764
vn -0.057732056826353073 0.074581079185009003 -0.99554240703582764
vn -0.087202489376068115 0.11265242844820023 -0.98980057239532471
vn -0.057732056826353073 0.074581079185009003 -0.99554240703582764
vn -0.087202489376068115 0.11265242844820023 -0.98980057239532471
vn -0.028634386137127876 0.036991294473409653 -0.9989052414894104
vn -0.028634386137127876 0.036991294473409653 -0.9989052414894104
vn -0.055001631379127502 0.071053788065910339 -0.99595493078231812
vn -0.11138308793306351 0.14389009773731232 -0.98330539464950562
vn -0.16842964291572571 0.21758560836315155 -0.96139895915985107
vn -0.22531785070896149 0.29107660055160522 -0.92978829145431519
vn -0.28114306926727295 0.36319431662559509 -0.88828402757644653
vn -0.33495762944221497 0.43271458148956299 -0.83699548244476318
vn -0.38581761717796326 0.49841800332069397 -0.77635318040847778
vn -0.43283367156982422 0.55915564298629761 -0.70710676908493042
vn -0.47522073984146118 0.61391329765319824 -0.63029813766479492
vn -0.51234108209609985 0.66186714172363281 -0.54720973968505859
vn -0.54373574256896973 0.70242434740066528 -0.45929458737373352
vn -0.56914132833480835 0.7352445125579834 -0.36809471249580383
vn -0.58849078416824341 0.76024109125137329 -0.27515822649002075
vn -0.60190016031265259 0.77756392955780029 -0.18196305632591248
vn -0.60964316129684448 0.78756678104400635 -0.089854441583156586
vn -0.11694567650556564 0.15107612311840057 -0.98158019781112671
vn -0.057732056826353073 0.074581079185009003 -0.99554240703582764
vn -0.057732056826353073 0.074581079185009003 -0.99554240703582764
vn -0.057732056826353073 0.074581079185009003 -0.99554240703582764
vn -0.028634386137127876 0.036991294473409653 -0.9989052414894104
vn -0.028634386137127876 0.036991294473409653 -0.9989052414894104
vn -0.11694567650556564 0.15107612311840057 -0.98158019781112671
vn -0.087202489376068115 0.11265242844820023 -0.98980057239532471
vn -0.087202489376068115 0.11265242844820023 -0.98980057239532471
vn -0.23255047202110291 0.30042004585266113 -0.92502325773239136
vn -0.17488065361976624 0.22591935098171234 -0.95831996202468872
vn -0.17488065361976624 0.22591935098171234 -0.95831996202468872
vn -0.17488065361976624 0.22591935098171234 -0.95831996202468872
vn -0.14588947594165802 0.18846713006496429 -0.97118300199508667
vn -0.14588947594165802 0.18846713006496429 -0.97118300199508667
vn -0.23255047202110291 0.30042004585266113 -0.92502325773239136
vn -0.20380686223506927 0.26328763365745544 -0.94294345378875732
vn -0.20380686223506927 0.26328763365745544 -0.94294345378875732
vn -0.34153366088867188 0.4412098228931427 -0.82987266778945923
vn -0.28810536861419678 0.37218853831291199 -0.88231003284454346
vn -0.28810536861419678 0.37218853831291199 -0.88231003284454346
vn -0.28810536861419678 0.37218853831291199 -0.88231003284454346
vn -0.26053422689437866 0.33657082915306091 -0.90489888191223145
vn -0.26053422689437866 0.33657082915306091 -0.90489888191223145
vn -0.34153366088867188 0.4412098228931427 -0.82987266778945923
vn -0.31514468789100647 0.4071192741394043 -0.85728508234024048
vn -0.31514468789100647 0.4071192741394043 -0.85728508234024048
vn -0.437318354845047 0.5649491548538208 -0.69970357418060303
vn -0.39134636521339417 0.50556027889251709 -0.7689322829246521
vn -0.39134636521339417 0.50556027889251709 -0.7689322829246521
vn -0.39134636521339417 0.50556027889251709 -0.7689322829246521
vn -0.36686909198760986 0.47393935918807983 -0.80049270391464233
vn -0.36686909198760986 0.47393935918807983 -0.80049270391464233
vn -0.437318354845047 0.5649491548538208 -0.69970357418060303
vn -0.41486179828643799 0.53593868017196655 -0.73529547452926636
vn -0.41486179828643799 0.53593868017196655 -0.73529547452926636
vn -0.51491355895996094 0.66519039869308472 -0.54072701930999756
vn -0.47870707511901855 0.61841708421707153 -0.62321734428405762
vn -0.47870707511901855 0.61841708421707153 -0.62321734428405762
vn -0.47870707511901855 0.61841708421707153 -0.62321734428405762
vn -0.45862680673599243 0.592476487159729 -0.66229379177093506
vn -0.45862680673599243 0.592476487159729 -0.66229379177093506
vn -0.51491355895996094 0.66519039869308472 -0.54072701930999756
vn -0.49748903512954712 0.6426805853843689 -0.58263736963272095
vn -0.49748903512954712 0.6426805853843689 -0.58263736963272095
vn -0.57025879621505737 0.73668807744979858 -0.36344948410987854
vn -0.54551094770431519 0.70471763610839844 -0.45364180207252502
vn -0.54551094770431519 0.70471763610839844 -0.45364180207252502
vn -0.54551094770431519 0.70471763610839844 -0.45364180207252502
vn -0.53093284368515015 0.68588495254516602 -0.49766671657562256
vn -0.53093284368515015 0.68588495254516602 -0.49766671657562256
vn -0.57025879621505737 0.73668807744979858 -0.36344948410987854
vn -0.55862373113632202 0.72165733575820923 -0.40884014964103699
vn -0.55862373113632202 0.72165733575820923 -0.40884014964103699
vn -0.60216283798217773 0.77790331840515137 -0.17962829768657684
vn -0.589103102684021 0.7610321044921875 -0.27163878083229065
vn -0.589103102684021 0.7610321044921875 -0.27163878083229065
vn -0.589103102684021 0.7610321044921875 -0.27163878083229065
vn -0.58041530847549438 0.74980872869491577 -0.31765538454055786
vn -0.58041530847549438 0.74980872869491577 -0.31765538454055786
vn -0.60216283798217773 0.77790331840515137 -0.17962829768657684
vn -0.59634244441986084 0.77038425207138062 -0.22557428479194641
vn -0.59634244441986084 0.77038425207138062 -0.22557428479194641
vn -0.60970604419708252 0.78764796257019043 -0.088708475232124329
vn -0.60970604419708252 0.78764796257019043 -0.088708475232124329
vn -0.60970604419708252 0.78764796257019043 -0.088708475232124329
vn -0.6066022515296936 0.7836383581161499 -0.13395766913890839
vn -0.6066022515296936 0.7836383581161499 -0.13395766913890839
vn -0.6115260124206543 0.78999912738800049 -0.044015180319547653
vn -0.6115260124206543 0.78999912738800049 -0.044015180319547653
vn 0 0 -1
vn 0.79076546430587769 0.61211925745010376 0
vn 0 0 -1
vn 0.79076546430587769 0.61211925745010376 0
vn 0.071053788065910339 0.055001631379127502 -0.99595493078231812
vn 0.14389009773731232 0.11138308793306351 -0.98330539464950562
vn 0.21758560836315155 0.16842964291572571 -0.96139895915985107
vn 0.29107660055160522 0.22531785070896149 -0.92978829145431519
vn 0.36319431662559509 0.28114306926727295 -0.88828402757644653
vn 0.43271458148956299 0.33495762944221497 -0.83699548244476318
vn 0.49841800332069397 0.38581761717796326 -0.77635318040847778
vn 0.55915564298629761 0.43283367156982422 -0.70710676908493042
vn 0.61391329765319824 0.47522073984146118 -0.63029813766479492
vn 0.66186714172363281 0.51234108209609985 -0.54720973968505859
vn 0.70242434740066528 0.54373574256896973 -0.45929458737373352
vn 0.7352445125579834 0.56914132833480835 -0.36809471249580383
vn 0.76024109125137329 0.58849078416824341 -0.27515822649002075
vn 0.77756392955780029 0.60190016031265259 -0.18196305632591248
vn 0.78756678104400635 0.60964316129684448 -0.089854441583156586
vn 0.15107612311840057 0.11694567650556564 -0.98158019781112671
vn 0.074581079185009003 0.057732056826353073 -0.99554240703582764
vn 0.074581079185009003 0.057732056826353073 -0.99554240703582764
vn 0.036991294473409653 0.028634386137127876 -0.9989052414894104
vn 0.036991294473409653 0.028634386137127876 -0.9989052414894104
vn 0.15107612311840057 0.11694567650556564 -0.98158019781112671
vn 0.11265242844820023 0.087202489376068115 -0.98980057239532471
vn 0.11265242844820023 0.087202489376068115 -0.98980057239532471
vn 0.30042004585266113 0.23255047202110291 -0.92502325773239136
vn 0.22591935098171234 0.17488065361976624 -0.95831996202468872
vn 0.22591935098171234 0.17488065361976624 -0.95831996202468872
vn 0.18846713006496429 0.14588947594165802 -0.97118300199508667
vn 0.18846713006496429 0.14588947594165802 -0.97118300199508667
vn 0.30042004585266113 0.23255047202110291 -0.92502325773239136
vn 0.26328763365745544 0.20380686223506927 -0.94294345378875732
vn 0.26328763365745544 0.20380686223506927 -0.94294345378875732
vn 0.4412098228931427 0.34153366088867188 -0.82987266778945923
vn 0.37218853831291199 0.28810536861419678 -0.88231003284454346
vn 0.37218853831291199 0.28810536861419678 -0.88231003284454346
vn 0.33657082915306091 0.26053422689437866 -0.90489888191223145
vn 0.33657082915306091 0.26053422689437866 -0.90489888191223145
vn 0.4412098228931427 0.34153366088867188 -0.82987266778945923
vn 0.4071192741394043 0.31514468789100647 -0.85728508234024048
vn 0.4071192741394043 0.31514468789100647 -0.85728508234024048
vn 0.5649491548538208 0.437318354845047 -0.69970357418060303
vn 0.50556027889251709 0.39134636521339417 -0.7689322829246521
vn 0.50556027889251709 0.39134636521339417 -0.7689322829246521
vn 0.47393935918807983 0.36686909198760986 -0.80049270391464233
vn 0.47393935918807983 0.36686909198760986 -0.80049270391464233
vn 0.5649491548538208 0.437318354845047 -0.69970357418060303
vn 0.53593868017196655 0.41486179828643799 -0.73529547452926636
vn 0.53593868017196655 0.41486179828643799 -0.73529547452926636
vn 0.66519039869308472 0.51491355895996094 -0.54072701930999756
vn 0.61841708421707153 0.47870707511901855 -0.62321734428405762
vn 0.61841708421707153 0.47870707511901855 -0.62321734428405762
vn 0.592476487159729 0.45862680673599243 -0.66229379177093506
vn 0.592476487159729 0.45862680673599243 -0.66229379177093506
vn 0.66519039869308472 0.51491355895996094 -0.54072701930999756
vn 0.6426805853843689 0.49748903512954712 -0.58263736963272095
vn 0.6426805853843689 0.49748903512954712 -0.58263736963272095
vn 0.73668807744979858 0.57025879621505737 -0.36344948410987854
vn 0.70471763610839844 0.54551094770431519 -0.45364180207252502
vn 0.70471763610839844 0.54551094770431519 -0.45364180207252502
vn 0.68588495254516602 0.53093284368515015 -0.49766671657562256
vn 0.68588495254516602 0.53093284368515015 -0.49766671657562256
vn 0.73668807744979858 0.57025879621505737 -0.36344948410987854
vn 0.72165733575820923 0.55862373113632202 -0.40884014964103699
vn 0.72165733575820923 0.55862373113632202 -0.40884014964103699
vn 0.77790331840515137 0.60216283798217773 -0.17962829768657684
vn 0.7610321044921875 0.589103102684021 -0.27163878083229065
vn 0.7610321044921875 0.589103102684021 -0.27163878083229065
vn 0.74980872869491577 0.58041530847549438 -0.31765538454055786
vn 0.74980872869491577 0.58041530847549438 -0.31765538454055786
vn 0.77790331840515137 0.60216283798217773 -0.17962829768657684
vn 0.77038425207138062 0.59634244441986084 -0.22557428479194641
vn 0.77038425207138062 0.59634244441986084 -0.22557428479194641
vn 0.78764796257019043 0.60970604419708252 -0.088708475232124329
vn 0.78764796257019043 0.60970604419708252 -0.088708475232124329
vn 0.7836383581161499 0.6066022515296936 -0.13395766913890839
vn 0.7836383581161499 0.6066022515296936 -0.13395766913890839
vn 0.78999912738800049 0.6115260124206543 -0.044015180319547653
vn 0.78999912738800049 0.6115260124206543 -0.044015180319547653
vn 0.78271663188934326 0.60588878393173218 -0.14231483638286591
vn 0.75873392820358276 0.58732414245605469 -0.28173255920410156
vn 0.71930557489395142 0.55680322647094727 -0.41541501879692078
vn 0.6652342677116394 0.51494747400283813 -0.54064083099365234
vn 0.59762066602706909 0.46260887384414673 -0.6548607349395752
vn 0.51784127950668335 0.40085285902023315 -0.75574958324432373
vn 0.42752009630203247 0.33093664050102234 -0.84125351905822754
vn 0.32849586009979248 0.25428351759910583 -0.90963196754455566
vn 0.2227843850851059 0.17245392501354218 -0.95949298143386841
vn 0.11253765970468521 0.087113648653030396 -0.98982143402099609
vn 0 0 -1
vn 0.61211925745010376 -0.79076546430587769 0
vn 0 0 -1
vn 0.11694567650556564 -0.15107612311840057 -0.98158019781112671
vn 0.23255047202110291 -0.30042004585266113 -0.92502325773239136
vn 0.34153366088867188 -0.4412098228931427 -0.82987266778945923
vn 0.437318354845047 -0.5649491548538208 -0.69970357418060303
vn 0.51491355895996094 -0.66519039869308472 -0.54072701930999756
vn 0.57025879621505737 -0.73668807744979858 -0.36344948410987854
vn 0.60216283798217773 -0.77790331840515137 -0.17962829768657684
vn 0.61211925745010376 -0.79076546430587769 0
vn 0 0 -1
vn 0.11694567650556564 -0.15107612311840057 -0.98158019781112671
vn 0.23255047202110291 -0.30042004585266113 -0.92502325773239136
vn 0.34153366088867188 -0.4412098228931427 -0.82987266778945923
vn 0.437318354845047 -0.5649491548538208 -0.69970357418060303
vn 0.51491355895996094 -0.66519039869308472 -0.54072701930999756
vn 0.57025879621505737 -0.73668807744979858 -0.36344948410987854
vn 0.60216283798217773 -0.77790331840515137 -0.17962829768657684
vn 0.61211925745010376 -0.79076546430587769 0
vn 0 0 -1
vn 0.11694567650556564 -0.15107612311840057 -0.98158019781112671
vn 0.23255047202110291 -0.30042004585266113 -0.92502325773239136
vn 0.34153366088867188 -0.4412098228931427 -0.82987266778945923
vn 0.437318354845047 -0.5649491548538208 -0.69970357418060303
vn 0.51491355895996094 -0.66519039869308472 -0.54072701930999756
vn 0.57025879621505737 -0.73668807744979858 -0.36344948410987854
vn 0.60216283798217773 -0.77790331840515137 -0.17962829768657684
vn 0.61211925745010376 -0.79076546430587769 0
vn 0 0 -1
vn 0.11694567650556564 -0.15107612311840057 -0.98158019781112671
vn 0.23255047202110291 -0.30042004585266113 -0.92502325773239136
vn 0.34153366088867188 -0.4412098228931427 -0.82987266778945923
vn 0.437318354845047 -0.5649491548538208 -0.69970357418060303
vn 0.51491355895996094 -0.66519039869308472 -0.54072701930999756
vn 0.57025879621505737 -0.73668807744979858 -0.36344948410987854
vn 0.60216283798217773 -0.77790331840515137 -0.17962829768657684
vn 0.61211925745010376 -0.79076546430587769 0
vn 0 0 -1
vn 0.11694567650556564 -0.15107612311840057 -0.98158019781112671
vn 0.23255047202110291 -0.30042004585266113 -0.92502325773239136
vn 0.34153366088867188 -0.4412098228931427 -0.82987266778945923
vn 0.437318354845047 -0.5649491548538208 -0.69970357418060303
vn 0.51491355895996094 -0.66519039869308472 -0.54072701930999756
vn 0.57025879621505737 -0.73668807744979858 -0.36344948410987854
vn 0.60216283798217773 -0.77790331840515137 -0.17962829768657684
vn 0.61211925745010376 -0.79076546430587769 0
vn 0 0 -1
vn 0.11694567650556564 -0.15107612311840057 -0.98158019781112671
vn 0.23255047202110291 -0.30042004585266113 -0.92502325773239136
vn 0.34153366088867188 -0.4412098228931427 -0.82987266778945923
vn 0.437318354845047 -0.5649491548538208 -0.69970357418060303
vn 0.51491355895996094 -0.66519039869308472 -0.54072701930999756
vn 0.57025879621505737 -0.73668807744979858 -0.36344948410987854
vn 0.60216283798217773 -0.77790331840515137 -0.17962829768657684
vn 0.61211925745010376 -0.79076546430587769 0
vn 0 0 -1
vn 0.11694567650556564 -0.15107612311840057 -0.98158019781112671
vn 0.23255047202110291 -0.30042004585266113 -0.92502325773239136
vn 0.34153366088867188 -0.4412098228931427 -0.82987266778945923
vn 0.437318354845047 -0.5649491548538208 -0.69970357418060303
vn 0.51491355895996094 -0.66519039869308472 -0.54072701930999756
vn 0.57025879621505737 -0.73668807744979858 -0.36344948410987854
vn 0.60216283798217773 -0.77790331840515137 -0.17962829768657684
vn 0.61211925745010376 -0.79076546430587769 0
vn 0 0 -1
vn 0.11694567650556564 -0.15107612311840057 -0.98158019781112671
vn 0.23255047202110291 -0.30042004585266113 -0.92502325773239136
vn 0.34153366088867188 -0.4412098228931427 -0.82987266778945923
vn 0.437318354845047 -0.5649491548538208 -0.69970357418060303
vn 0.51491355895996094 -0.66519039869308472 -0.54072701930999756
vn 0.57025879621505737 -0.73668807744979858 -0.36344948410987854
vn 0.60216283798217773 -0.77790331840515137 -0.17962829768657684
vn 0.61211925745010376 -0.79076546430587769 0
vn 0 0 -1
vn 0.61211925745010376 -0.79076546430587769 0
vn 0.055001631379127502 -0.071053788065910339 -0.99595493078231812
vn 0.11138308793306351 -0.14389009773731232 -0.98330539464950562
vn 0.16842964291572571 -0.21758560836315155 -0.96139895915985107
vn 0.22531785070896149 -0.29107660055160522 -0.92978829145431519
vn 0.28114306926727295 -0.36319431662559509 -0.88828402757644653
vn 0.33495762944221497 -0.43271458148956299 -0.83699548244476318
vn 0.38581761717796326 -0.49841800332069397 -0.77635318040847778
vn 0.43283367156982422 -0.55915564298629761 -0.70710676908493042
vn 0.47522073984146118 -0.61391329765319824 -0.63029813766479492
vn 0.51234108209609985 -0.66186714172363281 -0.54720973968505859
vn 0.54373574256896973 -0.70242434740066528 -0.45929458737373352
vn 0.56914132833480835 -0.7352445125579834 -0.36809471249580383
vn 0.58849078416824341 -0.76024109125137329 -0.27515822649002075
vn 0.60190016031265259 -0.77756392955780029 -0.18196305632591248
vn 0.60964316129684448 -0.78756678104400635 -0.089854441583156586
vn 0.11694567650556564 -0.15107612311840057 -0.98158019781112671
vn 0.057732056826353073 -0.074581079185009003 -0.99554240703582764
vn 0.057732056826353073 -0.074581079185009003 -0.99554240703582764
vn 0.057732056826353073 -0.074581079185009003 -0.99554240703582764
vn 0.028634386137127876 -0.036991294473409653 -0.9989052414894104
vn 0.028634386137127876 -0.036991294473409653 -0.9989052414894104
vn 0.11694567650556564 -0.15107612311840057 -0.98158019781112671
vn 0.087202489376068115 -0.11265242844820023 -0.98980057239532471
vn 0.087202489376068115 -0.11265242844820023 -0.98980057239532471
vn 0.23255047202110291 -0.30042004585266113 -0.92502325773239136
vn 0.17488065361976624 -0.22591935098171234 -0.95831996202468872
vn 0.17488065361976624 -0.22591935098171234 -0.95831996202468872
vn 0.17488065361976624 -0.22591935098171234 -0.95831996202468872
vn 0.14588947594165802 -0.18846713006496429 -0.97118300199508667
vn 0.14588947594165802 -0.18846713006496429 -0.97118300199508667
vn 0.23255047202110291 -0.30042004585266113 -0.92502325773239136
vn 0.20380686223506927 -0.26328763365745544 -0.94294345378875732
vn 0.20380686223506927 -0.26328763365745544 -0.94294345378875732
vn 0.34153366088867188 -0.4412098228931427 -0.82987266778945923
vn 0.28810536861419678 -0.37218853831291199 -0.88231003284454346
vn 0.28810536861419678 -0.37218853831291199 -0.88231003284454346
vn 0.28810536861419678 -0.37218853831291199 -0.88231003284454346
vn 0.26053422689437866 -0.33657082915306091 -0.90489888191223145
vn 0.26053422689437866 -0.33657082915306091 -0.90489888191223145
vn 0.34153366088867188 -0.4412098228931427 -0.82987266778945923
vn 0.31514468789100647 -0.4071192741394043 -0.85728508234024048
vn 0.31514468789100647 -0.4071192741394043 -0.85728508234024048
vn 0.437318354845047 -0.5649491548538208 -0.69970357418060303
vn 0.39134636521339417 -0.50556027889251709 -0.7689322829246521
vn 0.39134636521339417 -0.50556027889251709 -0.7689322829246521
vn 0.39134636521339417 -0.50556027889251709 -0.7689322829246521
vn 0.36686909198760986 -0.47393935918807983 -0.80049270391464233
vn 0.36686909198760986 -0.47393935918807983 -0.80049270391464233
vn 0.437318354845047 -0.5649491548538208 -0.69970357418060303
vn 0.41486179828643799 -0.53593868017196655 -0.73529547452926636
vn 0.41486179828643799 -0.53593868017196655 -0.73529547452926636
vn 0.51491355895996094 -0.66519039869308472 -0.54072701930999756
vn 0.47870707511901855 -0.61841708421707153 -0.62321734428405762
vn 0.47870707511901855 -0.61841708421707153 -0.62321734428405762
vn 0.47870707511901855 -0.61841708421707153 -0.62321734428405762
vn 0.45862680673599243 -0.592476487159729 -0.66229379177093506
vn 0.45862680673599243 -0.592476487159729 -0.66229379177093506
vn 0.51491355895996094 -0.66519039869308472 -0.54072701930999756
vn 0.49748903512954712 -0.6426805853843689 -0.58263736963272095
vn 0.49748903512954712 -0.6426805853843689 -0.58263736963272095
vn 0.57025879621505737 -0.73668807744979858 -0.36344948410987854
vn 0.54551094770431519 -0.70471763610839844 -0.45364180207252502
vn 0.54551094770431519 -0.70471763610839844 -0.45364180207252502
vn 0.54551094770431519 -0.70471763610839844 -0.45364180207252502
vn 0.53093284368515015 -0.68588495254516602 -0.49766671657562256
vn 0.53093284368515015 -0.68588495254516602 -0.49766671657562256
vn 0.57025879621505737 -0.73668807744979858 -0.36344948410987854
vn 0.55862373113632202 -0.72165733575820923 -0.40884014964103699
vn 0.55862373113632202 -0.72165733575820923 -0.40884014964103699
vn 0.60216283798217773 -0.77790331840515137 -0.17962829768657684
vn 0.589103102684021 -0.7610321044921875 -0.27163878083229065
vn 0.589103102684021 -0.7610321044921875 -0.27163878083229065
vn 0.589103102684021 -0.7610321044921875 -0.27163878083229065
vn 0.58041530847549438 -0.74980872869491577 -0.31765538454055786
vn 0.58041530847549438 -0.74980872869491577 -0.31765538454055786
vn 0.60216283798217773 -0.77790331840515137 -0.17962829768657684
vn 0.59634244441986084 -0.77038425207138062 -0.22557428479194641
vn 0.59634244441986084 -0.77038425207138062 -0.22557428479194641
vn 0.60970604419708252 -0.78764796257019043 -0.088708475232124329
vn 0.60970604419708252 -0.78764796257019043 -0.088708475232124329
vn 0.60970604419708252 -0.78764796257019043 -0.088708475232124329
vn 0.6066022515296936 -0.7836383581161499 -0.13395766913890839
vn 0.6066022515296936 -0.7836383581161499 -0.13395766913890839
vn 0.6115260124206543 -0.78999912738800049 -0.044015180319547653
vn 0.6115260124206543 -0.78999912738800049 -0.044015180319547653
vn 0.60588878393173218 -0.78271663188934326 -0.14231483638286591
vn 0.58732414245605469 -0.75873392820358276 -0.28173255920410156
vn 0.55680322647094727 -0.71930557489395142 -0.41541501879692078
vn 0.51494747400283813 -0.6652342677116394 -0.54064083099365234
vn 0.46260887384414673 -0.59762066602706909 -0.6548607349395752
vn 0.40085285902023315 -0.51784127950668335 -0.75574958324432373
vn 0.33093664050102234 -0.42752009630203247 -0.84125351905822754
vn 0.25428351759910583 -0.32849586009979248 -0.90963196754455566
vn 0.17245392501354218 -0.2227843850851059 -0.95949298143386841
vn 0.087113648653030396 -0.11253765970468521 -0.98982143402099609
vn 0.60970604419708252 -0.78764796257019043 -0.088708475232124329
vn 0.60216283798217773 -0.77790331840515137 -0.17962829768657684
vn 0.60970604419708252 -0.78764796257019043 -0.088708475232124329
vn 0.589103102684021 -0.7610321044921875 -0.27163878083229065
vn 0.57025879621505737 -0.73668807744979858 -0.36344948410987854
vn 0.589103102684021 -0.7610321044921875 -0.27163878083229065
vn 0.54551094770431519 -0.70471763610839844 -0.45364180207252502
vn 0.51491355895996094 -0.66519039869308472 -0.54072701930999756
vn 0.54551094770431519 -0.70471763610839844 -0.45364180207252502
vn 0.47870707511901855 -0.61841708421707153 -0.62321734428405762
vn 0.437318354845047 -0.5649491548538208 -0.69970357418060303
vn 0.47870707511901855 -0.61841708421707153 -0.62321734428405762
vn 0.39134636521339417 -0.50556027889251709 -0.7689322829246521
vn 0.34153366088867188 -0.4412098228931427 -0.82987266778945923
vn 0.39134636521339417 -0.50556027889251709 -0.7689322829246521
vn 0.28810536861419678 -0.37218853831291199 -0.88231003284454346
vn 0.23255047202110291 -0.30042004585266113 -0.92502325773239136
vn 0.28810536861419678 -0.37218853831291199 -0.88231003284454346
vn 0.17488065361976624 -0.22591935098171234 -0.95831996202468872
vn 0.11694567650556564 -0.15107612311840057 -0.98158019781112671
vn 0.17488065361976624 -0.22591935098171234 -0.95831996202468872
vn 0.057732056826353073 -0.074581079185009003 -0.99554240703582764
vn 0.057732056826353073 -0.074581079185009003 -0.99554240703582764
vn 0 0 -1
vn -0.79076546430587769 -0.61211925745010376 0
vn 0 0 -1
vn -0.79076546430587769 -0.61211925745010376 0
vn -0.071053788065910339 -0.055001631379127502 -0.99595493078231812
vn -0.14389009773731232 -0.11138308793306351 -0.98330539464950562
vn -0.21758560836315155 -0.16842964291572571 -0.96139895915985107
vn -0.29107660055160522 -0.22531785070896149 -0.92978829145431519
vn -0.36319431662559509 -0.28114306926727295 -0.88828402757644653
vn -0.43271458148956299 -0.33495762944221497 -0.83699548244476318
vn -0.49841800332069397 -0.38581761717796326 -0.77635318040847778
vn -0.55915564298629761 -0.43283367156982422 -0.70710676908493042
vn -0.61391329765319824 -0.47522073984146118 -0.63029813766479492
vn -0.66186714172363281 -0.51234108209609985 -0.54720973968505859
vn -0.70242434740066528 -0.54373574256896973 -0.45929458737373352
vn -0.7352445125579834 -0.56914132833480835 -0.36809471249580383
vn -0.76024109125137329 -0.58849078416824341 -0.27515822649002075
vn -0.77756392955780029 -0.60190016031265259 -0.18196305632591248
vn -0.78756678104400635 -0.60964316129684448 -0.089854441583156586
vn -0.15107612311840057 -0.11694567650556564 -0.98158019781112671
vn -0.074581079185009003 -0.057732056826353073 -0.99554240703582764
vn -0.074581079185009003 -0.057732056826353073 -0.99554240703582764
vn -0.036991294473409653 -0.028634386137127876 -0.9989052414894104
vn -0.036991294473409653 -0.028634386137127876 -0.9989052414894104
vn -0.15107612311840057 -0.11694567650556564 -0.98158019781112671
vn -0.11265242844820023 -0.087202489376068115 -0.98980057239532471
vn -0.11265242844820023 -0.087202489376068115 -0.98980057239532471
vn -0.30042004585266113 -0.23255047202110291 -0.92502325773239136
vn -0.22591935098171234 -0.17488065361976624 -0.95831996202468872
vn -0.22591935098171234 -0.17488065361976624 -0.95831996202468872
vn -0.18846713006496429 -0.14588947594165802 -0.97118300199508667
vn -0.18846713006496429 -0.14588947594165802 -0.97118300199508667
vn -0.30042004585266113 -0.23255047202110291 -0.92502325773239136
vn -0.26328763365745544 -0.20380686223506927 -0.94294345378875732
vn -0.26328763365745544 -0.20380686223506927 -0.94294345378875732
vn -0.4412098228931427 -0.34153366088867188 -0.82987266778945923
vn -0.37218853831291199 -0.28810536861419678 -0.88231003284454346
vn -0.37218853831291199 -0.28810536861419678 -0.88231003284454346
vn -0.33657082915306091 -0.26053422689437866 -0.90489888191223145
vn -0.33657082915306091 -0.26053422689437866 -0.90489888191223145
vn -0.4412098228931427 -0.34153366088867188 -0.82987266778945923
vn -0.4071192741394043 -0.31514468789100647 -0.85728508234024048
vn -0.4071192741394043 -0.31514468789100647 -0.85728508234024048
vn -0.5649491548538208 -0.437318354845047 -0.69970357418060303
vn -0.50556027889251709 -0.39134636521339417 -0.7689322829246521
vn -0.50556027889251709 -0.39134636521339417 -0.7689322829246521
vn -0.47393935918807983 -0.36686909198760986 -0.80049270391464233
vn -0.47393935918807983 -0.36686909198760986 -0.80049270391464233
vn -0.5649491548538208 -0.437318354845047 -0.69970357418060303
vn -0.53593868017196655 -0.41486179828643799 -0.73529547452926636
vn -0.53593868017196655 -0.41486179828643799 -0.73529547452926636
vn -0.66519039869308472 -0.51491355895996094 -0.54072701930999756
vn -0.61841708421707153 -0.47870707511901855 -0.62321734428405762
vn -0.61841708421707153 -0.47870707511901855 -0.62321734428405762
vn -0.592476487159729 -0.45862680673599243 -0.66229379177093506
vn -0.592476487159729 -0.45862680673599243 -0.66229379177093506
vn -0.66519039869308472 -0.51491355895996094 -0.54072701930999756
vn -0.6426805853843689 -0.49748903512954712 -0.58263736963272095
vn -0.6426805853843689 -0.49748903512954712 -0.58263736963272095
vn -0.73668807744979858 -0.57025879621505737 -0.36344948410987854
vn -0.70471763610839844 -0.54551094770431519 -0.45364180207252502
vn -0.70471763610839844 -0.54551094770431519 -0.45364180207252502
vn -0.68588495254516602 -0.53093284368515015 -0.49766671657562256
vn -0.68588495254516602 -0.53093284368515015 -0.49766671657562256
vn -0.73668807744979858 -0.57025879621505737 -0.36344948410987854
vn -0.72165733575820923 -0.55862373113632202 -0.40884014964103699
vn -0.72165733575820923 -0.55862373113632202 -0.40884014964103699
vn -0.77790331840515137 -0.60216283798217773 -0.17962829768657684
vn -0.7610321044921875 -0.589103102684021 -0.27163878083229065
vn -0.7610321044921875 -0.589103102684021 -0.27163878083229065
vn -0.74980872869491577 -0.58041530847549438 -0.31765538454055786
vn -0.74980872869491577 -0.58041530847549438 -0.31765538454055786
vn -0.77790331840515137 -0.60216283798217773 -0.17962829768657684
vn -0.77038425207138062 -0.59634244441986084 -0.22557428479194641
vn -0.77038425207138062 -0.59634244441986084 -0.22557428479194641
vn -0.78764796257019043 -0.60970604419708252 -0.088708475232124329
vn -0.78764796257019043 -0.60970604419708252 -0.088708475232124329
vn -0.7836383581161499 -0.6066022515296936 -0.13395766913890839
vn -0.7836383581161499 -0.6066022515296936 -0.13395766913890839
vn -0.78999912738800049 -0.6115260124206543 -0.044015180319547653
vn -0.78999912738800049 -0.6115260124206543 -0.044015180319547653
vn -0.78271663188934326 -0.60588878393173218 -0.14231483638286591
vn -0.75873392820358276 -0.58732414245605469 -0.28173255920410156
vn -0.71930557489395142 -0.55680322647094727 -0.41541501879692078
vn -0.6652342677116394 -0.51494747400283813 -0.54064083099365234
vn -0.59762066602706909 -0.46260887384414673 -0.6548607349395752
vn -0.51784127950668335 -0.40085285902023315 -0.75574958324432373
vn -0.42752009630203247 -0.33093664050102234 -0.84125351905822754
vn -0.32849586009979248 -0.25428351759910583 -0.90963196754455566
vn -0.2227843850851059 -0.17245392501354218 -0.95949298143386841
vn -0.11253765970468521 -0.087113648653030396 -0.98982143402099609
vn 0.79076546430587769 0.61211925745010376 0
vn -0.61211925745010376 0.79076546430587769 0
vn 0.79076546430587769 0.61211925745010376 0
vn 0.65925407409667969 0.75192028284072876 0
vn 0.49892598390579224 0.86664462089538574 0
vn 0.31470099091529846 0.94919085502624512 0
vn 0.11598308384418488 0.99325120449066162 0
vn -0.087325289845466614 0.99617987871170044 0
vn -0.28285548090934753 0.95916253328323364 0
vn -0.46011900901794434 0.88785725831985474 0
vn -0.61211925745010376 0.79076546430587769 0
vn 0.79076546430587769 0.61211925745010376 0
vn 0.65925407409667969 0.75192028284072876 0
vn 0.49892598390579224 0.86664462089538574 0
vn 0.31470099091529846 0.94919085502624512 0
vn 0.11598308384418488 0.99325120449066162 0
vn -0.087325289845466614 0.99617987871170044 0
vn -0.28285548090934753 0.95916253328323364 0
vn -0.46011900901794434 0.88785725831985474 0
vn -0.61211925745010376 0.79076546430587769 0
vn 0.79076546430587769 0.61211925745010376 0
vn 0.65925407409667969 0.75192028284072876 0
vn 0.49892598390579224 0.86664462089538574 0
vn 0.31470099091529846 0.94919085502624512 0
vn 0.11598308384418488 0.99325120449066162 0
vn -0.087325289845466614 0.99617987871170044 0
vn -0.28285548090934753 0.95916253328323364 0
vn -0.46011900901794434 0.88785725831985474 0
vn -0.61211925745010376 0.79076546430587769 0
vn 0.79076546430587769 0.61211925745010376 0
vn 0.65925407409667969 0.75192028284072876 0
vn 0.49892598390579224 0.86664462089538574 0
vn 0.31470099091529846 0.94919085502624512 0
vn 0.11598308384418488 0.99325120449066162 0
vn -0.087325289845466614 0.99617987871170044 0
vn -0.28285548090934753 0.95916253328323364 0
vn -0.46011900901794434 0.88785725831985474 0
vn -0.61211925745010376 0.79076546430587769 0
vn 0.79076546430587769 0.61211925745010376 0
vn 0.65925407409667969 0.75192028284072876 0
vn 0.49892598390579224 0.86664462089538574 0
vn 0.31470099091529846 0.94919085502624512 0
vn 0.11598308384418488 0.99325120449066162 0
vn -0.087325289845466614 0.99617987871170044 0
vn -0.28285548090934753 0.95916253328323364 0
vn -0.46011900901794434 0.88785725831985474 0
vn -0.61211925745010376 0.79076546430587769 0
vn 0.79076546430587769 0.61211925745010376 0
vn -0.61211925745010376 0.79076546430587769 0
vn -0.53858935832977295 0.84256839752197266 0
vn -0.45801004767417908 0.8889470100402832 0
vn -0.37090519070625305 0.92867076396942139 0
vn -0.27806472778320312 0.96056234836578369 0
vn -0.18054142594337463 0.98356735706329346 0
vn -0.079626485705375671 0.99682474136352539 0
vn 0.023197267204523087 0.99973088502883911 0
vn 0.12632195651531219 0.99198931455612183 0
vn 0.22809568047523499 0.97363871335983276 0
vn 0.32690954208374023 0.94505566358566284 0
vn 0.42128124833106995 0.90693002939224243 0
vn 0.50992661714553833 0.86021792888641357 0
vn 0.59181147813796997 0.80607640743255615 0
vn 0.66618084907531738 0.74579024314880371 0
vn 0.73256510496139526 0.68069696426391602 0
vn -0.53955847024917603 0.84194815158843994 0
vn -0.46011900901794434 0.88785725831985474 0
vn -0.53955847024917603 0.84194815158843994 0
vn -0.57672035694122314 0.81694161891937256 0
vn -0.53955847024917603 0.84194815158843994 0
vn -0.57672035694122314 0.81694161891937256 0
vn -0.50067317485809326 0.86563640832901001 0
vn -0.46011900901794434 0.88785725831985474 0
vn -0.50067317485809326 0.86563640832901001 0
vn -0.37430053949356079 0.92730742692947388 0
vn -0.28285548090934753 0.95916253328323364 0
vn -0.37430053949356079 0.92730742692947388 0
vn -0.4179660975933075 0.90846264362335205 0
vn -0.37430053949356079 0.92730742692947388 0
vn -0.4179660975933075 0.90846264362335205 0
vn -0.32922437787055969 0.94425171613693237 0
vn -0.28285548090934753 0.95916253328323364 0
vn -0.32922437787055969 0.94425171613693237 0
vn -0.18678665161132812 0.98240047693252563 0
vn -0.087325289845466614 0.99617987871170044 0
vn -0.18678665161132812 0.98240047693252563 0
vn -0.23532705008983612 0.97191625833511353 0
vn -0.18678665161132812 0.98240047693252563 0
vn -0.23532705008983612 0.97191625833511353 0
vn -0.13739520311355591 0.9905163049697876 0
vn -0.087325289845466614 0.99617987871170044 0
vn -0.13739520311355591 0.9905163049697876 0
vn 0.014111676253378391 0.99990040063858032 0
vn 0.11598308384418488 0.99325120449066162 0
vn 0.014111676253378391 0.99990040063858032 0
vn -0.036759518086910248 0.99932414293289185 0
vn 0.014111676253378391 0.99990040063858032 0
vn -0.036759518086910248 0.99932414293289185 0
vn 0.065092258155345917 0.9978792667388916 0
vn 0.11598308384418488 0.99325120449066162 0
vn 0.065092258155345917 0.9978792667388916 0
vn 0.21669873595237732 0.97623854875564575 0
vn 0.31470099091529846 0.94919085502624512 0
vn 0.21669873595237732 0.97623854875564575 0
vn 0.16658446192741394 0.98602718114852905 0
vn 0.21669873595237732 0.97623854875564575 0
vn 0.16658446192741394 0.98602718114852905 0
vn 0.2661328911781311 0.96393632888793945 0
vn 0.31470099091529846 0.94919085502624512 0
vn 0.2661328911781311 0.96393632888793945 0
vn 0.40959495306015015 0.91226750612258911 0
vn 0.49892598390579224 0.86664462089538574 0
vn 0.40959495306015015 0.91226750612258911 0
vn 0.36276677250862122 0.93187999725341797 0
vn 0.40959495306015015 0.91226750612258911 0
vn 0.36276677250862122 0.93187999725341797 0
vn 0.45502856373786926 0.89047682285308838 0
vn 0.49892598390579224 0.86664462089538574 0
vn 0.45502856373786926 0.89047682285308838 0
vn 0.58292567729949951 0.81252545118331909 0
vn 0.65925407409667969 0.75192028284072876 0
vn 0.58292567729949951 0.81252545118331909 0
vn 0.54184025526046753 0.8404814600944519 0
vn 0.58292567729949951 0.81252545118331909 0
vn 0.54184025526046753 0.8404814600944519 0
vn 0.62208849191665649 0.78294694423675537 0
vn 0.65925407409667969 0.75192028284072876 0
vn 0.62208849191665649 0.78294694423675537 0
vn 0.72950851917266846 0.68397176265716553 0
vn 0.72950851917266846 0.68397176265716553 0
vn 0.69549763202667236 0.7185283899307251 0
vn 0.72950851917266846 0.68397176265716553 0
vn 0.69549763202667236 0.7185283899307251 0
vn 0.76126539707183838 0.64844042062759399 0
vn 0.76126539707183838 0.64844042062759399 0
vn 0.73256510496139526 0.68069696426391602 0
vn 0.66618084907531738 0.74579024314880371 0
vn 0.59181147813796997 0.80607640743255615 0
vn 0.50992661714553833 0.86021792888641357 0
vn 0.42128124833106995 0.90693002939224243 0
vn 0.32690954208374023 0.94505566358566284 0
vn 0.22809568047523499 0.97363871335983276 0
vn 0.12632195651531219 0.99198931455612183 0
vn 0.023197267204523087 0.99973088502883911 0
vn -0.079626485705375671 0.99682474136352539 0
vn -0.18054142594337463 0.98356735706329346 0
vn -0.27806472778320312 0.96056234836578369 0
vn -0.37090519070625305 0.92867076396942139 0
vn -0.45801004767417908 0.8889470100402832 0
vn -0.53858935832977295 0.84256839752197266 0
vn 0.65925407409667969 0.75192028284072876 0
vn 0.72950851917266846 0.68397176265716553 0
vn 0.72950851917266846 0.68397176265716553 0
vn 0.72950851917266846 0.68397176265716553 0
vn 0.76126539707183838 0.64844042062759399 0
vn 0.76126539707183838 0.64844042062759399 0
vn 0.65925407409667969 0.75192028284072876 0
vn 0.69549763202667236 0.7185283899307251 0
vn 0.69549763202667236 0.7185283899307251 0
vn 0.49892598390579224 0.86664462089538574 0
vn 0.58292567729949951 0.81252545118331909 0
vn 0.58292567729949951 0.81252545118331909 0
vn 0.58292567729949951 0.81252545118331909 0
vn 0.62208849191665649 0.78294694423675537 0
vn 0.62208849191665649 0.78294694423675537 0
vn 0.49892598390579224 0.86664462089538574 0
vn 0.54184025526046753 0.8404814600944519 0
vn 0.54184025526046753 0.8404814600944519 0
vn 0.31470099091529846 0.94919085502624512 0
vn 0.40959495306015015 0.91226750612258911 0
vn 0.40959495306015015 0.91226750612258911 0
vn 0.40959495306015015 0.91226750612258911 0
vn 0.45502856373786926 0.89047682285308838 0
vn 0.45502856373786926 0.89047682285308838 0
vn 0.31470099091529846 0.94919085502624512 0
vn 0.36276677250862122 0.93187999725341797 0
vn 0.36276677250862122 0.93187999725341797 0
vn 0.11598308384418488 0.99325120449066162 0
vn 0.21669873595237732 0.97623854875564575 0
vn 0.21669873595237732 0.97623854875564575 0
vn 0.21669873595237732 0.97623854875564575 0
vn 0.2661328911781311 0.96393632888793945 0
vn 0.2661328911781311 0.96393632888793945 0
vn 0.11598308384418488 0.99325120449066162 0
vn 0.16658446192741394 0.98602718114852905 0
vn 0.16658446192741394 0.98602718114852905 0
vn -0.087325289845466614 0.99617987871170044 0
vn 0.014111676253378391 0.99990040063858032 0
vn 0.014111676253378391 0.99990040063858032 0
vn 0.014111676253378391 0.99990040063858032 0
vn 0.065092258155345917 0.9978792667388916 0
vn 0.065092258155345917 0.9978792667388916 0
vn -0.087325289845466614 0.99617987871170044 0
vn -0.036759518086910248 0.99932414293289185 0
vn -0.036759518086910248 0.99932414293289185 0
vn -0.28285548090934753 0.95916253328323364 0
vn -0.18678665161132812 0.98240047693252563 0
vn -0.18678665161132812 0.98240047693252563 0
vn -0.18678665161132812 0.98240047693252563 0
vn -0.13739520311355591 0.9905163049697876 0
vn -0.13739520311355591 0.9905163049697876 0
vn -0.28285548090934753 0.95916253328323364 0
vn -0.23532705008983612 0.97191625833511353 0
vn -0.23532705008983612 0.97191625833511353 0
vn -0.46011900901794434 0.88785725831985474 0
vn -0.37430053949356079 0.92730742692947388 0
vn -0.37430053949356079 0.92730742692947388 0
vn -0.37430053949356079 0.92730742692947388 0
vn -0.32922437787055969 0.94425171613693237 0
vn -0.32922437787055969 0.94425171613693237 0
vn -0.46011900901794434 0.88785725831985474 0
vn -0.4179660975933075 0.90846264362335205 0
vn -0.4179660975933075 0.90846264362335205 0
vn -0.53955847024917603 0.84194815158843994 0
vn -0.53955847024917603 0.84194815158843994 0
vn -0.53955847024917603 0.84194815158843994 0
vn -0.50067317485809326 0.86563640832901001 0
vn -0.50067317485809326 0.86563640832901001 0
vn -0.57672035694122314 0.81694161891937256 0
vn -0.57672035694122314 0.81694161891937256 0
vn 0.79076546430587769 0.61211925745010376 0
vn 0 0 1
vn 0.79076546430587769 0.61211925745010376 0
vn 0.77619975805282593 0.60084414482116699 0.19105048477649689
vn 0.73147648572921753 0.56622457504272461 0.37991040945053101
vn 0.65623462200164795 0.50798100233078003 0.55795282125473022
vn 0.55330145359039307 0.42830201983451843 0.71443325281143188
vn 0.42758825421333313 0.33098942041397095 0.8411981463432312
vn 0.28740331530570984 0.22247442603111267 0.93161392211914062
vn 0.14204385876655579 0.10995393991470337 0.98373454809188843
vn 0 0 1
vn 0.79076546430587769 0.61211925745010376 0
vn 0 0 1
vn 0.78756678104400635 0.60964316129684448 0.089854441583156586
vn 0.77756392955780029 0.60190016031265259 0.18196305632591248
vn 0.76024109125137329 0.58849078416824341 0.27515822649002075
vn 0.7352445125579834 0.56914132833480835 0.36809471249580383
vn 0.70242434740066528 0.54373574256896973 0.45929458737373352
vn 0.66186714172363281 0.51234108209609985 0.54720973968505859
vn 0.61391329765319824 0.47522073984146118 0.63029813766479492
vn 0.55915564298629761 0.43283367156982422 0.70710676908493042
vn 0.49841800332069397 0.38581761717796326 0.77635318040847778
vn 0.43271458148956299 0.33495762944221497 0.83699548244476318
vn 0.36319431662559509 0.28114306926727295 0.88828402757644653
vn 0.29107660055160522 0.22531785070896149 0.92978829145431519
vn 0.21758560836315155 0.16842964291572571 0.96139895915985107
vn 0.14389009773731232 0.11138308793306351 0.98330539464950562
vn 0.071053788065910339 0.055001631379127502 0.99595493078231812
vn 0.77619975805282593 0.60084414482116699 0.19105048477649689
vn 0.78724056482315063 0.60939067602157593 0.094315044581890106
vn 0.78724056482315063 0.60939067602157593 0.094315044581890106
vn 0.73147648572921753 0.56622457504272461 0.37991040945053101
vn 0.75780636072158813 0.58660608530044556 0.28569704294204712
vn 0.75780636072158813 0.58660608530044556 0.28569704294204712
vn 0.65623462200164795 0.50798100233078003 0.55795282125473022
vn 0.69770032167434692 0.54007893800735474 0.47066867351531982
vn 0.69770032167434692 0.54007893800735474 0.47066867351531982
vn 0.55330145359039307 0.42830201983451843 0.71443325281143188
vn 0.60804510116577148 0.47067824006080627 0.63933026790618896
vn 0.60804510116577148 0.47067824006080627 0.63933026790618896
vn 0.42758825421333313 0.33098942041397095 0.8411981463432312
vn 0.49281874299049377 0.38148331642150879 0.78204870223999023
vn 0.49281874299049377 0.38148331642150879 0.78204870223999023
vn 0.28740331530570984 0.22247442603111267 0.93161392211914062
vn 0.35872429609298706 0.27768290042877197 0.89118409156799316
vn 0.35872429609298706 0.27768290042877197 0.89118409156799316
vn 0.14204385876655579 0.10995393991470337 0.98373454809188843
vn 0.2148025780916214 0.16627532243728638 0.96239930391311646
vn 0.2148025780916214 0.16627532243728638 0.96239930391311646
vn 0.070147596299648285 0.054300162941217422 0.99605762958526611
vn 0.070147596299648285 0.054300162941217422 0.99605762958526611
vn 0.071053788065910339 0.055001631379127502 0.99595493078231812
vn 0.14389009773731232 0.11138308793306351 0.98330539464950562
vn 0.21758560836315155 0.16842964291572571 0.96139895915985107
vn 0.29107660055160522 0.22531785070896149 0.92978829145431519
vn 0.36319431662559509 0.28114306926727295 0.88828402757644653
vn 0.43271458148956299 0.33495762944221497 0.83699548244476318
vn 0.49841800332069397 0.38581761717796326 0.77635318040847778
vn 0.55915564298629761 0.43283367156982422 0.70710676908493042
vn 0.61391329765319824 0.47522073984146118 0.63029813766479492
vn 0.66186714172363281 0.51234108209609985 0.54720973968505859
vn 0.70242434740066528 0.54373574256896973 0.45929458737373352
vn 0.7352445125579834 0.56914132833480835 0.36809471249580383
vn 0.76024109125137329 0.58849078416824341 0.27515822649002075
vn 0.77756392955780029 0.60190016031265259 0.18196305632591248
vn 0.78756678104400635 0.60964316129684448 0.089854441583156586
vn 0.14204385876655579 0.10995393991470337 0.98373454809188843
vn 0.070147596299648285 0.054300162941217422 0.99605762958526611
vn 0.28740331530570984 0.22247442603111267 0.93161392211914062
vn 0.2148025780916214 0.16627532243728638 0.96239930391311646
vn 0.42758825421333313 0.33098942041397095 0.8411981463432312
vn 0.35872429609298706 0.27768290042877197 0.89118409156799316
vn 0.55330145359039307 0.42830201983451843 0.71443325281143188
vn 0.49281874299049377 0.38148331642150879 0.78204870223999023
vn 0.65623462200164795 0.50798100233078003 0.55795282125473022
vn 0.60804510116577148 0.47067824006080627 0.63933026790618896
vn 0.73147648572921753 0.56622457504272461 0.37991040945053101
vn 0.69770032167434692 0.54007893800735474 0.47066867351531982
vn 0.77619975805282593 0.60084414482116699 0.19105048477649689
vn 0.75780636072158813 0.58660608530044556 0.28569704294204712
vn 0.78724056482315063 0.60939067602157593 0.094315044581890106
vn 0.79076546430587769 0.61211925745010376 0
vn 0.61211925745010376 -0.79076546430587769 0
vn 0.79076546430587769 0.61211925745010376 0
vn 0.89314544200897217 0.44976800680160522 0
vn 0.96402692794799805 0.26580449938774109 0
vn 0.9977683424949646 0.066771194338798523 0
vn 0.99061977863311768 -0.13664712011814117 0
vn 0.94250184297561646 -0.33420100808143616 0
vn 0.85766208171844482 -0.5142136812210083 0
vn 0.74420672655105591 -0.667949378490448 0
vn 0.61211925745010376 -0.79076546430587769 0
vn 0.79076546430587769 0.61211925745010376 0
vn 0.89314544200897217 0.44976800680160522 0
vn 0.96402692794799805 0.26580449938774109 0
vn 0.9977683424949646 0.066771194338798523 0
vn 0.99061977863311768 -0.13664712011814117 0
vn 0.94250184297561646 -0.33420100808143616 0
vn 0.85766208171844482 -0.5142136812210083 0
vn 0.74420672655105591 -0.667949378490448 0
vn 0.61211925745010376 -0.79076546430587769 0
vn 0.79076546430587769 0.61211925745010376 0
vn 0.89314544200897217 0.44976800680160522 0
vn 0.96402692794799805 0.26580449938774109 0
vn 0.9977683424949646 0.066771194338798523 0
vn 0.99061977863311768 -0.13664712011814117 0
vn 0.94250184297561646 -0.33420100808143616 0
vn 0.85766208171844482 -0.5142136812210083 0
vn 0.74420672655105591 -0.667949378490448 0
vn 0.61211925745010376 -0.79076546430587769 0
vn 0.79076546430587769 0.61211925745010376 0
vn 0.89314544200897217 0.44976800680160522 0
vn 0.96402692794799805 0.26580449938774109 0
vn 0.9977683424949646 0.066771194338798523 0
vn 0.99061977863311768 -0.13664712011814117 0
vn 0.94250184297561646 -0.33420100808143616 0
vn 0.85766208171844482 -0.5142136812210083 0
vn 0.74420672655105591 -0.667949378490448 0
vn 0.61211925745010376 -0.79076546430587769 0
vn 0.79076546430587769 0.61211925745010376 0
vn 0.89314544200897217 0.44976800680160522 0
vn 0.96402692794799805 0.26580449938774109 0
vn 0.9977683424949646 0.066771194338798523 0
vn 0.99061977863311768 -0.13664712011814117 0
vn 0.94250184297561646 -0.33420100808143616 0
vn 0.85766208171844482 -0.5142136812210083 0
vn 0.74420672655105591 -0.667949378490448 0
vn 0.61211925745010376 -0.79076546430587769 0
vn 0.79076546430587769 0.61211925745010376 0
vn 0.61211925745010376 -0.79076546430587769 0
vn 0.68069696426391602 -0.73256510496139526 0
vn 0.74579024314880371 -0.66618084907531738 0
vn 0.80607640743255615 -0.59181147813796997 0
vn 0.86021792888641357 -0.50992661714553833 0
vn 0.90693002939224243 -0.42128124833106995 0
vn 0.94505566358566284 -0.32690954208374023 0
vn 0.97363871335983276 -0.22809568047523499 0
vn 0.99198931455612183 -0.12632195651531219 0
vn 0.99973088502883911 -0.023197267204523087 0
vn 0.99682474136352539 0.079626485705375671 0
vn 0.98356735706329346 0.18054142594337463 0
vn 0.96056234836578369 0.27806472778320312 0
vn 0.92867076396942139 0.37090519070625305 0
vn 0.8889470100402832 0.45801004767417908 0
vn 0.84256839752197266 0.53858935832977295 0
vn 0.67985361814498901 -0.73334783315658569 0
vn 0.74420672655105591 -0.667949378490448 0
vn 0.67985361814498901 -0.73334783315658569 0
vn 0.64633172750473022 -0.76305657625198364 0
vn 0.67985361814498901 -0.73334783315658569 0
vn 0.64633172750473022 -0.76305657625198364 0
vn 0.71253132820129395 -0.70164024829864502 0
vn 0.74420672655105591 -0.667949378490448 0
vn 0.71253132820129395 -0.70164024829864502 0
vn 0.8039056658744812 -0.59475678205490112 0
vn 0.85766208171844482 -0.5142136812210083 0
vn 0.8039056658744812 -0.59475678205490112 0
vn 0.77471882104873657 -0.63230592012405396 0
vn 0.8039056658744812 -0.59475678205490112 0
vn 0.77471882104873657 -0.63230592012405396 0
vn 0.83160620927810669 -0.55536580085754395 0
vn 0.85766208171844482 -0.5142136812210083 0
vn 0.83160620927810669 -0.55536580085754395 0
vn 0.90423524379730225 -0.42703473567962646 0
vn 0.94250184297561646 -0.33420100808143616 0
vn 0.90423524379730225 -0.42703473567962646 0
vn 0.88192039728164673 -0.47139841318130493 0
vn 0.90423524379730225 -0.42703473567962646 0
vn 0.88192039728164673 -0.47139841318130493 0
vn 0.92447048425674438 -0.38125357031822205 0
vn 0.94250184297561646 -0.33420100808143616 0
vn 0.92447048425674438 -0.38125357031822205 0
vn 0.97152578830718994 -0.23693379759788513 0
vn 0.99061977863311768 -0.13664712011814117 0
vn 0.97152578830718994 -0.23693379759788513 0
vn 0.95821857452392578 -0.28603702783584595 0
vn 0.97152578830718994 -0.23693379759788513 0
vn 0.95821857452392578 -0.28603702783584595 0
vn 0.98234587907791138 -0.18707367777824402 0
vn 0.99061977863311768 -0.13664712011814117 0
vn 0.98234587907791138 -0.18707367777824402 0
vn 0.99939143657684326 -0.034882050007581711 0
vn 0.9977683424949646 0.066771194338798523 0
vn 0.99939143657684326 -0.034882050007581711 0
vn 0.99630802869796753 -0.08585018664598465 0
vn 0.99939143657684326 -0.034882050007581711 0
vn 0.99630802869796753 -0.08585018664598465 0
vn 0.99987107515335083 0.016057614237070084 0
vn 0.9977683424949646 0.066771194338798523 0
vn 0.99987107515335083 0.016057614237070084 0
vn 0.9858056902885437 0.16789041459560394 0
vn 0.96402692794799805 0.26580449938774109 0
vn 0.9858056902885437 0.16789041459560394 0
vn 0.99305611848831177 0.11764144152402878 0
vn 0.9858056902885437 0.16789041459560394 0
vn 0.99305611848831177 0.11764144152402878 0
vn 0.97609704732894897 0.21733520925045013 0
vn 0.96402692794799805 0.26580449938774109 0
vn 0.97609704732894897 0.21733520925045013 0
vn 0.93268698453903198 0.36068674921989441 0
vn 0.89314544200897217 0.44976800680160522 0
vn 0.93268698453903198 0.36068674921989441 0
vn 0.94945400953292847 0.31390619277954102 0
vn 0.93268698453903198 0.36068674921989441 0
vn 0.94945400953292847 0.31390619277954102 0
vn 0.91386747360229492 0.40601268410682678 0
vn 0.89314544200897217 0.44976800680160522 0
vn 0.91386747360229492 0.40601268410682678 0
vn 0.84497261047363281 0.53480958938598633 0
vn 0.84497261047363281 0.53480958938598633 0
vn 0.86990261077880859 0.49322354793548584 0
vn 0.84497261047363281 0.53480958938598633 0
vn 0.86990261077880859 0.49322354793548584 0
vn 0.81853419542312622 0.57445782423019409 0
vn 0.81853419542312622 0.57445782423019409 0
vn 0.84256839752197266 0.53858935832977295 0
vn 0.8889470100402832 0.45801004767417908 0
vn 0.92867076396942139 0.37090519070625305 0
vn 0.96056234836578369 0.27806472778320312 0
vn 0.98356735706329346 0.18054142594337463 0
vn 0.99682474136352539 0.079626485705375671 0
vn 0.99973088502883911 -0.023197267204523087 0
vn 0.99198931455612183 -0.12632195651531219 0
vn 0.97363871335983276 -0.22809568047523499 0
vn 0.94505566358566284 -0.32690954208374023 0
vn 0.90693002939224243 -0.42128124833106995 0
vn 0.86021792888641357 -0.50992661714553833 0
vn 0.80607640743255615 -0.59181147813796997 0
vn 0.74579024314880371 -0.66618084907531738 0
vn 0.68069696426391602 -0.73256510496139526 0
vn 0.89314544200897217 0.44976800680160522 0
vn 0.84497261047363281 0.53480958938598633 0
vn 0.84497261047363281 0.53480958938598633 0
vn 0.84497261047363281 0.53480958938598633 0
vn 0.81853419542312622 0.57445782423019409 0
vn 0.81853419542312622 0.57445782423019409 0
vn 0.89314544200897217 0.44976800680160522 0
vn 0.86990261077880859 0.49322354793548584 0
vn 0.86990261077880859 0.49322354793548584 0
vn 0.96402692794799805 0.26580449938774109 0
vn 0.93268698453903198 0.36068674921989441 0
vn 0.93268698453903198 0.36068674921989441 0
vn 0.93268698453903198 0.36068674921989441 0
vn 0.91386747360229492 0.40601268410682678 0
vn 0.91386747360229492 0.40601268410682678 0
vn 0.96402692794799805 0.26580449938774109 0
vn 0.94945400953292847 0.31390619277954102 0
vn 0.94945400953292847 0.31390619277954102 0
vn 0.9977683424949646 0.066771194338798523 0
vn 0.9858056902885437 0.16789041459560394 0
vn 0.9858056902885437 0.16789041459560394 0
vn 0.9858056902885437 0.16789041459560394 0
vn 0.97609704732894897 0.21733520925045013 0
vn 0.97609704732894897 0.21733520925045013 0
vn 0.9977683424949646 0.066771194338798523 0
vn 0.99305611848831177 0.11764144152402878 0
vn 0.99305611848831177 0.11764144152402878 0
vn 0.99061977863311768 -0.13664712011814117 0
vn 0.99939143657684326 -0.034882050007581711 0
vn 0.99939143657684326 -0.034882050007581711 0
vn 0.99939143657684326 -0.034882050007581711 0
vn 0.99987107515335083 0.016057614237070084 0
vn 0.99987107515335083 0.016057614237070084 0
vn 0.99061977863311768 -0.13664712011814117 0
vn 0.99630802869796753 -0.08585018664598465 0
vn 0.99630802869796753 -0.08585018664598465 0
vn 0.94250184297561646 -0.33420100808143616 0
vn 0.97152578830718994 -0.23693379759788513 0
vn 0.97152578830718994 -0.23693379759788513 0
vn 0.97152578830718994 -0.23693379759788513 0
vn 0.98234587907791138 -0.18707367777824402 0
vn 0.98234587907791138 -0.18707367777824402 0
vn 0.94250184297561646 -0.33420100808143616 0
vn 0.95821857452392578 -0.28603702783584595 0
vn 0.95821857452392578 -0.28603702783584595 0
vn 0.85766208171844482 -0.5142136812210083 0
vn 0.90423524379730225 -0.42703473567962646 0
vn 0.90423524379730225 -0.42703473567962646 0
vn 0.90423524379730225 -0.42703473567962646 0
vn 0.92447048425674438 -0.38125357031822205 0
vn 0.92447048425674438 -0.38125357031822205 0
vn 0.85766208171844482 -0.5142136812210083 0
vn 0.88192039728164673 -0.47139841318130493 0
vn 0.88192039728164673 -0.47139841318130493 0
vn 0.74420672655105591 -0.667949378490448 0
vn 0.8039056658744812 -0.59475678205490112 0
vn 0.8039056658744812 -0.59475678205490112 0
vn 0.8039056658744812 -0.59475678205490112 0
vn 0.83160620927810669 -0.55536580085754395 0
vn 0.83160620927810669 -0.55536580085754395 0
vn 0.74420672655105591 -0.667949378490448 0
vn 0.77471882104873657 -0.63230592012405396 0
vn 0.77471882104873657 -0.63230592012405396 0
vn 0.67985361814498901 -0.73334783315658569 0
vn 0.67985361814498901 -0.73334783315658569 0
vn 0.67985361814498901 -0.73334783315658569 0
vn 0.71253132820129395 -0.70164024829864502 0
vn 0.71253132820129395 -0.70164024829864502 0
vn 0.64633172750473022 -0.76305657625198364 0
vn 0.64633172750473022 -0.76305657625198364 0
vn 0 0 1
vn -0.61211925745010376 0.79076546430587769 0
vn 0 0 1
vn -0.11694567650556564 0.15107612311840057 0.98158019781112671
vn -0.23255047202110291 0.30042004585266113 0.92502325773239136
vn -0.34153366088867188 0.4412098228931427 0.82987266778945923
vn -0.437318354845047 0.5649491548538208 0.69970357418060303
vn -0.51491355895996094 0.66519039869308472 0.54072701930999756
vn -0.57025879621505737 0.73668807744979858 0.36344948410987854
vn -0.60216283798217773 0.77790331840515137 0.17962829768657684
vn -0.61211925745010376 0.79076546430587769 0
vn 0 0 1
vn -0.11694567650556564 0.15107612311840057 0.98158019781112671
vn -0.23255047202110291 0.30042004585266113 0.92502325773239136
vn -0.34153366088867188 0.4412098228931427 0.82987266778945923
vn -0.437318354845047 0.5649491548538208 0.69970357418060303
vn -0.51491355895996094 0.66519039869308472 0.54072701930999756
vn -0.57025879621505737 0.73668807744979858 0.36344948410987854
vn -0.60216283798217773 0.77790331840515137 0.17962829768657684
vn -0.61211925745010376 0.79076546430587769 0
vn 0 0 1
vn -0.11694567650556564 0.15107612311840057 0.98158019781112671
vn -0.23255047202110291 0.30042004585266113 0.92502325773239136
vn -0.34153366088867188 0.4412098228931427 0.82987266778945923
vn -0.437318354845047 0.5649491548538208 0.69970357418060303
vn -0.51491355895996094 0.66519039869308472 0.54072701930999756
vn -0.57025879621505737 0.73668807744979858 0.36344948410987854
vn -0.60216283798217773 0.77790331840515137 0.17962829768657684
vn -0.61211925745010376 0.79076546430587769 0
vn 0 0 1
vn -0.11694567650556564 0.15107612311840057 0.98158019781112671
vn -0.23255047202110291 0.30042004585266113 0.92502325773239136
vn -0.34153366088867188 0.4412098228931427 0.82987266778945923
vn -0.437318354845047 0.5649491548538208 0.69970357418060303
vn -0.51491355895996094 0.66519039869308472 0.54072701930999756
vn -0.57025879621505737 0.73668807744979858 0.36344948410987854
vn -0.60216283798217773 0.77790331840515137 0.17962829768657684
vn -0.61211925745010376 0.79076546430587769 0
vn 0 0 1
vn -0.11694567650556564 0.15107612311840057 0.98158019781112671
vn -0.23255047202110291 0.30042004585266113 0.92502325773239136
vn -0.34153366088867188 0.4412098228931427 0.82987266778945923
vn -0.437318354845047 0.5649491548538208 0.69970357418060303
vn -0.51491355895996094 0.66519039869308472 0.54072701930999756
vn -0.57025879621505737 0.73668807744979858 0.36344948410987854
vn -0.60216283798217773 0.77790331840515137 0.17962829768657684
vn -0.61211925745010376 0.79076546430587769 0
vn 0 0 1
vn -0.11694567650556564 0.15107612311840057 0.98158019781112671
vn -0.23255047202110291 0.30042004585266113 0.92502325773239136
vn -0.34153366088867188 0.4412098228931427 0.82987266778945923
vn -0.437318354845047 0.5649491548538208 0.69970357418060303
vn -0.51491355895996094 0.66519039869308472 0.54072701930999756
vn -0.57025879621505737 0.73668807744979858 0.36344948410987854
vn -0.60216283798217773 0.77790331840515137 0.17962829768657684
vn -0.61211925745010376 0.79076546430587769 0
vn 0 0 1
vn -0.11694567650556564 0.15107612311840057 0.98158019781112671
vn -0.23255047202110291 0.30042004585266113 0.92502325773239136
vn -0.34153366088867188 0.4412098228931427 0.82987266778945923
vn -0.437318354845047 0.5649491548538208 0.69970357418060303
vn -0.51491355895996094 0.66519039869308472 0.54072701930999756
vn -0.57025879621505737 0.73668807744979858 0.36344948410987854
vn -0.60216283798217773 0.77790331840515137 0.17962829768657684
vn -0.61211925745010376 0.79076546430587769 0
vn 0 0 1
vn -0.11694567650556564 0.15107612311840057 0.98158019781112671
vn -0.23255047202110291 0.30042004585266113 0.92502325773239136
vn -0.34153366088867188 0.4412098228931427 0.82987266778945923
vn -0.437318354845047 0.5649491548538208 0.69970357418060303
vn -0.51491355895996094 0.66519039869308472 0.54072701930999756
vn -0.57025879621505737 0.73668807744979858 0.36344948410987854
vn -0.60216283798217773 0.77790331840515137 0.17962829768657684
vn -0.61211925745010376 0.79076546430587769 0
vn 0 0 1
vn -0.61211925745010376 0.79076546430587769 0
vn -0.60964316129684448 0.78756678104400635 0.089854441583156586
vn -0.60190016031265259 0.77756392955780029 0.18196305632591248
vn -0.58849078416824341 0.76024109125137329 0.27515822649002075
vn -0.56914132833480835 0.7352445125579834 0.36809471249580383
vn -0.54373574256896973 0.70242434740066528 0.45929458737373352
vn -0.51234108209609985 0.66186714172363281 0.54720973968505859
vn -0.47522073984146118 0.61391329765319824 0.63029813766479492
vn -0.43283367156982422 0.55915564298629761 0.70710676908493042
vn -0.38581761717796326 0.49841800332069397 0.77635318040847778
vn -0.33495762944221497 0.43271458148956299 0.83699548244476318
vn -0.28114306926727295 0.36319431662559509 0.88828402757644653
vn -0.22531785070896149 0.29107660055160522 0.92978829145431519
vn -0.16842964291572571 0.21758560836315155 0.96139895915985107
vn -0.11138308793306351 0.14389009773731232 0.98330539464950562
vn -0.055001631379127502 0.071053788065910339 0.99595493078231812
vn -0.60970604419708252 0.78764796257019043 0.088708475232124329
vn -0.60216283798217773 0.77790331840515137 0.17962829768657684
vn -0.60970604419708252 0.78764796257019043 0.088708475232124329
vn -0.6115260124206543 0.78999912738800049 0.044015180319547653
vn -0.60970604419708252 0.78764796257019043 0.088708475232124329
vn -0.6115260124206543 0.78999912738800049 0.044015180319547653
vn -0.6066022515296936 0.7836383581161499 0.13395766913890839
vn -0.60216283798217773 0.77790331840515137 0.17962829768657684
vn -0.6066022515296936 0.7836383581161499 0.13395766913890839
vn -0.589103102684021 0.7610321044921875 0.27163878083229065
vn -0.57025879621505737 0.73668807744979858 0.36344948410987854
vn -0.589103102684021 0.7610321044921875 0.27163878083229065
vn -0.59634244441986084 0.77038425207138062 0.22557428479194641
vn -0.589103102684021 0.7610321044921875 0.27163878083229065
vn -0.59634244441986084 0.77038425207138062 0.22557428479194641
vn -0.58041530847549438 0.74980872869491577 0.31765538454055786
vn -0.57025879621505737 0.73668807744979858 0.36344948410987854
vn -0.58041530847549438 0.74980872869491577 0.31765538454055786
vn -0.54551094770431519 0.70471763610839844 0.45364180207252502
vn -0.51491355895996094 0.66519039869308472 0.54072701930999756
vn -0.54551094770431519 0.70471763610839844 0.45364180207252502
vn -0.55862373113632202 0.72165733575820923 0.40884014964103699
vn -0.54551094770431519 0.70471763610839844 0.45364180207252502
vn -0.55862373113632202 0.72165733575820923 0.40884014964103699
vn -0.53093284368515015 0.68588495254516602 0.49766671657562256
vn -0.51491355895996094 0.66519039869308472 0.54072701930999756
vn -0.53093284368515015 0.68588495254516602 0.49766671657562256
vn -0.47870707511901855 0.61841708421707153 0.62321734428405762
vn -0.437318354845047 0.5649491548538208 0.69970357418060303
vn -0.47870707511901855 0.61841708421707153 0.62321734428405762
vn -0.49748903512954712 0.6426805853843689 0.58263736963272095
vn -0.47870707511901855 0.61841708421707153 0.62321734428405762
vn -0.49748903512954712 0.6426805853843689 0.58263736963272095
vn -0.45862680673599243 0.592476487159729 0.66229379177093506
vn -0.437318354845047 0.5649491548538208 0.69970357418060303
vn -0.45862680673599243 0.592476487159729 0.66229379177093506
vn -0.39134636521339417 0.50556027889251709 0.7689322829246521
vn -0.34153366088867188 0.4412098228931427 0.82987266778945923
vn -0.39134636521339417 0.50556027889251709 0.7689322829246521
vn -0.41486179828643799 0.53593868017196655 0.73529547452926636
vn -0.39134636521339417 0.50556027889251709 0.7689322829246521
vn -0.41486179828643799 0.53593868017196655 0.73529547452926636
vn -0.36686909198760986 0.47393935918807983 0.80049270391464233
vn -0.34153366088867188 0.4412098228931427 0.82987266778945923
vn -0.36686909198760986 0.47393935918807983 0.80049270391464233
vn -0.28810536861419678 0.37218853831291199 0.88231003284454346
vn -0.23255047202110291 0.30042004585266113 0.92502325773239136
vn -0.28810536861419678 0.37218853831291199 0.88231003284454346
vn -0.31514468789100647 0.4071192741394043 0.85728508234024048
vn -0.28810536861419678 0.37218853831291199 0.88231003284454346
vn -0.31514468789100647 0.4071192741394043 0.85728508234024048
vn -0.26053422689437866 0.33657082915306091 0.90489888191223145
vn -0.23255047202110291 0.30042004585266113 0.92502325773239136
vn -0.26053422689437866 0.33657082915306091 0.90489888191223145
vn -0.17488065361976624 0.22591935098171234 0.95831996202468872
vn -0.11694567650556564 0.15107612311840057 0.98158019781112671
vn -0.17488065361976624 0.22591935098171234 0.95831996202468872
vn -0.20380686223506927 0.26328763365745544 0.94294345378875732
vn -0.17488065361976624 0.22591935098171234 0.95831996202468872
vn -0.20380686223506927 0.26328763365745544 0.94294345378875732
vn -0.14588947594165802 0.18846713006496429 0.97118300199508667
vn -0.11694567650556564 0.15107612311840057 0.98158019781112671
vn -0.14588947594165802 0.18846713006496429 0.97118300199508667
vn -0.057732056826353073 0.074581079185009003 0.99554240703582764
vn -0.057732056826353073 0.074581079185009003 0.99554240703582764
vn -0.087202489376068115 0.11265242844820023 0.98980057239532471
vn -0.057732056826353073 0.074581079185009003 0.99554240703582764
vn -0.087202489376068115 0.11265242844820023 0.98980057239532471
vn -0.028634386137127876 0.036991294473409653 0.9989052414894104
vn -0.028634386137127876 0.036991294473409653 0.9989052414894104
vn -0.055001631379127502 0.071053788065910339 0.99595493078231812
vn -0.11138308793306351 0.14389009773731232 0.98330539464950562
vn -0.16842964291572571 0.21758560836315155 0.96139895915985107
vn -0.22531785070896149 0.29107660055160522 0.92978829145431519
vn -0.28114306926727295 0.36319431662559509 0.88828402757644653
vn -0.33495762944221497 0.43271458148956299 0.83699548244476318
vn -0.38581761717796326 0.49841800332069397 0.77635318040847778
vn -0.43283367156982422 0.55915564298629761 0.70710676908493042
vn -0.47522073984146118 0.61391329765319824 0.63029813766479492
vn -0.51234108209609985 0.66186714172363281 0.54720973968505859
vn -0.54373574256896973 0.70242434740066528 0.45929458737373352
vn -0.56914132833480835 0.7352445125579834 0.36809471249580383
vn -0.58849078416824341 0.76024109125137329 0.27515822649002075
vn -0.60190016031265259 0.77756392955780029 0.18196305632591248
vn -0.60964316129684448 0.78756678104400635 0.089854441583156586
vn -0.11694567650556564 0.15107612311840057 0.98158019781112671
vn -0.057732056826353073 0.074581079185009003 0.99554240703582764
vn -0.057732056826353073 0.074581079185009003 0.99554240703582764
vn -0.057732056826353073 0.074581079185009003 0.99554240703582764
vn -0.028634386137127876 0.036991294473409653 0.9989052414894104
vn -0.028634386137127876 0.036991294473409653 0.9989052414894104
vn -0.11694567650556564 0.15107612311840057 0.98158019781112671
vn -0.087202489376068115 0.11265242844820023 0.98980057239532471
vn -0.087202489376068115 0.11265242844820023 0.98980057239532471
vn -0.23255047202110291 0.30042004585266113 0.92502325773239136
vn -0.17488065361976624 0.22591935098171234 0.95831996202468872
vn -0.17488065361976624 0.22591935098171234 0.95831996202468872
vn -0.17488065361976624 0.22591935098171234 0.95831996202468872
vn -0.14588947594165802 0.18846713006496429 0.97118300199508667
vn -0.14588947594165802 0.18846713006496429 0.97118300199508667
vn -0.23255047202110291 0.30042004585266113 0.92502325773239136
vn -0.20380686223506927 0.26328763365745544 0.94294345378875732
vn -0.20380686223506927 0.26328763365745544 0.94294345378875732
vn -0.34153366088867188 0.4412098228931427 0.82987266778945923
vn -0.28810536861419678 0.37218853831291199 0.88231003284454346
vn -0.28810536861419678 0.37218853831291199 0.88231003284454346
vn -0.28810536861419678 0.37218853831291199 0.88231003284454346
vn -0.26053422689437866 0.33657082915306091 0.90489888191223145
vn -0.26053422689437866 0.33657082915306091 0.90489888191223145
vn -0.34153366088867188 0.4412098228931427 0.82987266778945923
vn -0.31514468789100647 0.4071192741394043 0.85728508234024048
vn -0.31514468789100647 0.4071192741394043 0.85728508234024048
vn -0.437318354845047 0.5649491548538208 0.69970357418060303
vn -0.39134636521339417 0.50556027889251709 0.7689322829246521
vn -0.39134636521339417 0.50556027889251709 0.7689322829246521
vn -0.39134636521339417 0.50556027889251709 0.7689322829246521
vn -0.36686909198760986 0.47393935918807983 0.80049270391464233
vn -0.36686909198760986 0.47393935918807983 0.80049270391464233
vn -0.437318354845047 0.5649491548538208 0.69970357418060303
vn -0.41486179828643799 0.53593868017196655 0.73529547452926636
vn -0.41486179828643799 0.53593868017196655 0.73529547452926636
vn -0.51491355895996094 0.66519039869308472 0.54072701930999756
vn -0.47870707511901855 0.61841708421707153 0.62321734428405762
vn -0.47870707511901855 0.61841708421707153 0.62321734428405762
vn -0.47870707511901855 0.61841708421707153 0.62321734428405762
vn -0.45862680673599243 0.592476487159729 0.66229379177093506
vn -0.45862680673599243 0.592476487159729 0.66229379177093506
vn -0.51491355895996094 0.66519039869308472 0.54072701930999756
vn -0.49748903512954712 0.6426805853843689 0.58263736963272095
vn -0.49748903512954712 0.6426805853843689 0.58263736963272095
vn -0.57025879621505737 0.73668807744979858 0.36344948410987854
vn -0.54551094770431519 0.70471763610839844 0.45364180207252502
vn -0.54551094770431519 0.70471763610839844 0.45364180207252502
vn -0.54551094770431519 0.70471763610839844 0.45364180207252502
vn -0.53093284368515015 0.68588495254516602 0.49766671657562256
vn -0.53093284368515015 0.68588495254516602 0.49766671657562256
vn -0.57025879621505737 0.73668807744979858 0.36344948410987854
vn -0.55862373113632202 0.72165733575820923 0.40884014964103699
vn -0.55862373113632202 0.72165733575820923 0.40884014964103699
vn -0.60216283798217773 0.77790331840515137 0.17962829768657684
vn -0.589103102684021 0.7610321044921875 0.27163878083229065
vn -0.589103102684021 0.7610321044921875 0.27163878083229065
vn -0.589103102684021 0.7610321044921875 0.27163878083229065
vn -0.58041530847549438 0.74980872869491577 0.31765538454055786
vn -0.58041530847549438 0.74980872869491577 0.31765538454055786
vn -0.60216283798217773 0.77790331840515137 0.17962829768657684
vn -0.59634244441986084 0.77038425207138062 0.22557428479194641
vn -0.59634244441986084 0.77038425207138062 0.22557428479194641
vn -0.60970604419708252 0.78764796257019043 0.088708475232124329
vn -0.60970604419708252 0.78764796257019043 0.088708475232124329
vn -0.60970604419708252 0.78764796257019043 0.088708475232124329
vn -0.6066022515296936 0.7836383581161499 0.13395766913890839
vn -0.6066022515296936 0.7836383581161499 0.13395766913890839
vn -0.6115260124206543 0.78999912738800049 0.044015180319547653
vn -0.6115260124206543 0.78999912738800049 0.044015180319547653
vn 0 0 1
vn -0.79076546430587769 -0.61211925745010376 0
vn 0 0 1
vn -0.15107612311840057 -0.11694567650556564 0.98158019781112671
vn -0.30042004585266113 -0.23255047202110291 0.92502325773239136
vn -0.4412098228931427 -0.34153366088867188 0.82987266778945923
vn -0.5649491548538208 -0.437318354845047 0.69970357418060303
vn -0.66519039869308472 -0.51491355895996094 0.54072701930999756
vn -0.73668807744979858 -0.57025879621505737 0.36344948410987854
vn -0.77790331840515137 -0.60216283798217773 0.17962829768657684
vn -0.79076546430587769 -0.61211925745010376 0
vn 0 0 1
vn -0.79076546430587769 -0.61211925745010376 0
vn -0.071053788065910339 -0.055001631379127502 0.99595493078231812
vn -0.14389009773731232 -0.11138308793306351 0.98330539464950562
vn -0.21758560836315155 -0.16842964291572571 0.96139895915985107
vn -0.29107660055160522 -0.22531785070896149 0.92978829145431519
vn -0.36319431662559509 -0.28114306926727295 0.88828402757644653
vn -0.43271458148956299 -0.33495762944221497 0.83699548244476318
vn -0.49841800332069397 -0.38581761717796326 0.77635318040847778
vn -0.55915564298629761 -0.43283367156982422 0.70710676908493042
vn -0.61391329765319824 -0.47522073984146118 0.63029813766479492
vn -0.66186714172363281 -0.51234108209609985 0.54720973968505859
vn -0.70242434740066528 -0.54373574256896973 0.45929458737373352
vn -0.7352445125579834 -0.56914132833480835 0.36809471249580383
vn -0.76024109125137329 -0.58849078416824341 0.27515822649002075
vn -0.77756392955780029 -0.60190016031265259 0.18196305632591248
vn -0.78756678104400635 -0.60964316129684448 0.089854441583156586
vn -0.15107612311840057 -0.11694567650556564 0.98158019781112671
vn -0.074581079185009003 -0.057732056826353073 0.99554240703582764
vn -0.074581079185009003 -0.057732056826353073 0.99554240703582764
vn -0.30042004585266113 -0.23255047202110291 0.92502325773239136
vn -0.22591935098171234 -0.17488065361976624 0.95831996202468872
vn -0.22591935098171234 -0.17488065361976624 0.95831996202468872
vn -0.4412098228931427 -0.34153366088867188 0.82987266778945923
vn -0.37218853831291199 -0.28810536861419678 0.88231003284454346
vn -0.37218853831291199 -0.28810536861419678 0.88231003284454346
vn -0.5649491548538208 -0.437318354845047 0.69970357418060303
vn -0.50556027889251709 -0.39134636521339417 0.7689322829246521
vn -0.50556027889251709 -0.39134636521339417 0.7689322829246521
vn -0.66519039869308472 -0.51491355895996094 0.54072701930999756
vn -0.61841708421707153 -0.47870707511901855 0.62321734428405762
vn -0.61841708421707153 -0.47870707511901855 0.62321734428405762
vn -0.73668807744979858 -0.57025879621505737 0.36344948410987854
vn -0.70471763610839844 -0.54551094770431519 0.45364180207252502
vn -0.70471763610839844 -0.54551094770431519 0.45364180207252502
vn -0.77790331840515137 -0.60216283798217773 0.17962829768657684
vn -0.7610321044921875 -0.589103102684021 0.27163878083229065
vn -0.7610321044921875 -0.589103102684021 0.27163878083229065
vn -0.78764796257019043 -0.60970604419708252 0.088708475232124329
vn -0.78764796257019043 -0.60970604419708252 0.088708475232124329
vn -0.78756678104400635 -0.60964316129684448 0.089854441583156586
vn -0.77756392955780029 -0.60190016031265259 0.18196305632591248
vn -0.76024109125137329 -0.58849078416824341 0.27515822649002075
vn -0.7352445125579834 -0.56914132833480835 0.36809471249580383
vn -0.70242434740066528 -0.54373574256896973 0.45929458737373352
vn -0.66186714172363281 -0.51234108209609985 0.54720973968505859
vn -0.61391329765319824 -0.47522073984146118 0.63029813766479492
vn -0.55915564298629761 -0.43283367156982422 0.70710676908493042
vn -0.49841800332069397 -0.38581761717796326 0.77635318040847778
vn -0.43271458148956299 -0.33495762944221497 0.83699548244476318
vn -0.36319431662559509 -0.28114306926727295 0.88828402757644653
vn -0.29107660055160522 -0.22531785070896149 0.92978829145431519
vn -0.21758560836315155 -0.16842964291572571 0.96139895915985107
vn -0.14389009773731232 -0.11138308793306351 0.98330539464950562
vn -0.071053788065910339 -0.055001631379127502 0.99595493078231812
vn -0.77790331840515137 -0.60216283798217773 0.17962829768657684
vn -0.78764796257019043 -0.60970604419708252 0.088708475232124329
vn -0.73668807744979858 -0.57025879621505737 0.36344948410987854
vn -0.7610321044921875 -0.589103102684021 0.27163878083229065
vn -0.66519039869308472 -0.51491355895996094 0.54072701930999756
vn -0.70471763610839844 -0.54551094770431519 0.45364180207252502
vn -0.5649491548538208 -0.437318354845047 0.69970357418060303
vn -0.61841708421707153 -0.47870707511901855 0.62321734428405762
vn -0.4412098228931427 -0.34153366088867188 0.82987266778945923
vn -0.50556027889251709 -0.39134636521339417 0.7689322829246521
vn -0.30042004585266113 -0.23255047202110291 0.92502325773239136
vn -0.37218853831291199 -0.28810536861419678 0.88231003284454346
vn -0.15107612311840057 -0.11694567650556564 0.98158019781112671
vn -0.22591935098171234 -0.17488065361976624 0.95831996202468872
vn -0.074581079185009003 -0.057732056826353073 0.99554240703582764
vn 0 0 1
vn 0.61211925745010376 -0.79076546430587769 0
vn 0 0 1
vn 0.11694567650556564 -0.15107612311840057 0.98158019781112671
vn 0.23255047202110291 -0.30042004585266113 0.92502325773239136
vn 0.34153366088867188 -0.4412098228931427 0.82987266778945923
vn 0.437318354845047 -0.5649491548538208 0.69970357418060303
vn 0.51491355895996094 -0.66519039869308472 0.54072701930999756
vn 0.57025879621505737 -0.73668807744979858 0.36344948410987854
vn 0.60216283798217773 -0.77790331840515137 0.17962829768657684
vn 0.61211925745010376 -0.79076546430587769 0
vn 0 0 1
vn 0.11694567650556564 -0.15107612311840057 0.98158019781112671
vn 0.23255047202110291 -0.30042004585266113 0.92502325773239136
vn 0.34153366088867188 -0.4412098228931427 0.82987266778945923
vn 0.437318354845047 -0.5649491548538208 0.69970357418060303
vn 0.51491355895996094 -0.66519039869308472 0.54072701930999756
vn 0.57025879621505737 -0.73668807744979858 0.36344948410987854
vn 0.60216283798217773 -0.77790331840515137 0.17962829768657684
vn 0.61211925745010376 -0.79076546430587769 0
vn 0 0 1
vn 0.11694567650556564 -0.15107612311840057 0.98158019781112671
vn 0.23255047202110291 -0.30042004585266113 0.92502325773239136
vn 0.34153366088867188 -0.4412098228931427 0.82987266778945923
vn 0.437318354845047 -0.5649491548538208 0.69970357418060303
vn 0.51491355895996094 -0.66519039869308472 0.54072701930999756
vn 0.57025879621505737 -0.73668807744979858 0.36344948410987854
vn 0.60216283798217773 -0.77790331840515137 0.17962829768657684
vn 0.61211925745010376 -0.79076546430587769 0
vn 0 0 1
vn 0.11694567650556564 -0.15107612311840057 0.98158019781112671
vn 0.23255047202110291 -0.30042004585266113 0.92502325773239136
vn 0.34153366088867188 -0.4412098228931427 0.82987266778945923
vn 0.437318354845047 -0.5649491548538208 0.69970357418060303
vn 0.51491355895996094 -0.66519039869308472 0.54072701930999756
vn 0.57025879621505737 -0.73668807744979858 0.36344948410987854
vn 0.60216283798217773 -0.77790331840515137 0.17962829768657684
vn 0.61211925745010376 -0.79076546430587769 0
vn 0 0 1
vn 0.11694567650556564 -0.15107612311840057 0.98158019781112671
vn 0.23255047202110291 -0.30042004585266113 0.92502325773239136
vn 0.34153366088867188 -0.4412098228931427 0.82987266778945923
vn 0.437318354845047 -0.5649491548538208 0.69970357418060303
vn 0.51491355895996094 -0.66519039869308472 0.54072701930999756
vn 0.57025879621505737 -0.73668807744979858 0.36344948410987854
vn 0.60216283798217773 -0.77790331840515137 0.17962829768657684
vn 0.61211925745010376 -0.79076546430587769 0
vn 0 0 1
vn 0.11694567650556564 -0.15107612311840057 0.98158019781112671
vn 0.23255047202110291 -0.30042004585266113 0.92502325773239136
vn 0.34153366088867188 -0.4412098228931427 0.82987266778945923
vn 0.437318354845047 -0.5649491548538208 0.69970357418060303
vn 0.51491355895996094 -0.66519039869308472 0.54072701930999756
vn 0.57025879621505737 -0.73668807744979858 0.36344948410987854
vn 0.60216283798217773 -0.77790331840515137 0.17962829768657684
vn 0.61211925745010376 -0.79076546430587769 0
vn 0 0 1
vn 0.11694567650556564 -0.15107612311840057 0.98158019781112671
vn 0.23255047202110291 -0.30042004585266113 0.92502325773239136
vn 0.34153366088867188 -0.4412098228931427 0.82987266778945923
vn 0.437318354845047 -0.5649491548538208 0.69970357418060303
vn 0.51491355895996094 -0.66519039869308472 0.54072701930999756
vn 0.57025879621505737 -0.73668807744979858 0.36344948410987854
vn 0.60216283798217773 -0.77790331840515137 0.17962829768657684
vn 0.61211925745010376 -0.79076546430587769 0
vn 0 0 1
vn 0.11694567650556564 -0.15107612311840057 0.98158019781112671
vn 0.23255047202110291 -0.30042004585266113 0.92502325773239136
vn 0.34153366088867188 -0.4412098228931427 0.82987266778945923
vn 0.437318354845047 -0.5649491548538208 0.69970357418060303
vn 0.51491355895996094 -0.66519039869308472 0.54072701930999756
vn 0.57025879621505737 -0.73668807744979858 0.36344948410987854
vn 0.60216283798217773 -0.77790331840515137 0.17962829768657684
vn 0.61211925745010376 -0.79076546430587769 0
vn 0 0 1
vn 0.61211925745010376 -0.79076546430587769 0
vn 0.60588878393173218 -0.78271663188934326 0.14231483638286591
vn 0.58732414245605469 -0.75873392820358276 0.28173255920410156
vn 0.55680322647094727 -0.71930557489395142 0.41541501879692078
vn 0.51494747400283813 -0.6652342677116394 0.54064083099365234
vn 0.46260887384414673 -0.59762066602706909 0.6548607349395752
vn 0.40085285902023315 -0.51784127950668335 0.75574958324432373
vn 0.33093664050102234 -0.42752009630203247 0.84125351905822754
vn 0.25428351759910583 -0.32849586009979248 0.90963196754455566
vn 0.17245392501354218 -0.2227843850851059 0.95949298143386841
vn 0.087113648653030396 -0.11253765970468521 0.98982143402099609
vn 0.60970604419708252 -0.78764796257019043 0.088708475232124329
vn 0.60216283798217773 -0.77790331840515137 0.17962829768657684
vn 0.60970604419708252 -0.78764796257019043 0.088708475232124329
vn 0.589103102684021 -0.7610321044921875 0.27163878083229065
vn 0.57025879621505737 -0.73668807744979858 0.36344948410987854
vn 0.589103102684021 -0.7610321044921875 0.27163878083229065
vn 0.54551094770431519 -0.70471763610839844 0.45364180207252502
vn 0.51491355895996094 -0.66519039869308472 0.54072701930999756
vn 0.54551094770431519 -0.70471763610839844 0.45364180207252502
vn 0.47870707511901855 -0.61841708421707153 0.62321734428405762
vn 0.437318354845047 -0.5649491548538208 0.69970357418060303
vn 0.47870707511901855 -0.61841708421707153 0.62321734428405762
vn 0.39134636521339417 -0.50556027889251709 0.7689322829246521
vn 0.34153366088867188 -0.4412098228931427 0.82987266778945923
vn 0.39134636521339417 -0.50556027889251709 0.7689322829246521
vn 0.28810536861419678 -0.37218853831291199 0.88231003284454346
vn 0.23255047202110291 -0.30042004585266113 0.92502325773239136
vn 0.28810536861419678 -0.37218853831291199 0.88231003284454346
vn 0.17488065361976624 -0.22591935098171234 0.95831996202468872
vn 0.11694567650556564 -0.15107612311840057 0.98158019781112671
vn 0.17488065361976624 -0.22591935098171234 0.95831996202468872
vn 0.057732056826353073 -0.074581079185009003 0.99554240703582764
vn 0.057732056826353073 -0.074581079185009003 0.99554240703582764
vn 0.087113648653030396 -0.11253765970468521 0.98982143402099609
vn 0.17245392501354218 -0.2227843850851059 0.95949298143386841
vn 0.25428351759910583 -0.32849586009979248 0.90963196754455566
vn 0.33093664050102234 -0.42752009630203247 0.84125351905822754
vn 0.40085285902023315 -0.51784127950668335 0.75574958324432373
vn 0.46260887384414673 -0.59762066602706909 0.6548607349395752
vn 0.51494747400283813 -0.6652342677116394 0.54064083099365234
vn 0.55680322647094727 -0.71930557489395142 0.41541501879692078
vn 0.58732414245605469 -0.75873392820358276 0.28173255920410156
vn 0.60588878393173218 -0.78271663188934326 0.14231483638286591
vn 0.11694567650556564 -0.15107612311840057 0.98158019781112671
vn 0.057732056826353073 -0.074581079185009003 0.99554240703582764
vn 0.057732056826353073 -0.074581079185009003 0.99554240703582764
vn 0.23255047202110291 -0.30042004585266113 0.92502325773239136
vn 0.17488065361976624 -0.22591935098171234 0.95831996202468872
vn 0.17488065361976624 -0.22591935098171234 0.95831996202468872
vn 0.34153366088867188 -0.4412098228931427 0.82987266778945923
vn 0.28810536861419678 -0.37218853831291199 0.88231003284454346
vn 0.28810536861419678 -0.37218853831291199 0.88231003284454346
vn 0.437318354845047 -0.5649491548538208 0.69970357418060303
vn 0.39134636521339417 -0.50556027889251709 0.7689322829246521
vn 0.39134636521339417 -0.50556027889251709 0.7689322829246521
vn 0.51491355895996094 -0.66519039869308472 0.54072701930999756
vn 0.47870707511901855 -0.61841708421707153 0.62321734428405762
vn 0.47870707511901855 -0.61841708421707153 0.62321734428405762
vn 0.57025879621505737 -0.73668807744979858 0.36344948410987854
vn 0.54551094770431519 -0.70471763610839844 0.45364180207252502
vn 0.54551094770431519 -0.70471763610839844 0.45364180207252502
vn 0.60216283798217773 -0.77790331840515137 0.17962829768657684
vn 0.589103102684021 -0.7610321044921875 0.27163878083229065
vn 0.589103102684021 -0.7610321044921875 0.27163878083229065
vn 0.60970604419708252 -0.78764796257019043 0.088708475232124329
vn 0.60970604419708252 -0.78764796257019043 0.088708475232124329
vn -0.79076546430587769 -0.61211925745010376 0
vn -0.61211925745010376 0.79076546430587769 0
vn -0.79076546430587769 -0.61211925745010376 0
vn -0.89314544200897217 -0.44976800680160522 0
vn -0.96402692794799805 -0.26580449938774109 0
vn -0.9977683424949646 -0.066771194338798523 0
vn -0.99061977863311768 0.13664712011814117 0
vn -0.94250184297561646 0.33420100808143616 0
vn -0.85766208171844482 0.5142136812210083 0
vn -0.74420672655105591 0.667949378490448 0
vn -0.61211925745010376 0.79076546430587769 0
vn -0.79076546430587769 -0.61211925745010376 0
vn -0.89314544200897217 -0.44976800680160522 0
vn -0.96402692794799805 -0.26580449938774109 0
vn -0.9977683424949646 -0.066771194338798523 0
vn -0.99061977863311768 0.13664712011814117 0
vn -0.94250184297561646 0.33420100808143616 0
vn -0.85766208171844482 0.5142136812210083 0
vn -0.74420672655105591 0.667949378490448 0
vn -0.61211925745010376 0.79076546430587769 0
vn -0.79076546430587769 -0.61211925745010376 0
vn -0.89314544200897217 -0.44976800680160522 0
vn -0.96402692794799805 -0.26580449938774109 0
vn -0.9977683424949646 -0.066771194338798523 0
vn -0.99061977863311768 0.13664712011814117 0
vn -0.94250184297561646 0.33420100808143616 0
vn -0.85766208171844482 0.5142136812210083 0
vn -0.74420672655105591 0.667949378490448 0
vn -0.61211925745010376 0.79076546430587769 0
vn -0.79076546430587769 -0.61211925745010376 0
vn -0.89314544200897217 -0.44976800680160522 0
vn -0.96402692794799805 -0.26580449938774109 0
vn -0.9977683424949646 -0.066771194338798523 0
vn -0.99061977863311768 0.13664712011814117 0
vn -0.94250184297561646 0.33420100808143616 0
vn -0.85766208171844482 0.5142136812210083 0
vn -0.74420672655105591 0.667949378490448 0
vn -0.61211925745010376 0.79076546430587769 0
vn -0.79076546430587769 -0.61211925745010376 0
vn -0.89314544200897217 -0.44976800680160522 0
vn -0.96402692794799805 -0.26580449938774109 0
vn -0.9977683424949646 -0.066771194338798523 0
vn -0.99061977863311768 0.13664712011814117 0
vn -0.94250184297561646 0.33420100808143616 0
vn -0.85766208171844482 0.5142136812210083 0
vn -0.74420672655105591 0.667949378490448 0
vn -0.61211925745010376 0.79076546430587769 0
vn -0.79076546430587769 -0.61211925745010376 0
vn -0.61211925745010376 0.79076546430587769 0
vn -0.84256839752197266 -0.53858935832977295 0
vn -0.8889470100402832 -0.45801004767417908 0
vn -0.92867076396942139 -0.37090519070625305 0
vn -0.96056234836578369 -0.27806472778320312 0
vn -0.98356735706329346 -0.18054142594337463 0
vn -0.99682474136352539 -0.079626485705375671 0
vn -0.99973088502883911 0.023197267204523087 0
vn -0.99198931455612183 0.12632195651531219 0
vn -0.97363871335983276 0.22809568047523499 0
vn -0.94505566358566284 0.32690954208374023 0
vn -0.90693002939224243 0.42128124833106995 0
vn -0.86021792888641357 0.50992661714553833 0
vn -0.80607640743255615 0.59181147813796997 0
vn -0.74579024314880371 0.66618084907531738 0
vn -0.68069696426391602 0.73256510496139526 0
vn -0.89314544200897217 -0.44976800680160522 0
vn -0.84497261047363281 -0.53480958938598633 0
vn -0.84497261047363281 -0.53480958938598633 0
vn -0.84497261047363281 -0.53480958938598633 0
vn -0.81853419542312622 -0.57445782423019409 0
vn -0.81853419542312622 -0.57445782423019409 0
vn -0.89314544200897217 -0.44976800680160522 0
vn -0.86990261077880859 -0.49322354793548584 0
vn -0.86990261077880859 -0.49322354793548584 0
vn -0.96402692794799805 -0.26580449938774109 0
vn -0.93268698453903198 -0.36068674921989441 0
vn -0.93268698453903198 -0.36068674921989441 0
vn -0.93268698453903198 -0.36068674921989441 0
vn -0.91386747360229492 -0.40601268410682678 0
vn -0.91386747360229492 -0.40601268410682678 0
vn -0.96402692794799805 -0.26580449938774109 0
vn -0.94945400953292847 -0.31390619277954102 0
vn -0.94945400953292847 -0.31390619277954102 0
vn -0.9977683424949646 -0.066771194338798523 0
vn -0.9858056902885437 -0.16789041459560394 0
vn -0.9858056902885437 -0.16789041459560394 0
vn -0.9858056902885437 -0.16789041459560394 0
vn -0.97609704732894897 -0.21733520925045013 0
vn -0.97609704732894897 -0.21733520925045013 0
vn -0.9977683424949646 -0.066771194338798523 0
vn -0.99305611848831177 -0.11764144152402878 0
vn -0.99305611848831177 -0.11764144152402878 0
vn -0.99061977863311768 0.13664712011814117 0
vn -0.99939143657684326 0.034882050007581711 0
vn -0.99939143657684326 0.034882050007581711 0
vn -0.99939143657684326 0.034882050007581711 0
vn -0.99987107515335083 -0.016057614237070084 0
vn -0.99987107515335083 -0.016057614237070084 0
vn -0.99061977863311768 0.13664712011814117 0
vn -0.99630802869796753 0.08585018664598465 0
vn -0.99630802869796753 0.08585018664598465 0
vn -0.94250184297561646 0.33420100808143616 0
vn -0.97152578830718994 0.23693379759788513 0
vn -0.97152578830718994 0.23693379759788513 0
vn -0.97152578830718994 0.23693379759788513 0
vn -0.98234587907791138 0.18707367777824402 0
vn -0.98234587907791138 0.18707367777824402 0
vn -0.94250184297561646 0.33420100808143616 0
vn -0.95821857452392578 0.28603702783584595 0
vn -0.95821857452392578 0.28603702783584595 0
vn -0.85766208171844482 0.5142136812210083 0
vn -0.90423524379730225 0.42703473567962646 0
vn -0.90423524379730225 0.42703473567962646 0
vn -0.90423524379730225 0.42703473567962646 0
vn -0.92447048425674438 0.38125357031822205 0
vn -0.92447048425674438 0.38125357031822205 0
vn -0.85766208171844482 0.5142136812210083 0
vn -0.88192039728164673 0.47139841318130493 0
vn -0.88192039728164673 0.47139841318130493 0
vn -0.74420672655105591 0.667949378490448 0
vn -0.8039056658744812 0.59475678205490112 0
vn -0.8039056658744812 0.59475678205490112 0
vn -0.8039056658744812 0.59475678205490112 0
vn -0.83160620927810669 0.55536580085754395 0
vn -0.83160620927810669 0.55536580085754395 0
vn -0.74420672655105591 0.667949378490448 0
vn -0.77471882104873657 0.63230592012405396 0
vn -0.77471882104873657 0.63230592012405396 0
vn -0.67985361814498901 0.73334783315658569 0
vn -0.67985361814498901 0.73334783315658569 0
vn -0.67985361814498901 0.73334783315658569 0
vn -0.71253132820129395 0.70164024829864502 0
vn -0.71253132820129395 0.70164024829864502 0
vn -0.64633172750473022 0.76305657625198364 0
vn -0.64633172750473022 0.76305657625198364 0
vn -0.7184264063835144 0.69560295343399048 0
vn -0.810108482837677 0.58627998828887939 0
vn -0.88529908657073975 0.46502205729484558 0
vn -0.94246757030487061 0.33429759740829468 0
vn -0.9804500937461853 0.19676780700683594 0
vn -0.99847352504730225 0.055232398211956024 0
vn -0.99617087841033936 -0.087427385151386261 0
vn -0.97358912229537964 -0.22830739617347717 0
vn -0.93118780851364136 -0.3645397424697876 0
vn -0.86983025074005127 -0.49335110187530518 0
vn -0.67985361814498901 0.73334783315658569 0
vn -0.74420672655105591 0.667949378490448 0
vn -0.67985361814498901 0.73334783315658569 0
vn -0.8039056658744812 0.59475678205490112 0
vn -0.85766208171844482 0.5142136812210083 0
vn -0.8039056658744812 0.59475678205490112 0
vn -0.90423524379730225 0.42703473567962646 0
vn -0.94250184297561646 0.33420100808143616 0
vn -0.90423524379730225 0.42703473567962646 0
vn -0.97152578830718994 0.23693379759788513 0
vn -0.99061977863311768 0.13664712011814117 0
vn -0.97152578830718994 0.23693379759788513 0
vn -0.99939143657684326 0.034882050007581711 0
vn -0.9977683424949646 -0.066771194338798523 0
vn -0.99939143657684326 0.034882050007581711 0
vn -0.9858056902885437 -0.16789041459560394 0
vn -0.96402692794799805 -0.26580449938774109 0
vn -0.9858056902885437 -0.16789041459560394 0
vn -0.93268698453903198 -0.36068674921989441 0
vn -0.89314544200897217 -0.44976800680160522 0
vn -0.93268698453903198 -0.36068674921989441 0
vn -0.84497261047363281 -0.53480958938598633 0
vn -0.84497261047363281 -0.53480958938598633 0
vn -0.79076546430587769 -0.61211925745010376 0
vn 0.61211925745010376 -0.79076546430587769 0
vn -0.79076546430587769 -0.61211925745010376 0
vn -0.65925407409667969 -0.75192028284072876 0
vn -0.49892598390579224 -0.86664462089538574 0
vn -0.31470099091529846 -0.94919085502624512 0
vn -0.11598308384418488 -0.99325120449066162 0
vn 0.087325289845466614 -0.99617987871170044 0
vn 0.28285548090934753 -0.95916253328323364 0
vn 0.46011900901794434 -0.88785725831985474 0
vn 0.61211925745010376 -0.79076546430587769 0
vn -0.79076546430587769 -0.61211925745010376 0
vn -0.65925407409667969 -0.75192028284072876 0
vn -0.49892598390579224 -0.86664462089538574 0
vn -0.31470099091529846 -0.94919085502624512 0
vn -0.11598308384418488 -0.99325120449066162 0
vn 0.087325289845466614 -0.99617987871170044 0
vn 0.28285548090934753 -0.95916253328323364 0
vn 0.46011900901794434 -0.88785725831985474 0
vn 0.61211925745010376 -0.79076546430587769 0
vn -0.79076546430587769 -0.61211925745010376 0
vn -0.65925407409667969 -0.75192028284072876 0
vn -0.49892598390579224 -0.86664462089538574 0
vn -0.31470099091529846 -0.94919085502624512 0
vn -0.11598308384418488 -0.99325120449066162 0
vn 0.087325289845466614 -0.99617987871170044 0
vn 0.28285548090934753 -0.95916253328323364 0
vn 0.46011900901794434 -0.88785725831985474 0
vn 0.61211925745010376 -0.79076546430587769 0
vn -0.79076546430587769 -0.61211925745010376 0
vn -0.65925407409667969 -0.75192028284072876 0
vn -0.49892598390579224 -0.86664462089538574 0
vn -0.31470099091529846 -0.94919085502624512 0
vn -0.11598308384418488 -0.99325120449066162 0
vn 0.087325289845466614 -0.99617987871170044 0
vn 0.28285548090934753 -0.95916253328323364 0
vn 0.46011900901794434 -0.88785725831985474 0
vn 0.61211925745010376 -0.79076546430587769 0
vn -0.79076546430587769 -0.61211925745010376 0
vn -0.65925407409667969 -0.75192028284072876 0
vn -0.49892598390579224 -0.86664462089538574 0
vn -0.31470099091529846 -0.94919085502624512 0
vn -0.11598308384418488 -0.99325120449066162 0
vn 0.087325289845466614 -0.99617987871170044 0
vn 0.28285548090934753 -0.95916253328323364 0
vn 0.46011900901794434 -0.88785725831985474 0
vn 0.61211925745010376 -0.79076546430587769 0
vn -0.79076546430587769 -0.61211925745010376 0
vn 0.61211925745010376 -0.79076546430587769 0
vn -0.73256510496139526 -0.68069696426391602 0
vn -0.66618084907531738 -0.74579024314880371 0
vn -0.59181147813796997 -0.80607640743255615 0
vn -0.50992661714553833 -0.86021792888641357 0
vn -0.42128124833106995 -0.90693002939224243 0
vn -0.32690954208374023 -0.94505566358566284 0
vn -0.22809568047523499 -0.97363871335983276 0
vn -0.12632195651531219 -0.99198931455612183 0
vn -0.023197267204523087 -0.99973088502883911 0
vn 0.079626485705375671 -0.99682474136352539 0
vn 0.18054142594337463 -0.98356735706329346 0
vn 0.27806472778320312 -0.96056234836578369 0
vn 0.37090519070625305 -0.92867076396942139 0
vn 0.45801004767417908 -0.8889470100402832 0
vn 0.53858935832977295 -0.84256839752197266 0
vn -0.65925407409667969 -0.75192028284072876 0
vn -0.72950851917266846 -0.68397176265716553 0
vn -0.72950851917266846 -0.68397176265716553 0
vn -0.72950851917266846 -0.68397176265716553 0
vn -0.76126539707183838 -0.64844042062759399 0
vn -0.76126539707183838 -0.64844042062759399 0
vn -0.65925407409667969 -0.75192028284072876 0
vn -0.69549763202667236 -0.7185283899307251 0
vn -0.69549763202667236 -0.7185283899307251 0
vn -0.49892598390579224 -0.86664462089538574 0
vn -0.58292567729949951 -0.81252545118331909 0
vn -0.58292567729949951 -0.81252545118331909 0
vn -0.58292567729949951 -0.81252545118331909 0
vn -0.62208849191665649 -0.78294694423675537 0
vn -0.62208849191665649 -0.78294694423675537 0
vn -0.49892598390579224 -0.86664462089538574 0
vn -0.54184025526046753 -0.8404814600944519 0
vn -0.54184025526046753 -0.8404814600944519 0
vn -0.31470099091529846 -0.94919085502624512 0
vn -0.40959495306015015 -0.91226750612258911 0
vn -0.40959495306015015 -0.91226750612258911 0
vn -0.40959495306015015 -0.91226750612258911 0
vn -0.45502856373786926 -0.89047682285308838 0
vn -0.45502856373786926 -0.89047682285308838 0
vn -0.31470099091529846 -0.94919085502624512 0
vn -0.36276677250862122 -0.93187999725341797 0
vn -0.36276677250862122 -0.93187999725341797 0
vn -0.11598308384418488 -0.99325120449066162 0
vn -0.21669873595237732 -0.97623854875564575 0
vn -0.21669873595237732 -0.97623854875564575 0
vn -0.21669873595237732 -0.97623854875564575 0
vn -0.2661328911781311 -0.96393632888793945 0
vn -0.2661328911781311 -0.96393632888793945 0
vn -0.11598308384418488 -0.99325120449066162 0
vn -0.16658446192741394 -0.98602718114852905 0
vn -0.16658446192741394 -0.98602718114852905 0
vn 0.087325289845466614 -0.99617987871170044 0
vn -0.014111676253378391 -0.99990040063858032 0
vn -0.014111676253378391 -0.99990040063858032 0
vn -0.014111676253378391 -0.99990040063858032 0
vn -0.065092258155345917 -0.9978792667388916 0
vn -0.065092258155345917 -0.9978792667388916 0
vn 0.087325289845466614 -0.99617987871170044 0
vn 0.036759518086910248 -0.99932414293289185 0
vn 0.036759518086910248 -0.99932414293289185 0
vn 0.28285548090934753 -0.95916253328323364 0
vn 0.18678665161132812 -0.98240047693252563 0
vn 0.18678665161132812 -0.98240047693252563 0
vn 0.18678665161132812 -0.98240047693252563 0
vn 0.13739520311355591 -0.9905163049697876 0
vn 0.13739520311355591 -0.9905163049697876 0
vn 0.28285548090934753 -0.95916253328323364 0
vn 0.23532705008983612 -0.97191625833511353 0
vn 0.23532705008983612 -0.97191625833511353 0
vn 0.46011900901794434 -0.88785725831985474 0
vn 0.37430053949356079 -0.92730742692947388 0
vn 0.37430053949356079 -0.92730742692947388 0
vn 0.37430053949356079 -0.92730742692947388 0
vn 0.32922437787055969 -0.94425171613693237 0
vn 0.32922437787055969 -0.94425171613693237 0
vn 0.46011900901794434 -0.88785725831985474 0
vn 0.4179660975933075 -0.90846264362335205 0
vn 0.4179660975933075 -0.90846264362335205 0
vn 0.53955847024917603 -0.84194815158843994 0
vn 0.53955847024917603 -0.84194815158843994 0
vn 0.53955847024917603 -0.84194815158843994 0
vn 0.50067317485809326 -0.86563640832901001 0
vn 0.50067317485809326 -0.86563640832901001 0
vn 0.57672035694122314 -0.81694161891937256 0
vn 0.57672035694122314 -0.81694161891937256 0
vn 0.53858935832977295 -0.84256839752197266 0
vn 0.45801004767417908 -0.8889470100402832 0
vn 0.37090519070625305 -0.92867076396942139 0
vn 0.27806472778320312 -0.96056234836578369 0
vn 0.18054142594337463 -0.98356735706329346 0
vn 0.079626485705375671 -0.99682474136352539 0
vn -0.023197267204523087 -0.99973088502883911 0
vn -0.12632195651531219 -0.99198931455612183 0
vn -0.22809568047523499 -0.97363871335983276 0
vn -0.32690954208374023 -0.94505566358566284 0
vn -0.42128124833106995 -0.90693002939224243 0
vn -0.50992661714553833 -0.86021792888641357 0
vn -0.59181147813796997 -0.80607640743255615 0
vn -0.66618084907531738 -0.74579024314880371 0
vn -0.73256510496139526 -0.68069696426391602 0
vn 0.53955847024917603 -0.84194815158843994 0
vn 0.46011900901794434 -0.88785725831985474 0
vn 0.53955847024917603 -0.84194815158843994 0
vn 0.57672035694122314 -0.81694161891937256 0
vn 0.53955847024917603 -0.84194815158843994 0
vn 0.57672035694122314 -0.81694161891937256 0
vn 0.50067317485809326 -0.86563640832901001 0
vn 0.46011900901794434 -0.88785725831985474 0
vn 0.50067317485809326 -0.86563640832901001 0
vn 0.37430053949356079 -0.92730742692947388 0
vn 0.28285548090934753 -0.95916253328323364 0
vn 0.37430053949356079 -0.92730742692947388 0
vn 0.4179660975933075 -0.90846264362335205 0
vn 0.37430053949356079 -0.92730742692947388 0
vn 0.4179660975933075 -0.90846264362335205 0
vn 0.32922437787055969 -0.94425171613693237 0
vn 0.28285548090934753 -0.95916253328323364 0
vn 0.32922437787055969 -0.94425171613693237 0
vn 0.18678665161132812 -0.98240047693252563 0
vn 0.087325289845466614 -0.99617987871170044 0
vn 0.18678665161132812 -0.98240047693252563 0
vn 0.23532705008983612 -0.97191625833511353 0
vn 0.18678665161132812 -0.98240047693252563 0
vn 0.23532705008983612 -0.97191625833511353 0
vn 0.13739520311355591 -0.9905163049697876 0
vn 0.087325289845466614 -0.99617987871170044 0
vn 0.13739520311355591 -0.9905163049697876 0
vn -0.014111676253378391 -0.99990040063858032 0
vn -0.11598308384418488 -0.99325120449066162 0
vn -0.014111676253378391 -0.99990040063858032 0
vn 0.036759518086910248 -0.99932414293289185 0
vn -0.014111676253378391 -0.99990040063858032 0
vn 0.036759518086910248 -0.99932414293289185 0
vn -0.065092258155345917 -0.9978792667388916 0
vn -0.11598308384418488 -0.99325120449066162 0
vn -0.065092258155345917 -0.9978792667388916 0
vn -0.21669873595237732 -0.97623854875564575 0
vn -0.31470099091529846 -0.94919085502624512 0
vn -0.21669873595237732 -0.97623854875564575 0
vn -0.16658446192741394 -0.98602718114852905 0
vn -0.21669873595237732 -0.97623854875564575 0
vn -0.16658446192741394 -0.98602718114852905 0
vn -0.2661328911781311 -0.96393632888793945 0
vn -0.31470099091529846 -0.94919085502624512 0
vn -0.2661328911781311 -0.96393632888793945 0
vn -0.40959495306015015 -0.91226750612258911 0
vn -0.49892598390579224 -0.86664462089538574 0
vn -0.40959495306015015 -0.91226750612258911 0
vn -0.36276677250862122 -0.93187999725341797 0
vn -0.40959495306015015 -0.91226750612258911 0
vn -0.36276677250862122 -0.93187999725341797 0
vn -0.45502856373786926 -0.89047682285308838 0
vn -0.49892598390579224 -0.86664462089538574 0
vn -0.45502856373786926 -0.89047682285308838 0
vn -0.58292567729949951 -0.81252545118331909 0
vn -0.65925407409667969 -0.75192028284072876 0
vn -0.58292567729949951 -0.81252545118331909 0
vn -0.54184025526046753 -0.8404814600944519 0
vn -0.58292567729949951 -0.81252545118331909 0
vn -0.54184025526046753 -0.8404814600944519 0
vn -0.62208849191665649 -0.78294694423675537 0
vn -0.65925407409667969 -0.75192028284072876 0
vn -0.62208849191665649 -0.78294694423675537 0
vn -0.72950851917266846 -0.68397176265716553 0
vn -0.72950851917266846 -0.68397176265716553 0
vn -0.69549763202667236 -0.7185283899307251 0
vn -0.72950851917266846 -0.68397176265716553 0
vn -0.69549763202667236 -0.7185283899307251 0
vn -0.76126539707183838 -0.64844042062759399 0
vn -0.76126539707183838 -0.64844042062759399 0
vn -0.61211925745010376 0.79076546430587769 0
vn 0 0 1
vn -0.61211925745010376 0.79076546430587769 0
vn -0.60084414482116699 0.77619975805282593 0.19105048477649689
vn -0.56622457504272461 0.73147648572921753 0.37991040945053101
vn -0.50798100233078003 0.65623462200164795 0.55795282125473022
vn -0.42830201983451843 0.55330145359039307 0.71443325281143188
vn -0.33098942041397095 0.42758825421333313 0.8411981463432312
vn -0.22247442603111267 0.28740331530570984 0.93161392211914062
vn -0.10995393991470337 0.14204385876655579 0.98373454809188843
vn 0 0 1
vn -0.61211925745010376 0.79076546430587769 0
vn -0.60084414482116699 0.77619975805282593 0.19105048477649689
vn -0.56622457504272461 0.73147648572921753 0.37991040945053101
vn -0.50798100233078003 0.65623462200164795 0.55795282125473022
vn -0.42830201983451843 0.55330145359039307 0.71443325281143188
vn -0.33098942041397095 0.42758825421333313 0.8411981463432312
vn -0.22247442603111267 0.28740331530570984 0.93161392211914062
vn -0.10995393991470337 0.14204385876655579 0.98373454809188843
vn 0 0 1
vn -0.61211925745010376 0.79076546430587769 0
vn -0.60084414482116699 0.77619975805282593 0.19105048477649689
vn -0.56622457504272461 0.73147648572921753 0.37991040945053101
vn -0.50798100233078003 0.65623462200164795 0.55795282125473022
vn -0.42830201983451843 0.55330145359039307 0.71443325281143188
vn -0.33098942041397095 0.42758825421333313 0.8411981463432312
vn -0.22247442603111267 0.28740331530570984 0.93161392211914062
vn -0.10995393991470337 0.14204385876655579 0.98373454809188843
vn 0 0 1
vn -0.61211925745010376 0.79076546430587769 0
vn 0 0 1
vn -0.11138308793306351 0.14389009773731232 0.98330539464950562
vn -0.22531785070896149 0.29107660055160522 0.92978829145431519
vn -0.33495762944221497 0.43271458148956299 0.83699548244476318
vn -0.43283367156982422 0.55915564298629761 0.70710676908493042
vn -0.51234108209609985 0.66186714172363281 0.54720973968505859
vn -0.56914132833480835 0.7352445125579834 0.36809471249580383
vn -0.60190016031265259 0.77756392955780029 0.18196305632591248
vn -0.054300162941217422 0.070147596299648285 0.99605762958526611
vn -0.10995393991470337 0.14204385876655579 0.98373454809188843
vn -0.054300162941217422 0.070147596299648285 0.99605762958526611
vn -0.16627532243728638 0.2148025780916214 0.96239930391311646
vn -0.22247442603111267 0.28740331530570984 0.93161392211914062
vn -0.16627532243728638 0.2148025780916214 0.96239930391311646
vn -0.27768290042877197 0.35872429609298706 0.89118409156799316
vn -0.33098942041397095 0.42758825421333313 0.8411981463432312
vn -0.27768290042877197 0.35872429609298706 0.89118409156799316
vn -0.38148331642150879 0.49281874299049377 0.78204870223999023
vn -0.42830201983451843 0.55330145359039307 0.71443325281143188
vn -0.38148331642150879 0.49281874299049377 0.78204870223999023
vn -0.47067824006080627 0.60804510116577148 0.63933026790618896
vn -0.50798100233078003 0.65623462200164795 0.55795282125473022
vn -0.47067824006080627 0.60804510116577148 0.63933026790618896
vn -0.54007893800735474 0.69770032167434692 0.47066867351531982
vn -0.56622457504272461 0.73147648572921753 0.37991040945053101
vn -0.54007893800735474 0.69770032167434692 0.47066867351531982
vn -0.58660608530044556 0.75780636072158813 0.28569704294204712
vn -0.60084414482116699 0.77619975805282593 0.19105048477649689
vn -0.58660608530044556 0.75780636072158813 0.28569704294204712
vn -0.60939067602157593 0.78724056482315063 0.094315044581890106
vn -0.60939067602157593 0.78724056482315063 0.094315044581890106
vn -0.60190016031265259 0.77756392955780029 0.18196305632591248
vn -0.56914132833480835 0.7352445125579834 0.36809471249580383
vn -0.51234108209609985 0.66186714172363281 0.54720973968505859
vn -0.43283367156982422 0.55915564298629761 0.70710676908493042
vn -0.33495762944221497 0.43271458148956299 0.83699548244476318
vn -0.22531785070896149 0.29107660055160522 0.92978829145431519
vn -0.11138308793306351 0.14389009773731232 0.98330539464950562
vn -0.60084414482116699 0.77619975805282593 0.19105048477649689
vn -0.60939067602157593 0.78724056482315063 0.094315044581890106
vn -0.60939067602157593 0.78724056482315063 0.094315044581890106
vn -0.56622457504272461 0.73147648572921753 0.37991040945053101
vn -0.58660608530044556 0.75780636072158813 0.28569704294204712
vn -0.58660608530044556 0.75780636072158813 0.28569704294204712
vn -0.50798100233078003 0.65623462200164795 0.55795282125473022
vn -0.54007893800735474 0.69770032167434692 0.47066867351531982
vn -0.54007893800735474 0.69770032167434692 0.47066867351531982
vn -0.42830201983451843 0.55330145359039307 0.71443325281143188
vn -0.47067824006080627 0.60804510116577148 0.63933026790618896
vn -0.47067824006080627 0.60804510116577148 0.63933026790618896
vn -0.33098942041397095 0.42758825421333313 0.8411981463432312
vn -0.38148331642150879 0.49281874299049377 0.78204870223999023
vn -0.38148331642150879 0.49281874299049377 0.78204870223999023
vn -0.22247442603111267 0.28740331530570984 0.93161392211914062
vn -0.27768290042877197 0.35872429609298706 0.89118409156799316
vn -0.27768290042877197 0.35872429609298706 0.89118409156799316
vn -0.10995393991470337 0.14204385876655579 0.98373454809188843
vn -0.16627532243728638 0.2148025780916214 0.96239930391311646
vn -0.16627532243728638 0.2148025780916214 0.96239930391311646
vn -0.054300162941217422 0.070147596299648285 0.99605762958526611
vn -0.054300162941217422 0.070147596299648285 0.99605762958526611
vn -0.61211925745010376 0.79076546430587769 0
vn -0.79076546430587769 -0.61211925745010376 0
vn -0.61211925745010376 0.79076546430587769 0
vn -0.75192028284072876 0.65925407409667969 0
vn -0.86664462089538574 0.49892598390579224 0
vn -0.94919085502624512 0.31470099091529846 0
vn -0.99325120449066162 0.11598308384418488 0
vn -0.99617987871170044 -0.087325289845466614 0
vn -0.95916253328323364 -0.28285548090934753 0
vn -0.88785725831985474 -0.46011900901794434 0
vn -0.79076546430587769 -0.61211925745010376 0
vn -0.61211925745010376 0.79076546430587769 0
vn -0.79076546430587769 -0.61211925745010376 0
vn -0.8889470100402832 -0.45801004767417908 0
vn -0.96056234836578369 -0.27806472778320312 0
vn -0.99682474136352539 -0.079626485705375671 0
vn -0.99198931455612183 0.12632195651531219 0
vn -0.94505566358566284 0.32690954208374023 0
vn -0.86021792888641357 0.50992661714553833 0
vn -0.74579024314880371 0.66618084907531738 0
vn -0.84194815158843994 -0.53955847024917603 0
vn -0.88785725831985474 -0.46011900901794434 0
vn -0.84194815158843994 -0.53955847024917603 0
vn -0.92730742692947388 -0.37430053949356079 0
vn -0.95916253328323364 -0.28285548090934753 0
vn -0.92730742692947388 -0.37430053949356079 0
vn -0.98240047693252563 -0.18678665161132812 0
vn -0.99617987871170044 -0.087325289845466614 0
vn -0.98240047693252563 -0.18678665161132812 0
vn -0.99990040063858032 0.014111676253378391 0
vn -0.99325120449066162 0.11598308384418488 0
vn -0.99990040063858032 0.014111676253378391 0
vn -0.97623854875564575 0.21669873595237732 0
vn -0.94919085502624512 0.31470099091529846 0
vn -0.97623854875564575 0.21669873595237732 0
vn -0.91226750612258911 0.40959495306015015 0
vn -0.86664462089538574 0.49892598390579224 0
vn -0.91226750612258911 0.40959495306015015 0
vn -0.81252545118331909 0.58292567729949951 0
vn -0.75192028284072876 0.65925407409667969 0
vn -0.81252545118331909 0.58292567729949951 0
vn -0.68397176265716553 0.72950851917266846 0
vn -0.68397176265716553 0.72950851917266846 0
vn -0.74579024314880371 0.66618084907531738 0
vn -0.86021792888641357 0.50992661714553833 0
vn -0.94505566358566284 0.32690954208374023 0
vn -0.99198931455612183 0.12632195651531219 0
vn -0.99682474136352539 -0.079626485705375671 0
vn -0.96056234836578369 -0.27806472778320312 0
vn -0.8889470100402832 -0.45801004767417908 0
vn -0.75192028284072876 0.65925407409667969 0
vn -0.68397176265716553 0.72950851917266846 0
vn -0.86664462089538574 0.49892598390579224 0
vn -0.81252545118331909 0.58292567729949951 0
vn -0.94919085502624512 0.31470099091529846 0
vn -0.91226750612258911 0.40959495306015015 0
vn -0.99325120449066162 0.11598308384418488 0
vn -0.97623854875564575 0.21669873595237732 0
vn -0.99617987871170044 -0.087325289845466614 0
vn -0.99990040063858032 0.014111676253378391 0
vn -0.95916253328323364 -0.28285548090934753 0
vn -0.98240047693252563 -0.18678665161132812 0
vn -0.88785725831985474 -0.46011900901794434 0
vn -0.92730742692947388 -0.37430053949356079 0
vn -0.84194815158843994 -0.53955847024917603 0
vn -0.61211925745010376 0.79076546430587769 0
vn 0 0 -1
vn -0.61211925745010376 0.79076546430587769 0
vn -0.60084414482116699 0.77619975805282593 -0.19105048477649689
vn -0.56622457504272461 0.73147648572921753 -0.37991040945053101
vn -0.50798100233078003 0.65623462200164795 -0.55795282125473022
vn -0.42830201983451843 0.55330145359039307 -0.71443325281143188
vn -0.33098942041397095 0.42758825421333313 -0.8411981463432312
vn -0.22247442603111267 0.28740331530570984 -0.93161392211914062
vn -0.10995393991470337 0.14204385876655579 -0.98373454809188843
vn 0 0 -1
vn -0.61211925745010376 0.79076546430587769 0
vn -0.60084414482116699 0.77619975805282593 -0.19105048477649689
vn -0.56622457504272461 0.73147648572921753 -0.37991040945053101
vn -0.50798100233078003 0.65623462200164795 -0.55795282125473022
vn -0.42830201983451843 0.55330145359039307 -0.71443325281143188
vn -0.33098942041397095 0.42758825421333313 -0.8411981463432312
vn -0.22247442603111267 0.28740331530570984 -0.93161392211914062
vn -0.10995393991470337 0.14204385876655579 -0.98373454809188843
vn 0 0 -1
vn -0.61211925745010376 0.79076546430587769 0
vn -0.60084414482116699 0.77619975805282593 -0.19105048477649689
vn -0.56622457504272461 0.73147648572921753 -0.37991040945053101
vn -0.50798100233078003 0.65623462200164795 -0.55795282125473022
vn -0.42830201983451843 0.55330145359039307 -0.71443325281143188
vn -0.33098942041397095 0.42758825421333313 -0.8411981463432312
vn -0.22247442603111267 0.28740331530570984 -0.93161392211914062
vn -0.10995393991470337 0.14204385876655579 -0.98373454809188843
vn 0 0 -1
vn -0.61211925745010376 0.79076546430587769 0
vn 0 0 -1
vn -0.60190016031265259 0.77756392955780029 -0.18196305632591248
vn -0.56914132833480835 0.7352445125579834 -0.36809471249580383
vn -0.51234108209609985 0.66186714172363281 -0.54720973968505859
vn -0.43283367156982422 0.55915564298629761 -0.70710676908493042
vn -0.33495762944221497 0.43271458148956299 -0.83699548244476318
vn -0.22531785070896149 0.29107660055160522 -0.92978829145431519
vn -0.11138308793306351 0.14389009773731232 -0.98330539464950562
vn -0.60084414482116699 0.77619975805282593 -0.19105048477649689
vn -0.60939067602157593 0.78724056482315063 -0.094315044581890106
vn -0.60939067602157593 0.78724056482315063 -0.094315044581890106
vn -0.56622457504272461 0.73147648572921753 -0.37991040945053101
vn -0.58660608530044556 0.75780636072158813 -0.28569704294204712
vn -0.58660608530044556 0.75780636072158813 -0.28569704294204712
vn -0.50798100233078003 0.65623462200164795 -0.55795282125473022
vn -0.54007893800735474 0.69770032167434692 -0.47066867351531982
vn -0.54007893800735474 0.69770032167434692 -0.47066867351531982
vn -0.42830201983451843 0.55330145359039307 -0.71443325281143188
vn -0.47067824006080627 0.60804510116577148 -0.63933026790618896
vn -0.47067824006080627 0.60804510116577148 -0.63933026790618896
vn -0.33098942041397095 0.42758825421333313 -0.8411981463432312
vn -0.38148331642150879 0.49281874299049377 -0.78204870223999023
vn -0.38148331642150879 0.49281874299049377 -0.78204870223999023
vn -0.22247442603111267 0.28740331530570984 -0.93161392211914062
vn -0.27768290042877197 0.35872429609298706 -0.89118409156799316
vn -0.27768290042877197 0.35872429609298706 -0.89118409156799316
vn -0.10995393991470337 0.14204385876655579 -0.98373454809188843
vn -0.16627532243728638 0.2148025780916214 -0.96239930391311646
vn -0.16627532243728638 0.2148025780916214 -0.96239930391311646
vn -0.054300162941217422 0.070147596299648285 -0.99605762958526611
vn -0.054300162941217422 0.070147596299648285 -0.99605762958526611
vn -0.11138308793306351 0.14389009773731232 -0.98330539464950562
vn -0.22531785070896149 0.29107660055160522 -0.92978829145431519
vn -0.33495762944221497 0.43271458148956299 -0.83699548244476318
vn -0.43283367156982422 0.55915564298629761 -0.70710676908493042
vn -0.51234108209609985 0.66186714172363281 -0.54720973968505859
vn -0.56914132833480835 0.7352445125579834 -0.36809471249580383
vn -0.60190016031265259 0.77756392955780029 -0.18196305632591248
vn -0.054300162941217422 0.070147596299648285 -0.99605762958526611
vn -0.10995393991470337 0.14204385876655579 -0.98373454809188843
vn -0.054300162941217422 0.070147596299648285 -0.99605762958526611
vn -0.16627532243728638 0.2148025780916214 -0.96239930391311646
vn -0.22247442603111267 0.28740331530570984 -0.93161392211914062
vn -0.16627532243728638 0.2148025780916214 -0.96239930391311646
vn -0.27768290042877197 0.35872429609298706 -0.89118409156799316
vn -0.33098942041397095 0.42758825421333313 -0.8411981463432312
vn -0.27768290042877197 0.35872429609298706 -0.89118409156799316
vn -0.38148331642150879 0.49281874299049377 -0.78204870223999023
vn -0.42830201983451843 0.55330145359039307 -0.71443325281143188
vn -0.38148331642150879 0.49281874299049377 -0.78204870223999023
vn -0.47067824006080627 0.60804510116577148 -0.63933026790618896
vn -0.50798100233078003 0.65623462200164795 -0.55795282125473022
vn -0.47067824006080627 0.60804510116577148 -0.63933026790618896
vn -0.54007893800735474 0.69770032167434692 -0.47066867351531982
vn -0.56622457504272461 0.73147648572921753 -0.37991040945053101
vn -0.54007893800735474 0.69770032167434692 -0.47066867351531982
vn -0.58660608530044556 0.75780636072158813 -0.28569704294204712
vn -0.60084414482116699 0.77619975805282593 -0.19105048477649689
vn -0.58660608530044556 0.75780636072158813 -0.28569704294204712
vn -0.60939067602157593 0.78724056482315063 -0.094315044581890106
vn -0.60939067602157593 0.78724056482315063 -0.094315044581890106
vn -0.61211925745010376 0.79076546430587769 0
vn 0.79076546430587769 0.61211925745010376 0
vn -0.61211925745010376 0.79076546430587769 0
vn -0.44976800680160522 0.89314544200897217 0
vn -0.26580449938774109 0.96402692794799805 0
vn -0.066771194338798523 0.9977683424949646 0
vn 0.13664712011814117 0.99061977863311768 0
vn 0.33420100808143616 0.94250184297561646 0
vn 0.5142136812210083 0.85766208171844482 0
vn 0.667949378490448 0.74420672655105591 0
vn 0.79076546430587769 0.61211925745010376 0
vn -0.61211925745010376 0.79076546430587769 0
vn 0.79076546430587769 0.61211925745010376 0
vn 0.66618084907531738 0.74579024314880371 0
vn 0.50992661714553833 0.86021792888641357 0
vn 0.32690954208374023 0.94505566358566284 0
vn 0.12632195651531219 0.99198931455612183 0
vn -0.079626485705375671 0.99682474136352539 0
vn -0.27806472778320312 0.96056234836578369 0
vn -0.45801004767417908 0.8889470100402832 0
vn 0.73334783315658569 0.67985361814498901 0
vn 0.667949378490448 0.74420672655105591 0
vn 0.73334783315658569 0.67985361814498901 0
vn 0.59475678205490112 0.8039056658744812 0
vn 0.5142136812210083 0.85766208171844482 0
vn 0.59475678205490112 0.8039056658744812 0
vn 0.42703473567962646 0.90423524379730225 0
vn 0.33420100808143616 0.94250184297561646 0
vn 0.42703473567962646 0.90423524379730225 0
vn 0.23693379759788513 0.97152578830718994 0
vn 0.13664712011814117 0.99061977863311768 0
vn 0.23693379759788513 0.97152578830718994 0
vn 0.034882050007581711 0.99939143657684326 0
vn -0.066771194338798523 0.9977683424949646 0
vn 0.034882050007581711 0.99939143657684326 0
vn -0.16789041459560394 0.9858056902885437 0
vn -0.26580449938774109 0.96402692794799805 0
vn -0.16789041459560394 0.9858056902885437 0
vn -0.36068674921989441 0.93268698453903198 0
vn -0.44976800680160522 0.89314544200897217 0
vn -0.36068674921989441 0.93268698453903198 0
vn -0.53480958938598633 0.84497261047363281 0
vn -0.53480958938598633 0.84497261047363281 0
vn -0.45801004767417908 0.8889470100402832 0
vn -0.27806472778320312 0.96056234836578369 0
vn -0.079626485705375671 0.99682474136352539 0
vn 0.12632195651531219 0.99198931455612183 0
vn 0.32690954208374023 0.94505566358566284 0
vn 0.50992661714553833 0.86021792888641357 0
vn 0.66618084907531738 0.74579024314880371 0
vn -0.44976800680160522 0.89314544200897217 0
vn -0.53480958938598633 0.84497261047363281 0
vn -0.26580449938774109 0.96402692794799805 0
vn -0.36068674921989441 0.93268698453903198 0
vn -0.066771194338798523 0.9977683424949646 0
vn -0.16789041459560394 0.9858056902885437 0
vn 0.13664712011814117 0.99061977863311768 0
vn 0.034882050007581711 0.99939143657684326 0
vn 0.33420100808143616 0.94250184297561646 0
vn 0.23693379759788513 0.97152578830718994 0
vn 0.5142136812210083 0.85766208171844482 0
vn 0.42703473567962646 0.90423524379730225 0
vn 0.667949378490448 0.74420672655105591 0
vn 0.59475678205490112 0.8039056658744812 0
vn 0.73334783315658569 0.67985361814498901 0
vn 0.61211925745010376 -0.79076546430587769 0
vn 0 0 1
vn 0.61211925745010376 -0.79076546430587769 0
vn 0.60084414482116699 -0.77619975805282593 0.19105048477649689
vn 0.56622457504272461 -0.73147648572921753 0.37991040945053101
vn 0.50798100233078003 -0.65623462200164795 0.55795282125473022
vn 0.42830201983451843 -0.55330145359039307 0.71443325281143188
vn 0.33098942041397095 -0.42758825421333313 0.8411981463432312
vn 0.22247442603111267 -0.28740331530570984 0.93161392211914062
vn 0.10995393991470337 -0.14204385876655579 0.98373454809188843
vn 0 0 1
vn 0.61211925745010376 -0.79076546430587769 0
vn 0.60084414482116699 -0.77619975805282593 0.19105048477649689
vn 0.56622457504272461 -0.73147648572921753 0.37991040945053101
vn 0.50798100233078003 -0.65623462200164795 0.55795282125473022
vn 0.42830201983451843 -0.55330145359039307 0.71443325281143188
vn 0.33098942041397095 -0.42758825421333313 0.8411981463432312
vn 0.22247442603111267 -0.28740331530570984 0.93161392211914062
vn 0.10995393991470337 -0.14204385876655579 0.98373454809188843
vn 0 0 1
vn 0.61211925745010376 -0.79076546430587769 0
vn 0.60084414482116699 -0.77619975805282593 0.19105048477649689
vn 0.56622457504272461 -0.73147648572921753 0.37991040945053101
vn 0.50798100233078003 -0.65623462200164795 0.55795282125473022
vn 0.42830201983451843 -0.55330145359039307 0.71443325281143188
vn 0.33098942041397095 -0.42758825421333313 0.8411981463432312
vn 0.22247442603111267 -0.28740331530570984 0.93161392211914062
vn 0.10995393991470337 -0.14204385876655579 0.98373454809188843
vn 0 0 1
vn 0.61211925745010376 -0.79076546430587769 0
vn 0 0 1
vn 0.11138308793306351 -0.14389009773731232 0.98330539464950562
vn 0.22531785070896149 -0.29107660055160522 0.92978829145431519
vn 0.33495762944221497 -0.43271458148956299 0.83699548244476318
vn 0.43283367156982422 -0.55915564298629761 0.70710676908493042
vn 0.51234108209609985 -0.66186714172363281 0.54720973968505859
vn 0.56914132833480835 -0.7352445125579834 0.36809471249580383
vn 0.60190016031265259 -0.77756392955780029 0.18196305632591248
vn 0.054300162941217422 -0.070147596299648285 0.99605762958526611
vn 0.10995393991470337 -0.14204385876655579 0.98373454809188843
vn 0.054300162941217422 -0.070147596299648285 0.99605762958526611
vn 0.16627532243728638 -0.2148025780916214 0.96239930391311646
vn 0.22247442603111267 -0.28740331530570984 0.93161392211914062
vn 0.16627532243728638 -0.2148025780916214 0.96239930391311646
vn 0.27768290042877197 -0.35872429609298706 0.89118409156799316
vn 0.33098942041397095 -0.42758825421333313 0.8411981463432312
vn 0.27768290042877197 -0.35872429609298706 0.89118409156799316
vn 0.38148331642150879 -0.49281874299049377 0.78204870223999023
vn 0.42830201983451843 -0.55330145359039307 0.71443325281143188
vn 0.38148331642150879 -0.49281874299049377 0.78204870223999023
vn 0.47067824006080627 -0.60804510116577148 0.63933026790618896
vn 0.50798100233078003 -0.65623462200164795 0.55795282125473022
vn 0.47067824006080627 -0.60804510116577148 0.63933026790618896
vn 0.54007893800735474 -0.69770032167434692 0.47066867351531982
vn 0.56622457504272461 -0.73147648572921753 0.37991040945053101
vn 0.54007893800735474 -0.69770032167434692 0.47066867351531982
vn 0.58660608530044556 -0.75780636072158813 0.28569704294204712
vn 0.60084414482116699 -0.77619975805282593 0.19105048477649689
vn 0.58660608530044556 -0.75780636072158813 0.28569704294204712
vn 0.60939067602157593 -0.78724056482315063 0.094315044581890106
vn 0.60939067602157593 -0.78724056482315063 0.094315044581890106
vn 0.60190016031265259 -0.77756392955780029 0.18196305632591248
vn 0.56914132833480835 -0.7352445125579834 0.36809471249580383
vn 0.51234108209609985 -0.66186714172363281 0.54720973968505859
vn 0.43283367156982422 -0.55915564298629761 0.70710676908493042
vn 0.33495762944221497 -0.43271458148956299 0.83699548244476318
vn 0.22531785070896149 -0.29107660055160522 0.92978829145431519
vn 0.11138308793306351 -0.14389009773731232 0.98330539464950562
vn 0.60084414482116699 -0.77619975805282593 0.19105048477649689
vn 0.60939067602157593 -0.78724056482315063 0.094315044581890106
vn 0.60939067602157593 -0.78724056482315063 0.094315044581890106
vn 0.56622457504272461 -0.73147648572921753 0.37991040945053101
vn 0.58660608530044556 -0.75780636072158813 0.28569704294204712
vn 0.58660608530044556 -0.75780636072158813 0.28569704294204712
vn 0.50798100233078003 -0.65623462200164795 0.55795282125473022
vn 0.54007893800735474 -0.69770032167434692 0.47066867351531982
vn 0.54007893800735474 -0.69770032167434692 0.47066867351531982
vn 0.42830201983451843 -0.55330145359039307 0.71443325281143188
vn 0.47067824006080627 -0.60804510116577148 0.63933026790618896
vn 0.47067824006080627 -0.60804510116577148 0.63933026790618896
vn 0.33098942041397095 -0.42758825421333313 0.8411981463432312
vn 0.38148331642150879 -0.49281874299049377 0.78204870223999023
vn 0.38148331642150879 -0.49281874299049377 0.78204870223999023
vn 0.22247442603111267 -0.28740331530570984 0.93161392211914062
vn 0.27768290042877197 -0.35872429609298706 0.89118409156799316
vn 0.27768290042877197 -0.35872429609298706 0.89118409156799316
vn 0.10995393991470337 -0.14204385876655579 0.98373454809188843
vn 0.16627532243728638 -0.2148025780916214 0.96239930391311646
vn 0.16627532243728638 -0.2148025780916214 0.96239930391311646
vn 0.054300162941217422 -0.070147596299648285 0.99605762958526611
vn 0.054300162941217422 -0.070147596299648285 0.99605762958526611
vn 0.61211925745010376 -0.79076546430587769 0
vn -0.79076546430587769 -0.61211925745010376 0
vn 0.61211925745010376 -0.79076546430587769 0
vn 0.44976800680160522 -0.89314544200897217 0
vn 0.26580449938774109 -0.96402692794799805 0
vn 0.066771194338798523 -0.9977683424949646 0
vn -0.13664712011814117 -0.99061977863311768 0
vn -0.33420100808143616 -0.94250184297561646 0
vn -0.5142136812210083 -0.85766208171844482 0
vn -0.667949378490448 -0.74420672655105591 0
vn -0.79076546430587769 -0.61211925745010376 0
vn 0.61211925745010376 -0.79076546430587769 0
vn -0.79076546430587769 -0.61211925745010376 0
vn 0.45801004767417908 -0.8889470100402832 0
vn 0.27806472778320312 -0.96056234836578369 0
vn 0.079626485705375671 -0.99682474136352539 0
vn -0.12632195651531219 -0.99198931455612183 0
vn -0.32690954208374023 -0.94505566358566284 0
vn -0.50992661714553833 -0.86021792888641357 0
vn -0.66618084907531738 -0.74579024314880371 0
vn 0.44976800680160522 -0.89314544200897217 0
vn 0.53480958938598633 -0.84497261047363281 0
vn 0.53480958938598633 -0.84497261047363281 0
vn 0.26580449938774109 -0.96402692794799805 0
vn 0.36068674921989441 -0.93268698453903198 0
vn 0.36068674921989441 -0.93268698453903198 0
vn 0.066771194338798523 -0.9977683424949646 0
vn 0.16789041459560394 -0.9858056902885437 0
vn 0.16789041459560394 -0.9858056902885437 0
vn -0.13664712011814117 -0.99061977863311768 0
vn -0.034882050007581711 -0.99939143657684326 0
vn -0.034882050007581711 -0.99939143657684326 0
vn -0.33420100808143616 -0.94250184297561646 0
vn -0.23693379759788513 -0.97152578830718994 0
vn -0.23693379759788513 -0.97152578830718994 0
vn -0.5142136812210083 -0.85766208171844482 0
vn -0.42703473567962646 -0.90423524379730225 0
vn -0.42703473567962646 -0.90423524379730225 0
vn -0.667949378490448 -0.74420672655105591 0
vn -0.59475678205490112 -0.8039056658744812 0
vn -0.59475678205490112 -0.8039056658744812 0
vn -0.73334783315658569 -0.67985361814498901 0
vn -0.73334783315658569 -0.67985361814498901 0
vn -0.66618084907531738 -0.74579024314880371 0
vn -0.50992661714553833 -0.86021792888641357 0
vn -0.32690954208374023 -0.94505566358566284 0
vn -0.12632195651531219 -0.99198931455612183 0
vn 0.079626485705375671 -0.99682474136352539 0
vn 0.27806472778320312 -0.96056234836578369 0
vn 0.45801004767417908 -0.8889470100402832 0
vn -0.667949378490448 -0.74420672655105591 0
vn -0.73334783315658569 -0.67985361814498901 0
vn -0.5142136812210083 -0.85766208171844482 0
vn -0.59475678205490112 -0.8039056658744812 0
vn -0.33420100808143616 -0.94250184297561646 0
vn -0.42703473567962646 -0.90423524379730225 0
vn -0.13664712011814117 -0.99061977863311768 0
vn -0.23693379759788513 -0.97152578830718994 0
vn 0.066771194338798523 -0.9977683424949646 0
vn -0.034882050007581711 -0.99939143657684326 0
vn 0.26580449938774109 -0.96402692794799805 0
vn 0.16789041459560394 -0.9858056902885437 0
vn 0.44976800680160522 -0.89314544200897217 0
vn 0.36068674921989441 -0.93268698453903198 0
vn 0.53480958938598633 -0.84497261047363281 0
vn 0.61211925745010376 -0.79076546430587769 0
vn 0 0 -1
vn 0.61211925745010376 -0.79076546430587769 0
vn 0.60084414482116699 -0.77619975805282593 -0.19105048477649689
vn 0.56622457504272461 -0.73147648572921753 -0.37991040945053101
vn 0.50798100233078003 -0.65623462200164795 -0.55795282125473022
vn 0.42830201983451843 -0.55330145359039307 -0.71443325281143188
vn 0.33098942041397095 -0.42758825421333313 -0.8411981463432312
vn 0.22247442603111267 -0.28740331530570984 -0.93161392211914062
vn 0.10995393991470337 -0.14204385876655579 -0.98373454809188843
vn 0 0 -1
vn 0.61211925745010376 -0.79076546430587769 0
vn 0.60084414482116699 -0.77619975805282593 -0.19105048477649689
vn 0.56622457504272461 -0.73147648572921753 -0.37991040945053101
vn 0.50798100233078003 -0.65623462200164795 -0.55795282125473022
vn 0.42830201983451843 -0.55330145359039307 -0.71443325281143188
vn 0.33098942041397095 -0.42758825421333313 -0.8411981463432312
vn 0.22247442603111267 -0.28740331530570984 -0.93161392211914062
vn 0.10995393991470337 -0.14204385876655579 -0.98373454809188843
vn 0 0 -1
vn 0.61211925745010376 -0.79076546430587769 0
vn 0.60084414482116699 -0.77619975805282593 -0.19105048477649689
vn 0.56622457504272461 -0.73147648572921753 -0.37991040945053101
vn 0.50798100233078003 -0.65623462200164795 -0.55795282125473022
vn 0.42830201983451843 -0.55330145359039307 -0.71443325281143188
vn 0.33098942041397095 -0.42758825421333313 -0.8411981463432312
vn 0.22247442603111267 -0.28740331530570984 -0.93161392211914062
vn 0.10995393991470337 -0.14204385876655579 -0.98373454809188843
vn 0 0 -1
vn 0.61211925745010376 -0.79076546430587769 0
vn 0 0 -1
vn 0.11138308793306351 -0.14389009773731232 -0.98330539464950562
vn 0.22531785070896149 -0.29107660055160522 -0.92978829145431519
vn 0.33495762944221497 -0.43271458148956299 -0.83699548244476318
vn 0.43283367156982422 -0.55915564298629761 -0.70710676908493042
vn 0.51234108209609985 -0.66186714172363281 -0.54720973968505859
vn 0.56914132833480835 -0.7352445125579834 -0.36809471249580383
vn 0.60190016031265259 -0.77756392955780029 -0.18196305632591248
vn 0.054300162941217422 -0.070147596299648285 -0.99605762958526611
vn 0.10995393991470337 -0.14204385876655579 -0.98373454809188843
vn 0.054300162941217422 -0.070147596299648285 -0.99605762958526611
vn 0.16627532243728638 -0.2148025780916214 -0.96239930391311646
vn 0.22247442603111267 -0.28740331530570984 -0.93161392211914062
vn 0.16627532243728638 -0.2148025780916214 -0.96239930391311646
vn 0.27768290042877197 -0.35872429609298706 -0.89118409156799316
vn 0.33098942041397095 -0.42758825421333313 -0.8411981463432312
vn 0.27768290042877197 -0.35872429609298706 -0.89118409156799316
vn 0.38148331642150879 -0.49281874299049377 -0.78204870223999023
vn 0.42830201983451843 -0.55330145359039307 -0.71443325281143188
vn 0.38148331642150879 -0.49281874299049377 -0.78204870223999023
vn 0.47067824006080627 -0.60804510116577148 -0.63933026790618896
vn 0.50798100233078003 -0.65623462200164795 -0.55795282125473022
vn 0.47067824006080627 -0.60804510116577148 -0.63933026790618896
vn 0.54007893800735474 -0.69770032167434692 -0.47066867351531982
vn 0.56622457504272461 -0.73147648572921753 -0.37991040945053101
vn 0.54007893800735474 -0.69770032167434692 -0.47066867351531982
vn 0.58660608530044556 -0.75780636072158813 -0.28569704294204712
vn 0.60084414482116699 -0.77619975805282593 -0.19105048477649689
vn 0.58660608530044556 -0.75780636072158813 -0.28569704294204712
vn 0.60939067602157593 -0.78724056482315063 -0.094315044581890106
vn 0.60939067602157593 -0.78724056482315063 -0.094315044581890106
vn 0.60190016031265259 -0.77756392955780029 -0.18196305632591248
vn 0.56914132833480835 -0.7352445125579834 -0.36809471249580383
vn 0.51234108209609985 -0.66186714172363281 -0.54720973968505859
vn 0.43283367156982422 -0.55915564298629761 -0.70710676908493042
vn 0.33495762944221497 -0.43271458148956299 -0.83699548244476318
vn 0.22531785070896149 -0.29107660055160522 -0.92978829145431519
vn 0.11138308793306351 -0.14389009773731232 -0.98330539464950562
vn 0.60084414482116699 -0.77619975805282593 -0.19105048477649689
vn 0.60939067602157593 -0.78724056482315063 -0.094315044581890106
vn 0.60939067602157593 -0.78724056482315063 -0.094315044581890106
vn 0.56622457504272461 -0.73147648572921753 -0.37991040945053101
vn 0.58660608530044556 -0.75780636072158813 -0.28569704294204712
vn 0.58660608530044556 -0.75780636072158813 -0.28569704294204712
vn 0.50798100233078003 -0.65623462200164795 -0.55795282125473022
vn 0.54007893800735474 -0.69770032167434692 -0.47066867351531982
vn 0.54007893800735474 -0.69770032167434692 -0.47066867351531982
vn 0.42830201983451843 -0.55330145359039307 -0.71443325281143188
vn 0.47067824006080627 -0.60804510116577148 -0.63933026790618896
vn 0.47067824006080627 -0.60804510116577148 -0.63933026790618896
vn 0.33098942041397095 -0.42758825421333313 -0.8411981463432312
vn 0.38148331642150879 -0.49281874299049377 -0.78204870223999023
vn 0.38148331642150879 -0.49281874299049377 -0.78204870223999023
vn 0.22247442603111267 -0.28740331530570984 -0.93161392211914062
vn 0.27768290042877197 -0.35872429609298706 -0.89118409156799316
vn 0.27768290042877197 -0.35872429609298706 -0.89118409156799316
vn 0.10995393991470337 -0.14204385876655579 -0.98373454809188843
vn 0.16627532243728638 -0.2148025780916214 -0.96239930391311646
vn 0.16627532243728638 -0.2148025780916214 -0.96239930391311646
vn 0.054300162941217422 -0.070147596299648285 -0.99605762958526611
vn 0.054300162941217422 -0.070147596299648285 -0.99605762958526611
vn 0.61211925745010376 -0.79076546430587769 0
vn 0.79076546430587769 0.61211925745010376 0
vn 0.61211925745010376 -0.79076546430587769 0
vn 0.75192028284072876 -0.65925407409667969 0
vn 0.86664462089538574 -0.49892598390579224 0
vn 0.94919085502624512 -0.31470099091529846 0
vn 0.99325120449066162 -0.11598308384418488 0
vn 0.99617987871170044 0.087325289845466614 0
vn 0.95916253328323364 0.28285548090934753 0
vn 0.88785725831985474 0.46011900901794434 0
vn 0.79076546430587769 0.61211925745010376 0
vn 0.61211925745010376 -0.79076546430587769 0
vn 0.79076546430587769 0.61211925745010376 0
vn 0.74579024314880371 -0.66618084907531738 0
vn 0.86021792888641357 -0.50992661714553833 0
vn 0.94505566358566284 -0.32690954208374023 0
vn 0.99198931455612183 -0.12632195651531219 0
vn 0.99682474136352539 0.079626485705375671 0
vn 0.96056234836578369 0.27806472778320312 0
vn 0.8889470100402832 0.45801004767417908 0
vn 0.75192028284072876 -0.65925407409667969 0
vn 0.68397176265716553 -0.72950851917266846 0
vn 0.68397176265716553 -0.72950851917266846 0
vn 0.86664462089538574 -0.49892598390579224 0
vn 0.81252545118331909 -0.58292567729949951 0
vn 0.81252545118331909 -0.58292567729949951 0
vn 0.94919085502624512 -0.31470099091529846 0
vn 0.91226750612258911 -0.40959495306015015 0
vn 0.91226750612258911 -0.40959495306015015 0
vn 0.99325120449066162 -0.11598308384418488 0
vn 0.97623854875564575 -0.21669873595237732 0
vn 0.97623854875564575 -0.21669873595237732 0
vn 0.99617987871170044 0.087325289845466614 0
vn 0.99990040063858032 -0.014111676253378391 0
vn 0.99990040063858032 -0.014111676253378391 0
vn 0.95916253328323364 0.28285548090934753 0
vn 0.98240047693252563 0.18678665161132812 0
vn 0.98240047693252563 0.18678665161132812 0
vn 0.88785725831985474 0.46011900901794434 0
vn 0.92730742692947388 0.37430053949356079 0
vn 0.92730742692947388 0.37430053949356079 0
vn 0.84194815158843994 0.53955847024917603 0
vn 0.84194815158843994 0.53955847024917603 0
vn 0.8889470100402832 0.45801004767417908 0
vn 0.96056234836578369 0.27806472778320312 0
vn 0.99682474136352539 0.079626485705375671 0
vn 0.99198931455612183 -0.12632195651531219 0
vn 0.94505566358566284 -0.32690954208374023 0
vn 0.86021792888641357 -0.50992661714553833 0
vn 0.74579024314880371 -0.66618084907531738 0
vn 0.88785725831985474 0.46011900901794434 0
vn 0.84194815158843994 0.53955847024917603 0
vn 0.95916253328323364 0.28285548090934753 0
vn 0.92730742692947388 0.37430053949356079 0
vn 0.99617987871170044 0.087325289845466614 0
vn 0.98240047693252563 0.18678665161132812 0
vn 0.99325120449066162 -0.11598308384418488 0
vn 0.99990040063858032 -0.014111676253378391 0
vn 0.94919085502624512 -0.31470099091529846 0
vn 0.97623854875564575 -0.21669873595237732 0
vn 0.86664462089538574 -0.49892598390579224 0
vn 0.91226750612258911 -0.40959495306015015 0
vn 0.75192028284072876 -0.65925407409667969 0
vn 0.81252545118331909 -0.58292567729949951 0
vn 0.68397176265716553 -0.72950851917266846 0
vn -0.79076546430587769 -0.61211925745010376 0
vn 0 0 1
vn 0 0 1
vn -0.79076546430587769 -0.61211925745010376 0
vn -0.79076546430587769 -0.61211925745010376 0
vn 0 0 1
vn -0.14816243946552277 -0.11469024419784546 0.98229020833969116
vn -0.29107463359832764 -0.22531634569168091 0.92978930473327637
vn -0.43414098024368286 -0.33606177568435669 0.83581346273422241
vn -0.55915564298629761 -0.43283367156982422 0.70710676908493042
vn -0.66093242168426514 -0.51161748170852661 0.54901355504989624
vn -0.7352452278137207 -0.5691419243812561 0.36809223890304565
vn -0.77676117420196533 -0.60127872228622437 0.18736584484577179
vn -0.77676117420196533 -0.60127872228622437 0.18736584484577179
vn -0.7352452278137207 -0.5691419243812561 0.36809223890304565
vn -0.66093242168426514 -0.51161748170852661 0.54901355504989624
vn -0.55915564298629761 -0.43283367156982422 0.70710676908493042
vn -0.43414098024368286 -0.33606177568435669 0.83581346273422241
vn -0.29107463359832764 -0.22531634569168091 0.92978930473327637
vn -0.14816243946552277 -0.11469024419784546 0.98229020833969116
vn 0.79076546430587769 0.61211925745010376 0
vn 0 0 1
vn 0.79076546430587769 0.61211925745010376 0
vn 0.77676117420196533 0.60127872228622437 0.18736584484577179
vn 0.7352452278137207 0.5691419243812561 0.36809223890304565
vn 0.66093242168426514 0.51161748170852661 0.54901355504989624
vn 0.55915564298629761 0.43283367156982422 0.70710676908493042
vn 0.43414098024368286 0.33606177568435669 0.83581346273422241
vn 0.29107463359832764 0.22531634569168091 0.92978930473327637
vn 0.14816243946552277 0.11469024419784546 0.98229020833969116
vn 0 0 1
vn 0.14816243946552277 0.11469024419784546 0.98229020833969116
vn 0.29107463359832764 0.22531634569168091 0.92978930473327637
vn 0.43414098024368286 0.33606177568435669 0.83581346273422241
vn 0.55915564298629761 0.43283367156982422 0.70710676908493042
vn 0.66093242168426514 0.51161748170852661 0.54901355504989624
vn 0.7352452278137207 0.5691419243812561 0.36809223890304565
vn 0.77676117420196533 0.60127872228622437 0.18736584484577179
vn 0.15107612311840057 0.11694567650556564 0.98158019781112671
vn 0.4412098228931427 0.34153366088867188 0.82987266778945923
vn 0.5649491548538208 0.437318354845047 0.69970357418060303
vn 0.66519039869308472 0.51491355895996094 0.54072701930999756
vn 0.73668807744979858 0.57025879621505737 0.36344948410987854
vn 0.77790331840515137 0.60216283798217773 0.17962829768657684
vn -0.79076546430587769 -0.61211925745010376 0
vn 0 0 -1
vn 0 0 -1
vn -0.79076546430587769 -0.61211925745010376 0
vn -0.77676117420196533 -0.60127872228622437 -0.18736584484577179
vn -0.7352452278137207 -0.5691419243812561 -0.36809223890304565
vn -0.66093242168426514 -0.51161748170852661 -0.54901355504989624
vn -0.55915564298629761 -0.43283367156982422 -0.70710676908493042
vn -0.43414098024368286 -0.33606177568435669 -0.83581346273422241
vn -0.29107463359832764 -0.22531634569168091 -0.92978930473327637
vn -0.14816243946552277 -0.11469024419784546 -0.98229020833969116
vn 0 0 -1
vn -0.14816243946552277 -0.11469024419784546 -0.98229020833969116
vn -0.29107463359832764 -0.22531634569168091 -0.92978930473327637
vn -0.43414098024368286 -0.33606177568435669 -0.83581346273422241
vn -0.55915564298629761 -0.43283367156982422 -0.70710676908493042
vn -0.66093242168426514 -0.51161748170852661 -0.54901355504989624
vn -0.7352452278137207 -0.5691419243812561 -0.36809223890304565
vn -0.77676117420196533 -0.60127872228622437 -0.18736584484577179
vn 0 0 -1
vn 0 0 -1
vn 0.79076546430587769 0.61211925745010376 0
vn 0.79076546430587769 0.61211925745010376 0
vn 0 0 -1
vn 0.14816243946552277 0.11469024419784546 -0.98229020833969116
vn 0.29107463359832764 0.22531634569168091 -0.92978930473327637
vn 0.43414098024368286 0.33606177568435669 -0.83581346273422241
vn 0.55915564298629761 0.43283367156982422 -0.70710676908493042
vn 0.66093242168426514 0.51161748170852661 -0.54901355504989624
vn 0.7352452278137207 0.5691419243812561 -0.36809223890304565
vn 0.77676117420196533 0.60127872228622437 -0.18736584484577179
vn 0.79076546430587769 0.61211925745010376 0
vn 0.77676117420196533 0.60127872228622437 -0.18736584484577179
vn 0.7352452278137207 0.5691419243812561 -0.36809223890304565
vn 0.66093242168426514 0.51161748170852661 -0.54901355504989624
vn 0.55915564298629761 0.43283367156982422 -0.70710676908493042
vn 0.43414098024368286 0.33606177568435669 -0.83581346273422241
vn 0.29107463359832764 0.22531634569168091 -0.92978930473327637
vn 0.14816243946552277 0.11469024419784546 -0.98229020833969116
vn 0.30042004585266113 0.23255047202110291 -0.92502325773239136
vn 0.4412098228931427 0.34153366088867188 -0.82987266778945923
vn 0.5649491548538208 0.437318354845047 -0.69970357418060303
vn 0.66519039869308472 0.51491355895996094 -0.54072701930999756
vn 0.73668807744979858 0.57025879621505737 -0.36344948410987854
vn 0.77790331840515137 0.60216283798217773 -0.17962829768657684
vn 0 0 -1
vn -0.79076546430587769 -0.61211925745010376 0
vn -0.25408777594566345 0.013402277603745461 -0.96708828210830688
vn -0.41429746150970459 -0.087551437318325043 -0.90592074394226074
vn -0.55594229698181152 -0.18351361155509949 -0.81071013212203979
vn -0.67504251003265381 -0.27148106694221497 -0.68601429462432861
vn -0.76884740591049194 -0.34927549958229065 -0.53561204671859741
vn -0.83384191989898682 -0.4139818549156189 -0.36513921618461609
vn -0.86759060621261597 -0.46317538619041443 -0.18098381161689758
vn -0.3236161470413208 0.15948110818862915 -0.93265128135681152
vn -0.49145820736885071 0.074563004076480865 -0.86770337820053101
vn -0.63763135671615601 -0.011885161511600018 -0.77024996280670166
vn -0.75813025236129761 -0.096914030611515045 -0.64486140012741089
vn -0.85022032260894775 -0.17831131815910339 -0.49530845880508423
vn -0.91045081615447998 -0.25302690267562866 -0.32719522714614868
vn -0.93656468391418457 -0.31826099753379822 -0.1468212902545929
vn -0.36848711967468262 0.30836275219917297 -0.87700039148330688
vn -0.54125481843948364 0.23978792130947113 -0.80594354867935181
vn -0.69035041332244873 0.16303631663322449 -0.70486557483673096
vn -0.81175196170806885 0.081002399325370789 -0.5783575177192688
vn -0.90273535251617432 -0.0040668575093150139 -0.43017712235450745
vn -0.95989125967025757 -0.088983722031116486 -0.26587706804275513
vn -0.98107802867889404 -0.17056617140769958 -0.091614015400409698
vn -0.38707605004310608 0.45446446537971497 -0.80226814746856689
vn -0.56188428401947021 0.40192776918411255 -0.7230076789855957
vn -0.71219056844711304 0.33469167351722717 -0.61706244945526123
vn -0.83396601676940918 0.25559678673744202 -0.48905107378959656
vn -0.92449098825454712 0.1669241338968277 -0.342713862657547
vn -0.98037320375442505 0.07199646532535553 -0.1835343986749649
vn -0.55227422714233398 0.55626916885375977 -0.62093305587768555
vn -0.70201647281646729 0.49809089303016663 -0.50899738073348999
vn -0.82361775636672974 0.42179366946220398 -0.37913569808006287
vn -0.9143562912940979 0.32969093322753906 -0.23506699502468109
vn -0.97083187103271484 0.22523394227027893 -0.082189828157424927
vn -0.66035830974578857 0.643535315990448 -0.38702616095542908
vn -0.78124630451202393 0.5697283148765564 -0.25507614016532898
vn -0.87285929918289185 0.47457242012023926 -0.11356787383556366
vn -0.055003002285957336 0.071057811379432678 -0.99595457315444946
vn -0.1113855242729187 0.14389665424823761 -0.98330414295196533
vn -0.1684308797121048 0.2175896018743515 -0.96139782667160034
vn -0.22532129287719727 0.29109153151512146 -0.92978280782699585
vn -0.2811439037322998 0.36320030689239502 -0.88828128576278687
vn -0.33495771884918213 0.4327164888381958 -0.836994469165802
vn -0.38581758737564087 0.49841833114624023 -0.77635300159454346
vn -0.43283367156982422 0.55915564298629761 -0.70710676908493042
vn -0.47521099448204041 0.61395174264907837 -0.63026803731918335
vn -0.51234084367752075 0.66186779737472534 -0.54720920324325562
vn -0.5437285304069519 0.70243936777114868 -0.4592801034450531
vn -0.5691409707069397 0.73524510860443115 -0.36809408664703369
vn -0.58848655223846436 0.76024681329727173 -0.27515152096748352
vn -0.60190004110336304 0.77756404876708984 -0.18196289241313934
vn -0.60964161157608032 0.78756815195083618 -0.089852407574653625
vn -0.61211925745010376 0.79076546430587769 0
vn -0.68069547414779663 0.73256653547286987 2.0751349438796751E-06
vn -0.74579012393951416 0.66618096828460693 1.5996803881535016E-07
vn -0.80607229471206665 0.59181708097457886 6.8455442487902474E-06
vn -0.86021757125854492 0.50992721319198608 6.5218512190767797E-07
vn -0.90692317485809326 0.42129606008529663 1.4898841982358135E-05
vn -0.94505542516708374 0.32691016793251038 5.7537278053132468E-07
vn -0.97362989187240601 0.2281334400177002 3.1233037589117885E-05
vn -0.99198931455612183 0.12632195651531219 0
vn -0.99973088502883911 0.023197595030069351 2.1850654263744218E-07
vn -0.99682492017745972 -0.079624630510807037 1.0940075299004093E-06
vn -0.98356842994689941 -0.18053559958934784 3.0123808301141253E-06
vn -0.96056652069091797 -0.27805033326148987 6.4333526097470894E-06
vn -0.92867225408554077 -0.37090140581130981 1.4536163917000522E-06
vn -0.88895010948181152 -0.45800399780273438 2.0787870198546443E-06
vn -0.84257054328918457 -0.53858596086502075 1.3788154547000886E-06
vn -0.78271663188934326 -0.60588878393173218 -0.14231483638286591
vn -0.75873392820358276 -0.58732414245605469 -0.28173255920410156
vn -0.71930557489395142 -0.55680322647094727 -0.41541501879692078
vn -0.6652342677116394 -0.51494747400283813 -0.54064083099365234
vn -0.59762066602706909 -0.46260887384414673 -0.6548607349395752
vn -0.51784127950668335 -0.40085285902023315 -0.75574958324432373
vn -0.42752009630203247 -0.33093664050102234 -0.84125351905822754
vn -0.32849586009979248 -0.25428351759910583 -0.90963196754455566
vn -0.2227843850851059 -0.17245392501354218 -0.95949298143386841
vn -0.11253765970468521 -0.087113648653030396 -0.98982143402099609
vn 0 0 -1
vn -0.61211925745010376 0.79076546430587769 0
vn 0.013402277603745461 0.25408777594566345 -0.96708828210830688
vn -0.087551437318325043 0.41429746150970459 -0.90592074394226074
vn -0.18351361155509949 0.55594229698181152 -0.81071013212203979
vn -0.27148106694221497 0.67504251003265381 -0.68601429462432861
vn -0.34927549958229065 0.76884740591049194 -0.53561204671859741
vn -0.4139818549156189 0.83384191989898682 -0.36513921618461609
vn -0.46317538619041443 0.86759060621261597 -0.18098381161689758
vn 0.15948110818862915 0.3236161470413208 -0.93265128135681152
vn 0.074563004076480865 0.49145820736885071 -0.86770337820053101
vn -0.011885161511600018 0.63763135671615601 -0.77024996280670166
vn -0.096914030611515045 0.75813025236129761 -0.64486140012741089
vn -0.17831131815910339 0.85022032260894775 -0.49530845880508423
vn -0.25302690267562866 0.91045081615447998 -0.32719522714614868
vn -0.31826099753379822 0.93656468391418457 -0.1468212902545929
vn 0.30836275219917297 0.36848711967468262 -0.87700039148330688
vn 0.23978792130947113 0.54125481843948364 -0.80594354867935181
vn 0.16303631663322449 0.69035041332244873 -0.70486557483673096
vn 0.081002399325370789 0.81175196170806885 -0.5783575177192688
vn -0.0040668575093150139 0.90273535251617432 -0.43017712235450745
vn -0.088983722031116486 0.95989125967025757 -0.26587706804275513
vn -0.17056617140769958 0.98107802867889404 -0.091614015400409698
vn 0.45446446537971497 0.38707605004310608 -0.80226814746856689
vn 0.40192776918411255 0.56188428401947021 -0.7230076789855957
vn 0.33469167351722717 0.71219056844711304 -0.61706244945526123
vn 0.25559678673744202 0.83396601676940918 -0.48905107378959656
vn 0.1669241338968277 0.92449098825454712 -0.342713862657547
vn 0.07199646532535553 0.98037320375442505 -0.1835343986749649
vn 0.55626916885375977 0.55227422714233398 -0.62093305587768555
vn 0.49809089303016663 0.70201647281646729 -0.50899738073348999
vn 0.42179366946220398 0.82361775636672974 -0.37913569808006287
vn 0.32969093322753906 0.9143562912940979 -0.23506699502468109
vn 0.22523394227027893 0.97083187103271484 -0.082189828157424927
vn 0.643535315990448 0.66035830974578857 -0.38702616095542908
vn 0.5697283148765564 0.78124630451202393 -0.25507614016532898
vn 0.47457242012023926 0.87285929918289185 -0.11356787383556366
vn -0.60964316129684448 0.78756678104400635 -0.089854441583156586
vn -0.60190016031265259 0.77756392955780029 -0.18196305632591248
vn -0.58849078416824341 0.76024109125137329 -0.27515822649002075
vn -0.56914132833480835 0.7352445125579834 -0.36809471249580383
vn -0.54373574256896973 0.70242434740066528 -0.45929458737373352
vn -0.51234108209609985 0.66186714172363281 -0.54720973968505859
vn -0.47522073984146118 0.61391329765319824 -0.63029813766479492
vn -0.43283367156982422 0.55915564298629761 -0.70710676908493042
vn -0.38581761717796326 0.49841800332069397 -0.77635318040847778
vn -0.33495762944221497 0.43271458148956299 -0.83699548244476318
vn -0.28114306926727295 0.36319431662559509 -0.88828402757644653
vn -0.22531785070896149 0.29107660055160522 -0.92978829145431519
vn -0.16842964291572571 0.21758560836315155 -0.96139895915985107
vn -0.11138308793306351 0.14389009773731232 -0.98330539464950562
vn -0.055001631379127502 0.071053788065910339 -0.99595493078231812
vn 0.071057811379432678 0.055003002285957336 -0.99595457315444946
vn 0.14389665424823761 0.1113855242729187 -0.98330414295196533
vn 0.2175896018743515 0.1684308797121048 -0.96139782667160034
vn 0.29109153151512146 0.22532129287719727 -0.92978280782699585
vn 0.36320030689239502 0.2811439037322998 -0.88828128576278687
vn 0.4327164888381958 0.33495771884918213 -0.836994469165802
vn 0.49841833114624023 0.38581758737564087 -0.77635300159454346
vn 0.55915564298629761 0.43283367156982422 -0.70710676908493042
vn 0.61395174264907837 0.47521099448204041 -0.63026803731918335
vn 0.66186779737472534 0.51234084367752075 -0.54720920324325562
vn 0.70243936777114868 0.5437285304069519 -0.4592801034450531
vn 0.73524510860443115 0.5691409707069397 -0.36809408664703369
vn 0.76024681329727173 0.58848655223846436 -0.27515152096748352
vn 0.77756404876708984 0.60190004110336304 -0.18196289241313934
vn 0.78756815195083618 0.60964161157608032 -0.089852407574653625
vn 0.79076546430587769 0.61211925745010376 0
vn 0.73256653547286987 0.68069547414779663 2.0751319880218944E-06
vn 0.66618096828460693 0.74579012393951416 1.5996445767996192E-07
vn 0.59181708097457886 0.80607229471206665 6.8455406108114403E-06
vn 0.50992721319198608 0.86021757125854492 6.5218085865126341E-07
vn 0.42129606008529663 0.90692317485809326 1.4898837434884626E-05
vn 0.32691016793251038 0.94505542516708374 5.7536800568414037E-07
vn 0.2281334400177002 0.97362989187240601 3.1233033951139078E-05
vn 0.12632195651531219 0.99198931455612183 0
vn 0.023197595030069351 0.99973088502883911 2.1850117093435983E-07
vn -0.079624630510807037 0.99682492017745972 1.0940023003058741E-06
vn -0.18053559958934784 0.98356842994689941 3.0123751457722392E-06
vn -0.27805033326148987 0.96056652069091797 6.4333471527788788E-06
vn -0.37090140581130981 0.92867225408554077 1.4536113894791924E-06
vn -0.45800399780273438 0.88895010948181152 2.0787824723811354E-06
vn -0.53858596086502075 0.84257054328918457 1.3788104524792288E-06
vn 0.86568385362625122 -0.48345294594764709 -0.12986408174037933
vn 0.77092427015304565 -0.57655584812164307 -0.27066412568092346
vn 0.64727652072906494 -0.64805394411087036 -0.40132179856300354
vn 0.96747082471847534 -0.23347704112529755 -0.097410030663013458
vn 0.90691787004470825 -0.33800315856933594 -0.25150313973426819
vn 0.81286430358886719 -0.42861571907997131 -0.39438584446907043
vn 0.68835091590881348 -0.50316715240478516 -0.52249008417129517
vn 0.53804349899291992 -0.55886375904083252 -0.63101541996002197
vn 0.9994196891784668 0.019541230052709579 -0.027899913489818573
vn 0.97681212425231934 -0.08073858916759491 -0.19829098880290985
vn 0.91680741310119629 -0.17630094289779663 -0.35830450057983398
vn 0.82292318344116211 -0.2641448974609375 -0.50301581621170044
vn 0.69820219278335571 -0.34209075570106506 -0.62887805700302124
vn 0.54731804132461548 -0.40721774101257324 -0.73117488622665405
vn 0.98047840595245361 0.16727383434772491 -0.10335174947977066
vn 0.95579159259796143 0.083211161196231842 -0.28202545642852783
vn 0.89455324411392212 -0.0027294675819575787 -0.44695308804512024
vn 0.80028796195983887 -0.08760157972574234 -0.59318220615386963
vn 0.67603415250778198 -0.16919106245040894 -0.71718353033065796
vn 0.5264478325843811 -0.24444060027599335 -0.81431043148040771
vn 0.3571343719959259 -0.3105303943157196 -0.88092333078384399
vn 0.93523848056793213 0.31637987494468689 -0.15884827077388763
vn 0.90558552742004395 0.24868512153625488 -0.34361401200294495
vn 0.84140074253082275 0.17245566844940186 -0.51215606927871704
vn 0.74622535705566406 0.09058302640914917 -0.65950161218643188
vn 0.62308734655380249 0.0053160404786467552 -0.78213423490524292
vn 0.47660085558891296 -0.080150149762630463 -0.8754584789276123
vn 0.31225508451461792 -0.16261294484138489 -0.93597745895385742
vn 0.86554175615310669 0.46216732263565063 -0.192973792552948
vn 0.82823789119720459 0.41047617793083191 -0.38148561120033264
vn 0.75951379537582397 0.343741774559021 -0.55225026607513428
vn 0.66293638944625854 0.26480185985565186 -0.70028227567672729
vn 0.54151737689971924 0.17593920230865479 -0.82207322120666504
vn 0.3998064398765564 0.08048374205827713 -0.91305923461914062
vn 0.2431139200925827 -0.017987623810768127 -0.96983093023300171
vn 0.79076546430587769 0.61211925745010376 0
vn 0 0 -1
vn 0.055003002285957336 -0.071057811379432678 -0.99595457315444946
vn 0.1113855242729187 -0.14389665424823761 -0.98330414295196533
vn 0.1684308797121048 -0.2175896018743515 -0.96139782667160034
vn 0.22532129287719727 -0.29109153151512146 -0.92978280782699585
vn 0.2811439037322998 -0.36320030689239502 -0.88828128576278687
vn 0.33495771884918213 -0.4327164888381958 -0.836994469165802
vn 0.38581758737564087 -0.49841833114624023 -0.77635300159454346
vn 0.43283367156982422 -0.55915564298629761 -0.70710676908493042
vn 0.47521099448204041 -0.61395174264907837 -0.63026803731918335
vn 0.51234084367752075 -0.66186779737472534 -0.54720920324325562
vn 0.5437285304069519 -0.70243936777114868 -0.4592801034450531
vn 0.5691409707069397 -0.73524510860443115 -0.36809408664703369
vn 0.58848655223846436 -0.76024681329727173 -0.27515152096748352
vn 0.60190004110336304 -0.77756404876708984 -0.18196289241313934
vn 0.60964161157608032 -0.78756815195083618 -0.089852407574653625
vn 0.61211925745010376 -0.79076546430587769 0
vn 0.68069547414779663 -0.73256653547286987 2.0751347165059997E-06
vn 0.74579012393951416 -0.66618096828460693 1.5996813829133316E-07
vn 0.80607229471206665 -0.59181708097457886 6.8455451582849491E-06
vn 0.86021757125854492 -0.50992721319198608 6.5218631561947404E-07
vn 0.90692317485809326 -0.42129606008529663 1.4898843801347539E-05
vn 0.94505542516708374 -0.32691016793251038 5.7537545217201114E-07
vn 0.97362989187240601 -0.2281334400177002 3.1233041227096692E-05
vn 0.99198931455612183 -0.12632195651531219 0
vn 0.99973088502883911 -0.023197595030069351 2.1851103326753218E-07
vn 0.99682492017745972 0.079624630510807037 1.094012532121269E-06
vn 0.98356842994689941 0.18053559958934784 3.012385832334985E-06
vn 0.96056652069091797 0.27805033326148987 6.433358521462651E-06
vn 0.92867225408554077 0.37090140581130981 1.45362298553664E-06
vn 0.88895010948181152 0.45800399780273438 2.0787940684385831E-06
vn 0.84257054328918457 0.53858596086502075 1.3788223895971896E-06
vn 0.78271663188934326 0.60588878393173218 -0.14231483638286591
vn 0.75873392820358276 0.58732414245605469 -0.28173255920410156
vn 0.71930557489395142 0.55680322647094727 -0.41541501879692078
vn 0.6652342677116394 0.51494747400283813 -0.54064083099365234
vn 0.59762066602706909 0.46260887384414673 -0.6548607349395752
vn 0.51784127950668335 0.40085285902023315 -0.75574958324432373
vn 0.42752009630203247 0.33093664050102234 -0.84125351905822754
vn 0.32849586009979248 0.25428351759910583 -0.90963196754455566
vn 0.2227843850851059 0.17245392501354218 -0.95949298143386841
vn 0.11253765970468521 0.087113648653030396 -0.98982143402099609
vn -0.48345294594764709 -0.86568385362625122 -0.12986408174037933
vn -0.57655584812164307 -0.77092427015304565 -0.27066412568092346
vn -0.64805394411087036 -0.64727652072906494 -0.40132179856300354
vn -0.23347704112529755 -0.96747082471847534 -0.097410030663013458
vn -0.33800315856933594 -0.90691787004470825 -0.25150313973426819
vn -0.42861571907997131 -0.81286430358886719 -0.39438584446907043
vn -0.50316715240478516 -0.68835091590881348 -0.52249008417129517
vn -0.55886375904083252 -0.53804349899291992 -0.63101541996002197
vn 0.019541230052709579 -0.9994196891784668 -0.027899913489818573
vn -0.08073858916759491 -0.97681212425231934 -0.19829098880290985
vn -0.17630094289779663 -0.91680741310119629 -0.35830450057983398
vn -0.2641448974609375 -0.82292318344116211 -0.50301581621170044
vn -0.34209075570106506 -0.69820219278335571 -0.62887805700302124
vn -0.40721774101257324 -0.54731804132461548 -0.73117488622665405
vn 0.16727383434772491 -0.98047840595245361 -0.10335174947977066
vn 0.083211161196231842 -0.95579159259796143 -0.28202545642852783
vn -0.0027294675819575787 -0.89455324411392212 -0.44695308804512024
vn -0.08760157972574234 -0.80028796195983887 -0.59318220615386963
vn -0.16919106245040894 -0.67603415250778198 -0.71718353033065796
vn -0.24444060027599335 -0.5264478325843811 -0.81431043148040771
vn -0.3105303943157196 -0.3571343719959259 -0.88092333078384399
vn 0.31637987494468689 -0.93523848056793213 -0.15884827077388763
vn 0.24868512153625488 -0.90558552742004395 -0.34361401200294495
vn 0.17245566844940186 -0.84140074253082275 -0.51215606927871704
vn 0.09058302640914917 -0.74622535705566406 -0.65950161218643188
vn 0.0053160404786467552 -0.62308734655380249 -0.78213423490524292
vn -0.080150149762630463 -0.47660085558891296 -0.8754584789276123
vn -0.16261294484138489 -0.31225508451461792 -0.93597745895385742
vn 0.46216732263565063 -0.86554175615310669 -0.192973792552948
vn 0.41047617793083191 -0.82823789119720459 -0.38148561120033264
vn 0.343741774559021 -0.75951379537582397 -0.55225026607513428
vn 0.26480185985565186 -0.66293638944625854 -0.70028227567672729
vn 0.17593920230865479 -0.54151737689971924 -0.82207322120666504
vn 0.08048374205827713 -0.3998064398765564 -0.91305923461914062
vn -0.017987623810768127 -0.2431139200925827 -0.96983093023300171
vn 0.61211925745010376 -0.79076546430587769 0
vn 0 0 -1
vn -0.071057811379432678 -0.055003002285957336 -0.99595457315444946
vn -0.14389665424823761 -0.1113855242729187 -0.98330414295196533
vn -0.2175896018743515 -0.1684308797121048 -0.96139782667160034
vn -0.29109153151512146 -0.22532129287719727 -0.92978280782699585
vn -0.36320030689239502 -0.2811439037322998 -0.88828128576278687
vn -0.4327164888381958 -0.33495771884918213 -0.836994469165802
vn -0.49841833114624023 -0.38581758737564087 -0.77635300159454346
vn -0.55915564298629761 -0.43283367156982422 -0.70710676908493042
vn -0.61395174264907837 -0.47521099448204041 -0.63026803731918335
vn -0.66186779737472534 -0.51234084367752075 -0.54720920324325562
vn -0.70243936777114868 -0.5437285304069519 -0.4592801034450531
vn -0.73524510860443115 -0.5691409707069397 -0.36809408664703369
vn -0.76024681329727173 -0.58848655223846436 -0.27515152096748352
vn -0.77756404876708984 -0.60190004110336304 -0.18196289241313934
vn -0.78756815195083618 -0.60964161157608032 -0.089852407574653625
vn -0.79076546430587769 -0.61211925745010376 0
vn -0.73256653547286987 -0.68069547414779663 2.0751340343849733E-06
vn -0.66618096828460693 -0.74579012393951416 1.5996772617654642E-07
vn -0.59181708097457886 -0.80607229471206665 6.8455447035375983E-06
vn -0.50992721319198608 -0.86021757125854492 6.5218591771554202E-07
vn -0.42129606008529663 -0.90692317485809326 1.4898842891852837E-05
vn -0.32691016793251038 -0.94505542516708374 5.7537374686944531E-07
vn -0.2281334400177002 -0.97362989187240601 3.1233041227096692E-05
vn -0.12632195651531219 -0.99198931455612183 0
vn -0.023197595030069351 -0.99973088502883911 2.1850911480214563E-07
vn 0.079624630510807037 -0.99682492017745972 1.0940105994450278E-06
vn 0.18053559958934784 -0.98356842994689941 3.012383785971906E-06
vn 0.27805033326148987 -0.96056652069091797 6.4333562477258965E-06
vn 0.37090140581130981 -0.92867225408554077 1.4536205981130479E-06
vn 0.45800399780273438 -0.88895010948181152 2.0787911125808023E-06
vn 0.53858596086502075 -0.84257054328918457 1.3788196611130843E-06
vn 0.60588878393173218 -0.78271663188934326 -0.14231483638286591
vn 0.58732414245605469 -0.75873392820358276 -0.28173255920410156
vn 0.55680322647094727 -0.71930557489395142 -0.41541501879692078
vn 0.51494747400283813 -0.6652342677116394 -0.54064083099365234
vn 0.46260887384414673 -0.59762066602706909 -0.6548607349395752
vn 0.40085285902023315 -0.51784127950668335 -0.75574958324432373
vn 0.33093664050102234 -0.42752009630203247 -0.84125351905822754
vn 0.25428351759910583 -0.32849586009979248 -0.90963196754455566
vn 0.17245392501354218 -0.2227843850851059 -0.95949298143386841
vn 0.087113648653030396 -0.11253765970468521 -0.98982143402099609
vn -0.61211925745010376 0.79076546430587769 0
vn 0 0 1
vn -0.46060341596603394 0.86643147468566895 0.19272005558013916
vn -0.40874060988426208 0.82922530174255371 0.3812040388584137
vn -0.34190434217453003 0.76055914163589478 0.55195218324661255
vn -0.26293295621871948 0.66399967670440674 0.69997906684875488
vn -0.17410889267921448 0.54255867004394531 0.82177627086639404
vn -0.078760579228401184 0.40078678727149963 0.91277968883514404
vn 0.019539056345820427 0.24399654567241669 0.96957921981811523
vn -0.31452459096908569 0.93595981597900391 0.15828302502632141
vn -0.24662618339061737 0.90638601779937744 0.34298673272132874
vn -0.17027589678764343 0.84224820137023926 0.51149201393127441
vn -0.088365934789180756 0.74708735942840576 0.65882617235183716
vn -0.0031447033397853374 0.62393152713775635 0.78147268295288086
vn 0.082194365561008453 0.47739562392234802 0.87483566999435425
vn 0.16445343196392059 0.31297066807746887 0.93541669845581055
vn -0.16564296185970306 0.98083078861236572 0.10263213515281677
vn -0.081401266157627106 0.95618265867233276 0.28122684359550476
vn 0.0046455804258584976 0.89496725797653198 0.44610759615898132
vn 0.089550495147705078 0.800709068775177 0.59232228994369507
vn 0.17109976708889008 0.67644655704498291 0.71634131669998169
vn 0.24623754620552063 0.526836097240448 0.81351751089096069
vn 0.31214827299118042 0.35748398303985596 0.88020944595336914
vn -0.019541230052709579 0.9994196891784668 0.027899913489818573
vn 0.08073858916759491 0.97681212425231934 0.19829098880290985
vn 0.17630094289779663 0.91680741310119629 0.35830450057983398
vn 0.2641448974609375 0.82292318344116211 0.50301581621170044
vn 0.34209075570106506 0.69820219278335571 0.62887805700302124
vn 0.40721774101257324 0.54731804132461548 0.73117488622665405
vn 0.23507995903491974 0.96720206737518311 0.096216343343257904
vn 0.33970016241073608 0.90663337707519531 0.25023937225341797
vn 0.43034178018569946 0.81257492303848267 0.39310047030448914
vn 0.50485754013061523 0.68806749582290649 0.52123123407363892
vn 0.56045520305633545 0.53777670860290527 0.62983030080795288
vn 0.48514455556869507 0.86497515439987183 0.12826818227767944
vn 0.57827645540237427 0.77020347118377686 0.26904091238975525
vn 0.64973902702331543 0.64657050371170044 0.3997320830821991
vn -0.53858596086502075 0.84257054328918457 -1.3788145452053868E-06
vn -0.45800399780273438 0.88895010948181152 -2.0787861103599425E-06
vn -0.37090140581130981 0.92867225408554077 -1.453616050639539E-06
vn -0.27805033326148987 0.96056652069091797 -6.4333517002523877E-06
vn -0.18053559958934784 0.98356842994689941 -3.0123796932457481E-06
vn -0.079624630510807037 0.99682492017745972 -1.0940071888398961E-06
vn 0.023197595030069351 0.99973088502883911 -2.1850611631180072E-07
vn 0.12632195651531219 0.99198931455612183 0
vn 0.2281334400177002 0.97362989187240601 -3.1233037589117885E-05
vn 0.32691016793251038 0.94505542516708374 -5.753731784352567E-07
vn 0.42129606008529663 0.90692317485809326 -1.4898842891852837E-05
vn 0.50992721319198608 0.86021757125854492 -6.5218591771554202E-07
vn 0.59181708097457886 0.80607229471206665 -6.8455451582849491E-06
vn 0.66618096828460693 0.74579012393951416 -1.599685504061199E-07
vn 0.73256653547286987 0.68069547414779663 -2.0751356260007014E-06
vn 0.79076546430587769 0.61211925745010376 0
vn 0.78756815195083618 0.60964161157608032 0.089852407574653625
vn 0.77756404876708984 0.60190004110336304 0.18196289241313934
vn 0.76024681329727173 0.58848655223846436 0.27515152096748352
vn 0.73524510860443115 0.5691409707069397 0.36809408664703369
vn 0.70243936777114868 0.5437285304069519 0.4592801034450531
vn 0.66186779737472534 0.51234084367752075 0.54720920324325562
vn 0.61395174264907837 0.47521099448204041 0.63026803731918335
vn 0.55915564298629761 0.43283367156982422 0.70710676908493042
vn 0.49841833114624023 0.38581758737564087 0.77635300159454346
vn 0.4327164888381958 0.33495771884918213 0.836994469165802
vn 0.36320030689239502 0.2811439037322998 0.88828128576278687
vn 0.29109153151512146 0.22532129287719727 0.92978280782699585
vn 0.2175896018743515 0.1684308797121048 0.96139782667160034
vn 0.14389665424823761 0.1113855242729187 0.98330414295196533
vn 0.071057811379432678 0.055003002285957336 0.99595457315444946
vn -0.055001631379127502 0.071053788065910339 0.99595493078231812
vn -0.11138308793306351 0.14389009773731232 0.98330539464950562
vn -0.16842964291572571 0.21758560836315155 0.96139895915985107
vn -0.22531785070896149 0.29107660055160522 0.92978829145431519
vn -0.28114306926727295 0.36319431662559509 0.88828402757644653
vn -0.33495762944221497 0.43271458148956299 0.83699548244476318
vn -0.38581761717796326 0.49841800332069397 0.77635318040847778
vn -0.43283367156982422 0.55915564298629761 0.70710676908493042
vn -0.47522073984146118 0.61391329765319824 0.63029813766479492
vn -0.51234108209609985 0.66186714172363281 0.54720973968505859
vn -0.54373574256896973 0.70242434740066528 0.45929458737373352
vn -0.56914132833480835 0.7352445125579834 0.36809471249580383
vn -0.58849078416824341 0.76024109125137329 0.27515822649002075
vn -0.60190016031265259 0.77756392955780029 0.18196305632591248
vn -0.60964316129684448 0.78756678104400635 0.089854441583156586
vn 0 0 1
vn 0.61211925745010376 -0.79076546430587769 0
vn 0.24933759868144989 -0.050704944878816605 0.96708828210830688
vn 0.37913322448730469 -0.18858852982521057 0.90592074394226074
vn 0.49220746755599976 -0.31698715686798096 0.81071013212203979
vn 0.58546030521392822 -0.43199607729911804 0.68601429462432861
vn 0.65677464008331299 -0.53081715106964111 0.53561204671859741
vn 0.70347815752029419 -0.60974735021591187 0.36513921618461609
vn 0.72382086515426636 -0.66582900285720825 0.18098381161689758
vn 0.35325726866722107 0.073286652565002441 0.93265128135681152
vn 0.49446055293083191 -0.050985921174287796 0.86770337820053101
vn 0.61430299282073975 -0.17130905389785767 0.77024996280670166
vn 0.70964628458023071 -0.28382372856140137 0.64486140012741089
vn 0.77839761972427368 -0.38570287823677063 0.49530845880508423
vn 0.81798064708709717 -0.47312891483306885 0.32719522714614868
vn 0.82691216468811035 -0.54282575845718384 0.1468212902545929
vn 0.43400895595550537 0.20617124438285828 0.87700039148330688
vn 0.5840766429901123 0.096485897898674011 0.80594354867935181
vn 0.7091783881187439 -0.015182559378445148 0.70486557483673096
vn 0.80614614486694336 -0.12502406537532806 0.5783575177192688
vn 0.87290579080581665 -0.23018065094947815 0.43017712235450745
vn 0.9069557785987854 -0.32671186327934265 0.26587706804275513
vn 0.90702009201049805 -0.41100046038627625 0.091614015400409698
vn 0.48862060904502869 0.3429514467716217 0.80226814746856689
vn 0.64468324184417725 0.24828098714351654 0.7230076789855957
vn 0.7733418345451355 0.14552092552185059 0.61706244945526123
vn 0.87140810489654541 0.038430940359830856 0.48905107378959656
vn 0.9368208646774292 -0.070099145174026489 0.342713862657547
vn 0.96712887287139893 -0.17600245773792267 0.1835343986749649
vn 0.6740608811378479 0.40010511875152588 0.62093305587768555
vn 0.8044435977935791 0.30625516176223755 0.50899738073348999
vn 0.90304237604141235 0.20191721618175507 0.37913569808006287
vn 0.96780222654342651 0.090012989938259125 0.23506699502468109
vn 0.99629640579223633 -0.025264222174882889 0.082189828157424927
vn 0.80056613683700562 0.45749819278717041 0.38702616095542908
vn 0.89909857511520386 0.35574975609779358 0.25507614016532898
vn 0.9639398455619812 0.24067063629627228 0.11356787383556366
vn 0.071056127548217773 0.055005185306072235 0.99595457315444946
vn 0.14389410614967346 0.11138881742954254 0.98330414295196533
vn 0.21758781373500824 0.16843318939208984 0.96139782667160034
vn 0.29108366370201111 0.22533147037029266 0.92978280782699585
vn 0.36319661140441895 0.28114867210388184 0.88828128576278687
vn 0.43271514773368835 0.33495944738388062 0.836994469165802
vn 0.49841806292533875 0.38581794500350952 0.77635300159454346
vn 0.55915564298629761 0.43283367156982422 0.70710676908493042
vn 0.61391347646713257 0.47526037693023682 0.63026803731918335
vn 0.66186708211898804 0.51234173774719238 0.54720920324325562
vn 0.70242112874984741 0.54375207424163818 0.4592801034450531
vn 0.7352442741394043 0.56914198398590088 0.36809408664703369
vn 0.7602384090423584 0.58849740028381348 0.27515152096748352
vn 0.77756386995315552 0.60190027952194214 0.18196289241313934
vn 0.78756564855575562 0.60964494943618774 0.089852407574653625
vn 0.79076546430587769 0.61211925745010376 0
vn 0.84256726503372192 0.53859108686447144 -2.0751431293319911E-06
vn 0.88894695043563843 0.45801019668579102 -1.5997673585843586E-07
vn 0.92866814136505127 0.37091165781021118 -6.845553798484616E-06
vn 0.96056216955184937 0.27806538343429565 -6.5219472844546544E-07
vn 0.98356443643569946 0.18055747449398041 -1.4898852896294557E-05
vn 0.99682474136352539 0.079627148807048798 -5.753839218414214E-07
vn 0.99973177909851074 -0.023158492520451546 -3.1233052141033113E-05
vn 0.99198931455612183 -0.12632195651531219 0
vn 0.97363877296447754 -0.22809536755084991 -2.1851889187018969E-07
vn 0.9450562596321106 -0.32690778374671936 -1.094020717573585E-06
vn 0.906932532787323 -0.42127588391304016 -3.012394017787301E-06
vn 0.86022555828094482 -0.50991374254226685 -6.4333667069149669E-06
vn 0.80607885122299194 -0.59180819988250732 -1.4536308299284428E-06
vn 0.74579477310180664 -0.66617578268051147 -2.0788013443961972E-06
vn 0.68069988489151001 -0.7325623631477356 -1.378828756060102E-06
vn 0.60588878393173218 -0.78271663188934326 0.14231483638286591
vn 0.58732414245605469 -0.75873392820358276 0.28173255920410156
vn 0.55680322647094727 -0.71930557489395142 0.41541501879692078
vn 0.51494747400283813 -0.6652342677116394 0.54064083099365234
vn 0.46260887384414673 -0.59762066602706909 0.6548607349395752
vn 0.40085285902023315 -0.51784127950668335 0.75574958324432373
vn 0.33093664050102234 -0.42752009630203247 0.84125351905822754
vn 0.25428351759910583 -0.32849586009979248 0.90963196754455566
vn 0.17245392501354218 -0.2227843850851059 0.95949298143386841
vn 0.087113648653030396 -0.11253765970468521 0.98982143402099609
vn -0.38712430000305176 -0.14092922210693359 0.91119354963302612
vn -0.36892959475517273 0.054897580295801163 0.92783468961715698
vn -0.33592954277992249 0.25067311525344849 0.9079175591468811
vn -0.550942063331604 -0.31080159544944763 0.77450966835021973
vn -0.55758166313171387 -0.11922282725572586 0.82151603698730469
vn -0.54250001907348633 0.077000394463539124 0.83651936054229736
vn -0.50577408075332642 0.27230146527290344 0.81856244802474976
vn -0.44953036308288574 0.45510852336883545 0.76863431930541992
vn -0.69204312562942505 -0.29283350706100464 0.65979152917861938
vn -0.70724642276763916 -0.10016421228647232 0.69983547925949097
vn -0.69489806890487671 0.096407078206539154 0.71261656284332275
vn -0.65490072965621948 0.29129156470298767 0.69731932878494263
vn -0.58956104516983032 0.47294029593467712 0.65478640794754028
vn -0.75522321462631226 -0.46093380451202393 0.46602353453636169
vn -0.80916160345077515 -0.27791938185691833 0.51770484447479248
vn -0.83147299289703369 -0.084344945847988129 0.5491253137588501
vn -0.82139343023300171 0.11251524835824966 0.5591539740562439
vn -0.77868068218231201 0.30705395340919495 0.54715102910995483
vn -0.70579105615615845 0.48774129152297974 0.51377761363983154
vn -0.60549497604370117 0.64914208650588989 0.46042418479919434
vn -0.83276695013046265 -0.45105922222137451 0.32100585103034973
vn -0.89530485868453979 -0.26694974303245544 0.3566049337387085
vn -0.92284440994262695 -0.072709515690803528 0.3782479465007782
vn -0.91443353891372681 0.12436317652463913 0.38515588641166687
vn -0.8697236180305481 0.31864756345748901 0.37688803672790527
vn -0.79128080606460571 0.49862772226333618 0.35389977693557739
vn -0.68210703134536743 0.6588979959487915 0.31714892387390137
vn -0.88044959306716919 -0.44498723745346069 0.16369131207466125
vn -0.94827544689178467 -0.26020434498786926 0.18184444308280945
vn -0.97902989387512207 -0.065554745495319366 0.19288091361522675
vn -0.97164517641067505 0.13164861500263214 0.19640350341796875
vn -0.92570710182189941 0.325776606798172 0.19218745827674866
vn -0.84384959936141968 0.5053219199180603 0.18046499788761139
vn -0.72921675443649292 0.66489702463150024 0.16172453761100769
vn -0.79076546430587769 -0.61211925745010376 0
vn -0.61211925745010376 0.79076546430587769 0
vn -0.60964184999465942 0.78756731748580933 0.089858464896678925
vn -0.6018977165222168 0.77756422758102417 0.18196973204612732
vn -0.58848899602890015 0.76024109125137329 0.27516213059425354
vn -0.56913286447525024 0.7352440357208252 0.36810863018035889
vn -0.543731689453125 0.70242398977279663 0.45929986238479614
vn -0.51233959197998047 0.66186702251434326 0.54721128940582275
vn -0.4752204418182373 0.61391323804855347 0.63029837608337402
vn -0.43283367156982422 0.55915564298629761 0.70710676908493042
vn -0.38577449321746826 0.49841329455375671 0.77637761831283569
vn -0.3349568247795105 0.43271449208259583 0.83699589967727661
vn -0.28112241625785828 0.36319196224212646 0.88829147815704346
vn -0.22531695663928986 0.29107648134231567 0.92978852987289429
vn -0.16842013597488403 0.2175845205783844 0.96140086650848389
vn -0.1113828644156456 0.14389006793498993 0.98330539464950562
vn -0.054998748004436493 0.071053452789783478 0.99595510959625244
vn 0 0 1
vn -0.071050912141799927 -0.055002029985189438 0.99595510959625244
vn -0.14388987421989441 -0.11138311773538589 0.98330539464950562
vn -0.21757614612579346 -0.16843095421791077 0.96140086650848389
vn -0.29107567667961121 -0.22531798481941223 0.92978852987289429
vn -0.3631737232208252 -0.28114596009254456 0.88829147815704346
vn -0.43271377682685852 -0.33495774865150452 0.83699589967727661
vn -0.4983750581741333 -0.38582387566566467 0.77637761831283569
vn -0.55915564298629761 -0.43283367156982422 0.70710676908493042
vn -0.61391299962997437 -0.47522076964378357 0.63029837608337402
vn -0.66186565160751343 -0.51234132051467896 0.54721128940582275
vn -0.70242035388946533 -0.54373645782470703 0.45929986238479614
vn -0.73523616790771484 -0.56914299726486206 0.36810863018035889
vn -0.76023930311203003 -0.58849126100540161 0.27516213059425354
vn -0.77756166458129883 -0.60190105438232422 0.18196973204612732
vn -0.78756564855575562 -0.60964405536651611 0.089858464896678925
vn -0.86983025074005127 -0.49335110187530518 0
vn -0.93118780851364136 -0.3645397424697876 0
vn -0.97358912229537964 -0.22830739617347717 0
vn -0.99617087841033936 -0.087427385151386261 0
vn -0.99847352504730225 0.055232398211956024 0
vn -0.9804500937461853 0.19676780700683594 0
vn -0.94246757030487061 0.33429759740829468 0
vn -0.88529908657073975 0.46502205729484558 0
vn -0.810108482837677 0.58627998828887939 0
vn -0.7184264063835144 0.69560295343399048 0
vn -0.64370459318161011 -0.65701937675476074 0.39239001274108887
vn -0.56889265775680542 -0.78085118532180786 0.2581329345703125
vn -0.47074392437934875 -0.87510651350021362 0.11219964921474457
vn -0.55646425485610962 -0.54642444849014282 0.62591361999511719
vn -0.49841523170471191 -0.69820791482925415 0.51389491558074951
vn -0.42094984650611877 -0.8227919340133667 0.38185685873031616
vn -0.3259769082069397 -0.91614693403244019 0.23326769471168518
vn -0.21908296644687653 -0.97267168760299683 0.07689240574836731
vn -0.40418264269828796 -0.55573785305023193 0.72649282217025757
vn -0.33689135313034058 -0.70808655023574829 0.62057846784591675
vn -0.25647607445716858 -0.83285099267959595 0.49048876762390137
vn -0.16503375768661499 -0.92599010467529297 0.33956769108772278
vn -0.067956537008285522 -0.9819144606590271 0.1767086535692215
vn -0.30865243077278137 -0.36259576678276062 0.87935090065002441
vn -0.24072326719760895 -0.53478014469146729 0.80997687578201294
vn -0.16351130604743958 -0.68585693836212158 0.70912927389144897
vn -0.079929590225219727 -0.81021535396575928 0.58065682649612427
vn 0.0077229286544024944 -0.90384036302566528 0.42780014872550964
vn 0.094262868165969849 -0.96111571788787842 0.25955936312675476
vn 0.17699787020683289 -0.98083502054214478 0.081452161073684692
vn -0.16014288365840912 -0.31753683090209961 0.93462538719177246
vn -0.075744219124317169 -0.48472422361373901 0.87138122320175171
vn 0.01148061640560627 -0.63276302814483643 0.77426040172576904
vn 0.098258212208747864 -0.75615179538726807 0.64697742462158203
vn 0.18208570778369904 -0.8509373664855957 0.4926970899105072
vn 0.25799039006233215 -0.91143953800201416 0.32049793004989624
vn 0.32372304797172546 -0.93631744384765625 0.13606253266334534
vn -0.014938649721443653 -0.24811889231204987 0.96861439943313599
vn 0.085562951862812042 -0.40760797262191772 0.90913957357406616
vn 0.18257781863212585 -0.55096644163131714 0.81431037187576294
vn 0.27248015999794006 -0.67286133766174316 0.68775880336761475
vn 0.35256776213645935 -0.76943480968475342 0.53260308504104614
vn 0.41807392239570618 -0.83490824699401855 0.35796982049942017
vn 0.46718263626098633 -0.86773359775543213 0.16964314877986908
vn 0 0 1
vn -0.79076546430587769 -0.61211925745010376 0
vn -0.78756815195083618 -0.60964161157608032 0.089852407574653625
vn -0.77756404876708984 -0.60190004110336304 0.18196289241313934
vn -0.76024681329727173 -0.58848655223846436 0.27515152096748352
vn -0.73524510860443115 -0.5691409707069397 0.36809408664703369
vn -0.70243936777114868 -0.5437285304069519 0.4592801034450531
vn -0.66186779737472534 -0.51234084367752075 0.54720920324325562
vn -0.61395174264907837 -0.47521099448204041 0.63026803731918335
vn -0.55915564298629761 -0.43283367156982422 0.70710676908493042
vn -0.49841833114624023 -0.38581758737564087 0.77635300159454346
vn -0.4327164888381958 -0.33495771884918213 0.836994469165802
vn -0.36320030689239502 -0.2811439037322998 0.88828128576278687
vn -0.29109153151512146 -0.22532129287719727 0.92978280782699585
vn -0.2175896018743515 -0.1684308797121048 0.96139782667160034
vn -0.14389665424823761 -0.1113855242729187 0.98330414295196533
vn -0.071057811379432678 -0.055003002285957336 0.99595457315444946
vn 0.61211925745010376 -0.79076546430587769 0
vn 0.53858596086502075 -0.84257054328918457 -1.3788278465654003E-06
vn 0.45800399780273438 -0.88895010948181152 -2.0787995254067937E-06
vn 0.37090140581130981 -0.92867225408554077 -1.4536293519995525E-06
vn 0.27805033326148987 -0.96056652069091797 -6.4333653426729143E-06
vn 0.18053559958934784 -0.98356842994689941 -3.0123926535452483E-06
vn 0.079624630510807037 -0.99682492017745972 -1.0940196943920455E-06
vn -0.023197595030069351 -0.99973088502883911 -2.185184371228388E-07
vn -0.12632195651531219 -0.99198931455612183 0
vn -0.2281334400177002 -0.97362989187240601 -3.1233048503054306E-05
vn -0.32691016793251038 -0.94505542516708374 -5.7538255759936874E-07
vn -0.42129606008529663 -0.90692317485809326 -1.4898851986799855E-05
vn -0.50992721319198608 -0.86021757125854492 -6.5219404632443911E-07
vn -0.59181708097457886 -0.80607229471206665 -6.8455524342425633E-06
vn -0.66618096828460693 -0.74579012393951416 -1.5997545688151149E-07
vn -0.73256653547286987 -0.68069547414779663 -2.0751417650899384E-06
vn 0.087113648653030396 -0.11253765970468521 0.98982143402099609
vn 0.17245392501354218 -0.2227843850851059 0.95949298143386841
vn 0.25428351759910583 -0.32849586009979248 0.90963196754455566
vn 0.33093664050102234 -0.42752009630203247 0.84125351905822754
vn 0.40085285902023315 -0.51784127950668335 0.75574958324432373
vn 0.46260887384414673 -0.59762066602706909 0.6548607349395752
vn 0.51494747400283813 -0.6652342677116394 0.54064083099365234
vn 0.55680322647094727 -0.71930557489395142 0.41541501879692078
vn 0.58732414245605469 -0.75873392820358276 0.28173255920410156
vn 0.60588878393173218 -0.78271663188934326 0.14231483638286591
vn 0.00028621242381632328 0.00022155258920975029 0.99999994039535522
vn -0.61211925745010376 0.79076546430587769 0
vn -0.26829469203948975 0.033921025693416595 0.96273946762084961
vn -0.37517991662025452 0.19001668691635132 0.90726715326309204
vn -0.46949130296707153 0.34216225147247314 0.81394279003143311
vn -0.54520446062088013 0.48143625259399414 0.68627345561981201
vn -0.59828710556030273 0.60065144300460815 0.5303492546081543
vn -0.62629836797714233 0.69330811500549316 0.35647472739219666
vn -0.62985944747924805 0.75646358728408813 0.1761813759803772
vn -0.61211925745010376 0.79076546430587769 0
vn -0.41419339179992676 -0.079006366431713104 0.90675342082977295
vn -0.51267486810684204 0.083602569997310638 0.85450279712677002
vn -0.59284377098083496 0.2466990053653717 0.76660019159317017
vn -0.64920753240585327 0.40094909071922302 0.64635080099105835
vn -0.678658127784729 0.53845161199569702 0.49949279427528381
vn -0.68031781911849976 0.65149950981140137 0.33573207259178162
vn -0.65655660629272461 0.73579955101013184 0.16592893004417419
vn -0.61211925745010376 0.79076546430587769 0
vn -0.54809343814849854 -0.18267261981964111 0.81622564792633057
vn -0.63885563611984253 -0.014100802130997181 0.76919740438461304
vn -0.70604461431503296 0.15903794765472412 0.69007819890975952
vn -0.74465483427047729 0.32703384757041931 0.58184021711349487
vn -0.75242304801940918 0.48132950067520142 0.44964593648910522
vn -0.72990220785140991 0.6131061315536499 0.30223110318183899
vn -0.68106448650360107 0.71682554483413696 0.14937278628349304
vn -0.61211925745010376 0.79076546430587769 0
vn -0.55915564298629761 -0.43283367156982422 0.70710676908493042
vn -0.66580826044082642 -0.27377352118492126 0.69408023357391357
vn -0.74979138374328613 -0.099938541650772095 0.65408343076705933
vn -0.80556774139404297 0.082041047513484955 0.58679628372192383
vn -0.82856243848800659 0.26212087273597717 0.49474933743476868
vn -0.81726032495498657 0.4311671257019043 0.38233554363250732
vn -0.77347773313522339 0.57938855886459351 0.25698459148406982
vn -0.70259857177734375 0.70015990734100342 0.12700933218002319
vn -0.61211925745010376 0.79076546430587769 0
vn -0.76239097118377686 -0.3485569953918457 0.5452229380607605
vn -0.84080606698989868 -0.17042747139930725 0.5138089656829834
vn -0.8872225284576416 0.018790943548083305 0.46095886826515198
vn -0.8974151611328125 0.20878441631793976 0.38865801692008972
vn -0.87047618627548218 0.38994640111923218 0.30035477876663208
vn -0.80925208330154419 0.55168265104293823 0.20188452303409576
vn -0.72028189897537231 0.68646800518035889 0.099778130650520325
vn -0.61211925745010376 0.79076546430587769 0
vn -0.83398151397705078 -0.40395781397819519 0.37588948011398315
vn -0.90827322006225586 -0.22262392938137054 0.35422927141189575
vn -0.94774693250656128 -0.028025994077324867 0.31778973340988159
vn -0.94844037294387817 0.16931761801242828 0.26794105768203735
vn -0.90990191698074341 0.35944932699203491 0.20706188678741455
vn -0.83574742078781128 0.53118389844894409 0.13917581737041473
vn -0.73337459564208984 0.67633593082427979 0.068784892559051514
vn -0.61211925745010376 0.79076546430587769 0
vn -0.87824851274490356 -0.43823474645614624 0.19138923287391663
vn -0.94998866319656372 -0.25493380427360535 0.18036152422428131
vn -0.98517340421676636 -0.057019244879484177 0.16180896759033203
vn -0.98000031709671021 0.14486755430698395 0.13642874360084534
vn -0.93429553508758545 0.34055256843566895 0.10543157160282135
vn -0.8521466851234436 0.51848244667053223 0.070865921676158905
vn -0.74148106575012207 0.67005908489227295 0.035024240612983704
vn -0.61211925745010376 0.79076546430587769 0
vn -0.79076540470123291 -0.61211919784545898 -0.00036194350104779005
vn -0.61211925745010376 0.79076546430587769 0
vn -0.6018480658531189 0.77760422229766846 0.18196305632591248
vn -0.56903594732284546 0.73532605171203613 0.36809471249580383
vn -0.51218444108963013 0.66198837757110596 0.54720973968505859
vn -0.43263128399848938 0.55931228399276733 0.70710676908493042
vn -0.33471804857254028 0.43289998173713684 0.83699548244476318
vn -0.22505173087120056 0.29128256440162659 0.92978823184967041
vn -0.11110164225101471 0.14410793781280518 0.98330533504486084
vn -0.14810666441917419 -0.11464706808328629 0.9823036789894104
vn -0.29115447402000427 -0.22537814080715179 0.92974931001663208
vn -0.43408843874931335 -0.33602112531661987 0.835857093334198
vn -0.66096693277359009 -0.51164418458938599 0.54894715547561646
vn -0.73521363735198975 -0.56911742687225342 0.36819317936897278
vn -0.77677178382873535 -0.60128694772720337 0.18729531764984131
vn -0.88894695043563843 -0.45801001787185669 -0.00035590099287219346
vn -0.96056228876113892 -0.27806469798088074 -0.00033653082209639251
vn -0.99682474136352539 -0.079626478254795074 -0.00030294508906081319
vn -0.99198925495147705 0.12632195651531219 -0.00025593271129764616
vn -0.94505560398101807 0.32690951228141785 -0.00019805901683866978
vn -0.8602178692817688 0.50992661714553833 -0.00013322949234861881
vn -0.74579024314880371 0.66618084907531738 -6.5860345785040408E-05
vn -0.00028621245292015374 -0.00022155260376166552 0.99999994039535522
vn -0.61211925745010376 0.79076546430587769 0
vn 0.034401576966047287 0.26823350787162781 0.96273946762084961
vn -0.089924797415733337 0.41082826256752014 0.90726715326309204
vn -0.21357840299606323 0.5402604341506958 0.81394279003143311
vn -0.32943227887153625 0.64846211671829224 0.68627345561981201
vn -0.43153923749923706 0.72972840070724487 0.5303492546081543
vn -0.51421862840652466 0.78006726503372192 0.35647472739219666
vn -0.5744660496711731 0.7993428111076355 0.1761813759803772
vn -0.61211925745010376 0.79076546430587769 0
vn 0.1802901029586792 0.38117405772209167 0.90675342082977295
vn 0.047552172094583511 0.51726561784744263 0.85450279712677002
vn -0.090247206389904022 0.63575118780136108 0.76660019159317017
vn -0.22544857859611511 0.72897434234619141 0.64635080099105835
vn -0.35118186473846436 0.79194587469100952 0.49949279427528381
vn -0.46020597219467163 0.82188469171524048 0.33573207259178162
vn -0.54777067899703979 0.82000905275344849 0.16592893004417419
vn -0.61211925745010376 0.79076546430587769 0
vn 0.31420591473579407 0.4848199188709259 0.81622564792633057
vn 0.17376083135604858 0.61493295431137085 0.76919740438461304
vn 0.022986616939306259 0.72336965799331665 0.69007819890975952
vn -0.12997129559516907 0.80285078287124634 0.58184021711349487
vn -0.2773958146572113 0.849040687084198 0.44964593648910522
vn -0.41061100363731384 0.86026448011398315 0.30223110318183899
vn -0.52326005697250366 0.83897954225540161 0.14937278628349304
vn -0.61211925745010376 0.79076546430587769 0
vn 0.55915564298629761 0.43283367156982422 0.70710676908493042
vn 0.43190109729766846 0.57594621181488037 0.69408023357391357
vn 0.28466182947158813 0.70081561803817749 0.65408343076705933
vn 0.12246868759393692 0.80041962862014771 0.58679628372192383
vn -0.046101048588752747 0.86781203746795654 0.49474933743476868
vn -0.21258482336997986 0.89923703670501709 0.38233554363250732
vn -0.36704865097999573 0.89399898052215576 0.25698459148406982
vn -0.50172936916351318 0.85564959049224854 0.12700933218002319
vn -0.61211925745010376 0.79076546430587769 0
vn 0.52850347757339478 0.65070426464080811 0.5452229380607605
vn 0.37571123242378235 0.77125966548919678 0.5138089656829834
vn 0.20416451990604401 0.8636167049407959 0.46095886826515198
vn 0.022789068520069122 0.9211001992225647 0.38865801692008972
vn -0.15934266149997711 0.94042378664016724 0.30035477876663208
vn -0.33126115798950195 0.92168796062469482 0.20188452303409576
vn -0.48404267430305481 0.86933714151382446 0.099778130650520325
vn -0.61211925745010376 0.79076546430587769 0
vn 0.60007822513580322 0.70612549781799316 0.37588948011398315
vn 0.44315049052238464 0.82349210977554321 0.35422927141189575
vn 0.2646559476852417 0.9104762077331543 0.31778973340988159
vn 0.073784247040748596 0.96060580015182495 0.26794105768203735
vn -0.11993802338838577 0.97094810009002686 0.20706188678741455
vn -0.30477637052536011 0.94220030307769775 0.13917581737041473
vn -0.47095265984535217 0.87947267293930054 0.068784892559051514
vn -0.61211925745010376 0.79076546430587769 0
vn 0.6443554162979126 0.74038928747177124 0.19138923287391663
vn 0.48488393425941467 0.85577875375747681 0.18036152422428131
vn 0.30210372805595398 0.939441978931427 0.16180896759033203
vn 0.10536354780197144 0.98503082990646362 0.13642874360084534
vn -0.09553082287311554 0.98982727527618408 0.10543157160282135
vn -0.288370281457901 0.95489299297332764 0.070865921676158905
vn -0.46284446120262146 0.88574731349945068 0.035024240612983704
vn -0.61211925745010376 0.79076546430587769 0
vn 0.79076540470123291 0.61211919784545898 -0.00036194350104779005
vn -0.61211925745010376 0.79076546430587769 0
vn -0.6019521951675415 0.77752363681793213 0.18196305632591248
vn -0.56924664974212646 0.73516291379928589 0.36809471249580383
vn -0.5124976634979248 0.66174590587615967 0.54720973968505859
vn -0.43303602933883667 0.55899894237518311 0.70710676908493042
vn -0.33519715070724487 0.43252912163734436 0.83699548244476318
vn -0.22558395564556122 0.29087057709693909 0.92978823184967041
vn -0.11166451126337051 0.14367224276065826 0.98330533504486084
vn 0.66618078947067261 0.74579018354415894 -0.00035590099287219346
vn 0.50992661714553833 0.8602178692817688 -0.00033653082209639251
vn 0.32690951228141785 0.94505560398101807 -0.00030294508906081319
vn 0.12632195651531219 0.99198925495147705 -0.00025593271129764616
vn -0.079626478254795074 0.99682474136352539 -0.00019805901683866978
vn -0.27806472778320312 0.96056234836578369 -0.00013322949234861881
vn -0.45801004767417908 0.8889470100402832 -6.5860345785040408E-05
vn 0.14810666441917419 0.11464706808328629 0.9823036789894104
vn 0.29115447402000427 0.22537814080715179 0.92974931001663208
vn 0.43408843874931335 0.33602112531661987 0.835857093334198
vn 0.66096693277359009 0.51164418458938599 0.54894715547561646
vn 0.73521363735198975 0.56911742687225342 0.36819317936897278
vn 0.77677178382873535 0.60128694772720337 0.18729531764984131
vn -0.79076540470123291 -0.61211919784545898 0.00036194350104779005
vn -0.61211925745010376 0.79076546430587769 0
vn -0.87824767827987671 -0.4382341206073761 -0.19139446318149567
vn -0.94998788833618164 -0.25493320822715759 -0.18036645650863647
vn -0.98517274856567383 -0.0570187047123909 -0.1618133932352066
vn -0.97999972105026245 0.14486801624298096 -0.13643248379230499
vn -0.93429505825042725 0.3405529260635376 -0.10543445497751236
vn -0.85214638710021973 0.51848268508911133 -0.070867858827114105
vn -0.74148088693618774 0.6700592041015625 -0.035025198012590408
vn -0.61211925745010376 0.79076546430587769 0
vn -0.8339809775352478 -0.40395739674568176 -0.37589114904403687
vn -0.90827268362045288 -0.22262351214885712 -0.3542308509349823
vn -0.94774645566940308 -0.028025630861520767 -0.3177911639213562
vn -0.94843995571136475 0.16931791603565216 -0.26794224977493286
vn -0.90990161895751953 0.35944956541061401 -0.20706282556056976
vn -0.83574724197387695 0.53118401765823364 -0.13917644321918488
vn -0.73337453603744507 0.67633605003356934 -0.068785205483436584
vn -0.61211925745010376 0.79076546430587769 0
vn -0.76238679885864258 -0.34855377674102783 -0.54523080587387085
vn -0.84080213308334351 -0.17042443156242371 -0.51381635665893555
vn -0.88721901178359985 0.018793666735291481 -0.46096551418304443
vn -0.89741224050521851 0.2087867259979248 -0.38866361975669861
vn -0.87047392129898071 0.38994815945625305 -0.3003591001033783
vn -0.80925053358078003 0.55168384313583374 -0.20188744366168976
vn -0.72028112411499023 0.68646860122680664 -0.099779568612575531
vn -0.61211925745010376 0.79076546430587769 0
vn -0.55915564298629761 -0.43283367156982422 -0.70710676908493042
vn -0.66580826044082642 -0.27377352118492126 -0.69408023357391357
vn -0.74979138374328613 -0.099938541650772095 -0.65408343076705933
vn -0.80556774139404297 0.082041047513484955 -0.58679628372192383
vn -0.82856243848800659 0.26212087273597717 -0.49474933743476868
vn -0.81726032495498657 0.4311671257019043 -0.38233554363250732
vn -0.77347773313522339 0.57938855886459351 -0.25698459148406982
vn -0.70259857177734375 0.70015990734100342 -0.12700933218002319
vn -0.61211925745010376 0.79076546430587769 0
vn -0.54808723926544189 -0.18266779184341431 -0.8162308931350708
vn -0.63884979486465454 -0.014096259139478207 -0.76920235157012939
vn -0.70603936910629272 0.15904201567173004 -0.69008266925811768
vn -0.74465036392211914 0.3270372748374939 -0.58184397220611572
vn -0.75241959095001221 0.48133215308189392 -0.44964882731437683
vn -0.72989994287490845 0.61310786008834839 -0.30223304033279419
vn -0.68106335401535034 0.71682643890380859 -0.14937375485897064
vn -0.61211925745010376 0.79076546430587769 0
vn -0.4141920804977417 -0.079005338251590729 -0.90675413608551025
vn -0.51267361640930176 0.083603546023368835 -0.85450345277786255
vn -0.59284263849258423 0.24669988453388214 -0.76660078763961792
vn -0.64920657873153687 0.40094983577728271 -0.64635133743286133
vn -0.67865735292434692 0.5384521484375 -0.49949318170547485
vn -0.68031734228134155 0.65149992704391479 -0.33573234081268311
vn -0.65655636787414551 0.73579978942871094 -0.16592906415462494
vn -0.61211925745010376 0.79076546430587769 0
vn -0.26829054951667786 0.033924229443073273 -0.96274054050445557
vn -0.37517601251602173 0.19001971185207367 -0.90726810693740845
vn -0.46948778629302979 0.34216496348381042 -0.81394368410110474
vn -0.54520153999328613 0.48143851757049561 -0.68627417087554932
vn -0.59828484058380127 0.60065323114395142 -0.53034985065460205
vn -0.62629681825637817 0.69330930709838867 -0.3564751148223877
vn -0.62985873222351074 0.75646418333053589 -0.17618156969547272
vn -0.61211925745010376 0.79076546430587769 0
vn 0.00028621242381632328 0.00022155258920975029 -0.99999994039535522
vn -0.61211925745010376 0.79076546430587769 0
vn -0.74579024314880371 0.66618084907531738 6.5860345785040408E-05
vn -0.8602178692817688 0.50992661714553833 0.00013322949234861881
vn -0.94505560398101807 0.32690951228141785 0.00019805901683866978
vn -0.99198925495147705 0.12632195651531219 0.00025593271129764616
vn -0.99682474136352539 -0.079626478254795074 0.00030294508906081319
vn -0.96056228876113892 -0.27806469798088074 0.00033653082209639251
vn -0.88894695043563843 -0.45801001787185669 0.00035590099287219346
vn -0.77677178382873535 -0.60128694772720337 -0.18729531764984131
vn -0.73521363735198975 -0.56911742687225342 -0.36819317936897278
vn -0.66096693277359009 -0.51164418458938599 -0.54894715547561646
vn -0.43408843874931335 -0.33602112531661987 -0.835857093334198
vn -0.29115447402000427 -0.22537814080715179 -0.92974931001663208
vn -0.14810666441917419 -0.11464706808328629 -0.9823036789894104
vn -0.11110164225101471 0.14410793781280518 -0.98330533504486084
vn -0.22505173087120056 0.29128256440162659 -0.92978823184967041
vn -0.33471804857254028 0.43289998173713684 -0.83699548244476318
vn -0.43263128399848938 0.55931228399276733 -0.70710676908493042
vn -0.51218444108963013 0.66198837757110596 -0.54720973968505859
vn -0.56903594732284546 0.73532605171203613 -0.36809471249580383
vn -0.6018480658531189 0.77760422229766846 -0.18196305632591248
vn -0.00028621242381632328 -0.00022155258920975029 -0.99999994039535522
vn -0.61211925745010376 0.79076546430587769 0
vn 0.034401576966047287 0.26823350787162781 -0.96273946762084961
vn -0.089924797415733337 0.41082826256752014 -0.90726715326309204
vn -0.21357840299606323 0.5402604341506958 -0.81394279003143311
vn -0.32943227887153625 0.64846211671829224 -0.68627345561981201
vn -0.43153923749923706 0.72972840070724487 -0.5303492546081543
vn -0.51421862840652466 0.78006726503372192 -0.35647472739219666
vn -0.5744660496711731 0.7993428111076355 -0.1761813759803772
vn -0.61211925745010376 0.79076546430587769 0
vn 0.1802901029586792 0.38117405772209167 -0.90675342082977295
vn 0.047552172094583511 0.51726561784744263 -0.85450279712677002
vn -0.090247206389904022 0.63575118780136108 -0.76660019159317017
vn -0.22544857859611511 0.72897434234619141 -0.64635080099105835
vn -0.35118186473846436 0.79194587469100952 -0.49949279427528381
vn -0.46020597219467163 0.82188469171524048 -0.33573207259178162
vn -0.54777067899703979 0.82000905275344849 -0.16592893004417419
vn -0.61211925745010376 0.79076546430587769 0
vn 0.31420591473579407 0.4848199188709259 -0.81622564792633057
vn 0.17376083135604858 0.61493295431137085 -0.76919740438461304
vn 0.022986616939306259 0.72336965799331665 -0.69007819890975952
vn -0.12997129559516907 0.80285078287124634 -0.58184021711349487
vn -0.2773958146572113 0.849040687084198 -0.44964593648910522
vn -0.41061100363731384 0.86026448011398315 -0.30223110318183899
vn -0.52326005697250366 0.83897954225540161 -0.14937278628349304
vn -0.61211925745010376 0.79076546430587769 0
vn 0.43190109729766846 0.57594621181488037 -0.69408023357391357
vn 0.28466182947158813 0.70081561803817749 -0.65408343076705933
vn 0.12246868759393692 0.80041962862014771 -0.58679628372192383
vn -0.046101048588752747 0.86781203746795654 -0.49474933743476868
vn -0.21258482336997986 0.89923703670501709 -0.38233554363250732
vn -0.36704865097999573 0.89399898052215576 -0.25698459148406982
vn -0.50172936916351318 0.85564959049224854 -0.12700933218002319
vn -0.61211925745010376 0.79076546430587769 0
vn 0.52850347757339478 0.65070426464080811 -0.5452229380607605
vn 0.37571123242378235 0.77125966548919678 -0.5138089656829834
vn 0.20416451990604401 0.8636167049407959 -0.46095886826515198
vn 0.022789068520069122 0.9211001992225647 -0.38865801692008972
vn -0.15934266149997711 0.94042378664016724 -0.30035477876663208
vn -0.33126115798950195 0.92168796062469482 -0.20188452303409576
vn -0.48404267430305481 0.86933714151382446 -0.099778130650520325
vn -0.61211925745010376 0.79076546430587769 0
vn 0.60007822513580322 0.70612549781799316 -0.37588948011398315
vn 0.44315049052238464 0.82349210977554321 -0.35422927141189575
vn 0.2646559476852417 0.9104762077331543 -0.31778973340988159
vn 0.073784247040748596 0.96060580015182495 -0.26794105768203735
vn -0.11993802338838577 0.97094810009002686 -0.20706188678741455
vn -0.30477637052536011 0.94220030307769775 -0.13917581737041473
vn -0.47095265984535217 0.87947267293930054 -0.068784892559051514
vn -0.61211925745010376 0.79076546430587769 0
vn 0.6443554162979126 0.74038928747177124 -0.19138923287391663
vn 0.48488393425941467 0.85577875375747681 -0.18036152422428131
vn 0.30210372805595398 0.939441978931427 -0.16180896759033203
vn 0.10536354780197144 0.98503082990646362 -0.13642874360084534
vn -0.09553082287311554 0.98982727527618408 -0.10543157160282135
vn -0.288370281457901 0.95489299297332764 -0.070865921676158905
vn -0.46284446120262146 0.88574731349945068 -0.035024240612983704
vn -0.61211925745010376 0.79076546430587769 0
vn 0.79076540470123291 0.61211919784545898 0.00036194350104779005
vn -0.61211925745010376 0.79076546430587769 0
vn 0.66618078947067261 0.74579018354415894 0.00035590099287219346
vn 0.50992661714553833 0.8602178692817688 0.00033653085120022297
vn 0.32690951228141785 0.94505560398101807 0.00030294508906081319
vn 0.12632195651531219 0.99198925495147705 0.00025593271129764616
vn -0.079626478254795074 0.99682474136352539 0.00019805901683866978
vn -0.27806472778320312 0.96056234836578369 0.00013322949234861881
vn -0.45801004767417908 0.8889470100402832 6.5860345785040408E-05
vn 0.14810666441917419 0.11464706808328629 -0.9823036789894104
vn 0.29115447402000427 0.22537814080715179 -0.92974931001663208
vn 0.43408843874931335 0.33602112531661987 -0.835857093334198
vn 0.55915564298629761 0.43283367156982422 -0.70710676908493042
vn 0.66096693277359009 0.51164418458938599 -0.54894715547561646
vn 0.73521363735198975 0.56911742687225342 -0.36819317936897278
vn 0.77677178382873535 0.60128694772720337 -0.18729531764984131
vn -0.6019521951675415 0.77752363681793213 -0.18196305632591248
vn -0.56924664974212646 0.73516291379928589 -0.36809471249580383
vn -0.5124976634979248 0.66174590587615967 -0.54720973968505859
vn -0.43303602933883667 0.55899894237518311 -0.70710676908493042
vn -0.33519715070724487 0.43252912163734436 -0.83699548244476318
vn -0.22558395564556122 0.29087057709693909 -0.92978823184967041
vn -0.11166451126337051 0.14367224276065826 -0.98330533504486084
vn 0.00028621242381632328 0.00022155257465783507 0.99999994039535522
vn 0.61211925745010376 -0.79076546430587769 0
vn -0.034401576966047287 -0.26823350787162781 0.96273946762084961
vn 0.089924797415733337 -0.41082826256752014 0.90726715326309204
vn 0.21357840299606323 -0.5402604341506958 0.81394279003143311
vn 0.32943227887153625 -0.64846211671829224 0.68627345561981201
vn 0.43153923749923706 -0.72972840070724487 0.5303492546081543
vn 0.51421862840652466 -0.78006726503372192 0.35647472739219666
vn 0.5744660496711731 -0.7993428111076355 0.1761813759803772
vn 0.61211925745010376 -0.79076546430587769 0
vn -0.1802901029586792 -0.38117405772209167 0.90675342082977295
vn -0.047552172094583511 -0.51726561784744263 0.85450279712677002
vn 0.090247206389904022 -0.63575118780136108 0.76660019159317017
vn 0.22544857859611511 -0.72897434234619141 0.64635080099105835
vn 0.35118186473846436 -0.79194587469100952 0.49949279427528381
vn 0.46020597219467163 -0.82188469171524048 0.33573207259178162
vn 0.54777067899703979 -0.82000905275344849 0.16592893004417419
vn 0.61211925745010376 -0.79076546430587769 0
vn -0.31420591473579407 -0.4848199188709259 0.81622564792633057
vn -0.17376083135604858 -0.61493295431137085 0.76919740438461304
vn -0.022986616939306259 -0.72336965799331665 0.69007819890975952
vn 0.12997129559516907 -0.80285078287124634 0.58184021711349487
vn 0.2773958146572113 -0.849040687084198 0.44964593648910522
vn 0.41061100363731384 -0.86026448011398315 0.30223110318183899
vn 0.52326005697250366 -0.83897954225540161 0.14937278628349304
vn 0.61211925745010376 -0.79076546430587769 0
vn -0.43190109729766846 -0.57594621181488037 0.69408023357391357
vn -0.28466182947158813 -0.70081561803817749 0.65408343076705933
vn -0.12246868759393692 -0.80041962862014771 0.58679628372192383
vn 0.046101048588752747 -0.86781203746795654 0.49474933743476868
vn 0.21258482336997986 -0.89923703670501709 0.38233554363250732
vn 0.36704865097999573 -0.89399898052215576 0.25698459148406982
vn 0.50172936916351318 -0.85564959049224854 0.12700933218002319
vn 0.61211925745010376 -0.79076546430587769 0
vn -0.52850347757339478 -0.65070426464080811 0.5452229380607605
vn -0.37571123242378235 -0.77125966548919678 0.5138089656829834
vn -0.20416451990604401 -0.8636167049407959 0.46095886826515198
vn -0.022789068520069122 -0.9211001992225647 0.38865801692008972
vn 0.15934266149997711 -0.94042378664016724 0.30035477876663208
vn 0.33126115798950195 -0.92168796062469482 0.20188452303409576
vn 0.48404267430305481 -0.86933714151382446 0.099778130650520325
vn 0.61211925745010376 -0.79076546430587769 0
vn -0.60007822513580322 -0.70612549781799316 0.37588948011398315
vn -0.44315049052238464 -0.82349210977554321 0.35422927141189575
vn -0.2646559476852417 -0.9104762077331543 0.31778973340988159
vn -0.073784247040748596 -0.96060580015182495 0.26794105768203735
vn 0.11993802338838577 -0.97094810009002686 0.20706188678741455
vn 0.30477637052536011 -0.94220030307769775 0.13917581737041473
vn 0.47095265984535217 -0.87947267293930054 0.068784892559051514
vn 0.61211925745010376 -0.79076546430587769 0
vn -0.6443554162979126 -0.74038928747177124 0.19138923287391663
vn -0.48488393425941467 -0.85577875375747681 0.18036152422428131
vn -0.30210372805595398 -0.939441978931427 0.16180896759033203
vn -0.10536354780197144 -0.98503082990646362 0.13642874360084534
vn 0.09553082287311554 -0.98982727527618408 0.10543157160282135
vn 0.288370281457901 -0.95489299297332764 0.070865921676158905
vn 0.46284446120262146 -0.88574731349945068 0.035024240612983704
vn 0.61211925745010376 -0.79076546430587769 0
vn -0.79076540470123291 -0.61211919784545898 -0.00036194350104779005
vn 0.61211925745010376 -0.79076546430587769 0
vn 0.6019521951675415 -0.77752363681793213 0.18196305632591248
vn 0.56924664974212646 -0.73516291379928589 0.36809471249580383
vn 0.5124976634979248 -0.66174590587615967 0.54720973968505859
vn 0.43303602933883667 -0.55899894237518311 0.70710676908493042
vn 0.33519715070724487 -0.43252912163734436 0.83699548244476318
vn 0.22558395564556122 -0.29087057709693909 0.92978823184967041
vn 0.11166451126337051 -0.14367224276065826 0.98330533504486084
vn -0.66618078947067261 -0.74579018354415894 -0.00035590099287219346
vn -0.50992661714553833 -0.8602178692817688 -0.00033653082209639251
vn -0.32690951228141785 -0.94505560398101807 -0.00030294508906081319
vn -0.12632195651531219 -0.99198925495147705 -0.00025593271129764616
vn 0.079626478254795074 -0.99682474136352539 -0.00019805901683866978
vn 0.27806472778320312 -0.96056234836578369 -0.00013322949234861881
vn 0.45801004767417908 -0.8889470100402832 -6.5860345785040408E-05
vn -0.14810666441917419 -0.11464706808328629 0.9823036789894104
vn -0.29115447402000427 -0.22537814080715179 0.92974931001663208
vn -0.43408843874931335 -0.33602112531661987 0.835857093334198
vn -0.55915564298629761 -0.43283367156982422 0.70710676908493042
vn -0.66096693277359009 -0.51164418458938599 0.54894715547561646
vn -0.73521363735198975 -0.56911742687225342 0.36819317936897278
vn -0.77677178382873535 -0.60128694772720337 0.18729531764984131
vn -0.00028621242381632328 -0.00022155258920975029 0.99999994039535522
vn 0.61211925745010376 -0.79076546430587769 0
vn 0.26829469203948975 -0.033921025693416595 0.96273946762084961
vn 0.37517991662025452 -0.19001668691635132 0.90726715326309204
vn 0.46949130296707153 -0.34216225147247314 0.81394279003143311
vn 0.54520446062088013 -0.48143625259399414 0.68627345561981201
vn 0.59828710556030273 -0.60065144300460815 0.5303492546081543
vn 0.62629836797714233 -0.69330811500549316 0.35647472739219666
vn 0.62985944747924805 -0.75646358728408813 0.1761813759803772
vn 0.61211925745010376 -0.79076546430587769 0
vn 0.41419339179992676 0.079006366431713104 0.90675342082977295
vn 0.51267486810684204 -0.083602569997310638 0.85450279712677002
vn 0.59284377098083496 -0.2466990053653717 0.76660019159317017
vn 0.64920753240585327 -0.40094909071922302 0.64635080099105835
vn 0.678658127784729 -0.53845161199569702 0.49949279427528381
vn 0.68031781911849976 -0.65149950981140137 0.33573207259178162
vn 0.65655660629272461 -0.73579955101013184 0.16592893004417419
vn 0.61211925745010376 -0.79076546430587769 0
vn 0.54809343814849854 0.18267261981964111 0.81622564792633057
vn 0.63885563611984253 0.014100802130997181 0.76919740438461304
vn 0.70604461431503296 -0.15903794765472412 0.69007819890975952
vn 0.74465483427047729 -0.32703384757041931 0.58184021711349487
vn 0.75242304801940918 -0.48132950067520142 0.44964593648910522
vn 0.72990220785140991 -0.6131061315536499 0.30223110318183899
vn 0.68106448650360107 -0.71682554483413696 0.14937278628349304
vn 0.61211925745010376 -0.79076546430587769 0
vn 0.66580826044082642 0.27377352118492126 0.69408023357391357
vn 0.74979138374328613 0.099938541650772095 0.65408343076705933
vn 0.80556774139404297 -0.082041047513484955 0.58679628372192383
vn 0.82856243848800659 -0.26212087273597717 0.49474933743476868
vn 0.81726032495498657 -0.4311671257019043 0.38233554363250732
vn 0.77347773313522339 -0.57938855886459351 0.25698459148406982
vn 0.70259857177734375 -0.70015990734100342 0.12700933218002319
vn 0.61211925745010376 -0.79076546430587769 0
vn 0.76239097118377686 0.3485569953918457 0.5452229380607605
vn 0.84080606698989868 0.17042747139930725 0.5138089656829834
vn 0.8872225284576416 -0.018790943548083305 0.46095886826515198
vn 0.8974151611328125 -0.20878441631793976 0.38865801692008972
vn 0.87047618627548218 -0.38994640111923218 0.30035477876663208
vn 0.80925208330154419 -0.55168265104293823 0.20188452303409576
vn 0.72028189897537231 -0.68646800518035889 0.099778130650520325
vn 0.61211925745010376 -0.79076546430587769 0
vn 0.83398151397705078 0.40395781397819519 0.37588948011398315
vn 0.90827322006225586 0.22262392938137054 0.35422927141189575
vn 0.94774693250656128 0.028025994077324867 0.31778973340988159
vn 0.94844037294387817 -0.16931761801242828 0.26794105768203735
vn 0.90990191698074341 -0.35944932699203491 0.20706188678741455
vn 0.83574742078781128 -0.53118389844894409 0.13917581737041473
vn 0.73337459564208984 -0.67633593082427979 0.068784892559051514
vn 0.61211925745010376 -0.79076546430587769 0
vn 0.87824851274490356 0.43823474645614624 0.19138923287391663
vn 0.94998866319656372 0.25493380427360535 0.18036152422428131
vn 0.98517340421676636 0.057019244879484177 0.16180896759033203
vn 0.98000031709671021 -0.14486755430698395 0.13642874360084534
vn 0.93429553508758545 -0.34055256843566895 0.10543157160282135
vn 0.8521466851234436 -0.51848244667053223 0.070865921676158905
vn 0.74148106575012207 -0.67005908489227295 0.035024240612983704
vn 0.61211925745010376 -0.79076546430587769 0
vn 0.79076540470123291 0.61211919784545898 -0.00036194350104779005
vn 0.61211925745010376 -0.79076546430587769 0
vn 0.6018480658531189 -0.77760422229766846 0.18196305632591248
vn 0.56903594732284546 -0.73532605171203613 0.36809471249580383
vn 0.51218444108963013 -0.66198837757110596 0.54720973968505859
vn 0.43263128399848938 -0.55931228399276733 0.70710676908493042
vn 0.33471804857254028 -0.43289998173713684 0.83699548244476318
vn 0.22505173087120056 -0.29128256440162659 0.92978823184967041
vn 0.11110164225101471 -0.14410793781280518 0.98330533504486084
vn 0.14810666441917419 0.11464706808328629 0.9823036789894104
vn 0.29115447402000427 0.22537814080715179 0.92974931001663208
vn 0.43408843874931335 0.33602112531661987 0.835857093334198
vn 0.55915564298629761 0.43283367156982422 0.70710676908493042
vn 0.66096693277359009 0.51164418458938599 0.54894715547561646
vn 0.73521363735198975 0.56911742687225342 0.36819317936897278
vn 0.77677178382873535 0.60128694772720337 0.18729531764984131
vn 0.88894695043563843 0.45801001787185669 -0.00035590099287219346
vn 0.96056228876113892 0.27806469798088074 -0.00033653082209639251
vn 0.99682474136352539 0.079626478254795074 -0.00030294508906081319
vn 0.99198925495147705 -0.12632195651531219 -0.00025593271129764616
vn 0.94505560398101807 -0.32690951228141785 -0.00019805901683866978
vn 0.8602178692817688 -0.50992661714553833 -0.00013322949234861881
vn 0.74579024314880371 -0.66618084907531738 -6.5860345785040408E-05
vn -0.79076540470123291 -0.61211919784545898 0.00036194350104779005
vn 0.61211925745010376 -0.79076546430587769 0
vn -0.64435458183288574 -0.74038863182067871 -0.19139446318149567
vn -0.48488315939903259 -0.85577815771102905 -0.18036645650863647
vn -0.30210304260253906 -0.93944144248962402 -0.1618133932352066
vn -0.10536295920610428 -0.98503035306930542 -0.13643248379230499
vn 0.095531269907951355 -0.98982691764831543 -0.10543445497751236
vn 0.28837057948112488 -0.95489275455474854 -0.070867858827114105
vn 0.4628446102142334 -0.88574719429016113 -0.035025198012590408
vn 0.61211925745010376 -0.79076546430587769 0
vn -0.60007768869400024 -0.70612508058547974 -0.37589114904403687
vn -0.44314995408058167 -0.82349169254302979 -0.3542308509349823
vn -0.2646554708480835 -0.91047585010528564 -0.3177911639213562
vn -0.073783852159976959 -0.96060550212860107 -0.26794224977493286
vn 0.11993832886219025 -0.97094786167144775 -0.20706282556056976
vn 0.30477654933929443 -0.9422001838684082 -0.13917644321918488
vn 0.47095274925231934 -0.87947261333465576 -0.068785205483436584
vn 0.61211925745010376 -0.79076546430587769 0
vn -0.5284993052482605 -0.65070104598999023 -0.54523080587387085
vn -0.37570729851722717 -0.77125662565231323 -0.51381635665893555
vn -0.20416100323200226 -0.86361396312713623 -0.46096551418304443
vn -0.022786103188991547 -0.92109793424606323 -0.38866361975669861
vn 0.15934495627880096 -0.94042199850082397 -0.3003591001033783
vn 0.33126270771026611 -0.92168676853179932 -0.20188744366168976
vn 0.4840434193611145 -0.86933654546737671 -0.099779568612575531
vn 0.61211925745010376 -0.79076546430587769 0
vn -0.55915564298629761 -0.43283367156982422 -0.70710676908493042
vn -0.43190109729766846 -0.57594621181488037 -0.69408023357391357
vn -0.28466182947158813 -0.70081561803817749 -0.65408343076705933
vn -0.12246868759393692 -0.80041962862014771 -0.58679628372192383
vn 0.046101048588752747 -0.86781203746795654 -0.49474933743476868
vn 0.21258482336997986 -0.89923703670501709 -0.38233554363250732
vn 0.36704865097999573 -0.89399898052215576 -0.25698459148406982
vn 0.50172936916351318 -0.85564959049224854 -0.12700933218002319
vn 0.61211925745010376 -0.79076546430587769 0
vn -0.31419968605041504 -0.4848150908946991 -0.8162308931350708
vn -0.17375496029853821 -0.61492842435836792 -0.76920235157012939
vn -0.022981351241469383 -0.72336560487747192 -0.69008266925811768
vn 0.12997573614120483 -0.80284738540649414 -0.58184397220611572
vn 0.27739924192428589 -0.84903806447982788 -0.44964882731437683
vn 0.4106132984161377 -0.86026269197463989 -0.30223304033279419
vn 0.52326118946075439 -0.83897870779037476 -0.14937375485897064
vn 0.61211925745010376 -0.79076546430587769 0
vn -0.18028876185417175 -0.38117301464080811 -0.90675413608551025
vn -0.047550912946462631 -0.51726466417312622 -0.85450345277786255
vn 0.090248331427574158 -0.63575029373168945 -0.76660078763961792
vn 0.22544953227043152 -0.72897356748580933 -0.64635133743286133
vn 0.35118257999420166 -0.79194527864456177 -0.49949318170547485
vn 0.46020647883415222 -0.82188427448272705 -0.33573234081268311
vn 0.5477709174156189 -0.82000887393951416 -0.16592906415462494
vn 0.61211925745010376 -0.79076546430587769 0
vn -0.034397438168525696 -0.26823028922080994 -0.96274054050445557
vn 0.089928694069385529 -0.4108252227306366 -0.90726810693740845
vn 0.21358188986778259 -0.54025775194168091 -0.81394368410110474
vn 0.32943522930145264 -0.64845985174179077 -0.68627417087554932
vn 0.43154153227806091 -0.72972661256790161 -0.53034985065460205
vn 0.51422017812728882 -0.78006607294082642 -0.3564751148223877
vn 0.57446682453155518 -0.79934221506118774 -0.17618156969547272
vn 0.61211925745010376 -0.79076546430587769 0
vn 0.00028621242381632328 0.00022155257465783507 -0.99999994039535522
vn 0.61211925745010376 -0.79076546430587769 0
vn 0.45801004767417908 -0.8889470100402832 6.5860345785040408E-05
vn 0.27806472778320312 -0.96056234836578369 0.00013322949234861881
vn 0.079626478254795074 -0.99682474136352539 0.00019805901683866978
vn -0.12632195651531219 -0.99198925495147705 0.00025593271129764616
vn -0.32690951228141785 -0.94505560398101807 0.00030294508906081319
vn -0.50992661714553833 -0.8602178692817688 0.00033653082209639251
vn -0.66618078947067261 -0.74579018354415894 0.00035590099287219346
vn -0.77677178382873535 -0.60128694772720337 -0.18729531764984131
vn -0.73521363735198975 -0.56911742687225342 -0.36819317936897278
vn -0.66096693277359009 -0.51164418458938599 -0.54894715547561646
vn -0.43408843874931335 -0.33602112531661987 -0.835857093334198
vn -0.29115447402000427 -0.22537814080715179 -0.92974931001663208
vn -0.14810666441917419 -0.11464706808328629 -0.9823036789894104
vn 0.11166451126337051 -0.14367224276065826 -0.98330533504486084
vn 0.22558395564556122 -0.29087057709693909 -0.92978823184967041
vn 0.33519715070724487 -0.43252912163734436 -0.83699548244476318
vn 0.43303602933883667 -0.55899894237518311 -0.70710676908493042
vn 0.5124976634979248 -0.66174590587615967 -0.54720973968505859
vn 0.56924664974212646 -0.73516291379928589 -0.36809471249580383
vn 0.6019521951675415 -0.77752363681793213 -0.18196305632591248
vn -0.00028621242381632328 -0.00022155257465783507 -0.99999994039535522
vn 0.61211925745010376 -0.79076546430587769 0
vn 0.26829469203948975 -0.033921025693416595 -0.96273946762084961
vn 0.37517991662025452 -0.19001668691635132 -0.90726715326309204
vn 0.46949130296707153 -0.34216225147247314 -0.81394279003143311
vn 0.54520446062088013 -0.48143625259399414 -0.68627345561981201
vn 0.59828710556030273 -0.60065144300460815 -0.5303492546081543
vn 0.62629836797714233 -0.69330811500549316 -0.35647472739219666
vn 0.62985944747924805 -0.75646358728408813 -0.1761813759803772
vn 0.61211925745010376 -0.79076546430587769 0
vn 0.41419339179992676 0.079006366431713104 -0.90675342082977295
vn 0.51267486810684204 -0.083602569997310638 -0.85450279712677002
vn 0.59284377098083496 -0.2466990053653717 -0.76660019159317017
vn 0.64920753240585327 -0.40094909071922302 -0.64635080099105835
vn 0.678658127784729 -0.53845161199569702 -0.49949279427528381
vn 0.68031781911849976 -0.65149950981140137 -0.33573207259178162
vn 0.65655660629272461 -0.73579955101013184 -0.16592893004417419
vn 0.61211925745010376 -0.79076546430587769 0
vn 0.54809343814849854 0.18267261981964111 -0.81622564792633057
vn 0.63885563611984253 0.014100802130997181 -0.76919740438461304
vn 0.70604461431503296 -0.15903794765472412 -0.69007819890975952
vn 0.74465483427047729 -0.32703384757041931 -0.58184021711349487
vn 0.75242304801940918 -0.48132950067520142 -0.44964593648910522
vn 0.72990220785140991 -0.6131061315536499 -0.30223110318183899
vn 0.68106448650360107 -0.71682554483413696 -0.14937278628349304
vn 0.61211925745010376 -0.79076546430587769 0
vn 0.55915564298629761 0.43283367156982422 -0.70710676908493042
vn 0.66580826044082642 0.27377352118492126 -0.69408023357391357
vn 0.74979138374328613 0.099938541650772095 -0.65408343076705933
vn 0.80556774139404297 -0.082041047513484955 -0.58679628372192383
vn 0.82856243848800659 -0.26212087273597717 -0.49474933743476868
vn 0.81726032495498657 -0.4311671257019043 -0.38233554363250732
vn 0.77347773313522339 -0.57938855886459351 -0.25698459148406982
vn 0.70259857177734375 -0.70015990734100342 -0.12700933218002319
vn 0.61211925745010376 -0.79076546430587769 0
vn 0.76239097118377686 0.3485569953918457 -0.5452229380607605
vn 0.84080606698989868 0.17042747139930725 -0.5138089656829834
vn 0.8872225284576416 -0.018790943548083305 -0.46095886826515198
vn 0.8974151611328125 -0.20878441631793976 -0.38865801692008972
vn 0.87047618627548218 -0.38994640111923218 -0.30035477876663208
vn 0.80925208330154419 -0.55168265104293823 -0.20188452303409576
vn 0.72028189897537231 -0.68646800518035889 -0.099778130650520325
vn 0.61211925745010376 -0.79076546430587769 0
vn 0.83398151397705078 0.40395781397819519 -0.37588948011398315
vn 0.90827322006225586 0.22262392938137054 -0.35422927141189575
vn 0.94774693250656128 0.028025994077324867 -0.31778973340988159
vn 0.94844037294387817 -0.16931761801242828 -0.26794105768203735
vn 0.90990191698074341 -0.35944932699203491 -0.20706188678741455
vn 0.83574742078781128 -0.53118389844894409 -0.13917581737041473
vn 0.73337459564208984 -0.67633593082427979 -0.068784892559051514
vn 0.61211925745010376 -0.79076546430587769 0
vn 0.87824851274490356 0.43823474645614624 -0.19138923287391663
vn 0.94998866319656372 0.25493380427360535 -0.18036152422428131
vn 0.98517340421676636 0.057019244879484177 -0.16180896759033203
vn 0.98000031709671021 -0.14486755430698395 -0.13642874360084534
vn 0.93429553508758545 -0.34055256843566895 -0.10543157160282135
vn 0.8521466851234436 -0.51848244667053223 -0.070865921676158905
vn 0.74148106575012207 -0.67005908489227295 -0.035024240612983704
vn 0.61211925745010376 -0.79076546430587769 0
vn 0.79076540470123291 0.61211919784545898 0.00036194350104779005
vn 0.61211925745010376 -0.79076546430587769 0
vn 0.6018480658531189 -0.77760422229766846 -0.18196305632591248
vn 0.56903594732284546 -0.73532605171203613 -0.36809471249580383
vn 0.51218444108963013 -0.66198837757110596 -0.54720973968505859
vn 0.43263128399848938 -0.55931228399276733 -0.70710676908493042
vn 0.33471804857254028 -0.43289998173713684 -0.83699548244476318
vn 0.22505173087120056 -0.29128256440162659 -0.92978823184967041
vn 0.11110164225101471 -0.14410793781280518 -0.98330533504486084
vn 0.88894695043563843 0.45801001787185669 0.00035590099287219346
vn 0.96056228876113892 0.27806469798088074 0.00033653082209639251
vn 0.99682474136352539 0.079626478254795074 0.00030294508906081319
vn 0.99198925495147705 -0.12632195651531219 0.00025593271129764616
vn 0.94505560398101807 -0.32690951228141785 0.00019805901683866978
vn 0.8602178692817688 -0.50992661714553833 0.00013322949234861881
vn 0.74579024314880371 -0.66618084907531738 6.5860345785040408E-05
vn 0.14810666441917419 0.11464706808328629 -0.9823036789894104
vn 0.29115447402000427 0.22537814080715179 -0.92974931001663208
vn 0.43408843874931335 0.33602112531661987 -0.835857093334198
vn 0.66096693277359009 0.51164418458938599 -0.54894715547561646
vn 0.73521363735198975 0.56911742687225342 -0.36819317936897278
vn 0.77677178382873535 0.60128694772720337 -0.18729531764984131
f 21/21/21 1/1/1 2/2/2
f 21/21/21 3/3/3 4/4/4
f 21/21/21 4/4/4 5/5/5
f 21/21/21 2/2/2 3/3/3
f 21/21/21 20/20/20 10/10/10
f 21/21/21 19/19/19 20/20/20
f 18/18/18 21/21/21 17/17/17
f 21/21/21 22/22/22 16/16/16 17/17/17
f 19/19/19 21/21/21 18/18/18
f 21/21/21 10/10/10 1/1/1
f 22/22/22 21/21/21 5/5/5 6/6/6
f 22/22/22 6/6/6 7/7/7
f 22/22/22 8/8/8 9/9/9
f 22/22/22 9/9/9 11/11/11
f 22/22/22 7/7/7 8/8/8
f 15/15/15 16/16/16 22/22/22
f 14/14/14 15/15/15 22/22/22
f 22/22/22 13/13/13 14/14/14
f 22/22/22 12/12/12 13/13/13
f 12/12/12 22/22/22 11/11/11
f 24/24/24 25/25/25 37/37/37 23/23/23
f 25/25/25 26/26/26 36/36/36 37/37/37
f 27/27/27 35/35/35 36/36/36 26/26/26
f 31/31/31 28/28/28 29/29/29
f 29/29/29 30/30/30 31/31/31
f 34/34/34 28/28/28 31/31/31
f 34/34/34 35/35/35 27/27/27 28/28/28
f 31/31/31 32/32/32 33/33/33
f 33/33/33 34/34/34 31/31/31
f 39/39/39 53/53/53 56/56/56 55/55/55
f 52/52/52 54/54/54 53/53/53 39/39/39
f 59/59/59 40/40/40 60/60/60 61/61/61
f 63/63/63 62/62/62 40/40/40 59/59/59
f 56/56/56 38/38/38 64/64/64
f 51/51/51 38/38/38 56/56/56 53/53/53
f 64/64/64 65/65/65 55/55/55 56/56/56
f 55/55/55 65/65/65 66/66/66
f 66/66/66 67/67/67 55/55/55
f 67/67/67 39/39/39 55/55/55
f 50/50/50 51/51/51 54/54/54
f 54/54/54 51/51/51 53/53/53
f 54/54/54 49/49/49 50/50/50
f 48/48/48 49/49/49 54/54/54 52/52/52
f 46/46/46 52/52/52 39/39/39
f 52/52/52 47/47/47 48/48/48
f 52/52/52 46/46/46 47/47/47
f 45/45/45 46/46/46 39/39/39
f 68/68/68 39/39/39 67/67/67
f 60/60/60 68/68/68 69/69/69
f 68/68/68 60/60/60 40/40/40
f 60/60/60 69/69/69 70/70/70
f 39/39/39 40/40/40 45/45/45
f 70/70/70 71/71/71 61/61/61 60/60/60
f 57/57/57 58/58/58 59/59/59 61/61/61
f 71/71/71 57/57/57 61/61/61
f 44/44/44 45/45/45 62/62/62
f 62/62/62 45/45/45 40/40/40
f 62/62/62 43/43/43 44/44/44
f 62/62/62 63/63/63 42/42/42 43/43/43
f 63/63/63 59/59/59 58/58/58
f 42/42/42 63/63/63 41/41/41
f 58/58/58 41/41/41 63/63/63
f 68/68/68 40/40/40 39/39/39
f 73/73/73 89/89/89 92/92/92 91/91/91
f 88/88/88 90/90/90 89/89/89 73/73/73
f 92/92/92 87/87/87 72/72/72
f 81/81/81 82/82/82 91/91/91 92/92/92
f 72/72/72 81/81/81 92/92/92
f 89/89/89 87/87/87 92/92/92
f 90/90/90 80/80/80 86/86/86
f 90/90/90 88/88/88 79/79/79 80/80/80
f 86/86/86 87/87/87 89/89/89 90/90/90
f 84/84/84 91/91/91 83/83/83
f 82/82/82 83/83/83 91/91/91
f 73/73/73 91/91/91 84/84/84
f 84/84/84 85/85/85 76/76/76 77/77/77
f 74/74/74 75/75/75 76/76/76 85/85/85
f 78/78/78 88/88/88 77/77/77
f 73/73/73 77/77/77 88/88/88
f 79/79/79 88/88/88 78/78/78
f 84/84/84 77/77/77 73/73/73
f 131/131/131 130/130/130 112/112/112
f 112/112/112 149/149/149 131/131/131
f 148/148/148 131/131/131 149/149/149
f 150/150/150 149/149/149 112/112/112
f 110/110/110 113/113/113 111/111/111
f 152/152/152 111/111/111 113/113/113
f 112/112/112 111/111/111 152/152/152
f 151/151/151 112/112/112 152/152/152
f 151/151/151 150/150/150 112/112/112
f 133/133/133 132/132/132 146/146/146
f 100/100/100 134/134/134 133/133/133
f 135/135/135 134/134/134 99/99/99
f 134/134/134 100/100/100 99/99/99
f 132/132/132 148/148/148 147/147/147
f 133/133/133 146/146/146 101/101/101
f 133/133/133 101/101/101 100/100/100
f 146/146/146 132/132/132 147/147/147
f 131/131/131 148/148/148 132/132/132
f 115/115/115 110/110/110 109/109/109
f 110/110/110 115/115/115 114/114/114
f 114/114/114 113/113/113 110/110/110
f 160/160/160 115/115/115 109/109/109
f 124/124/124 108/108/108 93/93/93
f 163/163/163 108/108/108 124/124/124
f 160/160/160 108/108/108 161/161/161
f 161/161/161 108/108/108 162/162/162
f 160/160/160 109/109/109 108/108/108
f 163/163/163 124/124/124 164/164/164
f 123/123/123 166/166/166 165/165/165
f 123/123/123 165/165/165 164/164/164
f 124/124/124 123/123/123 164/164/164
f 123/123/123 122/122/122 166/166/166
f 125/125/125 166/166/166 122/122/122
f 121/121/121 126/126/126 122/122/122
f 125/125/125 122/122/122 126/126/126
f 162/162/162 108/108/108 163/163/163
f 121/121/121 127/127/127 126/126/126
f 136/136/136 135/135/135 98/98/98
f 97/97/97 136/136/136 98/98/98
f 137/137/137 136/136/136 145/145/145
f 136/136/136 97/97/97 145/145/145
f 137/137/137 144/144/144 143/143/143
f 143/143/143 142/142/142 138/138/138
f 144/144/144 137/137/137 145/145/145
f 138/138/138 137/137/137 143/143/143
f 141/141/141 103/103/103 142/142/142
f 138/138/138 142/142/142 103/103/103
f 138/138/138 103/103/103 102/102/102
f 140/140/140 103/103/103 141/141/141
f 139/139/139 103/103/103 140/140/140
f 96/96/96 95/95/95 105/105/105
f 139/139/139 96/96/96 104/104/104
f 104/104/104 96/96/96 105/105/105
f 139/139/139 104/104/104 103/103/103
f 119/119/119 153/153/153 129/129/129
f 118/118/118 155/155/155 154/154/154
f 118/118/118 154/154/154 153/153/153
f 121/121/121 120/120/120 127/127/127
f 128/128/128 127/127/127 120/120/120
f 128/128/128 119/119/119 129/129/129
f 118/118/118 153/153/153 119/119/119
f 120/120/120 119/119/119 128/128/128
f 118/118/118 117/117/117 155/155/155
f 159/159/159 158/158/158 107/107/107
f 106/106/106 105/105/105 94/94/94
f 159/159/159 106/106/106 94/94/94
f 106/106/106 159/159/159 107/107/107
f 107/107/107 157/157/157 156/156/156
f 116/116/116 107/107/107 117/117/117
f 156/156/156 117/117/117 107/107/107
f 107/107/107 158/158/158 157/157/157
f 155/155/155 117/117/117 156/156/156
f 94/94/94 105/105/105 95/95/95
f 135/135/135 99/99/99 98/98/98
f 183/183/183 182/182/182 167/167/167
f 224/224/224 182/182/182 223/223/223
f 183/183/183 223/223/223 182/182/182
f 225/225/225 182/182/182 224/224/224
f 174/174/174 180/180/180 181/181/181
f 181/181/181 226/226/226 174/174/174
f 182/182/182 226/226/226 181/181/181
f 226/226/226 182/182/182 225/225/225
f 174/174/174 175/175/175 180/180/180
f 185/185/185 220/220/220 184/184/184
f 185/185/185 186/186/186 211/211/211
f 211/211/211 212/212/212 185/185/185
f 222/222/222 223/223/223 183/183/183
f 184/184/184 220/220/220 221/221/221
f 185/185/185 212/212/212 220/220/220
f 221/221/221 222/222/222 184/184/184
f 184/184/184 222/222/222 183/183/183
f 179/179/179 180/180/180 176/176/176
f 175/175/175 176/176/176 180/180/180
f 179/179/179 176/176/176 234/234/234
f 178/178/178 179/179/179 234/234/234
f 207/207/207 177/177/177 178/178/178
f 237/237/237 207/207/207 178/178/178
f 235/235/235 236/236/236 178/178/178
f 236/236/236 237/237/237 178/178/178
f 235/235/235 178/178/178 234/234/234
f 207/207/207 238/238/238 206/206/206
f 205/205/205 240/240/240 191/191/191
f 206/206/206 239/239/239 240/240/240
f 206/206/206 238/238/238 239/239/239
f 205/205/205 206/206/206 240/240/240
f 204/204/204 192/192/192 193/193/193
f 203/203/203 204/204/204 193/193/193 194/194/194
f 205/205/205 192/192/192 204/204/204
f 205/205/205 191/191/191 192/192/192
f 237/237/237 238/238/238 207/207/207
f 210/210/210 211/211/211 186/186/186
f 187/187/187 209/209/209 210/210/210
f 186/186/186 187/187/187 210/210/210
f 188/188/188 209/209/209 187/187/187
f 189/189/189 219/219/219 188/188/188
f 188/188/188 208/208/208 209/209/209
f 189/189/189 218/218/218 219/219/219
f 189/189/189 217/217/217 218/218/218
f 219/219/219 208/208/208 188/188/188
f 217/217/217 189/189/189 190/190/190
f 169/169/169 216/216/216 190/190/190
f 217/217/217 190/190/190 216/216/216
f 190/190/190 168/168/168 169/169/169
f 215/215/215 216/216/216 169/169/169
f 214/214/214 215/215/215 169/169/169
f 198/198/198 213/213/213 170/170/170
f 169/169/169 213/213/213 214/214/214
f 171/171/171 198/198/198 170/170/170
f 169/169/169 170/170/170 213/213/213
f 201/201/201 227/227/227 228/228/228
f 200/200/200 201/201/201 229/229/229
f 201/201/201 228/228/228 229/229/229
f 202/202/202 203/203/203 194/194/194
f 202/202/202 195/195/195 227/227/227
f 194/194/194 195/195/195 202/202/202
f 201/201/201 202/202/202 227/227/227
f 200/200/200 229/229/229 230/230/230
f 172/172/172 196/196/196 171/171/171
f 197/197/197 171/171/171 196/196/196
f 233/233/233 196/196/196 172/172/172
f 171/171/171 197/197/197 198/198/198
f 173/173/173 233/233/233 172/172/172
f 173/173/173 231/231/231 232/232/232
f 199/199/199 200/200/200 173/173/173
f 173/173/173 200/200/200 230/230/230
f 173/173/173 232/232/232 233/233/233
f 231/231/231 173/173/173 230/230/230
f 241/241/241 246/246/246 251/251/251 243/243/243
f 250/250/250 244/244/244 243/243/243 251/251/251
f 247/247/247 245/245/245 244/244/244
f 247/247/247 242/242/242 245/245/245
f 248/248/248 247/247/247 249/249/249
f 247/247/247 250/250/250 249/249/249
f 244/244/244 250/250/250 247/247/247
f 253/253/253 252/252/252 256/256/256
f 258/258/258 256/256/256 255/255/255
f 253/253/253 258/258/258 257/257/257 254/254/254
f 256/256/256 258/258/258 253/253/253
f 262/262/262 268/268/268 267/267/267
f 269/269/269 262/262/262 265/265/265
f 262/262/262 259/259/259 266/266/266
f 262/262/262 266/266/266 265/265/265
f 269/269/269 268/268/268 262/262/262
f 261/261/261 270/270/270 269/269/269
f 261/261/261 260/260/260 270/270/270
f 263/263/263 261/261/261 264/264/264
f 261/261/261 265/265/265 264/264/264
f 269/269/269 265/265/265 261/261/261
f 277/277/277 271/271/271 273/273/273
f 276/276/276 273/273/273 272/272/272
f 273/273/273 275/275/275 274/274/274
f 275/275/275 273/273/273 276/276/276
f 274/274/274 277/277/277 273/273/273
f 434/434/434 432/432/432 433/433/433
f 281/281/281 434/434/434 424/424/424
f 432/432/432 434/434/434 281/281/281
f 424/424/424 434/434/434 436/436/436 430/430/430
f 434/434/434 433/433/433 435/435/435 436/436/436
f 433/433/433 437/437/437 438/438/438 435/435/435
f 426/426/426 423/423/423 425/425/425
f 282/282/282 426/426/426 415/415/415
f 423/423/423 426/426/426 282/282/282
f 415/415/415 426/426/426 428/428/428 421/421/421
f 426/426/426 425/425/425 427/427/427 428/428/428
f 425/425/425 429/429/429 431/431/431 427/427/427
f 429/429/429 424/424/424 430/430/430 431/431/431
f 429/429/429 281/281/281 424/424/424
f 423/423/423 429/429/429 425/425/425
f 281/281/281 429/429/429 423/423/423
f 417/417/417 414/414/414 416/416/416
f 283/283/283 417/417/417 406/406/406
f 414/414/414 417/417/417 283/283/283
f 406/406/406 417/417/417 419/419/419 412/412/412
f 417/417/417 416/416/416 418/418/418 419/419/419
f 416/416/416 420/420/420 422/422/422 418/418/418
f 420/420/420 415/415/415 421/421/421 422/422/422
f 420/420/420 282/282/282 415/415/415
f 414/414/414 420/420/420 416/416/416
f 282/282/282 420/420/420 414/414/414
f 408/408/408 405/405/405 407/407/407
f 284/284/284 408/408/408 397/397/397
f 405/405/405 408/408/408 284/284/284
f 397/397/397 408/408/408 410/410/410 403/403/403
f 408/408/408 407/407/407 409/409/409 410/410/410
f 407/407/407 411/411/411 413/413/413 409/409/409
f 411/411/411 406/406/406 412/412/412 413/413/413
f 411/411/411 283/283/283 406/406/406
f 405/405/405 411/411/411 407/407/407
f 283/283/283 411/411/411 405/405/405
f 399/399/399 396/396/396 398/398/398
f 285/285/285 399/399/399 388/388/388
f 396/396/396 399/399/399 285/285/285
f 388/388/388 399/399/399 401/401/401 394/394/394
f 399/399/399 398/398/398 400/400/400 401/401/401
f 398/398/398 402/402/402 404/404/404 400/400/400
f 402/402/402 397/397/397 403/403/403 404/404/404
f 402/402/402 284/284/284 397/397/397
f 396/396/396 402/402/402 398/398/398
f 284/284/284 402/402/402 396/396/396
f 390/390/390 387/387/387 389/389/389
f 286/286/286 390/390/390 379/379/379
f 387/387/387 390/390/390 286/286/286
f 379/379/379 390/390/390 392/392/392 385/385/385
f 390/390/390 389/389/389 391/391/391 392/392/392
f 389/389/389 393/393/393 395/395/395 391/391/391
f 393/393/393 388/388/388 394/394/394 395/395/395
f 393/393/393 285/285/285 388/388/388
f 387/387/387 393/393/393 389/389/389
f 285/285/285 393/393/393 387/387/387
f 381/381/381 378/378/378 380/380/380
f 287/287/287 381/381/381 370/370/370
f 378/378/378 381/381/381 287/287/287
f 370/370/370 381/381/381 383/383/383 376/376/376
f 381/381/381 380/380/380 382/382/382 383/383/383
f 380/380/380 384/384/384 386/386/386 382/382/382
f 384/384/384 379/379/379 385/385/385 386/386/386
f 384/384/384 286/286/286 379/379/379
f 378/378/378 384/384/384 380/380/380
f 286/286/286 384/384/384 378/378/378
f 372/372/372 371/371/371 373/373/373 374/374/374
f 371/371/371 375/375/375 377/377/377 373/373/373
f 375/375/375 370/370/370 376/376/376 377/377/377
f 375/375/375 287/287/287 370/370/370
f 369/369/369 375/375/375 371/371/371
f 287/287/287 375/375/375 369/369/369
f 423/423/423 290/290/290 281/281/281
f 291/291/291 423/423/423 282/282/282
f 290/290/290 423/423/423 291/291/291
f 414/414/414 291/291/291 282/282/282
f 292/292/292 414/414/414 283/283/283
f 291/291/291 414/414/414 292/292/292
f 405/405/405 292/292/292 283/283/283
f 293/293/293 405/405/405 284/284/284
f 292/292/292 405/405/405 293/293/293
f 396/396/396 293/293/293 284/284/284
f 294/294/294 396/396/396 285/285/285
f 293/293/293 396/396/396 294/294/294
f 387/387/387 294/294/294 285/285/285
f 295/295/295 387/387/387 286/286/286
f 294/294/294 387/387/387 295/295/295
f 378/378/378 295/295/295 286/286/286
f 296/296/296 378/378/378 287/287/287
f 295/295/295 378/378/378 296/296/296
f 300/300/300 299/299/299 290/290/290 291/291/291
f 301/301/301 300/300/300 291/291/291 292/292/292
f 302/302/302 301/301/301 292/292/292 293/293/293
f 303/303/303 302/302/302 293/293/293 294/294/294
f 304/304/304 303/303/303 294/294/294 295/295/295
f 305/305/305 304/304/304 295/295/295 296/296/296
f 309/309/309 308/308/308 299/299/299 300/300/300
f 310/310/310 309/309/309 300/300/300 301/301/301
f 311/311/311 310/310/310 301/301/301 302/302/302
f 312/312/312 311/311/311 302/302/302 303/303/303
f 313/313/313 312/312/312 303/303/303 304/304/304
f 314/314/314 313/313/313 304/304/304 305/305/305
f 318/318/318 317/317/317 308/308/308 309/309/309
f 319/319/319 318/318/318 309/309/309 310/310/310
f 320/320/320 319/319/319 310/310/310 311/311/311
f 321/321/321 320/320/320 311/311/311 312/312/312
f 322/322/322 321/321/321 312/312/312 313/313/313
f 323/323/323 322/322/322 313/313/313 314/314/314
f 327/327/327 326/326/326 317/317/317 318/318/318
f 328/328/328 327/327/327 318/318/318 319/319/319
f 329/329/329 328/328/328 319/319/319 320/320/320
f 330/330/330 329/329/329 320/320/320 321/321/321
f 331/331/331 330/330/330 321/321/321 322/322/322
f 332/332/332 331/331/331 322/322/322 323/323/323
f 336/336/336 335/335/335 326/326/326 327/327/327
f 337/337/337 336/336/336 327/327/327 328/328/328
f 338/338/338 337/337/337 328/328/328 329/329/329
f 339/339/339 338/338/338 329/329/329 330/330/330
f 340/340/340 339/339/339 330/330/330 331/331/331
f 341/341/341 340/340/340 331/331/331 332/332/332
f 464/464/464 336/336/336 345/345/345
f 335/335/335 464/464/464 344/344/344
f 336/336/336 464/464/464 335/335/335
f 473/473/473 337/337/337 346/346/346
f 336/336/336 473/473/473 345/345/345
f 337/337/337 473/473/473 336/336/336
f 482/482/482 338/338/338 347/347/347
f 337/337/337 482/482/482 346/346/346
f 338/338/338 482/482/482 337/337/337
f 491/491/491 339/339/339 348/348/348
f 338/338/338 491/491/491 347/347/347
f 339/339/339 491/491/491 338/338/338
f 500/500/500 340/340/340 349/349/349
f 339/339/339 500/500/500 348/348/348
f 340/340/340 500/500/500 339/339/339
f 509/509/509 341/341/341 350/350/350
f 340/340/340 509/509/509 349/349/349
f 341/341/341 509/509/509 340/340/340
f 460/460/460 462/462/462 461/461/461 454/454/454
f 462/462/462 457/457/457 456/456/456 461/461/461
f 461/461/461 344/344/344 454/454/454
f 455/455/455 461/461/461 456/456/456
f 344/344/344 461/461/461 455/455/455
f 457/457/457 459/459/459 458/458/458 456/456/456
f 469/469/469 471/471/471 470/470/470 463/463/463
f 471/471/471 466/466/466 465/465/465 470/470/470
f 470/470/470 345/345/345 463/463/463
f 464/464/464 470/470/470 465/465/465
f 345/345/345 470/470/470 464/464/464
f 467/467/467 464/464/464 465/465/465
f 344/344/344 467/467/467 454/454/454
f 464/464/464 467/467/467 344/344/344
f 466/466/466 468/468/468 467/467/467 465/465/465
f 468/468/468 460/460/460 454/454/454 467/467/467
f 478/478/478 480/480/480 479/479/479 472/472/472
f 480/480/480 475/475/475 474/474/474 479/479/479
f 479/479/479 346/346/346 472/472/472
f 473/473/473 479/479/479 474/474/474
f 346/346/346 479/479/479 473/473/473
f 476/476/476 473/473/473 474/474/474
f 345/345/345 476/476/476 463/463/463
f 473/473/473 476/476/476 345/345/345
f 475/475/475 477/477/477 476/476/476 474/474/474
f 477/477/477 469/469/469 463/463/463 476/476/476
f 487/487/487 489/489/489 488/488/488 481/481/481
f 489/489/489 484/484/484 483/483/483 488/488/488
f 488/488/488 347/347/347 481/481/481
f 482/482/482 488/488/488 483/483/483
f 347/347/347 488/488/488 482/482/482
f 485/485/485 482/482/482 483/483/483
f 346/346/346 485/485/485 472/472/472
f 482/482/482 485/485/485 346/346/346
f 484/484/484 486/486/486 485/485/485 483/483/483
f 486/486/486 478/478/478 472/472/472 485/485/485
f 496/496/496 498/498/498 497/497/497 490/490/490
f 498/498/498 493/493/493 492/492/492 497/497/497
f 497/497/497 348/348/348 490/490/490
f 491/491/491 497/497/497 492/492/492
f 348/348/348 497/497/497 491/491/491
f 494/494/494 491/491/491 492/492/492
f 347/347/347 494/494/494 481/481/481
f 491/491/491 494/494/494 347/347/347
f 493/493/493 495/495/495 494/494/494 492/492/492
f 495/495/495 487/487/487 481/481/481 494/494/494
f 505/505/505 507/507/507 506/506/506 499/499/499
f 507/507/507 502/502/502 501/501/501 506/506/506
f 506/506/506 349/349/349 499/499/499
f 500/500/500 506/506/506 501/501/501
f 349/349/349 506/506/506 500/500/500
f 503/503/503 500/500/500 501/501/501
f 348/348/348 503/503/503 490/490/490
f 500/500/500 503/503/503 348/348/348
f 502/502/502 504/504/504 503/503/503 501/501/501
f 504/504/504 496/496/496 490/490/490 503/503/503
f 514/514/514 516/516/516 515/515/515 508/508/508
f 516/516/516 511/511/511 510/510/510 515/515/515
f 515/515/515 350/350/350 508/508/508
f 509/509/509 515/515/515 510/510/510
f 350/350/350 515/515/515 509/509/509
f 512/512/512 509/509/509 510/510/510
f 349/349/349 512/512/512 499/499/499
f 509/509/509 512/512/512 349/349/349
f 511/511/511 513/513/513 512/512/512 510/510/510
f 513/513/513 505/505/505 499/499/499 512/512/512
f 523/523/523 519/519/519 518/518/518 522/522/522
f 520/520/520 517/517/517 518/518/518
f 350/350/350 520/520/520 508/508/508
f 517/517/517 520/520/520 350/350/350
f 519/519/519 521/521/521 520/520/520 518/518/518
f 521/521/521 514/514/514 508/508/508 520/520/520
f 368/368/368 438/438/438 278/278/278
f 437/437/437 278/278/278 438/438/438
f 367/367/367 436/436/436 435/435/435 368/368/368
f 435/435/435 438/438/438 368/368/368
f 367/367/367 431/431/431 430/430/430
f 367/367/367 430/430/430 436/436/436
f 366/366/366 431/431/431 367/367/367
f 365/365/365 428/428/428 427/427/427 366/366/366
f 363/363/363 419/419/419 418/418/418 364/364/364
f 364/364/364 422/422/422 421/421/421 365/365/365
f 428/428/428 365/365/365 421/421/421
f 361/361/361 410/410/410 409/409/409 362/362/362
f 362/362/362 413/413/413 412/412/412 363/363/363
f 427/427/427 431/431/431 366/366/366
f 432/432/432 280/280/280 437/437/437
f 278/278/278 437/437/437 280/280/280
f 437/437/437 433/433/433 432/432/432
f 432/432/432 289/289/289 280/280/280
f 290/290/290 299/299/299 298/298/298 289/289/289
f 432/432/432 281/281/281 290/290/290
f 307/307/307 298/298/298 299/299/299 308/308/308
f 289/289/289 432/432/432 290/290/290
f 364/364/364 418/418/418 422/422/422
f 363/363/363 412/412/412 419/419/419
f 362/362/362 409/409/409 413/413/413
f 361/361/361 403/403/403 410/410/410
f 308/308/308 317/317/317 316/316/316 307/307/307
f 360/360/360 404/404/404 403/403/403 361/361/361
f 359/359/359 401/401/401 400/400/400 360/360/360
f 400/400/400 404/404/404 360/360/360
f 359/359/359 395/395/395 394/394/394
f 359/359/359 394/394/394 401/401/401
f 358/358/358 395/395/395 359/359/359
f 357/357/357 392/392/392 391/391/391 358/358/358
f 355/355/355 383/383/383 382/382/382 356/356/356
f 356/356/356 386/386/386 385/385/385 357/357/357
f 392/392/392 357/357/357 385/385/385
f 279/279/279 374/374/374 373/373/373 354/354/354
f 354/354/354 377/377/377 376/376/376 355/355/355
f 391/391/391 395/395/395 358/358/358
f 356/356/356 382/382/382 386/386/386
f 355/355/355 376/376/376 383/383/383
f 305/305/305 296/296/296 297/297/297 306/306/306
f 369/369/369 296/296/296 287/287/287
f 314/314/314 305/305/305 306/306/306 315/315/315
f 279/279/279 288/288/288 372/372/372
f 372/372/372 369/369/369 371/371/371
f 372/372/372 288/288/288 369/369/369
f 297/297/297 369/369/369 288/288/288
f 296/296/296 369/369/369 297/297/297
f 374/374/374 279/279/279 372/372/372
f 315/315/315 324/324/324 323/323/323 314/314/314
f 354/354/354 373/373/373 377/377/377
f 325/325/325 316/316/316 317/317/317 326/326/326
f 455/455/455 343/343/343 334/334/334
f 334/334/334 325/325/325 326/326/326 335/335/335
f 458/458/458 459/459/459 352/352/352
f 458/458/458 455/455/455 456/456/456
f 343/343/343 455/455/455 458/458/458
f 352/352/352 343/343/343 458/458/458
f 334/334/334 335/335/335 455/455/455
f 344/344/344 455/455/455 335/335/335
f 439/439/439 457/457/457 462/462/462
f 440/440/440 460/460/460 468/468/468
f 441/441/441 468/468/468 466/466/466
f 460/460/460 440/440/440 462/462/462
f 457/457/457 439/439/439 459/459/459
f 442/442/442 471/471/471 469/469/469
f 352/352/352 459/459/459 439/439/439
f 469/469/469 477/477/477 442/442/442
f 440/440/440 439/439/439 462/462/462
f 440/440/440 468/468/468 441/441/441
f 441/441/441 466/466/466 471/471/471 442/442/442
f 477/477/477 443/443/443 442/442/442
f 475/475/475 443/443/443 477/477/477
f 480/480/480 443/443/443 475/475/475
f 444/444/444 478/478/478 486/486/486
f 478/478/478 444/444/444 480/480/480
f 486/486/486 484/484/484 445/445/445
f 484/484/484 489/489/489 445/445/445
f 446/446/446 445/445/445 489/489/489
f 444/444/444 486/486/486 445/445/445
f 480/480/480 444/444/444 443/443/443
f 446/446/446 489/489/489 487/487/487
f 495/495/495 446/446/446 487/487/487
f 332/332/332 323/323/323 324/324/324 333/333/333
f 447/447/447 493/493/493 498/498/498
f 448/448/448 496/496/496 504/504/504
f 496/496/496 448/448/448 498/498/498
f 493/493/493 447/447/447 495/495/495
f 333/333/333 342/342/342 341/341/341 332/332/332
f 342/342/342 517/517/517 341/341/341
f 341/341/341 517/517/517 350/350/350
f 351/351/351 522/522/522 517/517/517
f 518/518/518 517/517/517 522/522/522
f 353/353/353 522/522/522 351/351/351
f 342/342/342 351/351/351 517/517/517
f 449/449/449 502/502/502 507/507/507
f 450/450/450 505/505/505 513/513/513
f 505/505/505 450/450/450 507/507/507
f 448/448/448 504/504/504 449/449/449
f 507/507/507 450/450/450 449/449/449
f 513/513/513 451/451/451 450/450/450
f 504/504/504 502/502/502 449/449/449
f 448/448/448 447/447/447 498/498/498
f 511/511/511 451/451/451 513/513/513
f 516/516/516 451/451/451 511/511/511
f 452/452/452 514/514/514 521/521/521
f 514/514/514 452/452/452 516/516/516
f 521/521/521 519/519/519 453/453/453
f 519/519/519 523/523/523 453/453/453
f 353/353/353 453/453/453 523/523/523
f 522/522/522 353/353/353 523/523/523
f 452/452/452 521/521/521 453/453/453
f 516/516/516 452/452/452 451/451/451
f 495/495/495 447/447/447 446/446/446
f 548/548/548 543/543/543 549/549/549 550/550/550
f 550/550/550 549/549/549 544/544/544 545/545/545
f 545/545/545 544/544/544 546/546/546 547/547/547
f 556/556/556 551/551/551 557/557/557 558/558/558
f 558/558/558 557/557/557 552/552/552 553/553/553
f 553/553/553 552/552/552 554/554/554 555/555/555
f 555/555/555 554/554/554 543/543/543 548/548/548
f 564/564/564 559/559/559 565/565/565 566/566/566
f 566/566/566 565/565/565 560/560/560 561/561/561
f 561/561/561 560/560/560 562/562/562 563/563/563
f 563/563/563 562/562/562 551/551/551 556/556/556
f 572/572/572 567/567/567 573/573/573 574/574/574
f 574/574/574 573/573/573 568/568/568 569/569/569
f 569/569/569 568/568/568 570/570/570 571/571/571
f 571/571/571 570/570/570 559/559/559 564/564/564
f 580/580/580 575/575/575 581/581/581 582/582/582
f 582/582/582 581/581/581 576/576/576 577/577/577
f 577/577/577 576/576/576 578/578/578 579/579/579
f 579/579/579 578/578/578 567/567/567 572/572/572
f 588/588/588 583/583/583 589/589/589 590/590/590
f 590/590/590 589/589/589 584/584/584 585/585/585
f 585/585/585 584/584/584 586/586/586 587/587/587
f 587/587/587 586/586/586 575/575/575 580/580/580
f 596/596/596 591/591/591 597/597/597 598/598/598
f 598/598/598 597/597/597 592/592/592 593/593/593
f 593/593/593 592/592/592 594/594/594 595/595/595
f 595/595/595 594/594/594 583/583/583 588/588/588
f 604/604/604 603/603/603 599/599/599 600/600/600
f 600/600/600 599/599/599 601/601/601 602/602/602
f 602/602/602 601/601/601 591/591/591 596/596/596
f 614/614/614 524/524/524 546/546/546 544/544/544
f 614/614/614 544/544/544 549/549/549
f 547/547/547 546/546/546 526/526/526
f 543/543/543 614/614/614 549/549/549
f 612/612/612 613/613/613 557/557/557 551/551/551
f 611/611/611 612/612/612 560/560/560 565/565/565
f 610/610/610 611/611/611 559/559/559 570/570/570
f 543/543/543 554/554/554 613/613/613
f 552/552/552 613/613/613 554/554/554
f 543/543/543 613/613/613 614/614/614
f 613/613/613 552/552/552 557/557/557
f 528/528/528 545/545/545 547/547/547
f 612/612/612 562/562/562 560/560/560
f 610/610/610 570/570/570 568/568/568
f 611/611/611 565/565/565 559/559/559
f 612/612/612 551/551/551 562/562/562
f 526/526/526 546/546/546 524/524/524
f 573/573/573 610/610/610 568/568/568
f 609/609/609 610/610/610 573/573/573 567/567/567
f 609/609/609 567/567/567 578/578/578
f 609/609/609 578/578/578 576/576/576
f 581/581/581 609/609/609 576/576/576
f 607/607/607 608/608/608 586/586/586 584/584/584
f 606/606/606 607/607/607 583/583/583 594/594/594
f 525/525/525 605/605/605 599/599/599 603/603/603
f 605/605/605 606/606/606 597/597/597 591/591/591
f 581/581/581 575/575/575 608/608/608
f 581/581/581 608/608/608 609/609/609
f 608/608/608 575/575/575 586/586/586
f 607/607/607 589/589/589 583/583/583
f 607/607/607 584/584/584 589/589/589
f 606/606/606 592/592/592 597/597/597
f 605/605/605 601/601/601 599/599/599
f 605/605/605 591/591/591 601/601/601
f 606/606/606 594/594/594 592/592/592
f 527/527/527 525/525/525 603/603/603
f 529/529/529 548/548/548 550/550/550
f 530/530/530 553/553/553 555/555/555
f 530/530/530 558/558/558 553/553/553
f 555/555/555 548/548/548 529/529/529
f 531/531/531 563/563/563 556/556/556
f 532/532/532 561/561/561 563/563/563
f 533/533/533 564/564/564 566/566/566
f 533/533/533 571/571/571 564/564/564
f 566/566/566 561/561/561 532/532/532
f 556/556/556 558/558/558 531/531/531
f 528/528/528 529/529/529 550/550/550 545/545/545
f 529/529/529 530/530/530 555/555/555
f 531/531/531 532/532/532 563/563/563
f 532/532/532 533/533/533 566/566/566
f 530/530/530 531/531/531 558/558/558
f 534/534/534 574/574/574 569/569/569
f 535/535/535 572/572/572 574/574/574
f 571/571/571 534/534/534 569/569/569
f 574/574/574 534/534/534 535/535/535
f 571/571/571 533/533/533 534/534/534
f 579/579/579 572/572/572 535/535/535
f 528/528/528 547/547/547 526/526/526
f 536/536/536 577/577/577 579/579/579
f 537/537/537 580/580/580 582/582/582
f 537/537/537 587/587/587 580/580/580
f 582/582/582 577/577/577 536/536/536
f 538/538/538 590/590/590 585/585/585
f 539/539/539 588/588/588 590/590/590
f 540/540/540 593/593/593 595/595/595
f 540/540/540 598/598/598 593/593/593
f 595/595/595 588/588/588 539/539/539
f 585/585/585 587/587/587 538/538/538
f 537/537/537 538/538/538 587/587/587
f 538/538/538 539/539/539 590/590/590
f 540/540/540 541/541/541 598/598/598
f 598/598/598 541/541/541 596/596/596
f 539/539/539 540/540/540 595/595/595
f 602/602/602 596/596/596 541/541/541
f 542/542/542 600/600/600 602/602/602
f 542/542/542 527/527/527 604/604/604 600/600/600
f 603/603/603 604/604/604 527/527/527
f 602/602/602 541/541/541 542/542/542
f 536/536/536 537/537/537 582/582/582
f 536/536/536 579/579/579 535/535/535
f 618/618/618 805/805/805 808/808/808 807/807/807
f 619/619/619 802/802/802 806/806/806 804/804/804
f 804/804/804 806/806/806 805/805/805 618/618/618
f 620/620/620 799/799/799 803/803/803 801/801/801
f 801/801/801 803/803/803 802/802/802 619/619/619
f 621/621/621 796/796/796 800/800/800 798/798/798
f 798/798/798 800/800/800 799/799/799 620/620/620
f 622/622/622 793/793/793 797/797/797 795/795/795
f 795/795/795 797/797/797 796/796/796 621/621/621
f 623/623/623 790/790/790 794/794/794 792/792/792
f 792/792/792 794/794/794 793/793/793 622/622/622
f 624/624/624 787/787/787 791/791/791 789/789/789
f 789/789/789 791/791/791 790/790/790 623/623/623
f 786/786/786 788/788/788 787/787/787 624/624/624
f 804/804/804 618/618/618 627/627/627
f 628/628/628 619/619/619 804/804/804
f 627/627/627 628/628/628 804/804/804
f 801/801/801 619/619/619 628/628/628
f 629/629/629 620/620/620 801/801/801
f 628/628/628 629/629/629 801/801/801
f 798/798/798 620/620/620 629/629/629
f 630/630/630 621/621/621 798/798/798
f 629/629/629 630/630/630 798/798/798
f 795/795/795 621/621/621 630/630/630
f 631/631/631 622/622/622 795/795/795
f 630/630/630 631/631/631 795/795/795
f 792/792/792 622/622/622 631/631/631
f 632/632/632 623/623/623 792/792/792
f 631/631/631 632/632/632 792/792/792
f 789/789/789 623/623/623 632/632/632
f 633/633/633 624/624/624 789/789/789
f 632/632/632 633/633/633 789/789/789
f 637/637/637 628/628/628 627/627/627 636/636/636
f 638/638/638 629/629/629 628/628/628 637/637/637
f 639/639/639 630/630/630 629/629/629 638/638/638
f 640/640/640 631/631/631 630/630/630 639/639/639
f 641/641/641 632/632/632 631/631/631 640/640/640
f 642/642/642 633/633/633 632/632/632 641/641/641
f 646/646/646 637/637/637 636/636/636 645/645/645
f 647/647/647 638/638/638 637/637/637 646/646/646
f 648/648/648 639/639/639 638/638/638 647/647/647
f 649/649/649 640/640/640 639/639/639 648/648/648
f 650/650/650 641/641/641 640/640/640 649/649/649
f 651/651/651 642/642/642 641/641/641 650/650/650
f 655/655/655 646/646/646 645/645/645 654/654/654
f 656/656/656 647/647/647 646/646/646 655/655/655
f 657/657/657 648/648/648 647/647/647 656/656/656
f 658/658/658 649/649/649 648/648/648 657/657/657
f 659/659/659 650/650/650 649/649/649 658/658/658
f 660/660/660 651/651/651 650/650/650 659/659/659
f 664/664/664 655/655/655 654/654/654 663/663/663
f 665/665/665 656/656/656 655/655/655 664/664/664
f 666/666/666 657/657/657 656/656/656 665/665/665
f 667/667/667 658/658/658 657/657/657 666/666/666
f 668/668/668 659/659/659 658/658/658 667/667/667
f 669/669/669 660/660/660 659/659/659 668/668/668
f 673/673/673 664/664/664 663/663/663 672/672/672
f 674/674/674 665/665/665 664/664/664 673/673/673
f 675/675/675 666/666/666 665/665/665 674/674/674
f 676/676/676 667/667/667 666/666/666 675/675/675
f 677/677/677 668/668/668 667/667/667 676/676/676
f 678/678/678 669/669/669 668/668/668 677/677/677
f 716/716/716 682/682/682 673/673/673
f 672/672/672 681/681/681 716/716/716
f 673/673/673 672/672/672 716/716/716
f 725/725/725 683/683/683 674/674/674
f 673/673/673 682/682/682 725/725/725
f 674/674/674 673/673/673 725/725/725
f 734/734/734 684/684/684 675/675/675
f 674/674/674 683/683/683 734/734/734
f 675/675/675 674/674/674 734/734/734
f 743/743/743 685/685/685 676/676/676
f 675/675/675 684/684/684 743/743/743
f 676/676/676 675/675/675 743/743/743
f 752/752/752 686/686/686 677/677/677
f 676/676/676 685/685/685 752/752/752
f 677/677/677 676/676/676 752/752/752
f 761/761/761 687/687/687 678/678/678
f 677/677/677 686/686/686 761/761/761
f 678/678/678 677/677/677 761/761/761
f 712/712/712 706/706/706 713/713/713 714/714/714
f 714/714/714 713/713/713 708/708/708 709/709/709
f 713/713/713 706/706/706 681/681/681
f 707/707/707 708/708/708 713/713/713
f 681/681/681 707/707/707 713/713/713
f 709/709/709 708/708/708 710/710/710 711/711/711
f 721/721/721 715/715/715 722/722/722 723/723/723
f 723/723/723 722/722/722 717/717/717 718/718/718
f 722/722/722 715/715/715 682/682/682
f 716/716/716 717/717/717 722/722/722
f 682/682/682 716/716/716 722/722/722
f 719/719/719 717/717/717 716/716/716
f 681/681/681 706/706/706 719/719/719
f 716/716/716 681/681/681 719/719/719
f 718/718/718 717/717/717 719/719/719 720/720/720
f 720/720/720 719/719/719 706/706/706 712/712/712
f 730/730/730 724/724/724 731/731/731 732/732/732
f 732/732/732 731/731/731 726/726/726 727/727/727
f 731/731/731 724/724/724 683/683/683
f 725/725/725 726/726/726 731/731/731
f 683/683/683 725/725/725 731/731/731
f 728/728/728 726/726/726 725/725/725
f 682/682/682 715/715/715 728/728/728
f 725/725/725 682/682/682 728/728/728
f 727/727/727 726/726/726 728/728/728 729/729/729
f 729/729/729 728/728/728 715/715/715 721/721/721
f 739/739/739 733/733/733 740/740/740 741/741/741
f 741/741/741 740/740/740 735/735/735 736/736/736
f 740/740/740 733/733/733 684/684/684
f 734/734/734 735/735/735 740/740/740
f 684/684/684 734/734/734 740/740/740
f 737/737/737 735/735/735 734/734/734
f 683/683/683 724/724/724 737/737/737
f 734/734/734 683/683/683 737/737/737
f 736/736/736 735/735/735 737/737/737 738/738/738
f 738/738/738 737/737/737 724/724/724 730/730/730
f 748/748/748 742/742/742 749/749/749 750/750/750
f 750/750/750 749/749/749 744/744/744 745/745/745
f 749/749/749 742/742/742 685/685/685
f 743/743/743 744/744/744 749/749/749
f 685/685/685 743/743/743 749/749/749
f 746/746/746 744/744/744 743/743/743
f 684/684/684 733/733/733 746/746/746
f 743/743/743 684/684/684 746/746/746
f 745/745/745 744/744/744 746/746/746 747/747/747
f 747/747/747 746/746/746 733/733/733 739/739/739
f 757/757/757 751/751/751 758/758/758 759/759/759
f 759/759/759 758/758/758 753/753/753 754/754/754
f 758/758/758 751/751/751 686/686/686
f 752/752/752 753/753/753 758/758/758
f 686/686/686 752/752/752 758/758/758
f 755/755/755 753/753/753 752/752/752
f 685/685/685 742/742/742 755/755/755
f 752/752/752 685/685/685 755/755/755
f 754/754/754 753/753/753 755/755/755 756/756/756
f 756/756/756 755/755/755 742/742/742 748/748/748
f 766/766/766 760/760/760 767/767/767 768/768/768
f 768/768/768 767/767/767 762/762/762 763/763/763
f 767/767/767 760/760/760 687/687/687
f 761/761/761 762/762/762 767/767/767
f 687/687/687 761/761/761 767/767/767
f 764/764/764 762/762/762 761/761/761
f 686/686/686 751/751/751 764/764/764
f 761/761/761 686/686/686 764/764/764
f 763/763/763 762/762/762 764/764/764 765/765/765
f 765/765/765 764/764/764 751/751/751 757/757/757
f 775/775/775 774/774/774 770/770/770 771/771/771
f 772/772/772 770/770/770 769/769/769
f 687/687/687 760/760/760 772/772/772
f 769/769/769 687/687/687 772/772/772
f 771/771/771 770/770/770 772/772/772 773/773/773
f 773/773/773 772/772/772 760/760/760 766/766/766
f 808/808/808 785/785/785 615/615/615
f 784/784/784 785/785/785 805/805/805 806/806/806
f 615/615/615 617/617/617 808/808/808
f 785/785/785 808/808/808 805/805/805
f 806/806/806 802/802/802 783/783/783 784/784/784
f 782/782/782 783/783/783 803/803/803 799/799/799
f 781/781/781 782/782/782 799/799/799 800/800/800
f 783/783/783 802/802/802 803/803/803
f 796/796/796 781/781/781 800/800/800
f 808/808/808 617/617/617 807/807/807
f 626/626/626 627/627/627 807/807/807
f 617/617/617 626/626/626 807/807/807
f 635/635/635 636/636/636 627/627/627 626/626/626
f 644/644/644 645/645/645 636/636/636 635/635/635
f 662/662/662 663/663/663 654/654/654 653/653/653
f 653/653/653 654/654/654 645/645/645 644/644/644
f 671/671/671 672/672/672 663/663/663 662/662/662
f 807/807/807 627/627/627 618/618/618
f 672/672/672 671/671/671 707/707/707
f 779/779/779 780/780/780 797/797/797 793/793/793
f 778/778/778 779/779/779 793/793/793 794/794/794
f 780/780/780 796/796/796 797/797/797
f 796/796/796 780/780/780 781/781/781
f 790/790/790 778/778/778 794/794/794
f 776/776/776 777/777/777 791/791/791 787/787/787
f 788/788/788 616/616/616 776/776/776
f 777/777/777 790/790/790 791/791/791
f 776/776/776 787/787/787 788/788/788
f 790/790/790 777/777/777 778/778/778
f 625/625/625 616/616/616 788/788/788
f 786/786/786 624/624/624 633/633/633
f 642/642/642 643/643/643 634/634/634 633/633/633
f 660/660/660 661/661/661 652/652/652 651/651/651
f 678/678/678 679/679/679 670/670/670 669/669/669
f 669/669/669 670/670/670 661/661/661 660/660/660
f 651/651/651 652/652/652 643/643/643 642/642/642
f 788/788/788 786/786/786 625/625/625
f 634/634/634 625/625/625 786/786/786
f 633/633/633 634/634/634 786/786/786
f 679/679/679 678/678/678 769/769/769
f 707/707/707 680/680/680 710/710/710
f 689/689/689 711/711/711 710/710/710
f 708/708/708 707/707/707 710/710/710
f 671/671/671 680/680/680 707/707/707
f 691/691/691 714/714/714 709/709/709
f 709/709/709 711/711/711 691/691/691
f 689/689/689 710/710/710 680/680/680
f 692/692/692 720/720/720 712/712/712
f 693/693/693 723/723/723 718/718/718
f 694/694/694 729/729/729 721/721/721
f 721/721/721 723/723/723 694/694/694
f 718/718/718 720/720/720 693/693/693
f 712/712/712 714/714/714 692/692/692
f 672/672/672 707/707/707 681/681/681
f 714/714/714 691/691/691 692/692/692
f 689/689/689 691/691/691 711/711/711
f 720/720/720 692/692/692 693/693/693
f 693/693/693 694/694/694 723/723/723
f 729/729/729 695/695/695 727/727/727
f 694/694/694 695/695/695 729/729/729
f 732/732/732 727/727/727 695/695/695
f 696/696/696 730/730/730 732/732/732
f 697/697/697 736/736/736 738/738/738
f 738/738/738 730/730/730 696/696/696
f 736/736/736 697/697/697 741/741/741
f 739/739/739 741/741/741 698/698/698
f 697/697/697 698/698/698 741/741/741
f 696/696/696 697/697/697 738/738/738
f 696/696/696 732/732/732 695/695/695
f 747/747/747 739/739/739 698/698/698
f 699/699/699 745/745/745 747/747/747
f 700/700/700 748/748/748 750/750/750
f 701/701/701 754/754/754 756/756/756
f 756/756/756 748/748/748 700/700/700
f 750/750/750 745/745/745 699/699/699
f 678/678/678 687/687/687 769/769/769
f 774/774/774 688/688/688 769/769/769
f 679/679/679 769/769/769 688/688/688
f 702/702/702 757/757/757 759/759/759
f 769/769/769 770/770/770 774/774/774
f 690/690/690 688/688/688 774/774/774
f 759/759/759 754/754/754 701/701/701
f 703/703/703 763/763/763 765/765/765
f 699/699/699 700/700/700 750/750/750
f 701/701/701 756/756/756 700/700/700
f 701/701/701 702/702/702 759/759/759
f 702/702/702 703/703/703 765/765/765 757/757/757
f 768/768/768 763/763/763 703/703/703
f 704/704/704 766/766/766 768/768/768
f 705/705/705 771/771/771 773/773/773
f 773/773/773 766/766/766 704/704/704
f 771/771/771 705/705/705 775/775/775
f 774/774/774 775/775/775 690/690/690
f 705/705/705 690/690/690 775/775/775
f 704/704/704 705/705/705 773/773/773
f 704/704/704 768/768/768 703/703/703
f 747/747/747 698/698/698 699/699/699
f 833/833/833 828/828/828 834/834/834 835/835/835
f 835/835/835 834/834/834 829/829/829 830/830/830
f 830/830/830 829/829/829 831/831/831 832/832/832
f 841/841/841 836/836/836 842/842/842 843/843/843
f 843/843/843 842/842/842 837/837/837 838/838/838
f 838/838/838 837/837/837 839/839/839 840/840/840
f 840/840/840 839/839/839 828/828/828 833/833/833
f 849/849/849 844/844/844 850/850/850 851/851/851
f 851/851/851 850/850/850 845/845/845 846/846/846
f 846/846/846 845/845/845 847/847/847 848/848/848
f 848/848/848 847/847/847 836/836/836 841/841/841
f 857/857/857 852/852/852 858/858/858 859/859/859
f 859/859/859 858/858/858 853/853/853 854/854/854
f 854/854/854 853/853/853 855/855/855 856/856/856
f 856/856/856 855/855/855 844/844/844 849/849/849
f 865/865/865 860/860/860 866/866/866 867/867/867
f 867/867/867 866/866/866 861/861/861 862/862/862
f 862/862/862 861/861/861 863/863/863 864/864/864
f 864/864/864 863/863/863 852/852/852 857/857/857
f 873/873/873 868/868/868 874/874/874 875/875/875
f 875/875/875 874/874/874 869/869/869 870/870/870
f 870/870/870 869/869/869 871/871/871 872/872/872
f 872/872/872 871/871/871 860/860/860 865/865/865
f 881/881/881 876/876/876 882/882/882 883/883/883
f 883/883/883 882/882/882 877/877/877 878/878/878
f 878/878/878 877/877/877 879/879/879 880/880/880
f 880/880/880 879/879/879 868/868/868 873/873/873
f 889/889/889 888/888/888 884/884/884 885/885/885
f 885/885/885 884/884/884 886/886/886 887/887/887
f 887/887/887 886/886/886 876/876/876 881/881/881
f 899/899/899 809/809/809 831/831/831 829/829/829
f 899/899/899 829/829/829 834/834/834
f 832/832/832 831/831/831 811/811/811
f 828/828/828 899/899/899 834/834/834
f 897/897/897 898/898/898 842/842/842 836/836/836
f 896/896/896 897/897/897 845/845/845 850/850/850
f 895/895/895 896/896/896 844/844/844 855/855/855
f 828/828/828 839/839/839 898/898/898
f 837/837/837 898/898/898 839/839/839
f 828/828/828 898/898/898 899/899/899
f 898/898/898 837/837/837 842/842/842
f 813/813/813 830/830/830 832/832/832
f 897/897/897 847/847/847 845/845/845
f 895/895/895 855/855/855 853/853/853
f 896/896/896 850/850/850 844/844/844
f 897/897/897 836/836/836 847/847/847
f 811/811/811 831/831/831 809/809/809
f 858/858/858 895/895/895 853/853/853
f 894/894/894 895/895/895 858/858/858 852/852/852
f 894/894/894 852/852/852 863/863/863
f 894/894/894 863/863/863 861/861/861
f 866/866/866 894/894/894 861/861/861
f 892/892/892 893/893/893 871/871/871 869/869/869
f 891/891/891 892/892/892 868/868/868 879/879/879
f 810/810/810 890/890/890 884/884/884 888/888/888
f 890/890/890 891/891/891 882/882/882 876/876/876
f 866/866/866 860/860/860 893/893/893
f 866/866/866 893/893/893 894/894/894
f 893/893/893 860/860/860 871/871/871
f 892/892/892 874/874/874 868/868/868
f 892/892/892 869/869/869 874/874/874
f 891/891/891 877/877/877 882/882/882
f 890/890/890 886/886/886 884/884/884
f 890/890/890 876/876/876 886/886/886
f 891/891/891 879/879/879 877/877/877
f 812/812/812 810/810/810 888/888/888
f 814/814/814 833/833/833 835/835/835
f 815/815/815 838/838/838 840/840/840
f 815/815/815 843/843/843 838/838/838
f 840/840/840 833/833/833 814/814/814
f 816/816/816 848/848/848 841/841/841
f 817/817/817 846/846/846 848/848/848
f 818/818/818 849/849/849 851/851/851
f 818/818/818 856/856/856 849/849/849
f 851/851/851 846/846/846 817/817/817
f 841/841/841 843/843/843 816/816/816
f 813/813/813 814/814/814 835/835/835 830/830/830
f 814/814/814 815/815/815 840/840/840
f 816/816/816 817/817/817 848/848/848
f 817/817/817 818/818/818 851/851/851
f 815/815/815 816/816/816 843/843/843
f 819/819/819 859/859/859 854/854/854
f 820/820/820 857/857/857 859/859/859
f 856/856/856 819/819/819 854/854/854
f 859/859/859 819/819/819 820/820/820
f 856/856/856 818/818/818 819/819/819
f 864/864/864 857/857/857 820/820/820
f 813/813/813 832/832/832 811/811/811
f 821/821/821 862/862/862 864/864/864
f 822/822/822 865/865/865 867/867/867
f 822/822/822 872/872/872 865/865/865
f 867/867/867 862/862/862 821/821/821
f 823/823/823 875/875/875 870/870/870
f 824/824/824 873/873/873 875/875/875
f 825/825/825 878/878/878 880/880/880
f 825/825/825 883/883/883 878/878/878
f 880/880/880 873/873/873 824/824/824
f 870/870/870 872/872/872 823/823/823
f 822/822/822 823/823/823 872/872/872
f 823/823/823 824/824/824 875/875/875
f 825/825/825 826/826/826 883/883/883
f 883/883/883 826/826/826 881/881/881
f 824/824/824 825/825/825 880/880/880
f 887/887/887 881/881/881 826/826/826
f 827/827/827 885/885/885 887/887/887
f 827/827/827 812/812/812 889/889/889 885/885/885
f 888/888/888 889/889/889 812/812/812
f 887/887/887 826/826/826 827/827/827
f 821/821/821 822/822/822 867/867/867
f 821/821/821 864/864/864 820/820/820
f 1029/1029/1029 1027/1027/1027 1028/1028/1028
f 903/903/903 1029/1029/1029 1019/1019/1019
f 1027/1027/1027 1029/1029/1029 903/903/903
f 1019/1019/1019 1029/1029/1029 1031/1031/1031 1025/1025/1025
f 1029/1029/1029 1028/1028/1028 1030/1030/1030 1031/1031/1031
f 1028/1028/1028 1032/1032/1032 1033/1033/1033 1030/1030/1030
f 1021/1021/1021 1018/1018/1018 1020/1020/1020
f 904/904/904 1021/1021/1021 1010/1010/1010
f 1018/1018/1018 1021/1021/1021 904/904/904
f 1010/1010/1010 1021/1021/1021 1023/1023/1023 1016/1016/1016
f 1021/1021/1021 1020/1020/1020 1022/1022/1022 1023/1023/1023
f 1020/1020/1020 1024/1024/1024 1026/1026/1026 1022/1022/1022
f 1024/1024/1024 1019/1019/1019 1025/1025/1025 1026/1026/1026
f 1024/1024/1024 903/903/903 1019/1019/1019
f 1018/1018/1018 1024/1024/1024 1020/1020/1020
f 903/903/903 1024/1024/1024 1018/1018/1018
f 1012/1012/1012 1009/1009/1009 1011/1011/1011
f 905/905/905 1012/1012/1012 1001/1001/1001
f 1009/1009/1009 1012/1012/1012 905/905/905
f 1001/1001/1001 1012/1012/1012 1014/1014/1014 1007/1007/1007
f 1012/1012/1012 1011/1011/1011 1013/1013/1013 1014/1014/1014
f 1011/1011/1011 1015/1015/1015 1017/1017/1017 1013/1013/1013
f 1015/1015/1015 1010/1010/1010 1016/1016/1016 1017/1017/1017
f 1015/1015/1015 904/904/904 1010/1010/1010
f 1009/1009/1009 1015/1015/1015 1011/1011/1011
f 904/904/904 1015/1015/1015 1009/1009/1009
f 1003/1003/1003 1000/1000/1000 1002/1002/1002
f 906/906/906 1003/1003/1003 992/992/992
f 1000/1000/1000 1003/1003/1003 906/906/906
f 992/992/992 1003/1003/1003 1005/1005/1005 998/998/998
f 1003/1003/1003 1002/1002/1002 1004/1004/1004 1005/1005/1005
f 1002/1002/1002 1006/1006/1006 1008/1008/1008 1004/1004/1004
f 1006/1006/1006 1001/1001/1001 1007/1007/1007 1008/1008/1008
f 1006/1006/1006 905/905/905 1001/1001/1001
f 1000/1000/1000 1006/1006/1006 1002/1002/1002
f 905/905/905 1006/1006/1006 1000/1000/1000
f 994/994/994 991/991/991 993/993/993
f 907/907/907 994/994/994 983/983/983
f 991/991/991 994/994/994 907/907/907
f 983/983/983 994/994/994 996/996/996 989/989/989
f 994/994/994 993/993/993 995/995/995 996/996/996
f 993/993/993 997/997/997 999/999/999 995/995/995
f 997/997/997 992/992/992 998/998/998 999/999/999
f 997/997/997 906/906/906 992/992/992
f 991/991/991 997/997/997 993/993/993
f 906/906/906 997/997/997 991/991/991
f 985/985/985 982/982/982 984/984/984
f 908/908/908 985/985/985 974/974/974
f 982/982/982 985/985/985 908/908/908
f 974/974/974 985/985/985 987/987/987 980/980/980
f 985/985/985 984/984/984 986/986/986 987/987/987
f 984/984/984 988/988/988 990/990/990 986/986/986
f 988/988/988 983/983/983 989/989/989 990/990/990
f 988/988/988 907/907/907 983/983/983
f 982/982/982 988/988/988 984/984/984
f 907/907/907 988/988/988 982/982/982
f 976/976/976 973/973/973 975/975/975
f 909/909/909 976/976/976 965/965/965
f 973/973/973 976/976/976 909/909/909
f 965/965/965 976/976/976 978/978/978 971/971/971
f 976/976/976 975/975/975 977/977/977 978/978/978
f 975/975/975 979/979/979 981/981/981 977/977/977
f 979/979/979 974/974/974 980/980/980 981/981/981
f 979/979/979 908/908/908 974/974/974
f 973/973/973 979/979/979 975/975/975
f 908/908/908 979/979/979 973/973/973
f 967/967/967 966/966/966 968/968/968 969/969/969
f 966/966/966 970/970/970 972/972/972 968/968/968
f 970/970/970 965/965/965 971/971/971 972/972/972
f 970/970/970 909/909/909 965/965/965
f 964/964/964 970/970/970 966/966/966
f 909/909/909 970/970/970 964/964/964
f 1018/1018/1018 912/912/912 903/903/903
f 913/913/913 1018/1018/1018 904/904/904
f 912/912/912 1018/1018/1018 913/913/913
f 1009/1009/1009 913/913/913 904/904/904
f 914/914/914 1009/1009/1009 905/905/905
f 913/913/913 1009/1009/1009 914/914/914
f 1000/1000/1000 914/914/914 905/905/905
f 915/915/915 1000/1000/1000 906/906/906
f 914/914/914 1000/1000/1000 915/915/915
f 991/991/991 915/915/915 906/906/906
f 916/916/916 991/991/991 907/907/907
f 915/915/915 991/991/991 916/916/916
f 982/982/982 916/916/916 907/907/907
f 917/917/917 982/982/982 908/908/908
f 916/916/916 982/982/982 917/917/917
f 973/973/973 917/917/917 908/908/908
f 918/918/918 973/973/973 909/909/909
f 917/917/917 973/973/973 918/918/918
f 922/922/922 921/921/921 912/912/912 913/913/913
f 923/923/923 922/922/922 913/913/913 914/914/914
f 924/924/924 923/923/923 914/914/914 915/915/915
f 925/925/925 924/924/924 915/915/915 916/916/916
f 926/926/926 925/925/925 916/916/916 917/917/917
f 927/927/927 926/926/926 917/917/917 918/918/918
f 931/931/931 930/930/930 921/921/921 922/922/922
f 932/932/932 931/931/931 922/922/922 923/923/923
f 933/933/933 932/932/932 923/923/923 924/924/924
f 934/934/934 933/933/933 924/924/924 925/925/925
f 935/935/935 934/934/934 925/925/925 926/926/926
f 936/936/936 935/935/935 926/926/926 927/927/927
f 1059/1059/1059 931/931/931 940/940/940
f 930/930/930 1059/1059/1059 939/939/939
f 931/931/931 1059/1059/1059 930/930/930
f 1068/1068/1068 932/932/932 941/941/941
f 931/931/931 1068/1068/1068 940/940/940
f 932/932/932 1068/1068/1068 931/931/931
f 1077/1077/1077 933/933/933 942/942/942
f 932/932/932 1077/1077/1077 941/941/941
f 933/933/933 1077/1077/1077 932/932/932
f 1086/1086/1086 934/934/934 943/943/943
f 933/933/933 1086/1086/1086 942/942/942
f 934/934/934 1086/1086/1086 933/933/933
f 1095/1095/1095 935/935/935 944/944/944
f 934/934/934 1095/1095/1095 943/943/943
f 935/935/935 1095/1095/1095 934/934/934
f 1104/1104/1104 936/936/936 945/945/945
f 935/935/935 1104/1104/1104 944/944/944
f 936/936/936 1104/1104/1104 935/935/935
f 1055/1055/1055 1057/1057/1057 1056/1056/1056 1049/1049/1049
f 1057/1057/1057 1052/1052/1052 1051/1051/1051 1056/1056/1056
f 1056/1056/1056 939/939/939 1049/1049/1049
f 1050/1050/1050 1056/1056/1056 1051/1051/1051
f 939/939/939 1056/1056/1056 1050/1050/1050
f 1052/1052/1052 1054/1054/1054 1053/1053/1053 1051/1051/1051
f 1064/1064/1064 1066/1066/1066 1065/1065/1065 1058/1058/1058
f 1066/1066/1066 1061/1061/1061 1060/1060/1060 1065/1065/1065
f 1065/1065/1065 940/940/940 1058/1058/1058
f 1059/1059/1059 1065/1065/1065 1060/1060/1060
f 940/940/940 1065/1065/1065 1059/1059/1059
f 1062/1062/1062 1059/1059/1059 1060/1060/1060
f 939/939/939 1062/1062/1062 1049/1049/1049
f 1059/1059/1059 1062/1062/1062 939/939/939
f 1061/1061/1061 1063/1063/1063 1062/1062/1062 1060/1060/1060
f 1063/1063/1063 1055/1055/1055 1049/1049/1049 1062/1062/1062
f 1073/1073/1073 1075/1075/1075 1074/1074/1074 1067/1067/1067
f 1075/1075/1075 1070/1070/1070 1069/1069/1069 1074/1074/1074
f 1074/1074/1074 941/941/941 1067/1067/1067
f 1068/1068/1068 1074/1074/1074 1069/1069/1069
f 941/941/941 1074/1074/1074 1068/1068/1068
f 1071/1071/1071 1068/1068/1068 1069/1069/1069
f 940/940/940 1071/1071/1071 1058/1058/1058
f 1068/1068/1068 1071/1071/1071 940/940/940
f 1070/1070/1070 1072/1072/1072 1071/1071/1071 1069/1069/1069
f 1072/1072/1072 1064/1064/1064 1058/1058/1058 1071/1071/1071
f 1082/1082/1082 1084/1084/1084 1083/1083/1083 1076/1076/1076
f 1084/1084/1084 1079/1079/1079 1078/1078/1078 1083/1083/1083
f 1083/1083/1083 942/942/942 1076/1076/1076
f 1077/1077/1077 1083/1083/1083 1078/1078/1078
f 942/942/942 1083/1083/1083 1077/1077/1077
f 1080/1080/1080 1077/1077/1077 1078/1078/1078
f 941/941/941 1080/1080/1080 1067/1067/1067
f 1077/1077/1077 1080/1080/1080 941/941/941
f 1079/1079/1079 1081/1081/1081 1080/1080/1080 1078/1078/1078
f 1081/1081/1081 1073/1073/1073 1067/1067/1067 1080/1080/1080
f 1091/1091/1091 1093/1093/1093 1092/1092/1092 1085/1085/1085
f 1093/1093/1093 1088/1088/1088 1087/1087/1087 1092/1092/1092
f 1092/1092/1092 943/943/943 1085/1085/1085
f 1086/1086/1086 1092/1092/1092 1087/1087/1087
f 943/943/943 1092/1092/1092 1086/1086/1086
f 1089/1089/1089 1086/1086/1086 1087/1087/1087
f 942/942/942 1089/1089/1089 1076/1076/1076
f 1086/1086/1086 1089/1089/1089 942/942/942
f 1088/1088/1088 1090/1090/1090 1089/1089/1089 1087/1087/1087
f 1090/1090/1090 1082/1082/1082 1076/1076/1076 1089/1089/1089
f 1100/1100/1100 1102/1102/1102 1101/1101/1101 1094/1094/1094
f 1102/1102/1102 1097/1097/1097 1096/1096/1096 1101/1101/1101
f 1101/1101/1101 944/944/944 1094/1094/1094
f 1095/1095/1095 1101/1101/1101 1096/1096/1096
f 944/944/944 1101/1101/1101 1095/1095/1095
f 1098/1098/1098 1095/1095/1095 1096/1096/1096
f 943/943/943 1098/1098/1098 1085/1085/1085
f 1095/1095/1095 1098/1098/1098 943/943/943
f 1097/1097/1097 1099/1099/1099 1098/1098/1098 1096/1096/1096
f 1099/1099/1099 1091/1091/1091 1085/1085/1085 1098/1098/1098
f 1109/1109/1109 1111/1111/1111 1110/1110/1110 1103/1103/1103
f 1111/1111/1111 1106/1106/1106 1105/1105/1105 1110/1110/1110
f 1110/1110/1110 945/945/945 1103/1103/1103
f 1104/1104/1104 1110/1110/1110 1105/1105/1105
f 945/945/945 1110/1110/1110 1104/1104/1104
f 1107/1107/1107 1104/1104/1104 1105/1105/1105
f 944/944/944 1107/1107/1107 1094/1094/1094
f 1104/1104/1104 1107/1107/1107 944/944/944
f 1106/1106/1106 1108/1108/1108 1107/1107/1107 1105/1105/1105
f 1108/1108/1108 1100/1100/1100 1094/1094/1094 1107/1107/1107
f 1118/1118/1118 1114/1114/1114 1113/1113/1113 1117/1117/1117
f 1115/1115/1115 1112/1112/1112 1113/1113/1113
f 945/945/945 1115/1115/1115 1103/1103/1103
f 1112/1112/1112 1115/1115/1115 945/945/945
f 1114/1114/1114 1116/1116/1116 1115/1115/1115 1113/1113/1113
f 1116/1116/1116 1109/1109/1109 1103/1103/1103 1115/1115/1115
f 963/963/963 1033/1033/1033 900/900/900
f 1032/1032/1032 900/900/900 1033/1033/1033
f 962/962/962 1031/1031/1031 1030/1030/1030 963/963/963
f 1030/1030/1030 1033/1033/1033 963/963/963
f 962/962/962 1026/1026/1026 1025/1025/1025
f 962/962/962 1025/1025/1025 1031/1031/1031
f 961/961/961 1026/1026/1026 962/962/962
f 960/960/960 1023/1023/1023 1022/1022/1022 961/961/961
f 958/958/958 1014/1014/1014 1013/1013/1013 959/959/959
f 959/959/959 1017/1017/1017 1016/1016/1016 960/960/960
f 1023/1023/1023 960/960/960 1016/1016/1016
f 957/957/957 1008/1008/1008 1007/1007/1007 958/958/958
f 1022/1022/1022 1026/1026/1026 961/961/961
f 1027/1027/1027 902/902/902 1032/1032/1032
f 900/900/900 1032/1032/1032 902/902/902
f 1032/1032/1032 1028/1028/1028 1027/1027/1027
f 1027/1027/1027 911/911/911 902/902/902
f 912/912/912 921/921/921 920/920/920 911/911/911
f 912/912/912 1027/1027/1027 903/903/903
f 911/911/911 1027/1027/1027 912/912/912
f 959/959/959 1013/1013/1013 1017/1017/1017
f 958/958/958 1007/1007/1007 1014/1014/1014
f 957/957/957 1005/1005/1005 1004/1004/1004
f 957/957/957 1004/1004/1004 1008/1008/1008
f 921/921/921 930/930/930 929/929/929 920/920/920
f 956/956/956 1005/1005/1005 957/957/957
f 955/955/955 999/999/999 998/998/998 956/956/956
f 1005/1005/1005 956/956/956 998/998/998
f 954/954/954 996/996/996 995/995/995 955/955/955
f 955/955/955 995/995/995 999/999/999
f 954/954/954 989/989/989 996/996/996
f 990/990/990 989/989/989 954/954/954
f 952/952/952 987/987/987 986/986/986 953/953/953
f 950/950/950 978/978/978 977/977/977 951/951/951
f 951/951/951 981/981/981 980/980/980 952/952/952
f 949/949/949 972/972/972 971/971/971 950/950/950
f 901/901/901 969/969/969 968/968/968 949/949/949
f 990/990/990 953/953/953 986/986/986
f 990/990/990 954/954/954 953/953/953
f 952/952/952 980/980/980 987/987/987
f 951/951/951 977/977/977 981/981/981
f 950/950/950 971/971/971 978/978/978
f 964/964/964 918/918/918 909/909/909
f 949/949/949 968/968/968 972/972/972
f 910/910/910 964/964/964 967/967/967
f 966/966/966 967/967/967 964/964/964
f 964/964/964 910/910/910 919/919/919
f 919/919/919 918/918/918 964/964/964
f 967/967/967 901/901/901 910/910/910
f 969/969/969 901/901/901 967/967/967
f 919/919/919 928/928/928 927/927/927 918/918/918
f 1050/1050/1050 938/938/938 929/929/929
f 1051/1051/1051 1053/1053/1053 1050/1050/1050
f 938/938/938 1050/1050/1050 1053/1053/1053
f 1054/1054/1054 947/947/947 1053/1053/1053
f 930/930/930 1050/1050/1050 929/929/929
f 1034/1034/1034 1052/1052/1052 1057/1057/1057
f 1052/1052/1052 1034/1034/1034 1054/1054/1054
f 947/947/947 938/938/938 1053/1053/1053
f 1050/1050/1050 930/930/930 939/939/939
f 1035/1035/1035 1055/1055/1055 1063/1063/1063
f 1036/1036/1036 1061/1061/1061 1066/1066/1066
f 1037/1037/1037 1064/1064/1064 1072/1072/1072
f 1064/1064/1064 1037/1037/1037 1066/1066/1066
f 1061/1061/1061 1036/1036/1036 1063/1063/1063
f 1055/1055/1055 1035/1035/1035 1057/1057/1057
f 1034/1034/1034 1057/1057/1057 1035/1035/1035
f 1070/1070/1070 1075/1075/1075 1038/1038/1038
f 1063/1063/1063 1036/1036/1036 1035/1035/1035
f 947/947/947 1054/1054/1054 1034/1034/1034
f 1036/1036/1036 1066/1066/1066 1037/1037/1037
f 1072/1072/1072 1070/1070/1070 1038/1038/1038
f 1037/1037/1037 1072/1072/1072 1038/1038/1038
f 1039/1039/1039 1038/1038/1038 1075/1075/1075
f 1039/1039/1039 1073/1073/1073 1081/1081/1081
f 1040/1040/1040 1079/1079/1079 1084/1084/1084
f 1079/1079/1079 1040/1040/1040 1081/1081/1081
f 1040/1040/1040 1084/1084/1084 1041/1041/1041
f 1090/1090/1090 1041/1041/1041 1082/1082/1082
f 1041/1041/1041 1084/1084/1084 1082/1082/1082
f 1039/1039/1039 1081/1081/1081 1040/1040/1040
f 1039/1039/1039 1075/1075/1075 1073/1073/1073
f 1042/1042/1042 1090/1090/1090 1088/1088/1088
f 1093/1093/1093 1042/1042/1042 1088/1088/1088
f 1043/1043/1043 1091/1091/1091 1099/1099/1099
f 1044/1044/1044 1097/1097/1097 1102/1102/1102
f 1097/1097/1097 1044/1044/1044 1099/1099/1099
f 1091/1091/1091 1043/1043/1043 1093/1093/1093
f 1112/1112/1112 936/936/936 937/937/937
f 936/936/936 927/927/927 928/928/928 937/937/937
f 1112/1112/1112 945/945/945 936/936/936
f 1117/1117/1117 1113/1113/1113 1112/1112/1112
f 948/948/948 1117/1117/1117 946/946/946
f 1112/1112/1112 946/946/946 1117/1117/1117
f 937/937/937 946/946/946 1112/1112/1112
f 1045/1045/1045 1100/1100/1100 1108/1108/1108
f 1042/1042/1042 1093/1093/1093 1043/1043/1043
f 1108/1108/1108 1106/1106/1106 1046/1046/1046
f 1044/1044/1044 1043/1043/1043 1099/1099/1099
f 1044/1044/1044 1102/1102/1102 1045/1045/1045
f 1108/1108/1108 1046/1046/1046 1045/1045/1045
f 1102/1102/1102 1100/1100/1100 1045/1045/1045
f 1111/1111/1111 1046/1046/1046 1106/1106/1106
f 1047/1047/1047 1111/1111/1111 1109/1109/1109
f 1048/1048/1048 1116/1116/1116 1114/1114/1114
f 1116/1116/1116 1047/1047/1047 1109/1109/1109
f 1114/1114/1114 1118/1118/1118 1048/1048/1048
f 1117/1117/1117 948/948/948 1118/1118/1118
f 1048/1048/1048 1118/1118/1118 948/948/948
f 1047/1047/1047 1116/1116/1116 1048/1048/1048
f 1047/1047/1047 1046/1046/1046 1111/1111/1111
f 1042/1042/1042 1041/1041/1041 1090/1090/1090
f 1122/1122/1122 1197/1197/1197 1199/1199/1199 1148/1148/1148
f 1123/1123/1123 1195/1195/1195 1198/1198/1198 1151/1151/1151
f 1151/1151/1151 1198/1198/1198 1197/1197/1197 1122/1122/1122
f 1124/1124/1124 1193/1193/1193 1196/1196/1196 1154/1154/1154
f 1154/1154/1154 1196/1196/1196 1195/1195/1195 1123/1123/1123
f 1125/1125/1125 1191/1191/1191 1194/1194/1194 1157/1157/1157
f 1157/1157/1157 1194/1194/1194 1193/1193/1193 1124/1124/1124
f 1126/1126/1126 1189/1189/1189 1192/1192/1192 1160/1160/1160
f 1160/1160/1160 1192/1192/1192 1191/1191/1191 1125/1125/1125
f 1127/1127/1127 1187/1187/1187 1190/1190/1190 1163/1163/1163
f 1163/1163/1163 1190/1190/1190 1189/1189/1189 1126/1126/1126
f 1128/1128/1128 1185/1185/1185 1188/1188/1188 1166/1166/1166
f 1166/1166/1166 1188/1188/1188 1187/1187/1187 1127/1127/1127
f 1168/1168/1168 1186/1186/1186 1185/1185/1185 1128/1128/1128
f 1147/1147/1147 1122/1122/1122 1148/1148/1148 1149/1149/1149
f 1150/1150/1150 1123/1123/1123 1151/1151/1151 1152/1152/1152
f 1152/1152/1152 1151/1151/1151 1122/1122/1122 1147/1147/1147
f 1153/1153/1153 1124/1124/1124 1154/1154/1154 1155/1155/1155
f 1155/1155/1155 1154/1154/1154 1123/1123/1123 1150/1150/1150
f 1156/1156/1156 1125/1125/1125 1157/1157/1157 1158/1158/1158
f 1158/1158/1158 1157/1157/1157 1124/1124/1124 1153/1153/1153
f 1159/1159/1159 1126/1126/1126 1160/1160/1160 1161/1161/1161
f 1161/1161/1161 1160/1160/1160 1125/1125/1125 1156/1156/1156
f 1162/1162/1162 1127/1127/1127 1163/1163/1163 1164/1164/1164
f 1164/1164/1164 1163/1163/1163 1126/1126/1126 1159/1159/1159
f 1165/1165/1165 1128/1128/1128 1166/1166/1166 1167/1167/1167
f 1167/1167/1167 1166/1166/1166 1127/1127/1127 1162/1162/1162
f 1169/1169/1169 1168/1168/1168 1128/1128/1128 1165/1165/1165
f 1199/1199/1199 1184/1184/1184 1119/1119/1119
f 1182/1182/1182 1183/1183/1183 1197/1197/1197 1198/1198/1198
f 1183/1183/1183 1184/1184/1184 1199/1199/1199 1197/1197/1197
f 1180/1180/1180 1181/1181/1181 1195/1195/1195 1196/1196/1196
f 1178/1178/1178 1179/1179/1179 1193/1193/1193 1194/1194/1194
f 1179/1179/1179 1180/1180/1180 1196/1196/1196 1193/1193/1193
f 1181/1181/1181 1182/1182/1182 1198/1198/1198 1195/1195/1195
f 1199/1199/1199 1121/1121/1121 1148/1148/1148
f 1149/1149/1149 1148/1148/1148 1121/1121/1121
f 1121/1121/1121 1199/1199/1199 1119/1119/1119
f 1177/1177/1177 1178/1178/1178 1194/1194/1194 1191/1191/1191
f 1176/1176/1176 1177/1177/1177 1191/1191/1191 1192/1192/1192
f 1174/1174/1174 1175/1175/1175 1189/1189/1189 1190/1190/1190
f 1175/1175/1175 1176/1176/1176 1192/1192/1192 1189/1189/1189
f 1172/1172/1172 1173/1173/1173 1187/1187/1187 1188/1188/1188
f 1170/1170/1170 1171/1171/1171 1185/1185/1185 1186/1186/1186
f 1171/1171/1171 1172/1172/1172 1188/1188/1188 1185/1185/1185
f 1173/1173/1173 1174/1174/1174 1190/1190/1190 1187/1187/1187
f 1170/1170/1170 1186/1186/1186 1120/1120/1120
f 1129/1129/1129 1120/1120/1120 1186/1186/1186
f 1147/1147/1147 1149/1149/1149 1132/1132/1132 1133/1133/1133
f 1150/1150/1150 1152/1152/1152 1134/1134/1134 1135/1135/1135
f 1152/1152/1152 1147/1147/1147 1133/1133/1133 1134/1134/1134
f 1153/1153/1153 1155/1155/1155 1136/1136/1136 1137/1137/1137
f 1156/1156/1156 1158/1158/1158 1138/1138/1138 1139/1139/1139
f 1158/1158/1158 1153/1153/1153 1137/1137/1137 1138/1138/1138
f 1155/1155/1155 1150/1150/1150 1135/1135/1135 1136/1136/1136
f 1149/1149/1149 1130/1130/1130 1132/1132/1132
f 1130/1130/1130 1149/1149/1149 1121/1121/1121
f 1139/1139/1139 1140/1140/1140 1161/1161/1161 1156/1156/1156
f 1159/1159/1159 1161/1161/1161 1140/1140/1140 1141/1141/1141
f 1162/1162/1162 1164/1164/1164 1142/1142/1142 1143/1143/1143
f 1164/1164/1164 1159/1159/1159 1141/1141/1141 1142/1142/1142
f 1186/1186/1186 1168/1168/1168 1129/1129/1129
f 1168/1168/1168 1169/1169/1169 1129/1129/1129
f 1165/1165/1165 1167/1167/1167 1144/1144/1144 1145/1145/1145
f 1167/1167/1167 1162/1162/1162 1143/1143/1143 1144/1144/1144
f 1145/1145/1145 1146/1146/1146 1169/1169/1169 1165/1165/1165
f 1169/1169/1169 1146/1146/1146 1131/1131/1131
f 1129/1129/1129 1169/1169/1169 1131/1131/1131
f 1329/1329/1329 1328/1328/1328 1327/1327/1327
f 1203/1203/1203 1319/1319/1319 1329/1329/1329
f 1327/1327/1327 1203/1203/1203 1329/1329/1329
f 1319/1319/1319 1325/1325/1325 1331/1331/1331 1329/1329/1329
f 1329/1329/1329 1331/1331/1331 1330/1330/1330 1328/1328/1328
f 1328/1328/1328 1330/1330/1330 1333/1333/1333 1332/1332/1332
f 1321/1321/1321 1320/1320/1320 1318/1318/1318
f 1204/1204/1204 1310/1310/1310 1321/1321/1321
f 1318/1318/1318 1204/1204/1204 1321/1321/1321
f 1310/1310/1310 1316/1316/1316 1323/1323/1323 1321/1321/1321
f 1321/1321/1321 1323/1323/1323 1322/1322/1322 1320/1320/1320
f 1320/1320/1320 1322/1322/1322 1326/1326/1326 1324/1324/1324
f 1324/1324/1324 1326/1326/1326 1325/1325/1325 1319/1319/1319
f 1324/1324/1324 1319/1319/1319 1203/1203/1203
f 1318/1318/1318 1320/1320/1320 1324/1324/1324
f 1203/1203/1203 1318/1318/1318 1324/1324/1324
f 1312/1312/1312 1311/1311/1311 1309/1309/1309
f 1205/1205/1205 1301/1301/1301 1312/1312/1312
f 1309/1309/1309 1205/1205/1205 1312/1312/1312
f 1301/1301/1301 1307/1307/1307 1314/1314/1314 1312/1312/1312
f 1312/1312/1312 1314/1314/1314 1313/1313/1313 1311/1311/1311
f 1311/1311/1311 1313/1313/1313 1317/1317/1317 1315/1315/1315
f 1315/1315/1315 1317/1317/1317 1316/1316/1316 1310/1310/1310
f 1315/1315/1315 1310/1310/1310 1204/1204/1204
f 1309/1309/1309 1311/1311/1311 1315/1315/1315
f 1204/1204/1204 1309/1309/1309 1315/1315/1315
f 1303/1303/1303 1302/1302/1302 1300/1300/1300
f 1206/1206/1206 1292/1292/1292 1303/1303/1303
f 1300/1300/1300 1206/1206/1206 1303/1303/1303
f 1292/1292/1292 1298/1298/1298 1305/1305/1305 1303/1303/1303
f 1303/1303/1303 1305/1305/1305 1304/1304/1304 1302/1302/1302
f 1302/1302/1302 1304/1304/1304 1308/1308/1308 1306/1306/1306
f 1306/1306/1306 1308/1308/1308 1307/1307/1307 1301/1301/1301
f 1306/1306/1306 1301/1301/1301 1205/1205/1205
f 1300/1300/1300 1302/1302/1302 1306/1306/1306
f 1205/1205/1205 1300/1300/1300 1306/1306/1306
f 1294/1294/1294 1293/1293/1293 1291/1291/1291
f 1207/1207/1207 1283/1283/1283 1294/1294/1294
f 1291/1291/1291 1207/1207/1207 1294/1294/1294
f 1283/1283/1283 1289/1289/1289 1296/1296/1296 1294/1294/1294
f 1294/1294/1294 1296/1296/1296 1295/1295/1295 1293/1293/1293
f 1293/1293/1293 1295/1295/1295 1299/1299/1299 1297/1297/1297
f 1297/1297/1297 1299/1299/1299 1298/1298/1298 1292/1292/1292
f 1297/1297/1297 1292/1292/1292 1206/1206/1206
f 1291/1291/1291 1293/1293/1293 1297/1297/1297
f 1206/1206/1206 1291/1291/1291 1297/1297/1297
f 1285/1285/1285 1284/1284/1284 1282/1282/1282
f 1208/1208/1208 1274/1274/1274 1285/1285/1285
f 1282/1282/1282 1208/1208/1208 1285/1285/1285
f 1274/1274/1274 1280/1280/1280 1287/1287/1287 1285/1285/1285
f 1285/1285/1285 1287/1287/1287 1286/1286/1286 1284/1284/1284
f 1284/1284/1284 1286/1286/1286 1290/1290/1290 1288/1288/1288
f 1288/1288/1288 1290/1290/1290 1289/1289/1289 1283/1283/1283
f 1288/1288/1288 1283/1283/1283 1207/1207/1207
f 1282/1282/1282 1284/1284/1284 1288/1288/1288
f 1207/1207/1207 1282/1282/1282 1288/1288/1288
f 1276/1276/1276 1275/1275/1275 1273/1273/1273
f 1209/1209/1209 1265/1265/1265 1276/1276/1276
f 1273/1273/1273 1209/1209/1209 1276/1276/1276
f 1265/1265/1265 1271/1271/1271 1278/1278/1278 1276/1276/1276
f 1276/1276/1276 1278/1278/1278 1277/1277/1277 1275/1275/1275
f 1275/1275/1275 1277/1277/1277 1281/1281/1281 1279/1279/1279
f 1279/1279/1279 1281/1281/1281 1280/1280/1280 1274/1274/1274
f 1279/1279/1279 1274/1274/1274 1208/1208/1208
f 1273/1273/1273 1275/1275/1275 1279/1279/1279
f 1208/1208/1208 1273/1273/1273 1279/1279/1279
f 1267/1267/1267 1269/1269/1269 1268/1268/1268 1266/1266/1266
f 1266/1266/1266 1268/1268/1268 1272/1272/1272 1270/1270/1270
f 1270/1270/1270 1272/1272/1272 1271/1271/1271 1265/1265/1265
f 1270/1270/1270 1265/1265/1265 1209/1209/1209
f 1264/1264/1264 1266/1266/1266 1270/1270/1270
f 1209/1209/1209 1264/1264/1264 1270/1270/1270
f 1318/1318/1318 1203/1203/1203 1212/1212/1212
f 1213/1213/1213 1204/1204/1204 1318/1318/1318
f 1212/1212/1212 1213/1213/1213 1318/1318/1318
f 1309/1309/1309 1204/1204/1204 1213/1213/1213
f 1214/1214/1214 1205/1205/1205 1309/1309/1309
f 1213/1213/1213 1214/1214/1214 1309/1309/1309
f 1300/1300/1300 1205/1205/1205 1214/1214/1214
f 1215/1215/1215 1206/1206/1206 1300/1300/1300
f 1214/1214/1214 1215/1215/1215 1300/1300/1300
f 1291/1291/1291 1206/1206/1206 1215/1215/1215
f 1216/1216/1216 1207/1207/1207 1291/1291/1291
f 1215/1215/1215 1216/1216/1216 1291/1291/1291
f 1282/1282/1282 1207/1207/1207 1216/1216/1216
f 1217/1217/1217 1208/1208/1208 1282/1282/1282
f 1216/1216/1216 1217/1217/1217 1282/1282/1282
f 1273/1273/1273 1208/1208/1208 1217/1217/1217
f 1218/1218/1218 1209/1209/1209 1273/1273/1273
f 1217/1217/1217 1218/1218/1218 1273/1273/1273
f 1222/1222/1222 1213/1213/1213 1212/1212/1212 1221/1221/1221
f 1223/1223/1223 1214/1214/1214 1213/1213/1213 1222/1222/1222
f 1224/1224/1224 1215/1215/1215 1214/1214/1214 1223/1223/1223
f 1225/1225/1225 1216/1216/1216 1215/1215/1215 1224/1224/1224
f 1226/1226/1226 1217/1217/1217 1216/1216/1216 1225/1225/1225
f 1227/1227/1227 1218/1218/1218 1217/1217/1217 1226/1226/1226
f 1231/1231/1231 1222/1222/1222 1221/1221/1221 1230/1230/1230
f 1232/1232/1232 1223/1223/1223 1222/1222/1222 1231/1231/1231
f 1233/1233/1233 1224/1224/1224 1223/1223/1223 1232/1232/1232
f 1234/1234/1234 1225/1225/1225 1224/1224/1224 1233/1233/1233
f 1235/1235/1235 1226/1226/1226 1225/1225/1225 1234/1234/1234
f 1236/1236/1236 1227/1227/1227 1226/1226/1226 1235/1235/1235
f 1359/1359/1359 1240/1240/1240 1231/1231/1231
f 1230/1230/1230 1239/1239/1239 1359/1359/1359
f 1231/1231/1231 1230/1230/1230 1359/1359/1359
f 1368/1368/1368 1241/1241/1241 1232/1232/1232
f 1231/1231/1231 1240/1240/1240 1368/1368/1368
f 1232/1232/1232 1231/1231/1231 1368/1368/1368
f 1377/1377/1377 1242/1242/1242 1233/1233/1233
f 1232/1232/1232 1241/1241/1241 1377/1377/1377
f 1233/1233/1233 1232/1232/1232 1377/1377/1377
f 1386/1386/1386 1243/1243/1243 1234/1234/1234
f 1233/1233/1233 1242/1242/1242 1386/1386/1386
f 1234/1234/1234 1233/1233/1233 1386/1386/1386
f 1395/1395/1395 1244/1244/1244 1235/1235/1235
f 1234/1234/1234 1243/1243/1243 1395/1395/1395
f 1235/1235/1235 1234/1234/1234 1395/1395/1395
f 1404/1404/1404 1245/1245/1245 1236/1236/1236
f 1235/1235/1235 1244/1244/1244 1404/1404/1404
f 1236/1236/1236 1235/1235/1235 1404/1404/1404
f 1355/1355/1355 1349/1349/1349 1356/1356/1356 1357/1357/1357
f 1357/1357/1357 1356/1356/1356 1351/1351/1351 1352/1352/1352
f 1356/1356/1356 1349/1349/1349 1239/1239/1239
f 1350/1350/1350 1351/1351/1351 1356/1356/1356
f 1239/1239/1239 1350/1350/1350 1356/1356/1356
f 1352/1352/1352 1351/1351/1351 1353/1353/1353 1354/1354/1354
f 1364/1364/1364 1358/1358/1358 1365/1365/1365 1366/1366/1366
f 1366/1366/1366 1365/1365/1365 1360/1360/1360 1361/1361/1361
f 1365/1365/1365 1358/1358/1358 1240/1240/1240
f 1359/1359/1359 1360/1360/1360 1365/1365/1365
f 1240/1240/1240 1359/1359/1359 1365/1365/1365
f 1362/1362/1362 1360/1360/1360 1359/1359/1359
f 1239/1239/1239 1349/1349/1349 1362/1362/1362
f 1359/1359/1359 1239/1239/1239 1362/1362/1362
f 1361/1361/1361 1360/1360/1360 1362/1362/1362 1363/1363/1363
f 1363/1363/1363 1362/1362/1362 1349/1349/1349 1355/1355/1355
f 1373/1373/1373 1367/1367/1367 1374/1374/1374 1375/1375/1375
f 1375/1375/1375 1374/1374/1374 1369/1369/1369 1370/1370/1370
f 1374/1374/1374 1367/1367/1367 1241/1241/1241
f 1368/1368/1368 1369/1369/1369 1374/1374/1374
f 1241/1241/1241 1368/1368/1368 1374/1374/1374
f 1371/1371/1371 1369/1369/1369 1368/1368/1368
f 1240/1240/1240 1358/1358/1358 1371/1371/1371
f 1368/1368/1368 1240/1240/1240 1371/1371/1371
f 1370/1370/1370 1369/1369/1369 1371/1371/1371 1372/1372/1372
f 1372/1372/1372 1371/1371/1371 1358/1358/1358 1364/1364/1364
f 1382/1382/1382 1376/1376/1376 1383/1383/1383 1384/1384/1384
f 1384/1384/1384 1383/1383/1383 1378/1378/1378 1379/1379/1379
f 1383/1383/1383 1376/1376/1376 1242/1242/1242
f 1377/1377/1377 1378/1378/1378 1383/1383/1383
f 1242/1242/1242 1377/1377/1377 1383/1383/1383
f 1380/1380/1380 1378/1378/1378 1377/1377/1377
f 1241/1241/1241 1367/1367/1367 1380/1380/1380
f 1377/1377/1377 1241/1241/1241 1380/1380/1380
f 1379/1379/1379 1378/1378/1378 1380/1380/1380 1381/1381/1381
f 1381/1381/1381 1380/1380/1380 1367/1367/1367 1373/1373/1373
f 1391/1391/1391 1385/1385/1385 1392/1392/1392 1393/1393/1393
f 1393/1393/1393 1392/1392/1392 1387/1387/1387 1388/1388/1388
f 1392/1392/1392 1385/1385/1385 1243/1243/1243
f 1386/1386/1386 1387/1387/1387 1392/1392/1392
f 1243/1243/1243 1386/1386/1386 1392/1392/1392
f 1389/1389/1389 1387/1387/1387 1386/1386/1386
f 1242/1242/1242 1376/1376/1376 1389/1389/1389
f 1386/1386/1386 1242/1242/1242 1389/1389/1389
f 1388/1388/1388 1387/1387/1387 1389/1389/1389 1390/1390/1390
f 1390/1390/1390 1389/1389/1389 1376/1376/1376 1382/1382/1382
f 1400/1400/1400 1394/1394/1394 1401/1401/1401 1402/1402/1402
f 1402/1402/1402 1401/1401/1401 1396/1396/1396 1397/1397/1397
f 1401/1401/1401 1394/1394/1394 1244/1244/1244
f 1395/1395/1395 1396/1396/1396 1401/1401/1401
f 1244/1244/1244 1395/1395/1395 1401/1401/1401
f 1398/1398/1398 1396/1396/1396 1395/1395/1395
f 1243/1243/1243 1385/1385/1385 1398/1398/1398
f 1395/1395/1395 1243/1243/1243 1398/1398/1398
f 1397/1397/1397 1396/1396/1396 1398/1398/1398 1399/1399/1399
f 1399/1399/1399 1398/1398/1398 1385/1385/1385 1391/1391/1391
f 1409/1409/1409 1403/1403/1403 1410/1410/1410 1411/1411/1411
f 1411/1411/1411 1410/1410/1410 1405/1405/1405 1406/1406/1406
f 1410/1410/1410 1403/1403/1403 1245/1245/1245
f 1404/1404/1404 1405/1405/1405 1410/1410/1410
f 1245/1245/1245 1404/1404/1404 1410/1410/1410
f 1407/1407/1407 1405/1405/1405 1404/1404/1404
f 1244/1244/1244 1394/1394/1394 1407/1407/1407
f 1404/1404/1404 1244/1244/1244 1407/1407/1407
f 1406/1406/1406 1405/1405/1405 1407/1407/1407 1408/1408/1408
f 1408/1408/1408 1407/1407/1407 1394/1394/1394 1400/1400/1400
f 1418/1418/1418 1417/1417/1417 1413/1413/1413 1414/1414/1414
f 1415/1415/1415 1413/1413/1413 1412/1412/1412
f 1245/1245/1245 1403/1403/1403 1415/1415/1415
f 1412/1412/1412 1245/1245/1245 1415/1415/1415
f 1414/1414/1414 1413/1413/1413 1415/1415/1415 1416/1416/1416
f 1416/1416/1416 1415/1415/1415 1403/1403/1403 1409/1409/1409
f 1263/1263/1263 1200/1200/1200 1333/1333/1333
f 1332/1332/1332 1333/1333/1333 1200/1200/1200
f 1262/1262/1262 1263/1263/1263 1330/1330/1330 1331/1331/1331
f 1330/1330/1330 1263/1263/1263 1333/1333/1333
f 1262/1262/1262 1325/1325/1325 1326/1326/1326
f 1262/1262/1262 1331/1331/1331 1325/1325/1325
f 1261/1261/1261 1262/1262/1262 1326/1326/1326
f 1260/1260/1260 1261/1261/1261 1322/1322/1322 1323/1323/1323
f 1258/1258/1258 1259/1259/1259 1313/1313/1313 1314/1314/1314
f 1259/1259/1259 1260/1260/1260 1316/1316/1316 1317/1317/1317
f 1323/1323/1323 1316/1316/1316 1260/1260/1260
f 1257/1257/1257 1258/1258/1258 1307/1307/1307 1308/1308/1308
f 1322/1322/1322 1261/1261/1261 1326/1326/1326
f 1327/1327/1327 1332/1332/1332 1202/1202/1202
f 1200/1200/1200 1202/1202/1202 1332/1332/1332
f 1332/1332/1332 1327/1327/1327 1328/1328/1328
f 1327/1327/1327 1202/1202/1202 1211/1211/1211
f 1212/1212/1212 1211/1211/1211 1220/1220/1220 1221/1221/1221
f 1212/1212/1212 1203/1203/1203 1327/1327/1327
f 1211/1211/1211 1212/1212/1212 1327/1327/1327
f 1259/1259/1259 1317/1317/1317 1313/1313/1313
f 1258/1258/1258 1314/1314/1314 1307/1307/1307
f 1257/1257/1257 1304/1304/1304 1305/1305/1305
f 1257/1257/1257 1308/1308/1308 1304/1304/1304
f 1221/1221/1221 1220/1220/1220 1229/1229/1229 1230/1230/1230
f 1256/1256/1256 1257/1257/1257 1305/1305/1305
f 1255/1255/1255 1256/1256/1256 1298/1298/1298 1299/1299/1299
f 1305/1305/1305 1298/1298/1298 1256/1256/1256
f 1254/1254/1254 1255/1255/1255 1295/1295/1295 1296/1296/1296
f 1255/1255/1255 1299/1299/1299 1295/1295/1295
f 1254/1254/1254 1296/1296/1296 1289/1289/1289
f 1290/1290/1290 1254/1254/1254 1289/1289/1289
f 1252/1252/1252 1253/1253/1253 1286/1286/1286 1287/1287/1287
f 1250/1250/1250 1251/1251/1251 1277/1277/1277 1278/1278/1278
f 1251/1251/1251 1252/1252/1252 1280/1280/1280 1281/1281/1281
f 1249/1249/1249 1250/1250/1250 1271/1271/1271 1272/1272/1272
f 1201/1201/1201 1249/1249/1249 1268/1268/1268 1269/1269/1269
f 1290/1290/1290 1286/1286/1286 1253/1253/1253
f 1290/1290/1290 1253/1253/1253 1254/1254/1254
f 1252/1252/1252 1287/1287/1287 1280/1280/1280
f 1251/1251/1251 1281/1281/1281 1277/1277/1277
f 1250/1250/1250 1278/1278/1278 1271/1271/1271
f 1264/1264/1264 1209/1209/1209 1218/1218/1218
f 1249/1249/1249 1272/1272/1272 1268/1268/1268
f 1264/1264/1264 1210/1210/1210 1267/1267/1267 1266/1266/1266
f 1264/1264/1264 1219/1219/1219 1210/1210/1210
f 1219/1219/1219 1264/1264/1264 1218/1218/1218
f 1267/1267/1267 1210/1210/1210 1201/1201/1201
f 1269/1269/1269 1267/1267/1267 1201/1201/1201
f 1219/1219/1219 1218/1218/1218 1227/1227/1227 1228/1228/1228
f 1350/1350/1350 1229/1229/1229 1238/1238/1238
f 1351/1351/1351 1350/1350/1350 1353/1353/1353
f 1238/1238/1238 1353/1353/1353 1350/1350/1350
f 1354/1354/1354 1353/1353/1353 1247/1247/1247
f 1230/1230/1230 1229/1229/1229 1350/1350/1350
f 1334/1334/1334 1357/1357/1357 1352/1352/1352
f 1352/1352/1352 1354/1354/1354 1334/1334/1334
f 1247/1247/1247 1353/1353/1353 1238/1238/1238
f 1350/1350/1350 1239/1239/1239 1230/1230/1230
f 1335/1335/1335 1363/1363/1363 1355/1355/1355
f 1336/1336/1336 1366/1366/1366 1361/1361/1361
f 1337/1337/1337 1372/1372/1372 1364/1364/1364
f 1364/1364/1364 1366/1366/1366 1337/1337/1337
f 1361/1361/1361 1363/1363/1363 1336/1336/1336
f 1355/1355/1355 1357/1357/1357 1335/1335/1335
f 1334/1334/1334 1335/1335/1335 1357/1357/1357
f 1370/1370/1370 1338/1338/1338 1375/1375/1375
f 1363/1363/1363 1335/1335/1335 1336/1336/1336
f 1247/1247/1247 1334/1334/1334 1354/1354/1354
f 1336/1336/1336 1337/1337/1337 1366/1366/1366
f 1372/1372/1372 1338/1338/1338 1370/1370/1370
f 1337/1337/1337 1338/1338/1338 1372/1372/1372
f 1339/1339/1339 1375/1375/1375 1338/1338/1338
f 1339/1339/1339 1381/1381/1381 1373/1373/1373
f 1340/1340/1340 1384/1384/1384 1379/1379/1379
f 1379/1379/1379 1381/1381/1381 1340/1340/1340
f 1340/1340/1340 1341/1341/1341 1384/1384/1384
f 1390/1390/1390 1382/1382/1382 1341/1341/1341
f 1341/1341/1341 1382/1382/1382 1384/1384/1384
f 1339/1339/1339 1340/1340/1340 1381/1381/1381
f 1339/1339/1339 1373/1373/1373 1375/1375/1375
f 1342/1342/1342 1388/1388/1388 1390/1390/1390
f 1393/1393/1393 1388/1388/1388 1342/1342/1342
f 1343/1343/1343 1399/1399/1399 1391/1391/1391
f 1344/1344/1344 1402/1402/1402 1397/1397/1397
f 1397/1397/1397 1399/1399/1399 1344/1344/1344
f 1391/1391/1391 1393/1393/1393 1343/1343/1343
f 1412/1412/1412 1237/1237/1237 1236/1236/1236
f 1236/1236/1236 1237/1237/1237 1228/1228/1228 1227/1227/1227
f 1412/1412/1412 1236/1236/1236 1245/1245/1245
f 1417/1417/1417 1412/1412/1412 1413/1413/1413
f 1248/1248/1248 1246/1246/1246 1417/1417/1417
f 1412/1412/1412 1417/1417/1417 1246/1246/1246
f 1237/1237/1237 1412/1412/1412 1246/1246/1246
f 1345/1345/1345 1408/1408/1408 1400/1400/1400
f 1342/1342/1342 1343/1343/1343 1393/1393/1393
f 1408/1408/1408 1346/1346/1346 1406/1406/1406
f 1344/1344/1344 1399/1399/1399 1343/1343/1343
f 1344/1344/1344 1345/1345/1345 1402/1402/1402
f 1408/1408/1408 1345/1345/1345 1346/1346/1346
f 1402/1402/1402 1345/1345/1345 1400/1400/1400
f 1411/1411/1411 1406/1406/1406 1346/1346/1346
f 1347/1347/1347 1409/1409/1409 1411/1411/1411
f 1348/1348/1348 1414/1414/1414 1416/1416/1416
f 1416/1416/1416 1409/1409/1409 1347/1347/1347
f 1414/1414/1414 1348/1348/1348 1418/1418/1418
f 1417/1417/1417 1418/1418/1418 1248/1248/1248
f 1348/1348/1348 1248/1248/1248 1418/1418/1418
f 1347/1347/1347 1348/1348/1348 1416/1416/1416
f 1347/1347/1347 1411/1411/1411 1346/1346/1346
f 1342/1342/1342 1390/1390/1390 1341/1341/1341
f 1575/1575/1575 1573/1573/1573 1574/1574/1574
f 1422/1422/1422 1575/1575/1575 1565/1565/1565
f 1573/1573/1573 1575/1575/1575 1422/1422/1422
f 1565/1565/1565 1575/1575/1575 1577/1577/1577 1571/1571/1571
f 1575/1575/1575 1574/1574/1574 1576/1576/1576 1577/1577/1577
f 1574/1574/1574 1578/1578/1578 1579/1579/1579 1576/1576/1576
f 1567/1567/1567 1564/1564/1564 1566/1566/1566
f 1423/1423/1423 1567/1567/1567 1556/1556/1556
f 1564/1564/1564 1567/1567/1567 1423/1423/1423
f 1556/1556/1556 1567/1567/1567 1569/1569/1569 1562/1562/1562
f 1567/1567/1567 1566/1566/1566 1568/1568/1568 1569/1569/1569
f 1566/1566/1566 1570/1570/1570 1572/1572/1572 1568/1568/1568
f 1570/1570/1570 1565/1565/1565 1571/1571/1571 1572/1572/1572
f 1570/1570/1570 1422/1422/1422 1565/1565/1565
f 1564/1564/1564 1570/1570/1570 1566/1566/1566
f 1422/1422/1422 1570/1570/1570 1564/1564/1564
f 1558/1558/1558 1555/1555/1555 1557/1557/1557
f 1424/1424/1424 1558/1558/1558 1547/1547/1547
f 1555/1555/1555 1558/1558/1558 1424/1424/1424
f 1547/1547/1547 1558/1558/1558 1560/1560/1560 1553/1553/1553
f 1558/1558/1558 1557/1557/1557 1559/1559/1559 1560/1560/1560
f 1557/1557/1557 1561/1561/1561 1563/1563/1563 1559/1559/1559
f 1561/1561/1561 1556/1556/1556 1562/1562/1562 1563/1563/1563
f 1561/1561/1561 1423/1423/1423 1556/1556/1556
f 1555/1555/1555 1561/1561/1561 1557/1557/1557
f 1423/1423/1423 1561/1561/1561 1555/1555/1555
f 1549/1549/1549 1546/1546/1546 1548/1548/1548
f 1425/1425/1425 1549/1549/1549 1538/1538/1538
f 1546/1546/1546 1549/1549/1549 1425/1425/1425
f 1538/1538/1538 1549/1549/1549 1551/1551/1551 1544/1544/1544
f 1549/1549/1549 1548/1548/1548 1550/1550/1550 1551/1551/1551
f 1548/1548/1548 1552/1552/1552 1554/1554/1554 1550/1550/1550
f 1552/1552/1552 1547/1547/1547 1553/1553/1553 1554/1554/1554
f 1552/1552/1552 1424/1424/1424 1547/1547/1547
f 1546/1546/1546 1552/1552/1552 1548/1548/1548
f 1424/1424/1424 1552/1552/1552 1546/1546/1546
f 1540/1540/1540 1537/1537/1537 1539/1539/1539
f 1426/1426/1426 1540/1540/1540 1529/1529/1529
f 1537/1537/1537 1540/1540/1540 1426/1426/1426
f 1529/1529/1529 1540/1540/1540 1542/1542/1542 1535/1535/1535
f 1540/1540/1540 1539/1539/1539 1541/1541/1541 1542/1542/1542
f 1539/1539/1539 1543/1543/1543 1545/1545/1545 1541/1541/1541
f 1543/1543/1543 1538/1538/1538 1544/1544/1544 1545/1545/1545
f 1543/1543/1543 1425/1425/1425 1538/1538/1538
f 1537/1537/1537 1543/1543/1543 1539/1539/1539
f 1425/1425/1425 1543/1543/1543 1537/1537/1537
f 1531/1531/1531 1528/1528/1528 1530/1530/1530
f 1427/1427/1427 1531/1531/1531 1520/1520/1520
f 1528/1528/1528 1531/1531/1531 1427/1427/1427
f 1520/1520/1520 1531/1531/1531 1533/1533/1533 1526/1526/1526
f 1531/1531/1531 1530/1530/1530 1532/1532/1532 1533/1533/1533
f 1530/1530/1530 1534/1534/1534 1536/1536/1536 1532/1532/1532
f 1534/1534/1534 1529/1529/1529 1535/1535/1535 1536/1536/1536
f 1534/1534/1534 1426/1426/1426 1529/1529/1529
f 1528/1528/1528 1534/1534/1534 1530/1530/1530
f 1426/1426/1426 1534/1534/1534 1528/1528/1528
f 1522/1522/1522 1519/1519/1519 1521/1521/1521
f 1428/1428/1428 1522/1522/1522 1511/1511/1511
f 1519/1519/1519 1522/1522/1522 1428/1428/1428
f 1511/1511/1511 1522/1522/1522 1524/1524/1524 1517/1517/1517
f 1522/1522/1522 1521/1521/1521 1523/1523/1523 1524/1524/1524
f 1521/1521/1521 1525/1525/1525 1527/1527/1527 1523/1523/1523
f 1525/1525/1525 1520/1520/1520 1526/1526/1526 1527/1527/1527
f 1525/1525/1525 1427/1427/1427 1520/1520/1520
f 1519/1519/1519 1525/1525/1525 1521/1521/1521
f 1427/1427/1427 1525/1525/1525 1519/1519/1519
f 1513/1513/1513 1512/1512/1512 1514/1514/1514 1515/1515/1515
f 1512/1512/1512 1516/1516/1516 1518/1518/1518 1514/1514/1514
f 1516/1516/1516 1511/1511/1511 1517/1517/1517 1518/1518/1518
f 1516/1516/1516 1428/1428/1428 1511/1511/1511
f 1510/1510/1510 1516/1516/1516 1512/1512/1512
f 1428/1428/1428 1516/1516/1516 1510/1510/1510
f 1564/1564/1564 1431/1431/1431 1422/1422/1422
f 1432/1432/1432 1564/1564/1564 1423/1423/1423
f 1431/1431/1431 1564/1564/1564 1432/1432/1432
f 1555/1555/1555 1432/1432/1432 1423/1423/1423
f 1433/1433/1433 1555/1555/1555 1424/1424/1424
f 1432/1432/1432 1555/1555/1555 1433/1433/1433
f 1546/1546/1546 1433/1433/1433 1424/1424/1424
f 1434/1434/1434 1546/1546/1546 1425/1425/1425
f 1433/1433/1433 1546/1546/1546 1434/1434/1434
f 1537/1537/1537 1434/1434/1434 1425/1425/1425
f 1435/1435/1435 1537/1537/1537 1426/1426/1426
f 1434/1434/1434 1537/1537/1537 1435/1435/1435
f 1528/1528/1528 1435/1435/1435 1426/1426/1426
f 1436/1436/1436 1528/1528/1528 1427/1427/1427
f 1435/1435/1435 1528/1528/1528 1436/1436/1436
f 1519/1519/1519 1436/1436/1436 1427/1427/1427
f 1437/1437/1437 1519/1519/1519 1428/1428/1428
f 1436/1436/1436 1519/1519/1519 1437/1437/1437
f 1441/1441/1441 1440/1440/1440 1431/1431/1431 1432/1432/1432
f 1442/1442/1442 1441/1441/1441 1432/1432/1432 1433/1433/1433
f 1443/1443/1443 1442/1442/1442 1433/1433/1433 1434/1434/1434
f 1444/1444/1444 1443/1443/1443 1434/1434/1434 1435/1435/1435
f 1445/1445/1445 1444/1444/1444 1435/1435/1435 1436/1436/1436
f 1446/1446/1446 1445/1445/1445 1436/1436/1436 1437/1437/1437
f 1450/1450/1450 1449/1449/1449 1440/1440/1440 1441/1441/1441
f 1451/1451/1451 1450/1450/1450 1441/1441/1441 1442/1442/1442
f 1452/1452/1452 1451/1451/1451 1442/1442/1442 1443/1443/1443
f 1453/1453/1453 1452/1452/1452 1443/1443/1443 1444/1444/1444
f 1454/1454/1454 1453/1453/1453 1444/1444/1444 1445/1445/1445
f 1455/1455/1455 1454/1454/1454 1445/1445/1445 1446/1446/1446
f 1459/1459/1459 1458/1458/1458 1449/1449/1449 1450/1450/1450
f 1460/1460/1460 1459/1459/1459 1450/1450/1450 1451/1451/1451
f 1461/1461/1461 1460/1460/1460 1451/1451/1451 1452/1452/1452
f 1462/1462/1462 1461/1461/1461 1452/1452/1452 1453/1453/1453
f 1463/1463/1463 1462/1462/1462 1453/1453/1453 1454/1454/1454
f 1464/1464/1464 1463/1463/1463 1454/1454/1454 1455/1455/1455
f 1468/1468/1468 1467/1467/1467 1458/1458/1458 1459/1459/1459
f 1469/1469/1469 1468/1468/1468 1459/1459/1459 1460/1460/1460
f 1470/1470/1470 1469/1469/1469 1460/1460/1460 1461/1461/1461
f 1471/1471/1471 1470/1470/1470 1461/1461/1461 1462/1462/1462
f 1472/1472/1472 1471/1471/1471 1462/1462/1462 1463/1463/1463
f 1473/1473/1473 1472/1472/1472 1463/1463/1463 1464/1464/1464
f 1477/1477/1477 1476/1476/1476 1467/1467/1467 1468/1468/1468
f 1478/1478/1478 1477/1477/1477 1468/1468/1468 1469/1469/1469
f 1479/1479/1479 1478/1478/1478 1469/1469/1469 1470/1470/1470
f 1480/1480/1480 1479/1479/1479 1470/1470/1470 1471/1471/1471
f 1481/1481/1481 1480/1480/1480 1471/1471/1471 1472/1472/1472
f 1482/1482/1482 1481/1481/1481 1472/1472/1472 1473/1473/1473
f 1605/1605/1605 1477/1477/1477 1486/1486/1486
f 1476/1476/1476 1605/1605/1605 1485/1485/1485
f 1477/1477/1477 1605/1605/1605 1476/1476/1476
f 1614/1614/1614 1478/1478/1478 1487/1487/1487
f 1477/1477/1477 1614/1614/1614 1486/1486/1486
f 1478/1478/1478 1614/1614/1614 1477/1477/1477
f 1623/1623/1623 1479/1479/1479 1488/1488/1488
f 1478/1478/1478 1623/1623/1623 1487/1487/1487
f 1479/1479/1479 1623/1623/1623 1478/1478/1478
f 1632/1632/1632 1480/1480/1480 1489/1489/1489
f 1479/1479/1479 1632/1632/1632 1488/1488/1488
f 1480/1480/1480 1632/1632/1632 1479/1479/1479
f 1641/1641/1641 1481/1481/1481 1490/1490/1490
f 1480/1480/1480 1641/1641/1641 1489/1489/1489
f 1481/1481/1481 1641/1641/1641 1480/1480/1480
f 1650/1650/1650 1482/1482/1482 1491/1491/1491
f 1481/1481/1481 1650/1650/1650 1490/1490/1490
f 1482/1482/1482 1650/1650/1650 1481/1481/1481
f 1601/1601/1601 1603/1603/1603 1602/1602/1602 1595/1595/1595
f 1603/1603/1603 1598/1598/1598 1597/1597/1597 1602/1602/1602
f 1602/1602/1602 1485/1485/1485 1595/1595/1595
f 1596/1596/1596 1602/1602/1602 1597/1597/1597
f 1485/1485/1485 1602/1602/1602 1596/1596/1596
f 1598/1598/1598 1600/1600/1600 1599/1599/1599 1597/1597/1597
f 1610/1610/1610 1612/1612/1612 1611/1611/1611 1604/1604/1604
f 1612/1612/1612 1607/1607/1607 1606/1606/1606 1611/1611/1611
f 1611/1611/1611 1486/1486/1486 1604/1604/1604
f 1605/1605/1605 1611/1611/1611 1606/1606/1606
f 1486/1486/1486 1611/1611/1611 1605/1605/1605
f 1608/1608/1608 1605/1605/1605 1606/1606/1606
f 1485/1485/1485 1608/1608/1608 1595/1595/1595
f 1605/1605/1605 1608/1608/1608 1485/1485/1485
f 1607/1607/1607 1609/1609/1609 1608/1608/1608 1606/1606/1606
f 1609/1609/1609 1601/1601/1601 1595/1595/1595 1608/1608/1608
f 1619/1619/1619 1621/1621/1621 1620/1620/1620 1613/1613/1613
f 1621/1621/1621 1616/1616/1616 1615/1615/1615 1620/1620/1620
f 1620/1620/1620 1487/1487/1487 1613/1613/1613
f 1614/1614/1614 1620/1620/1620 1615/1615/1615
f 1487/1487/1487 1620/1620/1620 1614/1614/1614
f 1617/1617/1617 1614/1614/1614 1615/1615/1615
f 1486/1486/1486 1617/1617/1617 1604/1604/1604
f 1614/1614/1614 1617/1617/1617 1486/1486/1486
f 1616/1616/1616 1618/1618/1618 1617/1617/1617 1615/1615/1615
f 1618/1618/1618 1610/1610/1610 1604/1604/1604 1617/1617/1617
f 1628/1628/1628 1630/1630/1630 1629/1629/1629 1622/1622/1622
f 1630/1630/1630 1625/1625/1625 1624/1624/1624 1629/1629/1629
f 1629/1629/1629 1488/1488/1488 1622/1622/1622
f 1623/1623/1623 1629/1629/1629 1624/1624/1624
f 1488/1488/1488 1629/1629/1629 1623/1623/1623
f 1626/1626/1626 1623/1623/1623 1624/1624/1624
f 1487/1487/1487 1626/1626/1626 1613/1613/1613
f 1623/1623/1623 1626/1626/1626 1487/1487/1487
f 1625/1625/1625 1627/1627/1627 1626/1626/1626 1624/1624/1624
f 1627/1627/1627 1619/1619/1619 1613/1613/1613 1626/1626/1626
f 1637/1637/1637 1639/1639/1639 1638/1638/1638 1631/1631/1631
f 1639/1639/1639 1634/1634/1634 1633/1633/1633 1638/1638/1638
f 1638/1638/1638 1489/1489/1489 1631/1631/1631
f 1632/1632/1632 1638/1638/1638 1633/1633/1633
f 1489/1489/1489 1638/1638/1638 1632/1632/1632
f 1635/1635/1635 1632/1632/1632 1633/1633/1633
f 1488/1488/1488 1635/1635/1635 1622/1622/1622
f 1632/1632/1632 1635/1635/1635 1488/1488/1488
f 1634/1634/1634 1636/1636/1636 1635/1635/1635 1633/1633/1633
f 1636/1636/1636 1628/1628/1628 1622/1622/1622 1635/1635/1635
f 1646/1646/1646 1648/1648/1648 1647/1647/1647 1640/1640/1640
f 1648/1648/1648 1643/1643/1643 1642/1642/1642 1647/1647/1647
f 1647/1647/1647 1490/1490/1490 1640/1640/1640
f 1641/1641/1641 1647/1647/1647 1642/1642/1642
f 1490/1490/1490 1647/1647/1647 1641/1641/1641
f 1644/1644/1644 1641/1641/1641 1642/1642/1642
f 1489/1489/1489 1644/1644/1644 1631/1631/1631
f 1641/1641/1641 1644/1644/1644 1489/1489/1489
f 1643/1643/1643 1645/1645/1645 1644/1644/1644 1642/1642/1642
f 1645/1645/1645 1637/1637/1637 1631/1631/1631 1644/1644/1644
f 1655/1655/1655 1657/1657/1657 1656/1656/1656 1649/1649/1649
f 1657/1657/1657 1652/1652/1652 1651/1651/1651 1656/1656/1656
f 1656/1656/1656 1491/1491/1491 1649/1649/1649
f 1650/1650/1650 1656/1656/1656 1651/1651/1651
f 1491/1491/1491 1656/1656/1656 1650/1650/1650
f 1653/1653/1653 1650/1650/1650 1651/1651/1651
f 1490/1490/1490 1653/1653/1653 1640/1640/1640
f 1650/1650/1650 1653/1653/1653 1490/1490/1490
f 1652/1652/1652 1654/1654/1654 1653/1653/1653 1651/1651/1651
f 1654/1654/1654 1646/1646/1646 1640/1640/1640 1653/1653/1653
f 1664/1664/1664 1660/1660/1660 1659/1659/1659 1663/1663/1663
f 1661/1661/1661 1658/1658/1658 1659/1659/1659
f 1491/1491/1491 1661/1661/1661 1649/1649/1649
f 1658/1658/1658 1661/1661/1661 1491/1491/1491
f 1660/1660/1660 1662/1662/1662 1661/1661/1661 1659/1659/1659
f 1662/1662/1662 1655/1655/1655 1649/1649/1649 1661/1661/1661
f 1509/1509/1509 1579/1579/1579 1419/1419/1419
f 1578/1578/1578 1419/1419/1419 1579/1579/1579
f 1508/1508/1508 1577/1577/1577 1576/1576/1576 1509/1509/1509
f 1576/1576/1576 1579/1579/1579 1509/1509/1509
f 1508/1508/1508 1572/1572/1572 1571/1571/1571
f 1508/1508/1508 1571/1571/1571 1577/1577/1577
f 1507/1507/1507 1572/1572/1572 1508/1508/1508
f 1506/1506/1506 1569/1569/1569 1568/1568/1568 1507/1507/1507
f 1504/1504/1504 1560/1560/1560 1559/1559/1559 1505/1505/1505
f 1505/1505/1505 1563/1563/1563 1562/1562/1562 1506/1506/1506
f 1569/1569/1569 1506/1506/1506 1562/1562/1562
f 1502/1502/1502 1551/1551/1551 1550/1550/1550 1503/1503/1503
f 1503/1503/1503 1554/1554/1554 1553/1553/1553 1504/1504/1504
f 1568/1568/1568 1572/1572/1572 1507/1507/1507
f 1573/1573/1573 1421/1421/1421 1578/1578/1578
f 1419/1419/1419 1578/1578/1578 1421/1421/1421
f 1578/1578/1578 1574/1574/1574 1573/1573/1573
f 1573/1573/1573 1430/1430/1430 1421/1421/1421
f 1431/1431/1431 1440/1440/1440 1439/1439/1439 1430/1430/1430
f 1573/1573/1573 1422/1422/1422 1431/1431/1431
f 1448/1448/1448 1439/1439/1439 1440/1440/1440 1449/1449/1449
f 1430/1430/1430 1573/1573/1573 1431/1431/1431
f 1505/1505/1505 1559/1559/1559 1563/1563/1563
f 1504/1504/1504 1553/1553/1553 1560/1560/1560
f 1503/1503/1503 1550/1550/1550 1554/1554/1554
f 1502/1502/1502 1544/1544/1544 1551/1551/1551
f 1449/1449/1449 1458/1458/1458 1457/1457/1457 1448/1448/1448
f 1501/1501/1501 1545/1545/1545 1544/1544/1544 1502/1502/1502
f 1500/1500/1500 1542/1542/1542 1541/1541/1541 1501/1501/1501
f 1541/1541/1541 1545/1545/1545 1501/1501/1501
f 1500/1500/1500 1536/1536/1536 1535/1535/1535
f 1500/1500/1500 1535/1535/1535 1542/1542/1542
f 1499/1499/1499 1536/1536/1536 1500/1500/1500
f 1498/1498/1498 1533/1533/1533 1532/1532/1532 1499/1499/1499
f 1496/1496/1496 1524/1524/1524 1523/1523/1523 1497/1497/1497
f 1497/1497/1497 1527/1527/1527 1526/1526/1526 1498/1498/1498
f 1533/1533/1533 1498/1498/1498 1526/1526/1526
f 1420/1420/1420 1515/1515/1515 1514/1514/1514 1495/1495/1495
f 1495/1495/1495 1518/1518/1518 1517/1517/1517 1496/1496/1496
f 1532/1532/1532 1536/1536/1536 1499/1499/1499
f 1497/1497/1497 1523/1523/1523 1527/1527/1527
f 1496/1496/1496 1517/1517/1517 1524/1524/1524
f 1446/1446/1446 1437/1437/1437 1438/1438/1438 1447/1447/1447
f 1510/1510/1510 1437/1437/1437 1428/1428/1428
f 1455/1455/1455 1446/1446/1446 1447/1447/1447 1456/1456/1456
f 1420/1420/1420 1429/1429/1429 1513/1513/1513
f 1513/1513/1513 1510/1510/1510 1512/1512/1512
f 1513/1513/1513 1429/1429/1429 1510/1510/1510
f 1438/1438/1438 1510/1510/1510 1429/1429/1429
f 1437/1437/1437 1510/1510/1510 1438/1438/1438
f 1515/1515/1515 1420/1420/1420 1513/1513/1513
f 1456/1456/1456 1465/1465/1465 1464/1464/1464 1455/1455/1455
f 1495/1495/1495 1514/1514/1514 1518/1518/1518
f 1466/1466/1466 1457/1457/1457 1458/1458/1458 1467/1467/1467
f 1596/1596/1596 1484/1484/1484 1475/1475/1475
f 1475/1475/1475 1466/1466/1466 1467/1467/1467 1476/1476/1476
f 1599/1599/1599 1600/1600/1600 1493/1493/1493
f 1599/1599/1599 1596/1596/1596 1597/1597/1597
f 1484/1484/1484 1596/1596/1596 1599/1599/1599
f 1493/1493/1493 1484/1484/1484 1599/1599/1599
f 1475/1475/1475 1476/1476/1476 1596/1596/1596
f 1485/1485/1485 1596/1596/1596 1476/1476/1476
f 1580/1580/1580 1598/1598/1598 1603/1603/1603
f 1581/1581/1581 1601/1601/1601 1609/1609/1609
f 1582/1582/1582 1609/1609/1609 1607/1607/1607
f 1601/1601/1601 1581/1581/1581 1603/1603/1603
f 1598/1598/1598 1580/1580/1580 1600/1600/1600
f 1583/1583/1583 1612/1612/1612 1610/1610/1610
f 1493/1493/1493 1600/1600/1600 1580/1580/1580
f 1610/1610/1610 1618/1618/1618 1583/1583/1583
f 1581/1581/1581 1580/1580/1580 1603/1603/1603
f 1581/1581/1581 1609/1609/1609 1582/1582/1582
f 1582/1582/1582 1607/1607/1607 1612/1612/1612 1583/1583/1583
f 1618/1618/1618 1584/1584/1584 1583/1583/1583
f 1616/1616/1616 1584/1584/1584 1618/1618/1618
f 1621/1621/1621 1584/1584/1584 1616/1616/1616
f 1585/1585/1585 1619/1619/1619 1627/1627/1627
f 1619/1619/1619 1585/1585/1585 1621/1621/1621
f 1627/1627/1627 1625/1625/1625 1586/1586/1586
f 1625/1625/1625 1630/1630/1630 1586/1586/1586
f 1587/1587/1587 1586/1586/1586 1630/1630/1630
f 1585/1585/1585 1627/1627/1627 1586/1586/1586
f 1621/1621/1621 1585/1585/1585 1584/1584/1584
f 1587/1587/1587 1630/1630/1630 1628/1628/1628
f 1636/1636/1636 1587/1587/1587 1628/1628/1628
f 1473/1473/1473 1464/1464/1464 1465/1465/1465 1474/1474/1474
f 1588/1588/1588 1634/1634/1634 1639/1639/1639
f 1589/1589/1589 1637/1637/1637 1645/1645/1645
f 1637/1637/1637 1589/1589/1589 1639/1639/1639
f 1634/1634/1634 1588/1588/1588 1636/1636/1636
f 1474/1474/1474 1483/1483/1483 1482/1482/1482 1473/1473/1473
f 1483/1483/1483 1658/1658/1658 1482/1482/1482
f 1482/1482/1482 1658/1658/1658 1491/1491/1491
f 1492/1492/1492 1663/1663/1663 1658/1658/1658
f 1659/1659/1659 1658/1658/1658 1663/1663/1663
f 1494/1494/1494 1663/1663/1663 1492/1492/1492
f 1483/1483/1483 1492/1492/1492 1658/1658/1658
f 1590/1590/1590 1643/1643/1643 1648/1648/1648
f 1591/1591/1591 1646/1646/1646 1654/1654/1654
f 1646/1646/1646 1591/1591/1591 1648/1648/1648
f 1589/1589/1589 1645/1645/1645 1590/1590/1590
f 1648/1648/1648 1591/1591/1591 1590/1590/1590
f 1654/1654/1654 1592/1592/1592 1591/1591/1591
f 1645/1645/1645 1643/1643/1643 1590/1590/1590
f 1589/1589/1589 1588/1588/1588 1639/1639/1639
f 1652/1652/1652 1592/1592/1592 1654/1654/1654
f 1657/1657/1657 1592/1592/1592 1652/1652/1652
f 1593/1593/1593 1655/1655/1655 1662/1662/1662
f 1655/1655/1655 1593/1593/1593 1657/1657/1657
f 1662/1662/1662 1660/1660/1660 1594/1594/1594
f 1660/1660/1660 1664/1664/1664 1594/1594/1594
f 1494/1494/1494 1594/1594/1594 1664/1664/1664
f 1663/1663/1663 1494/1494/1494 1664/1664/1664
f 1593/1593/1593 1662/1662/1662 1594/1594/1594
f 1657/1657/1657 1593/1593/1593 1592/1592/1592
f 1636/1636/1636 1588/1588/1588 1587/1587/1587
f 1668/1668/1668 1743/1743/1743 1745/1745/1745 1694/1694/1694
f 1669/1669/1669 1741/1741/1741 1744/1744/1744 1697/1697/1697
f 1697/1697/1697 1744/1744/1744 1743/1743/1743 1668/1668/1668
f 1670/1670/1670 1739/1739/1739 1742/1742/1742 1700/1700/1700
f 1700/1700/1700 1742/1742/1742 1741/1741/1741 1669/1669/1669
f 1671/1671/1671 1737/1737/1737 1740/1740/1740 1703/1703/1703
f 1703/1703/1703 1740/1740/1740 1739/1739/1739 1670/1670/1670
f 1672/1672/1672 1735/1735/1735 1738/1738/1738 1706/1706/1706
f 1706/1706/1706 1738/1738/1738 1737/1737/1737 1671/1671/1671
f 1673/1673/1673 1733/1733/1733 1736/1736/1736 1709/1709/1709
f 1709/1709/1709 1736/1736/1736 1735/1735/1735 1672/1672/1672
f 1674/1674/1674 1731/1731/1731 1734/1734/1734 1712/1712/1712
f 1712/1712/1712 1734/1734/1734 1733/1733/1733 1673/1673/1673
f 1714/1714/1714 1732/1732/1732 1731/1731/1731 1674/1674/1674
f 1693/1693/1693 1668/1668/1668 1694/1694/1694 1695/1695/1695
f 1696/1696/1696 1669/1669/1669 1697/1697/1697 1698/1698/1698
f 1698/1698/1698 1697/1697/1697 1668/1668/1668 1693/1693/1693
f 1699/1699/1699 1670/1670/1670 1700/1700/1700 1701/1701/1701
f 1701/1701/1701 1700/1700/1700 1669/1669/1669 1696/1696/1696
f 1702/1702/1702 1671/1671/1671 1703/1703/1703 1704/1704/1704
f 1704/1704/1704 1703/1703/1703 1670/1670/1670 1699/1699/1699
f 1705/1705/1705 1672/1672/1672 1706/1706/1706 1707/1707/1707
f 1707/1707/1707 1706/1706/1706 1671/1671/1671 1702/1702/1702
f 1708/1708/1708 1673/1673/1673 1709/1709/1709 1710/1710/1710
f 1710/1710/1710 1709/1709/1709 1672/1672/1672 1705/1705/1705
f 1711/1711/1711 1674/1674/1674 1712/1712/1712 1713/1713/1713
f 1713/1713/1713 1712/1712/1712 1673/1673/1673 1708/1708/1708
f 1715/1715/1715 1714/1714/1714 1674/1674/1674 1711/1711/1711
f 1745/1745/1745 1730/1730/1730 1665/1665/1665
f 1728/1728/1728 1729/1729/1729 1743/1743/1743 1744/1744/1744
f 1729/1729/1729 1730/1730/1730 1745/1745/1745 1743/1743/1743
f 1726/1726/1726 1727/1727/1727 1741/1741/1741 1742/1742/1742
f 1724/1724/1724 1725/1725/1725 1739/1739/1739 1740/1740/1740
f 1725/1725/1725 1726/1726/1726 1742/1742/1742 1739/1739/1739
f 1727/1727/1727 1728/1728/1728 1744/1744/1744 1741/1741/1741
f 1745/1745/1745 1667/1667/1667 1694/1694/1694
f 1695/1695/1695 1694/1694/1694 1667/1667/1667
f 1667/1667/1667 1745/1745/1745 1665/1665/1665
f 1723/1723/1723 1724/1724/1724 1740/1740/1740 1737/1737/1737
f 1722/1722/1722 1723/1723/1723 1737/1737/1737 1738/1738/1738
f 1720/1720/1720 1721/1721/1721 1735/1735/1735 1736/1736/1736
f 1721/1721/1721 1722/1722/1722 1738/1738/1738 1735/1735/1735
f 1718/1718/1718 1719/1719/1719 1733/1733/1733 1734/1734/1734
f 1716/1716/1716 1717/1717/1717 1731/1731/1731 1732/1732/1732
f 1717/1717/1717 1718/1718/1718 1734/1734/1734 1731/1731/1731
f 1719/1719/1719 1720/1720/1720 1736/1736/1736 1733/1733/1733
f 1716/1716/1716 1732/1732/1732 1666/1666/1666
f 1675/1675/1675 1666/1666/1666 1732/1732/1732
f 1693/1693/1693 1695/1695/1695 1678/1678/1678 1679/1679/1679
f 1696/1696/1696 1698/1698/1698 1680/1680/1680 1681/1681/1681
f 1698/1698/1698 1693/1693/1693 1679/1679/1679 1680/1680/1680
f 1699/1699/1699 1701/1701/1701 1682/1682/1682 1683/1683/1683
f 1702/1702/1702 1704/1704/1704 1684/1684/1684 1685/1685/1685
f 1704/1704/1704 1699/1699/1699 1683/1683/1683 1684/1684/1684
f 1701/1701/1701 1696/1696/1696 1681/1681/1681 1682/1682/1682
f 1695/1695/1695 1676/1676/1676 1678/1678/1678
f 1676/1676/1676 1695/1695/1695 1667/1667/1667
f 1685/1685/1685 1686/1686/1686 1707/1707/1707 1702/1702/1702
f 1705/1705/1705 1707/1707/1707 1686/1686/1686 1687/1687/1687
f 1708/1708/1708 1710/1710/1710 1688/1688/1688 1689/1689/1689
f 1710/1710/1710 1705/1705/1705 1687/1687/1687 1688/1688/1688
f 1732/1732/1732 1714/1714/1714 1675/1675/1675
f 1714/1714/1714 1715/1715/1715 1675/1675/1675
f 1711/1711/1711 1713/1713/1713 1690/1690/1690 1691/1691/1691
f 1713/1713/1713 1708/1708/1708 1689/1689/1689 1690/1690/1690
f 1691/1691/1691 1692/1692/1692 1715/1715/1715 1711/1711/1711
f 1715/1715/1715 1692/1692/1692 1677/1677/1677
f 1675/1675/1675 1715/1715/1715 1677/1677/1677
f 1749/1749/1749 1851/1851/1851 1854/1854/1854 1853/1853/1853
f 1750/1750/1750 1848/1848/1848 1852/1852/1852 1850/1850/1850
f 1850/1850/1850 1852/1852/1852 1851/1851/1851 1749/1749/1749
f 1751/1751/1751 1845/1845/1845 1849/1849/1849 1847/1847/1847
f 1847/1847/1847 1849/1849/1849 1848/1848/1848 1750/1750/1750
f 1752/1752/1752 1842/1842/1842 1846/1846/1846 1844/1844/1844
f 1844/1844/1844 1846/1846/1846 1845/1845/1845 1751/1751/1751
f 1753/1753/1753 1839/1839/1839 1843/1843/1843 1841/1841/1841
f 1841/1841/1841 1843/1843/1843 1842/1842/1842 1752/1752/1752
f 1754/1754/1754 1836/1836/1836 1840/1840/1840 1838/1838/1838
f 1838/1838/1838 1840/1840/1840 1839/1839/1839 1753/1753/1753
f 1755/1755/1755 1833/1833/1833 1837/1837/1837 1835/1835/1835
f 1835/1835/1835 1837/1837/1837 1836/1836/1836 1754/1754/1754
f 1832/1832/1832 1834/1834/1834 1833/1833/1833 1755/1755/1755
f 1850/1850/1850 1749/1749/1749 1758/1758/1758
f 1759/1759/1759 1750/1750/1750 1850/1850/1850
f 1758/1758/1758 1759/1759/1759 1850/1850/1850
f 1847/1847/1847 1750/1750/1750 1759/1759/1759
f 1760/1760/1760 1751/1751/1751 1847/1847/1847
f 1759/1759/1759 1760/1760/1760 1847/1847/1847
f 1844/1844/1844 1751/1751/1751 1760/1760/1760
f 1761/1761/1761 1752/1752/1752 1844/1844/1844
f 1760/1760/1760 1761/1761/1761 1844/1844/1844
f 1841/1841/1841 1752/1752/1752 1761/1761/1761
f 1762/1762/1762 1753/1753/1753 1841/1841/1841
f 1761/1761/1761 1762/1762/1762 1841/1841/1841
f 1838/1838/1838 1753/1753/1753 1762/1762/1762
f 1763/1763/1763 1754/1754/1754 1838/1838/1838
f 1762/1762/1762 1763/1763/1763 1838/1838/1838
f 1835/1835/1835 1754/1754/1754 1763/1763/1763
f 1764/1764/1764 1755/1755/1755 1835/1835/1835
f 1763/1763/1763 1764/1764/1764 1835/1835/1835
f 1768/1768/1768 1759/1759/1759 1758/1758/1758 1767/1767/1767
f 1769/1769/1769 1760/1760/1760 1759/1759/1759 1768/1768/1768
f 1770/1770/1770 1761/1761/1761 1760/1760/1760 1769/1769/1769
f 1771/1771/1771 1762/1762/1762 1761/1761/1761 1770/1770/1770
f 1772/1772/1772 1763/1763/1763 1762/1762/1762 1771/1771/1771
f 1773/1773/1773 1764/1764/1764 1763/1763/1763 1772/1772/1772
f 1777/1777/1777 1768/1768/1768 1767/1767/1767 1776/1776/1776
f 1778/1778/1778 1769/1769/1769 1768/1768/1768 1777/1777/1777
f 1779/1779/1779 1770/1770/1770 1769/1769/1769 1778/1778/1778
f 1780/1780/1780 1771/1771/1771 1770/1770/1770 1779/1779/1779
f 1781/1781/1781 1772/1772/1772 1771/1771/1771 1780/1780/1780
f 1782/1782/1782 1773/1773/1773 1772/1772/1772 1781/1781/1781
f 1786/1786/1786 1777/1777/1777 1776/1776/1776 1785/1785/1785
f 1787/1787/1787 1778/1778/1778 1777/1777/1777 1786/1786/1786
f 1788/1788/1788 1779/1779/1779 1778/1778/1778 1787/1787/1787
f 1789/1789/1789 1780/1780/1780 1779/1779/1779 1788/1788/1788
f 1790/1790/1790 1781/1781/1781 1780/1780/1780 1789/1789/1789
f 1791/1791/1791 1782/1782/1782 1781/1781/1781 1790/1790/1790
f 1795/1795/1795 1786/1786/1786 1785/1785/1785 1794/1794/1794
f 1796/1796/1796 1787/1787/1787 1786/1786/1786 1795/1795/1795
f 1797/1797/1797 1788/1788/1788 1787/1787/1787 1796/1796/1796
f 1798/1798/1798 1789/1789/1789 1788/1788/1788 1797/1797/1797
f 1799/1799/1799 1790/1790/1790 1789/1789/1789 1798/1798/1798
f 1800/1800/1800 1791/1791/1791 1790/1790/1790 1799/1799/1799
f 1804/1804/1804 1795/1795/1795 1794/1794/1794 1803/1803/1803
f 1805/1805/1805 1796/1796/1796 1795/1795/1795 1804/1804/1804
f 1806/1806/1806 1797/1797/1797 1796/1796/1796 1805/1805/1805
f 1807/1807/1807 1798/1798/1798 1797/1797/1797 1806/1806/1806
f 1808/1808/1808 1799/1799/1799 1798/1798/1798 1807/1807/1807
f 1809/1809/1809 1800/1800/1800 1799/1799/1799 1808/1808/1808
f 1869/1869/1869 1813/1813/1813 1804/1804/1804
f 1803/1803/1803 1812/1812/1812 1869/1869/1869
f 1804/1804/1804 1803/1803/1803 1869/1869/1869
f 1872/1872/1872 1814/1814/1814 1805/1805/1805
f 1804/1804/1804 1813/1813/1813 1872/1872/1872
f 1805/1805/1805 1804/1804/1804 1872/1872/1872
f 1875/1875/1875 1815/1815/1815 1806/1806/1806
f 1805/1805/1805 1814/1814/1814 1875/1875/1875
f 1806/1806/1806 1805/1805/1805 1875/1875/1875
f 1878/1878/1878 1816/1816/1816 1807/1807/1807
f 1806/1806/1806 1815/1815/1815 1878/1878/1878
f 1807/1807/1807 1806/1806/1806 1878/1878/1878
f 1881/1881/1881 1817/1817/1817 1808/1808/1808
f 1807/1807/1807 1816/1816/1816 1881/1881/1881
f 1808/1808/1808 1807/1807/1807 1881/1881/1881
f 1884/1884/1884 1818/1818/1818 1809/1809/1809
f 1808/1808/1808 1817/1817/1817 1884/1884/1884
f 1809/1809/1809 1808/1808/1808 1884/1884/1884
f 1865/1865/1865 1812/1812/1812 1866/1866/1866 1867/1867/1867
f 1868/1868/1868 1813/1813/1813 1869/1869/1869 1870/1870/1870
f 1870/1870/1870 1869/1869/1869 1812/1812/1812 1865/1865/1865
f 1871/1871/1871 1814/1814/1814 1872/1872/1872 1873/1873/1873
f 1873/1873/1873 1872/1872/1872 1813/1813/1813 1868/1868/1868
f 1874/1874/1874 1815/1815/1815 1875/1875/1875 1876/1876/1876
f 1876/1876/1876 1875/1875/1875 1814/1814/1814 1871/1871/1871
f 1877/1877/1877 1816/1816/1816 1878/1878/1878 1879/1879/1879
f 1879/1879/1879 1878/1878/1878 1815/1815/1815 1874/1874/1874
f 1880/1880/1880 1817/1817/1817 1881/1881/1881 1882/1882/1882
f 1882/1882/1882 1881/1881/1881 1816/1816/1816 1877/1877/1877
f 1883/1883/1883 1818/1818/1818 1884/1884/1884 1885/1885/1885
f 1885/1885/1885 1884/1884/1884 1817/1817/1817 1880/1880/1880
f 1887/1887/1887 1886/1886/1886 1818/1818/1818 1883/1883/1883
f 1854/1854/1854 1831/1831/1831 1746/1746/1746
f 1830/1830/1830 1831/1831/1831 1851/1851/1851 1852/1852/1852
f 1854/1854/1854 1851/1851/1851 1831/1831/1831
f 1854/1854/1854 1746/1746/1746 1748/1748/1748
f 1828/1828/1828 1829/1829/1829 1849/1849/1849 1845/1845/1845
f 1827/1827/1827 1828/1828/1828 1845/1845/1845 1846/1846/1846
f 1829/1829/1829 1830/1830/1830 1852/1852/1852 1848/1848/1848
f 1829/1829/1829 1848/1848/1848 1849/1849/1849
f 1757/1757/1757 1853/1853/1853 1748/1748/1748
f 1758/1758/1758 1853/1853/1853 1757/1757/1757
f 1766/1766/1766 1767/1767/1767 1758/1758/1758 1757/1757/1757
f 1775/1775/1775 1776/1776/1776 1767/1767/1767 1766/1766/1766
f 1758/1758/1758 1749/1749/1749 1853/1853/1853
f 1776/1776/1776 1775/1775/1775 1784/1784/1784 1785/1785/1785
f 1748/1748/1748 1853/1853/1853 1854/1854/1854
f 1842/1842/1842 1827/1827/1827 1846/1846/1846
f 1825/1825/1825 1826/1826/1826 1843/1843/1843 1839/1839/1839
f 1826/1826/1826 1842/1842/1842 1843/1843/1843
f 1842/1842/1842 1826/1826/1826 1827/1827/1827
f 1839/1839/1839 1840/1840/1840 1824/1824/1824 1825/1825/1825
f 1823/1823/1823 1824/1824/1824 1836/1836/1836 1837/1837/1837
f 1822/1822/1822 1823/1823/1823 1837/1837/1837 1833/1833/1833
f 1834/1834/1834 1747/1747/1747 1822/1822/1822
f 1840/1840/1840 1836/1836/1836 1824/1824/1824
f 1773/1773/1773 1774/1774/1774 1765/1765/1765 1764/1764/1764
f 1782/1782/1782 1783/1783/1783 1774/1774/1774 1773/1773/1773
f 1832/1832/1832 1755/1755/1755 1764/1764/1764
f 1756/1756/1756 1834/1834/1834 1832/1832/1832
f 1765/1765/1765 1756/1756/1756 1832/1832/1832
f 1747/1747/1747 1834/1834/1834 1756/1756/1756
f 1764/1764/1764 1765/1765/1765 1832/1832/1832
f 1783/1783/1783 1782/1782/1782 1791/1791/1791 1792/1792/1792
f 1822/1822/1822 1833/1833/1833 1834/1834/1834
f 1793/1793/1793 1794/1794/1794 1785/1785/1785 1784/1784/1784
f 1866/1866/1866 1802/1802/1802 1811/1811/1811
f 1867/1867/1867 1866/1866/1866 1811/1811/1811
f 1802/1802/1802 1803/1803/1803 1794/1794/1794 1793/1793/1793
f 1802/1802/1802 1866/1866/1866 1803/1803/1803
f 1866/1866/1866 1812/1812/1812 1803/1803/1803
f 1855/1855/1855 1865/1865/1865 1867/1867/1867
f 1867/1867/1867 1811/1811/1811 1820/1820/1820
f 1868/1868/1868 1870/1870/1870 1856/1856/1856 1857/1857/1857
f 1855/1855/1855 1856/1856/1856 1870/1870/1870 1865/1865/1865
f 1855/1855/1855 1867/1867/1867 1820/1820/1820
f 1858/1858/1858 1871/1871/1871 1873/1873/1873
f 1876/1876/1876 1871/1871/1871 1858/1858/1858 1859/1859/1859
f 1873/1873/1873 1857/1857/1857 1858/1858/1858
f 1857/1857/1857 1873/1873/1873 1868/1868/1868
f 1874/1874/1874 1876/1876/1876 1859/1859/1859
f 1800/1800/1800 1801/1801/1801 1792/1792/1792 1791/1791/1791
f 1860/1860/1860 1879/1879/1879 1874/1874/1874
f 1809/1809/1809 1810/1810/1810 1801/1801/1801 1800/1800/1800
f 1809/1809/1809 1886/1886/1886 1810/1810/1810
f 1886/1886/1886 1887/1887/1887 1819/1819/1819
f 1810/1810/1810 1886/1886/1886 1819/1819/1819
f 1818/1818/1818 1886/1886/1886 1809/1809/1809
f 1882/1882/1882 1877/1877/1877 1861/1861/1861 1862/1862/1862
f 1862/1862/1862 1880/1880/1880 1882/1882/1882
f 1877/1877/1877 1879/1879/1879 1860/1860/1860 1861/1861/1861
f 1862/1862/1862 1863/1863/1863 1885/1885/1885 1880/1880/1880
f 1883/1883/1883 1885/1885/1885 1863/1863/1863 1864/1864/1864
f 1864/1864/1864 1887/1887/1887 1883/1883/1883
f 1887/1887/1887 1864/1864/1864 1821/1821/1821
f 1819/1819/1819 1887/1887/1887 1821/1821/1821
f 1860/1860/1860 1874/1874/1874 1859/1859/1859
f 1891/1891/1891 2053/2053/2053 2054/2054/2054 2051/2051/2051
f 1892/1892/1892 2050/2050/2050 2052/2052/2052 2048/2048/2048
f 2050/2050/2050 1891/1891/1891 2051/2051/2051 2052/2052/2052
f 1893/1893/1893 2047/2047/2047 2049/2049/2049 2045/2045/2045
f 2047/2047/2047 1892/1892/1892 2048/2048/2048 2049/2049/2049
f 1894/1894/1894 2044/2044/2044 2046/2046/2046 2042/2042/2042
f 2044/2044/2044 1893/1893/1893 2045/2045/2045 2046/2046/2046
f 1895/1895/1895 2041/2041/2041 2043/2043/2043 2039/2039/2039
f 2041/2041/2041 1894/1894/1894 2042/2042/2042 2043/2043/2043
f 1896/1896/1896 2038/2038/2038 2040/2040/2040 2036/2036/2036
f 2038/2038/2038 1895/1895/1895 2039/2039/2039 2040/2040/2040
f 1897/1897/1897 2035/2035/2035 2037/2037/2037 2033/2033/2033
f 2035/2035/2035 1896/1896/1896 2036/2036/2036 2037/2037/2037
f 2032/2032/2032 1897/1897/1897 2033/2033/2033 2034/2034/2034
f 2050/2050/2050 1900/1900/1900 1891/1891/1891
f 1901/1901/1901 2050/2050/2050 1892/1892/1892
f 1900/1900/1900 2050/2050/2050 1901/1901/1901
f 2047/2047/2047 1901/1901/1901 1892/1892/1892
f 1902/1902/1902 2047/2047/2047 1893/1893/1893
f 1901/1901/1901 2047/2047/2047 1902/1902/1902
f 2044/2044/2044 1902/1902/1902 1893/1893/1893
f 1903/1903/1903 2044/2044/2044 1894/1894/1894
f 1902/1902/1902 2044/2044/2044 1903/1903/1903
f 2041/2041/2041 1903/1903/1903 1894/1894/1894
f 1904/1904/1904 2041/2041/2041 1895/1895/1895
f 1903/1903/1903 2041/2041/2041 1904/1904/1904
f 2038/2038/2038 1904/1904/1904 1895/1895/1895
f 1905/1905/1905 2038/2038/2038 1896/1896/1896
f 1904/1904/1904 2038/2038/2038 1905/1905/1905
f 2035/2035/2035 1905/1905/1905 1896/1896/1896
f 1906/1906/1906 2035/2035/2035 1897/1897/1897
f 1905/1905/1905 2035/2035/2035 1906/1906/1906
f 1910/1910/1910 1909/1909/1909 1900/1900/1900 1901/1901/1901
f 1911/1911/1911 1910/1910/1910 1901/1901/1901 1902/1902/1902
f 1912/1912/1912 1911/1911/1911 1902/1902/1902 1903/1903/1903
f 1913/1913/1913 1912/1912/1912 1903/1903/1903 1904/1904/1904
f 1914/1914/1914 1913/1913/1913 1904/1904/1904 1905/1905/1905
f 1915/1915/1915 1914/1914/1914 1905/1905/1905 1906/1906/1906
f 1919/1919/1919 1918/1918/1918 1909/1909/1909 1910/1910/1910
f 1920/1920/1920 1919/1919/1919 1910/1910/1910 1911/1911/1911
f 1921/1921/1921 1920/1920/1920 1911/1911/1911 1912/1912/1912
f 1922/1922/1922 1921/1921/1921 1912/1912/1912 1913/1913/1913
f 1923/1923/1923 1922/1922/1922 1913/1913/1913 1914/1914/1914
f 1924/1924/1924 1923/1923/1923 1914/1914/1914 1915/1915/1915
f 1962/1962/1962 1919/1919/1919 1928/1928/1928
f 1918/1918/1918 1962/1962/1962 1927/1927/1927
f 1919/1919/1919 1962/1962/1962 1918/1918/1918
f 1971/1971/1971 1920/1920/1920 1929/1929/1929
f 1919/1919/1919 1971/1971/1971 1928/1928/1928
f 1920/1920/1920 1971/1971/1971 1919/1919/1919
f 1980/1980/1980 1921/1921/1921 1930/1930/1930
f 1920/1920/1920 1980/1980/1980 1929/1929/1929
f 1921/1921/1921 1980/1980/1980 1920/1920/1920
f 1989/1989/1989 1922/1922/1922 1931/1931/1931
f 1921/1921/1921 1989/1989/1989 1930/1930/1930
f 1922/1922/1922 1989/1989/1989 1921/1921/1921
f 1998/1998/1998 1923/1923/1923 1932/1932/1932
f 1922/1922/1922 1998/1998/1998 1931/1931/1931
f 1923/1923/1923 1998/1998/1998 1922/1922/1922
f 2007/2007/2007 1924/1924/1924 1933/1933/1933
f 1923/1923/1923 2007/2007/2007 1932/1932/1932
f 1924/1924/1924 2007/2007/2007 1923/1923/1923
f 1958/1958/1958 1960/1960/1960 1959/1959/1959 1952/1952/1952
f 1960/1960/1960 1955/1955/1955 1954/1954/1954 1959/1959/1959
f 1959/1959/1959 1927/1927/1927 1952/1952/1952
f 1953/1953/1953 1959/1959/1959 1954/1954/1954
f 1927/1927/1927 1959/1959/1959 1953/1953/1953
f 1955/1955/1955 1957/1957/1957 1956/1956/1956 1954/1954/1954
f 1967/1967/1967 1969/1969/1969 1968/1968/1968 1961/1961/1961
f 1969/1969/1969 1964/1964/1964 1963/1963/1963 1968/1968/1968
f 1968/1968/1968 1928/1928/1928 1961/1961/1961
f 1962/1962/1962 1968/1968/1968 1963/1963/1963
f 1928/1928/1928 1968/1968/1968 1962/1962/1962
f 1965/1965/1965 1962/1962/1962 1963/1963/1963
f 1927/1927/1927 1965/1965/1965 1952/1952/1952
f 1962/1962/1962 1965/1965/1965 1927/1927/1927
f 1964/1964/1964 1966/1966/1966 1965/1965/1965 1963/1963/1963
f 1966/1966/1966 1958/1958/1958 1952/1952/1952 1965/1965/1965
f 1976/1976/1976 1978/1978/1978 1977/1977/1977 1970/1970/1970
f 1978/1978/1978 1973/1973/1973 1972/1972/1972 1977/1977/1977
f 1977/1977/1977 1929/1929/1929 1970/1970/1970
f 1971/1971/1971 1977/1977/1977 1972/1972/1972
f 1929/1929/1929 1977/1977/1977 1971/1971/1971
f 1974/1974/1974 1971/1971/1971 1972/1972/1972
f 1928/1928/1928 1974/1974/1974 1961/1961/1961
f 1971/1971/1971 1974/1974/1974 1928/1928/1928
f 1973/1973/1973 1975/1975/1975 1974/1974/1974 1972/1972/1972
f 1975/1975/1975 1967/1967/1967 1961/1961/1961 1974/1974/1974
f 1985/1985/1985 1987/1987/1987 1986/1986/1986 1979/1979/1979
f 1987/1987/1987 1982/1982/1982 1981/1981/1981 1986/1986/1986
f 1986/1986/1986 1930/1930/1930 1979/1979/1979
f 1980/1980/1980 1986/1986/1986 1981/1981/1981
f 1930/1930/1930 1986/1986/1986 1980/1980/1980
f 1983/1983/1983 1980/1980/1980 1981/1981/1981
f 1929/1929/1929 1983/1983/1983 1970/1970/1970
f 1980/1980/1980 1983/1983/1983 1929/1929/1929
f 1982/1982/1982 1984/1984/1984 1983/1983/1983 1981/1981/1981
f 1984/1984/1984 1976/1976/1976 1970/1970/1970 1983/1983/1983
f 1994/1994/1994 1996/1996/1996 1995/1995/1995 1988/1988/1988
f 1996/1996/1996 1991/1991/1991 1990/1990/1990 1995/1995/1995
f 1995/1995/1995 1931/1931/1931 1988/1988/1988
f 1989/1989/1989 1995/1995/1995 1990/1990/1990
f 1931/1931/1931 1995/1995/1995 1989/1989/1989
f 1992/1992/1992 1989/1989/1989 1990/1990/1990
f 1930/1930/1930 1992/1992/1992 1979/1979/1979
f 1989/1989/1989 1992/1992/1992 1930/1930/1930
f 1991/1991/1991 1993/1993/1993 1992/1992/1992 1990/1990/1990
f 1993/1993/1993 1985/1985/1985 1979/1979/1979 1992/1992/1992
f 2003/2003/2003 2005/2005/2005 2004/2004/2004 1997/1997/1997
f 2005/2005/2005 2000/2000/2000 1999/1999/1999 2004/2004/2004
f 2004/2004/2004 1932/1932/1932 1997/1997/1997
f 1998/1998/1998 2004/2004/2004 1999/1999/1999
f 1932/1932/1932 2004/2004/2004 1998/1998/1998
f 2001/2001/2001 1998/1998/1998 1999/1999/1999
f 1931/1931/1931 2001/2001/2001 1988/1988/1988
f 1998/1998/1998 2001/2001/2001 1931/1931/1931
f 2000/2000/2000 2002/2002/2002 2001/2001/2001 1999/1999/1999
f 2002/2002/2002 1994/1994/1994 1988/1988/1988 2001/2001/2001
f 2012/2012/2012 2014/2014/2014 2013/2013/2013 2006/2006/2006
f 2014/2014/2014 2009/2009/2009 2008/2008/2008 2013/2013/2013
f 2013/2013/2013 1933/1933/1933 2006/2006/2006
f 2007/2007/2007 2013/2013/2013 2008/2008/2008
f 1933/1933/1933 2013/2013/2013 2007/2007/2007
f 2010/2010/2010 2007/2007/2007 2008/2008/2008
f 1932/1932/1932 2010/2010/2010 1997/1997/1997
f 2007/2007/2007 2010/2010/2010 1932/1932/1932
f 2009/2009/2009 2011/2011/2011 2010/2010/2010 2008/2008/2008
f 2011/2011/2011 2003/2003/2003 1997/1997/1997 2010/2010/2010
f 2021/2021/2021 2017/2017/2017 2016/2016/2016 2020/2020/2020
f 2018/2018/2018 2015/2015/2015 2016/2016/2016
f 1933/1933/1933 2018/2018/2018 2006/2006/2006
f 2015/2015/2015 2018/2018/2018 1933/1933/1933
f 2017/2017/2017 2019/2019/2019 2018/2018/2018 2016/2016/2016
f 2019/2019/2019 2012/2012/2012 2006/2006/2006 2018/2018/2018
f 2054/2054/2054 1888/1888/1888 2031/2031/2031
f 2030/2030/2030 2052/2052/2052 2051/2051/2051 2031/2031/2031
f 2031/2031/2031 2051/2051/2051 2054/2054/2054
f 2054/2054/2054 1890/1890/1890 1888/1888/1888
f 2052/2052/2052 2030/2030/2030 2029/2029/2029 2048/2048/2048
f 2028/2028/2028 2045/2045/2045 2049/2049/2049 2029/2029/2029
f 2027/2027/2027 2046/2046/2046 2045/2045/2045 2028/2028/2028
f 2029/2029/2029 2049/2049/2049 2048/2048/2048
f 2053/2053/2053 1899/1899/1899 1890/1890/1890
f 1899/1899/1899 2053/2053/2053 1900/1900/1900
f 1908/1908/1908 1899/1899/1899 1900/1900/1900 1909/1909/1909
f 1917/1917/1917 1908/1908/1908 1909/1909/1909 1918/1918/1918
f 1926/1926/1926 1917/1917/1917 1953/1953/1953
f 1900/1900/1900 2053/2053/2053 1891/1891/1891
f 1953/1953/1953 1918/1918/1918 1927/1927/1927
f 1953/1953/1953 1917/1917/1917 1918/1918/1918
f 1953/1953/1953 1956/1956/1956 1926/1926/1926
f 1890/1890/1890 2054/2054/2054 2053/2053/2053
f 2042/2042/2042 2046/2046/2046 2027/2027/2027
f 2025/2025/2025 2039/2039/2039 2043/2043/2043 2026/2026/2026
f 2027/2027/2027 2026/2026/2026 2042/2042/2042
f 2042/2042/2042 2026/2026/2026 2043/2043/2043
f 2039/2039/2039 2025/2025/2025 2024/2024/2024 2040/2040/2040
f 2023/2023/2023 2037/2037/2037 2036/2036/2036 2024/2024/2024
f 2022/2022/2022 2033/2033/2033 2037/2037/2037 2023/2023/2023
f 2033/2033/2033 2022/2022/2022 2034/2034/2034
f 2022/2022/2022 1889/1889/1889 2034/2034/2034
f 2036/2036/2036 2040/2040/2040 2024/2024/2024
f 1897/1897/1897 2032/2032/2032 1906/1906/1906
f 1915/1915/1915 1906/1906/1906 1907/1907/1907 1916/1916/1916
f 1924/1924/1924 1915/1915/1915 1916/1916/1916 1925/1925/1925
f 1933/1933/1933 1924/1924/1924 2015/2015/2015
f 1898/1898/1898 1907/1907/1907 2032/2032/2032
f 1907/1907/1907 1906/1906/1906 2032/2032/2032
f 2034/2034/2034 1898/1898/1898 2032/2032/2032
f 2015/2015/2015 1925/1925/1925 1934/1934/1934
f 1934/1934/1934 2020/2020/2020 2015/2015/2015
f 1924/1924/1924 1925/1925/1925 2015/2015/2015
f 1889/1889/1889 1898/1898/1898 2034/2034/2034
f 1935/1935/1935 1956/1956/1956 1957/1957/1957
f 1953/1953/1953 1954/1954/1954 1956/1956/1956
f 1937/1937/1937 1955/1955/1955 1960/1960/1960
f 1938/1938/1938 1960/1960/1960 1958/1958/1958
f 1955/1955/1955 1937/1937/1937 1957/1957/1957
f 1939/1939/1939 1966/1966/1966 1964/1964/1964
f 1939/1939/1939 1964/1964/1964 1969/1969/1969
f 1940/1940/1940 1967/1967/1967 1975/1975/1975
f 1941/1941/1941 1973/1973/1973 1978/1978/1978
f 1973/1973/1973 1941/1941/1941 1975/1975/1975
f 1967/1967/1967 1940/1940/1940 1969/1969/1969
f 1966/1966/1966 1938/1938/1938 1958/1958/1958
f 1937/1937/1937 1960/1960/1960 1938/1938/1938
f 1938/1938/1938 1966/1966/1966 1939/1939/1939
f 1940/1940/1940 1975/1975/1975 1941/1941/1941
f 1941/1941/1941 1978/1978/1978 1942/1942/1942
f 1939/1939/1939 1969/1969/1969 1940/1940/1940
f 1942/1942/1942 1976/1976/1976 1984/1984/1984
f 1943/1943/1943 1984/1984/1984 1982/1982/1982
f 1982/1982/1982 1987/1987/1987 1943/1943/1943
f 1985/1985/1985 1944/1944/1944 1987/1987/1987
f 1943/1943/1943 1987/1987/1987 1944/1944/1944
f 1942/1942/1942 1984/1984/1984 1943/1943/1943
f 1976/1976/1976 1942/1942/1942 1978/1978/1978
f 1935/1935/1935 1957/1957/1957 1937/1937/1937
f 1935/1935/1935 1926/1926/1926 1956/1956/1956
f 1993/1993/1993 1944/1944/1944 1985/1985/1985
f 1945/1945/1945 1993/1993/1993 1991/1991/1991
f 1946/1946/1946 1996/1996/1996 1994/1994/1994
f 1946/1946/1946 1994/1994/1994 2002/2002/2002
f 1996/1996/1996 1945/1945/1945 1991/1991/1991
f 2015/2015/2015 2020/2020/2020 2016/2016/2016
f 1948/1948/1948 2005/2005/2005 2003/2003/2003
f 1949/1949/1949 2011/2011/2011 2009/2009/2009
f 2011/2011/2011 1948/1948/1948 2003/2003/2003
f 2005/2005/2005 1947/1947/1947 2000/2000/2000
f 2000/2000/2000 1947/1947/1947 2002/2002/2002
f 2002/2002/2002 1947/1947/1947 1946/1946/1946
f 1945/1945/1945 1996/1996/1996 1946/1946/1946
f 2005/2005/2005 1948/1948/1948 1947/1947/1947
f 1948/1948/1948 2011/2011/2011 1949/1949/1949
f 2009/2009/2009 2014/2014/2014 1949/1949/1949
f 1950/1950/1950 1949/1949/1949 2014/2014/2014
f 1950/1950/1950 2012/2012/2012 2019/2019/2019
f 1951/1951/1951 2019/2019/2019 2017/2017/2017
f 2017/2017/2017 2021/2021/2021 1951/1951/1951
f 2020/2020/2020 1936/1936/1936 2021/2021/2021
f 1951/1951/1951 2021/2021/2021 1936/1936/1936
f 1950/1950/1950 2019/2019/2019 1951/1951/1951
f 1950/1950/1950 2014/2014/2014 2012/2012/2012
f 1993/1993/1993 1945/1945/1945 1944/1944/1944
f 1934/1934/1934 1936/1936/1936 2020/2020/2020
f 2269/2269/2269 2268/2268/2268 2267/2267/2267
f 2058/2058/2058 2259/2259/2259 2269/2269/2269
f 2267/2267/2267 2058/2058/2058 2269/2269/2269
f 2259/2259/2259 2265/2265/2265 2271/2271/2271 2269/2269/2269
f 2269/2269/2269 2271/2271/2271 2270/2270/2270 2268/2268/2268
f 2268/2268/2268 2270/2270/2270 2273/2273/2273 2272/2272/2272
f 2261/2261/2261 2260/2260/2260 2258/2258/2258
f 2059/2059/2059 2250/2250/2250 2261/2261/2261
f 2258/2258/2258 2059/2059/2059 2261/2261/2261
f 2250/2250/2250 2256/2256/2256 2263/2263/2263 2261/2261/2261
f 2261/2261/2261 2263/2263/2263 2262/2262/2262 2260/2260/2260
f 2260/2260/2260 2262/2262/2262 2266/2266/2266 2264/2264/2264
f 2264/2264/2264 2266/2266/2266 2265/2265/2265 2259/2259/2259
f 2264/2264/2264 2259/2259/2259 2058/2058/2058
f 2258/2258/2258 2260/2260/2260 2264/2264/2264
f 2058/2058/2058 2258/2258/2258 2264/2264/2264
f 2252/2252/2252 2251/2251/2251 2249/2249/2249
f 2060/2060/2060 2241/2241/2241 2252/2252/2252
f 2249/2249/2249 2060/2060/2060 2252/2252/2252
f 2241/2241/2241 2247/2247/2247 2254/2254/2254 2252/2252/2252
f 2252/2252/2252 2254/2254/2254 2253/2253/2253 2251/2251/2251
f 2251/2251/2251 2253/2253/2253 2257/2257/2257 2255/2255/2255
f 2255/2255/2255 2257/2257/2257 2256/2256/2256 2250/2250/2250
f 2255/2255/2255 2250/2250/2250 2059/2059/2059
f 2249/2249/2249 2251/2251/2251 2255/2255/2255
f 2059/2059/2059 2249/2249/2249 2255/2255/2255
f 2243/2243/2243 2242/2242/2242 2240/2240/2240
f 2061/2061/2061 2232/2232/2232 2243/2243/2243
f 2240/2240/2240 2061/2061/2061 2243/2243/2243
f 2232/2232/2232 2238/2238/2238 2245/2245/2245 2243/2243/2243
f 2243/2243/2243 2245/2245/2245 2244/2244/2244 2242/2242/2242
f 2242/2242/2242 2244/2244/2244 2248/2248/2248 2246/2246/2246
f 2246/2246/2246 2248/2248/2248 2247/2247/2247 2241/2241/2241
f 2246/2246/2246 2241/2241/2241 2060/2060/2060
f 2240/2240/2240 2242/2242/2242 2246/2246/2246
f 2060/2060/2060 2240/2240/2240 2246/2246/2246
f 2234/2234/2234 2233/2233/2233 2231/2231/2231
f 2062/2062/2062 2223/2223/2223 2234/2234/2234
f 2231/2231/2231 2062/2062/2062 2234/2234/2234
f 2223/2223/2223 2229/2229/2229 2236/2236/2236 2234/2234/2234
f 2234/2234/2234 2236/2236/2236 2235/2235/2235 2233/2233/2233
f 2233/2233/2233 2235/2235/2235 2239/2239/2239 2237/2237/2237
f 2237/2237/2237 2239/2239/2239 2238/2238/2238 2232/2232/2232
f 2237/2237/2237 2232/2232/2232 2061/2061/2061
f 2231/2231/2231 2233/2233/2233 2237/2237/2237
f 2061/2061/2061 2231/2231/2231 2237/2237/2237
f 2225/2225/2225 2224/2224/2224 2222/2222/2222
f 2063/2063/2063 2214/2214/2214 2225/2225/2225
f 2222/2222/2222 2063/2063/2063 2225/2225/2225
f 2214/2214/2214 2220/2220/2220 2227/2227/2227 2225/2225/2225
f 2225/2225/2225 2227/2227/2227 2226/2226/2226 2224/2224/2224
f 2224/2224/2224 2226/2226/2226 2230/2230/2230 2228/2228/2228
f 2228/2228/2228 2230/2230/2230 2229/2229/2229 2223/2223/2223
f 2228/2228/2228 2223/2223/2223 2062/2062/2062
f 2222/2222/2222 2224/2224/2224 2228/2228/2228
f 2062/2062/2062 2222/2222/2222 2228/2228/2228
f 2216/2216/2216 2215/2215/2215 2213/2213/2213
f 2064/2064/2064 2205/2205/2205 2216/2216/2216
f 2213/2213/2213 2064/2064/2064 2216/2216/2216
f 2205/2205/2205 2211/2211/2211 2218/2218/2218 2216/2216/2216
f 2216/2216/2216 2218/2218/2218 2217/2217/2217 2215/2215/2215
f 2215/2215/2215 2217/2217/2217 2221/2221/2221 2219/2219/2219
f 2219/2219/2219 2221/2221/2221 2220/2220/2220 2214/2214/2214
f 2219/2219/2219 2214/2214/2214 2063/2063/2063
f 2213/2213/2213 2215/2215/2215 2219/2219/2219
f 2063/2063/2063 2213/2213/2213 2219/2219/2219
f 2207/2207/2207 2209/2209/2209 2208/2208/2208 2206/2206/2206
f 2206/2206/2206 2208/2208/2208 2212/2212/2212 2210/2210/2210
f 2210/2210/2210 2212/2212/2212 2211/2211/2211 2205/2205/2205
f 2210/2210/2210 2205/2205/2205 2064/2064/2064
f 2204/2204/2204 2206/2206/2206 2210/2210/2210
f 2064/2064/2064 2204/2204/2204 2210/2210/2210
f 2258/2258/2258 2058/2058/2058 2067/2067/2067
f 2068/2068/2068 2059/2059/2059 2258/2258/2258
f 2067/2067/2067 2068/2068/2068 2258/2258/2258
f 2249/2249/2249 2059/2059/2059 2068/2068/2068
f 2069/2069/2069 2060/2060/2060 2249/2249/2249
f 2068/2068/2068 2069/2069/2069 2249/2249/2249
f 2240/2240/2240 2060/2060/2060 2069/2069/2069
f 2070/2070/2070 2061/2061/2061 2240/2240/2240
f 2069/2069/2069 2070/2070/2070 2240/2240/2240
f 2231/2231/2231 2061/2061/2061 2070/2070/2070
f 2071/2071/2071 2062/2062/2062 2231/2231/2231
f 2070/2070/2070 2071/2071/2071 2231/2231/2231
f 2222/2222/2222 2062/2062/2062 2071/2071/2071
f 2072/2072/2072 2063/2063/2063 2222/2222/2222
f 2071/2071/2071 2072/2072/2072 2222/2222/2222
f 2213/2213/2213 2063/2063/2063 2072/2072/2072
f 2073/2073/2073 2064/2064/2064 2213/2213/2213
f 2072/2072/2072 2073/2073/2073 2213/2213/2213
f 2077/2077/2077 2068/2068/2068 2067/2067/2067 2076/2076/2076
f 2078/2078/2078 2069/2069/2069 2068/2068/2068 2077/2077/2077
f 2079/2079/2079 2070/2070/2070 2069/2069/2069 2078/2078/2078
f 2080/2080/2080 2071/2071/2071 2070/2070/2070 2079/2079/2079
f 2081/2081/2081 2072/2072/2072 2071/2071/2071 2080/2080/2080
f 2082/2082/2082 2073/2073/2073 2072/2072/2072 2081/2081/2081
f 2086/2086/2086 2077/2077/2077 2076/2076/2076 2085/2085/2085
f 2087/2087/2087 2078/2078/2078 2077/2077/2077 2086/2086/2086
f 2088/2088/2088 2079/2079/2079 2078/2078/2078 2087/2087/2087
f 2089/2089/2089 2080/2080/2080 2079/2079/2079 2088/2088/2088
f 2090/2090/2090 2081/2081/2081 2080/2080/2080 2089/2089/2089
f 2091/2091/2091 2082/2082/2082 2081/2081/2081 2090/2090/2090
f 2129/2129/2129 2095/2095/2095 2086/2086/2086
f 2085/2085/2085 2094/2094/2094 2129/2129/2129
f 2086/2086/2086 2085/2085/2085 2129/2129/2129
f 2138/2138/2138 2096/2096/2096 2087/2087/2087
f 2086/2086/2086 2095/2095/2095 2138/2138/2138
f 2087/2087/2087 2086/2086/2086 2138/2138/2138
f 2147/2147/2147 2097/2097/2097 2088/2088/2088
f 2087/2087/2087 2096/2096/2096 2147/2147/2147
f 2088/2088/2088 2087/2087/2087 2147/2147/2147
f 2156/2156/2156 2098/2098/2098 2089/2089/2089
f 2088/2088/2088 2097/2097/2097 2156/2156/2156
f 2089/2089/2089 2088/2088/2088 2156/2156/2156
f 2165/2165/2165 2099/2099/2099 2090/2090/2090
f 2089/2089/2089 2098/2098/2098 2165/2165/2165
f 2090/2090/2090 2089/2089/2089 2165/2165/2165
f 2174/2174/2174 2100/2100/2100 2091/2091/2091
f 2090/2090/2090 2099/2099/2099 2174/2174/2174
f 2091/2091/2091 2090/2090/2090 2174/2174/2174
f 2125/2125/2125 2119/2119/2119 2126/2126/2126 2127/2127/2127
f 2127/2127/2127 2126/2126/2126 2121/2121/2121 2122/2122/2122
f 2126/2126/2126 2119/2119/2119 2094/2094/2094
f 2120/2120/2120 2121/2121/2121 2126/2126/2126
f 2094/2094/2094 2120/2120/2120 2126/2126/2126
f 2122/2122/2122 2121/2121/2121 2123/2123/2123 2124/2124/2124
f 2134/2134/2134 2128/2128/2128 2135/2135/2135 2136/2136/2136
f 2136/2136/2136 2135/2135/2135 2130/2130/2130 2131/2131/2131
f 2135/2135/2135 2128/2128/2128 2095/2095/2095
f 2129/2129/2129 2130/2130/2130 2135/2135/2135
f 2095/2095/2095 2129/2129/2129 2135/2135/2135
f 2132/2132/2132 2130/2130/2130 2129/2129/2129
f 2094/2094/2094 2119/2119/2119 2132/2132/2132
f 2129/2129/2129 2094/2094/2094 2132/2132/2132
f 2131/2131/2131 2130/2130/2130 2132/2132/2132 2133/2133/2133
f 2133/2133/2133 2132/2132/2132 2119/2119/2119 2125/2125/2125
f 2143/2143/2143 2137/2137/2137 2144/2144/2144 2145/2145/2145
f 2145/2145/2145 2144/2144/2144 2139/2139/2139 2140/2140/2140
f 2144/2144/2144 2137/2137/2137 2096/2096/2096
f 2138/2138/2138 2139/2139/2139 2144/2144/2144
f 2096/2096/2096 2138/2138/2138 2144/2144/2144
f 2141/2141/2141 2139/2139/2139 2138/2138/2138
f 2095/2095/2095 2128/2128/2128 2141/2141/2141
f 2138/2138/2138 2095/2095/2095 2141/2141/2141
f 2140/2140/2140 2139/2139/2139 2141/2141/2141 2142/2142/2142
f 2142/2142/2142 2141/2141/2141 2128/2128/2128 2134/2134/2134
f 2152/2152/2152 2146/2146/2146 2153/2153/2153 2154/2154/2154
f 2154/2154/2154 2153/2153/2153 2148/2148/2148 2149/2149/2149
f 2153/2153/2153 2146/2146/2146 2097/2097/2097
f 2147/2147/2147 2148/2148/2148 2153/2153/2153
f 2097/2097/2097 2147/2147/2147 2153/2153/2153
f 2150/2150/2150 2148/2148/2148 2147/2147/2147
f 2096/2096/2096 2137/2137/2137 2150/2150/2150
f 2147/2147/2147 2096/2096/2096 2150/2150/2150
f 2149/2149/2149 2148/2148/2148 2150/2150/2150 2151/2151/2151
f 2151/2151/2151 2150/2150/2150 2137/2137/2137 2143/2143/2143
f 2161/2161/2161 2155/2155/2155 2162/2162/2162 2163/2163/2163
f 2163/2163/2163 2162/2162/2162 2157/2157/2157 2158/2158/2158
f 2162/2162/2162 2155/2155/2155 2098/2098/2098
f 2156/2156/2156 2157/2157/2157 2162/2162/2162
f 2098/2098/2098 2156/2156/2156 2162/2162/2162
f 2159/2159/2159 2157/2157/2157 2156/2156/2156
f 2097/2097/2097 2146/2146/2146 2159/2159/2159
f 2156/2156/2156 2097/2097/2097 2159/2159/2159
f 2158/2158/2158 2157/2157/2157 2159/2159/2159 2160/2160/2160
f 2160/2160/2160 2159/2159/2159 2146/2146/2146 2152/2152/2152
f 2170/2170/2170 2164/2164/2164 2171/2171/2171 2172/2172/2172
f 2172/2172/2172 2171/2171/2171 2166/2166/2166 2167/2167/2167
f 2171/2171/2171 2164/2164/2164 2099/2099/2099
f 2165/2165/2165 2166/2166/2166 2171/2171/2171
f 2099/2099/2099 2165/2165/2165 2171/2171/2171
f 2168/2168/2168 2166/2166/2166 2165/2165/2165
f 2098/2098/2098 2155/2155/2155 2168/2168/2168
f 2165/2165/2165 2098/2098/2098 2168/2168/2168
f 2167/2167/2167 2166/2166/2166 2168/2168/2168 2169/2169/2169
f 2169/2169/2169 2168/2168/2168 2155/2155/2155 2161/2161/2161
f 2179/2179/2179 2173/2173/2173 2180/2180/2180 2181/2181/2181
f 2181/2181/2181 2180/2180/2180 2175/2175/2175 2176/2176/2176
f 2180/2180/2180 2173/2173/2173 2100/2100/2100
f 2174/2174/2174 2175/2175/2175 2180/2180/2180
f 2100/2100/2100 2174/2174/2174 2180/2180/2180
f 2177/2177/2177 2175/2175/2175 2174/2174/2174
f 2099/2099/2099 2164/2164/2164 2177/2177/2177
f 2174/2174/2174 2099/2099/2099 2177/2177/2177
f 2176/2176/2176 2175/2175/2175 2177/2177/2177 2178/2178/2178
f 2178/2178/2178 2177/2177/2177 2164/2164/2164 2170/2170/2170
f 2188/2188/2188 2187/2187/2187 2183/2183/2183 2184/2184/2184
f 2185/2185/2185 2183/2183/2183 2182/2182/2182
f 2100/2100/2100 2173/2173/2173 2185/2185/2185
f 2182/2182/2182 2100/2100/2100 2185/2185/2185
f 2184/2184/2184 2183/2183/2183 2185/2185/2185 2186/2186/2186
f 2186/2186/2186 2185/2185/2185 2173/2173/2173 2179/2179/2179
f 2203/2203/2203 2055/2055/2055 2273/2273/2273
f 2272/2272/2272 2273/2273/2273 2055/2055/2055
f 2202/2202/2202 2203/2203/2203 2270/2270/2270 2271/2271/2271
f 2270/2270/2270 2203/2203/2203 2273/2273/2273
f 2202/2202/2202 2265/2265/2265 2266/2266/2266
f 2202/2202/2202 2271/2271/2271 2265/2265/2265
f 2201/2201/2201 2202/2202/2202 2266/2266/2266
f 2200/2200/2200 2201/2201/2201 2262/2262/2262 2263/2263/2263
f 2198/2198/2198 2199/2199/2199 2253/2253/2253 2254/2254/2254
f 2199/2199/2199 2200/2200/2200 2256/2256/2256 2257/2257/2257
f 2263/2263/2263 2256/2256/2256 2200/2200/2200
f 2197/2197/2197 2198/2198/2198 2247/2247/2247 2248/2248/2248
f 2262/2262/2262 2201/2201/2201 2266/2266/2266
f 2267/2267/2267 2272/2272/2272 2057/2057/2057
f 2055/2055/2055 2057/2057/2057 2272/2272/2272
f 2272/2272/2272 2267/2267/2267 2268/2268/2268
f 2267/2267/2267 2057/2057/2057 2066/2066/2066
f 2067/2067/2067 2066/2066/2066 2075/2075/2075 2076/2076/2076
f 2067/2067/2067 2058/2058/2058 2267/2267/2267
f 2066/2066/2066 2067/2067/2067 2267/2267/2267
f 2199/2199/2199 2257/2257/2257 2253/2253/2253
f 2198/2198/2198 2254/2254/2254 2247/2247/2247
f 2197/2197/2197 2244/2244/2244 2245/2245/2245
f 2197/2197/2197 2248/2248/2248 2244/2244/2244
f 2076/2076/2076 2075/2075/2075 2084/2084/2084 2085/2085/2085
f 2196/2196/2196 2197/2197/2197 2245/2245/2245
f 2195/2195/2195 2196/2196/2196 2238/2238/2238 2239/2239/2239
f 2245/2245/2245 2238/2238/2238 2196/2196/2196
f 2194/2194/2194 2195/2195/2195 2235/2235/2235 2236/2236/2236
f 2195/2195/2195 2239/2239/2239 2235/2235/2235
f 2194/2194/2194 2236/2236/2236 2229/2229/2229
f 2230/2230/2230 2194/2194/2194 2229/2229/2229
f 2192/2192/2192 2193/2193/2193 2226/2226/2226 2227/2227/2227
f 2190/2190/2190 2191/2191/2191 2217/2217/2217 2218/2218/2218
f 2191/2191/2191 2192/2192/2192 2220/2220/2220 2221/2221/2221
f 2189/2189/2189 2190/2190/2190 2211/2211/2211 2212/2212/2212
f 2056/2056/2056 2189/2189/2189 2208/2208/2208 2209/2209/2209
f 2230/2230/2230 2226/2226/2226 2193/2193/2193
f 2230/2230/2230 2193/2193/2193 2194/2194/2194
f 2192/2192/2192 2227/2227/2227 2220/2220/2220
f 2191/2191/2191 2221/2221/2221 2217/2217/2217
f 2190/2190/2190 2218/2218/2218 2211/2211/2211
f 2204/2204/2204 2064/2064/2064 2073/2073/2073
f 2189/2189/2189 2212/2212/2212 2208/2208/2208
f 2065/2065/2065 2207/2207/2207 2204/2204/2204
f 2206/2206/2206 2204/2204/2204 2207/2207/2207
f 2204/2204/2204 2074/2074/2074 2065/2065/2065
f 2074/2074/2074 2204/2204/2204 2073/2073/2073
f 2207/2207/2207 2065/2065/2065 2056/2056/2056
f 2209/2209/2209 2207/2207/2207 2056/2056/2056
f 2074/2074/2074 2073/2073/2073 2082/2082/2082 2083/2083/2083
f 2120/2120/2120 2084/2084/2084 2093/2093/2093
f 2121/2121/2121 2120/2120/2120 2123/2123/2123
f 2093/2093/2093 2123/2123/2123 2120/2120/2120
f 2124/2124/2124 2123/2123/2123 2102/2102/2102
f 2085/2085/2085 2084/2084/2084 2120/2120/2120
f 2104/2104/2104 2127/2127/2127 2122/2122/2122
f 2122/2122/2122 2124/2124/2124 2104/2104/2104
f 2102/2102/2102 2123/2123/2123 2093/2093/2093
f 2120/2120/2120 2094/2094/2094 2085/2085/2085
f 2105/2105/2105 2133/2133/2133 2125/2125/2125
f 2106/2106/2106 2136/2136/2136 2131/2131/2131
f 2107/2107/2107 2142/2142/2142 2134/2134/2134
f 2134/2134/2134 2136/2136/2136 2107/2107/2107
f 2131/2131/2131 2133/2133/2133 2106/2106/2106
f 2125/2125/2125 2127/2127/2127 2105/2105/2105
f 2104/2104/2104 2105/2105/2105 2127/2127/2127
f 2140/2140/2140 2108/2108/2108 2145/2145/2145
f 2133/2133/2133 2105/2105/2105 2106/2106/2106
f 2102/2102/2102 2104/2104/2104 2124/2124/2124
f 2106/2106/2106 2107/2107/2107 2136/2136/2136
f 2142/2142/2142 2108/2108/2108 2140/2140/2140
f 2107/2107/2107 2108/2108/2108 2142/2142/2142
f 2109/2109/2109 2145/2145/2145 2108/2108/2108
f 2109/2109/2109 2151/2151/2151 2143/2143/2143
f 2110/2110/2110 2154/2154/2154 2149/2149/2149
f 2149/2149/2149 2151/2151/2151 2110/2110/2110
f 2110/2110/2110 2111/2111/2111 2154/2154/2154
f 2160/2160/2160 2152/2152/2152 2111/2111/2111
f 2111/2111/2111 2152/2152/2152 2154/2154/2154
f 2109/2109/2109 2110/2110/2110 2151/2151/2151
f 2109/2109/2109 2143/2143/2143 2145/2145/2145
f 2112/2112/2112 2158/2158/2158 2160/2160/2160
f 2163/2163/2163 2158/2158/2158 2112/2112/2112
f 2113/2113/2113 2169/2169/2169 2161/2161/2161
f 2114/2114/2114 2172/2172/2172 2167/2167/2167
f 2167/2167/2167 2169/2169/2169 2114/2114/2114
f 2161/2161/2161 2163/2163/2163 2113/2113/2113
f 2182/2182/2182 2092/2092/2092 2091/2091/2091
f 2091/2091/2091 2092/2092/2092 2083/2083/2083 2082/2082/2082
f 2182/2182/2182 2091/2091/2091 2100/2100/2100
f 2187/2187/2187 2182/2182/2182 2183/2183/2183
f 2103/2103/2103 2101/2101/2101 2187/2187/2187
f 2182/2182/2182 2187/2187/2187 2101/2101/2101
f 2092/2092/2092 2182/2182/2182 2101/2101/2101
f 2115/2115/2115 2178/2178/2178 2170/2170/2170
f 2112/2112/2112 2113/2113/2113 2163/2163/2163
f 2178/2178/2178 2116/2116/2116 2176/2176/2176
f 2114/2114/2114 2169/2169/2169 2113/2113/2113
f 2114/2114/2114 2115/2115/2115 2172/2172/2172
f 2178/2178/2178 2115/2115/2115 2116/2116/2116
f 2172/2172/2172 2115/2115/2115 2170/2170/2170
f 2181/2181/2181 2176/2176/2176 2116/2116/2116
f 2117/2117/2117 2179/2179/2179 2181/2181/2181
f 2118/2118/2118 2184/2184/2184 2186/2186/2186
f 2186/2186/2186 2179/2179/2179 2117/2117/2117
f 2184/2184/2184 2118/2118/2118 2188/2188/2188
f 2187/2187/2187 2188/2188/2188 2103/2103/2103
f 2118/2118/2118 2103/2103/2103 2188/2188/2188
f 2117/2117/2117 2118/2118/2118 2186/2186/2186
f 2117/2117/2117 2181/2181/2181 2116/2116/2116
f 2112/2112/2112 2160/2160/2160 2111/2111/2111
f 2277/2277/2277 2331/2331/2331 2334/2334/2334 2333/2333/2333
f 2278/2278/2278 2328/2328/2328 2332/2332/2332 2330/2330/2330
f 2330/2330/2330 2332/2332/2332 2331/2331/2331 2277/2277/2277
f 2279/2279/2279 2325/2325/2325 2329/2329/2329 2327/2327/2327
f 2327/2327/2327 2329/2329/2329 2328/2328/2328 2278/2278/2278
f 2280/2280/2280 2322/2322/2322 2326/2326/2326 2324/2324/2324
f 2324/2324/2324 2326/2326/2326 2325/2325/2325 2279/2279/2279
f 2281/2281/2281 2319/2319/2319 2323/2323/2323 2321/2321/2321
f 2321/2321/2321 2323/2323/2323 2322/2322/2322 2280/2280/2280
f 2282/2282/2282 2316/2316/2316 2320/2320/2320 2318/2318/2318
f 2318/2318/2318 2320/2320/2320 2319/2319/2319 2281/2281/2281
f 2283/2283/2283 2313/2313/2313 2317/2317/2317 2315/2315/2315
f 2315/2315/2315 2317/2317/2317 2316/2316/2316 2282/2282/2282
f 2312/2312/2312 2314/2314/2314 2313/2313/2313 2283/2283/2283
f 2330/2330/2330 2277/2277/2277 2286/2286/2286
f 2287/2287/2287 2278/2278/2278 2330/2330/2330
f 2286/2286/2286 2287/2287/2287 2330/2330/2330
f 2327/2327/2327 2278/2278/2278 2287/2287/2287
f 2288/2288/2288 2279/2279/2279 2327/2327/2327
f 2287/2287/2287 2288/2288/2288 2327/2327/2327
f 2324/2324/2324 2279/2279/2279 2288/2288/2288
f 2289/2289/2289 2280/2280/2280 2324/2324/2324
f 2288/2288/2288 2289/2289/2289 2324/2324/2324
f 2321/2321/2321 2280/2280/2280 2289/2289/2289
f 2290/2290/2290 2281/2281/2281 2321/2321/2321
f 2289/2289/2289 2290/2290/2290 2321/2321/2321
f 2318/2318/2318 2281/2281/2281 2290/2290/2290
f 2291/2291/2291 2282/2282/2282 2318/2318/2318
f 2290/2290/2290 2291/2291/2291 2318/2318/2318
f 2315/2315/2315 2282/2282/2282 2291/2291/2291
f 2292/2292/2292 2283/2283/2283 2315/2315/2315
f 2291/2291/2291 2292/2292/2292 2315/2315/2315
f 2346/2346/2346 2296/2296/2296 2287/2287/2287
f 2286/2286/2286 2295/2295/2295 2346/2346/2346
f 2287/2287/2287 2286/2286/2286 2346/2346/2346
f 2349/2349/2349 2297/2297/2297 2288/2288/2288
f 2287/2287/2287 2296/2296/2296 2349/2349/2349
f 2288/2288/2288 2287/2287/2287 2349/2349/2349
f 2352/2352/2352 2298/2298/2298 2289/2289/2289
f 2288/2288/2288 2297/2297/2297 2352/2352/2352
f 2289/2289/2289 2288/2288/2288 2352/2352/2352
f 2355/2355/2355 2299/2299/2299 2290/2290/2290
f 2289/2289/2289 2298/2298/2298 2355/2355/2355
f 2290/2290/2290 2289/2289/2289 2355/2355/2355
f 2358/2358/2358 2300/2300/2300 2291/2291/2291
f 2290/2290/2290 2299/2299/2299 2358/2358/2358
f 2291/2291/2291 2290/2290/2290 2358/2358/2358
f 2361/2361/2361 2301/2301/2301 2292/2292/2292
f 2291/2291/2291 2300/2300/2300 2361/2361/2361
f 2292/2292/2292 2291/2291/2291 2361/2361/2361
f 2342/2342/2342 2295/2295/2295 2343/2343/2343 2344/2344/2344
f 2345/2345/2345 2296/2296/2296 2346/2346/2346 2347/2347/2347
f 2347/2347/2347 2346/2346/2346 2295/2295/2295 2342/2342/2342
f 2348/2348/2348 2297/2297/2297 2349/2349/2349 2350/2350/2350
f 2350/2350/2350 2349/2349/2349 2296/2296/2296 2345/2345/2345
f 2351/2351/2351 2298/2298/2298 2352/2352/2352 2353/2353/2353
f 2353/2353/2353 2352/2352/2352 2297/2297/2297 2348/2348/2348
f 2354/2354/2354 2299/2299/2299 2355/2355/2355 2356/2356/2356
f 2356/2356/2356 2355/2355/2355 2298/2298/2298 2351/2351/2351
f 2357/2357/2357 2300/2300/2300 2358/2358/2358 2359/2359/2359
f 2359/2359/2359 2358/2358/2358 2299/2299/2299 2354/2354/2354
f 2360/2360/2360 2301/2301/2301 2361/2361/2361 2362/2362/2362
f 2362/2362/2362 2361/2361/2361 2300/2300/2300 2357/2357/2357
f 2364/2364/2364 2363/2363/2363 2301/2301/2301 2360/2360/2360
f 2334/2334/2334 2311/2311/2311 2274/2274/2274
f 2311/2311/2311 2334/2334/2334 2331/2331/2331
f 2334/2334/2334 2274/2274/2274 2276/2276/2276
f 2332/2332/2332 2311/2311/2311 2331/2331/2331
f 2309/2309/2309 2310/2310/2310 2328/2328/2328 2329/2329/2329
f 2310/2310/2310 2332/2332/2332 2328/2328/2328
f 2332/2332/2332 2310/2310/2310 2311/2311/2311
f 2285/2285/2285 2333/2333/2333 2276/2276/2276
f 2285/2285/2285 2286/2286/2286 2333/2333/2333
f 2277/2277/2277 2333/2333/2333 2286/2286/2286
f 2309/2309/2309 2329/2329/2329 2325/2325/2325
f 2309/2309/2309 2325/2325/2325 2326/2326/2326
f 2286/2286/2286 2285/2285/2285 2343/2343/2343
f 2276/2276/2276 2333/2333/2333 2334/2334/2334
f 2308/2308/2308 2309/2309/2309 2326/2326/2326
f 2307/2307/2307 2308/2308/2308 2322/2322/2322 2323/2323/2323
f 2322/2322/2322 2308/2308/2308 2326/2326/2326
f 2319/2319/2319 2307/2307/2307 2323/2323/2323
f 2305/2305/2305 2306/2306/2306 2316/2316/2316 2317/2317/2317
f 2320/2320/2320 2307/2307/2307 2319/2319/2319
f 2275/2275/2275 2305/2305/2305 2313/2313/2313 2314/2314/2314
f 2307/2307/2307 2320/2320/2320 2306/2306/2306
f 2306/2306/2306 2320/2320/2320 2316/2316/2316
f 2305/2305/2305 2317/2317/2317 2313/2313/2313
f 2314/2314/2314 2312/2312/2312 2284/2284/2284
f 2312/2312/2312 2293/2293/2293 2284/2284/2284
f 2292/2292/2292 2312/2312/2312 2283/2283/2283
f 2275/2275/2275 2314/2314/2314 2284/2284/2284
f 2343/2343/2343 2295/2295/2295 2286/2286/2286
f 2344/2344/2344 2343/2343/2343 2294/2294/2294
f 2344/2344/2344 2294/2294/2294 2303/2303/2303
f 2335/2335/2335 2347/2347/2347 2342/2342/2342
f 2336/2336/2336 2350/2350/2350 2345/2345/2345
f 2345/2345/2345 2347/2347/2347 2336/2336/2336
f 2342/2342/2342 2344/2344/2344 2335/2335/2335
f 2335/2335/2335 2336/2336/2336 2347/2347/2347
f 2350/2350/2350 2337/2337/2337 2348/2348/2348
f 2336/2336/2336 2337/2337/2337 2350/2350/2350
f 2353/2353/2353 2348/2348/2348 2337/2337/2337
f 2356/2356/2356 2351/2351/2351 2338/2338/2338
f 2353/2353/2353 2338/2338/2338 2351/2351/2351
f 2353/2353/2353 2337/2337/2337 2338/2338/2338
f 2303/2303/2303 2335/2335/2335 2344/2344/2344
f 2339/2339/2339 2359/2359/2359 2354/2354/2354
f 2354/2354/2354 2356/2356/2356 2339/2339/2339
f 2293/2293/2293 2292/2292/2292 2363/2363/2363 2302/2302/2302
f 2301/2301/2301 2363/2363/2363 2292/2292/2292
f 2363/2363/2363 2364/2364/2364 2302/2302/2302
f 2312/2312/2312 2292/2292/2292 2293/2293/2293
f 2340/2340/2340 2362/2362/2362 2357/2357/2357
f 2359/2359/2359 2340/2340/2340 2357/2357/2357
f 2340/2340/2340 2359/2359/2359 2339/2339/2339
f 2341/2341/2341 2362/2362/2362 2340/2340/2340
f 2341/2341/2341 2364/2364/2364 2360/2360/2360
f 2364/2364/2364 2341/2341/2341 2304/2304/2304
f 2341/2341/2341 2360/2360/2360 2362/2362/2362
f 2302/2302/2302 2364/2364/2364 2304/2304/2304
f 2339/2339/2339 2356/2356/2356 2338/2338/2338
f 2294/2294/2294 2343/2343/2343 2285/2285/2285
f 2368/2368/2368 2404/2404/2404 2407/2407/2407 2406/2406/2406
f 2369/2369/2369 2401/2401/2401 2405/2405/2405 2403/2403/2403
f 2403/2403/2403 2405/2405/2405 2404/2404/2404 2368/2368/2368
f 2370/2370/2370 2398/2398/2398 2402/2402/2402 2400/2400/2400
f 2400/2400/2400 2402/2402/2402 2401/2401/2401 2369/2369/2369
f 2371/2371/2371 2395/2395/2395 2399/2399/2399 2397/2397/2397
f 2397/2397/2397 2399/2399/2399 2398/2398/2398 2370/2370/2370
f 2372/2372/2372 2392/2392/2392 2396/2396/2396 2394/2394/2394
f 2394/2394/2394 2396/2396/2396 2395/2395/2395 2371/2371/2371
f 2373/2373/2373 2389/2389/2389 2393/2393/2393 2391/2391/2391
f 2391/2391/2391 2393/2393/2393 2392/2392/2392 2372/2372/2372
f 2374/2374/2374 2386/2386/2386 2390/2390/2390 2388/2388/2388
f 2388/2388/2388 2390/2390/2390 2389/2389/2389 2373/2373/2373
f 2385/2385/2385 2387/2387/2387 2386/2386/2386 2374/2374/2374
f 2415/2415/2415 2368/2368/2368 2406/2406/2406 2416/2416/2416
f 2417/2417/2417 2369/2369/2369 2403/2403/2403 2418/2418/2418
f 2418/2418/2418 2403/2403/2403 2368/2368/2368 2415/2415/2415
f 2419/2419/2419 2370/2370/2370 2400/2400/2400 2420/2420/2420
f 2420/2420/2420 2400/2400/2400 2369/2369/2369 2417/2417/2417
f 2421/2421/2421 2371/2371/2371 2397/2397/2397 2422/2422/2422
f 2422/2422/2422 2397/2397/2397 2370/2370/2370 2419/2419/2419
f 2423/2423/2423 2372/2372/2372 2394/2394/2394 2424/2424/2424
f 2424/2424/2424 2394/2394/2394 2371/2371/2371 2421/2421/2421
f 2425/2425/2425 2373/2373/2373 2391/2391/2391 2426/2426/2426
f 2426/2426/2426 2391/2391/2391 2372/2372/2372 2423/2423/2423
f 2427/2427/2427 2374/2374/2374 2388/2388/2388 2428/2428/2428
f 2428/2428/2428 2388/2388/2388 2373/2373/2373 2425/2425/2425
f 2429/2429/2429 2385/2385/2385 2374/2374/2374 2427/2427/2427
f 2384/2384/2384 2365/2365/2365 2407/2407/2407
f 2367/2367/2367 2407/2407/2407 2365/2365/2365
f 2404/2404/2404 2384/2384/2384 2407/2407/2407
f 2382/2382/2382 2383/2383/2383 2401/2401/2401 2402/2402/2402
f 2383/2383/2383 2384/2384/2384 2404/2404/2404 2405/2405/2405
f 2367/2367/2367 2406/2406/2406 2407/2407/2407
f 2416/2416/2416 2406/2406/2406 2367/2367/2367
f 2382/2382/2382 2398/2398/2398 2399/2399/2399
f 2382/2382/2382 2402/2402/2402 2398/2398/2398
f 2383/2383/2383 2405/2405/2405 2401/2401/2401
f 2381/2381/2381 2382/2382/2382 2399/2399/2399
f 2380/2380/2380 2381/2381/2381 2395/2395/2395 2396/2396/2396
f 2399/2399/2399 2395/2395/2395 2381/2381/2381
f 2379/2379/2379 2380/2380/2380 2392/2392/2392 2393/2393/2393
f 2378/2378/2378 2379/2379/2379 2389/2389/2389 2390/2390/2390
f 2366/2366/2366 2378/2378/2378 2386/2386/2386 2387/2387/2387
f 2380/2380/2380 2396/2396/2396 2392/2392/2392
f 2378/2378/2378 2390/2390/2390 2386/2386/2386
f 2379/2379/2379 2393/2393/2393 2389/2389/2389
f 2375/2375/2375 2366/2366/2366 2387/2387/2387
f 2408/2408/2408 2415/2415/2415 2416/2416/2416
f 2408/2408/2408 2418/2418/2418 2415/2415/2415
f 2409/2409/2409 2420/2420/2420 2417/2417/2417
f 2410/2410/2410 2419/2419/2419 2420/2420/2420
f 2417/2417/2417 2418/2418/2418 2409/2409/2409
f 2408/2408/2408 2409/2409/2409 2418/2418/2418
f 2409/2409/2409 2410/2410/2410 2420/2420/2420
f 2411/2411/2411 2421/2421/2421 2422/2422/2422
f 2410/2410/2410 2411/2411/2411 2422/2422/2422 2419/2419/2419
f 2424/2424/2424 2421/2421/2421 2411/2411/2411
f 2376/2376/2376 2408/2408/2408 2416/2416/2416
f 2376/2376/2376 2416/2416/2416 2367/2367/2367
f 2412/2412/2412 2423/2423/2423 2424/2424/2424
f 2412/2412/2412 2426/2426/2426 2423/2423/2423
f 2429/2429/2429 2375/2375/2375 2385/2385/2385
f 2387/2387/2387 2385/2385/2385 2375/2375/2375
f 2425/2425/2425 2426/2426/2426 2413/2413/2413
f 2428/2428/2428 2425/2425/2425 2413/2413/2413
f 2412/2412/2412 2413/2413/2413 2426/2426/2426
f 2414/2414/2414 2428/2428/2428 2413/2413/2413
f 2414/2414/2414 2429/2429/2429 2427/2427/2427
f 2429/2429/2429 2414/2414/2414 2377/2377/2377
f 2414/2414/2414 2427/2427/2427 2428/2428/2428
f 2375/2375/2375 2429/2429/2429 2377/2377/2377
f 2412/2412/2412 2424/2424/2424 2411/2411/2411
f 2433/2433/2433 2517/2517/2517 2520/2520/2520 2519/2519/2519
f 2434/2434/2434 2514/2514/2514 2518/2518/2518 2516/2516/2516
f 2516/2516/2516 2518/2518/2518 2517/2517/2517 2433/2433/2433
f 2435/2435/2435 2511/2511/2511 2515/2515/2515 2513/2513/2513
f 2513/2513/2513 2515/2515/2515 2514/2514/2514 2434/2434/2434
f 2436/2436/2436 2508/2508/2508 2512/2512/2512 2510/2510/2510
f 2510/2510/2510 2512/2512/2512 2511/2511/2511 2435/2435/2435
f 2437/2437/2437 2505/2505/2505 2509/2509/2509 2507/2507/2507
f 2507/2507/2507 2509/2509/2509 2508/2508/2508 2436/2436/2436
f 2438/2438/2438 2502/2502/2502 2506/2506/2506 2504/2504/2504
f 2504/2504/2504 2506/2506/2506 2505/2505/2505 2437/2437/2437
f 2439/2439/2439 2499/2499/2499 2503/2503/2503 2501/2501/2501
f 2501/2501/2501 2503/2503/2503 2502/2502/2502 2438/2438/2438
f 2498/2498/2498 2500/2500/2500 2499/2499/2499 2439/2439/2439
f 2516/2516/2516 2433/2433/2433 2442/2442/2442
f 2443/2443/2443 2434/2434/2434 2516/2516/2516
f 2442/2442/2442 2443/2443/2443 2516/2516/2516
f 2513/2513/2513 2434/2434/2434 2443/2443/2443
f 2444/2444/2444 2435/2435/2435 2513/2513/2513
f 2443/2443/2443 2444/2444/2444 2513/2513/2513
f 2510/2510/2510 2435/2435/2435 2444/2444/2444
f 2445/2445/2445 2436/2436/2436 2510/2510/2510
f 2444/2444/2444 2445/2445/2445 2510/2510/2510
f 2507/2507/2507 2436/2436/2436 2445/2445/2445
f 2446/2446/2446 2437/2437/2437 2507/2507/2507
f 2445/2445/2445 2446/2446/2446 2507/2507/2507
f 2504/2504/2504 2437/2437/2437 2446/2446/2446
f 2447/2447/2447 2438/2438/2438 2504/2504/2504
f 2446/2446/2446 2447/2447/2447 2504/2504/2504
f 2501/2501/2501 2438/2438/2438 2447/2447/2447
f 2448/2448/2448 2439/2439/2439 2501/2501/2501
f 2447/2447/2447 2448/2448/2448 2501/2501/2501
f 2472/2472/2472 2452/2452/2452 2443/2443/2443
f 2442/2442/2442 2451/2451/2451 2472/2472/2472
f 2443/2443/2443 2442/2442/2442 2472/2472/2472
f 2475/2475/2475 2453/2453/2453 2444/2444/2444
f 2443/2443/2443 2452/2452/2452 2475/2475/2475
f 2444/2444/2444 2443/2443/2443 2475/2475/2475
f 2478/2478/2478 2454/2454/2454 2445/2445/2445
f 2444/2444/2444 2453/2453/2453 2478/2478/2478
f 2445/2445/2445 2444/2444/2444 2478/2478/2478
f 2481/2481/2481 2455/2455/2455 2446/2446/2446
f 2445/2445/2445 2454/2454/2454 2481/2481/2481
f 2446/2446/2446 2445/2445/2445 2481/2481/2481
f 2484/2484/2484 2456/2456/2456 2447/2447/2447
f 2446/2446/2446 2455/2455/2455 2484/2484/2484
f 2447/2447/2447 2446/2446/2446 2484/2484/2484
f 2487/2487/2487 2457/2457/2457 2448/2448/2448
f 2447/2447/2447 2456/2456/2456 2487/2487/2487
f 2448/2448/2448 2447/2447/2447 2487/2487/2487
f 2468/2468/2468 2451/2451/2451 2469/2469/2469 2470/2470/2470
f 2471/2471/2471 2452/2452/2452 2472/2472/2472 2473/2473/2473
f 2473/2473/2473 2472/2472/2472 2451/2451/2451 2468/2468/2468
f 2474/2474/2474 2453/2453/2453 2475/2475/2475 2476/2476/2476
f 2476/2476/2476 2475/2475/2475 2452/2452/2452 2471/2471/2471
f 2477/2477/2477 2454/2454/2454 2478/2478/2478 2479/2479/2479
f 2479/2479/2479 2478/2478/2478 2453/2453/2453 2474/2474/2474
f 2480/2480/2480 2455/2455/2455 2481/2481/2481 2482/2482/2482
f 2482/2482/2482 2481/2481/2481 2454/2454/2454 2477/2477/2477
f 2483/2483/2483 2456/2456/2456 2484/2484/2484 2485/2485/2485
f 2485/2485/2485 2484/2484/2484 2455/2455/2455 2480/2480/2480
f 2486/2486/2486 2457/2457/2457 2487/2487/2487 2488/2488/2488
f 2488/2488/2488 2487/2487/2487 2456/2456/2456 2483/2483/2483
f 2490/2490/2490 2489/2489/2489 2457/2457/2457 2486/2486/2486
f 2520/2520/2520 2497/2497/2497 2430/2430/2430
f 2497/2497/2497 2520/2520/2520 2517/2517/2517
f 2520/2520/2520 2430/2430/2430 2432/2432/2432
f 2518/2518/2518 2497/2497/2497 2517/2517/2517
f 2495/2495/2495 2496/2496/2496 2514/2514/2514 2515/2515/2515
f 2496/2496/2496 2518/2518/2518 2514/2514/2514
f 2518/2518/2518 2496/2496/2496 2497/2497/2497
f 2441/2441/2441 2519/2519/2519 2432/2432/2432
f 2441/2441/2441 2442/2442/2442 2519/2519/2519
f 2433/2433/2433 2519/2519/2519 2442/2442/2442
f 2495/2495/2495 2515/2515/2515 2511/2511/2511
f 2495/2495/2495 2511/2511/2511 2512/2512/2512
f 2442/2442/2442 2441/2441/2441 2469/2469/2469
f 2432/2432/2432 2519/2519/2519 2520/2520/2520
f 2494/2494/2494 2495/2495/2495 2512/2512/2512
f 2493/2493/2493 2494/2494/2494 2508/2508/2508 2509/2509/2509
f 2508/2508/2508 2494/2494/2494 2512/2512/2512
f 2505/2505/2505 2493/2493/2493 2509/2509/2509
f 2491/2491/2491 2492/2492/2492 2502/2502/2502 2503/2503/2503
f 2506/2506/2506 2493/2493/2493 2505/2505/2505
f 2431/2431/2431 2491/2491/2491 2499/2499/2499 2500/2500/2500
f 2493/2493/2493 2506/2506/2506 2492/2492/2492
f 2492/2492/2492 2506/2506/2506 2502/2502/2502
f 2491/2491/2491 2503/2503/2503 2499/2499/2499
f 2500/2500/2500 2498/2498/2498 2440/2440/2440
f 2498/2498/2498 2449/2449/2449 2440/2440/2440
f 2448/2448/2448 2498/2498/2498 2439/2439/2439
f 2431/2431/2431 2500/2500/2500 2440/2440/2440
f 2469/2469/2469 2451/2451/2451 2442/2442/2442
f 2470/2470/2470 2469/2469/2469 2450/2450/2450
f 2470/2470/2470 2450/2450/2450 2459/2459/2459
f 2461/2461/2461 2473/2473/2473 2468/2468/2468
f 2462/2462/2462 2476/2476/2476 2471/2471/2471
f 2471/2471/2471 2473/2473/2473 2462/2462/2462
f 2468/2468/2468 2470/2470/2470 2461/2461/2461
f 2461/2461/2461 2462/2462/2462 2473/2473/2473
f 2476/2476/2476 2463/2463/2463 2474/2474/2474
f 2462/2462/2462 2463/2463/2463 2476/2476/2476
f 2479/2479/2479 2474/2474/2474 2463/2463/2463
f 2482/2482/2482 2477/2477/2477 2464/2464/2464
f 2479/2479/2479 2464/2464/2464 2477/2477/2477
f 2479/2479/2479 2463/2463/2463 2464/2464/2464
f 2459/2459/2459 2461/2461/2461 2470/2470/2470
f 2465/2465/2465 2485/2485/2485 2480/2480/2480
f 2480/2480/2480 2482/2482/2482 2465/2465/2465
f 2449/2449/2449 2448/2448/2448 2489/2489/2489
f 2457/2457/2457 2489/2489/2489 2448/2448/2448
f 2449/2449/2449 2489/2489/2489 2458/2458/2458
f 2489/2489/2489 2490/2490/2490 2458/2458/2458
f 2498/2498/2498 2448/2448/2448 2449/2449/2449
f 2466/2466/2466 2488/2488/2488 2483/2483/2483
f 2485/2485/2485 2466/2466/2466 2483/2483/2483
f 2466/2466/2466 2485/2485/2485 2465/2465/2465
f 2467/2467/2467 2488/2488/2488 2466/2466/2466
f 2467/2467/2467 2490/2490/2490 2486/2486/2486
f 2490/2490/2490 2467/2467/2467 2460/2460/2460
f 2467/2467/2467 2486/2486/2486 2488/2488/2488
f 2458/2458/2458 2490/2490/2490 2460/2460/2460
f 2465/2465/2465 2482/2482/2482 2464/2464/2464
f 2450/2450/2450 2469/2469/2469 2441/2441/2441
f 2524/2524/2524 2560/2560/2560 2563/2563/2563 2562/2562/2562
f 2525/2525/2525 2557/2557/2557 2561/2561/2561 2559/2559/2559
f 2559/2559/2559 2561/2561/2561 2560/2560/2560 2524/2524/2524
f 2526/2526/2526 2554/2554/2554 2558/2558/2558 2556/2556/2556
f 2556/2556/2556 2558/2558/2558 2557/2557/2557 2525/2525/2525
f 2527/2527/2527 2551/2551/2551 2555/2555/2555 2553/2553/2553
f 2553/2553/2553 2555/2555/2555 2554/2554/2554 2526/2526/2526
f 2528/2528/2528 2548/2548/2548 2552/2552/2552 2550/2550/2550
f 2550/2550/2550 2552/2552/2552 2551/2551/2551 2527/2527/2527
f 2529/2529/2529 2545/2545/2545 2549/2549/2549 2547/2547/2547
f 2547/2547/2547 2549/2549/2549 2548/2548/2548 2528/2528/2528
f 2530/2530/2530 2542/2542/2542 2546/2546/2546 2544/2544/2544
f 2544/2544/2544 2546/2546/2546 2545/2545/2545 2529/2529/2529
f 2541/2541/2541 2543/2543/2543 2542/2542/2542 2530/2530/2530
f 2571/2571/2571 2524/2524/2524 2562/2562/2562 2572/2572/2572
f 2573/2573/2573 2525/2525/2525 2559/2559/2559 2574/2574/2574
f 2574/2574/2574 2559/2559/2559 2524/2524/2524 2571/2571/2571
f 2575/2575/2575 2526/2526/2526 2556/2556/2556 2576/2576/2576
f 2576/2576/2576 2556/2556/2556 2525/2525/2525 2573/2573/2573
f 2577/2577/2577 2527/2527/2527 2553/2553/2553 2578/2578/2578
f 2578/2578/2578 2553/2553/2553 2526/2526/2526 2575/2575/2575
f 2579/2579/2579 2528/2528/2528 2550/2550/2550 2580/2580/2580
f 2580/2580/2580 2550/2550/2550 2527/2527/2527 2577/2577/2577
f 2581/2581/2581 2529/2529/2529 2547/2547/2547 2582/2582/2582
f 2582/2582/2582 2547/2547/2547 2528/2528/2528 2579/2579/2579
f 2583/2583/2583 2530/2530/2530 2544/2544/2544 2584/2584/2584
f 2584/2584/2584 2544/2544/2544 2529/2529/2529 2581/2581/2581
f 2585/2585/2585 2541/2541/2541 2530/2530/2530 2583/2583/2583
f 2540/2540/2540 2521/2521/2521 2563/2563/2563
f 2523/2523/2523 2563/2563/2563 2521/2521/2521
f 2560/2560/2560 2540/2540/2540 2563/2563/2563
f 2538/2538/2538 2539/2539/2539 2557/2557/2557 2558/2558/2558
f 2539/2539/2539 2540/2540/2540 2560/2560/2560 2561/2561/2561
f 2523/2523/2523 2562/2562/2562 2563/2563/2563
f 2572/2572/2572 2562/2562/2562 2523/2523/2523
f 2538/2538/2538 2554/2554/2554 2555/2555/2555
f 2538/2538/2538 2558/2558/2558 2554/2554/2554
f 2539/2539/2539 2561/2561/2561 2557/2557/2557
f 2537/2537/2537 2538/2538/2538 2555/2555/2555
f 2536/2536/2536 2537/2537/2537 2551/2551/2551 2552/2552/2552
f 2555/2555/2555 2551/2551/2551 2537/2537/2537
f 2535/2535/2535 2536/2536/2536 2548/2548/2548 2549/2549/2549
f 2534/2534/2534 2535/2535/2535 2545/2545/2545 2546/2546/2546
f 2522/2522/2522 2534/2534/2534 2542/2542/2542 2543/2543/2543
f 2536/2536/2536 2552/2552/2552 2548/2548/2548
f 2534/2534/2534 2546/2546/2546 2542/2542/2542
f 2535/2535/2535 2549/2549/2549 2545/2545/2545
f 2531/2531/2531 2522/2522/2522 2543/2543/2543
f 2564/2564/2564 2571/2571/2571 2572/2572/2572
f 2564/2564/2564 2574/2574/2574 2571/2571/2571
f 2565/2565/2565 2576/2576/2576 2573/2573/2573
f 2566/2566/2566 2575/2575/2575 2576/2576/2576
f 2573/2573/2573 2574/2574/2574 2565/2565/2565
f 2564/2564/2564 2565/2565/2565 2574/2574/2574
f 2565/2565/2565 2566/2566/2566 2576/2576/2576
f 2567/2567/2567 2577/2577/2577 2578/2578/2578
f 2566/2566/2566 2567/2567/2567 2578/2578/2578 2575/2575/2575
f 2580/2580/2580 2577/2577/2577 2567/2567/2567
f 2532/2532/2532 2564/2564/2564 2572/2572/2572
f 2532/2532/2532 2572/2572/2572 2523/2523/2523
f 2568/2568/2568 2579/2579/2579 2580/2580/2580
f 2568/2568/2568 2582/2582/2582 2579/2579/2579
f 2585/2585/2585 2531/2531/2531 2541/2541/2541
f 2543/2543/2543 2541/2541/2541 2531/2531/2531
f 2581/2581/2581 2582/2582/2582 2569/2569/2569
f 2584/2584/2584 2581/2581/2581 2569/2569/2569
f 2568/2568/2568 2569/2569/2569 2582/2582/2582
f 2570/2570/2570 2584/2584/2584 2569/2569/2569
f 2570/2570/2570 2585/2585/2585 2583/2583/2583
f 2585/2585/2585 2570/2570/2570 2533/2533/2533
f 2570/2570/2570 2583/2583/2583 2584/2584/2584
f 2531/2531/2531 2585/2585/2585 2533/2533/2533
f 2568/2568/2568 2580/2580/2580 2567/2567/2567
f 2589/2589/2589 2645/2645/2645 2646/2646/2646 2643/2643/2643
f 2590/2590/2590 2642/2642/2642 2644/2644/2644 2640/2640/2640
f 2642/2642/2642 2589/2589/2589 2643/2643/2643 2644/2644/2644
f 2591/2591/2591 2639/2639/2639 2641/2641/2641 2637/2637/2637
f 2639/2639/2639 2590/2590/2590 2640/2640/2640 2641/2641/2641
f 2592/2592/2592 2636/2636/2636 2638/2638/2638 2634/2634/2634
f 2636/2636/2636 2591/2591/2591 2637/2637/2637 2638/2638/2638
f 2593/2593/2593 2633/2633/2633 2635/2635/2635 2631/2631/2631
f 2633/2633/2633 2592/2592/2592 2634/2634/2634 2635/2635/2635
f 2594/2594/2594 2630/2630/2630 2632/2632/2632 2628/2628/2628
f 2630/2630/2630 2593/2593/2593 2631/2631/2631 2632/2632/2632
f 2595/2595/2595 2627/2627/2627 2629/2629/2629 2625/2625/2625
f 2627/2627/2627 2594/2594/2594 2628/2628/2628 2629/2629/2629
f 2624/2624/2624 2595/2595/2595 2625/2625/2625 2626/2626/2626
f 2642/2642/2642 2598/2598/2598 2589/2589/2589
f 2599/2599/2599 2642/2642/2642 2590/2590/2590
f 2598/2598/2598 2642/2642/2642 2599/2599/2599
f 2639/2639/2639 2599/2599/2599 2590/2590/2590
f 2600/2600/2600 2639/2639/2639 2591/2591/2591
f 2599/2599/2599 2639/2639/2639 2600/2600/2600
f 2636/2636/2636 2600/2600/2600 2591/2591/2591
f 2601/2601/2601 2636/2636/2636 2592/2592/2592
f 2600/2600/2600 2636/2636/2636 2601/2601/2601
f 2633/2633/2633 2601/2601/2601 2592/2592/2592
f 2602/2602/2602 2633/2633/2633 2593/2593/2593
f 2601/2601/2601 2633/2633/2633 2602/2602/2602
f 2630/2630/2630 2602/2602/2602 2593/2593/2593
f 2603/2603/2603 2630/2630/2630 2594/2594/2594
f 2602/2602/2602 2630/2630/2630 2603/2603/2603
f 2627/2627/2627 2603/2603/2603 2594/2594/2594
f 2604/2604/2604 2627/2627/2627 2595/2595/2595
f 2603/2603/2603 2627/2627/2627 2604/2604/2604
f 2658/2658/2658 2599/2599/2599 2608/2608/2608
f 2598/2598/2598 2658/2658/2658 2607/2607/2607
f 2599/2599/2599 2658/2658/2658 2598/2598/2598
f 2661/2661/2661 2600/2600/2600 2609/2609/2609
f 2599/2599/2599 2661/2661/2661 2608/2608/2608
f 2600/2600/2600 2661/2661/2661 2599/2599/2599
f 2664/2664/2664 2601/2601/2601 2610/2610/2610
f 2600/2600/2600 2664/2664/2664 2609/2609/2609
f 2601/2601/2601 2664/2664/2664 2600/2600/2600
f 2667/2667/2667 2602/2602/2602 2611/2611/2611
f 2601/2601/2601 2667/2667/2667 2610/2610/2610
f 2602/2602/2602 2667/2667/2667 2601/2601/2601
f 2670/2670/2670 2603/2603/2603 2612/2612/2612
f 2602/2602/2602 2670/2670/2670 2611/2611/2611
f 2603/2603/2603 2670/2670/2670 2602/2602/2602
f 2673/2673/2673 2604/2604/2604 2613/2613/2613
f 2603/2603/2603 2673/2673/2673 2612/2612/2612
f 2604/2604/2604 2673/2673/2673 2603/2603/2603
f 2654/2654/2654 2656/2656/2656 2655/2655/2655 2607/2607/2607
f 2657/2657/2657 2659/2659/2659 2658/2658/2658 2608/2608/2608
f 2659/2659/2659 2654/2654/2654 2607/2607/2607 2658/2658/2658
f 2660/2660/2660 2662/2662/2662 2661/2661/2661 2609/2609/2609
f 2662/2662/2662 2657/2657/2657 2608/2608/2608 2661/2661/2661
f 2663/2663/2663 2665/2665/2665 2664/2664/2664 2610/2610/2610
f 2665/2665/2665 2660/2660/2660 2609/2609/2609 2664/2664/2664
f 2666/2666/2666 2668/2668/2668 2667/2667/2667 2611/2611/2611
f 2668/2668/2668 2663/2663/2663 2610/2610/2610 2667/2667/2667
f 2669/2669/2669 2671/2671/2671 2670/2670/2670 2612/2612/2612
f 2671/2671/2671 2666/2666/2666 2611/2611/2611 2670/2670/2670
f 2672/2672/2672 2674/2674/2674 2673/2673/2673 2613/2613/2613
f 2674/2674/2674 2669/2669/2669 2612/2612/2612 2673/2673/2673
f 2676/2676/2676 2672/2672/2672 2613/2613/2613 2675/2675/2675
f 2646/2646/2646 2586/2586/2586 2623/2623/2623
f 2623/2623/2623 2643/2643/2643 2646/2646/2646
f 2646/2646/2646 2588/2588/2588 2586/2586/2586
f 2644/2644/2644 2643/2643/2643 2623/2623/2623
f 2621/2621/2621 2641/2641/2641 2640/2640/2640 2622/2622/2622
f 2622/2622/2622 2640/2640/2640 2644/2644/2644
f 2644/2644/2644 2623/2623/2623 2622/2622/2622
f 2597/2597/2597 2588/2588/2588 2645/2645/2645
f 2597/2597/2597 2645/2645/2645 2598/2598/2598
f 2589/2589/2589 2598/2598/2598 2645/2645/2645
f 2621/2621/2621 2637/2637/2637 2641/2641/2641
f 2621/2621/2621 2638/2638/2638 2637/2637/2637
f 2598/2598/2598 2655/2655/2655 2597/2597/2597
f 2588/2588/2588 2646/2646/2646 2645/2645/2645
f 2620/2620/2620 2638/2638/2638 2621/2621/2621
f 2619/2619/2619 2635/2635/2635 2634/2634/2634 2620/2620/2620
f 2634/2634/2634 2638/2638/2638 2620/2620/2620
f 2631/2631/2631 2635/2635/2635 2619/2619/2619
f 2617/2617/2617 2629/2629/2629 2628/2628/2628 2618/2618/2618
f 2632/2632/2632 2631/2631/2631 2619/2619/2619
f 2587/2587/2587 2626/2626/2626 2625/2625/2625 2617/2617/2617
f 2619/2619/2619 2618/2618/2618 2632/2632/2632
f 2618/2618/2618 2628/2628/2628 2632/2632/2632
f 2617/2617/2617 2625/2625/2625 2629/2629/2629
f 2626/2626/2626 2596/2596/2596 2624/2624/2624
f 2624/2624/2624 2596/2596/2596 2605/2605/2605
f 2604/2604/2604 2595/2595/2595 2624/2624/2624
f 2587/2587/2587 2596/2596/2596 2626/2626/2626
f 2655/2655/2655 2598/2598/2598 2607/2607/2607
f 2656/2656/2656 2606/2606/2606 2655/2655/2655
f 2656/2656/2656 2615/2615/2615 2606/2606/2606
f 2647/2647/2647 2654/2654/2654 2659/2659/2659
f 2648/2648/2648 2657/2657/2657 2662/2662/2662
f 2657/2657/2657 2648/2648/2648 2659/2659/2659
f 2654/2654/2654 2647/2647/2647 2656/2656/2656
f 2647/2647/2647 2659/2659/2659 2648/2648/2648
f 2662/2662/2662 2660/2660/2660 2649/2649/2649
f 2648/2648/2648 2662/2662/2662 2649/2649/2649
f 2665/2665/2665 2649/2649/2649 2660/2660/2660
f 2668/2668/2668 2650/2650/2650 2663/2663/2663
f 2665/2665/2665 2663/2663/2663 2650/2650/2650
f 2665/2665/2665 2650/2650/2650 2649/2649/2649
f 2615/2615/2615 2656/2656/2656 2647/2647/2647
f 2651/2651/2651 2666/2666/2666 2671/2671/2671
f 2666/2666/2666 2651/2651/2651 2668/2668/2668
f 2605/2605/2605 2675/2675/2675 2604/2604/2604
f 2613/2613/2613 2604/2604/2604 2675/2675/2675
f 2605/2605/2605 2614/2614/2614 2675/2675/2675
f 2675/2675/2675 2614/2614/2614 2676/2676/2676
f 2624/2624/2624 2605/2605/2605 2604/2604/2604
f 2652/2652/2652 2669/2669/2669 2674/2674/2674
f 2671/2671/2671 2669/2669/2669 2652/2652/2652
f 2652/2652/2652 2651/2651/2651 2671/2671/2671
f 2653/2653/2653 2652/2652/2652 2674/2674/2674
f 2653/2653/2653 2672/2672/2672 2676/2676/2676
f 2676/2676/2676 2616/2616/2616 2653/2653/2653
f 2653/2653/2653 2674/2674/2674 2672/2672/2672
f 2614/2614/2614 2616/2616/2616 2676/2676/2676
f 2651/2651/2651 2650/2650/2650 2668/2668/2668
f 2606/2606/2606 2597/2597/2597 2655/2655/2655
f 2680/2680/2680 2698/2698/2698 2741/2741/2741 2739/2739/2739
f 2681/2681/2681 2701/2701/2701 2740/2740/2740 2737/2737/2737
f 2701/2701/2701 2680/2680/2680 2739/2739/2739 2740/2740/2740
f 2682/2682/2682 2704/2704/2704 2738/2738/2738 2735/2735/2735
f 2704/2704/2704 2681/2681/2681 2737/2737/2737 2738/2738/2738
f 2683/2683/2683 2707/2707/2707 2736/2736/2736 2733/2733/2733
f 2707/2707/2707 2682/2682/2682 2735/2735/2735 2736/2736/2736
f 2684/2684/2684 2710/2710/2710 2734/2734/2734 2731/2731/2731
f 2710/2710/2710 2683/2683/2683 2733/2733/2733 2734/2734/2734
f 2685/2685/2685 2713/2713/2713 2732/2732/2732 2729/2729/2729
f 2713/2713/2713 2684/2684/2684 2731/2731/2731 2732/2732/2732
f 2686/2686/2686 2716/2716/2716 2730/2730/2730 2727/2727/2727
f 2716/2716/2716 2685/2685/2685 2729/2729/2729 2730/2730/2730
f 2718/2718/2718 2686/2686/2686 2727/2727/2727 2728/2728/2728
f 2697/2697/2697 2699/2699/2699 2698/2698/2698 2680/2680/2680
f 2700/2700/2700 2702/2702/2702 2701/2701/2701 2681/2681/2681
f 2702/2702/2702 2697/2697/2697 2680/2680/2680 2701/2701/2701
f 2703/2703/2703 2705/2705/2705 2704/2704/2704 2682/2682/2682
f 2705/2705/2705 2700/2700/2700 2681/2681/2681 2704/2704/2704
f 2706/2706/2706 2708/2708/2708 2707/2707/2707 2683/2683/2683
f 2708/2708/2708 2703/2703/2703 2682/2682/2682 2707/2707/2707
f 2709/2709/2709 2711/2711/2711 2710/2710/2710 2684/2684/2684
f 2711/2711/2711 2706/2706/2706 2683/2683/2683 2710/2710/2710
f 2712/2712/2712 2714/2714/2714 2713/2713/2713 2685/2685/2685
f 2714/2714/2714 2709/2709/2709 2684/2684/2684 2713/2713/2713
f 2715/2715/2715 2717/2717/2717 2716/2716/2716 2686/2686/2686
f 2717/2717/2717 2712/2712/2712 2685/2685/2685 2716/2716/2716
f 2719/2719/2719 2715/2715/2715 2686/2686/2686 2718/2718/2718
f 2726/2726/2726 2741/2741/2741 2677/2677/2677
f 2679/2679/2679 2677/2677/2677 2741/2741/2741
f 2739/2739/2739 2741/2741/2741 2726/2726/2726
f 2724/2724/2724 2738/2738/2738 2737/2737/2737 2725/2725/2725
f 2725/2725/2725 2740/2740/2740 2739/2739/2739 2726/2726/2726
f 2679/2679/2679 2741/2741/2741 2698/2698/2698
f 2699/2699/2699 2679/2679/2679 2698/2698/2698
f 2724/2724/2724 2736/2736/2736 2735/2735/2735
f 2724/2724/2724 2735/2735/2735 2738/2738/2738
f 2725/2725/2725 2737/2737/2737 2740/2740/2740
f 2723/2723/2723 2736/2736/2736 2724/2724/2724
f 2722/2722/2722 2734/2734/2734 2733/2733/2733 2723/2723/2723
f 2736/2736/2736 2723/2723/2723 2733/2733/2733
f 2721/2721/2721 2732/2732/2732 2731/2731/2731 2722/2722/2722
f 2720/2720/2720 2730/2730/2730 2729/2729/2729 2721/2721/2721
f 2678/2678/2678 2728/2728/2728 2727/2727/2727 2720/2720/2720
f 2722/2722/2722 2731/2731/2731 2734/2734/2734
f 2720/2720/2720 2727/2727/2727 2730/2730/2730
f 2721/2721/2721 2729/2729/2729 2732/2732/2732
f 2687/2687/2687 2728/2728/2728 2678/2678/2678
f 2690/2690/2690 2699/2699/2699 2697/2697/2697
f 2690/2690/2690 2697/2697/2697 2702/2702/2702
f 2691/2691/2691 2700/2700/2700 2705/2705/2705
f 2692/2692/2692 2705/2705/2705 2703/2703/2703
f 2700/2700/2700 2691/2691/2691 2702/2702/2702
f 2690/2690/2690 2702/2702/2702 2691/2691/2691
f 2691/2691/2691 2705/2705/2705 2692/2692/2692
f 2693/2693/2693 2708/2708/2708 2706/2706/2706
f 2692/2692/2692 2703/2703/2703 2708/2708/2708 2693/2693/2693
f 2711/2711/2711 2693/2693/2693 2706/2706/2706
f 2688/2688/2688 2699/2699/2699 2690/2690/2690
f 2688/2688/2688 2679/2679/2679 2699/2699/2699
f 2694/2694/2694 2711/2711/2711 2709/2709/2709
f 2694/2694/2694 2709/2709/2709 2714/2714/2714
f 2719/2719/2719 2718/2718/2718 2687/2687/2687
f 2728/2728/2728 2687/2687/2687 2718/2718/2718
f 2712/2712/2712 2695/2695/2695 2714/2714/2714
f 2717/2717/2717 2695/2695/2695 2712/2712/2712
f 2694/2694/2694 2714/2714/2714 2695/2695/2695
f 2696/2696/2696 2695/2695/2695 2717/2717/2717
f 2696/2696/2696 2715/2715/2715 2719/2719/2719
f 2719/2719/2719 2689/2689/2689 2696/2696/2696
f 2696/2696/2696 2717/2717/2717 2715/2715/2715
f 2687/2687/2687 2689/2689/2689 2719/2719/2719
f 2694/2694/2694 2693/2693/2693 2711/2711/2711
f 2745/2745/2745 2801/2801/2801 2802/2802/2802 2799/2799/2799
f 2746/2746/2746 2798/2798/2798 2800/2800/2800 2796/2796/2796
f 2798/2798/2798 2745/2745/2745 2799/2799/2799 2800/2800/2800
f 2747/2747/2747 2795/2795/2795 2797/2797/2797 2793/2793/2793
f 2795/2795/2795 2746/2746/2746 2796/2796/2796 2797/2797/2797
f 2748/2748/2748 2792/2792/2792 2794/2794/2794 2790/2790/2790
f 2792/2792/2792 2747/2747/2747 2793/2793/2793 2794/2794/2794
f 2749/2749/2749 2789/2789/2789 2791/2791/2791 2787/2787/2787
f 2789/2789/2789 2748/2748/2748 2790/2790/2790 2791/2791/2791
f 2750/2750/2750 2786/2786/2786 2788/2788/2788 2784/2784/2784
f 2786/2786/2786 2749/2749/2749 2787/2787/2787 2788/2788/2788
f 2751/2751/2751 2783/2783/2783 2785/2785/2785 2781/2781/2781
f 2783/2783/2783 2750/2750/2750 2784/2784/2784 2785/2785/2785
f 2780/2780/2780 2751/2751/2751 2781/2781/2781 2782/2782/2782
f 2798/2798/2798 2754/2754/2754 2745/2745/2745
f 2755/2755/2755 2798/2798/2798 2746/2746/2746
f 2754/2754/2754 2798/2798/2798 2755/2755/2755
f 2795/2795/2795 2755/2755/2755 2746/2746/2746
f 2756/2756/2756 2795/2795/2795 2747/2747/2747
f 2755/2755/2755 2795/2795/2795 2756/2756/2756
f 2792/2792/2792 2756/2756/2756 2747/2747/2747
f 2757/2757/2757 2792/2792/2792 2748/2748/2748
f 2756/2756/2756 2792/2792/2792 2757/2757/2757
f 2789/2789/2789 2757/2757/2757 2748/2748/2748
f 2758/2758/2758 2789/2789/2789 2749/2749/2749
f 2757/2757/2757 2789/2789/2789 2758/2758/2758
f 2786/2786/2786 2758/2758/2758 2749/2749/2749
f 2759/2759/2759 2786/2786/2786 2750/2750/2750
f 2758/2758/2758 2786/2786/2786 2759/2759/2759
f 2783/2783/2783 2759/2759/2759 2750/2750/2750
f 2760/2760/2760 2783/2783/2783 2751/2751/2751
f 2759/2759/2759 2783/2783/2783 2760/2760/2760
f 2814/2814/2814 2755/2755/2755 2764/2764/2764
f 2754/2754/2754 2814/2814/2814 2763/2763/2763
f 2755/2755/2755 2814/2814/2814 2754/2754/2754
f 2817/2817/2817 2756/2756/2756 2765/2765/2765
f 2755/2755/2755 2817/2817/2817 2764/2764/2764
f 2756/2756/2756 2817/2817/2817 2755/2755/2755
f 2820/2820/2820 2757/2757/2757 2766/2766/2766
f 2756/2756/2756 2820/2820/2820 2765/2765/2765
f 2757/2757/2757 2820/2820/2820 2756/2756/2756
f 2823/2823/2823 2758/2758/2758 2767/2767/2767
f 2757/2757/2757 2823/2823/2823 2766/2766/2766
f 2758/2758/2758 2823/2823/2823 2757/2757/2757
f 2826/2826/2826 2759/2759/2759 2768/2768/2768
f 2758/2758/2758 2826/2826/2826 2767/2767/2767
f 2759/2759/2759 2826/2826/2826 2758/2758/2758
f 2829/2829/2829 2760/2760/2760 2769/2769/2769
f 2759/2759/2759 2829/2829/2829 2768/2768/2768
f 2760/2760/2760 2829/2829/2829 2759/2759/2759
f 2810/2810/2810 2812/2812/2812 2811/2811/2811 2763/2763/2763
f 2813/2813/2813 2815/2815/2815 2814/2814/2814 2764/2764/2764
f 2815/2815/2815 2810/2810/2810 2763/2763/2763 2814/2814/2814
f 2816/2816/2816 2818/2818/2818 2817/2817/2817 2765/2765/2765
f 2818/2818/2818 2813/2813/2813 2764/2764/2764 2817/2817/2817
f 2819/2819/2819 2821/2821/2821 2820/2820/2820 2766/2766/2766
f 2821/2821/2821 2816/2816/2816 2765/2765/2765 2820/2820/2820
f 2822/2822/2822 2824/2824/2824 2823/2823/2823 2767/2767/2767
f 2824/2824/2824 2819/2819/2819 2766/2766/2766 2823/2823/2823
f 2825/2825/2825 2827/2827/2827 2826/2826/2826 2768/2768/2768
f 2827/2827/2827 2822/2822/2822 2767/2767/2767 2826/2826/2826
f 2828/2828/2828 2830/2830/2830 2829/2829/2829 2769/2769/2769
f 2830/2830/2830 2825/2825/2825 2768/2768/2768 2829/2829/2829
f 2832/2832/2832 2828/2828/2828 2769/2769/2769 2831/2831/2831
f 2802/2802/2802 2742/2742/2742 2779/2779/2779
f 2779/2779/2779 2799/2799/2799 2802/2802/2802
f 2802/2802/2802 2744/2744/2744 2742/2742/2742
f 2800/2800/2800 2799/2799/2799 2779/2779/2779
f 2777/2777/2777 2797/2797/2797 2796/2796/2796 2778/2778/2778
f 2778/2778/2778 2796/2796/2796 2800/2800/2800
f 2800/2800/2800 2779/2779/2779 2778/2778/2778
f 2753/2753/2753 2744/2744/2744 2801/2801/2801
f 2753/2753/2753 2801/2801/2801 2754/2754/2754
f 2745/2745/2745 2754/2754/2754 2801/2801/2801
f 2777/2777/2777 2793/2793/2793 2797/2797/2797
f 2777/2777/2777 2794/2794/2794 2793/2793/2793
f 2754/2754/2754 2811/2811/2811 2753/2753/2753
f 2744/2744/2744 2802/2802/2802 2801/2801/2801
f 2776/2776/2776 2794/2794/2794 2777/2777/2777
f 2775/2775/2775 2791/2791/2791 2790/2790/2790 2776/2776/2776
f 2790/2790/2790 2794/2794/2794 2776/2776/2776
f 2787/2787/2787 2791/2791/2791 2775/2775/2775
f 2773/2773/2773 2785/2785/2785 2784/2784/2784 2774/2774/2774
f 2788/2788/2788 2787/2787/2787 2775/2775/2775
f 2743/2743/2743 2782/2782/2782 2781/2781/2781 2773/2773/2773
f 2775/2775/2775 2774/2774/2774 2788/2788/2788
f 2774/2774/2774 2784/2784/2784 2788/2788/2788
f 2773/2773/2773 2781/2781/2781 2785/2785/2785
f 2782/2782/2782 2752/2752/2752 2780/2780/2780
f 2780/2780/2780 2752/2752/2752 2761/2761/2761
f 2760/2760/2760 2751/2751/2751 2780/2780/2780
f 2743/2743/2743 2752/2752/2752 2782/2782/2782
f 2811/2811/2811 2754/2754/2754 2763/2763/2763
f 2812/2812/2812 2762/2762/2762 2811/2811/2811
f 2812/2812/2812 2771/2771/2771 2762/2762/2762
f 2803/2803/2803 2810/2810/2810 2815/2815/2815
f 2804/2804/2804 2813/2813/2813 2818/2818/2818
f 2813/2813/2813 2804/2804/2804 2815/2815/2815
f 2810/2810/2810 2803/2803/2803 2812/2812/2812
f 2803/2803/2803 2815/2815/2815 2804/2804/2804
f 2818/2818/2818 2816/2816/2816 2805/2805/2805
f 2804/2804/2804 2818/2818/2818 2805/2805/2805
f 2821/2821/2821 2805/2805/2805 2816/2816/2816
f 2824/2824/2824 2806/2806/2806 2819/2819/2819
f 2821/2821/2821 2819/2819/2819 2806/2806/2806
f 2821/2821/2821 2806/2806/2806 2805/2805/2805
f 2771/2771/2771 2812/2812/2812 2803/2803/2803
f 2807/2807/2807 2822/2822/2822 2827/2827/2827
f 2822/2822/2822 2807/2807/2807 2824/2824/2824
f 2761/2761/2761 2831/2831/2831 2769/2769/2769 2760/2760/2760
f 2761/2761/2761 2770/2770/2770 2831/2831/2831
f 2831/2831/2831 2770/2770/2770 2832/2832/2832
f 2780/2780/2780 2761/2761/2761 2760/2760/2760
f 2808/2808/2808 2825/2825/2825 2830/2830/2830
f 2827/2827/2827 2825/2825/2825 2808/2808/2808
f 2808/2808/2808 2807/2807/2807 2827/2827/2827
f 2809/2809/2809 2808/2808/2808 2830/2830/2830
f 2809/2809/2809 2828/2828/2828 2832/2832/2832
f 2832/2832/2832 2772/2772/2772 2809/2809/2809
f 2809/2809/2809 2830/2830/2830 2828/2828/2828
f 2770/2770/2770 2772/2772/2772 2832/2832/2832
f 2807/2807/2807 2806/2806/2806 2824/2824/2824
f 2762/2762/2762 2753/2753/2753 2811/2811/2811
f 2836/2836/2836 2854/2854/2854 2897/2897/2897 2895/2895/2895
f 2837/2837/2837 2857/2857/2857 2896/2896/2896 2893/2893/2893
f 2857/2857/2857 2836/2836/2836 2895/2895/2895 2896/2896/2896
f 2838/2838/2838 2860/2860/2860 2894/2894/2894 2891/2891/2891
f 2860/2860/2860 2837/2837/2837 2893/2893/2893 2894/2894/2894
f 2839/2839/2839 2863/2863/2863 2892/2892/2892 2889/2889/2889
f 2863/2863/2863 2838/2838/2838 2891/2891/2891 2892/2892/2892
f 2840/2840/2840 2866/2866/2866 2890/2890/2890 2887/2887/2887
f 2866/2866/2866 2839/2839/2839 2889/2889/2889 2890/2890/2890
f 2841/2841/2841 2869/2869/2869 2888/2888/2888 2885/2885/2885
f 2869/2869/2869 2840/2840/2840 2887/2887/2887 2888/2888/2888
f 2842/2842/2842 2872/2872/2872 2886/2886/2886 2883/2883/2883
f 2872/2872/2872 2841/2841/2841 2885/2885/2885 2886/2886/2886
f 2874/2874/2874 2842/2842/2842 2883/2883/2883 2884/2884/2884
f 2853/2853/2853 2855/2855/2855 2854/2854/2854 2836/2836/2836
f 2856/2856/2856 2858/2858/2858 2857/2857/2857 2837/2837/2837
f 2858/2858/2858 2853/2853/2853 2836/2836/2836 2857/2857/2857
f 2859/2859/2859 2861/2861/2861 2860/2860/2860 2838/2838/2838
f 2861/2861/2861 2856/2856/2856 2837/2837/2837 2860/2860/2860
f 2862/2862/2862 2864/2864/2864 2863/2863/2863 2839/2839/2839
f 2864/2864/2864 2859/2859/2859 2838/2838/2838 2863/2863/2863
f 2865/2865/2865 2867/2867/2867 2866/2866/2866 2840/2840/2840
f 2867/2867/2867 2862/2862/2862 2839/2839/2839 2866/2866/2866
f 2868/2868/2868 2870/2870/2870 2869/2869/2869 2841/2841/2841
f 2870/2870/2870 2865/2865/2865 2840/2840/2840 2869/2869/2869
f 2871/2871/2871 2873/2873/2873 2872/2872/2872 2842/2842/2842
f 2873/2873/2873 2868/2868/2868 2841/2841/2841 2872/2872/2872
f 2875/2875/2875 2871/2871/2871 2842/2842/2842 2874/2874/2874
f 2882/2882/2882 2897/2897/2897 2833/2833/2833
f 2835/2835/2835 2833/2833/2833 2897/2897/2897
f 2895/2895/2895 2897/2897/2897 2882/2882/2882
f 2880/2880/2880 2894/2894/2894 2893/2893/2893 2881/2881/2881
f 2881/2881/2881 2896/2896/2896 2895/2895/2895 2882/2882/2882
f 2835/2835/2835 2897/2897/2897 2854/2854/2854
f 2855/2855/2855 2835/2835/2835 2854/2854/2854
f 2880/2880/2880 2892/2892/2892 2891/2891/2891
f 2880/2880/2880 2891/2891/2891 2894/2894/2894
f 2881/2881/2881 2893/2893/2893 2896/2896/2896
f 2879/2879/2879 2892/2892/2892 2880/2880/2880
f 2878/2878/2878 2890/2890/2890 2889/2889/2889 2879/2879/2879
f 2892/2892/2892 2879/2879/2879 2889/2889/2889
f 2877/2877/2877 2888/2888/2888 2887/2887/2887 2878/2878/2878
f 2876/2876/2876 2886/2886/2886 2885/2885/2885 2877/2877/2877
f 2834/2834/2834 2884/2884/2884 2883/2883/2883 2876/2876/2876
f 2878/2878/2878 2887/2887/2887 2890/2890/2890
f 2876/2876/2876 2883/2883/2883 2886/2886/2886
f 2877/2877/2877 2885/2885/2885 2888/2888/2888
f 2843/2843/2843 2884/2884/2884 2834/2834/2834
f 2846/2846/2846 2855/2855/2855 2853/2853/2853
f 2846/2846/2846 2853/2853/2853 2858/2858/2858
f 2847/2847/2847 2856/2856/2856 2861/2861/2861
f 2848/2848/2848 2861/2861/2861 2859/2859/2859
f 2856/2856/2856 2847/2847/2847 2858/2858/2858
f 2846/2846/2846 2858/2858/2858 2847/2847/2847
f 2847/2847/2847 2861/2861/2861 2848/2848/2848
f 2849/2849/2849 2864/2864/2864 2862/2862/2862
f 2848/2848/2848 2859/2859/2859 2864/2864/2864 2849/2849/2849
f 2867/2867/2867 2849/2849/2849 2862/2862/2862
f 2844/2844/2844 2855/2855/2855 2846/2846/2846
f 2844/2844/2844 2835/2835/2835 2855/2855/2855
f 2850/2850/2850 2867/2867/2867 2865/2865/2865
f 2850/2850/2850 2865/2865/2865 2870/2870/2870
f 2875/2875/2875 2874/2874/2874 2843/2843/2843
f 2884/2884/2884 2843/2843/2843 2874/2874/2874
f 2868/2868/2868 2851/2851/2851 2870/2870/2870
f 2873/2873/2873 2851/2851/2851 2868/2868/2868
f 2850/2850/2850 2870/2870/2870 2851/2851/2851
f 2852/2852/2852 2851/2851/2851 2873/2873/2873
f 2852/2852/2852 2871/2871/2871 2875/2875/2875
f 2875/2875/2875 2845/2845/2845 2852/2852/2852
f 2852/2852/2852 2873/2873/2873 2871/2871/2871
f 2843/2843/2843 2845/2845/2845 2875/2875/2875
f 2850/2850/2850 2849/2849/2849 2867/2867/2867
f 2916/2916/2916 2905/2905/2905 2904/2904/2904 2917/2917/2917
f 2914/2914/2914 2907/2907/2907 2906/2906/2906 2915/2915/2915
f 2913/2913/2913 2908/2908/2908 2907/2907/2907 2914/2914/2914
f 2915/2915/2915 2906/2906/2906 2905/2905/2905 2916/2916/2916
f 2911/2911/2911 2910/2910/2910 2909/2909/2909 2912/2912/2912
f 2898/2898/2898 2902/2902/2902 2911/2911/2911
f 2911/2911/2911 2902/2902/2902 2910/2910/2910
f 2912/2912/2912 2909/2909/2909 2908/2908/2908 2913/2913/2913
f 2900/2900/2900 2899/2899/2899 2917/2917/2917
f 2904/2904/2904 2903/2903/2903 2900/2900/2900
f 2910/2910/2910 2902/2902/2902 2901/2901/2901
f 2900/2900/2900 2917/2917/2917 2904/2904/2904
f 2936/2936/2936 2919/2919/2919 2927/2927/2927
f 2936/2936/2936 2927/2927/2927 2926/2926/2926
f 2925/2925/2925 2937/2937/2937 2926/2926/2926
f 2936/2936/2936 2926/2926/2926 2937/2937/2937
f 2937/2937/2937 2931/2931/2931 2930/2930/2930 2936/2936/2936
f 2924/2924/2924 2938/2938/2938 2937/2937/2937 2925/2925/2925
f 2936/2936/2936 2928/2928/2928 2919/2919/2919
f 2923/2923/2923 2939/2939/2939 2938/2938/2938 2924/2924/2924
f 2922/2922/2922 2940/2940/2940 2939/2939/2939 2923/2923/2923
f 2941/2941/2941 2921/2921/2921 2918/2918/2918
f 2921/2921/2921 2941/2941/2941 2940/2940/2940 2922/2922/2922
f 2938/2938/2938 2932/2932/2932 2931/2931/2931 2937/2937/2937
f 2929/2929/2929 2936/2936/2936 2930/2930/2930
f 2932/2932/2932 2938/2938/2938 2939/2939/2939 2933/2933/2933
f 2940/2940/2940 2934/2934/2934 2933/2933/2933 2939/2939/2939
f 2941/2941/2941 2935/2935/2935 2934/2934/2934 2940/2940/2940
f 2941/2941/2941 2920/2920/2920 2935/2935/2935
f 2918/2918/2918 2920/2920/2920 2941/2941/2941
f 2928/2928/2928 2936/2936/2936 2929/2929/2929
f 2960/2960/2960 2946/2946/2946 2945/2945/2945 2942/2942/2942
f 2958/2958/2958 2948/2948/2948 2947/2947/2947 2959/2959/2959
f 2959/2959/2959 2947/2947/2947 2946/2946/2946 2960/2960/2960
f 2956/2956/2956 2950/2950/2950 2949/2949/2949 2957/2957/2957
f 2954/2954/2954 2952/2952/2952 2951/2951/2951 2955/2955/2955
f 2944/2944/2944 2954/2954/2954 2953/2953/2953
f 2955/2955/2955 2951/2951/2951 2950/2950/2950 2956/2956/2956
f 2957/2957/2957 2949/2949/2949 2948/2948/2948 2958/2958/2958
f 2954/2954/2954 2944/2944/2944 2952/2952/2952
f 2944/2944/2944 2943/2943/2943 2952/2952/2952
f 2962/2962/2962 2961/2961/2961 2980/2980/2980
f 2981/2981/2981 2980/2980/2980 2979/2979/2979
f 2978/2978/2978 2982/2982/2982 2981/2981/2981 2979/2979/2979
f 2980/2980/2980 2981/2981/2981 2966/2966/2966
f 2962/2962/2962 2980/2980/2980 2966/2966/2966
f 2976/2976/2976 2984/2984/2984 2983/2983/2983 2977/2977/2977
f 2975/2975/2975 2985/2985/2985 2984/2984/2984 2976/2976/2976
f 2974/2974/2974 2986/2986/2986 2985/2985/2985 2975/2975/2975
f 2983/2983/2983 2969/2969/2969 2968/2968/2968 2982/2982/2982
f 2973/2973/2973 2963/2963/2963 2986/2986/2986 2974/2974/2974
f 2982/2982/2982 2978/2978/2978 2977/2977/2977 2983/2983/2983
f 2982/2982/2982 2968/2968/2968 2967/2967/2967 2981/2981/2981
f 2966/2966/2966 2981/2981/2981 2967/2967/2967
f 2969/2969/2969 2983/2983/2983 2984/2984/2984 2970/2970/2970
f 2985/2985/2985 2971/2971/2971 2970/2970/2970 2984/2984/2984
f 2986/2986/2986 2972/2972/2972 2971/2971/2971 2985/2985/2985
f 2972/2972/2972 2986/2986/2986 2963/2963/2963 2964/2964/2964
f 2965/2965/2965 2962/2962/2962 2966/2966/2966
f 2997/2997/2997 2996/2996/2996 2989/2989/2989 2990/2990/2990
f 2998/2998/2998 2997/2997/2997 2990/2990/2990 2991/2991/2991
f 2999/2999/2999 2998/2998/2998 2991/2991/2991 2992/2992/2992
f 3000/3000/3000 2999/2999/2999 2992/2992/2992 2993/2993/2993
f 3001/3001/3001 3000/3000/3000 2993/2993/2993 2994/2994/2994
f 3002/3002/3002 3001/3001/3001 2994/2994/2994 2995/2995/2995
f 3004/3004/3004 3003/3003/3003 2996/2996/2996 2997/2997/2997
f 3005/3005/3005 3004/3004/3004 2997/2997/2997 2998/2998/2998
f 3006/3006/3006 3005/3005/3005 2998/2998/2998 2999/2999/2999
f 3007/3007/3007 3006/3006/3006 2999/2999/2999 3000/3000/3000
f 3008/3008/3008 3007/3007/3007 3000/3000/3000 3001/3001/3001
f 3009/3009/3009 3008/3008/3008 3001/3001/3001 3002/3002/3002
f 3011/3011/3011 3010/3010/3010 3003/3003/3003 3004/3004/3004
f 3012/3012/3012 3011/3011/3011 3004/3004/3004 3005/3005/3005
f 3013/3013/3013 3012/3012/3012 3005/3005/3005 3006/3006/3006
f 3014/3014/3014 3013/3013/3013 3006/3006/3006 3007/3007/3007
f 3015/3015/3015 3014/3014/3014 3007/3007/3007 3008/3008/3008
f 3017/3017/3017 3016/3016/3016 3011/3011/3011 3012/3012/3012
f 3018/3018/3018 3017/3017/3017 3012/3012/3012 3013/3013/3013
f 3019/3019/3019 3018/3018/3018 3013/3013/3013 3014/3014/3014
f 3020/3020/3020 3019/3019/3019 3014/3014/3014 3015/3015/3015
f 3022/3022/3022 3021/3021/3021 3017/3017/3017 3018/3018/3018
f 3023/3023/3023 3022/3022/3022 3018/3018/3018 3019/3019/3019
f 3024/3024/3024 2987/2987/2987 3064/3064/3064
f 3064/3064/3064 2989/2989/2989 3024/3024/3024
f 3025/3025/3025 3024/3024/3024 2989/2989/2989
f 3063/3063/3063 2989/2989/2989 3064/3064/3064
f 3063/3063/3063 3062/3062/3062 2990/2990/2990
f 3061/3061/3061 3060/3060/3060 2991/2991/2991
f 3061/3061/3061 2991/2991/2991 2990/2990/2990 3062/3062/3062
f 3063/3063/3063 2990/2990/2990 2989/2989/2989
f 2996/2996/2996 3026/3026/3026 3025/3025/3025
f 3003/3003/3003 3027/3027/3027 2996/2996/2996
f 3026/3026/3026 2996/2996/2996 3027/3027/3027
f 3060/3060/3060 2992/2992/2992 2991/2991/2991
f 3003/3003/3003 3028/3028/3028 3027/3027/3027
f 3025/3025/3025 2989/2989/2989 2996/2996/2996
f 3059/3059/3059 2992/2992/2992 3060/3060/3060
f 3058/3058/3058 2993/2993/2993 2992/2992/2992 3059/3059/3059
f 2994/2994/2994 3057/3057/3057 3056/3056/3056
f 3057/3057/3057 2994/2994/2994 2993/2993/2993 3058/3058/3058
f 2995/2995/2995 3055/3055/3055 3054/3054/3054
f 3055/3055/3055 2988/2988/2988 3054/3054/3054
f 3056/3056/3056 3055/3055/3055 2995/2995/2995
f 3056/3056/3056 2995/2995/2995 2994/2994/2994
f 3053/3053/3053 3002/3002/3002 2995/2995/2995
f 3052/3052/3052 3002/3002/3002 3053/3053/3053
f 3050/3050/3050 3009/3009/3009 3051/3051/3051
f 3002/3002/3002 3052/3052/3052 3051/3051/3051
f 3002/3002/3002 3051/3051/3051 3009/3009/3009
f 3009/3009/3009 3015/3015/3015 3008/3008/3008
f 3054/3054/3054 3053/3053/3053 2995/2995/2995
f 3003/3003/3003 3010/3010/3010 3029/3029/3029
f 3011/3011/3011 3030/3030/3030 3010/3010/3010
f 3029/3029/3029 3010/3010/3010 3030/3030/3030
f 3016/3016/3016 3031/3031/3031 3011/3011/3011
f 3030/3030/3030 3011/3011/3011 3031/3031/3031
f 3033/3033/3033 3016/3016/3016 3017/3017/3017
f 3016/3016/3016 3032/3032/3032 3031/3031/3031
f 3021/3021/3021 3033/3033/3033 3017/3017/3017
f 3034/3034/3034 3033/3033/3033 3021/3021/3021
f 3035/3035/3035 3034/3034/3034 3021/3021/3021
f 3036/3036/3036 3021/3021/3021 3022/3022/3022
f 3035/3035/3035 3021/3021/3021 3036/3036/3036
f 3037/3037/3037 3036/3036/3036 3022/3022/3022
f 3032/3032/3032 3016/3016/3016 3033/3033/3033
f 3037/3037/3037 3040/3040/3040 3038/3038/3038
f 3047/3047/3047 3020/3020/3020 3015/3015/3015
f 3020/3020/3020 3046/3046/3046 3045/3045/3045
f 3045/3045/3045 3019/3019/3019 3020/3020/3020
f 3046/3046/3046 3020/3020/3020 3047/3047/3047
f 3050/3050/3050 3049/3049/3049 3009/3009/3009
f 3048/3048/3048 3015/3015/3015 3049/3049/3049
f 3048/3048/3048 3047/3047/3047 3015/3015/3015
f 3049/3049/3049 3015/3015/3015 3009/3009/3009
f 3042/3042/3042 3041/3041/3041 3022/3022/3022
f 3041/3041/3041 3037/3037/3037 3022/3022/3022
f 3040/3040/3040 3037/3037/3037 3041/3041/3041
f 3040/3040/3040 3039/3039/3039 3038/3038/3038
f 3044/3044/3044 3023/3023/3023 3045/3045/3045
f 3023/3023/3023 3019/3019/3019 3045/3045/3045
f 3044/3044/3044 3043/3043/3043 3023/3023/3023
f 3042/3042/3042 3023/3023/3023 3043/3043/3043
f 3042/3042/3042 3022/3022/3022 3023/3023/3023
f 3029/3029/3029 3028/3028/3028 3003/3003/3003
f 3075/3075/3075 3074/3074/3074 3067/3067/3067 3068/3068/3068
f 3076/3076/3076 3075/3075/3075 3068/3068/3068 3069/3069/3069
f 3077/3077/3077 3076/3076/3076 3069/3069/3069 3070/3070/3070
f 3078/3078/3078 3077/3077/3077 3070/3070/3070 3071/3071/3071
f 3079/3079/3079 3078/3078/3078 3071/3071/3071 3072/3072/3072
f 3080/3080/3080 3079/3079/3079 3072/3072/3072 3073/3073/3073
f 3082/3082/3082 3081/3081/3081 3074/3074/3074 3075/3075/3075
f 3083/3083/3083 3082/3082/3082 3075/3075/3075 3076/3076/3076
f 3084/3084/3084 3083/3083/3083 3076/3076/3076 3077/3077/3077
f 3085/3085/3085 3084/3084/3084 3077/3077/3077 3078/3078/3078
f 3086/3086/3086 3085/3085/3085 3078/3078/3078 3079/3079/3079
f 3087/3087/3087 3086/3086/3086 3079/3079/3079 3080/3080/3080
f 3089/3089/3089 3088/3088/3088 3081/3081/3081 3082/3082/3082
f 3090/3090/3090 3089/3089/3089 3082/3082/3082 3083/3083/3083
f 3091/3091/3091 3090/3090/3090 3083/3083/3083 3084/3084/3084
f 3092/3092/3092 3091/3091/3091 3084/3084/3084 3085/3085/3085
f 3093/3093/3093 3092/3092/3092 3085/3085/3085 3086/3086/3086
f 3095/3095/3095 3094/3094/3094 3089/3089/3089 3090/3090/3090
f 3096/3096/3096 3095/3095/3095 3090/3090/3090 3091/3091/3091
f 3097/3097/3097 3096/3096/3096 3091/3091/3091 3092/3092/3092
f 3098/3098/3098 3097/3097/3097 3092/3092/3092 3093/3093/3093
f 3100/3100/3100 3099/3099/3099 3095/3095/3095 3096/3096/3096
f 3101/3101/3101 3100/3100/3100 3096/3096/3096 3097/3097/3097
f 3117/3117/3117 3065/3065/3065 3116/3116/3116
f 3067/3067/3067 3115/3115/3115 3114/3114/3114
f 3115/3115/3115 3067/3067/3067 3116/3116/3116
f 3068/3068/3068 3113/3113/3113 3112/3112/3112
f 3069/3069/3069 3111/3111/3111 3110/3110/3110
f 3111/3111/3111 3069/3069/3069 3112/3112/3112
f 3113/3113/3113 3068/3068/3068 3114/3114/3114
f 3118/3118/3118 3117/3117/3117 3067/3067/3067
f 3074/3074/3074 3119/3119/3119 3118/3118/3118
f 3119/3119/3119 3074/3074/3074 3120/3120/3120
f 3067/3067/3067 3114/3114/3114 3068/3068/3068
f 3120/3120/3120 3074/3074/3074 3081/3081/3081
f 3074/3074/3074 3118/3118/3118 3067/3067/3067
f 3068/3068/3068 3112/3112/3112 3069/3069/3069
f 3081/3081/3081 3121/3121/3121 3120/3120/3120
f 3067/3067/3067 3117/3117/3117 3116/3116/3116
f 3069/3069/3069 3110/3110/3110 3109/3109/3109 3070/3070/3070
f 3070/3070/3070 3109/3109/3109 3108/3108/3108
f 3071/3071/3071 3107/3107/3107 3106/3106/3106
f 3107/3107/3107 3071/3071/3071 3108/3108/3108
f 3072/3072/3072 3105/3105/3105 3104/3104/3104
f 3073/3073/3073 3103/3103/3103 3102/3102/3102
f 3147/3147/3147 3102/3102/3102 3066/3066/3066
f 3103/3103/3103 3073/3073/3073 3104/3104/3104
f 3105/3105/3105 3072/3072/3072 3106/3106/3106
f 3071/3071/3071 3106/3106/3106 3072/3072/3072
f 3102/3102/3102 3147/3147/3147 3073/3073/3073
f 3072/3072/3072 3104/3104/3104 3073/3073/3073
f 3146/3146/3146 3073/3073/3073 3147/3147/3147
f 3144/3144/3144 3080/3080/3080 3145/3145/3145
f 3146/3146/3146 3145/3145/3145 3080/3080/3080
f 3146/3146/3146 3080/3080/3080 3073/3073/3073
f 3144/3144/3144 3087/3087/3087 3080/3080/3080
f 3070/3070/3070 3108/3108/3108 3071/3071/3071
f 3081/3081/3081 3088/3088/3088 3122/3122/3122
f 3089/3089/3089 3123/3123/3123 3088/3088/3088
f 3122/3122/3122 3088/3088/3088 3123/3123/3123
f 3094/3094/3094 3124/3124/3124 3089/3089/3089
f 3123/3123/3123 3089/3089/3089 3124/3124/3124
f 3126/3126/3126 3094/3094/3094 3095/3095/3095
f 3094/3094/3094 3125/3125/3125 3124/3124/3124
f 3099/3099/3099 3126/3126/3126 3095/3095/3095
f 3127/3127/3127 3126/3126/3126 3099/3099/3099
f 3128/3128/3128 3127/3127/3127 3099/3099/3099
f 3129/3129/3129 3099/3099/3099 3100/3100/3100
f 3128/3128/3128 3099/3099/3099 3129/3129/3129
f 3131/3131/3131 3130/3130/3130 3133/3133/3133
f 3100/3100/3100 3130/3130/3130 3129/3129/3129
f 3125/3125/3125 3094/3094/3094 3126/3126/3126
f 3131/3131/3131 3133/3133/3133 3132/3132/3132
f 3087/3087/3087 3093/3093/3093 3086/3086/3086
f 3138/3138/3138 3097/3097/3097 3098/3098/3098
f 3140/3140/3140 3098/3098/3098 3093/3093/3093
f 3144/3144/3144 3143/3143/3143 3087/3087/3087
f 3142/3142/3142 3087/3087/3087 3143/3143/3143
f 3087/3087/3087 3142/3142/3142 3093/3093/3093
f 3142/3142/3142 3141/3141/3141 3093/3093/3093
f 3141/3141/3141 3140/3140/3140 3093/3093/3093
f 3140/3140/3140 3139/3139/3139 3098/3098/3098
f 3101/3101/3101 3135/3135/3135 3100/3100/3100
f 3134/3134/3134 3100/3100/3100 3135/3135/3135
f 3130/3130/3130 3100/3100/3100 3134/3134/3134
f 3134/3134/3134 3133/3133/3133 3130/3130/3130
f 3138/3138/3138 3098/3098/3098 3139/3139/3139
f 3137/3137/3137 3136/3136/3136 3101/3101/3101
f 3135/3135/3135 3101/3101/3101 3136/3136/3136
f 3138/3138/3138 3137/3137/3137 3101/3101/3101
f 3097/3097/3097 3138/3138/3138 3101/3101/3101
f 3122/3122/3122 3121/3121/3121 3081/3081/3081
f 3153/3153/3153 3152/3152/3152 3148/3148/3148 3149/3149/3149
f 3154/3154/3154 3153/3153/3153 3149/3149/3149 3150/3150/3150
f 3158/3158/3158 3157/3157/3157 3151/3151/3151 3152/3152/3152
f 3159/3159/3159 3158/3158/3158 3152/3152/3152 3153/3153/3153
f 3160/3160/3160 3159/3159/3159 3153/3153/3153 3154/3154/3154
f 3161/3161/3161 3160/3160/3160 3154/3154/3154 3155/3155/3155
f 3163/3163/3163 3162/3162/3162 3156/3156/3156 3157/3157/3157
f 3164/3164/3164 3163/3163/3163 3157/3157/3157 3158/3158/3158
f 3165/3165/3165 3164/3164/3164 3158/3158/3158 3159/3159/3159
f 3166/3166/3166 3165/3165/3165 3159/3159/3159 3160/3160/3160
f 3167/3167/3167 3166/3166/3166 3160/3160/3160 3161/3161/3161
f 3170/3170/3170 3169/3169/3169 3162/3162/3162 3163/3163/3163
f 3171/3171/3171 3170/3170/3170 3163/3163/3163 3164/3164/3164
f 3172/3172/3172 3171/3171/3171 3164/3164/3164 3165/3165/3165
f 3173/3173/3173 3172/3172/3172 3165/3165/3165 3166/3166/3166
f 3174/3174/3174 3173/3173/3173 3166/3166/3166 3167/3167/3167
f 3175/3175/3175 3174/3174/3174 3167/3167/3167 3168/3168/3168
f 3177/3177/3177 3176/3176/3176 3169/3169/3169 3170/3170/3170
f 3178/3178/3178 3177/3177/3177 3170/3170/3170 3171/3171/3171
f 3179/3179/3179 3178/3178/3178 3171/3171/3171 3172/3172/3172
f 3180/3180/3180 3179/3179/3179 3172/3172/3172 3173/3173/3173
f 3181/3181/3181 3180/3180/3180 3173/3173/3173 3174/3174/3174
f 3182/3182/3182 3181/3181/3181 3174/3174/3174 3175/3175/3175
f 3205/3205/3205 3204/3204/3204 3148/3148/3148
f 3148/3148/3148 3206/3206/3206 3205/3205/3205
f 3148/3148/3148 3152/3152/3152 3206/3206/3206
f 3202/3202/3202 3201/3201/3201 3199/3199/3199
f 3149/3149/3149 3203/3203/3203 3202/3202/3202
f 3204/3204/3204 3203/3203/3203 3148/3148/3148
f 3149/3149/3149 3148/3148/3148 3203/3203/3203
f 3151/3151/3151 3207/3207/3207 3206/3206/3206
f 3157/3157/3157 3156/3156/3156 3209/3209/3209
f 3210/3210/3210 3209/3209/3209 3156/3156/3156
f 3156/3156/3156 3162/3162/3162 3210/3210/3210
f 3206/3206/3206 3152/3152/3152 3151/3151/3151
f 3151/3151/3151 3157/3157/3157 3208/3208/3208
f 3209/3209/3209 3208/3208/3208 3157/3157/3157
f 3208/3208/3208 3207/3207/3207 3151/3151/3151
f 3199/3199/3199 3201/3201/3201 3200/3200/3200
f 3197/3197/3197 3149/3149/3149 3198/3198/3198
f 3202/3202/3202 3199/3199/3199 3198/3198/3198
f 3202/3202/3202 3198/3198/3198 3149/3149/3149
f 3150/3150/3150 3197/3197/3197 3196/3196/3196
f 3194/3194/3194 3150/3150/3150 3195/3195/3195
f 3196/3196/3196 3195/3195/3195 3150/3150/3150
f 3150/3150/3150 3149/3149/3149 3197/3197/3197
f 3155/3155/3155 3154/3154/3154 3194/3194/3194
f 3150/3150/3150 3194/3194/3194 3154/3154/3154
f 3192/3192/3192 3161/3161/3161 3155/3155/3155
f 3193/3193/3193 3155/3155/3155 3194/3194/3194
f 3192/3192/3192 3155/3155/3155 3193/3193/3193
f 3161/3161/3161 3192/3192/3192 3191/3191/3191
f 3161/3161/3161 3191/3191/3191 3190/3190/3190
f 3168/3168/3168 3161/3161/3161 3190/3190/3190
f 3210/3210/3210 3162/3162/3162 3211/3211/3211
f 3212/3212/3212 3162/3162/3162 3169/3169/3169
f 3211/3211/3211 3162/3162/3162 3212/3212/3212
f 3213/3213/3213 3212/3212/3212 3169/3169/3169
f 3214/3214/3214 3213/3213/3213 3169/3169/3169
f 3214/3214/3214 3169/3169/3169 3176/3176/3176
f 3178/3178/3178 3219/3219/3219 3218/3218/3218 3177/3177/3177
f 3177/3177/3177 3218/3218/3218 3217/3217/3217 3176/3176/3176
f 3176/3176/3176 3215/3215/3215 3214/3214/3214
f 3216/3216/3216 3183/3183/3183 3215/3215/3215
f 3216/3216/3216 3176/3176/3176 3217/3217/3217
f 3178/3178/3178 3220/3220/3220 3219/3219/3219
f 3178/3178/3178 3179/3179/3179 3220/3220/3220
f 3221/3221/3221 3220/3220/3220 3179/3179/3179
f 3176/3176/3176 3216/3216/3216 3215/3215/3215
f 3190/3190/3190 3189/3189/3189 3168/3168/3168
f 3182/3182/3182 3175/3175/3175 3186/3186/3186
f 3188/3188/3188 3175/3175/3175 3168/3168/3168
f 3188/3188/3188 3168/3168/3168 3189/3189/3189
f 3187/3187/3187 3175/3175/3175 3188/3188/3188
f 3187/3187/3187 3186/3186/3186 3175/3175/3175
f 3168/3168/3168 3167/3167/3167 3161/3161/3161
f 3222/3222/3222 3180/3180/3180 3181/3181/3181 3223/3223/3223
f 3221/3221/3221 3179/3179/3179 3180/3180/3180 3222/3222/3222
f 3224/3224/3224 3223/3223/3223 3181/3181/3181
f 3186/3186/3186 3185/3185/3185 3182/3182/3182
f 3225/3225/3225 3182/3182/3182 3185/3185/3185
f 3182/3182/3182 3225/3225/3225 3224/3224/3224
f 3185/3185/3185 3184/3184/3184 3225/3225/3225
f 3224/3224/3224 3181/3181/3181 3182/3182/3182
f 3231/3231/3231 3230/3230/3230 3226/3226/3226 3227/3227/3227
f 3232/3232/3232 3231/3231/3231 3227/3227/3227 3228/3228/3228
f 3236/3236/3236 3235/3235/3235 3229/3229/3229 3230/3230/3230
f 3237/3237/3237 3236/3236/3236 3230/3230/3230 3231/3231/3231
f 3238/3238/3238 3237/3237/3237 3231/3231/3231 3232/3232/3232
f 3239/3239/3239 3238/3238/3238 3232/3232/3232 3233/3233/3233
f 3241/3241/3241 3240/3240/3240 3234/3234/3234 3235/3235/3235
f 3242/3242/3242 3241/3241/3241 3235/3235/3235 3236/3236/3236
f 3243/3243/3243 3242/3242/3242 3236/3236/3236 3237/3237/3237
f 3244/3244/3244 3243/3243/3243 3237/3237/3237 3238/3238/3238
f 3245/3245/3245 3244/3244/3244 3238/3238/3238 3239/3239/3239
f 3248/3248/3248 3247/3247/3247 3240/3240/3240 3241/3241/3241
f 3249/3249/3249 3248/3248/3248 3241/3241/3241 3242/3242/3242
f 3250/3250/3250 3249/3249/3249 3242/3242/3242 3243/3243/3243
f 3251/3251/3251 3250/3250/3250 3243/3243/3243 3244/3244/3244
f 3252/3252/3252 3251/3251/3251 3244/3244/3244 3245/3245/3245
f 3253/3253/3253 3252/3252/3252 3245/3245/3245 3246/3246/3246
f 3255/3255/3255 3254/3254/3254 3247/3247/3247 3248/3248/3248
f 3256/3256/3256 3255/3255/3255 3248/3248/3248 3249/3249/3249
f 3257/3257/3257 3256/3256/3256 3249/3249/3249 3250/3250/3250
f 3258/3258/3258 3257/3257/3257 3250/3250/3250 3251/3251/3251
f 3259/3259/3259 3258/3258/3258 3251/3251/3251 3252/3252/3252
f 3260/3260/3260 3259/3259/3259 3252/3252/3252 3253/3253/3253
f 3282/3282/3282 3281/3281/3281 3226/3226/3226
f 3226/3226/3226 3283/3283/3283 3282/3282/3282
f 3283/3283/3283 3226/3226/3226 3284/3284/3284
f 3279/3279/3279 3278/3278/3278 3277/3277/3277
f 3276/3276/3276 3280/3280/3280 3279/3279/3279
f 3280/3280/3280 3227/3227/3227 3281/3281/3281
f 3226/3226/3226 3281/3281/3281 3227/3227/3227
f 3226/3226/3226 3230/3230/3230 3284/3284/3284
f 3287/3287/3287 3286/3286/3286 3235/3235/3235
f 3287/3287/3287 3234/3234/3234 3288/3288/3288
f 3234/3234/3234 3287/3287/3287 3235/3235/3235
f 3284/3284/3284 3230/3230/3230 3229/3229/3229
f 3229/3229/3229 3286/3286/3286 3285/3285/3285
f 3229/3229/3229 3235/3235/3235 3286/3286/3286
f 3285/3285/3285 3284/3284/3284 3229/3229/3229
f 3276/3276/3276 3279/3279/3279 3277/3277/3277
f 3228/3228/3228 3227/3227/3227 3275/3275/3275
f 3276/3276/3276 3275/3275/3275 3227/3227/3227
f 3276/3276/3276 3227/3227/3227 3280/3280/3280
f 3228/3228/3228 3274/3274/3274 3273/3273/3273
f 3273/3273/3273 3272/3272/3272 3228/3228/3228
f 3228/3228/3228 3272/3272/3272 3232/3232/3232
f 3228/3228/3228 3275/3275/3275 3274/3274/3274
f 3271/3271/3271 3233/3233/3233 3272/3272/3272
f 3232/3232/3232 3272/3272/3272 3233/3233/3233
f 3270/3270/3270 3233/3233/3233 3271/3271/3271
f 3239/3239/3239 3233/3233/3233 3270/3270/3270
f 3269/3269/3269 3239/3239/3239 3270/3270/3270
f 3239/3239/3239 3269/3269/3269 3268/3268/3268
f 3268/3268/3268 3267/3267/3267 3246/3246/3246
f 3239/3239/3239 3268/3268/3268 3246/3246/3246
f 3288/3288/3288 3234/3234/3234 3240/3240/3240
f 3290/3290/3290 3289/3289/3289 3240/3240/3240
f 3291/3291/3291 3290/3290/3290 3247/3247/3247
f 3292/3292/3292 3291/3291/3291 3247/3247/3247
f 3290/3290/3290 3240/3240/3240 3247/3247/3247
f 3255/3255/3255 3296/3296/3296 3295/3295/3295 3254/3254/3254
f 3254/3254/3254 3292/3292/3292 3247/3247/3247
f 3254/3254/3254 3293/3293/3293 3292/3292/3292
f 3294/3294/3294 3261/3261/3261 3293/3293/3293
f 3294/3294/3294 3254/3254/3254 3295/3295/3295
f 3256/3256/3256 3297/3297/3297 3296/3296/3296 3255/3255/3255
f 3256/3256/3256 3298/3298/3298 3297/3297/3297
f 3257/3257/3257 3298/3298/3298 3256/3256/3256
f 3294/3294/3294 3293/3293/3293 3254/3254/3254
f 3245/3245/3245 3239/3239/3239 3246/3246/3246
f 3258/3258/3258 3300/3300/3300 3299/3299/3299 3257/3257/3257
f 3265/3265/3265 3253/3253/3253 3266/3266/3266
f 3246/3246/3246 3266/3266/3266 3253/3253/3253
f 3253/3253/3253 3265/3265/3265 3264/3264/3264
f 3260/3260/3260 3253/3253/3253 3264/3264/3264
f 3267/3267/3267 3266/3266/3266 3246/3246/3246
f 3300/3300/3300 3258/3258/3258 3259/3259/3259 3301/3301/3301
f 3302/3302/3302 3301/3301/3301 3259/3259/3259
f 3264/3264/3264 3263/3263/3263 3260/3260/3260
f 3303/3303/3303 3260/3260/3260 3263/3263/3263
f 3260/3260/3260 3303/3303/3303 3302/3302/3302
f 3263/3263/3263 3262/3262/3262 3303/3303/3303
f 3302/3302/3302 3259/3259/3259 3260/3260/3260
f 3299/3299/3299 3298/3298/3298 3257/3257/3257
f 3240/3240/3240 3289/3289/3289 3288/3288/3288
f 3314/3314/3314 3313/3313/3313 3306/3306/3306 3307/3307/3307
f 3315/3315/3315 3314/3314/3314 3307/3307/3307 3308/3308/3308
f 3316/3316/3316 3315/3315/3315 3308/3308/3308 3309/3309/3309
f 3317/3317/3317 3316/3316/3316 3309/3309/3309 3310/3310/3310
f 3318/3318/3318 3317/3317/3317 3310/3310/3310 3311/3311/3311
f 3319/3319/3319 3318/3318/3318 3311/3311/3311 3312/3312/3312
f 3321/3321/3321 3320/3320/3320 3313/3313/3313 3314/3314/3314
f 3322/3322/3322 3321/3321/3321 3314/3314/3314 3315/3315/3315
f 3323/3323/3323 3322/3322/3322 3315/3315/3315 3316/3316/3316
f 3324/3324/3324 3323/3323/3323 3316/3316/3316 3317/3317/3317
f 3325/3325/3325 3324/3324/3324 3317/3317/3317 3318/3318/3318
f 3326/3326/3326 3325/3325/3325 3318/3318/3318 3319/3319/3319
f 3328/3328/3328 3327/3327/3327 3320/3320/3320 3321/3321/3321
f 3329/3329/3329 3328/3328/3328 3321/3321/3321 3322/3322/3322
f 3330/3330/3330 3329/3329/3329 3322/3322/3322 3323/3323/3323
f 3331/3331/3331 3330/3330/3330 3323/3323/3323 3324/3324/3324
f 3332/3332/3332 3331/3331/3331 3324/3324/3324 3325/3325/3325
f 3334/3334/3334 3333/3333/3333 3328/3328/3328 3329/3329/3329
f 3335/3335/3335 3334/3334/3334 3329/3329/3329 3330/3330/3330
f 3336/3336/3336 3335/3335/3335 3330/3330/3330 3331/3331/3331
f 3337/3337/3337 3336/3336/3336 3331/3331/3331 3332/3332/3332
f 3339/3339/3339 3338/3338/3338 3334/3334/3334 3335/3335/3335
f 3340/3340/3340 3339/3339/3339 3335/3335/3335 3336/3336/3336
f 3341/3341/3341 3304/3304/3304 3386/3386/3386
f 3306/3306/3306 3385/3385/3385 3384/3384/3384
f 3385/3385/3385 3306/3306/3306 3386/3386/3386
f 3307/3307/3307 3383/3383/3383 3382/3382/3382
f 3308/3308/3308 3381/3381/3381 3380/3380/3380
f 3381/3381/3381 3308/3308/3308 3382/3382/3382
f 3383/3383/3383 3307/3307/3307 3384/3384/3384
f 3342/3342/3342 3341/3341/3341 3306/3306/3306
f 3313/3313/3313 3343/3343/3343 3342/3342/3342
f 3343/3343/3343 3313/3313/3313 3344/3344/3344
f 3306/3306/3306 3384/3384/3384 3307/3307/3307
f 3344/3344/3344 3313/3313/3313 3320/3320/3320
f 3313/3313/3313 3342/3342/3342 3306/3306/3306
f 3307/3307/3307 3382/3382/3382 3308/3308/3308
f 3320/3320/3320 3345/3345/3345 3344/3344/3344
f 3306/3306/3306 3341/3341/3341 3386/3386/3386
f 3308/3308/3308 3380/3380/3380 3379/3379/3379 3309/3309/3309
f 3309/3309/3309 3379/3379/3379 3378/3378/3378
f 3310/3310/3310 3377/3377/3377 3376/3376/3376
f 3377/3377/3377 3310/3310/3310 3378/3378/3378
f 3311/3311/3311 3375/3375/3375 3374/3374/3374
f 3312/3312/3312 3373/3373/3373 3372/3372/3372
f 3371/3371/3371 3372/3372/3372 3305/3305/3305
f 3373/3373/3373 3312/3312/3312 3374/3374/3374
f 3375/3375/3375 3311/3311/3311 3376/3376/3376
f 3310/3310/3310 3376/3376/3376 3311/3311/3311
f 3372/3372/3372 3371/3371/3371 3312/3312/3312
f 3311/3311/3311 3374/3374/3374 3312/3312/3312
f 3370/3370/3370 3312/3312/3312 3371/3371/3371
f 3368/3368/3368 3319/3319/3319 3369/3369/3369
f 3370/3370/3370 3369/3369/3369 3319/3319/3319
f 3370/3370/3370 3319/3319/3319 3312/3312/3312
f 3368/3368/3368 3326/3326/3326 3319/3319/3319
f 3309/3309/3309 3378/3378/3378 3310/3310/3310
f 3320/3320/3320 3327/3327/3327 3346/3346/3346
f 3328/3328/3328 3347/3347/3347 3327/3327/3327
f 3346/3346/3346 3327/3327/3327 3347/3347/3347
f 3333/3333/3333 3348/3348/3348 3328/3328/3328
f 3347/3347/3347 3328/3328/3328 3348/3348/3348
f 3350/3350/3350 3333/3333/3333 3334/3334/3334
f 3333/3333/3333 3349/3349/3349 3348/3348/3348
f 3338/3338/3338 3350/3350/3350 3334/3334/3334
f 3351/3351/3351 3350/3350/3350 3338/3338/3338
f 3352/3352/3352 3351/3351/3351 3338/3338/3338
f 3353/3353/3353 3338/3338/3338 3339/3339/3339
f 3352/3352/3352 3338/3338/3338 3353/3353/3353
f 3355/3355/3355 3354/3354/3354 3358/3358/3358
f 3339/3339/3339 3354/3354/3354 3353/3353/3353
f 3349/3349/3349 3333/3333/3333 3350/3350/3350
f 3355/3355/3355 3357/3357/3357 3356/3356/3356
f 3326/3326/3326 3332/3332/3332 3325/3325/3325
f 3362/3362/3362 3336/3336/3336 3337/3337/3337
f 3364/3364/3364 3337/3337/3337 3332/3332/3332
f 3368/3368/3368 3367/3367/3367 3326/3326/3326
f 3366/3366/3366 3326/3326/3326 3367/3367/3367
f 3326/3326/3326 3366/3366/3366 3332/3332/3332
f 3366/3366/3366 3365/3365/3365 3332/3332/3332
f 3365/3365/3365 3364/3364/3364 3332/3332/3332
f 3364/3364/3364 3363/3363/3363 3337/3337/3337
f 3340/3340/3340 3359/3359/3359 3339/3339/3339
f 3358/3358/3358 3339/3339/3339 3359/3359/3359
f 3354/3354/3354 3339/3339/3339 3358/3358/3358
f 3358/3358/3358 3357/3357/3357 3355/3355/3355
f 3362/3362/3362 3337/3337/3337 3363/3363/3363
f 3361/3361/3361 3360/3360/3360 3340/3340/3340
f 3359/3359/3359 3340/3340/3340 3360/3360/3360
f 3362/3362/3362 3361/3361/3361 3340/3340/3340
f 3336/3336/3336 3362/3362/3362 3340/3340/3340
f 3346/3346/3346 3345/3345/3345 3320/3320/3320
f 3397/3397/3397 3396/3396/3396 3389/3389/3389 3390/3390/3390
f 3398/3398/3398 3397/3397/3397 3390/3390/3390 3391/3391/3391
f 3399/3399/3399 3398/3398/3398 3391/3391/3391 3392/3392/3392
f 3400/3400/3400 3399/3399/3399 3392/3392/3392 3393/3393/3393
f 3401/3401/3401 3400/3400/3400 3393/3393/3393 3394/3394/3394
f 3402/3402/3402 3401/3401/3401 3394/3394/3394 3395/3395/3395
f 3404/3404/3404 3403/3403/3403 3396/3396/3396 3397/3397/3397
f 3405/3405/3405 3404/3404/3404 3397/3397/3397 3398/3398/3398
f 3406/3406/3406 3405/3405/3405 3398/3398/3398 3399/3399/3399
f 3407/3407/3407 3406/3406/3406 3399/3399/3399 3400/3400/3400
f 3408/3408/3408 3407/3407/3407 3400/3400/3400 3401/3401/3401
f 3409/3409/3409 3408/3408/3408 3401/3401/3401 3402/3402/3402
f 3411/3411/3411 3410/3410/3410 3403/3403/3403 3404/3404/3404
f 3412/3412/3412 3411/3411/3411 3404/3404/3404 3405/3405/3405
f 3413/3413/3413 3412/3412/3412 3405/3405/3405 3406/3406/3406
f 3414/3414/3414 3413/3413/3413 3406/3406/3406 3407/3407/3407
f 3415/3415/3415 3414/3414/3414 3407/3407/3407 3408/3408/3408
f 3417/3417/3417 3416/3416/3416 3411/3411/3411 3412/3412/3412
f 3418/3418/3418 3417/3417/3417 3412/3412/3412 3413/3413/3413
f 3419/3419/3419 3418/3418/3418 3413/3413/3413 3414/3414/3414
f 3420/3420/3420 3419/3419/3419 3414/3414/3414 3415/3415/3415
f 3422/3422/3422 3421/3421/3421 3417/3417/3417 3418/3418/3418
f 3423/3423/3423 3422/3422/3422 3418/3418/3418 3419/3419/3419
f 3424/3424/3424 3387/3387/3387 3464/3464/3464
f 3464/3464/3464 3389/3389/3389 3424/3424/3424
f 3425/3425/3425 3424/3424/3424 3389/3389/3389
f 3463/3463/3463 3389/3389/3389 3464/3464/3464
f 3463/3463/3463 3462/3462/3462 3390/3390/3390
f 3461/3461/3461 3460/3460/3460 3391/3391/3391
f 3461/3461/3461 3391/3391/3391 3390/3390/3390 3462/3462/3462
f 3463/3463/3463 3390/3390/3390 3389/3389/3389
f 3396/3396/3396 3426/3426/3426 3425/3425/3425
f 3403/3403/3403 3427/3427/3427 3396/3396/3396
f 3426/3426/3426 3396/3396/3396 3427/3427/3427
f 3460/3460/3460 3392/3392/3392 3391/3391/3391
f 3403/3403/3403 3428/3428/3428 3427/3427/3427
f 3425/3425/3425 3389/3389/3389 3396/3396/3396
f 3459/3459/3459 3392/3392/3392 3460/3460/3460
f 3458/3458/3458 3393/3393/3393 3392/3392/3392 3459/3459/3459
f 3394/3394/3394 3457/3457/3457 3456/3456/3456
f 3457/3457/3457 3394/3394/3394 3393/3393/3393 3458/3458/3458
f 3395/3395/3395 3455/3455/3455 3454/3454/3454
f 3455/3455/3455 3388/3388/3388 3454/3454/3454
f 3456/3456/3456 3455/3455/3455 3395/3395/3395
f 3456/3456/3456 3395/3395/3395 3394/3394/3394
f 3453/3453/3453 3402/3402/3402 3395/3395/3395
f 3452/3452/3452 3402/3402/3402 3453/3453/3453
f 3450/3450/3450 3409/3409/3409 3451/3451/3451
f 3402/3402/3402 3452/3452/3452 3451/3451/3451
f 3402/3402/3402 3451/3451/3451 3409/3409/3409
f 3409/3409/3409 3415/3415/3415 3408/3408/3408
f 3454/3454/3454 3453/3453/3453 3395/3395/3395
f 3403/3403/3403 3410/3410/3410 3429/3429/3429
f 3411/3411/3411 3430/3430/3430 3410/3410/3410
f 3429/3429/3429 3410/3410/3410 3430/3430/3430
f 3416/3416/3416 3431/3431/3431 3411/3411/3411
f 3430/3430/3430 3411/3411/3411 3431/3431/3431
f 3433/3433/3433 3416/3416/3416 3417/3417/3417
f 3416/3416/3416 3432/3432/3432 3431/3431/3431
f 3421/3421/3421 3433/3433/3433 3417/3417/3417
f 3434/3434/3434 3433/3433/3433 3421/3421/3421
f 3435/3435/3435 3434/3434/3434 3421/3421/3421
f 3436/3436/3436 3421/3421/3421 3422/3422/3422
f 3435/3435/3435 3421/3421/3421 3436/3436/3436
f 3437/3437/3437 3436/3436/3436 3422/3422/3422
f 3432/3432/3432 3416/3416/3416 3433/3433/3433
f 3437/3437/3437 3441/3441/3441 3438/3438/3438
f 3447/3447/3447 3420/3420/3420 3415/3415/3415
f 3420/3420/3420 3446/3446/3446 3445/3445/3445
f 3445/3445/3445 3419/3419/3419 3420/3420/3420
f 3446/3446/3446 3420/3420/3420 3447/3447/3447
f 3450/3450/3450 3449/3449/3449 3409/3409/3409
f 3448/3448/3448 3415/3415/3415 3449/3449/3449
f 3448/3448/3448 3447/3447/3447 3415/3415/3415
f 3449/3449/3449 3415/3415/3415 3409/3409/3409
f 3442/3442/3442 3441/3441/3441 3422/3422/3422
f 3441/3441/3441 3437/3437/3437 3422/3422/3422
f 3440/3440/3440 3438/3438/3438 3441/3441/3441
f 3440/3440/3440 3439/3439/3439 3438/3438/3438
f 3444/3444/3444 3423/3423/3423 3445/3445/3445
f 3423/3423/3423 3419/3419/3419 3445/3445/3445
f 3444/3444/3444 3443/3443/3443 3423/3423/3423
f 3442/3442/3442 3423/3423/3423 3443/3443/3443
f 3442/3442/3442 3422/3422/3422 3423/3423/3423
f 3429/3429/3429 3428/3428/3428 3403/3403/3403
f 3470/3470/3470 3469/3469/3469 3465/3465/3465 3466/3466/3466
f 3471/3471/3471 3470/3470/3470 3466/3466/3466 3467/3467/3467
f 3474/3474/3474 3473/3473/3473 3468/3468/3468 3469/3469/3469
f 3475/3475/3475 3474/3474/3474 3469/3469/3469 3470/3470/3470
f 3476/3476/3476 3475/3475/3475 3470/3470/3470 3471/3471/3471
f 3477/3477/3477 3476/3476/3476 3471/3471/3471 3472/3472/3472
f 3478/3478/3478 3473/3473/3473 3479/3479/3479
f 3480/3480/3480 3479/3479/3479 3473/3473/3473 3474/3474/3474
f 3481/3481/3481 3480/3480/3480 3474/3474/3474 3475/3475/3475
f 3482/3482/3482 3481/3481/3481 3475/3475/3475 3476/3476/3476
f 3483/3483/3483 3482/3482/3482 3476/3476/3476 3477/3477/3477
f 3486/3486/3486 3485/3485/3485 3478/3478/3478 3479/3479/3479
f 3487/3487/3487 3486/3486/3486 3479/3479/3479 3480/3480/3480
f 3488/3488/3488 3487/3487/3487 3480/3480/3480 3481/3481/3481
f 3489/3489/3489 3488/3488/3488 3481/3481/3481 3482/3482/3482
f 3490/3490/3490 3489/3489/3489 3482/3482/3482 3483/3483/3483
f 3491/3491/3491 3490/3490/3490 3483/3483/3483 3484/3484/3484
f 3493/3493/3493 3492/3492/3492 3485/3485/3485 3486/3486/3486
f 3494/3494/3494 3493/3493/3493 3486/3486/3486 3487/3487/3487
f 3495/3495/3495 3494/3494/3494 3487/3487/3487 3488/3488/3488
f 3496/3496/3496 3495/3495/3495 3488/3488/3488 3489/3489/3489
f 3497/3497/3497 3496/3496/3496 3489/3489/3489 3490/3490/3490
f 3498/3498/3498 3497/3497/3497 3490/3490/3490 3491/3491/3491
f 3520/3520/3520 3519/3519/3519 3465/3465/3465
f 3465/3465/3465 3521/3521/3521 3520/3520/3520
f 3521/3521/3521 3465/3465/3465 3522/3522/3522
f 3517/3517/3517 3516/3516/3516 3515/3515/3515
f 3514/3514/3514 3518/3518/3518 3517/3517/3517
f 3518/3518/3518 3466/3466/3466 3519/3519/3519
f 3465/3465/3465 3519/3519/3519 3466/3466/3466
f 3465/3465/3465 3469/3469/3469 3522/3522/3522
f 3525/3525/3525 3524/3524/3524 3473/3473/3473
f 3473/3473/3473 3526/3526/3526 3525/3525/3525
f 3473/3473/3473 3478/3478/3478 3526/3526/3526
f 3522/3522/3522 3469/3469/3469 3468/3468/3468
f 3468/3468/3468 3524/3524/3524 3523/3523/3523
f 3468/3468/3468 3473/3473/3473 3524/3524/3524
f 3523/3523/3523 3522/3522/3522 3468/3468/3468
f 3514/3514/3514 3517/3517/3517 3515/3515/3515
f 3467/3467/3467 3466/3466/3466 3513/3513/3513
f 3514/3514/3514 3513/3513/3513 3466/3466/3466
f 3514/3514/3514 3466/3466/3466 3518/3518/3518
f 3467/3467/3467 3512/3512/3512 3511/3511/3511
f 3511/3511/3511 3510/3510/3510 3467/3467/3467
f 3467/3467/3467 3510/3510/3510 3471/3471/3471
f 3467/3467/3467 3513/3513/3513 3512/3512/3512
f 3509/3509/3509 3472/3472/3472 3510/3510/3510
f 3471/3471/3471 3510/3510/3510 3472/3472/3472
f 3508/3508/3508 3472/3472/3472 3509/3509/3509
f 3477/3477/3477 3472/3472/3472 3508/3508/3508
f 3507/3507/3507 3477/3477/3477 3508/3508/3508
f 3477/3477/3477 3507/3507/3507 3506/3506/3506
f 3506/3506/3506 3505/3505/3505 3484/3484/3484
f 3477/3477/3477 3506/3506/3506 3483/3483/3483
f 3527/3527/3527 3526/3526/3526 3478/3478/3478
f 3528/3528/3528 3478/3478/3478 3485/3485/3485
f 3527/3527/3527 3478/3478/3478 3528/3528/3528
f 3529/3529/3529 3528/3528/3528 3485/3485/3485
f 3530/3530/3530 3529/3529/3529 3485/3485/3485
f 3530/3530/3530 3485/3485/3485 3492/3492/3492
f 3494/3494/3494 3535/3535/3535 3534/3534/3534 3493/3493/3493
f 3493/3493/3493 3534/3534/3534 3533/3533/3533 3492/3492/3492
f 3492/3492/3492 3531/3531/3531 3530/3530/3530
f 3532/3532/3532 3499/3499/3499 3531/3531/3531
f 3532/3532/3532 3492/3492/3492 3533/3533/3533
f 3494/3494/3494 3536/3536/3536 3535/3535/3535
f 3494/3494/3494 3495/3495/3495 3536/3536/3536
f 3537/3537/3537 3536/3536/3536 3495/3495/3495
f 3492/3492/3492 3532/3532/3532 3531/3531/3531
f 3506/3506/3506 3484/3484/3484 3483/3483/3483
f 3497/3497/3497 3539/3539/3539 3538/3538/3538 3496/3496/3496
f 3503/3503/3503 3491/3491/3491 3504/3504/3504
f 3484/3484/3484 3504/3504/3504 3491/3491/3491
f 3491/3491/3491 3503/3503/3503 3502/3502/3502
f 3498/3498/3498 3491/3491/3491 3502/3502/3502
f 3505/3505/3505 3504/3504/3504 3484/3484/3484
f 3498/3498/3498 3541/3541/3541 3540/3540/3540 3497/3497/3497
f 3539/3539/3539 3497/3497/3497 3540/3540/3540
f 3502/3502/3502 3501/3501/3501 3498/3498/3498
f 3541/3541/3541 3498/3498/3498 3501/3501/3501
f 3501/3501/3501 3500/3500/3500 3541/3541/3541
f 3537/3537/3537 3495/3495/3495 3496/3496/3496 3538/3538/3538
f 3547/3547/3547 3546/3546/3546 3542/3542/3542 3543/3543/3543
f 3548/3548/3548 3547/3547/3547 3543/3543/3543 3544/3544/3544
f 3551/3551/3551 3550/3550/3550 3545/3545/3545 3546/3546/3546
f 3552/3552/3552 3551/3551/3551 3546/3546/3546 3547/3547/3547
f 3553/3553/3553 3552/3552/3552 3547/3547/3547 3548/3548/3548
f 3554/3554/3554 3553/3553/3553 3548/3548/3548 3549/3549/3549
f 3555/3555/3555 3550/3550/3550 3556/3556/3556
f 3557/3557/3557 3556/3556/3556 3550/3550/3550 3551/3551/3551
f 3558/3558/3558 3557/3557/3557 3551/3551/3551 3552/3552/3552
f 3559/3559/3559 3558/3558/3558 3552/3552/3552 3553/3553/3553
f 3560/3560/3560 3559/3559/3559 3553/3553/3553 3554/3554/3554
f 3563/3563/3563 3562/3562/3562 3555/3555/3555 3556/3556/3556
f 3564/3564/3564 3563/3563/3563 3556/3556/3556 3557/3557/3557
f 3565/3565/3565 3564/3564/3564 3557/3557/3557 3558/3558/3558
f 3566/3566/3566 3565/3565/3565 3558/3558/3558 3559/3559/3559
f 3567/3567/3567 3566/3566/3566 3559/3559/3559 3560/3560/3560
f 3568/3568/3568 3567/3567/3567 3560/3560/3560 3561/3561/3561
f 3570/3570/3570 3569/3569/3569 3562/3562/3562 3563/3563/3563
f 3571/3571/3571 3570/3570/3570 3563/3563/3563 3564/3564/3564
f 3572/3572/3572 3571/3571/3571 3564/3564/3564 3565/3565/3565
f 3573/3573/3573 3572/3572/3572 3565/3565/3565 3566/3566/3566
f 3574/3574/3574 3573/3573/3573 3566/3566/3566 3567/3567/3567
f 3575/3575/3575 3574/3574/3574 3567/3567/3567 3568/3568/3568
f 3581/3581/3581 3580/3580/3580 3542/3542/3542
f 3542/3542/3542 3582/3582/3582 3581/3581/3581
f 3582/3582/3582 3542/3542/3542 3583/3583/3583
f 3578/3578/3578 3577/3577/3577 3608/3608/3608
f 3607/3607/3607 3579/3579/3579 3578/3578/3578
f 3579/3579/3579 3543/3543/3543 3580/3580/3580
f 3542/3542/3542 3580/3580/3580 3543/3543/3543
f 3542/3542/3542 3546/3546/3546 3583/3583/3583
f 3586/3586/3586 3585/3585/3585 3550/3550/3550
f 3550/3550/3550 3587/3587/3587 3586/3586/3586
f 3550/3550/3550 3555/3555/3555 3587/3587/3587
f 3583/3583/3583 3546/3546/3546 3545/3545/3545
f 3545/3545/3545 3585/3585/3585 3584/3584/3584
f 3545/3545/3545 3550/3550/3550 3585/3585/3585
f 3584/3584/3584 3583/3583/3583 3545/3545/3545
f 3607/3607/3607 3578/3578/3578 3608/3608/3608
f 3544/3544/3544 3543/3543/3543 3606/3606/3606
f 3607/3607/3607 3606/3606/3606 3543/3543/3543
f 3607/3607/3607 3543/3543/3543 3579/3579/3579
f 3544/3544/3544 3605/3605/3605 3604/3604/3604
f 3604/3604/3604 3603/3603/3603 3544/3544/3544
f 3544/3544/3544 3603/3603/3603 3548/3548/3548
f 3544/3544/3544 3606/3606/3606 3605/3605/3605
f 3602/3602/3602 3549/3549/3549 3603/3603/3603
f 3548/3548/3548 3603/3603/3603 3549/3549/3549
f 3601/3601/3601 3549/3549/3549 3602/3602/3602
f 3554/3554/3554 3549/3549/3549 3601/3601/3601
f 3600/3600/3600 3554/3554/3554 3601/3601/3601
f 3554/3554/3554 3600/3600/3600 3599/3599/3599
f 3599/3599/3599 3598/3598/3598 3561/3561/3561
f 3554/3554/3554 3599/3599/3599 3560/3560/3560
f 3588/3588/3588 3587/3587/3587 3555/3555/3555
f 3589/3589/3589 3555/3555/3555 3562/3562/3562
f 3588/3588/3588 3555/3555/3555 3589/3589/3589
f 3590/3590/3590 3589/3589/3589 3562/3562/3562
f 3591/3591/3591 3590/3590/3590 3562/3562/3562
f 3591/3591/3591 3562/3562/3562 3569/3569/3569
f 3571/3571/3571 3612/3612/3612 3611/3611/3611 3570/3570/3570
f 3570/3570/3570 3611/3611/3611 3610/3610/3610 3569/3569/3569
f 3569/3569/3569 3592/3592/3592 3591/3591/3591
f 3609/3609/3609 3576/3576/3576 3592/3592/3592
f 3609/3609/3609 3569/3569/3569 3610/3610/3610
f 3571/3571/3571 3613/3613/3613 3612/3612/3612
f 3571/3571/3571 3572/3572/3572 3613/3613/3613
f 3614/3614/3614 3613/3613/3613 3572/3572/3572
f 3569/3569/3569 3609/3609/3609 3592/3592/3592
f 3599/3599/3599 3561/3561/3561 3560/3560/3560
f 3574/3574/3574 3616/3616/3616 3615/3615/3615 3573/3573/3573
f 3596/3596/3596 3568/3568/3568 3597/3597/3597
f 3561/3561/3561 3597/3597/3597 3568/3568/3568
f 3568/3568/3568 3596/3596/3596 3595/3595/3595
f 3575/3575/3575 3568/3568/3568 3595/3595/3595
f 3598/3598/3598 3597/3597/3597 3561/3561/3561
f 3575/3575/3575 3618/3618/3618 3617/3617/3617 3574/3574/3574
f 3616/3616/3616 3574/3574/3574 3617/3617/3617
f 3595/3595/3595 3594/3594/3594 3575/3575/3575
f 3618/3618/3618 3575/3575/3575 3594/3594/3594
f 3594/3594/3594 3593/3593/3593 3618/3618/3618
f 3614/3614/3614 3572/3572/3572 3573/3573/3573 3615/3615/3615
f 3630/3630/3630 3622/3622/3622 3621/3621/3621 3629/3629/3629
f 3631/3631/3631 3623/3623/3623 3622/3622/3622 3630/3630/3630
f 3632/3632/3632 3624/3624/3624 3623/3623/3623 3631/3631/3631
f 3633/3633/3633 3625/3625/3625 3624/3624/3624 3632/3632/3632
f 3634/3634/3634 3626/3626/3626 3625/3625/3625 3633/3633/3633
f 3635/3635/3635 3627/3627/3627 3626/3626/3626 3634/3634/3634
f 3638/3638/3638 3630/3630/3630 3629/3629/3629 3637/3637/3637
f 3639/3639/3639 3631/3631/3631 3630/3630/3630 3638/3638/3638
f 3640/3640/3640 3632/3632/3632 3631/3631/3631 3639/3639/3639
f 3641/3641/3641 3633/3633/3633 3632/3632/3632 3640/3640/3640
f 3642/3642/3642 3634/3634/3634 3633/3633/3633 3641/3641/3641
f 3643/3643/3643 3635/3635/3635 3634/3634/3634 3642/3642/3642
f 3647/3647/3647 3638/3638/3638 3637/3637/3637 3646/3646/3646
f 3648/3648/3648 3639/3639/3639 3638/3638/3638 3647/3647/3647
f 3649/3649/3649 3640/3640/3640 3639/3639/3639 3648/3648/3648
f 3650/3650/3650 3641/3641/3641 3640/3640/3640 3649/3649/3649
f 3651/3651/3651 3642/3642/3642 3641/3641/3641 3650/3650/3650
f 3652/3652/3652 3643/3643/3643 3642/3642/3642 3651/3651/3651
f 3655/3655/3655 3647/3647/3647 3646/3646/3646 3654/3654/3654
f 3656/3656/3656 3648/3648/3648 3647/3647/3647 3655/3655/3655
f 3657/3657/3657 3649/3649/3649 3648/3648/3648 3656/3656/3656
f 3658/3658/3658 3650/3650/3650 3649/3649/3649 3657/3657/3657
f 3659/3659/3659 3651/3651/3651 3650/3650/3650 3658/3658/3658
f 3660/3660/3660 3652/3652/3652 3651/3651/3651 3659/3659/3659
f 3663/3663/3663 3655/3655/3655 3654/3654/3654 3662/3662/3662
f 3664/3664/3664 3656/3656/3656 3655/3655/3655 3663/3663/3663
f 3665/3665/3665 3657/3657/3657 3656/3656/3656 3664/3664/3664
f 3666/3666/3666 3658/3658/3658 3657/3657/3657 3665/3665/3665
f 3667/3667/3667 3659/3659/3659 3658/3658/3658 3666/3666/3666
f 3668/3668/3668 3660/3660/3660 3659/3659/3659 3667/3667/3667
f 3671/3671/3671 3663/3663/3663 3662/3662/3662 3670/3670/3670
f 3672/3672/3672 3664/3664/3664 3663/3663/3663 3671/3671/3671
f 3673/3673/3673 3665/3665/3665 3664/3664/3664 3672/3672/3672
f 3674/3674/3674 3666/3666/3666 3665/3665/3665 3673/3673/3673
f 3675/3675/3675 3667/3667/3667 3666/3666/3666 3674/3674/3674
f 3676/3676/3676 3668/3668/3668 3667/3667/3667 3675/3675/3675
f 3686/3686/3686 3619/3619/3619 3687/3687/3687
f 3621/3621/3621 3686/3686/3686 3687/3687/3687
f 3684/3684/3684 3685/3685/3685 3622/3622/3622 3623/3623/3623
f 3621/3621/3621 3622/3622/3622 3685/3685/3685 3686/3686/3686
f 3687/3687/3687 3688/3688/3688 3629/3629/3629 3621/3621/3621
f 3688/3688/3688 3689/3689/3689 3637/3637/3637 3629/3629/3629
f 3689/3689/3689 3645/3645/3645 3646/3646/3646 3637/3637/3637
f 3654/3654/3654 3646/3646/3646 3645/3645/3645 3690/3690/3690
f 3683/3683/3683 3684/3684/3684 3623/3623/3623 3624/3624/3624
f 3682/3682/3682 3683/3683/3683 3624/3624/3624 3625/3625/3625
f 3680/3680/3680 3681/3681/3681 3626/3626/3626 3627/3627/3627
f 3625/3625/3625 3626/3626/3626 3681/3681/3681 3682/3682/3682
f 3620/3620/3620 3680/3680/3680 3627/3627/3627 3628/3628/3628
f 3635/3635/3635 3636/3636/3636 3628/3628/3628 3627/3627/3627
f 3643/3643/3643 3644/3644/3644 3636/3636/3636 3635/3635/3635
f 3644/3644/3644 3643/3643/3643 3652/3652/3652 3653/3653/3653
f 3662/3662/3662 3654/3654/3654 3690/3690/3690 3691/3691/3691
f 3670/3670/3670 3662/3662/3662 3691/3691/3691 3692/3692/3692
f 3672/3672/3672 3671/3671/3671 3694/3694/3694 3695/3695/3695
f 3671/3671/3671 3670/3670/3670 3693/3693/3693 3694/3694/3694
f 3693/3693/3693 3692/3692/3692 3678/3678/3678
f 3695/3695/3695 3696/3696/3696 3673/3673/3673 3672/3672/3672
f 3696/3696/3696 3697/3697/3697 3674/3674/3674 3673/3673/3673
f 3693/3693/3693 3670/3670/3670 3692/3692/3692
f 3660/3660/3660 3661/3661/3661 3653/3653/3653 3652/3652/3652
f 3668/3668/3668 3669/3669/3669 3661/3661/3661 3660/3660/3660
f 3669/3669/3669 3668/3668/3668 3676/3676/3676 3677/3677/3677
f 3675/3675/3675 3674/3674/3674 3697/3697/3697 3698/3698/3698
f 3698/3698/3698 3699/3699/3699 3676/3676/3676 3675/3675/3675
f 3677/3677/3677 3676/3676/3676 3699/3699/3699 3679/3679/3679
f 3711/3711/3711 3710/3710/3710 3702/3702/3702 3703/3703/3703
f 3712/3712/3712 3711/3711/3711 3703/3703/3703 3704/3704/3704
f 3713/3713/3713 3712/3712/3712 3704/3704/3704 3705/3705/3705
f 3714/3714/3714 3713/3713/3713 3705/3705/3705 3706/3706/3706
f 3715/3715/3715 3714/3714/3714 3706/3706/3706 3707/3707/3707
f 3716/3716/3716 3715/3715/3715 3707/3707/3707 3708/3708/3708
f 3719/3719/3719 3718/3718/3718 3710/3710/3710 3711/3711/3711
f 3720/3720/3720 3719/3719/3719 3711/3711/3711 3712/3712/3712
f 3721/3721/3721 3720/3720/3720 3712/3712/3712 3713/3713/3713
f 3722/3722/3722 3721/3721/3721 3713/3713/3713 3714/3714/3714
f 3723/3723/3723 3722/3722/3722 3714/3714/3714 3715/3715/3715
f 3724/3724/3724 3723/3723/3723 3715/3715/3715 3716/3716/3716
f 3728/3728/3728 3727/3727/3727 3718/3718/3718 3719/3719/3719
f 3729/3729/3729 3728/3728/3728 3719/3719/3719 3720/3720/3720
f 3730/3730/3730 3729/3729/3729 3720/3720/3720 3721/3721/3721
f 3731/3731/3731 3730/3730/3730 3721/3721/3721 3722/3722/3722
f 3732/3732/3732 3731/3731/3731 3722/3722/3722 3723/3723/3723
f 3733/3733/3733 3732/3732/3732 3723/3723/3723 3724/3724/3724
f 3736/3736/3736 3735/3735/3735 3727/3727/3727 3728/3728/3728
f 3737/3737/3737 3736/3736/3736 3728/3728/3728 3729/3729/3729
f 3738/3738/3738 3737/3737/3737 3729/3729/3729 3730/3730/3730
f 3739/3739/3739 3738/3738/3738 3730/3730/3730 3731/3731/3731
f 3740/3740/3740 3739/3739/3739 3731/3731/3731 3732/3732/3732
f 3741/3741/3741 3740/3740/3740 3732/3732/3732 3733/3733/3733
f 3744/3744/3744 3743/3743/3743 3735/3735/3735 3736/3736/3736
f 3745/3745/3745 3744/3744/3744 3736/3736/3736 3737/3737/3737
f 3746/3746/3746 3745/3745/3745 3737/3737/3737 3738/3738/3738
f 3747/3747/3747 3746/3746/3746 3738/3738/3738 3739/3739/3739
f 3748/3748/3748 3747/3747/3747 3739/3739/3739 3740/3740/3740
f 3749/3749/3749 3748/3748/3748 3740/3740/3740 3741/3741/3741
f 3752/3752/3752 3751/3751/3751 3743/3743/3743 3744/3744/3744
f 3753/3753/3753 3752/3752/3752 3744/3744/3744 3745/3745/3745
f 3754/3754/3754 3753/3753/3753 3745/3745/3745 3746/3746/3746
f 3755/3755/3755 3754/3754/3754 3746/3746/3746 3747/3747/3747
f 3756/3756/3756 3755/3755/3755 3747/3747/3747 3748/3748/3748
f 3757/3757/3757 3756/3756/3756 3748/3748/3748 3749/3749/3749
f 3767/3767/3767 3775/3775/3775 3700/3700/3700
f 3702/3702/3702 3775/3775/3775 3767/3767/3767
f 3765/3765/3765 3704/3704/3704 3703/3703/3703 3766/3766/3766
f 3702/3702/3702 3767/3767/3767 3766/3766/3766 3703/3703/3703
f 3775/3775/3775 3702/3702/3702 3710/3710/3710 3776/3776/3776
f 3776/3776/3776 3710/3710/3710 3718/3718/3718 3777/3777/3777
f 3777/3777/3777 3718/3718/3718 3727/3727/3727 3726/3726/3726
f 3735/3735/3735 3778/3778/3778 3726/3726/3726 3727/3727/3727
f 3764/3764/3764 3705/3705/3705 3704/3704/3704 3765/3765/3765
f 3763/3763/3763 3706/3706/3706 3705/3705/3705 3764/3764/3764
f 3761/3761/3761 3708/3708/3708 3707/3707/3707 3762/3762/3762
f 3706/3706/3706 3763/3763/3763 3762/3762/3762 3707/3707/3707
f 3701/3701/3701 3709/3709/3709 3708/3708/3708 3761/3761/3761
f 3716/3716/3716 3708/3708/3708 3709/3709/3709 3717/3717/3717
f 3724/3724/3724 3716/3716/3716 3717/3717/3717 3725/3725/3725
f 3725/3725/3725 3734/3734/3734 3733/3733/3733 3724/3724/3724
f 3743/3743/3743 3779/3779/3779 3778/3778/3778 3735/3735/3735
f 3751/3751/3751 3780/3780/3780 3779/3779/3779 3743/3743/3743
f 3753/3753/3753 3770/3770/3770 3769/3769/3769 3752/3752/3752
f 3752/3752/3752 3769/3769/3769 3768/3768/3768 3751/3751/3751
f 3768/3768/3768 3759/3759/3759 3780/3780/3780
f 3770/3770/3770 3753/3753/3753 3754/3754/3754 3771/3771/3771
f 3771/3771/3771 3754/3754/3754 3755/3755/3755 3772/3772/3772
f 3768/3768/3768 3780/3780/3780 3751/3751/3751
f 3741/3741/3741 3733/3733/3733 3734/3734/3734 3742/3742/3742
f 3749/3749/3749 3741/3741/3741 3742/3742/3742 3750/3750/3750
f 3750/3750/3750 3758/3758/3758 3757/3757/3757 3749/3749/3749
f 3756/3756/3756 3773/3773/3773 3772/3772/3772 3755/3755/3755
f 3773/3773/3773 3756/3756/3756 3757/3757/3757 3774/3774/3774
f 3758/3758/3758 3760/3760/3760 3774/3774/3774 3757/3757/3757
f 3792/3792/3792 3784/3784/3784 3783/3783/3783 3791/3791/3791
f 3793/3793/3793 3785/3785/3785 3784/3784/3784 3792/3792/3792
f 3794/3794/3794 3786/3786/3786 3785/3785/3785 3793/3793/3793
f 3795/3795/3795 3787/3787/3787 3786/3786/3786 3794/3794/3794
f 3796/3796/3796 3788/3788/3788 3787/3787/3787 3795/3795/3795
f 3797/3797/3797 3789/3789/3789 3788/3788/3788 3796/3796/3796
f 3800/3800/3800 3792/3792/3792 3791/3791/3791 3799/3799/3799
f 3801/3801/3801 3793/3793/3793 3792/3792/3792 3800/3800/3800
f 3802/3802/3802 3794/3794/3794 3793/3793/3793 3801/3801/3801
f 3803/3803/3803 3795/3795/3795 3794/3794/3794 3802/3802/3802
f 3804/3804/3804 3796/3796/3796 3795/3795/3795 3803/3803/3803
f 3805/3805/3805 3797/3797/3797 3796/3796/3796 3804/3804/3804
f 3809/3809/3809 3800/3800/3800 3799/3799/3799 3808/3808/3808
f 3810/3810/3810 3801/3801/3801 3800/3800/3800 3809/3809/3809
f 3811/3811/3811 3802/3802/3802 3801/3801/3801 3810/3810/3810
f 3812/3812/3812 3803/3803/3803 3802/3802/3802 3811/3811/3811
f 3813/3813/3813 3804/3804/3804 3803/3803/3803 3812/3812/3812
f 3814/3814/3814 3805/3805/3805 3804/3804/3804 3813/3813/3813
f 3817/3817/3817 3809/3809/3809 3808/3808/3808 3816/3816/3816
f 3818/3818/3818 3810/3810/3810 3809/3809/3809 3817/3817/3817
f 3819/3819/3819 3811/3811/3811 3810/3810/3810 3818/3818/3818
f 3820/3820/3820 3812/3812/3812 3811/3811/3811 3819/3819/3819
f 3821/3821/3821 3813/3813/3813 3812/3812/3812 3820/3820/3820
f 3822/3822/3822 3814/3814/3814 3813/3813/3813 3821/3821/3821
f 3825/3825/3825 3817/3817/3817 3816/3816/3816 3824/3824/3824
f 3826/3826/3826 3818/3818/3818 3817/3817/3817 3825/3825/3825
f 3827/3827/3827 3819/3819/3819 3818/3818/3818 3826/3826/3826
f 3828/3828/3828 3820/3820/3820 3819/3819/3819 3827/3827/3827
f 3829/3829/3829 3821/3821/3821 3820/3820/3820 3828/3828/3828
f 3830/3830/3830 3822/3822/3822 3821/3821/3821 3829/3829/3829
f 3833/3833/3833 3825/3825/3825 3824/3824/3824 3832/3832/3832
f 3834/3834/3834 3826/3826/3826 3825/3825/3825 3833/3833/3833
f 3835/3835/3835 3827/3827/3827 3826/3826/3826 3834/3834/3834
f 3836/3836/3836 3828/3828/3828 3827/3827/3827 3835/3835/3835
f 3837/3837/3837 3829/3829/3829 3828/3828/3828 3836/3836/3836
f 3838/3838/3838 3830/3830/3830 3829/3829/3829 3837/3837/3837
f 3848/3848/3848 3781/3781/3781 3849/3849/3849
f 3783/3783/3783 3848/3848/3848 3849/3849/3849
f 3846/3846/3846 3847/3847/3847 3784/3784/3784 3785/3785/3785
f 3783/3783/3783 3784/3784/3784 3847/3847/3847 3848/3848/3848
f 3849/3849/3849 3850/3850/3850 3791/3791/3791 3783/3783/3783
f 3850/3850/3850 3851/3851/3851 3799/3799/3799 3791/3791/3791
f 3851/3851/3851 3807/3807/3807 3808/3808/3808 3799/3799/3799
f 3816/3816/3816 3808/3808/3808 3807/3807/3807 3852/3852/3852
f 3845/3845/3845 3846/3846/3846 3785/3785/3785 3786/3786/3786
f 3844/3844/3844 3845/3845/3845 3786/3786/3786 3787/3787/3787
f 3842/3842/3842 3843/3843/3843 3788/3788/3788 3789/3789/3789
f 3787/3787/3787 3788/3788/3788 3843/3843/3843 3844/3844/3844
f 3782/3782/3782 3842/3842/3842 3789/3789/3789 3790/3790/3790
f 3797/3797/3797 3798/3798/3798 3790/3790/3790 3789/3789/3789
f 3805/3805/3805 3806/3806/3806 3798/3798/3798 3797/3797/3797
f 3806/3806/3806 3805/3805/3805 3814/3814/3814 3815/3815/3815
f 3824/3824/3824 3816/3816/3816 3852/3852/3852 3853/3853/3853
f 3832/3832/3832 3824/3824/3824 3853/3853/3853 3854/3854/3854
f 3834/3834/3834 3833/3833/3833 3856/3856/3856 3857/3857/3857
f 3833/3833/3833 3832/3832/3832 3855/3855/3855 3856/3856/3856
f 3855/3855/3855 3854/3854/3854 3840/3840/3840
f 3857/3857/3857 3858/3858/3858 3835/3835/3835 3834/3834/3834
f 3858/3858/3858 3859/3859/3859 3836/3836/3836 3835/3835/3835
f 3855/3855/3855 3832/3832/3832 3854/3854/3854
f 3822/3822/3822 3823/3823/3823 3815/3815/3815 3814/3814/3814
f 3830/3830/3830 3831/3831/3831 3823/3823/3823 3822/3822/3822
f 3831/3831/3831 3830/3830/3830 3838/3838/3838 3839/3839/3839
f 3837/3837/3837 3836/3836/3836 3859/3859/3859 3860/3860/3860
f 3860/3860/3860 3861/3861/3861 3838/3838/3838 3837/3837/3837
f 3839/3839/3839 3838/3838/3838 3861/3861/3861 3841/3841/3841
f 3873/3873/3873 3865/3865/3865 3864/3864/3864 3872/3872/3872
f 3874/3874/3874 3866/3866/3866 3865/3865/3865 3873/3873/3873
f 3875/3875/3875 3867/3867/3867 3866/3866/3866 3874/3874/3874
f 3876/3876/3876 3868/3868/3868 3867/3867/3867 3875/3875/3875
f 3877/3877/3877 3869/3869/3869 3868/3868/3868 3876/3876/3876
f 3878/3878/3878 3870/3870/3870 3869/3869/3869 3877/3877/3877
f 3881/3881/3881 3873/3873/3873 3872/3872/3872 3880/3880/3880
f 3882/3882/3882 3874/3874/3874 3873/3873/3873 3881/3881/3881
f 3883/3883/3883 3875/3875/3875 3874/3874/3874 3882/3882/3882
f 3884/3884/3884 3876/3876/3876 3875/3875/3875 3883/3883/3883
f 3885/3885/3885 3877/3877/3877 3876/3876/3876 3884/3884/3884
f 3886/3886/3886 3878/3878/3878 3877/3877/3877 3885/3885/3885
f 3889/3889/3889 3881/3881/3881 3880/3880/3880 3888/3888/3888
f 3890/3890/3890 3882/3882/3882 3881/3881/3881 3889/3889/3889
f 3891/3891/3891 3883/3883/3883 3882/3882/3882 3890/3890/3890
f 3892/3892/3892 3884/3884/3884 3883/3883/3883 3891/3891/3891
f 3893/3893/3893 3885/3885/3885 3884/3884/3884 3892/3892/3892
f 3894/3894/3894 3886/3886/3886 3885/3885/3885 3893/3893/3893
f 3897/3897/3897 3889/3889/3889 3888/3888/3888 3896/3896/3896
f 3898/3898/3898 3890/3890/3890 3889/3889/3889 3897/3897/3897
f 3899/3899/3899 3891/3891/3891 3890/3890/3890 3898/3898/3898
f 3900/3900/3900 3892/3892/3892 3891/3891/3891 3899/3899/3899
f 3901/3901/3901 3893/3893/3893 3892/3892/3892 3900/3900/3900
f 3902/3902/3902 3894/3894/3894 3893/3893/3893 3901/3901/3901
f 3905/3905/3905 3897/3897/3897 3896/3896/3896 3904/3904/3904
f 3906/3906/3906 3898/3898/3898 3897/3897/3897 3905/3905/3905
f 3907/3907/3907 3899/3899/3899 3898/3898/3898 3906/3906/3906
f 3908/3908/3908 3900/3900/3900 3899/3899/3899 3907/3907/3907
f 3909/3909/3909 3901/3901/3901 3900/3900/3900 3908/3908/3908
f 3910/3910/3910 3902/3902/3902 3901/3901/3901 3909/3909/3909
f 3913/3913/3913 3905/3905/3905 3904/3904/3904 3912/3912/3912
f 3914/3914/3914 3906/3906/3906 3905/3905/3905 3913/3913/3913
f 3915/3915/3915 3907/3907/3907 3906/3906/3906 3914/3914/3914
f 3916/3916/3916 3908/3908/3908 3907/3907/3907 3915/3915/3915
f 3917/3917/3917 3909/3909/3909 3908/3908/3908 3916/3916/3916
f 3918/3918/3918 3910/3910/3910 3909/3909/3909 3917/3917/3917
f 3942/3942/3942 3862/3862/3862 3929/3929/3929
f 3864/3864/3864 3942/3942/3942 3929/3929/3929
f 3940/3940/3940 3941/3941/3941 3865/3865/3865 3866/3866/3866
f 3864/3864/3864 3865/3865/3865 3941/3941/3941 3942/3942/3942
f 3939/3939/3939 3940/3940/3940 3866/3866/3866 3867/3867/3867
f 3929/3929/3929 3930/3930/3930 3872/3872/3872 3864/3864/3864
f 3930/3930/3930 3931/3931/3931 3880/3880/3880 3872/3872/3872
f 3888/3888/3888 3880/3880/3880 3931/3931/3931 3932/3932/3932
f 3867/3867/3867 3868/3868/3868 3938/3938/3938 3939/3939/3939
f 3937/3937/3937 3938/3938/3938 3868/3868/3868 3869/3869/3869
f 3936/3936/3936 3937/3937/3937 3869/3869/3869 3870/3870/3870
f 3863/3863/3863 3936/3936/3936 3870/3870/3870 3871/3871/3871
f 3878/3878/3878 3879/3879/3879 3871/3871/3871 3870/3870/3870
f 3886/3886/3886 3887/3887/3887 3879/3879/3879 3878/3878/3878
f 3894/3894/3894 3895/3895/3895 3887/3887/3887 3886/3886/3886
f 3932/3932/3932 3933/3933/3933 3896/3896/3896 3888/3888/3888
f 3933/3933/3933 3934/3934/3934 3904/3904/3904 3896/3896/3896
f 3913/3913/3913 3912/3912/3912 3922/3922/3922 3923/3923/3923
f 3912/3912/3912 3904/3904/3904 3934/3934/3934 3935/3935/3935
f 3922/3922/3922 3935/3935/3935 3920/3920/3920
f 3914/3914/3914 3913/3913/3913 3923/3923/3923 3924/3924/3924
f 3924/3924/3924 3925/3925/3925 3915/3915/3915 3914/3914/3914
f 3922/3922/3922 3912/3912/3912 3935/3935/3935
f 3895/3895/3895 3894/3894/3894 3902/3902/3902 3903/3903/3903
f 3916/3916/3916 3915/3915/3915 3925/3925/3925 3926/3926/3926
f 3910/3910/3910 3911/3911/3911 3903/3903/3903 3902/3902/3902
f 3911/3911/3911 3910/3910/3910 3918/3918/3918 3919/3919/3919
f 3917/3917/3917 3916/3916/3916 3926/3926/3926 3927/3927/3927
f 3927/3927/3927 3928/3928/3928 3918/3918/3918 3917/3917/3917
f 3919/3919/3919 3918/3918/3918 3928/3928/3928 3921/3921/3921
f 3954/3954/3954 3953/3953/3953 3945/3945/3945 3946/3946/3946
f 3955/3955/3955 3954/3954/3954 3946/3946/3946 3947/3947/3947
f 3956/3956/3956 3955/3955/3955 3947/3947/3947 3948/3948/3948
f 3957/3957/3957 3956/3956/3956 3948/3948/3948 3949/3949/3949
f 3958/3958/3958 3957/3957/3957 3949/3949/3949 3950/3950/3950
f 3959/3959/3959 3958/3958/3958 3950/3950/3950 3951/3951/3951
f 3962/3962/3962 3961/3961/3961 3953/3953/3953 3954/3954/3954
f 3963/3963/3963 3962/3962/3962 3954/3954/3954 3955/3955/3955
f 3964/3964/3964 3963/3963/3963 3955/3955/3955 3956/3956/3956
f 3965/3965/3965 3964/3964/3964 3956/3956/3956 3957/3957/3957
f 3966/3966/3966 3965/3965/3965 3957/3957/3957 3958/3958/3958
f 3967/3967/3967 3966/3966/3966 3958/3958/3958 3959/3959/3959
f 3970/3970/3970 3969/3969/3969 3961/3961/3961 3962/3962/3962
f 3971/3971/3971 3970/3970/3970 3962/3962/3962 3963/3963/3963
f 3972/3972/3972 3971/3971/3971 3963/3963/3963 3964/3964/3964
f 3973/3973/3973 3972/3972/3972 3964/3964/3964 3965/3965/3965
f 3974/3974/3974 3973/3973/3973 3965/3965/3965 3966/3966/3966
f 3975/3975/3975 3974/3974/3974 3966/3966/3966 3967/3967/3967
f 3978/3978/3978 3977/3977/3977 3969/3969/3969 3970/3970/3970
f 3979/3979/3979 3978/3978/3978 3970/3970/3970 3971/3971/3971
f 3980/3980/3980 3979/3979/3979 3971/3971/3971 3972/3972/3972
f 3981/3981/3981 3980/3980/3980 3972/3972/3972 3973/3973/3973
f 3982/3982/3982 3981/3981/3981 3973/3973/3973 3974/3974/3974
f 3983/3983/3983 3982/3982/3982 3974/3974/3974 3975/3975/3975
f 3986/3986/3986 3985/3985/3985 3977/3977/3977 3978/3978/3978
f 3987/3987/3987 3986/3986/3986 3978/3978/3978 3979/3979/3979
f 3988/3988/3988 3987/3987/3987 3979/3979/3979 3980/3980/3980
f 3989/3989/3989 3988/3988/3988 3980/3980/3980 3981/3981/3981
f 3990/3990/3990 3989/3989/3989 3981/3981/3981 3982/3982/3982
f 3991/3991/3991 3990/3990/3990 3982/3982/3982 3983/3983/3983
f 3994/3994/3994 3993/3993/3993 3985/3985/3985 3986/3986/3986
f 3995/3995/3995 3994/3994/3994 3986/3986/3986 3987/3987/3987
f 3996/3996/3996 3995/3995/3995 3987/3987/3987 3988/3988/3988
f 3997/3997/3997 3996/3996/3996 3988/3988/3988 3989/3989/3989
f 3998/3998/3998 3997/3997/3997 3989/3989/3989 3990/3990/3990
f 3999/3999/3999 3998/3998/3998 3990/3990/3990 3991/3991/3991
f 4009/4009/4009 4017/4017/4017 3943/3943/3943
f 3945/3945/3945 4017/4017/4017 4009/4009/4009
f 4007/4007/4007 3947/3947/3947 3946/3946/3946 4008/4008/4008
f 3945/3945/3945 4009/4009/4009 4008/4008/4008 3946/3946/3946
f 4006/4006/4006 3948/3948/3948 3947/3947/3947 4007/4007/4007
f 4017/4017/4017 3945/3945/3945 3953/3953/3953 4018/4018/4018
f 4018/4018/4018 3953/3953/3953 3961/3961/3961 4019/4019/4019
f 3969/3969/3969 4020/4020/4020 4019/4019/4019 3961/3961/3961
f 3948/3948/3948 4006/4006/4006 4005/4005/4005 3949/3949/3949
f 4004/4004/4004 3950/3950/3950 3949/3949/3949 4005/4005/4005
f 4003/4003/4003 3951/3951/3951 3950/3950/3950 4004/4004/4004
f 3944/3944/3944 3952/3952/3952 3951/3951/3951 4003/4003/4003
f 3959/3959/3959 3951/3951/3951 3952/3952/3952 3960/3960/3960
f 3967/3967/3967 3959/3959/3959 3960/3960/3960 3968/3968/3968
f 3975/3975/3975 3967/3967/3967 3968/3968/3968 3976/3976/3976
f 4020/4020/4020 3969/3969/3969 3977/3977/3977 4021/4021/4021
f 4021/4021/4021 3977/3977/3977 3985/3985/3985 4022/4022/4022
f 3994/3994/3994 4011/4011/4011 4010/4010/4010 3993/3993/3993
f 3993/3993/3993 4023/4023/4023 4022/4022/4022 3985/3985/3985
f 4010/4010/4010 4001/4001/4001 4023/4023/4023
f 3995/3995/3995 4012/4012/4012 4011/4011/4011 3994/3994/3994
f 4012/4012/4012 3995/3995/3995 3996/3996/3996 4013/4013/4013
f 4010/4010/4010 4023/4023/4023 3993/3993/3993
f 3976/3976/3976 3984/3984/3984 3983/3983/3983 3975/3975/3975
f 3997/3997/3997 4014/4014/4014 4013/4013/4013 3996/3996/3996
f 3991/3991/3991 3983/3983/3983 3984/3984/3984 3992/3992/3992
f 3992/3992/3992 4000/4000/4000 3999/3999/3999 3991/3991/3991
f 3998/3998/3998 4015/4015/4015 4014/4014/4014 3997/3997/3997
f 4015/4015/4015 3998/3998/3998 3999/3999/3999 4016/4016/4016
f 4000/4000/4000 4002/4002/4002 4016/4016/4016 3999/3999/3999
f 4035/4035/4035 4027/4027/4027 4026/4026/4026 4034/4034/4034
f 4036/4036/4036 4028/4028/4028 4027/4027/4027 4035/4035/4035
f 4037/4037/4037 4029/4029/4029 4028/4028/4028 4036/4036/4036
f 4038/4038/4038 4030/4030/4030 4029/4029/4029 4037/4037/4037
f 4039/4039/4039 4031/4031/4031 4030/4030/4030 4038/4038/4038
f 4040/4040/4040 4032/4032/4032 4031/4031/4031 4039/4039/4039
f 4043/4043/4043 4035/4035/4035 4034/4034/4034 4042/4042/4042
f 4044/4044/4044 4036/4036/4036 4035/4035/4035 4043/4043/4043
f 4045/4045/4045 4037/4037/4037 4036/4036/4036 4044/4044/4044
f 4046/4046/4046 4038/4038/4038 4037/4037/4037 4045/4045/4045
f 4047/4047/4047 4039/4039/4039 4038/4038/4038 4046/4046/4046
f 4048/4048/4048 4040/4040/4040 4039/4039/4039 4047/4047/4047
f 4051/4051/4051 4043/4043/4043 4042/4042/4042 4050/4050/4050
f 4052/4052/4052 4044/4044/4044 4043/4043/4043 4051/4051/4051
f 4053/4053/4053 4045/4045/4045 4044/4044/4044 4052/4052/4052
f 4054/4054/4054 4046/4046/4046 4045/4045/4045 4053/4053/4053
f 4055/4055/4055 4047/4047/4047 4046/4046/4046 4054/4054/4054
f 4056/4056/4056 4048/4048/4048 4047/4047/4047 4055/4055/4055
f 4059/4059/4059 4051/4051/4051 4050/4050/4050 4058/4058/4058
f 4060/4060/4060 4052/4052/4052 4051/4051/4051 4059/4059/4059
f 4061/4061/4061 4053/4053/4053 4052/4052/4052 4060/4060/4060
f 4062/4062/4062 4054/4054/4054 4053/4053/4053 4061/4061/4061
f 4063/4063/4063 4055/4055/4055 4054/4054/4054 4062/4062/4062
f 4064/4064/4064 4056/4056/4056 4055/4055/4055 4063/4063/4063
f 4067/4067/4067 4059/4059/4059 4058/4058/4058 4066/4066/4066
f 4068/4068/4068 4060/4060/4060 4059/4059/4059 4067/4067/4067
f 4069/4069/4069 4061/4061/4061 4060/4060/4060 4068/4068/4068
f 4070/4070/4070 4062/4062/4062 4061/4061/4061 4069/4069/4069
f 4071/4071/4071 4063/4063/4063 4062/4062/4062 4070/4070/4070
f 4072/4072/4072 4064/4064/4064 4063/4063/4063 4071/4071/4071
f 4075/4075/4075 4067/4067/4067 4066/4066/4066 4074/4074/4074
f 4076/4076/4076 4068/4068/4068 4067/4067/4067 4075/4075/4075
f 4077/4077/4077 4069/4069/4069 4068/4068/4068 4076/4076/4076
f 4078/4078/4078 4070/4070/4070 4069/4069/4069 4077/4077/4077
f 4079/4079/4079 4071/4071/4071 4070/4070/4070 4078/4078/4078
f 4080/4080/4080 4072/4072/4072 4071/4071/4071 4079/4079/4079
f 4090/4090/4090 4024/4024/4024 4091/4091/4091
f 4026/4026/4026 4090/4090/4090 4091/4091/4091
f 4088/4088/4088 4089/4089/4089 4027/4027/4027 4028/4028/4028
f 4026/4026/4026 4027/4027/4027 4089/4089/4089 4090/4090/4090
f 4091/4091/4091 4092/4092/4092 4034/4034/4034 4026/4026/4026
f 4092/4092/4092 4093/4093/4093 4042/4042/4042 4034/4034/4034
f 4093/4093/4093 4094/4094/4094 4050/4050/4050 4042/4042/4042
f 4058/4058/4058 4050/4050/4050 4094/4094/4094 4095/4095/4095
f 4087/4087/4087 4088/4088/4088 4028/4028/4028 4029/4029/4029
f 4086/4086/4086 4087/4087/4087 4029/4029/4029 4030/4030/4030
f 4084/4084/4084 4085/4085/4085 4031/4031/4031 4032/4032/4032
f 4030/4030/4030 4031/4031/4031 4085/4085/4085 4086/4086/4086
f 4025/4025/4025 4084/4084/4084 4032/4032/4032 4033/4033/4033
f 4040/4040/4040 4041/4041/4041 4033/4033/4033 4032/4032/4032
f 4048/4048/4048 4049/4049/4049 4041/4041/4041 4040/4040/4040
f 4049/4049/4049 4048/4048/4048 4056/4056/4056 4057/4057/4057
f 4066/4066/4066 4058/4058/4058 4095/4095/4095 4096/4096/4096
f 4074/4074/4074 4066/4066/4066 4096/4096/4096 4097/4097/4097
f 4076/4076/4076 4075/4075/4075 4099/4099/4099 4100/4100/4100
f 4075/4075/4075 4074/4074/4074 4098/4098/4098 4099/4099/4099
f 4098/4098/4098 4097/4097/4097 4082/4082/4082
f 4100/4100/4100 4101/4101/4101 4077/4077/4077 4076/4076/4076
f 4101/4101/4101 4102/4102/4102 4078/4078/4078 4077/4077/4077
f 4098/4098/4098 4074/4074/4074 4097/4097/4097
f 4064/4064/4064 4065/4065/4065 4057/4057/4057 4056/4056/4056
f 4072/4072/4072 4073/4073/4073 4065/4065/4065 4064/4064/4064
f 4073/4073/4073 4072/4072/4072 4080/4080/4080 4081/4081/4081
f 4079/4079/4079 4078/4078/4078 4102/4102/4102 4103/4103/4103
f 4103/4103/4103 4104/4104/4104 4080/4080/4080 4079/4079/4079
f 4081/4081/4081 4080/4080/4080 4104/4104/4104 4083/4083/4083
f 4116/4116/4116 4115/4115/4115 4107/4107/4107 4108/4108/4108
f 4117/4117/4117 4116/4116/4116 4108/4108/4108 4109/4109/4109
f 4118/4118/4118 4117/4117/4117 4109/4109/4109 4110/4110/4110
f 4119/4119/4119 4118/4118/4118 4110/4110/4110 4111/4111/4111
f 4120/4120/4120 4119/4119/4119 4111/4111/4111 4112/4112/4112
f 4121/4121/4121 4120/4120/4120 4112/4112/4112 4113/4113/4113
f 4124/4124/4124 4123/4123/4123 4115/4115/4115 4116/4116/4116
f 4125/4125/4125 4124/4124/4124 4116/4116/4116 4117/4117/4117
f 4126/4126/4126 4125/4125/4125 4117/4117/4117 4118/4118/4118
f 4127/4127/4127 4126/4126/4126 4118/4118/4118 4119/4119/4119
f 4128/4128/4128 4127/4127/4127 4119/4119/4119 4120/4120/4120
f 4129/4129/4129 4128/4128/4128 4120/4120/4120 4121/4121/4121
f 4133/4133/4133 4132/4132/4132 4123/4123/4123 4124/4124/4124
f 4134/4134/4134 4133/4133/4133 4124/4124/4124 4125/4125/4125
f 4135/4135/4135 4134/4134/4134 4125/4125/4125 4126/4126/4126
f 4136/4136/4136 4135/4135/4135 4126/4126/4126 4127/4127/4127
f 4137/4137/4137 4136/4136/4136 4127/4127/4127 4128/4128/4128
f 4138/4138/4138 4137/4137/4137 4128/4128/4128 4129/4129/4129
f 4141/4141/4141 4140/4140/4140 4132/4132/4132 4133/4133/4133
f 4142/4142/4142 4141/4141/4141 4133/4133/4133 4134/4134/4134
f 4143/4143/4143 4142/4142/4142 4134/4134/4134 4135/4135/4135
f 4144/4144/4144 4143/4143/4143 4135/4135/4135 4136/4136/4136
f 4145/4145/4145 4144/4144/4144 4136/4136/4136 4137/4137/4137
f 4146/4146/4146 4145/4145/4145 4137/4137/4137 4138/4138/4138
f 4149/4149/4149 4148/4148/4148 4140/4140/4140 4141/4141/4141
f 4150/4150/4150 4149/4149/4149 4141/4141/4141 4142/4142/4142
f 4151/4151/4151 4150/4150/4150 4142/4142/4142 4143/4143/4143
f 4152/4152/4152 4151/4151/4151 4143/4143/4143 4144/4144/4144
f 4153/4153/4153 4152/4152/4152 4144/4144/4144 4145/4145/4145
f 4154/4154/4154 4153/4153/4153 4145/4145/4145 4146/4146/4146
f 4157/4157/4157 4156/4156/4156 4148/4148/4148 4149/4149/4149
f 4158/4158/4158 4157/4157/4157 4149/4149/4149 4150/4150/4150
f 4159/4159/4159 4158/4158/4158 4150/4150/4150 4151/4151/4151
f 4160/4160/4160 4159/4159/4159 4151/4151/4151 4152/4152/4152
f 4161/4161/4161 4160/4160/4160 4152/4152/4152 4153/4153/4153
f 4162/4162/4162 4161/4161/4161 4153/4153/4153 4154/4154/4154
f 4172/4172/4172 4173/4173/4173 4105/4105/4105
f 4107/4107/4107 4173/4173/4173 4172/4172/4172
f 4170/4170/4170 4109/4109/4109 4108/4108/4108 4171/4171/4171
f 4107/4107/4107 4172/4172/4172 4171/4171/4171 4108/4108/4108
f 4173/4173/4173 4107/4107/4107 4115/4115/4115 4174/4174/4174
f 4174/4174/4174 4115/4115/4115 4123/4123/4123 4175/4175/4175
f 4175/4175/4175 4123/4123/4123 4132/4132/4132 4131/4131/4131
f 4140/4140/4140 4176/4176/4176 4131/4131/4131 4132/4132/4132
f 4169/4169/4169 4110/4110/4110 4109/4109/4109 4170/4170/4170
f 4168/4168/4168 4111/4111/4111 4110/4110/4110 4169/4169/4169
f 4166/4166/4166 4113/4113/4113 4112/4112/4112 4167/4167/4167
f 4111/4111/4111 4168/4168/4168 4167/4167/4167 4112/4112/4112
f 4106/4106/4106 4114/4114/4114 4113/4113/4113 4166/4166/4166
f 4121/4121/4121 4113/4113/4113 4114/4114/4114 4122/4122/4122
f 4129/4129/4129 4121/4121/4121 4122/4122/4122 4130/4130/4130
f 4130/4130/4130 4139/4139/4139 4138/4138/4138 4129/4129/4129
f 4148/4148/4148 4177/4177/4177 4176/4176/4176 4140/4140/4140
f 4156/4156/4156 4178/4178/4178 4177/4177/4177 4148/4148/4148
f 4158/4158/4158 4181/4181/4181 4180/4180/4180 4157/4157/4157
f 4157/4157/4157 4180/4180/4180 4179/4179/4179 4156/4156/4156
f 4179/4179/4179 4164/4164/4164 4178/4178/4178
f 4181/4181/4181 4158/4158/4158 4159/4159/4159 4182/4182/4182
f 4182/4182/4182 4159/4159/4159 4160/4160/4160 4183/4183/4183
f 4179/4179/4179 4178/4178/4178 4156/4156/4156
f 4146/4146/4146 4138/4138/4138 4139/4139/4139 4147/4147/4147
f 4154/4154/4154 4146/4146/4146 4147/4147/4147 4155/4155/4155
f 4155/4155/4155 4163/4163/4163 4162/4162/4162 4154/4154/4154
f 4161/4161/4161 4184/4184/4184 4183/4183/4183 4160/4160/4160
f 4184/4184/4184 4161/4161/4161 4162/4162/4162 4185/4185/4185
f 4163/4163/4163 4165/4165/4165 4185/4185/4185 4162/4162/4162
f 4197/4197/4197 4196/4196/4196 4188/4188/4188 4189/4189/4189
f 4198/4198/4198 4197/4197/4197 4189/4189/4189 4190/4190/4190
f 4199/4199/4199 4198/4198/4198 4190/4190/4190 4191/4191/4191
f 4200/4200/4200 4199/4199/4199 4191/4191/4191 4192/4192/4192
f 4201/4201/4201 4200/4200/4200 4192/4192/4192 4193/4193/4193
f 4202/4202/4202 4201/4201/4201 4193/4193/4193 4194/4194/4194
f 4205/4205/4205 4204/4204/4204 4196/4196/4196 4197/4197/4197
f 4206/4206/4206 4205/4205/4205 4197/4197/4197 4198/4198/4198
f 4207/4207/4207 4206/4206/4206 4198/4198/4198 4199/4199/4199
f 4208/4208/4208 4207/4207/4207 4199/4199/4199 4200/4200/4200
f 4209/4209/4209 4208/4208/4208 4200/4200/4200 4201/4201/4201
f 4210/4210/4210 4209/4209/4209 4201/4201/4201 4202/4202/4202
f 4214/4214/4214 4213/4213/4213 4204/4204/4204 4205/4205/4205
f 4215/4215/4215 4214/4214/4214 4205/4205/4205 4206/4206/4206
f 4216/4216/4216 4215/4215/4215 4206/4206/4206 4207/4207/4207
f 4217/4217/4217 4216/4216/4216 4207/4207/4207 4208/4208/4208
f 4218/4218/4218 4217/4217/4217 4208/4208/4208 4209/4209/4209
f 4219/4219/4219 4218/4218/4218 4209/4209/4209 4210/4210/4210
f 4222/4222/4222 4221/4221/4221 4213/4213/4213 4214/4214/4214
f 4223/4223/4223 4222/4222/4222 4214/4214/4214 4215/4215/4215
f 4224/4224/4224 4223/4223/4223 4215/4215/4215 4216/4216/4216
f 4225/4225/4225 4224/4224/4224 4216/4216/4216 4217/4217/4217
f 4226/4226/4226 4225/4225/4225 4217/4217/4217 4218/4218/4218
f 4227/4227/4227 4226/4226/4226 4218/4218/4218 4219/4219/4219
f 4230/4230/4230 4229/4229/4229 4221/4221/4221 4222/4222/4222
f 4231/4231/4231 4230/4230/4230 4222/4222/4222 4223/4223/4223
f 4232/4232/4232 4231/4231/4231 4223/4223/4223 4224/4224/4224
f 4233/4233/4233 4232/4232/4232 4224/4224/4224 4225/4225/4225
f 4234/4234/4234 4233/4233/4233 4225/4225/4225 4226/4226/4226
f 4235/4235/4235 4234/4234/4234 4226/4226/4226 4227/4227/4227
f 4238/4238/4238 4237/4237/4237 4229/4229/4229 4230/4230/4230
f 4239/4239/4239 4238/4238/4238 4230/4230/4230 4231/4231/4231
f 4240/4240/4240 4239/4239/4239 4231/4231/4231 4232/4232/4232
f 4241/4241/4241 4240/4240/4240 4232/4232/4232 4233/4233/4233
f 4242/4242/4242 4241/4241/4241 4233/4233/4233 4234/4234/4234
f 4243/4243/4243 4242/4242/4242 4234/4234/4234 4235/4235/4235
f 4253/4253/4253 4261/4261/4261 4186/4186/4186
f 4188/4188/4188 4261/4261/4261 4253/4253/4253
f 4251/4251/4251 4190/4190/4190 4189/4189/4189 4252/4252/4252
f 4188/4188/4188 4253/4253/4253 4252/4252/4252 4189/4189/4189
f 4261/4261/4261 4188/4188/4188 4196/4196/4196 4262/4262/4262
f 4262/4262/4262 4196/4196/4196 4204/4204/4204 4263/4263/4263
f 4263/4263/4263 4204/4204/4204 4213/4213/4213 4212/4212/4212
f 4221/4221/4221 4264/4264/4264 4212/4212/4212 4213/4213/4213
f 4250/4250/4250 4191/4191/4191 4190/4190/4190 4251/4251/4251
f 4249/4249/4249 4192/4192/4192 4191/4191/4191 4250/4250/4250
f 4247/4247/4247 4194/4194/4194 4193/4193/4193 4248/4248/4248
f 4192/4192/4192 4249/4249/4249 4248/4248/4248 4193/4193/4193
f 4187/4187/4187 4195/4195/4195 4194/4194/4194 4247/4247/4247
f 4202/4202/4202 4194/4194/4194 4195/4195/4195 4203/4203/4203
f 4210/4210/4210 4202/4202/4202 4203/4203/4203 4211/4211/4211
f 4211/4211/4211 4220/4220/4220 4219/4219/4219 4210/4210/4210
f 4229/4229/4229 4265/4265/4265 4264/4264/4264 4221/4221/4221
f 4237/4237/4237 4266/4266/4266 4265/4265/4265 4229/4229/4229
f 4239/4239/4239 4256/4256/4256 4255/4255/4255 4238/4238/4238
f 4238/4238/4238 4255/4255/4255 4254/4254/4254 4237/4237/4237
f 4254/4254/4254 4245/4245/4245 4266/4266/4266
f 4256/4256/4256 4239/4239/4239 4240/4240/4240 4257/4257/4257
f 4257/4257/4257 4240/4240/4240 4241/4241/4241 4258/4258/4258
f 4254/4254/4254 4266/4266/4266 4237/4237/4237
f 4227/4227/4227 4219/4219/4219 4220/4220/4220 4228/4228/4228
f 4235/4235/4235 4227/4227/4227 4228/4228/4228 4236/4236/4236
f 4236/4236/4236 4244/4244/4244 4243/4243/4243 4235/4235/4235
f 4242/4242/4242 4259/4259/4259 4258/4258/4258 4241/4241/4241
f 4259/4259/4259 4242/4242/4242 4243/4243/4243 4260/4260/4260
f 4244/4244/4244 4246/4246/4246 4260/4260/4260 4243/4243/4243
