# Rhino

o object_1
v -4064.017578125 368.19223022460938 -24418.576171875
v -4068.624755859375 366.37841796875 -24429.46484375
v -4067.955322265625 339.26077270507812 -24425.23046875
v -4080.480224609375 334.15518188476562 -24419.08203125
v -4068.624755859375 366.37841796875 -24429.46484375
v -4073.231689453125 364.5645751953125 -24440.353515625
v -4078.1767578125 335.06207275390625 -24413.63671875
v -4073.406005859375 335.44564819335938 -24422.2890625
v -4065.651611328125 340.16769409179688 -24419.787109375
v -4071.1025390625 336.35256958007812 -24416.845703125
v -4082.78369140625 333.24826049804688 -24424.525390625
v -4075.70947265625 334.53875732421875 -24427.734375
v -4060.4423828125 362.8687744140625 -24419.203125
v -4058.619140625 356.69439697265625 -24418.9453125
v -4058.74853515625 350.34927368164062 -24417.833984375
v -4060.81640625 344.53228759765625 -24415.990234375
v -4064.594970703125 339.88424682617188 -24413.6171875
v -4069.66796875 336.91708374023438 -24410.9765625
v -4075.476806640625 335.95770263671875 -24408.359375
v -4081.38134765625 337.11175537109375 -24406.052734375
v -4086.731201171875 340.25210571289062 -24404.3125
v -4101.48974609375 361.37258911132812 -24427.865234375
v -4103.31396484375 355.30517578125 -24426.083984375
v -4103.09716796875 348.80227661132812 -24425.091796875
v -4100.865234375 342.611328125 -24425.005859375
v -4096.8740234375 337.4439697265625 -24425.83203125
v -4091.582275390625 333.89410400390625 -24427.48046875
v -4085.598388671875 332.3697509765625 -24429.7578125
v -4079.6103515625 333.04617309570312 -24432.404296875
v -4074.30615234375 335.8455810546875 -24435.115234375
v -4070.295654296875 340.44619750976562 -24437.578125
v -4068.03955078125 346.31927490234375 -24439.51171875
v -4067.797607421875 352.7896728515625 -24440.69140625
v -4069.59716796875 359.11376953125 -24440.984375
v -4073.231689453125 364.5645751953125 -24440.353515625
v -4066.78515625 351.1353759765625 -24438.373046875
v -4067.113525390625 349.90164184570312 -24438.958984375
v -4067.409423828125 348.51437377929688 -24439.216796875
v -4067.691162109375 347.10150146484375 -24439.16015625
v -4067.97412109375 345.73495483398438 -24438.833984375
v -4068.2841796875 344.338134765625 -24438.20703125
v -4068.4462890625 343.63055419921875 -24437.74609375
v -4068.59130859375 342.98025512695312 -24437.201171875
v -4068.7646484375 342.04550170898438 -24436.09765625
v -4068.7939453125 341.37356567382812 -24434.8046875
v -4068.675537109375 341.03305053710938 -24433.626953125
v -4068.43408203125 340.89468383789062 -24432.47265625
v -4068.1640625 340.9034423828125 -24431.58203125
v -4067.83154296875 341.00469970703125 -24430.716796875
v -4067.44482421875 341.19015502929688 -24429.890625
v -4067.011474609375 341.45437622070312 -24429.109375
v -4066.383544921875 341.91702270507812 -24428.1640625
v -4065.707763671875 342.50796508789062 -24427.330078125
v -4064.81494140625 343.44619750976562 -24426.4609375
v -4063.943359375 344.58865356445312 -24425.85546875
v -4063.261474609375 345.73446655273438 -24425.578125
v -4062.616943359375 347.25430297851562 -24425.591796875
v -4062.24951171875 348.8131103515625 -24425.9921875
v -4062.189208984375 350.24856567382812 -24426.7265625
v -4062.3984375 351.48681640625 -24427.740234375
v -4062.6357421875 352.12344360351562 -24428.4765625
v -4062.934326171875 352.6514892578125 -24429.271484375
v -4063.251220703125 353.04327392578125 -24430.052734375
v -4063.5947265625 353.3404541015625 -24430.865234375
v -4063.954345703125 353.544189453125 -24431.69921875
v -4064.322265625 353.6553955078125 -24432.544921875
v -4064.563720703125 353.6778564453125 -24433.103515625
v -4064.955078125 353.62747192382812 -24434.015625
v -4065.33642578125 353.46481323242188 -24434.91796875
v -4065.7021484375 353.1826171875 -24435.798828125
v -4066.0458984375 352.77239990234375 -24436.63671875
v -4066.17236328125 352.57656860351562 -24436.947265625
v -4066.47314453125 351.9869384765625 -24437.671875
v -4066.742431640625 351.26873779296875 -24438.283203125
v -4079.444091796875 374.21737670898438 -24413.052734375
v -4080.849609375 373.94412231445312 -24413.0546875
v -4082.8125 373.4071044921875 -24413.1015625
v -4084.720458984375 372.70651245117188 -24413.2265625
v -4085.648193359375 372.30096435546875 -24413.337890625
v -4086.5546875 371.864501953125 -24413.498046875
v -4087.276611328125 371.49017333984375 -24413.6796875
v -4087.974365234375 371.10919189453125 -24413.9296875
v -4088.636962890625 370.73690795898438 -24414.279296875
v -4089.2236328125 370.412841796875 -24414.78125
v -4089.54931640625 370.251708984375 -24415.259765625
v -4089.74462890625 370.1865234375 -24415.822265625
v -4089.78955078125 370.22329711914062 -24416.423828125
v -4089.70458984375 370.33676147460938 -24417.009765625
v -4089.45458984375 370.55078125 -24417.72265625
v -4089.093505859375 370.80099487304688 -24418.373046875
v -4088.653076171875 371.06280517578125 -24418.966796875
v -4088.150390625 371.32321166992188 -24419.5078125
v -4086.7998046875 371.8814697265625 -24420.587890625
v -4085.262451171875 372.3336181640625 -24421.447265625
v -4084.99072265625 372.39706420898438 -24421.5703125
v -4082.781982421875 372.75872802734375 -24422.337890625
v -4080.4619140625 372.88531494140625 -24422.787109375
v -4078.72705078125 372.83474731445312 -24422.927734375
v -4078.5625 372.82400512695312 -24422.931640625
v -4076.15625 372.55685424804688 -24422.85546875
v -4073.80126953125 372.109130859375 -24422.5078125
v -4071.5322265625 371.52059936523438 -24421.904296875
v -4069.37353515625 370.83871459960938 -24421.044921875
v -4068.27490234375 370.4580078125 -24420.48046875
v -4067.22021484375 370.08355712890625 -24419.83203125
v -4066.2177734375 369.73745727539062 -24419.08984375
v -4065.30078125 369.46304321289062 -24418.24609375
v -4064.861572265625 369.05313110351562 -24418.36328125
v -4064.43359375 368.62939453125 -24418.47265625
v -4064.017578125 368.19223022460938 -24418.576171875
v -4097.48291015625 366.6275634765625 -24430.4375
v -4097.1669921875 366.85989379882812 -24430.357421875
v -4096.490234375 367.32504272460938 -24430.115234375
v -4095.357177734375 368.02023315429688 -24429.48046875
v -4094.4658203125 368.50387573242188 -24428.705078125
v -4093.587158203125 368.92279052734375 -24427.478515625
v -4093.09619140625 369.0899658203125 -24426.001953125
v -4093.0419921875 369.04067993164062 -24425.083984375
v -4093.15673828125 368.87649536132812 -24424.1875
v -4093.5234375 368.48568725585938 -24423.048828125
v -4094.037841796875 367.94073486328125 -24422.0390625
v -4094.7978515625 367.0667724609375 -24420.91796875
v -4095.409912109375 366.28466796875 -24420.177734375
v -4096.23291015625 365.11203002929688 -24419.375
v -4096.6474609375 364.4716796875 -24419.06640625
v -4097.06591796875 363.79989624023438 -24418.841796875
v -4097.3251953125 363.37612915039062 -24418.755859375
v -4098.03564453125 362.224365234375 -24418.771484375
v -4098.623046875 361.34716796875 -24419.11328125
v -4099.146484375 360.6787109375 -24419.685546875
v -4099.6337890625 360.18719482421875 -24420.439453125
v -4100.22509765625 359.79672241210938 -24421.638671875
v -4100.44287109375 359.7197265625 -24422.162109375
v -4100.94580078125 359.72332763671875 -24423.607421875
v -4101.31640625 360.00411987304688 -24425.06640625
v -4101.521484375 360.56460571289062 -24426.52734375
v -4077.582275390625 368.11480712890625 -24439.103515625
v -4082.63330078125 370.20758056640625 -24437.31640625
v -4087.94140625 370.65911865234375 -24435.14453125
v -4093.04052734375 369.4298095703125 -24432.783203125
v -4093.6201171875 338.43670654296875 -24418.71875
v -4095.3935546875 339.45098876953125 -24419.673828125
v -4096.962890625 340.74102783203125 -24420.2578125
v -4098.18310546875 342.14089965820312 -24420.50390625
v -4099.16943359375 343.73321533203125 -24420.5
v -4100.05615234375 346.06057739257812 -24420.125
v -4100.4169921875 348.43374633789062 -24419.36328125
v -4100.30908203125 350.68914794921875 -24418.265625
v -4099.8359375 352.73184204101562 -24416.884765625
v -4099.42431640625 353.83139038085938 -24415.9453125
v -4098.71142578125 355.24383544921875 -24414.45703125
v -4097.90625 356.4444580078125 -24412.837890625
v -4097.05078125 357.424560546875 -24411.099609375
v -4096.18115234375 358.16207885742188 -24409.251953125
v -4095.333984375 358.60430908203125 -24407.3125
v -4094.545654296875 358.64208984375 -24405.296875
v -4094.1591796875 358.415283203125 -24404.1953125
v -4086.54833984375 339.990478515625 -24404.611328125
v -4086.22705078125 339.48135375976562 -24405.302734375
v -4086 339.01107788085938 -24406.107421875
v -4085.897216796875 338.6083984375 -24406.97265625
v -4085.928955078125 338.2313232421875 -24407.990234375
v -4086.252685546875 337.788818359375 -24409.595703125
v -4086.841064453125 337.49356079101562 -24411.158203125
v -4088.330810546875 337.26708984375 -24413.716796875
v -4089.538818359375 337.31008911132812 -24415.236328125
v -4091.48876953125 337.66305541992188 -24417.15234375
v -4092.633544921875 364.23837280273438 -24405.810546875
v -4089.428955078125 369.12405395507812 -24407.98046875
v -4084.8759765625 372.5687255859375 -24410.48046875
v -4093.9521484375 367.39968872070312 -24418.919921875
v -4071.16064453125 369.12786865234375 -24409.71875
v -4071.66455078125 368.8734130859375 -24409.462890625
v -4073.426513671875 367.65499877929688 -24408.513671875
v -4074.936279296875 366.11114501953125 -24407.619140625
v -4076.167236328125 364.30166625976562 -24406.796875
v -4077.2333984375 361.70452880859375 -24405.912109375
v -4077.5419921875 358.84133911132812 -24405.3046875
v -4077.095703125 356.88504028320312 -24405.16796875
v -4076.609375 355.99822998046875 -24405.2265625
v -4075.945556640625 355.24893188476562 -24405.380859375
v -4075.276123046875 354.76422119140625 -24405.583984375
v -4074.538330078125 354.4266357421875 -24405.83984375
v -4073.7724609375 354.23431396484375 -24406.1328125
v -4072.99560546875 354.16949462890625 -24406.44921875
v -4072.225341796875 354.21536254882812 -24406.783203125
v -4071.470703125 354.35589599609375 -24407.126953125
v -4070.6328125 354.61599731445312 -24407.5234375
v -4069.82861328125 354.96624755859375 -24407.921875
v -4067.697509765625 356.39971923828125 -24409.0625
v -4065.927490234375 358.30459594726562 -24410.12890625
v -4064.717529296875 360.28158569335938 -24410.970703125
v -4063.9052734375 362.4979248046875 -24411.68359375
v -4063.752197265625 363.23764038085938 -24411.87109375
v -4062.47900390625 360.7677001953125 -24411.998046875
v -4061.368408203125 355.45187377929688 -24411.583984375
v -4062.218505859375 350.21511840820312 -24410.3515625
v -4064.8994140625 345.85467529296875 -24408.490234375
v -4069.00341796875 343.03433227539062 -24406.28515625
v -4073.905517578125 342.18353271484375 -24404.068359375
v -4078.859375 343.4317626953125 -24402.1796875
v -4083.11083984375 346.5889892578125 -24400.908203125
v -4086.0126953125 351.17459106445312 -24400.443359375
v -4087.123291015625 356.49038696289062 -24400.859375
v -4086.273193359375 361.7271728515625 -24402.091796875
v -4083.59228515625 366.08761596679688 -24403.951171875
v -4078.79638671875 360.07147216796875 -24443.2421875
v -4075.453369140625 354.24713134765625 -24443.6875
v -4074.94921875 347.591064453125 -24442.791015625
v -4077.978759765625 340.94387817382812 -24440.40234375
v -4078.029052734375 343.92056274414062 -24440.876953125
v -4078.4462890625 345.54989624023438 -24440.97265625
v -4079.129150390625 347.08956909179688 -24440.939453125
v -4080.062255859375 348.48410034179688 -24440.77734375
v -4081.220947265625 349.67312622070312 -24440.484375
v -4082.39892578125 350.50067138671875 -24440.125
v -4084.23681640625 351.23931884765625 -24439.46875
v -4084.8759765625 351.360595703125 -24439.21875
v -4085.666748046875 351.41873168945312 -24438.89453125
v -4086.4521484375 351.37478637695312 -24438.5546875
v -4087.220947265625 351.22906494140625 -24438.205078125
v -4087.961669921875 350.98403930664062 -24437.8515625
v -4088.536376953125 350.714599609375 -24437.5625
v -4089.86279296875 349.76068115234375 -24436.84375
v -4090.9267578125 348.48861694335938 -24436.181640625
v -4091.6748046875 347.01885986328125 -24435.619140625
v -4092.119873046875 345.39825439453125 -24435.16015625
v -4092.2587890625 343.8084716796875 -24434.837890625
v -4092.13232421875 342.19937133789062 -24434.623046875
v -4091.748046875 340.62322998046875 -24434.5234375
v -4091.115478515625 339.12612915039062 -24434.541015625
v -4089.850341796875 337.27059936523438 -24434.767578125
v -4094.066162109375 339.18185424804688 -24433.302734375
v -4098.57666015625 344.1253662109375 -24432.216796875
v -4100.505859375 350.5218505859375 -24432.466796875
v -4099.521484375 356.87771606445312 -24433.94140625
v -4095.786865234375 361.93096923828125 -24436.36328125
v -4088.741943359375 364.48397827148438 -24439.76953125
v -4088.697265625 363.3519287109375 -24439.599609375
v -4088.56591796875 362.223388671875 -24439.466796875
v -4088.32861328125 361.00436401367188 -24439.365234375
v -4087.99072265625 359.80618286132812 -24439.30859375
v -4087.5419921875 358.64224243164062 -24439.3046875
v -4086.961181640625 357.54006958007812 -24439.3671875
v -4086.406005859375 356.7769775390625 -24439.474609375
v -4085.7216796875 356.14462280273438 -24439.658203125
v -4085.165283203125 355.85940551757812 -24439.845703125
v -4084.865966796875 355.79159545898438 -24439.9609375
v -4084.71435546875 355.78131103515625 -24440.0234375
v -4084.638671875 355.78250122070312 -24440.056640625
v -4084.60107421875 355.78469848632812 -24440.072265625
v -4084.582275390625 355.78619384765625 -24440.080078125
v -4084.5634765625 355.78793334960938 -24440.08984375
v -4084.553466796875 355.78900146484375 -24440.09375
v -4084.5419921875 355.79031372070312 -24440.09765625
v -4084.5107421875 355.79437255859375 -24440.11328125
v -4084.479736328125 355.7991943359375 -24440.126953125
v -4084.341796875 355.83001708984375 -24440.189453125
v -4084.2080078125 355.875244140625 -24440.25390625
v -4083.957275390625 356.00460815429688 -24440.380859375
v -4083.533203125 356.38137817382812 -24440.623046875
v -4083.0625 357.13876342773438 -24440.94921875
v -4082.756103515625 357.99502563476562 -24441.220703125
v -4082.52734375 359.18499755859375 -24441.515625
v -4082.44482421875 360.40646362304688 -24441.75390625
v -4082.480224609375 361.63729858398438 -24441.9453125
v -4082.619140625 362.86679077148438 -24442.091796875
v -4082.64453125 363.0272216796875 -24442.107421875
v -4065.30078125 369.46304321289062 -24418.24609375
v -4064.017578125 368.19223022460938 -24418.576171875
v -4063.568359375 367.65945434570312 -24414.3515625
v -4063.838623046875 368.25286865234375 -24418.109375
v -4063.686279296875 368.28219604492188 -24417.61328125
v -4063.5654296875 368.27658081054688 -24417.08984375
v -4063.480712890625 368.23309326171875 -24416.546875
v -4063.4365234375 368.1497802734375 -24415.994140625
v -4063.435546875 368.02581787109375 -24415.4375
v -4063.479248046875 367.86175537109375 -24414.88671875
v -4063.576416015625 367.73529052734375 -24414.451171875
v -4063.63623046875 368.07440185546875 -24414.9453125
v -4063.6533203125 368.1385498046875 -24415.048828125
v -4063.739013671875 368.37490844726562 -24415.458984375
v -4063.857177734375 368.58892822265625 -24415.873046875
v -4064.009521484375 368.78216552734375 -24416.287109375
v -4064.196533203125 368.95553588867188 -24416.6953125
v -4064.421630859375 369.112060546875 -24417.1015625
v -4064.680419921875 369.2484130859375 -24417.494140625
v -4064.970458984375 369.36453247070312 -24417.873046875
v -4065.288818359375 369.46002197265625 -24418.232421875
v -4064.861572265625 369.05313110351562 -24418.36328125
v -4064.43359375 368.62939453125 -24418.47265625
v -4073.231689453125 364.5645751953125 -24440.353515625
v -4073.697021484375 364.33905029296875 -24441.263671875
v -4074.28955078125 363.97549438476562 -24442.083984375
v -4074.9931640625 363.47940063476562 -24442.771484375
v -4075.772705078125 362.87277221679688 -24443.27734375
v -4076.58984375 362.18511962890625 -24443.576171875
v -4077.393798828125 361.46044921875 -24443.658203125
v -4078.14013671875 360.74343872070312 -24443.53515625
v -4078.79638671875 360.07147216796875 -24443.2421875
v -4069.071533203125 356.28079223632812 -24441.87890625
v -4069.73828125 356.04595947265625 -24442.689453125
v -4070.566162109375 355.76641845703125 -24443.359375
v -4071.515869140625 355.4560546875 -24443.84375
v -4072.54052734375 355.13018798828125 -24444.115234375
v -4073.575927734375 354.8089599609375 -24444.1640625
v -4074.5625 354.51031494140625 -24444.009765625
v -4075.453369140625 354.24713134765625 -24443.6875
v -4068.373779296875 347.07180786132812 -24440.640625
v -4069.051513671875 346.98406982421875 -24441.470703125
v -4069.898193359375 346.9520263671875 -24442.173828125
v -4070.87353515625 346.98016357421875 -24442.703125
v -4071.929443359375 347.06777954101562 -24443.03125
v -4073 347.2076416015625 -24443.142578125
v -4074.022705078125 347.38705444335938 -24443.052734375
v -4074.94921875 347.591064453125 -24442.791015625
v -4071.662841796875 339.00631713867188 -24437.904296875
v -4072.2880859375 339.04742431640625 -24438.779296875
v -4073.04638671875 339.23208618164062 -24439.5546875
v -4073.900634765625 339.5567626953125 -24440.185546875
v -4074.80908203125 340.00653076171875 -24440.63671875
v -4075.71484375 340.5501708984375 -24440.884765625
v -4076.566650390625 341.1483154296875 -24440.935546875
v -4078.41552734375 333.5826416015625 -24434.14453125
v -4078.932861328125 333.71038818359375 -24435.078125
v -4079.509765625 334.04080200195312 -24435.955078125
v -4080.115966796875 334.56484985351562 -24436.724609375
v -4086.72998046875 332.37857055664062 -24430.42578125
v -4087.114501953125 332.52554321289062 -24431.419921875
v -4087.468017578125 332.8883056640625 -24432.396484375
v -4087.768310546875 333.45663452148438 -24433.302734375
v -4088.000244140625 334.2039794921875 -24434.087890625
v -4094.8232421875 335.437255859375 -24427.51171875
v -4095.078369140625 335.53536987304688 -24428.55078125
v -4095.21435546875 335.81594848632812 -24429.607421875
v -4095.21728515625 336.27182006835938 -24430.619140625
v -4095.085693359375 336.8818359375 -24431.53515625
v -4094.83203125 337.60415649414062 -24432.3046875
v -4094.4814453125 338.38760375976562 -24432.896484375
v -4094.066162109375 339.18185424804688 -24433.302734375
v -4101.0634765625 342.27685546875 -24426.009765625
v -4101.21923828125 342.26568603515625 -24427.07421875
v -4101.1875 342.36248779296875 -24428.169921875
v -4100.9609375 342.56692504882812 -24429.23828125
v -4100.54931640625 342.86984252929688 -24430.22265625
v -4099.98291015625 343.24972534179688 -24431.06640625
v -4099.30859375 343.6781005859375 -24431.736328125
v -4098.57666015625 344.1253662109375 -24432.216796875
v -4103.73291015625 351.126708984375 -24426.35546875
v -4103.84619140625 350.97421264648438 -24427.4140625
v -4103.74267578125 350.83316040039062 -24428.5
v -4103.41796875 350.7122802734375 -24429.5546875
v -4102.88623046875 350.61782836914062 -24430.5234375
v -4102.1865234375 350.55462646484375 -24431.3515625
v -4101.37353515625 350.5235595703125 -24432.001953125
v -4100.505859375 350.5218505859375 -24432.466796875
v -4102.37060546875 359.92031860351562 -24428.396484375
v -4102.50537109375 359.62738037109375 -24429.421875
v -4102.4384765625 359.25003051757812 -24430.453125
v -4102.1640625 358.80584716796875 -24431.43359375
v -4101.693359375 358.31658935546875 -24432.310546875
v -4101.06201171875 357.8131103515625 -24433.03515625
v -4100.3193359375 357.32553100585938 -24433.58203125
v -4099.521484375 356.87771606445312 -24433.94140625
v -4097.2041015625 366.91177368164062 -24431.74609375
v -4097.42138671875 366.50714111328125 -24432.71875
v -4097.4931640625 365.94192504882812 -24433.662109375
v -4097.40869140625 365.24072265625 -24434.517578125
v -4097.169921875 364.43753051757812 -24435.244140625
v -4096.79736328125 363.58404541015625 -24435.80078125
v -4096.3232421875 362.73348999023438 -24436.173828125
v -4095.786865234375 361.93096923828125 -24436.36328125
v -4089.424560546875 370.28305053710938 -24435.599609375
v -4089.76611328125 369.8245849609375 -24436.509765625
v -4090.047119140625 369.16876220703125 -24437.349609375
v -4090.24853515625 368.34359741210938 -24438.064453125
v -4090.359375 367.38906860351562 -24438.6171875
v -4090.3759765625 366.36679077148438 -24438.982421875
v -4081.007080078125 369.3177490234375 -24439
v -4081.48291015625 368.87469482421875 -24439.857421875
v -4081.990234375 368.24481201171875 -24440.603515625
v -4082.5009765625 367.45516967773438 -24441.193359375
v -4073.231689453125 364.5645751953125 -24440.353515625
v -4073.697021484375 364.33905029296875 -24441.263671875
v -4074.28955078125 363.97549438476562 -24442.083984375
v -4074.9931640625 363.47940063476562 -24442.771484375
v -4075.772705078125 362.87277221679688 -24443.27734375
v -4076.58984375 362.18511962890625 -24443.576171875
v -4077.393798828125 361.46044921875 -24443.658203125
v -4078.14013671875 360.74343872070312 -24443.53515625
v -4078.79638671875 360.07147216796875 -24443.2421875
v -4069.59716796875 359.11376953125 -24440.984375
v -4067.797607421875 352.7896728515625 -24440.69140625
v -4068.03955078125 346.31927490234375 -24439.51171875
v -4070.295654296875 340.44619750976562 -24437.578125
v -4074.30615234375 335.8455810546875 -24435.115234375
v -4079.6103515625 333.04617309570312 -24432.404296875
v -4085.598388671875 332.3697509765625 -24429.7578125
v -4091.582275390625 333.89410400390625 -24427.48046875
v -4096.8740234375 337.4439697265625 -24425.83203125
v -4100.865234375 342.611328125 -24425.005859375
v -4103.09716796875 348.80227661132812 -24425.091796875
v -4103.31396484375 355.30517578125 -24426.083984375
v -4101.48974609375 361.37258911132812 -24427.865234375
v -4077.978759765625 340.94387817382812 -24440.40234375
v -4089.850341796875 337.27059936523438 -24434.767578125
v -4089.020751953125 336.44061279296875 -24434.935546875
v -4088.1376953125 335.76873779296875 -24435.0859375
v -4087.169677734375 335.2310791015625 -24435.25
v -4086.23828125 334.87969970703125 -24435.43359375
v -4085.22265625 334.6590576171875 -24435.677734375
v -4084.63671875 334.6031494140625 -24435.845703125
v -4084.3447265625 334.59423828125 -24435.9375
v -4084.054443359375 334.59780883789062 -24436.033203125
v -4083.882080078125 334.60586547851562 -24436.09375
v -4083.71044921875 334.61825561523438 -24436.15625
v -4083.39990234375 334.65200805664062 -24436.2734375
v -4083.228271484375 334.67703247070312 -24436.341796875
v -4083.057861328125 334.7064208984375 -24436.412109375
v -4082.72216796875 334.7781982421875 -24436.556640625
v -4082.072021484375 334.97244262695312 -24436.865234375
v -4080.8818359375 335.55517578125 -24437.54296875
v -4080.1259765625 336.136474609375 -24438.0703125
v -4079.46826171875 336.85848999023438 -24438.6171875
v -4078.9375 337.6927490234375 -24439.142578125
v -4078.4169921875 338.94940185546875 -24439.76171875
v -4078.078857421875 340.32333374023438 -24440.244140625
v -4078.0107421875 340.72552490234375 -24440.3515625
v -4088.741943359375 364.48397827148438 -24439.76953125
v -4082.64453125 363.0272216796875 -24442.107421875
v -4082.924560546875 364.31280517578125 -24442.08984375
v -4083.3291015625 365.53631591796875 -24441.82421875
v -4083.85009765625 366.64901733398438 -24441.359375
v -4084.49169921875 367.61517333984375 -24440.7421875
v -4084.51416015625 367.64288330078125 -24440.720703125
v -4085.096435546875 368.247314453125 -24440.18359375
v -4085.63232421875 368.63034057617188 -24439.744140625
v -4086.25634765625 368.89175415039062 -24439.333984375
v -4086.77978515625 368.95767211914062 -24439.103515625
v -4087.1943359375 368.89468383789062 -24439.015625
v -4087.380615234375 368.82498168945312 -24439.009765625
v -4087.603271484375 368.6982421875 -24439.03515625
v -4087.797607421875 368.53817749023438 -24439.08984375
v -4088.0986328125 368.15640258789062 -24439.2421875
v -4088.3310546875 367.67318725585938 -24439.4296875
v -4088.489501953125 367.15444946289062 -24439.59765625
v -4088.6142578125 366.50494384765625 -24439.75
v -4088.689697265625 365.8358154296875 -24439.833984375
v -4088.729248046875 365.15853881835938 -24439.841796875
v -4101.48828125 361.38223266601562 -24427.87890625
v -4101.45556640625 361.52792358398438 -24428.0703125
v -4101.2958984375 361.98724365234375 -24428.609375
v -4101.05859375 362.4754638671875 -24429.08984375
v -4100.75830078125 362.98532104492188 -24429.5078125
v -4100.40576171875 363.51132202148438 -24429.859375
v -4099.6708984375 364.47265625 -24430.314453125
v -4098.82421875 365.42520141601562 -24430.533203125
v -4098.81103515625 365.43875122070312 -24430.53515625
v -4098.4873046875 365.7626953125 -24430.552734375
v -4097.48291015625 366.6275634765625 -24430.4375
v -4093.04052734375 369.4298095703125 -24432.783203125
v -4087.94140625 370.65911865234375 -24435.14453125
v -4082.63330078125 370.20758056640625 -24437.31640625
v -4077.582275390625 368.11480712890625 -24439.103515625
v -4086.19921875 351.67498779296875 -24437.90234375
v -4086.19921875 351.67498779296875 -24437.90234375
v -4088.740234375 350.7135009765625 -24437.181640625
v -4086.19921875 351.67498779296875 -24437.90234375
v -4086.482666015625 334.99465942382812 -24435.1953125
v -4089.103759765625 336.64859008789062 -24434.33984375
v -4092.01171875 342.27130126953125 -24433.9765625
v -4090.87646484375 348.55767822265625 -24435.43359375
v -4088.74658203125 350.753662109375 -24436.677734375
v -4086.19921875 351.67498779296875 -24437.90234375
v -4086.081787109375 335.08856201171875 -24434.822265625
v -4088.3837890625 336.81719970703125 -24433.669921875
v -4091.020263671875 342.50347900390625 -24433.0546875
v -4090.175537109375 348.72186279296875 -24434.78125
v -4088.3818359375 350.83914184570312 -24436.337890625
v -4086.19921875 351.67498779296875 -24437.90234375
v -4085.25341796875 335.2310791015625 -24434.68359375
v -4086.89697265625 337.07305908203125 -24433.41796875
v -4088.97265625 342.8558349609375 -24432.708984375
v -4088.7275390625 348.97100830078125 -24434.537109375
v -4087.6279296875 350.96884155273438 -24436.2109375
v -4083.042724609375 335.53668212890625 -24435.224609375
v -4082.927978515625 337.62167358398438 -24434.392578125
v -4083.5068359375 343.61135864257812 -24434.048828125
v -4084.862548828125 349.5052490234375 -24435.484375
v -4085.6162109375 351.2469482421875 -24436.705078125
v -4086.19921875 351.67498779296875 -24437.90234375
v -4081.1455078125 335.732421875 -24436.50390625
v -4079.52197265625 337.97308349609375 -24436.689453125
v -4078.81640625 344.09530639648438 -24437.212890625
v -4081.5458984375 349.84744262695312 -24437.720703125
v -4083.8896484375 351.42507934570312 -24437.869140625
v -4086.19921875 351.67498779296875 -24437.90234375
v -4080.68017578125 335.747802734375 -24437.216796875
v -4078.686279296875 338.00067138671875 -24437.970703125
v -4077.665771484375 344.13330078125 -24438.9765625
v -4080.732421875 349.87432861328125 -24438.96875
v -4083.466064453125 351.43905639648438 -24438.517578125
v -4086.19921875 351.67498779296875 -24437.90234375
v -4078.673828125 337.92144775390625 -24438.96484375
v -4077.648681640625 344.024169921875 -24440.345703125
v -4080.72021484375 349.79714965820312 -24439.935546875
v -4083.459716796875 351.39889526367188 -24439.021484375
v -4086.19921875 351.67498779296875 -24437.90234375
v -4083.824462890625 351.31341552734375 -24439.361328125
v -4086.19921875 351.67498779296875 -24437.90234375
v -4087.270751953125 351.36019897460938 -24437.880859375
v -4086.88134765625 351.39547729492188 -24438.203125
v -4085.935546875 351.61700439453125 -24437.322265625
v -4086.19921875 351.67498779296875 -24437.90234375
v -4086.93017578125 351.47952270507812 -24437.080078125
v -4086.623291015625 351.1162109375 -24436.353515625
v -4086.43359375 351.5523681640625 -24437.150390625
v -4085.082275390625 351.70504760742188 -24437.8984375
v -4086.19921875 351.67498779296875 -24437.90234375
v -4084.67724609375 351.35369873046875 -24437.216796875
v -4085.471435546875 351.66976928710938 -24437.576171875
v -4086.19921875 351.67498779296875 -24437.90234375
v -4085.422607421875 351.58575439453125 -24438.69921875
v -4085.919189453125 351.51290893554688 -24438.62890625
v -4077.978759765625 340.94387817382812 -24440.40234375
v -4078.029052734375 343.92056274414062 -24440.876953125
v -4078.4462890625 345.54989624023438 -24440.97265625
v -4079.129150390625 347.08956909179688 -24440.939453125
v -4080.062255859375 348.48410034179688 -24440.77734375
v -4081.220947265625 349.67312622070312 -24440.484375
v -4082.39892578125 350.50067138671875 -24440.125
v -4084.23681640625 351.23931884765625 -24439.46875
v -4084.8759765625 351.360595703125 -24439.21875
v -4085.666748046875 351.41873168945312 -24438.89453125
v -4086.4521484375 351.37478637695312 -24438.5546875
v -4086.4521484375 351.37478637695312 -24438.5546875
v -4087.220947265625 351.22906494140625 -24438.205078125
v -4087.961669921875 350.98403930664062 -24437.8515625
v -4088.536376953125 350.714599609375 -24437.5625
v -4089.86279296875 349.76068115234375 -24436.84375
v -4090.9267578125 348.48861694335938 -24436.181640625
v -4091.6748046875 347.01885986328125 -24435.619140625
v -4092.119873046875 345.39825439453125 -24435.16015625
v -4092.2587890625 343.8084716796875 -24434.837890625
v -4092.13232421875 342.19937133789062 -24434.623046875
v -4091.748046875 340.62322998046875 -24434.5234375
v -4091.115478515625 339.12612915039062 -24434.541015625
v -4089.850341796875 337.27059936523438 -24434.767578125
v -4089.020751953125 336.44061279296875 -24434.935546875
v -4088.1376953125 335.76873779296875 -24435.0859375
v -4087.169677734375 335.2310791015625 -24435.25
v -4086.23828125 334.87969970703125 -24435.43359375
v -4085.22265625 334.6590576171875 -24435.677734375
v -4084.63671875 334.6031494140625 -24435.845703125
v -4084.3447265625 334.59423828125 -24435.9375
v -4084.054443359375 334.59780883789062 -24436.033203125
v -4083.882080078125 334.60586547851562 -24436.09375
v -4083.71044921875 334.61825561523438 -24436.15625
v -4083.39990234375 334.65200805664062 -24436.2734375
v -4083.228271484375 334.67703247070312 -24436.341796875
v -4083.057861328125 334.7064208984375 -24436.412109375
v -4082.72216796875 334.7781982421875 -24436.556640625
v -4082.072021484375 334.97244262695312 -24436.865234375
v -4080.8818359375 335.55517578125 -24437.54296875
v -4080.1259765625 336.136474609375 -24438.0703125
v -4079.46826171875 336.85848999023438 -24438.6171875
v -4078.9375 337.6927490234375 -24439.142578125
v -4078.4169921875 338.94940185546875 -24439.76171875
v -4078.078857421875 340.32333374023438 -24440.244140625
v -4078.0107421875 340.72552490234375 -24440.3515625
v -4068.912353515625 341.67172241210938 -24434.40625
v -4069.181640625 343.4010009765625 -24435.66796875
v -4069.102294921875 345.29171752929688 -24436.65625
v -4068.723876953125 347.20004272460938 -24437.341796875
v -4068.040771484375 349.17459106445312 -24437.744140625
v -4067.083740234375 351.05389404296875 -24437.806640625
v -4068.722900390625 342.19415283203125 -24432.724609375
v -4068.96044921875 344.01132202148438 -24433.703125
v -4068.86474609375 345.94729614257812 -24434.546875
v -4068.484375 347.86080932617188 -24435.21484375
v -4067.813720703125 349.80108642578125 -24435.728515625
v -4066.8837890625 351.6060791015625 -24436.029296875
v -4068.13330078125 342.62503051757812 -24431.0625
v -4068.271484375 344.5146484375 -24431.76171875
v -4068.124755859375 346.48797607421875 -24432.458984375
v -4067.738525390625 348.40573120117188 -24433.111328125
v -4067.1064453125 350.3177490234375 -24433.734375
v -4066.26025390625 352.0615234375 -24434.271484375
v -4067.286376953125 342.98049926757812 -24429.4609375
v -4067.282470703125 344.92990112304688 -24429.890625
v -4067.062255859375 346.93405151367188 -24430.451171875
v -4066.667724609375 348.85531616210938 -24431.0859375
v -4066.091064453125 350.7440185546875 -24431.814453125
v -4065.365478515625 352.437255859375 -24432.578125
v -4066.231689453125 343.25885009765625 -24427.95703125
v -4066.05029296875 345.25503540039062 -24428.134765625
v -4065.738525390625 347.2833251953125 -24428.564453125
v -4065.33349609375 349.20733642578125 -24429.185546875
v -4064.826171875 351.0777587890625 -24430.01171875
v -4064.25048828125 352.73141479492188 -24430.990234375
v -4064.698486328125 345.45989990234375 -24426.662109375
v -4064.286376953125 347.50338745117188 -24426.982421875
v -4063.8701171875 349.42913818359375 -24427.591796875
v -4063.438720703125 351.28805541992188 -24428.5
v -4069.092529296875 342.50445556640625 -24435.06640625
v -4068.90478515625 342.9998779296875 -24436.69140625
v -4069.182861328125 344.34027099609375 -24436.201171875
v -4068.804931640625 344.86080932617188 -24437.755859375
v -4068.89306640625 343.92071533203125 -24437.271484375
v -4068.947021484375 346.2498779296875 -24437.037109375
v -4068.424072265625 346.7657470703125 -24438.44921875
v -4068.646240234375 345.81417846679688 -24438.1484375
v -4068.42333984375 348.17767333984375 -24437.580078125
v -4067.75634765625 348.7628173828125 -24438.794921875
v -4068.12890625 347.75115966796875 -24438.66796875
v -4067.5966796875 350.1287841796875 -24437.8203125
v -4066.78515625 351.1353759765625 -24438.373046875
v -4067.113525390625 349.90164184570312 -24438.958984375
v -4067.409423828125 348.51437377929688 -24439.216796875
v -4067.691162109375 347.10150146484375 -24439.16015625
v -4067.97412109375 345.73495483398438 -24438.833984375
v -4068.2841796875 344.338134765625 -24438.20703125
v -4068.4462890625 343.63055419921875 -24437.74609375
v -4068.59130859375 342.98025512695312 -24437.201171875
v -4068.7646484375 342.04550170898438 -24436.09765625
v -4068.7939453125 341.37356567382812 -24434.8046875
v -4068.675537109375 341.03305053710938 -24433.626953125
v -4068.43408203125 340.89468383789062 -24432.47265625
v -4068.1640625 340.9034423828125 -24431.58203125
v -4067.83154296875 341.00469970703125 -24430.716796875
v -4067.44482421875 341.19015502929688 -24429.890625
v -4067.011474609375 341.45437622070312 -24429.109375
v -4066.383544921875 341.91702270507812 -24428.1640625
v -4065.707763671875 342.50796508789062 -24427.330078125
v -4064.81494140625 343.44619750976562 -24426.4609375
v -4063.943359375 344.58865356445312 -24425.85546875
v -4063.261474609375 345.73446655273438 -24425.578125
v -4062.616943359375 347.25430297851562 -24425.591796875
v -4062.24951171875 348.8131103515625 -24425.9921875
v -4062.189208984375 350.24856567382812 -24426.7265625
v -4062.3984375 351.48681640625 -24427.740234375
v -4062.6357421875 352.12344360351562 -24428.4765625
v -4062.934326171875 352.6514892578125 -24429.271484375
v -4063.251220703125 353.04327392578125 -24430.052734375
v -4063.5947265625 353.3404541015625 -24430.865234375
v -4063.954345703125 353.544189453125 -24431.69921875
v -4064.322265625 353.6553955078125 -24432.544921875
v -4064.563720703125 353.6778564453125 -24433.103515625
v -4064.955078125 353.62747192382812 -24434.015625
v -4065.33642578125 353.46481323242188 -24434.91796875
v -4065.7021484375 353.1826171875 -24435.798828125
v -4066.0458984375 352.77239990234375 -24436.63671875
v -4066.17236328125 352.57656860351562 -24436.947265625
v -4066.47314453125 351.9869384765625 -24437.671875
v -4066.742431640625 351.26873779296875 -24438.283203125
v -4085.705078125 356.17141723632812 -24439.06640625
v -4086.825439453125 357.3658447265625 -24438.23046875
v -4087.77197265625 359.17184448242188 -24437.72265625
v -4088.4287109375 361.27593994140625 -24437.58203125
v -4088.762939453125 363.39614868164062 -24437.775390625
v -4088.776123046875 365.54925537109375 -24438.30078125
v -4085.580322265625 356.24923706054688 -24438.427734375
v -4086.593994140625 357.50997924804688 -24437.04296875
v -4087.464599609375 359.36331176757812 -24436.14453125
v -4088.08349609375 361.490966796875 -24435.8125
v -4088.4169921875 363.61163330078125 -24436.001953125
v -4088.466552734375 365.74209594726562 -24436.712890625
v -4088.1806640625 367.58233642578125 -24437.931640625
v -4085.123046875 356.3551025390625 -24438.017578125
v -4085.74658203125 357.70614624023438 -24436.287109375
v -4086.3388671875 359.6239013671875 -24435.140625
v -4086.8193359375 361.7835693359375 -24434.68359375
v -4087.150146484375 363.90487670898438 -24434.87109375
v -4087.332763671875 366.00454711914062 -24435.701171875
v -4087.318359375 367.78189086914062 -24437.162109375
v -4084.572509765625 356.41293334960938 -24438.279296875
v -4084.726806640625 357.8133544921875 -24436.76953125
v -4084.984130859375 359.76629638671875 -24435.783203125
v -4085.29833984375 361.94345092773438 -24435.40625
v -4085.62548828125 364.06512451171875 -24435.59375
v -4085.96826171875 366.14797973632812 -24436.349609375
v -4086.28076171875 367.89096069335938 -24437.654296875
v -4084.174072265625 356.4248046875 -24438.79296875
v -4083.988037109375 357.8353271484375 -24437.72265625
v -4084.0029296875 359.79547119140625 -24437.048828125
v -4084.196533203125 361.97622680664062 -24436.826171875
v -4084.521484375 364.09796142578125 -24437.017578125
v -4084.980224609375 366.1773681640625 -24437.623046875
v -4085.529541015625 367.91329956054688 -24438.625
v -4083.8818359375 356.41329956054688 -24439.388671875
v -4083.447021484375 357.81402587890625 -24438.826171875
v -4083.283935546875 359.7672119140625 -24438.513671875
v -4083.389404296875 361.9444580078125 -24438.470703125
v -4083.71240234375 364.066162109375 -24438.666015625
v -4084.25634765625 366.14889526367188 -24439.09765625
v -4084.97900390625 367.89166259765625 -24439.74609375
v -4083.677978515625 356.385986328125 -24440.013671875
v -4083.069091796875 357.76339721679688 -24439.982421875
v -4082.781982421875 359.699951171875 -24440.05078125
v -4082.82568359375 361.86895751953125 -24440.197265625
v -4083.1474609375 363.990478515625 -24440.39453125
v -4083.75048828125 366.08114624023438 -24440.646484375
v -4084.814697265625 355.9525146484375 -24439.083984375
v -4085.376708984375 356.3076171875 -24438.123046875
v -4085.040771484375 355.90020751953125 -24439.28515625
v -4084.93994140625 355.92904663085938 -24439.134765625
v -4085.4287109375 356.933837890625 -24437.103515625
v -4086.216552734375 357.6181640625 -24436.48046875
v -4086.089599609375 356.7808837890625 -24437.693359375
v -4085.79541015625 356.865234375 -24437.25390625
v -4086.051025390625 358.60955810546875 -24435.6328125
v -4086.963134765625 359.50701904296875 -24435.3984375
v -4087.0537109375 358.37747192382812 -24436.52734375
v -4086.607177734375 358.50546264648438 -24435.861328125
v -4086.59765625 360.69882202148438 -24434.826171875
v -4087.5205078125 361.65231323242188 -24434.974609375
v -4087.810791015625 360.41806030273438 -24435.908203125
v -4087.2705078125 360.57290649414062 -24435.103515625
v -4087.002685546875 362.8505859375 -24434.703125
v -4087.852783203125 363.77334594726562 -24435.16015625
v -4088.283935546875 362.55398559570312 -24435.845703125
v -4087.71337890625 362.71755981445312 -24434.99609375
v -4087.262939453125 364.96762084960938 -24435.19921875
v -4087.961669921875 365.8868408203125 -24435.9609375
v -4088.4814453125 364.68557739257812 -24436.287109375
v -4087.938720703125 364.84112548828125 -24435.478515625
v -4087.352294921875 366.9549560546875 -24436.361328125
v -4087.796630859375 367.6923828125 -24437.361328125
v -4088.3662109375 366.72024536132812 -24437.265625
v -4087.914794921875 366.84970092773438 -24436.59375
v -4087.232177734375 368.44644165039062 -24438.0703125
v -4087.612060546875 368.37533569335938 -24438.228515625
v -4084.542724609375 355.98110961914062 -24439.212890625
v -4084.864013671875 356.3885498046875 -24438.07421875
v -4084.686767578125 355.96905517578125 -24439.111328125
v -4084.633544921875 357.01742553710938 -24437.48046875
v -4085.266845703125 357.76815795898438 -24436.388671875
v -4085.0546875 356.98220825195312 -24437.18359375
v -4084.844482421875 358.73638916015625 -24436.205078125
v -4085.701416015625 359.70626831054688 -24435.27734375
v -4085.4833984375 358.68292236328125 -24435.75390625
v -4085.137939453125 360.852294921875 -24435.517578125
v -4086.103759765625 361.87603759765625 -24434.837890625
v -4085.910888671875 360.78759765625 -24434.97265625
v -4085.460693359375 363.01266479492188 -24435.43359375
v -4086.432861328125 363.99758911132812 -24435.0234375
v -4086.277099609375 362.9443359375 -24434.857421875
v -4085.79638671875 365.12179565429688 -24435.896484375
v -4086.69091796875 366.0875244140625 -24435.837890625
v -4086.572998046875 365.05679321289062 -24435.34765625
v -4086.1318359375 367.083251953125 -24436.939453125
v -4086.830322265625 367.844970703125 -24437.267578125
v -4086.778076171875 367.0291748046875 -24436.484375
v -4086.408203125 368.53305053710938 -24438.4609375
v -4086.8447265625 368.49652099609375 -24438.154296875
v -4088.741943359375 364.48397827148438 -24439.76953125
v -4088.697265625 363.3519287109375 -24439.599609375
v -4088.56591796875 362.223388671875 -24439.466796875
v -4088.32861328125 361.00436401367188 -24439.365234375
v -4087.99072265625 359.80618286132812 -24439.30859375
v -4087.5419921875 358.64224243164062 -24439.3046875
v -4086.961181640625 357.54006958007812 -24439.3671875
v -4086.406005859375 356.7769775390625 -24439.474609375
v -4085.7216796875 356.14462280273438 -24439.658203125
v -4085.165283203125 355.85940551757812 -24439.845703125
v -4084.865966796875 355.79159545898438 -24439.9609375
v -4084.71435546875 355.78131103515625 -24440.0234375
v -4084.638671875 355.78250122070312 -24440.056640625
v -4084.60107421875 355.78469848632812 -24440.072265625
v -4084.582275390625 355.78619384765625 -24440.080078125
v -4084.5634765625 355.78793334960938 -24440.08984375
v -4084.553466796875 355.78900146484375 -24440.09375
v -4084.5419921875 355.79031372070312 -24440.09765625
v -4084.5107421875 355.79437255859375 -24440.11328125
v -4084.479736328125 355.7991943359375 -24440.126953125
v -4084.341796875 355.83001708984375 -24440.189453125
v -4084.2080078125 355.875244140625 -24440.25390625
v -4083.957275390625 356.00460815429688 -24440.380859375
v -4083.533203125 356.38137817382812 -24440.623046875
v -4083.0625 357.13876342773438 -24440.94921875
v -4082.756103515625 357.99502563476562 -24441.220703125
v -4082.52734375 359.18499755859375 -24441.515625
v -4082.44482421875 360.40646362304688 -24441.75390625
v -4082.480224609375 361.63729858398438 -24441.9453125
v -4082.619140625 362.86679077148438 -24442.091796875
v -4082.64453125 363.0272216796875 -24442.107421875
v -4082.924560546875 364.31280517578125 -24442.08984375
v -4083.3291015625 365.53631591796875 -24441.82421875
v -4083.85009765625 366.64901733398438 -24441.359375
v -4084.49169921875 367.61517333984375 -24440.7421875
v -4084.51416015625 367.64288330078125 -24440.720703125
v -4085.096435546875 368.247314453125 -24440.18359375
v -4085.63232421875 368.63034057617188 -24439.744140625
v -4086.25634765625 368.89175415039062 -24439.333984375
v -4086.77978515625 368.95767211914062 -24439.103515625
v -4087.1943359375 368.89468383789062 -24439.015625
v -4087.380615234375 368.82498168945312 -24439.009765625
v -4087.603271484375 368.6982421875 -24439.03515625
v -4087.797607421875 368.53817749023438 -24439.08984375
v -4088.0986328125 368.15640258789062 -24439.2421875
v -4088.3310546875 367.67318725585938 -24439.4296875
v -4088.489501953125 367.15444946289062 -24439.59765625
v -4088.6142578125 366.50494384765625 -24439.75
v -4088.689697265625 365.8358154296875 -24439.833984375
v -4088.729248046875 365.15853881835938 -24439.841796875
v -4074.45458984375 353.53640747070312 -24406.73046875
v -4074.530029296875 353.24517822265625 -24408.615234375
v -4074.83837890625 354.19265747070312 -24411.060546875
v -4075.339599609375 356.25262451171875 -24413.755859375
v -4075.974365234375 359.16354370117188 -24416.4296875
v -4076.647216796875 362.45855712890625 -24418.75
v -4077.3701171875 366.18820190429688 -24420.77734375
v -4078.023681640625 369.73431396484375 -24422.1796875
v -4074.45458984375 353.53640747070312 -24406.73046875
v -4075.982177734375 353.07412719726562 -24408.419921875
v -4077.61962890625 353.864990234375 -24410.685546875
v -4079.163330078125 355.80215454101562 -24413.240234375
v -4080.4697265625 358.63394165039062 -24415.82421875
v -4081.40478515625 361.89810180664062 -24418.109375
v -4082.00048828125 365.6427001953125 -24420.154296875
v -4082.163330078125 369.24664306640625 -24421.623046875
v -4074.45458984375 353.53640747070312 -24406.73046875
v -4077.406982421875 353.05160522460938 -24407.98046875
v -4080.348876953125 353.82186889648438 -24409.841796875
v -4082.91552734375 355.74288940429688 -24412.080078125
v -4084.881103515625 358.56427001953125 -24414.4609375
v -4086.0732421875 361.8243408203125 -24416.666015625
v -4086.544189453125 365.5709228515625 -24418.748046875
v -4086.2255859375 369.18246459960938 -24420.3671875
v -4074.45458984375 353.53640747070312 -24406.73046875
v -4078.5400390625 353.34017944335938 -24407.10546875
v -4082.51953125 354.3746337890625 -24408.1640625
v -4085.899658203125 356.5028076171875 -24409.775390625
v -4088.389404296875 359.45767211914062 -24411.75
v -4089.785888671875 362.76983642578125 -24413.798828125
v -4090.157470703125 366.49114990234375 -24415.958984375
v -4078.1064453125 354.01312255859375 -24406.09765625
v -4081.688720703125 355.66360473632812 -24406.23828125
v -4084.7578125 358.27493286132812 -24407.126953125
v -4087.046630859375 361.54104614257812 -24408.63671875
v -4088.364990234375 364.97463989257812 -24410.501953125
v -4088.774658203125 368.63702392578125 -24412.75
v -4074.45458984375 353.53640747070312 -24406.73046875
v -4076.808349609375 354.5267333984375 -24405.65625
v -4079.2021484375 356.6474609375 -24405.390625
v -4081.3388671875 359.6275634765625 -24405.9609375
v -4083.02734375 363.13125610351562 -24407.265625
v -4084.111328125 366.65753173828125 -24409.052734375
v -4084.634765625 370.27493286132812 -24411.337890625
v -4074.45458984375 353.53640747070312 -24406.73046875
v -4078.49853515625 364.25027465820312 -24406.873046875
v -4079.318603515625 367.84176635742188 -24408.63671875
v -4079.97021484375 371.427490234375 -24410.93359375
v -4074.45458984375 353.53640747070312 -24406.73046875
v -4074.55078125 368.59976196289062 -24408.943359375
v -4075.329833984375 372.16522216796875 -24411.232421875
v -4074.45458984375 353.53640747070312 -24406.73046875
v -4074.45458984375 353.53640747070312 -24406.73046875
v -4063.778076171875 363.3544921875 -24413.357421875
v -4063.740234375 366.893798828125 -24415.498046875
v -4074.45458984375 353.53640747070312 -24406.73046875
v -4071.67626953125 353.96139526367188 -24408.349609375
v -4069.372314453125 355.56451416015625 -24410.548828125
v -4067.824462890625 358.13873291015625 -24413.0546875
v -4067.13916015625 361.38092041015625 -24415.60546875
v -4067.29736328125 364.80517578125 -24417.876953125
v -4068.27001953125 368.47207641601562 -24419.927734375
v -4074.45458984375 353.53640747070312 -24406.73046875
v -4073.0400390625 353.54483032226562 -24408.603515625
v -4071.984130859375 354.76663208007812 -24411.037109375
v -4071.415283203125 357.04177856445312 -24413.724609375
v -4071.36083984375 360.09127807617188 -24416.392578125
v -4071.764892578125 363.44036865234375 -24418.7109375
v -4072.6181640625 367.14376831054688 -24420.73828125
v -4073.775146484375 370.58865356445312 -24422.146484375
v -4074.530029296875 353.24517822265625 -24408.615234375
v -4074.83837890625 354.19265747070312 -24411.060546875
v -4075.339599609375 356.25262451171875 -24413.755859375
v -4075.974365234375 359.16354370117188 -24416.4296875
v -4076.647216796875 362.45855712890625 -24418.75
v -4077.3701171875 366.18820190429688 -24420.77734375
v -4078.023681640625 369.73431396484375 -24422.1796875
v -4076.226318359375 353.62002563476562 -24406.330078125
v -4078.572998046875 353.63494873046875 -24406.58984375
v -4076.440185546875 353.28805541992188 -24406.826171875
v -4074.45458984375 353.53640747070312 -24406.73046875
v -4076.456298828125 353.4334716796875 -24406.5703125
v -4079.911865234375 354.6884765625 -24406.068359375
v -4082.582275390625 354.939208984375 -24407.177734375
v -4080.54931640625 353.69924926757812 -24407.546875
v -4080.59765625 354.13253784179688 -24406.7890625
v -4083.29833984375 356.85983276367188 -24406.591796875
v -4085.986083984375 357.27902221679688 -24408.41796875
v -4084.29638671875 355.31100463867188 -24408.908203125
v -4084.3720703125 355.98941040039062 -24407.720703125
v -4086.018310546875 359.85598754882812 -24407.818359375
v -4088.490966796875 360.3702392578125 -24410.154296875
v -4087.27587890625 357.90435791015625 -24410.736328125
v -4087.37109375 358.75921630859375 -24409.240234375
v -4087.828369140625 363.26669311523438 -24409.54296875
v -4089.893310546875 363.735595703125 -24412.109375
v -4089.224609375 361.09976196289062 -24412.783203125
v -4089.330322265625 362.04891967773438 -24411.123046875
v -4088.692138671875 366.77322387695312 -24411.57421875
v -4090.26220703125 367.43106079101562 -24414.314453125
v -4090.109619140625 364.57354736328125 -24414.86328125
v -4090.216796875 365.53704833984375 -24413.177734375
v -4089.93896484375 368.24417114257812 -24416.927734375
v -4090.039306640625 369.14382934570312 -24415.35546875
v -4072.5185546875 353.90899658203125 -24407.08203125
v -4074.45458984375 353.53640747070312 -24406.73046875
v -4063.626708984375 365.15283203125 -24414.453125
v -4079.444091796875 374.21737670898438 -24413.052734375
v -4080.849609375 373.94412231445312 -24413.0546875
v -4082.8125 373.4071044921875 -24413.1015625
v -4084.720458984375 372.70651245117188 -24413.2265625
v -4085.648193359375 372.30096435546875 -24413.337890625
v -4086.5546875 371.864501953125 -24413.498046875
v -4087.276611328125 371.49017333984375 -24413.6796875
v -4087.974365234375 371.10919189453125 -24413.9296875
v -4088.636962890625 370.73690795898438 -24414.279296875
v -4089.2236328125 370.412841796875 -24414.78125
v -4089.54931640625 370.251708984375 -24415.259765625
v -4089.74462890625 370.1865234375 -24415.822265625
v -4089.78955078125 370.22329711914062 -24416.423828125
v -4089.70458984375 370.33676147460938 -24417.009765625
v -4089.45458984375 370.55078125 -24417.72265625
v -4089.093505859375 370.80099487304688 -24418.373046875
v -4088.653076171875 371.06280517578125 -24418.966796875
v -4088.150390625 371.32321166992188 -24419.5078125
v -4086.7998046875 371.8814697265625 -24420.587890625
v -4085.262451171875 372.3336181640625 -24421.447265625
v -4084.99072265625 372.39706420898438 -24421.5703125
v -4082.781982421875 372.75872802734375 -24422.337890625
v -4080.4619140625 372.88531494140625 -24422.787109375
v -4078.72705078125 372.83474731445312 -24422.927734375
v -4078.5625 372.82400512695312 -24422.931640625
v -4078.5625 372.82400512695312 -24422.931640625
v -4076.15625 372.55685424804688 -24422.85546875
v -4073.80126953125 372.109130859375 -24422.5078125
v -4071.5322265625 371.52059936523438 -24421.904296875
v -4069.37353515625 370.83871459960938 -24421.044921875
v -4068.27490234375 370.4580078125 -24420.48046875
v -4067.22021484375 370.08355712890625 -24419.83203125
v -4066.2177734375 369.73745727539062 -24419.08984375
v -4065.30078125 369.46304321289062 -24418.24609375
v -4063.752197265625 363.23764038085938 -24411.87109375
v -4063.9052734375 362.4979248046875 -24411.68359375
v -4064.717529296875 360.28158569335938 -24410.970703125
v -4065.927490234375 358.30459594726562 -24410.12890625
v -4067.697509765625 356.39971923828125 -24409.0625
v -4069.82861328125 354.96624755859375 -24407.921875
v -4070.6328125 354.61599731445312 -24407.5234375
v -4071.470703125 354.35589599609375 -24407.126953125
v -4072.225341796875 354.21536254882812 -24406.783203125
v -4072.99560546875 354.16949462890625 -24406.44921875
v -4073.7724609375 354.23431396484375 -24406.1328125
v -4074.538330078125 354.4266357421875 -24405.83984375
v -4075.276123046875 354.76422119140625 -24405.583984375
v -4075.945556640625 355.24893188476562 -24405.380859375
v -4076.609375 355.99822998046875 -24405.2265625
v -4077.095703125 356.88504028320312 -24405.16796875
v -4077.5419921875 358.84133911132812 -24405.3046875
v -4077.2333984375 361.70452880859375 -24405.912109375
v -4076.167236328125 364.30166625976562 -24406.796875
v -4074.936279296875 366.11114501953125 -24407.619140625
v -4073.426513671875 367.65499877929688 -24408.513671875
v -4071.66455078125 368.8734130859375 -24409.462890625
v -4071.16064453125 369.12786865234375 -24409.71875
v -4063.568359375 367.65945434570312 -24414.3515625
v -4063.545166015625 367.26266479492188 -24413.890625
v -4063.539306640625 366.81863403320312 -24413.474609375
v -4063.541259765625 366.3316650390625 -24413.111328125
v -4063.548583984375 365.81021118164062 -24412.798828125
v -4063.590576171875 364.70553588867188 -24412.30859375
v -4063.70361328125 363.55557250976562 -24411.951171875
v -4070.688232421875 369.36602783203125 -24409.974609375
v -4070.253173828125 369.63934326171875 -24410.259765625
v -4069.927978515625 369.92422485351562 -24410.537109375
v -4069.69482421875 370.26806640625 -24410.83984375
v -4069.605712890625 370.67236328125 -24411.15234375
v -4069.6826171875 371.09860229492188 -24411.435546875
v -4070.1552734375 371.85714721679688 -24411.861328125
v -4070.84716796875 372.49533081054688 -24412.166015625
v -4071.441162109375 372.902099609375 -24412.345703125
v -4072.0771484375 373.2540283203125 -24412.494140625
v -4073.4326171875 373.80691528320312 -24412.72265625
v -4074.857177734375 374.17230224609375 -24412.880859375
v -4076.3203125 374.362060546875 -24412.984375
v -4078.16796875 374.36383056640625 -24413.046875
v -4065.288818359375 369.46002197265625 -24418.232421875
v -4064.970458984375 369.36453247070312 -24417.873046875
v -4064.680419921875 369.2484130859375 -24417.494140625
v -4064.421630859375 369.112060546875 -24417.1015625
v -4064.196533203125 368.95553588867188 -24416.6953125
v -4064.009521484375 368.78216552734375 -24416.287109375
v -4063.857177734375 368.58892822265625 -24415.873046875
v -4063.739013671875 368.37490844726562 -24415.458984375
v -4063.6533203125 368.1385498046875 -24415.048828125
v -4063.63623046875 368.07440185546875 -24414.9453125
v -4063.576416015625 367.73529052734375 -24414.451171875
v -4064.017578125 368.19223022460938 -24418.576171875
v -4059.665283203125 361.93832397460938 -24418.232421875
v -4059.528564453125 361.988525390625 -24417.166015625
v -4059.592041015625 361.95745849609375 -24416.06640625
v -4059.86181640625 361.84292602539062 -24414.99609375
v -4060.326416015625 361.64981079101562 -24414.0078125
v -4060.951416015625 361.392333984375 -24413.158203125
v -4061.687255859375 361.09091186523438 -24412.484375
v -4062.47900390625 360.7677001953125 -24411.998046875
v -4058.128662109375 354.58364868164062 -24417.65625
v -4058.0166015625 354.7513427734375 -24416.599609375
v -4058.121337890625 354.91787719726562 -24415.517578125
v -4058.447509765625 355.07373046875 -24414.466796875
v -4058.981201171875 355.2108154296875 -24413.50390625
v -4059.683349609375 355.32156372070312 -24412.68359375
v -4060.498779296875 355.4019775390625 -24412.041015625
v -4061.368408203125 355.45187377929688 -24411.583984375
v -4059.3046875 347.33834838867188 -24415.951171875
v -4059.173828125 347.62173461914062 -24414.923828125
v -4059.246826171875 347.98300170898438 -24413.884765625
v -4059.530029296875 348.40521240234375 -24412.8984375
v -4060.0107421875 348.86761474609375 -24412.01171875
v -4060.654052734375 349.34112548828125 -24411.27734375
v -4061.408447265625 349.79766845703125 -24410.72265625
v -4062.218505859375 350.21511840820312 -24410.3515625
v -4063.01416015625 341.305419921875 -24413.376953125
v -4062.823974609375 341.68521118164062 -24412.390625
v -4062.79736328125 342.20858764648438 -24411.421875
v -4062.944091796875 342.85256958007812 -24410.529296875
v -4063.25830078125 343.58584594726562 -24409.7578125
v -4063.7158203125 344.36138916015625 -24409.15234375
v -4064.277587890625 345.13113403320312 -24408.73046875
v -4064.8994140625 345.85467529296875 -24408.490234375
v -4068.692138671875 337.40338134765625 -24410.32421875
v -4068.4111328125 337.84548950195312 -24409.38671875
v -4068.232177734375 338.47372436523438 -24408.5
v -4068.169921875 339.26113891601562 -24407.71875
v -4068.229248046875 340.16961669921875 -24407.0859375
v -4068.402587890625 341.14053344726562 -24406.6328125
v -4068.669677734375 342.11288452148438 -24406.369140625
v -4069.00341796875 343.03433227539062 -24406.28515625
v -4075.474365234375 336.22625732421875 -24407.259765625
v -4075.085205078125 336.6871337890625 -24406.369140625
v -4074.7236328125 337.34701538085938 -24405.564453125
v -4074.412353515625 338.177734375 -24404.8984375
v -4074.167236328125 339.1390380859375 -24404.40234375
v -4074.000732421875 340.16891479492188 -24404.1015625
v -4073.915771484375 341.20233154296875 -24403.998046875
v -4073.905517578125 342.18353271484375 -24404.068359375
v -4082.328125 337.9532470703125 -24404.646484375
v -4081.82958984375 338.38653564453125 -24403.798828125
v -4081.283935546875 339.00003051757812 -24403.064453125
v -4080.720703125 339.76724243164062 -24402.494140625
v -4080.167724609375 340.65103149414062 -24402.115234375
v -4079.658203125 341.59442138671875 -24401.9453125
v -4079.21728515625 342.53817749023438 -24401.978515625
v -4078.859375 343.4317626953125 -24402.1796875
v -4086.9140625 343.18106079101562 -24401.37890625
v -4086.134521484375 343.78768920898438 -24400.873046875
v -4085.317626953125 344.475341796875 -24400.57421875
v -4084.513427734375 345.20001220703125 -24400.4921875
v -4083.767333984375 345.91702270507812 -24400.615234375
v -4083.11083984375 346.5889892578125 -24400.908203125
v -4090.177734375 356.46878051757812 -24400.515625
v -4089.095703125 356.507568359375 -24400.4375
v -4088.061279296875 356.51339721679688 -24400.564453125
v -4087.123291015625 356.49038696289062 -24400.859375
v -4092.585693359375 363.26580810546875 -24404.5234375
v -4091.92333984375 363.2947998046875 -24403.677734375
v -4091.10205078125 363.22805786132812 -24402.947265625
v -4090.16162109375 363.064697265625 -24402.380859375
v -4089.148193359375 362.81198120117188 -24402.0078125
v -4088.125 362.488037109375 -24401.84375
v -4087.151611328125 362.11770629882812 -24401.8828125
v -4086.273193359375 361.7271728515625 -24402.091796875
v -4088.87646484375 369.2987060546875 -24407.09765625
v -4088.273193359375 369.23135375976562 -24406.2109375
v -4087.5517578125 369.00247192382812 -24405.41015625
v -4086.74755859375 368.61734008789062 -24404.75
v -4085.900634765625 368.09375 -24404.26171875
v -4085.063232421875 367.4677734375 -24403.96875
v -4084.282470703125 366.78424072265625 -24403.873046875
v -4083.59228515625 366.08761596679688 -24403.951171875
v -4080.200927734375 374.09304809570312 -24411.568359375
v -4079.736328125 373.9490966796875 -24410.609375
v -4079.247802734375 373.59140014648438 -24409.689453125
v -4078.7626953125 373.02999877929688 -24408.86328125
v -4078.305419921875 372.29116821289062 -24408.173828125
v -4077.90234375 371.42510986328125 -24407.658203125
v -4077.57177734375 370.49270629882812 -24407.330078125
v -4085.7275390625 344.12399291992188 -24400.6953125
v -4089.634521484375 356.492431640625 -24400.44921875
v -4084.910888671875 344.8359375 -24400.505859375
v -4088.569091796875 356.514404296875 -24400.4765625
v -4086.872802734375 350.824462890625 -24400.119140625
v -4084.130859375 345.56207275390625 -24400.53125
v -4087.3408203125 350.63436889648438 -24400.017578125
v -4087.577880859375 356.505126953125 -24400.693359375
v -4086.0126953125 351.17459106445312 -24400.443359375
v -4083.426513671875 346.26052856445312 -24400.7421875
v -4086.428955078125 351.00506591796875 -24400.263671875
v -4060.4423828125 362.8687744140625 -24419.203125
v -4058.619140625 356.69439697265625 -24418.9453125
v -4058.74853515625 350.34927368164062 -24417.833984375
v -4060.81640625 344.53228759765625 -24415.990234375
v -4064.594970703125 339.88424682617188 -24413.6171875
v -4069.66796875 336.91708374023438 -24410.9765625
v -4075.476806640625 335.95770263671875 -24408.359375
v -4081.38134765625 337.11175537109375 -24406.052734375
v -4086.731201171875 340.25210571289062 -24404.3125
v -4063.568359375 367.65945434570312 -24414.3515625
v -4063.479248046875 367.86175537109375 -24414.88671875
v -4063.435546875 368.02581787109375 -24415.4375
v -4063.4365234375 368.1497802734375 -24415.994140625
v -4063.480712890625 368.23309326171875 -24416.546875
v -4063.5654296875 368.27658081054688 -24417.08984375
v -4063.686279296875 368.28219604492188 -24417.61328125
v -4063.838623046875 368.25286865234375 -24418.109375
v -4063.752197265625 363.23764038085938 -24411.87109375
v -4063.70361328125 363.55557250976562 -24411.951171875
v -4063.590576171875 364.70553588867188 -24412.30859375
v -4063.548583984375 365.81021118164062 -24412.798828125
v -4063.541259765625 366.3316650390625 -24413.111328125
v -4063.539306640625 366.81863403320312 -24413.474609375
v -4063.545166015625 367.26266479492188 -24413.890625
v -4079.444091796875 374.21737670898438 -24413.052734375
v -4078.16796875 374.36383056640625 -24413.046875
v -4076.3203125 374.362060546875 -24412.984375
v -4074.857177734375 374.17230224609375 -24412.880859375
v -4073.4326171875 373.80691528320312 -24412.72265625
v -4072.0771484375 373.2540283203125 -24412.494140625
v -4071.441162109375 372.902099609375 -24412.345703125
v -4070.84716796875 372.49533081054688 -24412.166015625
v -4070.1552734375 371.85714721679688 -24411.861328125
v -4069.6826171875 371.09860229492188 -24411.435546875
v -4069.605712890625 370.67236328125 -24411.15234375
v -4069.69482421875 370.26806640625 -24410.83984375
v -4069.927978515625 369.92422485351562 -24410.537109375
v -4070.253173828125 369.63934326171875 -24410.259765625
v -4070.688232421875 369.36602783203125 -24409.974609375
v -4071.16064453125 369.12786865234375 -24409.71875
v -4087.053955078125 340.71832275390625 -24403.853515625
v -4087.303466796875 341.09991455078125 -24403.53125
v -4088.06640625 342.40377807617188 -24402.66015625
v -4088.66015625 343.65121459960938 -24402.01953125
v -4089.115478515625 344.98516845703125 -24401.443359375
v -4089.320068359375 346.40518188476562 -24400.88671875
v -4089.260986328125 347.12594604492188 -24400.61328125
v -4089.17578125 347.47970581054688 -24400.48046875
v -4089.0498046875 347.82382202148438 -24400.35546875
v -4088.798095703125 348.30838012695312 -24400.193359375
v -4088.652099609375 348.54354858398438 -24400.126953125
v -4088.501708984375 348.77896118164062 -24400.072265625
v -4088.224609375 349.273193359375 -24399.99609375
v -4088.047119140625 349.81558227539062 -24399.9609375
v -4088.01123046875 350.13357543945312 -24399.955078125
v -4088.036376953125 350.56918334960938 -24399.95703125
v -4088.13330078125 350.99456787109375 -24399.9609375
v -4088.48046875 351.79171752929688 -24399.978515625
v -4088.95263671875 352.5130615234375 -24400.015625
v -4089.494384765625 353.18093872070312 -24400.087890625
v -4090.0849609375 353.83538818359375 -24400.216796875
v -4090.678466796875 354.47195434570312 -24400.40625
v -4091.21630859375 355.05648803710938 -24400.642578125
v -4091.82080078125 355.73504638671875 -24400.998046875
v -4092.294677734375 356.28460693359375 -24401.359375
v -4092.653076171875 356.70803833007812 -24401.693359375
v -4092.8251953125 356.91265869140625 -24401.875
v -4092.992431640625 357.11138916015625 -24402.068359375
v -4093.30712890625 357.4837646484375 -24402.484375
v -4093.4560546875 357.6573486328125 -24402.708984375
v -4093.59814453125 357.82098388671875 -24402.943359375
v -4093.765380859375 358.00869750976562 -24403.25390625
v -4093.92041015625 358.17648315429688 -24403.580078125
v -4094.1591796875 358.415283203125 -24404.1953125
v -4092.633544921875 364.23837280273438 -24405.810546875
v -4089.428955078125 369.12405395507812 -24407.98046875
v -4084.8759765625 372.5687255859375 -24410.48046875
v -4087.61767578125 342.68496704101562 -24402.06640625
v -4091.243896484375 356.39617919921875 -24400.810546875
v -4091.89111328125 368.34783935546875 -24424.59375
v -4091.815185546875 367.07147216796875 -24424.97265625
v -4092.811279296875 365.31817626953125 -24425.26953125
v -4094.63037109375 363.44534301757812 -24425.435546875
v -4096.7880859375 361.85443115234375 -24425.453125
v -4099.15869140625 360.61520385742188 -24425.328125
v -4091.634765625 366.82595825195312 -24423.072265625
v -4092.487060546875 364.8768310546875 -24421.857421875
v -4094.2236328125 362.89181518554688 -24421.154296875
v -4096.369140625 361.28424072265625 -24421.04296875
v -4098.79541015625 360.12066650390625 -24421.501953125
v -4091.89111328125 368.34783935546875 -24424.59375
v -4091.730224609375 366.97079467773438 -24422.380859375
v -4092.658447265625 365.13720703125 -24420.61328125
v -4094.438720703125 363.21835327148438 -24419.59375
v -4096.5908203125 361.62060546875 -24419.435546875
v -4098.9873046875 360.41241455078125 -24420.109375
v -4091.89111328125 368.34783935546875 -24424.59375
v -4091.92138671875 367.2515869140625 -24422.0625
v -4093.002197265625 365.6419677734375 -24420.041015625
v -4094.869873046875 363.85147094726562 -24418.87890625
v -4097.03466796875 362.27273559570312 -24418.69921875
v -4091.89111328125 368.34783935546875 -24424.59375
v -4092.184326171875 367.63348388671875 -24422.1015625
v -4093.474853515625 366.3284912109375 -24420.107421875
v -4095.462646484375 364.7125244140625 -24418.962890625
v -4091.89111328125 368.34783935546875 -24424.59375
v -4092.507080078125 368.0989990234375 -24422.53515625
v -4094.055419921875 367.16534423828125 -24420.888671875
v -4091.89111328125 368.34783935546875 -24424.59375
v -4091.89111328125 368.34783935546875 -24424.59375
v -4093.134033203125 368.97247314453125 -24426.80078125
v -4091.89111328125 368.34783935546875 -24424.59375
v -4092.94287109375 368.69168090820312 -24427.119140625
v -4091.89111328125 368.34783935546875 -24424.59375
v -4092.679931640625 368.30978393554688 -24427.08203125
v -4094.36572265625 367.54428100585938 -24429.0625
v -4096.580078125 366.23739624023438 -24430.19140625
v -4098.79638671875 364.73043823242188 -24430.3515625
v -4091.89111328125 368.34783935546875 -24424.59375
v -4092.35693359375 367.84426879882812 -24426.6484375
v -4093.785400390625 366.70742797851562 -24428.283203125
v -4095.85205078125 365.18780517578125 -24429.21484375
v -4098.04638671875 363.6492919921875 -24429.345703125
v -4100.25 362.17184448242188 -24428.703125
v -4091.815185546875 367.07147216796875 -24424.97265625
v -4092.811279296875 365.31817626953125 -24425.26953125
v -4094.63037109375 363.44534301757812 -24425.435546875
v -4096.7880859375 361.85443115234375 -24425.453125
v -4099.15869140625 360.61520385742188 -24425.328125
v -4091.623779296875 367.69024658203125 -24423.83984375
v -4091.67041015625 366.86962890625 -24424.015625
v -4091.71337890625 367.81204223632812 -24424.78125
v -4091.89111328125 368.34783935546875 -24424.59375
v -4091.6416015625 367.7119140625 -24424.306640625
v -4092.325439453125 368.70529174804688 -24424.404296875
v -4092.817626953125 368.54354858398438 -24423.306640625
v -4092.056640625 368.32183837890625 -24423.572265625
v -4091.89111328125 368.34783935546875 -24424.59375
v -4092.210693359375 368.54241943359375 -24423.955078125
v -4092.4150390625 368.82708740234375 -24425.345703125
v -4091.89111328125 368.34783935546875 -24424.59375
v -4092.397216796875 368.805419921875 -24424.87890625
v -4091.71337890625 367.81204223632812 -24424.78125
v -4092.04638671875 367.39971923828125 -24425.875
v -4091.982177734375 368.19546508789062 -24425.61328125
v -4091.89111328125 368.34783935546875 -24424.59375
v -4091.828125 367.97491455078125 -24425.23046875
v -4097.48291015625 366.6275634765625 -24430.4375
v -4097.1669921875 366.85989379882812 -24430.357421875
v -4096.490234375 367.32504272460938 -24430.115234375
v -4095.357177734375 368.02023315429688 -24429.48046875
v -4094.4658203125 368.50387573242188 -24428.705078125
v -4093.587158203125 368.92279052734375 -24427.478515625
v -4093.09619140625 369.0899658203125 -24426.001953125
v -4093.0419921875 369.04067993164062 -24425.083984375
v -4093.15673828125 368.87649536132812 -24424.1875
v -4093.5234375 368.48568725585938 -24423.048828125
v -4094.037841796875 367.94073486328125 -24422.0390625
v -4094.7978515625 367.0667724609375 -24420.91796875
v -4095.409912109375 366.28466796875 -24420.177734375
v -4096.23291015625 365.11203002929688 -24419.375
v -4096.6474609375 364.4716796875 -24419.06640625
v -4097.06591796875 363.79989624023438 -24418.841796875
v -4097.3251953125 363.37612915039062 -24418.755859375
v -4098.03564453125 362.224365234375 -24418.771484375
v -4098.623046875 361.34716796875 -24419.11328125
v -4099.146484375 360.6787109375 -24419.685546875
v -4099.6337890625 360.18719482421875 -24420.439453125
v -4100.22509765625 359.79672241210938 -24421.638671875
v -4100.44287109375 359.7197265625 -24422.162109375
v -4100.94580078125 359.72332763671875 -24423.607421875
v -4101.31640625 360.00411987304688 -24425.06640625
v -4101.31640625 360.00411987304688 -24425.06640625
v -4101.521484375 360.56460571289062 -24426.52734375
v -4101.48974609375 361.37258911132812 -24427.865234375
v -4101.48828125 361.38223266601562 -24427.87890625
v -4101.45556640625 361.52792358398438 -24428.0703125
v -4101.2958984375 361.98724365234375 -24428.609375
v -4101.05859375 362.4754638671875 -24429.08984375
v -4100.75830078125 362.98532104492188 -24429.5078125
v -4100.40576171875 363.51132202148438 -24429.859375
v -4099.6708984375 364.47265625 -24430.314453125
v -4098.82421875 365.42520141601562 -24430.533203125
v -4098.81103515625 365.43875122070312 -24430.53515625
v -4098.4873046875 365.7626953125 -24430.552734375
v -4092.70068359375 357.31814575195312 -24402.314453125
v -4091.27587890625 357.10592651367188 -24404.666015625
v -4090.44873046875 354.73876953125 -24408.146484375
v -4090.347900390625 350.88656616210938 -24411.9296875
v -4090.904052734375 346.524169921875 -24415.201171875
v -4092.076904296875 341.9891357421875 -24417.703125
v -4088.889892578125 355.0609130859375 -24402.349609375
v -4086.2333984375 351.12600708007812 -24404.052734375
v -4085.203857421875 346.47787475585938 -24406.93359375
v -4085.81103515625 342.15927124023438 -24410.25390625
v -4088.015380859375 338.50839233398438 -24413.7578125
v -4092.70068359375 357.31814575195312 -24402.314453125
v -4088.52392578125 354.18829345703125 -24401.251953125
v -4085.5869140625 349.58438110351562 -24402.115234375
v -4084.414794921875 344.59661865234375 -24404.568359375
v -4085.02978515625 340.29669189453125 -24407.912109375
v -4092.70068359375 357.31814575195312 -24402.314453125
v -4088.81640625 353.671142578125 -24400.517578125
v -4086.103759765625 348.67080688476562 -24400.818359375
v -4085.045654296875 343.48178100585938 -24402.986328125
v -4092.70068359375 357.31814575195312 -24402.314453125
v -4086.893798828125 343.12625122070312 -24402.208984375
v -4092.70068359375 357.31814575195312 -24402.314453125
v -4092.70068359375 357.31814575195312 -24402.314453125
v -4092.70068359375 357.31814575195312 -24402.314453125
v -4092.70068359375 357.31814575195312 -24402.314453125
v -4092.70068359375 357.31814575195312 -24402.314453125
v -4094.576904296875 358.60821533203125 -24406.11328125
v -4097.46435546875 354.12527465820312 -24415.048828125
v -4097.94970703125 349.73068237304688 -24418.2890625
v -4097.6953125 344.54617309570312 -24420.1640625
v -4091.27587890625 357.10592651367188 -24404.666015625
v -4090.44873046875 354.73876953125 -24408.146484375
v -4090.347900390625 350.88656616210938 -24411.9296875
v -4090.904052734375 346.524169921875 -24415.201171875
v -4092.076904296875 341.9891357421875 -24417.703125
v -4090.769775390625 356.49212646484375 -24402.10546875
v -4089.9052734375 356.11758422851562 -24403.58203125
v -4091.95654296875 357.50921630859375 -24403.2578125
v -4092.70068359375 357.31814575195312 -24402.314453125
v -4091.274658203125 357.01766967773438 -24402.71875
v -4091.15966796875 355.71893310546875 -24401.015625
v -4091.484375 355.75216674804688 -24401.005859375
v -4092.70068359375 357.31814575195312 -24402.314453125
v -4092.70068359375 357.31814575195312 -24402.314453125
v -4092.70068359375 357.31814575195312 -24402.314453125
v -4091.95654296875 357.50921630859375 -24403.2578125
v -4092.865966796875 357.96417236328125 -24405.54296875
v -4093.59814453125 358.25637817382812 -24403.978515625
v -4092.70068359375 357.31814575195312 -24402.314453125
v -4092.7470703125 357.93606567382812 -24403.693359375
v -4093.6201171875 338.43670654296875 -24418.71875
v -4095.3935546875 339.45098876953125 -24419.673828125
v -4096.962890625 340.74102783203125 -24420.2578125
v -4098.18310546875 342.14089965820312 -24420.50390625
v -4099.16943359375 343.73321533203125 -24420.5
v -4100.05615234375 346.06057739257812 -24420.125
v -4100.4169921875 348.43374633789062 -24419.36328125
v -4100.30908203125 350.68914794921875 -24418.265625
v -4099.8359375 352.73184204101562 -24416.884765625
v -4099.42431640625 353.83139038085938 -24415.9453125
v -4098.71142578125 355.24383544921875 -24414.45703125
v -4097.90625 356.4444580078125 -24412.837890625
v -4097.05078125 357.424560546875 -24411.099609375
v -4096.18115234375 358.16207885742188 -24409.251953125
v -4095.333984375 358.60430908203125 -24407.3125
v -4094.545654296875 358.64208984375 -24405.296875
v -4094.1591796875 358.415283203125 -24404.1953125
v -4086.731201171875 340.25210571289062 -24404.3125
v -4086.54833984375 339.990478515625 -24404.611328125
v -4086.22705078125 339.48135375976562 -24405.302734375
v -4086 339.01107788085938 -24406.107421875
v -4085.897216796875 338.6083984375 -24406.97265625
v -4085.928955078125 338.2313232421875 -24407.990234375
v -4086.252685546875 337.788818359375 -24409.595703125
v -4086.841064453125 337.49356079101562 -24411.158203125
v -4088.330810546875 337.26708984375 -24413.716796875
v -4089.538818359375 337.31008911132812 -24415.236328125
v -4091.48876953125 337.66305541992188 -24417.15234375
v -4093.6201171875 338.43670654296875 -24418.71875
v -4093.92041015625 358.17648315429688 -24403.580078125
v -4093.765380859375 358.00869750976562 -24403.25390625
v -4093.59814453125 357.82098388671875 -24402.943359375
v -4093.4560546875 357.6573486328125 -24402.708984375
v -4093.30712890625 357.4837646484375 -24402.484375
v -4092.992431640625 357.11138916015625 -24402.068359375
v -4092.8251953125 356.91265869140625 -24401.875
v -4092.653076171875 356.70803833007812 -24401.693359375
v -4092.294677734375 356.28460693359375 -24401.359375
v -4091.82080078125 355.73504638671875 -24400.998046875
v -4091.21630859375 355.05648803710938 -24400.642578125
v -4090.678466796875 354.47195434570312 -24400.40625
v -4090.0849609375 353.83538818359375 -24400.216796875
v -4089.494384765625 353.18093872070312 -24400.087890625
v -4088.95263671875 352.5130615234375 -24400.015625
v -4088.48046875 351.79171752929688 -24399.978515625
v -4088.13330078125 350.99456787109375 -24399.9609375
v -4088.036376953125 350.56918334960938 -24399.95703125
v -4088.01123046875 350.13357543945312 -24399.955078125
v -4088.047119140625 349.81558227539062 -24399.9609375
v -4088.224609375 349.273193359375 -24399.99609375
v -4088.501708984375 348.77896118164062 -24400.072265625
v -4088.652099609375 348.54354858398438 -24400.126953125
v -4088.798095703125 348.30838012695312 -24400.193359375
v -4089.0498046875 347.82382202148438 -24400.35546875
v -4089.17578125 347.47970581054688 -24400.48046875
v -4089.260986328125 347.12594604492188 -24400.61328125
v -4089.320068359375 346.40518188476562 -24400.88671875
v -4089.115478515625 344.98516845703125 -24401.443359375
v -4088.66015625 343.65121459960938 -24402.01953125
v -4088.06640625 342.40377807617188 -24402.66015625
v -4087.303466796875 341.09991455078125 -24403.53125
v -4087.053955078125 340.71832275390625 -24403.853515625
vt 0.75704735517501831 0.056544449180364609
vt 0.67860966920852661 0.056544449180364609
vt 0.67860966920852661 0.25430572032928467
vt 0.67860966920852661 0.35318633913993835
vt 0.67860966920852661 0.84758949279785156
vt 0.60017192363739014 0.84758949279785156
vt 0.71782851219177246 0.35318633913993835
vt 0.67860966920852661 0.30374601483345032
vt 0.71782851219177246 0.25430572032928467
vt 0.71782851219177246 0.30374601483345032
vt 0.63939076662063599 0.35318633913993835
vt 0.63939076662063599 0.30374601483345032
vt 0.75704735517501831 0.10054159909486771
vt 0.75704735517501831 0.14126116037368774
vt 0.75704735517501831 0.18117561936378479
vt 0.75704735517501831 0.22256594896316528
vt 0.75704735517501831 0.26752978563308716
vt 0.75704735517501831 0.31029143929481506
vt 0.75704735517501831 0.35054293274879456
vt 0.75704735517501831 0.39064469933509827
vt 0.75704735517501831 0.43292170763015747
vt 0.60017192363739014 0.61212974786758423
vt 0.60017192363739014 0.57021945714950562
vt 0.60017192363739014 0.52945715188980103
vt 0.60017192363739014 0.48741266131401062
vt 0.60017192363739014 0.44166466593742371
vt 0.60017192363739014 0.39776217937469482
vt 0.60017192363739014 0.35659211874008179
vt 0.60017192363739014 0.31562358140945435
vt 0.60017192363739014 0.27237570285797119
vt 0.60017192363739014 0.22631137073040009
vt 0.60017192363739014 0.1838013231754303
vt 0.60017192363739014 0.14299476146697998
vt 0.60017192363739014 0.10145064443349838
vt 0.60017192363739014 0.056544449180364609
vt 0.61492305994033813 0.15542508661746979
vt 0.60937553644180298 0.1623193770647049
vt 0.60570508241653442 0.17050883173942566
vt 0.60393112897872925 0.17927725613117218
vt 0.60379856824874878 0.18821351230144501
vt 0.60536783933639526 0.19794450700283051
vt 0.60701137781143188 0.20318560302257538
vt 0.60924738645553589 0.20825834572315216
vt 0.61446881294250488 0.21618549525737762
vt 0.62144064903259277 0.22275082767009735
vt 0.62843656539916992 0.22686585783958435
vt 0.63579553365707397 0.22945992648601532
vt 0.64180803298950195 0.23057107627391815
vt 0.64790773391723633 0.23091310262680054
vt 0.65400272607803345 0.23053091764450073
vt 0.66002041101455688 0.22946417331695557
vt 0.66770970821380615 0.22706727683544159
vt 0.67498511075973511 0.22359050810337067
vt 0.68335878849029541 0.2176746129989624
vt 0.69031423330307007 0.21022133529186249
vt 0.69482803344726562 0.20266503095626831
vt 0.69788980484008789 0.19262076914310455
vt 0.69797688722610474 0.1822836846113205
vt 0.69516837596893311 0.17263121902942657
vt 0.68981951475143433 0.16404111683368683
vt 0.6854671835899353 0.15943241119384766
vt 0.68048691749572754 0.15542508661746979
vt 0.67540878057479858 0.15225629508495331
vt 0.66999101638793945 0.14962755143642426
vt 0.66431248188018799 0.14754118025302887
vt 0.65843880176544189 0.14600172638893127
vt 0.65452373027801514 0.14529691636562347
vt 0.64803951978683472 0.14467573165893555
vt 0.64152216911315918 0.14475032687187195
vt 0.63505935668945312 0.14557851850986481
vt 0.62877833843231201 0.14723032712936401
vt 0.6264188289642334 0.14811024069786072
vt 0.62074917554855347 0.15096451342105865
vt 0.61570203304290771 0.15470704436302185
vt 0.75704735517501831 0.73109132051467896
vt 0.75321370363235474 0.72298580408096313
vt 0.74744808673858643 0.71149528026580811
vt 0.74118185043334961 0.70007592439651489
vt 0.7377740740776062 0.6944383978843689
vt 0.73409771919250488 0.68891030550003052
vt 0.73081439733505249 0.68453854322433472
vt 0.72718304395675659 0.68041527271270752
vt 0.72304427623748779 0.67674225568771362
vt 0.71824735403060913 0.67400389909744263
vt 0.71441423892974854 0.67308872938156128
vt 0.71049201488494873 0.67341011762619019
vt 0.70682716369628906 0.67495334148406982
vt 0.70364993810653687 0.67737388610839844
vt 0.70024102926254272 0.68129557371139526
vt 0.69751811027526855 0.68569707870483398
vt 0.6953548789024353 0.69034719467163086
vt 0.69365328550338745 0.6951407790184021
vt 0.69116556644439697 0.70651638507843018
vt 0.6903759241104126 0.71793472766876221
vt 0.69038850069046021 0.71984034776687622
vt 0.69173842668533325 0.73446714878082275
vt 0.69504404067993164 0.74870884418487549
vt 0.69854205846786499 0.75890761613845825
vt 0.69891601800918579 0.75986188650131226
vt 0.7051805853843689 0.77363681793212891
vt 0.71275955438613892 0.7869638204574585
vt 0.72151601314544678 0.79982322454452515
vt 0.73141098022460938 0.81213998794555664
vt 0.73718321323394775 0.81841689348220825
vt 0.74334001541137695 0.82439035177230835
vt 0.7499578595161438 0.82991296052932739
vt 0.75704735517501831 0.83460372686386108
vt 0.75704735517501831 0.83888000249862671
vt 0.75704735517501831 0.84320759773254395
vt 0.75704735517501831 0.84758949279785156
vt 0.60017192363739014 0.66134083271026611
vt 0.60167956352233887 0.66361868381500244
vt 0.60528892278671265 0.66813230514526367
vt 0.61263704299926758 0.67463386058807373
vt 0.61998850107192993 0.67871713638305664
vt 0.62994706630706787 0.68126142024993896
vt 0.64017379283905029 0.68031799793243408
vt 0.6457359790802002 0.67794114351272583
vt 0.650642991065979 0.67434608936309814
vt 0.65611833333969116 0.66795486211776733
vt 0.66030424833297729 0.66045850515365601
vt 0.66421258449554443 0.64982825517654419
vt 0.66630029678344727 0.64131587743759155
vt 0.66785681247711182 0.63005602359771729
vt 0.66801226139068604 0.62448233366012573
vt 0.66762876510620117 0.6189923882484436
vt 0.66706973314285278 0.61570048332214355
vt 0.66402804851531982 0.60737675428390503
vt 0.6596331000328064 0.60166597366333008
vt 0.65423125028610229 0.59777146577835083
vt 0.64800822734832764 0.59532243013381958
vt 0.63897532224655151 0.5940546989440918
vt 0.63521742820739746 0.59412360191345215
vt 0.62532442808151245 0.59574776887893677
vt 0.61596530675888062 0.59926855564117432
vt 0.60727483034133911 0.60479491949081421
vt 0.60017192363739014 0.80813795328140259
vt 0.60017192363739014 0.77152341604232788
vt 0.60017192363739014 0.73594248294830322
vt 0.60017192363739014 0.69978690147399902
vt 0.65184676647186279 0.43954834342002869
vt 0.64267057180404663 0.45206698775291443
vt 0.63650846481323242 0.46545007824897766
vt 0.63334554433822632 0.47781369090080261
vt 0.63245820999145508 0.49021074175834656
vt 0.63477683067321777 0.50630557537078857
vt 0.64077508449554443 0.52109807729721069
vt 0.64983737468719482 0.5341150164604187
vt 0.66130214929580688 0.54522067308425903
vt 0.66905266046524048 0.55094760656356812
vt 0.68113195896148682 0.55801498889923096
vt 0.69402807950973511 0.56367981433868408
vt 0.70753848552703857 0.56790459156036377
vt 0.7214963436126709 0.57054746150970459
vt 0.73566079139709473 0.57128125429153442
vt 0.74971270561218262 0.5694466233253479
vt 0.75704735517501831 0.56692630052566528
vt 0.75545889139175415 0.43043464422225952
vt 0.75163471698760986 0.42565566301345825
vt 0.74693667888641357 0.42139202356338501
vt 0.7416345477104187 0.41797113418579102
vt 0.73510253429412842 0.41512194275856018
vt 0.72426390647888184 0.41263189911842346
vt 0.71315354108810425 0.41212579607963562
vt 0.69389700889587402 0.41497603058815002
vt 0.68181467056274414 0.41902118921279907
vt 0.66580885648727417 0.4275670051574707
vt 0.75704735517501831 0.60635364055633545
vt 0.75704735517501831 0.64887428283691406
vt 0.75704735517501831 0.69158148765563965
vt 0.67860966920852661 0.64982825517654419
vt 0.95219075679779053 0.59617924690246582
vt 0.95346808433532715 0.59228503704071045
vt 0.95642900466918945 0.57706886529922485
vt 0.95667624473571777 0.56159698963165283
vt 0.95435529947280884 0.54630100727081299
vt 0.94762659072875977 0.52803951501846313
vt 0.93600726127624512 0.51247316598892212
vt 0.92488116025924683 0.50530153512954712
vt 0.9184609055519104 0.5035470724105835
vt 0.91181057691574097 0.50339651107788086
vt 0.90634447336196899 0.50456434488296509
vt 0.90122014284133911 0.50680959224700928
vt 0.89662635326385498 0.50990873575210571
vt 0.89256322383880615 0.51368653774261475
vt 0.88903868198394775 0.51796901226043701
vt 0.88602364063262939 0.52262991666793823
vt 0.88315266370773315 0.52831161022186279
vt 0.88085883855819702 0.53425383567810059
vt 0.87709307670593262 0.5524628758430481
vt 0.87723833322525024 0.57106274366378784
vt 0.88042843341827393 0.58706367015838623
vt 0.8866431713104248 0.60213440656661987
vt 0.88928967714309692 0.60654222965240479
vt 0.87180227041244507 0.60122644901275635
vt 0.84206652641296387 0.58119887113571167
vt 0.82219773530960083 0.55122554302215576
vt 0.81522071361541748 0.51586955785751343
vt 0.82219773530960083 0.48051357269287109
vt 0.84206652641296387 0.4505402147769928
vt 0.87180227041244507 0.43051266670227051
vt 0.90687793493270874 0.42347991466522217
vt 0.94195365905761719 0.43051266670227051
vt 0.97168940305709839 0.4505402147769928
vt 0.99155819416046143 0.48051357269287109
vt 0.99853515625 0.51586955785751343
vt 0.90722763538360596 0.1821613609790802
vt 0.86414253711700439 0.17142251133918762
vt 0.8310554027557373 0.14167594909667969
vt 0.81522071361541748 0.093350760638713837
vt 0.82916414737701416 0.10757718235254288
vt 0.83869481086730957 0.11331038922071457
vt 0.84910613298416138 0.11720754951238632
vt 0.86006808280944824 0.11908004432916641
vt 0.87118321657180786 0.11876264959573746
vt 0.88072842359542847 0.11658472567796707
vt 0.89307957887649536 0.11049508303403854
vt 0.89675056934356689 0.10771758109331131
vt 0.90086942911148071 0.10383371263742447
vt 0.90449273586273193 0.099480874836444855
vt 0.90756577253341675 0.094720929861068726
vt 0.9100458025932312 0.08962462842464447
vt 0.91160494089126587 0.08528466522693634
vt 0.91367572546005249 0.073650568723678589
vt 0.91300314664840698 0.061851661652326584
vt 0.90988266468048096 0.050754748284816742
vt 0.90459305047988892 0.040518805384635925
vt 0.89795297384262085 0.03204800933599472
vt 0.88993215560913086 0.024880524724721909
vt 0.88080698251724243 0.019232619553804398
vt 0.87083631753921509 0.015277518890798092
vt 0.85613596439361572 0.012910320423543453
vt 0.8854641318321228 0
vt 0.93018150329589844 0.00029900818481110036
vt 0.96901476383209229 0.021272508427500725
vt 0.99346810579299927 0.057403959333896637
vt 0.99853515625 0.10168324410915375
vt 0.97597157955169678 0.15123607218265533
vt 0.97054433822631836 0.14596033096313477
vt 0.96471178531646729 0.14115767180919647
vt 0.9579460620880127 0.13647341728210449
vt 0.95078688859939575 0.13242048025131226
vt 0.9432448148727417 0.12911887466907501
vt 0.93534320592880249 0.12681432068347931
vt 0.92912811040878296 0.12602420151233673
vt 0.92288541793823242 0.12655133008956909
vt 0.91886293888092041 0.12809470295906067
vt 0.91709220409393311 0.12934292852878571
vt 0.91630667448043823 0.13009168207645416
vt 0.91594398021697998 0.13049569725990295
vt 0.91577064990997314 0.13070473074913025
vt 0.91568607091903687 0.13081096112728119
vt 0.9156029224395752 0.13091829419136047
vt 0.91555887460708618 0.13097640872001648
vt 0.91550928354263306 0.13104283809661865
vt 0.91537582874298096 0.1312272846698761
vt 0.91524648666381836 0.13141466677188873
vt 0.91471618413925171 0.13229198753833771
vt 0.91427320241928101 0.13321676850318909
vt 0.91364723443984985 0.13516791164875031
vt 0.91331624984741211 0.13923627138137817
vt 0.91450852155685425 0.14540427923202515
vt 0.91695719957351685 0.15118692815303802
vt 0.9213186502456665 0.15818643569946289
vt 0.92653870582580566 0.16456693410873413
vt 0.93237483501434326 0.17037288844585419
vt 0.9387090802192688 0.17562702298164368
vt 0.93957149982452393 0.1762736439704895
vt 0.39290007948875427 0.056544449180364609
vt 0.40403473377227783 0.056544449180364609
vt 0.40403473377227783 0.085651427507400513
vt 0.40403473377227783 0.060182821005582809
vt 0.40403473377227783 0.063821196556091309
vt 0.40403473377227783 0.067459568381309509
vt 0.40403473377227783 0.07109794020652771
vt 0.40403473377227783 0.074736312031745911
vt 0.40403473377227783 0.078374683856964111
vt 0.40403473377227783 0.082013055682182312
vt 0.40374273061752319 0.084915757179260254
vt 0.40242019295692444 0.081348426640033722
vt 0.40216141939163208 0.080616667866706848
vt 0.40115901827812195 0.077736735343933105
vt 0.40014839172363281 0.074839122593402863
vt 0.39910349249839783 0.071922913193702698
vt 0.39800870418548584 0.068985037505626678
vt 0.39683505892753601 0.065967082977294922
vt 0.39559951424598694 0.062913388013839722
vt 0.39430305361747742 0.059814620763063431
vt 0.39294946193695068 0.056658472865819931
vt 0.39661163091659546 0.056544449180364609
vt 0.40032318234443665 0.056544449180364609
vt 0.81375586986541748 0
vt 0.80651271343231201 0
vt 0.79950249195098877 0
vt 0.79260540008544922 0
vt 0.78578674793243408 0
vt 0.77896809577941895 0
vt 0.77214944362640381 0
vt 0.76533085107803345 0
vt 0.75851219892501831 0
vt 0.80651271343231201 0.062569566071033478
vt 0.79950249195098877 0.062569566071033478
vt 0.79260540008544922 0.062569566071033478
vt 0.78578674793243408 0.062569566071033478
vt 0.77896809577941895 0.062569566071033478
vt 0.77214944362640381 0.062569566071033478
vt 0.76533085107803345 0.062569566071033478
vt 0.75851219892501831 0.062569566071033478
vt 0.80651271343231201 0.12518361210823059
vt 0.79950249195098877 0.12518361210823059
vt 0.79260540008544922 0.12518361210823059
vt 0.78578674793243408 0.12518361210823059
vt 0.77896809577941895 0.12518361210823059
vt 0.77214944362640381 0.12518361210823059
vt 0.76533085107803345 0.12518361210823059
vt 0.75851219892501831 0.12518361210823059
vt 0.80651271343231201 0.18650656938552856
vt 0.79950249195098877 0.18650656938552856
vt 0.79260540008544922 0.18650656938552856
vt 0.78578674793243408 0.18650656938552856
vt 0.77896809577941895 0.18650656938552856
vt 0.77214944362640381 0.18650656938552856
vt 0.76533085107803345 0.18650656938552856
vt 0.80651271343231201 0.24997276067733765
vt 0.79950249195098877 0.24997276067733765
vt 0.79260540008544922 0.24997276067733765
vt 0.78578674793243408 0.24997276067733765
vt 0.80651271343231201 0.31169018149375916
vt 0.79950249195098877 0.31169018149375916
vt 0.79260540008544922 0.31169018149375916
vt 0.78578674793243408 0.31169018149375916
vt 0.77896809577941895 0.31169018149375916
vt 0.80651271343231201 0.37301313877105713
vt 0.79950249195098877 0.37301313877105713
vt 0.79260540008544922 0.37301313877105713
vt 0.78578674793243408 0.37301313877105713
vt 0.77896809577941895 0.37301313877105713
vt 0.77214944362640381 0.37301313877105713
vt 0.76533085107803345 0.37301313877105713
vt 0.75851219892501831 0.37301313877105713
vt 0.80651271343231201 0.43604862689971924
vt 0.79950249195098877 0.43604862689971924
vt 0.79260540008544922 0.43604862689971924
vt 0.78578674793243408 0.43604862689971924
vt 0.77896809577941895 0.43604862689971924
vt 0.77214944362640381 0.43604862689971924
vt 0.76533085107803345 0.43604862689971924
vt 0.75851219892501831 0.43604862689971924
vt 0.80651271343231201 0.49819672107696533
vt 0.79950249195098877 0.49819672107696533
vt 0.79260540008544922 0.49819672107696533
vt 0.78578674793243408 0.49819672107696533
vt 0.77896809577941895 0.49819672107696533
vt 0.77214944362640381 0.49819672107696533
vt 0.76533085107803345 0.49819672107696533
vt 0.75851219892501831 0.49819672107696533
vt 0.80651271343231201 0.55951970815658569
vt 0.79950249195098877 0.55951970815658569
vt 0.79260540008544922 0.55951970815658569
vt 0.78578674793243408 0.55951970815658569
vt 0.77896809577941895 0.55951970815658569
vt 0.77214944362640381 0.55951970815658569
vt 0.76533085107803345 0.55951970815658569
vt 0.75851219892501831 0.55951970815658569
vt 0.80651271343231201 0.62212449312210083
vt 0.79950249195098877 0.62212449312210083
vt 0.79260540008544922 0.62212449312210083
vt 0.78578674793243408 0.62212449312210083
vt 0.77896809577941895 0.62212449312210083
vt 0.77214944362640381 0.62212449312210083
vt 0.76533085107803345 0.62212449312210083
vt 0.75851219892501831 0.62212449312210083
vt 0.80651271343231201 0.6847032904624939
vt 0.79950249195098877 0.6847032904624939
vt 0.79260540008544922 0.6847032904624939
vt 0.78578674793243408 0.6847032904624939
vt 0.77896809577941895 0.6847032904624939
vt 0.77214944362640381 0.6847032904624939
vt 0.80651271343231201 0.74602627754211426
vt 0.79950249195098877 0.74602627754211426
vt 0.79260540008544922 0.74602627754211426
vt 0.78578674793243408 0.74602627754211426
vt 0.81375586986541748 0.80734920501708984
vt 0.80651271343231201 0.80734920501708984
vt 0.79950249195098877 0.80734920501708984
vt 0.79260540008544922 0.80734920501708984
vt 0.78578674793243408 0.80734920501708984
vt 0.77896809577941895 0.80734920501708984
vt 0.77214944362640381 0.80734920501708984
vt 0.76533085107803345 0.80734920501708984
vt 0.75851219892501831 0.80734920501708984
vt 0.81375586986541748 0.043774586170911789
vt 0.81375586986541748 0.087549172341823578
vt 0.81375586986541748 0.13132375478744507
vt 0.81375586986541748 0.17509834468364716
vt 0.81375586986541748 0.21887291967868805
vt 0.81375586986541748 0.26264750957489014
vt 0.81375586986541748 0.30642208456993103
vt 0.81375586986541748 0.35019668936729431
vt 0.81375586986541748 0.39397126436233521
vt 0.81375586986541748 0.4377458393573761
vt 0.81375586986541748 0.48152041435241699
vt 0.81375586986541748 0.52529501914978027
vt 0.81375586986541748 0.56906962394714355
vt 0.75851219892501831 0.19685840606689453
vt 0.75851219892501831 0.32809141278266907
vt 0.76316869258880615 0.31926485896110535
vt 0.76708090305328369 0.31101837754249573
vt 0.77046018838882446 0.30275595188140869
vt 0.77298545837402344 0.29521134495735168
vt 0.77505064010620117 0.28715509176254272
vt 0.77594804763793945 0.28249955177307129
vt 0.77631872892379761 0.28016301989555359
vt 0.77663767337799072 0.27782174944877625
vt 0.77680367231369019 0.27642145752906799
vt 0.77695149183273315 0.27501991391181946
vt 0.77717465162277222 0.27245822548866272
vt 0.77727317810058594 0.27102649211883545
vt 0.77735310792922974 0.26959407329559326
vt 0.777457594871521 0.26672771573066711
vt 0.7774471640586853 0.26099303364753723
vt 0.7765575647354126 0.24954603612422943
vt 0.77517837285995483 0.24121856689453125
vt 0.77313345670700073 0.23273511230945587
vt 0.77048575878143311 0.22432355582714081
vt 0.76611953973770142 0.2131340354681015
vt 0.76096469163894653 0.20183730125427246
vt 0.75938469171524048 0.19860656559467316
vt 0.75851219892501831 0.69903725385665894
vt 0.75851219892501831 0.76122891902923584
vt 0.7658270001411438 0.75427842140197754
vt 0.77217358350753784 0.74691212177276611
vt 0.77778470516204834 0.73932301998138428
vt 0.78274846076965332 0.7315061092376709
vt 0.7828940749168396 0.73125439882278442
vt 0.78613406419754028 0.72509992122650146
vt 0.7882465124130249 0.71999448537826538
vt 0.78963690996170044 0.71461629867553711
vt 0.78978127241134644 0.71055704355239868
vt 0.78906571865081787 0.70764350891113281
vt 0.78844374418258667 0.70643055438995361
vt 0.78739207983016968 0.70506328344345093
vt 0.78613406419754028 0.70395141839981079
vt 0.78330212831497192 0.7023964524269104
vt 0.77992033958435059 0.70135384798049927
vt 0.77643477916717529 0.70072150230407715
vt 0.77216964960098267 0.70023828744888306
vt 0.76778370141983032 0.69987273216247559
vt 0.7632448673248291 0.69950103759765625
vt 0.81368613243103027 0.56915628910064697
vt 0.81269145011901855 0.57047158479690552
vt 0.81017696857452393 0.57464295625686646
vt 0.80829924345016479 0.57909578084945679
vt 0.80701500177383423 0.58374136686325073
vt 0.80629777908325195 0.58850908279418945
vt 0.80639690160751343 0.59711503982543945
vt 0.80825650691986084 0.60551190376281738
vt 0.80829650163650513 0.60563087463378906
vt 0.80938184261322021 0.60848152637481689
vt 0.81375586986541748 0.61626774072647095
vt 0.81375586986541748 0.65448403358459473
vt 0.81375586986541748 0.69270032644271851
vt 0.81375586986541748 0.73091667890548706
vt 0.81375586986541748 0.76913297176361084
vt 0 0.3354891836643219
vt 0 0.36401745676994324
vt 0.021099777892231941 0.37828159332275391
vt 0 0.37828159332275391
vt 0.14561088383197784 0.39254570007324219
vt 0.12520696222782135 0.39254570007324219
vt 0.084399111568927765 0.39254570007324219
vt 0.042199555784463882 0.39254570007324219
vt 0.021099777892231941 0.39254570007324219
vt 0 0.39254570007324219
vt 0.14561088383197784 0.40680983662605286
vt 0.12520696222782135 0.40680983662605286
vt 0.084399111568927765 0.40680983662605286
vt 0.042199555784463882 0.40680983662605286
vt 0.021099777892231941 0.40680983662605286
vt 0 0.40680983662605286
vt 0.14561088383197784 0.42107397317886353
vt 0.12520696222782135 0.42107397317886353
vt 0.084399111568927765 0.42107397317886353
vt 0.042199555784463882 0.42107397317886353
vt 0.021099777892231941 0.42107397317886353
vt 0.14561088383197784 0.44960224628448486
vt 0.12520696222782135 0.44960224628448486
vt 0.084399111568927765 0.44960224628448486
vt 0.042199555784463882 0.44960224628448486
vt 0.021099777892231941 0.44960224628448486
vt 0 0.44960224628448486
vt 0.14561088383197784 0.4781305193901062
vt 0.12520696222782135 0.4781305193901062
vt 0.084399111568927765 0.4781305193901062
vt 0.042199555784463882 0.4781305193901062
vt 0.021099777892231941 0.4781305193901062
vt 0 0.4781305193901062
vt 0.14561088383197784 0.49239462614059448
vt 0.12520696222782135 0.49239462614059448
vt 0.084399111568927765 0.49239462614059448
vt 0.042199555784463882 0.49239462614059448
vt 0.021099777892231941 0.49239462614059448
vt 0 0.49239462614059448
vt 0.12520696222782135 0.50665879249572754
vt 0.084399111568927765 0.50665879249572754
vt 0.042199555784463882 0.50665879249572754
vt 0.021099777892231941 0.50665879249572754
vt 0 0.50665879249572754
vt 0.021099777892231941 0.52092289924621582
vt 0 0.52092289924621582
vt 0.010549888946115971 0.36401745676994324
vt 0.010549888946115971 0.34975332021713257
vt 0.010549888946115971 0.44960224628448486
vt 0 0.43533810973167419
vt 0.010549888946115971 0.42107397317886353
vt 0.021099777892231941 0.43533810973167419
vt 0.010549888946115971 0.43533810973167419
vt 0.010549888946115971 0.4781305193901062
vt 0 0.46386638283729553
vt 0.021099777892231941 0.46386638283729553
vt 0.010549888946115971 0.46386638283729553
vt 0 0.54945117235183716
vt 0.010549888946115971 0.5351870059967041
vt 0.010549888946115971 0.54945117235183716
vt 0.10409079492092133 0.5141676664352417
vt 0.084399111568927765 0.51407307386398315
vt 0.073197662830352783 0.51441532373428345
vt 0.062601752579212189 0.51508426666259766
vt 0.052334289997816086 0.51621246337890625
vt 0.042199555784463882 0.518096923828125
vt 0.033306203782558441 0.52092289924621582
vt 0.021099777892231941 0.52951765060424805
vt 0.017446089535951614 0.5351870059967041
vt 0.013892085291445255 0.54629164934158325
vt 0.012449569068849087 0.56371527910232544
vt 0.012449569068849087 0.3354891836643219
vt 0.013892085291445255 0.35291284322738647
vt 0.017446089535951614 0.36401745676994324
vt 0.021099777892231941 0.36968684196472168
vt 0.031497739255428314 0.37748143076896667
vt 0.042199555784463882 0.38110756874084473
vt 0.05267537385225296 0.38303974270820618
vt 0.063299328088760376 0.38417738676071167
vt 0.073561795055866241 0.38480550050735474
vt 0.084399111568927765 0.38513141870498657
vt 0.095226578414440155 0.38519662618637085
vt 0.10549888759851456 0.38498973846435547
vt 0.1193254217505455 0.38409096002578735
vt 0.12659867107868195 0.38379788398742676
vt 0.13365980982780457 0.38435715436935425
vt 0.14093945920467377 0.38583147525787354
vt 0.14769844710826874 0.38817214965820312
vt 0.15497435629367828 0.39254570007324219
vt 0.15916796028614044 0.39716506004333496
vt 0.16123785078525543 0.40088832378387451
vt 0.16323341429233551 0.40680983662605286
vt 0.1643354743719101 0.41244262456893921
vt 0.16528043150901794 0.42107397317886353
vt 0.16599836945533752 0.44960224628448486
vt 0.16555345058441162 0.46622413396835327
vt 0.16468772292137146 0.47659531235694885
vt 0.16245138645172119 0.48732376098632812
vt 0.15752674639225006 0.4960189163684845
vt 0.14769844710826874 0.50327599048614502
vt 0.14068496227264404 0.50665879249572754
vt 0.13359983265399933 0.50940263271331787
vt 0.12659867107868195 0.51151746511459351
vt 0.11733553558588028 0.51340645551681519
vt 0.10810942947864532 0.51418435573577881
vt 0.10549888759851456 0.51419812440872192
vt 0.49944543838500977 0.080082841217517853
vt 0.48515543341636658 0.080082841217517853
vt 0.47078993916511536 0.080082841217517853
vt 0.45614823698997498 0.080082841217517853
vt 0.44164839386940002 0.080082841217517853
vt 0.42770189046859741 0.080082841217517853
vt 0.49944543838500977 0.095557518303394318
vt 0.48515543341636658 0.095557518303394318
vt 0.47078993916511536 0.095557518303394318
vt 0.45614823698997498 0.095557518303394318
vt 0.44164839386940002 0.095557518303394318
vt 0.42770189046859741 0.095557518303394318
vt 0.49944543838500977 0.10869862884283066
vt 0.48515543341636658 0.10869862884283066
vt 0.47078993916511536 0.10869862884283066
vt 0.45614823698997498 0.10869862884283066
vt 0.44164839386940002 0.10869862884283066
vt 0.42770189046859741 0.10869862884283066
vt 0.49944543838500977 0.121839739382267
vt 0.48515543341636658 0.121839739382267
vt 0.47078993916511536 0.121839739382267
vt 0.45614823698997498 0.121839739382267
vt 0.44164839386940002 0.121839739382267
vt 0.42770189046859741 0.121839739382267
vt 0.49944543838500977 0.13520635664463043
vt 0.48515543341636658 0.13520635664463043
vt 0.47078993916511536 0.13520635664463043
vt 0.45614823698997498 0.13520635664463043
vt 0.44164839386940002 0.13520635664463043
vt 0.42770189046859741 0.13520635664463043
vt 0.48515543341636658 0.14744767546653748
vt 0.47078993916511536 0.14744767546653748
vt 0.45614823698997498 0.14744767546653748
vt 0.44164839386940002 0.14744767546653748
vt 0.49230045080184937 0.080082841217517853
vt 0.48515543341636658 0.068312883377075195
vt 0.47797268629074097 0.080082841217517853
vt 0.47078993916511536 0.068312883377075195
vt 0.47797268629074097 0.068312883377075195
vt 0.46346908807754517 0.080082841217517853
vt 0.45614823698997498 0.068312883377075195
vt 0.46346908807754517 0.068312883377075195
vt 0.4488983154296875 0.080082841217517853
vt 0.44164839386940002 0.068312883377075195
vt 0.4488983154296875 0.068312883377075195
vt 0.43467515707015991 0.080082841217517853
vt 0.42533448338508606 0.072973467409610748
vt 0.43297350406646729 0.065757803618907928
vt 0.44186171889305115 0.06057024747133255
vt 0.45141538977622986 0.057553958147764206
vt 0.46150109171867371 0.056544449180364609
vt 0.47246772050857544 0.057553958147764206
vt 0.47820597887039185 0.059059895575046539
vt 0.48374512791633606 0.061253495514392853
vt 0.49260297417640686 0.066589385271072388
vt 0.50047719478607178 0.073961645364761353
vt 0.5059891939163208 0.081706047058105469
vt 0.50999611616134644 0.090369336307048798
vt 0.51209664344787598 0.097912885248661041
vt 0.5131995677947998 0.10600576549768448
vt 0.5132828950881958 0.11449176073074341
vt 0.51238298416137695 0.12318471074104309
vt 0.50984311103820801 0.13355550169944763
vt 0.5059891939163208 0.14190082252025604
vt 0.49953067302703857 0.15009401738643646
vt 0.49163568019866943 0.15600009262561798
vt 0.48374512791633606 0.15947708487510681
vt 0.47309994697570801 0.1616792231798172
vt 0.46150109171867371 0.1617167741060257
vt 0.4503948986530304 0.15976276993751526
vt 0.44058027863502502 0.15600009262561798
vt 0.43517479300498962 0.15282243490219116
vt 0.43028691411018372 0.14899982511997223
vt 0.42621585726737976 0.1448361724615097
vt 0.42261806130409241 0.14001782238483429
vt 0.41953107714653015 0.13444483280181885
vt 0.41701298952102661 0.12797689437866211
vt 0.41571334004402161 0.12318471074104309
vt 0.41426011919975281 0.11488477140665054
vt 0.41375547647476196 0.10654423385858536
vt 0.41431975364685059 0.098308175802230835
vt 0.41603204607963562 0.090369336307048798
vt 0.41701298952102661 0.087405003607273102
vt 0.4202670156955719 0.080306053161621094
vt 0.42452526092529297 0.073961645364761353
vt 0.40249824523925781 0.35336345434188843
vt 0.40249824523925781 0.36830204725265503
vt 0.40249824523925781 0.38275811076164246
vt 0.40249824523925781 0.39721417427062988
vt 0.40249824523925781 0.4119110107421875
vt 0.40249824523925781 0.42644432187080383
vt 0.41411516070365906 0.35336345434188843
vt 0.41411516070365906 0.36830204725265503
vt 0.41411516070365906 0.38275811076164246
vt 0.41411516070365906 0.39721417427062988
vt 0.41411516070365906 0.4119110107421875
vt 0.41411516070365906 0.42644432187080383
vt 0.41411516070365906 0.44082638621330261
vt 0.43278387188911438 0.35336345434188843
vt 0.43278387188911438 0.36830204725265503
vt 0.43278387188911438 0.38275811076164246
vt 0.43278387188911438 0.39721417427062988
vt 0.43278387188911438 0.4119110107421875
vt 0.43278387188911438 0.42644432187080383
vt 0.43278387188911438 0.44082638621330261
vt 0.44856470823287964 0.35336345434188843
vt 0.44856470823287964 0.36830204725265503
vt 0.44856470823287964 0.38275811076164246
vt 0.44856470823287964 0.39721417427062988
vt 0.44856470823287964 0.4119110107421875
vt 0.44856470823287964 0.42644432187080383
vt 0.44856470823287964 0.44082638621330261
vt 0.45937857031822205 0.35336345434188843
vt 0.45937857031822205 0.36830204725265503
vt 0.45937857031822205 0.38275811076164246
vt 0.45937857031822205 0.39721417427062988
vt 0.45937857031822205 0.4119110107421875
vt 0.45937857031822205 0.42644432187080383
vt 0.45937857031822205 0.44082638621330261
vt 0.46887686848640442 0.35336345434188843
vt 0.46887686848640442 0.36830204725265503
vt 0.46887686848640442 0.38275811076164246
vt 0.46887686848640442 0.39721417427062988
vt 0.46887686848640442 0.4119110107421875
vt 0.46887686848640442 0.42644432187080383
vt 0.46887686848640442 0.44082638621330261
vt 0.47839730978012085 0.35336345434188843
vt 0.47839730978012085 0.36830204725265503
vt 0.47839730978012085 0.38275811076164246
vt 0.47839730978012085 0.39721417427062988
vt 0.47839730978012085 0.4119110107421875
vt 0.47839730978012085 0.42644432187080383
vt 0.43278387188911438 0.34511956572532654
vt 0.42344951629638672 0.35336345434188843
vt 0.41411516070365906 0.34511956572532654
vt 0.42344951629638672 0.34511956572532654
vt 0.43278387188911438 0.36083275079727173
vt 0.42344951629638672 0.36830204725265503
vt 0.41411516070365906 0.36083275079727173
vt 0.42344951629638672 0.36083275079727173
vt 0.43278387188911438 0.37553006410598755
vt 0.42344951629638672 0.38275811076164246
vt 0.41411516070365906 0.37553006410598755
vt 0.42344951629638672 0.37553006410598755
vt 0.43278387188911438 0.38998615741729736
vt 0.42344951629638672 0.39721417427062988
vt 0.41411516070365906 0.38998615741729736
vt 0.42344951629638672 0.38998615741729736
vt 0.43278387188911438 0.40456259250640869
vt 0.42344951629638672 0.4119110107421875
vt 0.41411516070365906 0.40456259250640869
vt 0.42344951629638672 0.40456259250640869
vt 0.43278387188911438 0.41917765140533447
vt 0.42344951629638672 0.42644432187080383
vt 0.41411516070365906 0.41917765140533447
vt 0.42344951629638672 0.41917765140533447
vt 0.43278387188911438 0.43363535404205322
vt 0.42344951629638672 0.44082638621330261
vt 0.41411516070365906 0.43363535404205322
vt 0.42344951629638672 0.43363535404205322
vt 0.43278387188911438 0.448017418384552
vt 0.42344951629638672 0.448017418384552
vt 0.44856470823287964 0.34511956572532654
vt 0.4406743049621582 0.35336345434188843
vt 0.4406743049621582 0.34511956572532654
vt 0.44856470823287964 0.36083275079727173
vt 0.4406743049621582 0.36830204725265503
vt 0.4406743049621582 0.36083275079727173
vt 0.44856470823287964 0.37553006410598755
vt 0.4406743049621582 0.38275811076164246
vt 0.4406743049621582 0.37553006410598755
vt 0.44856470823287964 0.38998615741729736
vt 0.4406743049621582 0.39721417427062988
vt 0.4406743049621582 0.38998615741729736
vt 0.44856470823287964 0.40456259250640869
vt 0.4406743049621582 0.4119110107421875
vt 0.4406743049621582 0.40456259250640869
vt 0.44856470823287964 0.41917765140533447
vt 0.4406743049621582 0.42644432187080383
vt 0.4406743049621582 0.41917765140533447
vt 0.44856470823287964 0.43363535404205322
vt 0.4406743049621582 0.44082638621330261
vt 0.4406743049621582 0.43363535404205322
vt 0.44856470823287964 0.448017418384552
vt 0.4406743049621582 0.448017418384552
vt 0.39290007948875427 0.42021948099136353
vt 0.39294803142547607 0.41266614198684692
vt 0.3929920494556427 0.40488016605377197
vt 0.39304012060165405 0.3964138925075531
vt 0.39309316873550415 0.38820677995681763
vt 0.39315804839134216 0.37985855340957642
vt 0.3932531476020813 0.3708779513835907
vt 0.39337587356567383 0.36312815546989441
vt 0.39365062117576599 0.35387682914733887
vt 0.39427590370178223 0.34613779187202454
vt 0.39549210667610168 0.34174525737762451
vt 0.39777788519859314 0.33943966031074524
vt 0.4017673134803772 0.33828204870223999
vt 0.40777334570884705 0.3377285897731781
vt 0.41481137275695801 0.33748412132263184
vt 0.42994102835655212 0.33731567859649658
vt 0.44178617000579834 0.33729246258735657
vt 0.45363128185272217 0.33733919262886047
vt 0.47085326910018921 0.33769738674163818
vt 0.47732153534889221 0.33815616369247437
vt 0.48412305116653442 0.34034129977226257
vt 0.48555850982666016 0.34249788522720337
vt 0.48652255535125732 0.34660172462463379
vt 0.48709115386009216 0.35387682914733887
vt 0.48736810684204102 0.36312845349311829
vt 0.4874914288520813 0.3708779513835907
vt 0.4875868558883667 0.37985995411872864
vt 0.48765185475349426 0.38820850849151611
vt 0.48770499229431152 0.39641517400741577
vt 0.48775306344032288 0.40488016605377197
vt 0.48775926232337952 0.40601706504821777
vt 0.48719948530197144 0.41483703255653381
vt 0.48547622561454773 0.42309483885765076
vt 0.48242020606994629 0.43096283078193665
vt 0.47732153534889221 0.43864116072654724
vt 0.47711089253425598 0.43888241052627563
vt 0.47103828191757202 0.44465428590774536
vt 0.46413522958755493 0.44916191697120667
vt 0.45363128185272217 0.45322635769844055
vt 0.44178617000579834 0.45506551861763
vt 0.42994102835655212 0.45492026209831238
vt 0.42432674765586853 0.4542657732963562
vt 0.41814234852790833 0.45293763279914856
vt 0.41319862008094788 0.45124420523643494
vt 0.40625077486038208 0.44743725657463074
vt 0.40132462978363037 0.44310081005096436
vt 0.39807713031768799 0.43888241052627563
vt 0.39553162455558777 0.43401807546615601
vt 0.39396932721138 0.42931002378463745
vt 0.39313754439353943 0.42471951246261597
vt 0.39143523573875427 0.3354891836643219
vt 0.36086225509643555 0.3354891836643219
vt 0.3321632444858551 0.3354891836643219
vt 0.30467924475669861 0.3354891836643219
vt 0.2771952748298645 0.3354891836643219
vt 0.24971127510070801 0.3354891836643219
vt 0.22019630670547485 0.3354891836643219
vt 0.19418279826641083 0.3354891836643219
vt 0.39143523573875427 0.3607935905456543
vt 0.36086225509643555 0.3607935905456543
vt 0.3321632444858551 0.3607935905456543
vt 0.30467924475669861 0.3607935905456543
vt 0.2771952748298645 0.3607935905456543
vt 0.24971127510070801 0.3607935905456543
vt 0.22019630670547485 0.3607935905456543
vt 0.19418279826641083 0.3607935905456543
vt 0.39143523573875427 0.3875792920589447
vt 0.36086225509643555 0.3875792920589447
vt 0.3321632444858551 0.3875792920589447
vt 0.30467924475669861 0.3875792920589447
vt 0.2771952748298645 0.3875792920589447
vt 0.24971127510070801 0.3875792920589447
vt 0.22019630670547485 0.3875792920589447
vt 0.19418279826641083 0.3875792920589447
vt 0.39143523573875427 0.42645788192749023
vt 0.36086225509643555 0.42645788192749023
vt 0.3321632444858551 0.42645788192749023
vt 0.30467924475669861 0.42645788192749023
vt 0.2771952748298645 0.42645788192749023
vt 0.24971127510070801 0.42645788192749023
vt 0.22019630670547485 0.42645788192749023
vt 0.36086225509643555 0.47446253895759583
vt 0.3321632444858551 0.47446253895759583
vt 0.30467924475669861 0.47446253895759583
vt 0.2771952748298645 0.47446253895759583
vt 0.24971127510070801 0.47446253895759583
vt 0.22019630670547485 0.47446253895759583
vt 0.39143523573875427 0.50457680225372314
vt 0.36086225509643555 0.50457680225372314
vt 0.3321632444858551 0.50457680225372314
vt 0.30467924475669861 0.50457680225372314
vt 0.2771952748298645 0.50457680225372314
vt 0.24971127510070801 0.50457680225372314
vt 0.22019630670547485 0.50457680225372314
vt 0.39143523573875427 0.53040701150894165
vt 0.2771952748298645 0.53040701150894165
vt 0.24971127510070801 0.53040701150894165
vt 0.22019630670547485 0.53040701150894165
vt 0.39143523573875427 0.55610924959182739
vt 0.24971127510070801 0.55610924959182739
vt 0.22019630670547485 0.55610924959182739
vt 0.39143523573875427 0.58134812116622925
vt 0.39143523573875427 0.61225873231887817
vt 0.2771952748298645 0.66045892238616943
vt 0.24971127510070801 0.66045892238616943
vt 0.39143523573875427 0.69907766580581665
vt 0.36086225509643555 0.69907766580581665
vt 0.3321632444858551 0.69907766580581665
vt 0.30467924475669861 0.69907766580581665
vt 0.2771952748298645 0.69907766580581665
vt 0.24971127510070801 0.69907766580581665
vt 0.22019630670547485 0.69907766580581665
vt 0.39143523573875427 0.7251318097114563
vt 0.36086225509643555 0.7251318097114563
vt 0.3321632444858551 0.7251318097114563
vt 0.30467924475669861 0.7251318097114563
vt 0.2771952748298645 0.7251318097114563
vt 0.24971127510070801 0.7251318097114563
vt 0.22019630670547485 0.7251318097114563
vt 0.19418279826641083 0.7251318097114563
vt 0.36086225509643555 0.75119864940643311
vt 0.3321632444858551 0.75119864940643311
vt 0.30467924475669861 0.75119864940643311
vt 0.2771952748298645 0.75119864940643311
vt 0.24971127510070801 0.75119864940643311
vt 0.22019630670547485 0.75119864940643311
vt 0.19418279826641083 0.75119864940643311
vt 0.37614873051643372 0.47446253895759583
vt 0.36086225509643555 0.45046019554138184
vt 0.37614873051643372 0.42645788192749023
vt 0.39143523573875427 0.45046019554138184
vt 0.37614873051643372 0.45046019554138184
vt 0.34651276469230652 0.47446253895759583
vt 0.3321632444858551 0.45046019554138184
vt 0.34651276469230652 0.42645788192749023
vt 0.34651276469230652 0.45046019554138184
vt 0.31842124462127686 0.47446253895759583
vt 0.30467924475669861 0.45046019554138184
vt 0.31842124462127686 0.42645788192749023
vt 0.31842124462127686 0.45046019554138184
vt 0.29093727469444275 0.47446253895759583
vt 0.2771952748298645 0.45046019554138184
vt 0.29093727469444275 0.42645788192749023
vt 0.29093727469444275 0.45046019554138184
vt 0.26345327496528625 0.47446253895759583
vt 0.24971127510070801 0.45046019554138184
vt 0.26345327496528625 0.42645788192749023
vt 0.26345327496528625 0.45046019554138184
vt 0.23495379090309143 0.47446253895759583
vt 0.22019630670547485 0.45046019554138184
vt 0.23495379090309143 0.42645788192749023
vt 0.23495379090309143 0.45046019554138184
vt 0.20718954503536224 0.42645788192749023
vt 0.20718954503536224 0.45046019554138184
vt 0.37614873051643372 0.66045892238616943
vt 0.39143523573875427 0.63635885715484619
vt 0.26345327496528625 0.66045892238616943
vt 0.1975826770067215 0.53561180830001831
vt 0.19755871593952179 0.52721524238586426
vt 0.19829604029655457 0.51552081108093262
vt 0.199782595038414 0.5037771463394165
vt 0.20071275532245636 0.49771612882614136
vt 0.20167848467826843 0.4913802444934845
vt 0.20241369307041168 0.48586568236351013
vt 0.2029845267534256 0.47988578677177429
vt 0.20320005714893341 0.47316601872444153
vt 0.20271103084087372 0.4653984010219574
vt 0.20165133476257324 0.45909512042999268
vt 0.19988015294075012 0.45240747928619385
vt 0.19753961265087128 0.44574695825576782
vt 0.194919154047966 0.4394165575504303
vt 0.1914055347442627 0.43196049332618713
vt 0.18795916438102722 0.42533561587333679
vt 0.18467825651168823 0.41923484206199646
vt 0.18160282075405121 0.4134347140789032
vt 0.17542138695716858 0.40043780207633972
vt 0.1708369255065918 0.3874528706073761
vt 0.17024245858192444 0.38524606823921204
vt 0.16746321320533752 0.36776116490364075
vt 0.16796360909938812 0.3498711884021759
vt 0.17024245858192444 0.3367273211479187
vt 0.17053265869617462 0.3354891836643219
vt 0.17053265869617462 0.75119864940643311
vt 0.17604298889636993 0.73486953973770142
vt 0.18341197073459625 0.7214658260345459
vt 0.19206923246383667 0.70992094278335571
vt 0.2016284167766571 0.69923496246337891
vt 0.20700104534626007 0.69351840019226074
vt 0.21250317990779877 0.68752890825271606
vt 0.21807032823562622 0.68094795942306519
vt 0.2234770804643631 0.67336809635162354
vt 0.28288504481315613 0.64443796873092651
vt 0.28765618801116943 0.64727127552032471
vt 0.30266574025154114 0.65466171503067017
vt 0.31770429015159607 0.65995550155639648
vt 0.33545723557472229 0.66339540481567383
vt 0.35456976294517517 0.66121935844421387
vt 0.36144673824310303 0.65687328577041626
vt 0.36825791001319885 0.64727127552032471
vt 0.37355497479438782 0.63043683767318726
vt 0.37671035528182983 0.60215646028518677
vt 0.37551301717758179 0.56822144985198975
vt 0.37022963166236877 0.54334390163421631
vt 0.36280691623687744 0.53048712015151978
vt 0.35456976294517517 0.52491921186447144
vt 0.34457144141197205 0.52269023656845093
vt 0.33493584394454956 0.52282911539077759
vt 0.31770429015159607 0.52615910768508911
vt 0.29690134525299072 0.53385460376739502
vt 0.27978417277336121 0.54334390163421631
vt 0.26809114217758179 0.55187326669692993
vt 0.25795650482177734 0.56109023094177246
vt 0.24965000152587891 0.57129895687103271
vt 0.24784871935844421 0.57420331239700317
vt 0.24934886395931244 0.64350438117980957
vt 0.2532774806022644 0.64106982946395874
vt 0.25726720690727234 0.63939398527145386
vt 0.26128852367401123 0.63850957155227661
vt 0.26530557870864868 0.63836568593978882
vt 0.27318808436393738 0.63988280296325684
vt 0.28083884716033936 0.64324373006820679
vt 0.24609646201133728 0.57697427272796631
vt 0.24397337436676025 0.57963854074478149
vt 0.24167735874652863 0.58177489042282104
vt 0.23885917663574219 0.58352625370025635
vt 0.23551914095878601 0.58460056781768799
vt 0.23198635876178741 0.58481186628341675
vt 0.22565777599811554 0.58338463306427002
vt 0.22021985054016113 0.58064401149749756
vt 0.21664249897003174 0.57811182737350464
vt 0.21342934668064117 0.5752902626991272
vt 0.20797480642795563 0.56896698474884033
vt 0.20371472835540771 0.56187891960144043
vt 0.20058301091194153 0.55407613515853882
vt 0.19822211563587189 0.54334390163421631
vt 0.22354942560195923 0.67325311899185181
vt 0.22565543651580811 0.67002546787261963
vt 0.22791287302970886 0.66677951812744141
vt 0.23031289875507355 0.66352087259292603
vt 0.23284728825092316 0.66026222705841064
vt 0.2354595959186554 0.65707868337631226
vt 0.2381867915391922 0.65394133329391479
vt 0.24102477729320526 0.65089070796966553
vt 0.24397337436676025 0.64798223972320557
vt 0.24474143981933594 0.64727127552032471
vt 0.24854913353919983 0.64409101009368896
vt 0 0
vt 0.050065901130437851 0.0072216400876641273
vt 0.050065901130437851 0.014211027882993221
vt 0.050065901130437851 0.02108767069876194
vt 0.050065901130437851 0.027886057272553444
vt 0.050065901130437851 0.034684445708990097
vt 0.050065901130437851 0.041482832282781601
vt 0.050065901130437851 0.048281215131282806
vt 0.050065901130437851 0.055079605430364609
vt 0.1001318022608757 0.0072216400876641273
vt 0.1001318022608757 0.014211027882993221
vt 0.1001318022608757 0.02108767069876194
vt 0.1001318022608757 0.027886057272553444
vt 0.1001318022608757 0.034684445708990097
vt 0.1001318022608757 0.041482832282781601
vt 0.1001318022608757 0.048281215131282806
vt 0.1001318022608757 0.055079605430364609
vt 0.15019769966602325 0.0072216400876641273
vt 0.15019769966602325 0.014211027882993221
vt 0.15019769966602325 0.02108767069876194
vt 0.15019769966602325 0.027886057272553444
vt 0.15019769966602325 0.034684445708990097
vt 0.15019769966602325 0.041482832282781601
vt 0.15019769966602325 0.048281215131282806
vt 0.15019769966602325 0.055079605430364609
vt 0.2002636045217514 0.0072216400876641273
vt 0.2002636045217514 0.014211027882993221
vt 0.2002636045217514 0.02108767069876194
vt 0.2002636045217514 0.027886057272553444
vt 0.2002636045217514 0.034684445708990097
vt 0.2002636045217514 0.041482832282781601
vt 0.2002636045217514 0.048281215131282806
vt 0.2002636045217514 0.055079605430364609
vt 0.25032952427864075 0.0072216400876641273
vt 0.25032952427864075 0.014211027882993221
vt 0.25032952427864075 0.02108767069876194
vt 0.25032952427864075 0.027886057272553444
vt 0.25032952427864075 0.034684445708990097
vt 0.25032952427864075 0.041482832282781601
vt 0.25032952427864075 0.048281215131282806
vt 0.25032952427864075 0.055079605430364609
vt 0.30039539933204651 0.0072216400876641273
vt 0.30039539933204651 0.014211027882993221
vt 0.30039539933204651 0.02108767069876194
vt 0.30039539933204651 0.027886057272553444
vt 0.30039539933204651 0.034684445708990097
vt 0.30039539933204651 0.041482832282781601
vt 0.30039539933204651 0.048281215131282806
vt 0.30039539933204651 0.055079605430364609
vt 0.35046130418777466 0.0072216400876641273
vt 0.35046130418777466 0.014211027882993221
vt 0.35046130418777466 0.02108767069876194
vt 0.35046130418777466 0.027886057272553444
vt 0.35046130418777466 0.034684445708990097
vt 0.35046130418777466 0.041482832282781601
vt 0.35046130418777466 0.048281215131282806
vt 0.35046130418777466 0.055079605430364609
vt 0.40052720904350281 0.02108767069876194
vt 0.40052720904350281 0.027886057272553444
vt 0.40052720904350281 0.034684445708990097
vt 0.40052720904350281 0.041482832282781601
vt 0.40052720904350281 0.048281215131282806
vt 0.40052720904350281 0.055079605430364609
vt 0.50065904855728149 0.034684445708990097
vt 0.50065904855728149 0.041482832282781601
vt 0.50065904855728149 0.048281215131282806
vt 0.50065904855728149 0.055079605430364609
vt 0.55072492361068726 0.0072216400876641273
vt 0.55072492361068726 0.014211027882993221
vt 0.55072492361068726 0.02108767069876194
vt 0.55072492361068726 0.027886057272553444
vt 0.55072492361068726 0.034684445708990097
vt 0.55072492361068726 0.041482832282781601
vt 0.55072492361068726 0.048281215131282806
vt 0.55072492361068726 0.055079605430364609
vt 0.60079079866409302 0.0072216400876641273
vt 0.60079079866409302 0.014211027882993221
vt 0.60079079866409302 0.02108767069876194
vt 0.60079079866409302 0.027886057272553444
vt 0.60079079866409302 0.034684445708990097
vt 0.60079079866409302 0.041482832282781601
vt 0.60079079866409302 0.048281215131282806
vt 0.60079079866409302 0.055079605430364609
vt 0.67355239391326904 0.0072216400876641273
vt 0.67355239391326904 0.014211027882993221
vt 0.67355239391326904 0.02108767069876194
vt 0.67355239391326904 0.027886057272553444
vt 0.67355239391326904 0.034684445708990097
vt 0.67355239391326904 0.041482832282781601
vt 0.67355239391326904 0.048281215131282806
vt 0.40052720904350281 0.031285252422094345
vt 0.50065904855728149 0.038083635270595551
vt 0.40052720904350281 0.038083635270595551
vt 0.50065904855728149 0.044882025569677353
vt 0.45059311389923096 0.048281215131282806
vt 0.40052720904350281 0.044882025569677353
vt 0.45059311389923096 0.044882025569677353
vt 0.50065904855728149 0.051680412143468857
vt 0.45059311389923096 0.055079605430364609
vt 0.40052720904350281 0.051680412143468857
vt 0.45059311389923096 0.051680412143468857
vt 0.042510285973548889 0
vt 0.085020571947097778 0
vt 0.12753085792064667 0
vt 0.17004114389419556 0
vt 0.21255142986774445 0
vt 0.25506171584129333 0
vt 0.29757201671600342 0
vt 0.34008228778839111 0
vt 0.38259255886077881 0
vt 0 0.02825392410159111
vt 0 0.024722181260585785
vt 0 0.021190442144870758
vt 0 0.017658701166510582
vt 0 0.014126962050795555
vt 0 0.010595221072435379
vt 0 0.0070634810253977776
vt 0 0.0035317405126988888
vt 0.024617284536361694 0.055079605430364609
vt 0.022512871772050858 0.053408671170473099
vt 0.015220905654132366 0.047442317008972168
vt 0.0088094910606741905 0.041430156677961349
vt 0.0060563478618860245 0.038292206823825836
vt 0.0036799043882638216 0.035043288022279739
vt 0.0016815644921734929 0.031688529998064041
vt 0.68213886022567749 0
vt 0.68985676765441895 0.0036467325408011675
vt 0.70092266798019409 0.0088868532329797745
vt 0.7097400426864624 0.01314324326813221
vt 0.71852374076843262 0.017551662400364876
vt 0.72724795341491699 0.022261664271354675
vt 0.73154270648956299 0.02480323426425457
vt 0.73573523759841919 0.027539782226085663
vt 0.74098128080368042 0.031669914722442627
vt 0.74513518810272217 0.036731146275997162
vt 0.74621772766113281 0.039853818714618683
vt 0.74605333805084229 0.04314996674656868
vt 0.74465632438659668 0.046308200806379318
vt 0.74235725402832031 0.049220196902751923
vt 0.73900413513183594 0.052265465259552002
vt 0.735126793384552 0.055079605430364609
vt 0.38674432039260864 0.002568958792835474
vt 0.39000499248504639 0.0043300087563693523
vt 0.40052720904350281 0.0090784765779972076
vt 0.40992587804794312 0.012760580517351627
vt 0.41933706402778625 0.016553463414311409
vt 0.42854148149490356 0.021167732775211334
vt 0.43278682231903076 0.024076912552118301
vt 0.43472740054130554 0.025737421587109566
vt 0.43650698661804199 0.027539784088730812
vt 0.43883320689201355 0.030405553057789803
vt 0.43991377949714661 0.031895868480205536
vt 0.44100293517112732 0.03339231014251709
vt 0.44348883628845215 0.036276809871196747
vt 0.44674533605575562 0.038681834936141968
vt 0.44892516732215881 0.039674591273069382
vt 0.45218801498413086 0.040562383830547333
vt 0.45562189817428589 0.040940787643194199
vt 0.46250274777412415 0.040466401726007462
vt 0.46898391842842102 0.038846489042043686
vt 0.47499659657478333 0.036511152982711792
vt 0.48076355457305908 0.033662192523479462
vt 0.48618507385253906 0.030563412234187126
vt 0.49099051952362061 0.027539806440472603
vt 0.49639016389846802 0.023827454075217247
vt 0.50065910816192627 0.020590394735336304
vt 0.50391137599945068 0.017872342839837074
vt 0.50547909736633301 0.016458634287118912
vt 0.50700390338897705 0.015002790838479996
vt 0.50988227128982544 0.011977667920291424
vt 0.51124352216720581 0.010383835062384605
vt 0.51254653930664062 0.0087287891656160355
vt 0.51407796144485474 0.0065765026956796646
vt 0.51550000905990601 0.0043095014989376068
vt 0.51770097017288208 0
vt 0.55881041288375854 0
vt 0.59991985559463501 0
vt 0.64102935791015625 0
vt 0.40052720904350281 0.014211027882993221
vt 0.50065904855728149 0.027886057272553444
vt 0.59870707988739014 0.33687570691108704
vt 0.57889550924301147 0.33687570691108704
vt 0.56086051464080811 0.33687570691108704
vt 0.54293280839920044 0.33687570691108704
vt 0.52470654249191284 0.33687570691108704
vt 0.50677931308746338 0.33687570691108704
vt 0.57889550924301147 0.3608950674533844
vt 0.56086051464080811 0.3608950674533844
vt 0.54293280839920044 0.3608950674533844
vt 0.52470654249191284 0.3608950674533844
vt 0.50677931308746338 0.3608950674533844
vt 0.59870707988739014 0.37290474772453308
vt 0.57889550924301147 0.37290474772453308
vt 0.56086051464080811 0.37290474772453308
vt 0.54293280839920044 0.37290474772453308
vt 0.52470654249191284 0.37290474772453308
vt 0.50677931308746338 0.37290474772453308
vt 0.59870707988739014 0.38491442799568176
vt 0.57889550924301147 0.38491442799568176
vt 0.56086051464080811 0.38491442799568176
vt 0.54293280839920044 0.38491442799568176
vt 0.52470654249191284 0.38491442799568176
vt 0.59870707988739014 0.39692410826683044
vt 0.57889550924301147 0.39692410826683044
vt 0.56086051464080811 0.39692410826683044
vt 0.54293280839920044 0.39692410826683044
vt 0.59870707988739014 0.40893378853797913
vt 0.57889550924301147 0.40893378853797913
vt 0.56086051464080811 0.40893378853797913
vt 0.59870707988739014 0.43295314908027649
vt 0.59870707988739014 0.46898218989372253
vt 0.57889550924301147 0.46898218989372253
vt 0.59870707988739014 0.48099187016487122
vt 0.57889550924301147 0.48099187016487122
vt 0.59870707988739014 0.4930015504360199
vt 0.57889550924301147 0.4930015504360199
vt 0.56086051464080811 0.4930015504360199
vt 0.54293280839920044 0.4930015504360199
vt 0.52470654249191284 0.4930015504360199
vt 0.59870707988739014 0.50501120090484619
vt 0.57889550924301147 0.50501120090484619
vt 0.56086051464080811 0.50501120090484619
vt 0.54293280839920044 0.50501120090484619
vt 0.52470654249191284 0.50501120090484619
vt 0.50677931308746338 0.50501120090484619
vt 0.57889550924301147 0.52903056144714355
vt 0.56086051464080811 0.52903056144714355
vt 0.54293280839920044 0.52903056144714355
vt 0.52470654249191284 0.52903056144714355
vt 0.50677931308746338 0.52903056144714355
vt 0.58880132436752319 0.3608950674533844
vt 0.57889550924301147 0.34888538718223572
vt 0.58880132436752319 0.33687570691108704
vt 0.59870707988739014 0.34888538718223572
vt 0.58880132436752319 0.34888538718223572
vt 0.58880132436752319 0.43295314908027649
vt 0.57889550924301147 0.42094346880912781
vt 0.58880132436752319 0.40893378853797913
vt 0.59870707988739014 0.42094346880912781
vt 0.58880132436752319 0.42094346880912781
vt 0.58880132436752319 0.45697250962257385
vt 0.59870707988739014 0.44496282935142517
vt 0.58880132436752319 0.44496282935142517
vt 0.58880132436752319 0.52903056144714355
vt 0.57889550924301147 0.51702088117599487
vt 0.58880132436752319 0.50501120090484619
vt 0.59870707988739014 0.51702088117599487
vt 0.58880132436752319 0.51702088117599487
vt 0.53946077823638916 0.48415601253509521
vt 0.5420691967010498 0.48373758792877197
vt 0.54753983020782471 0.48284918069839478
vt 0.55675005912780762 0.48099187016487122
vt 0.56459558010101318 0.4783572256565094
vt 0.57382822036743164 0.47175136208534241
vt 0.58030438423156738 0.45697250962257385
vt 0.58049434423446655 0.44448202848434448
vt 0.57768845558166504 0.43295314908027649
vt 0.57146561145782471 0.42298087477684021
vt 0.56459558010101318 0.41736510396003723
vt 0.55586087703704834 0.41233170032501221
vt 0.54923194646835327 0.40893378853797913
vt 0.54023045301437378 0.40427270531654358
vt 0.53549063205718994 0.40169364213943481
vt 0.53048402070999146 0.39884284138679504
vt 0.52733486890792847 0.39692410826683044
vt 0.51900893449783325 0.3909192681312561
vt 0.51246637105941772 0.38491442799568176
vt 0.50690418481826782 0.37889763712882996
vt 0.50197315216064453 0.37290474772453308
vt 0.49637249112129211 0.36453813314437866
vt 0.49446085095405579 0.3608950674533844
vt 0.49064984917640686 0.35003629326820374
vt 0.48922410607337952 0.33687570691108704
vt 0.48922410607337952 0.52903056144714355
vt 0.49081730842590332 0.51552456617355347
vt 0.49536406993865967 0.50510454177856445
vt 0.49542483687400818 0.50501120090484619
vt 0.49637249112129211 0.50367558002471924
vt 0.49959319829940796 0.50022047758102417
vt 0.50321871042251587 0.49740889668464661
vt 0.50710552930831909 0.49505218863487244
vt 0.5111880898475647 0.4930015504360199
vt 0.51890963315963745 0.48980852961540222
vt 0.52723515033721924 0.48703387379646301
vt 0.52736157178878784 0.48699671030044556
vt 0.53048402070999146 0.48612931370735168
vt 0 0.056544449180364609
vt 0 0.097449630498886108
vt 0 0.13451799750328064
vt 0 0.17157913744449615
vt 0 0.20944663882255554
vt 0 0.24631683528423309
vt 0.045488424599170685 0.097449630498886108
vt 0.045488424599170685 0.13451799750328064
vt 0.045488424599170685 0.17157913744449615
vt 0.045488424599170685 0.20944663882255554
vt 0.045488424599170685 0.24631683528423309
vt 0.068232640624046326 0.056544449180364609
vt 0.068232640624046326 0.097449630498886108
vt 0.068232640624046326 0.13451799750328064
vt 0.068232640624046326 0.17157913744449615
vt 0.068232640624046326 0.20944663882255554
vt 0.09097684919834137 0.056544449180364609
vt 0.09097684919834137 0.097449630498886108
vt 0.09097684919834137 0.13451799750328064
vt 0.09097684919834137 0.17157913744449615
vt 0.11372106522321701 0.056544449180364609
vt 0.11372106522321701 0.17157913744449615
vt 0.13646528124809265 0.056544449180364609
vt 0.18195369839668274 0.056544449180364609
vt 0.2729305624961853 0.056544449180364609
vt 0.29567477107048035 0.056544449180364609
vt 0.31841897964477539 0.056544449180364609
vt 0.31841897964477539 0.097449630498886108
vt 0.31841897964477539 0.17157913744449615
vt 0.31841897964477539 0.20944663882255554
vt 0.31841897964477539 0.24631683528423309
vt 0.36390739679336548 0.097449630498886108
vt 0.36390739679336548 0.13451799750328064
vt 0.36390739679336548 0.17157913744449615
vt 0.36390739679336548 0.20944663882255554
vt 0.36390739679336548 0.24631683528423309
vt 0.045488424599170685 0.076997034251689911
vt 0.022744212299585342 0.097449630498886108
vt 0 0.076997034251689911
vt 0.022744212299585342 0.056544449180364609
vt 0.022744212299585342 0.076997034251689911
vt 0.11372106522321701 0.076997034251689911
vt 0.12509317696094513 0.076997034251689911
vt 0.1592094898223877 0.056544449180364609
vt 0.20469790697097778 0.056544449180364609
vt 0.23881423473358154 0.056544449180364609
vt 0.36390739679336548 0.076997034251689911
vt 0.34116318821907043 0.097449630498886108
vt 0.31841897964477539 0.076997034251689911
vt 0.34116318821907043 0.056544449180364609
vt 0.34116318821907043 0.076997034251689911
vt 0.36390739679336548 0.28233852982521057
vt 0.33707469701766968 0.28149831295013428
vt 0.31841897964477539 0.27463641762733459
vt 0.30811679363250732 0.26532986760139465
vt 0.30236166715621948 0.25447273254394531
vt 0.29936912655830383 0.23875328898429871
vt 0.29962971806526184 0.22245226800441742
vt 0.30157372355461121 0.20578128099441528
vt 0.30426788330078125 0.18849664926528931
vt 0.30601093173027039 0.17816179990768433
vt 0.30852645635604858 0.16400972008705139
vt 0.3109109103679657 0.15034577250480652
vt 0.31302163004875183 0.13669741153717041
vt 0.31462311744689941 0.12252055108547211
vt 0.31511169672012329 0.10714989900588989
vt 0.31217235326766968 0.089532501995563507
vt 0.30499729514122009 0.078643903136253357
vt 0.10998565703630447 0.19611512124538422
vt 0.10757727175951004 0.19866558909416199
vt 0.10234895348548889 0.20404601097106934
vt 0.096697963774204254 0.20969186723232269
vt 0.09097684919834137 0.21528613567352295
vt 0.084774136543273926 0.22148469090461731
vt 0.076079048216342926 0.2308032214641571
vt 0.068232640624046326 0.23969186842441559
vt 0.055008482187986374 0.25447273254394531
vt 0.045488424599170685 0.2636016309261322
vt 0.027851376682519913 0.27516418695449829
vt 0 0.28233852982521057
vt 0.29567477107048035 0.07223675400018692
vt 0.28711977601051331 0.068839184939861298
vt 0.2729305624961853 0.065796069800853729
vt 0.254925936460495 0.063860096037387848
vt 0.23097518086433411 0.062797099351882935
vt 0.18195369839668274 0.064240723848342896
vt 0.16650955379009247 0.06611228734254837
vt 0.15685313940048218 0.068240046501159668
vt 0.14524179697036743 0.072696417570114136
vt 0.13646528124809265 0.07818981260061264
vt 0.12888751924037933 0.084466122090816498
vt 0.12347717583179474 0.089532501995563507
vt 0.11825838685035706 0.094816558063030243
vt 0.11372106522321701 0.10008495301008224
vt 0.11033736914396286 0.10531529784202576
vt 0.10847894102334976 0.11076644062995911
vt 0.10877107828855515 0.11652587354183197
vt 0.10993705689907074 0.11950471252202988
vt 0.11185735464096069 0.12252055108547211
vt 0.11372106522321701 0.12472549825906754
vt 0.11773209273815155 0.12856972217559814
vt 0.12193907797336578 0.13224539160728455
vt 0.12388744205236435 0.13405540585517883
vt 0.12565937638282776 0.13588397204875946
vt 0.12853957712650299 0.13964320719242096
vt 0.1299484521150589 0.14226303994655609
vt 0.13093414902687073 0.14489953219890594
vt 0.1318475604057312 0.15010757744312286
vt 0.13086007535457611 0.15997062623500824
vt 0.12771530449390411 0.16916577517986298
vt 0.12314029037952423 0.17813047766685486
vt 0.11630625277757645 0.18849664926528931
vt 0.11372106522321701 0.19183267652988434
vn 0.63508337736129761 0.67213082313537598 -0.38066953420639038
vn 0.63508337736129761 0.67213082313537598 -0.38066953420639038
vn 0.6695702075958252 -0.72473859786987305 -0.16257205605506897
vn 0.024385876953601837 -0.9877358078956604 0.15421819686889648
vn 0.63508337736129761 0.67213082313537598 -0.38066953420639038
vn 0.63508337736129761 0.67213082313537598 -0.38066953420639038
vn 0.024385876953601837 -0.9877358078956604 0.15421819686889648
vn 0.38878771662712097 -0.9212612509727478 -0.01103515736758709
vn 0.6695702075958252 -0.72473859786987305 -0.16257205605506897
vn 0.38878771662712097 -0.9212612509727478 -0.01103515736758709
vn 0.024385876953601837 -0.9877358078956604 0.15421819686889648
vn 0.38878771662712097 -0.9212612509727478 -0.01103515736758709
vn 0.81924968957901001 0.39791157841682434 -0.41291201114654541
vn 0.91317319869995117 0.079861193895339966 -0.39967098832130432
vn 0.90650796890258789 -0.24698613584041595 -0.34240499138832092
vn 0.79998815059661865 -0.5466272234916687 -0.24742208421230316
vn 0.60534721612930298 -0.78605562448501587 -0.12518489360809326
vn 0.34402552247047424 -0.93889772891998291 0.010841795243322849
vn 0.044808361679315567 -0.98831737041473389 0.14567422866821289
vn -0.25934457778930664 -0.92887091636657715 0.26446020603179932
vn -0.53492993116378784 -0.76710653305053711 0.35411509871482849
vn -0.82053381204605103 0.50770694017410278 0.26259836554527283
vn -0.91449421644210815 0.19516521692276001 0.35441631078720093
vn -0.90334129333496094 -0.13980907201766968 0.40549710392951965
vn -0.78835707902908325 -0.45871350169181824 0.40996953845024109
vn -0.58275800943374634 -0.72489279508590698 0.36731946468353271
vn -0.31017589569091797 -0.90775179862976074 0.28244918584823608
vn -0.0019417193252593279 -0.98627263307571411 0.16511379182338715
vn 0.30651563405990601 -0.95142984390258789 0.028799988329410553
vn 0.57974165678024292 -0.80722838640213013 -0.11082412302494049
vn 0.78633135557174683 -0.57024294137954712 -0.23770995438098907
vn 0.90253901481628418 -0.26771298050880432 -0.33727306127548218
vn 0.91500753164291382 0.065588295459747314 -0.39806953072547913
vn 0.82230383157730103 0.39135074615478516 -0.41311132907867432
vn 0.63508337736129761 0.67213082313537598 -0.38066953420639038
vn 0.92252939939498901 -0.037199340760707855 -0.38412982225418091
vn 0.92239916324615479 -0.094142116606235504 -0.3745892345905304
vn 0.91826176643371582 -0.16122975945472717 -0.36166328191757202
vn 0.90911632776260376 -0.23189675807952881 -0.34602221846580505
vn 0.89494085311889648 -0.30213189125061035 -0.32832479476928711
vn 0.874214768409729 -0.37595322728157043 -0.30725839734077454
vn 0.86089998483657837 -0.41435721516609192 -0.29522755742073059
vn 0.84666401147842407 -0.4505208432674408 -0.28318017721176147
vn 0.82193011045455933 -0.50489139556884766 -0.26365813612937927
vn 0.79932707548141479 -0.54780840873718262 -0.24694563448429108
vn 0.78426331281661987 -0.57368224859237671 -0.23626203835010529
vn 0.77443587779998779 -0.58957505226135254 -0.22945661842823029
vn 0.77015137672424316 -0.59628236293792725 -0.22652651369571686
vn 0.76882368326187134 -0.59833472967147827 -0.22562287747859955
vn 0.77030694484710693 -0.59604096412658691 -0.22663256525993347
vn 0.77441960573196411 -0.58960074186325073 -0.22944545745849609
vn 0.78350919485092163 -0.57492798566818237 -0.2357354611158371
vn 0.79630732536315918 -0.55315333604812622 -0.24477760493755341
vn 0.81696462631225586 -0.51479816436767578 -0.25990697741508484
vn 0.84081411361694336 -0.46423441171646118 -0.27842065691947937
vn 0.86228704452514648 -0.41058874130249023 -0.2964421808719635
vn 0.88621610403060913 -0.33594578504562378 -0.31900063157081604
vn 0.90488392114639282 -0.25575396418571472 -0.34025731682777405
vn 0.91649085283279419 -0.17846491932868958 -0.35804301500320435
vn 0.92188698053359985 -0.10831016302108765 -0.3720124363899231
vn 0.9228280782699585 -0.070330910384654999 -0.3787371814250946
vn 0.92252939939498901 -0.037199340760707855 -0.38412982225418091
vn 0.92155706882476807 -0.010968208312988281 -0.38808795809745789
vn 0.9202580451965332 0.010792514309287071 -0.39116322994232178
vn 0.91891020536422729 0.028052285313606262 -0.39346805214881897
vn 0.91773653030395508 0.040776196867227554 -0.39509102702140808
vn 0.91714859008789062 0.04659738764166832 -0.39581194519996643
vn 0.91660416126251221 0.051725294440984726 -0.39643579721450806
vn 0.91667085886001587 0.051109641790390015 -0.39636144042015076
vn 0.91738730669021606 0.04427192360162735 -0.39552557468414307
vn 0.9186854362487793 0.030622441321611404 -0.39380109310150146
vn 0.91930556297302246 0.023346150293946266 -0.39285141229629517
vn 0.92097443342208862 -0.00027372365002520382 -0.38962292671203613
vn 0.92236602306365967 -0.031256746500730515 -0.38505059480667114
vn -0.15954992175102234 0.98249566555023193 -0.096156768500804901
vn -0.220357745885849 0.97298657894134521 -0.068844683468341827
vn -0.30402880907058716 0.95219099521636963 -0.029978971928358078
vn -0.38334736227989197 0.92356652021408081 0.0083493134006857872
vn -0.42083168029785156 0.90673649311065674 0.027012629434466362
vn -0.45640003681182861 0.88863211870193481 0.045077577233314514
vn -0.48364818096160889 0.87326037883758545 0.059166997671127319
vn -0.50860506296157837 0.85796105861663818 0.072274908423423767
vn -0.53021162748336792 0.84371489286422729 0.083789870142936707
vn -0.54592835903167725 0.83273571729660034 0.092268571257591248
vn -0.55110561847686768 0.82900065183639526 0.09508129209280014
vn -0.54929178953170776 0.83031600713729858 0.094094745814800262
vn -0.54051768779754639 0.83657580614089966 0.089339613914489746
vn -0.52653872966766357 0.84620463848114014 0.081821106374263763
vn -0.50333869457244873 0.86129027605056763 0.069492116570472717
vn -0.47650498151779175 0.87742125988006592 0.055451560765504837
vn -0.44727256894111633 0.89348447322845459 0.040407400578260422
vn -0.41622680425643921 0.90892529487609863 0.024699676781892776
vn -0.33913543820381165 0.94064491987228394 -0.013201853260397911
vn -0.25755393505096436 0.96487683057785034 -0.051755897700786591
vn -0.24359159171581268 0.96812975406646729 -0.058205299079418182
vn -0.13389675319194794 0.9851524829864502 -0.10745331645011902
vn -0.024385876953601837 0.9877358078956604 -0.15421819686889648
vn 0.054385628551244736 0.98096394538879395 -0.18641874194145203
vn 0.061734441667795181 0.97996479272842407 -0.18936161696910858
vn 0.1667298823595047 0.95874184370040894 -0.23025037348270416
vn 0.26510480046272278 0.9266512393951416 -0.26652762293815613
vn 0.35549619793891907 0.88590478897094727 -0.29798516631126404
vn 0.43675816059112549 0.83899211883544922 -0.32455280423164368
vn 0.47588819265365601 0.81250578165054321 -0.33669683337211609
vn 0.51158803701400757 0.78588414192199707 -0.34736698865890503
vn 0.54320609569549561 0.76017248630523682 -0.35646173357963562
vn 0.56898713111877441 0.73759239912033081 -0.36360844969749451
vn 0.59161490201950073 0.71647721529006958 -0.3696649968624115
vn 0.61365431547164917 0.69464939832687378 -0.37535393238067627
vn 0.63508337736129761 0.67213082313537598 -0.38066953420639038
vn -0.61412680149078369 0.77839750051498413 0.13017526268959045
vn -0.60241138935089111 0.78856980800628662 0.12352391332387924
vn -0.57847726345062256 0.80823087692260742 0.11012217402458191
vn -0.5423426628112793 0.83528769016265869 0.090326353907585144
vn -0.5186687707901001 0.85144472122192383 0.077618390321731567
vn -0.50354355573654175 0.86116182804107666 0.069600187242031097
vn -0.5091850757598877 0.85759109258651733 0.072581939399242401
vn -0.5232245922088623 0.84842687845230103 0.080048702657222748
vn -0.54398304224014282 0.83412373065948486 0.091214306652545929
vn -0.57943600416183472 0.80747103691101074 0.11065438389778137
vn -0.61859917640686035 0.7744143009185791 0.13273105025291443
vn -0.6695702075958252 0.72473859786987305 0.16257205605506897
vn -0.70741480588912964 0.68196505308151245 0.18570944666862488
vn -0.75452208518981934 0.61970579624176025 0.21601183712482452
vn -0.77634990215301514 0.58653628826141357 0.23077264428138733
vn -0.79674279689788818 0.55238765478134155 0.24508941173553467
vn -0.80840140581130981 0.53122580051422119 0.25354734063148499
vn -0.83580750226974487 0.47551876306533813 0.27442258596420288
vn -0.85275596380233765 0.43556874990463257 0.28824838995933533
vn -0.86338549852371216 0.40756934881210327 0.29740992188453674
vn -0.86966776847839355 0.38966429233551025 0.30305060744285583
vn -0.87279456853866577 0.38030952215194702 0.30593183636665344
vn -0.87262684106826782 0.38081952929496765 0.30577591061592102
vn -0.86859941482543945 0.39278995990753174 0.30207788944244385
vn -0.85939121246337891 0.4184022843837738 0.29391539096832275
vn -0.84366518259048462 0.45762524008750916 0.28072792291641235
vn 0.41098177433013916 0.85500818490982056 -0.31631463766098022
vn 0.15079300105571747 0.96280974149703979 -0.22418501973152161
vn -0.12263649702072144 0.98606956005096436 -0.11237034946680069
vn -0.38529762625694275 0.92274540662765503 0.009311256930232048
vn -0.57149994373321533 -0.73530924320220947 0.36429128050804138
vn -0.63508337736129761 -0.67213082313537598 0.38066953420639038
vn -0.6972842812538147 -0.5983397364616394 0.39469501376152039
vn -0.75055766105651855 -0.5224611759185791 0.40459543466567993
vn -0.7986987829208374 -0.43938195705413818 0.41112491488456726
vn -0.85137265920639038 -0.3222583532333374 0.41390115022659302
vn -0.88812112808227539 -0.20715755224227905 0.41027623414993286
vn -0.90997922420501709 -0.10177429765462875 0.40196987986564636
vn -0.92029875516891479 -0.010208247229456902 0.39108312129974365
vn -0.92252939939498901 0.037199340760707855 0.38412982225418091
vn -0.92235630750656128 0.095567844808101654 0.37433362007141113
vn -0.91988962888717651 0.14205195009708405 0.36554667353630066
vn -0.91671353578567505 0.17644549906253815 0.35847359895706177
vn -0.91415244340896606 0.19781000912189484 0.35383114218711853
vn -0.91336363554000854 0.20371869206428528 0.35251313447952271
vn -0.91527259349822998 0.18892623484134674 0.35578492283821106
vn -0.91754978895187378 0.16850633919239044 0.36014994978904724
vn -0.52069574594497681 -0.77869141101837158 0.35002234578132629
vn -0.49258139729499817 -0.80036205053329468 0.34173691272735596
vn -0.4666706919670105 -0.81898999214172363 0.33387699723243713
vn -0.44533306360244751 -0.83341735601425171 0.32725223898887634
vn -0.42719924449920654 -0.84505993127822876 0.32151913642883301
vn -0.41108912229537964 -0.85494375228881836 0.3163493275642395
vn -0.40778553485870361 -0.85691839456558228 0.3152804970741272
vn -0.4262620210647583 -0.84564661979675293 0.32122033834457397
vn -0.45193368196487427 -0.8290398120880127 0.32931581139564514
vn -0.50394493341445923 -0.79179143905639648 0.34511718153953552
vn -0.8389592170715332 0.46846163272857666 0.27693167328834534
vn -0.67389291524887085 0.72013026475906372 0.16516867280006409
vn -0.4393652081489563 0.89757150411605835 0.036380935460329056
vn -0.6695702075958252 0.72473859786987305 0.16257205605506897
vn 0.38515558838844299 0.15163816511631012 0.91030818223953247
vn 0.38515558838844299 0.15163816511631012 0.91030818223953247
vn 0.38515558838844299 0.15163816511631012 0.91030818223953247
vn 0.38515558838844299 0.15163816511631012 0.91030818223953247
vn 0.38515558838844299 0.15163816511631012 0.91030818223953247
vn 0.38515558838844299 0.15163816511631012 0.91030818223953247
vn 0.38515558838844299 0.15163816511631012 0.91030818223953247
vn 0.38515558838844299 0.15163816511631012 0.91030818223953247
vn 0.38515558838844299 0.15163816511631012 0.91030818223953247
vn 0.38515558838844299 0.15163816511631012 0.91030818223953247
vn 0.38515558838844299 0.15163816511631012 0.91030818223953247
vn 0.38515558838844299 0.15163816511631012 0.91030818223953247
vn 0.38515558838844299 0.15163816511631012 0.91030818223953247
vn 0.38515558838844299 0.15163816511631012 0.91030818223953247
vn 0.38515558838844299 0.15163816511631012 0.91030818223953247
vn 0.38515558838844299 0.15163816511631012 0.91030818223953247
vn 0.38515558838844299 0.15163816511631012 0.91030818223953247
vn 0.38515558838844299 0.15163816511631012 0.91030818223953247
vn 0.38515558838844299 0.15163816511631012 0.91030818223953247
vn 0.38515558838844299 0.15163816511631012 0.91030818223953247
vn 0.38515558838844299 0.15163816511631012 0.91030818223953247
vn 0.38515558838844299 0.15163816511631012 0.91030818223953247
vn 0.38515558838844299 0.15163816511631012 0.91030818223953247
vn 0.38515558838844299 0.15163816511631012 0.91030818223953247
vn 0.38515558838844299 0.15163816511631012 0.91030818223953247
vn 0.38515558838844299 0.15163816511631012 0.91030818223953247
vn 0.38515558838844299 0.15163816511631012 0.91030818223953247
vn 0.38515558838844299 0.15163816511631012 0.91030818223953247
vn 0.38515558838844299 0.15163816511631012 0.91030818223953247
vn 0.38515558838844299 0.15163816511631012 0.91030818223953247
vn 0.38515558838844299 0.15163816511631012 0.91030818223953247
vn 0.38515558838844299 0.15163816511631012 0.91030818223953247
vn 0.38515558838844299 0.15163816511631012 0.91030818223953247
vn 0.38515558838844299 0.15163816511631012 0.91030818223953247
vn 0.38515558838844299 0.15163816511631012 0.91030818223953247
vn -0.38515558838844299 -0.15163816511631012 -0.91030818223953247
vn -0.38515558838844299 -0.15163816511631012 -0.91030818223953247
vn -0.38515558838844299 -0.15163816511631012 -0.91030818223953247
vn -0.38515558838844299 -0.15163816511631012 -0.91030818223953247
vn -0.38515558838844299 -0.15163816511631012 -0.91030818223953247
vn -0.38515558838844299 -0.15163816511631012 -0.91030818223953247
vn -0.38515558838844299 -0.15163816511631012 -0.91030818223953247
vn -0.38515558838844299 -0.15163816511631012 -0.91030818223953247
vn -0.38515558838844299 -0.15163816511631012 -0.91030818223953247
vn -0.38515558838844299 -0.15163816511631012 -0.91030818223953247
vn -0.38515558838844299 -0.15163816511631012 -0.91030818223953247
vn -0.38515558838844299 -0.15163816511631012 -0.91030818223953247
vn -0.38515558838844299 -0.15163816511631012 -0.91030818223953247
vn -0.38515558838844299 -0.15163816511631012 -0.91030818223953247
vn -0.38515558838844299 -0.15163816511631012 -0.91030818223953247
vn -0.38515558838844299 -0.15163816511631012 -0.91030818223953247
vn -0.38515558838844299 -0.15163816511631012 -0.91030818223953247
vn -0.38515558838844299 -0.15163816511631012 -0.91030818223953247
vn -0.38515558838844299 -0.15163816511631012 -0.91030818223953247
vn -0.38515558838844299 -0.15163816511631012 -0.91030818223953247
vn -0.38515558838844299 -0.15163816511631012 -0.91030818223953247
vn -0.38515558838844299 -0.15163816511631012 -0.91030818223953247
vn -0.38515558838844299 -0.15163816511631012 -0.91030818223953247
vn -0.38515558838844299 -0.15163816511631012 -0.91030818223953247
vn -0.38515558838844299 -0.15163816511631012 -0.91030818223953247
vn -0.38515558838844299 -0.15163816511631012 -0.91030818223953247
vn -0.38515558838844299 -0.15163816511631012 -0.91030818223953247
vn -0.38515558838844299 -0.15163816511631012 -0.91030818223953247
vn -0.38515558838844299 -0.15163816511631012 -0.91030818223953247
vn -0.38515558838844299 -0.15163816511631012 -0.91030818223953247
vn -0.38515558838844299 -0.15163816511631012 -0.91030818223953247
vn -0.38515558838844299 -0.15163816511631012 -0.91030818223953247
vn -0.38515558838844299 -0.15163816511631012 -0.91030818223953247
vn -0.38515558838844299 -0.15163816511631012 -0.91030818223953247
vn -0.38515558838844299 -0.15163816511631012 -0.91030818223953247
vn -0.38515558838844299 -0.15163816511631012 -0.91030818223953247
vn -0.38515558838844299 -0.15163816511631012 -0.91030818223953247
vn -0.38515558838844299 -0.15163816511631012 -0.91030818223953247
vn -0.38515558838844299 -0.15163816511631012 -0.91030818223953247
vn -0.38515558838844299 -0.15163816511631012 -0.91030818223953247
vn -0.38515558838844299 -0.15163816511631012 -0.91030818223953247
vn -0.38515558838844299 -0.15163816511631012 -0.91030818223953247
vn -0.38515558838844299 -0.15163816511631012 -0.91030818223953247
vn -0.38515558838844299 -0.15163816511631012 -0.91030818223953247
vn -0.38515558838844299 -0.15163816511631012 -0.91030818223953247
vn -0.38515558838844299 -0.15163816511631012 -0.91030818223953247
vn -0.38515558838844299 -0.15163816511631012 -0.91030818223953247
vn -0.38515558838844299 -0.15163816511631012 -0.91030818223953247
vn -0.38515558838844299 -0.15163816511631012 -0.91030818223953247
vn -0.38515558838844299 -0.15163816511631012 -0.91030818223953247
vn -0.38515558838844299 -0.15163816511631012 -0.91030818223953247
vn -0.38515558838844299 -0.15163816511631012 -0.91030818223953247
vn -0.38515558838844299 -0.15163816511631012 -0.91030818223953247
vn -0.38515558838844299 -0.15163816511631012 -0.91030818223953247
vn -0.38515558838844299 -0.15163816511631012 -0.91030818223953247
vn -0.38515558838844299 -0.15163816511631012 -0.91030818223953247
vn -0.38515558838844299 -0.15163816511631012 -0.91030818223953247
vn -0.38515558838844299 -0.15163816511631012 -0.91030818223953247
vn -0.38515558838844299 -0.15163816511631012 -0.91030818223953247
vn -0.38515558838844299 -0.15163816511631012 -0.91030818223953247
vn -0.38515558838844299 -0.15163816511631012 -0.91030818223953247
vn -0.38515558838844299 -0.15163816511631012 -0.91030818223953247
vn 0.56898713111877441 0.73759239912033081 -0.36360844969749451
vn 0.63508337736129761 0.67213082313537598 -0.38066953420639038
vn 0.71745556592941284 0.57445299625396729 0.39403203129768372
vn 0.66789579391479492 0.68325060606002808 -0.29509967565536499
vn 0.69584649801254272 0.68862545490264893 -0.20394262671470642
vn 0.71800440549850464 0.68759477138519287 -0.10808814316987991
vn 0.73350983858108521 0.67962324619293213 -0.008690735325217247
vn 0.74163234233856201 0.66434884071350098 0.092855378985404968
vn 0.74182718992233276 0.64162367582321167 0.19496545195579529
vn 0.73378318548202515 0.61154252290725708 0.29593575000762939
vn 0.7202417254447937 0.58376264572143555 0.37479731440544128
vn 0.72869217395782471 0.6252477765083313 0.2794153094291687
vn 0.72937077283859253 0.63298648595809937 0.25951176881790161
vn 0.72850906848907471 0.66082304716110229 0.18052010238170624
vn 0.72197192907333374 0.68456250429153442 0.10065128654241562
vn 0.7097923755645752 0.70410525798797607 0.020750608295202255
vn 0.69213402271270752 0.71940076351165771 -0.058421026915311813
vn 0.66881257295608521 0.73059052228927612 -0.13757628202438354
vn 0.64046132564544678 0.73736464977264404 -0.21471524238586426
vn 0.6075025200843811 0.73974227905273438 -0.28934755921363831
vn 0.57038486003875732 0.73774445056915283 -0.36110144853591919
vn 0.59161490201950073 0.71647721529006958 -0.3696649968624115
vn 0.61365431547164917 0.69464939832687378 -0.37535393238067627
vn 0.63508337736129761 0.67213082313537598 -0.38066953420639038
vn 0.54980111122131348 0.63077974319458008 -0.54757249355316162
vn 0.44114229083061218 0.56412774324417114 -0.69796377420425415
vn 0.31213966012001038 0.47317603230476379 -0.82381629943847656
vn 0.16920214891433716 0.36195698380470276 -0.91671031713485718
vn 0.019414583221077919 0.23588155210018158 -0.97158783674240112
vn -0.12799558043479919 0.10301737487316132 -0.98640990257263184
vn -0.2648119330406189 -0.028437992557883263 -0.96388065814971924
vn -0.38515558838844299 -0.15163816511631012 -0.91030818223953247
vn 0.78488302230834961 0.2212139219045639 -0.57881170511245728
vn 0.66267919540405273 0.17816036939620972 -0.72740304470062256
vn 0.51088863611221313 0.12691041827201843 -0.85022735595703125
vn 0.3367764949798584 0.070004604756832123 -0.93897867202758789
vn 0.14891511201858521 0.010262382216751575 -0.98879671096801758
vn -0.040951844304800034 -0.048632476478815079 -0.99797683954238892
vn -0.22179214656352997 -0.10338816791772842 -0.96959739923477173
vn -0.38515558838844299 -0.15163816511631012 -0.91030818223953247
vn 0.82034754753112793 -0.24683922529220581 -0.51584911346435547
vn 0.69610029458999634 -0.26292437314987183 -0.66806823015213013
vn 0.54087197780609131 -0.26880306005477905 -0.79699587821960449
vn 0.36205679178237915 -0.26363950967788696 -0.89409679174423218
vn 0.16845157742500305 -0.24757593870162964 -0.95411229133605957
vn -0.027820410206913948 -0.22193841636180878 -0.97466373443603516
vn -0.21530216932296753 -0.18904148042201996 -0.95807528495788574
vn -0.38515558838844299 -0.15163816511631012 -0.91030818223953247
vn 0.65318089723587036 -0.65677320957183838 -0.37683376669883728
vn 0.53856551647186279 -0.6492387056350708 -0.53706270456314087
vn 0.39954164624214172 -0.6153799295425415 -0.67946594953536987
vn 0.2428947389125824 -0.55585432052612305 -0.79500192403793335
vn 0.076363809406757355 -0.47339791059494019 -0.87753230333328247
vn -0.089717172086238861 -0.37372457981109619 -0.92319053411483765
vn -0.24589352309703827 -0.26405903697013855 -0.9326356053352356
vn 0.30996799468994141 -0.93243533372879028 -0.18569931387901306
vn 0.21512791514396667 -0.90901762247085571 -0.35694104433059692
vn 0.10937381535768509 -0.84843724966049194 -0.517872154712677
vn -0.0017590232891961932 -0.75235563516616821 -0.65875482559204102
vn -0.1126168966293335 -0.99363303184509277 0.0032925501000136137
vn -0.18310835957527161 -0.96668922901153564 -0.1788385808467865
vn -0.24789871275424957 -0.90017658472061157 -0.35808983445167542
vn -0.3029918372631073 -0.79597938060760498 -0.52403503656387329
vn -0.34549427032470703 -0.65896522998809814 -0.66813063621520996
vn -0.52395802736282349 -0.83817356824874878 0.15143661201000214
vn -0.57074874639511108 -0.82018709182739258 -0.039230313152074814
vn -0.59566527605056763 -0.76874405145645142 -0.2328421026468277
vn -0.59620970487594604 -0.68516266345977783 -0.41843295097351074
vn -0.57209140062332153 -0.57332664728164673 -0.58652192354202271
vn -0.52557617425918579 -0.44089165329933167 -0.7275879979133606
vn -0.46130889654159546 -0.29725512862205505 -0.83596259355545044
vn -0.38515558838844299 -0.15163816511631012 -0.91030818223953247
vn -0.84113258123397827 -0.49054688215255737 0.22772733867168427
vn -0.869648277759552 -0.4925900399684906 0.032664675265550613
vn -0.86381906270980835 -0.47484460473060608 -0.16834244132041931
vn -0.82230246067047119 -0.43736258149147034 -0.36405032873153687
vn -0.74681466817855835 -0.38182815909385681 -0.5444953441619873
vn -0.6430162787437439 -0.31217598915100098 -0.69933980703353882
vn -0.5193515419960022 -0.23363976180553436 -0.82200145721435547
vn -0.38515558838844299 -0.15163816511631012 -0.91030818223953247
vn -0.97680789232254028 -0.040746390819549561 0.21020489931106567
vn -0.99750620126724243 -0.06870625913143158 0.016151847317814827
vn -0.97852516174316406 -0.09456278383731842 -0.18315671384334564
vn -0.91901642084121704 -0.11672957241535187 -0.37654092907905579
vn -0.82155466079711914 -0.13404475152492523 -0.55414795875549316
vn -0.69325274229049683 -0.14562846720218658 -0.70582783222198486
vn -0.54417997598648071 -0.15132667124271393 -0.82520806789398193
vn -0.38515558838844299 -0.15163816511631012 -0.91030818223953247
vn -0.90756380558013916 0.40619578957557678 0.10645625740289688
vn -0.93225181102752686 0.35248389840126038 -0.081618979573249817
vn -0.91998308897018433 0.28330251574516296 -0.27087053656578064
vn -0.86965686082839966 0.20186594128608704 -0.45049646496772766
vn -0.78340989351272583 0.11216408759355545 -0.61130040884017944
vn -0.66761374473571777 0.019860720261931419 -0.74424284696578979
vn -0.53150838613510132 -0.069536656141281128 -0.84419399499893188
vn -0.38515558838844299 -0.15163816511631012 -0.91030818223953247
vn -0.64496457576751709 0.76154094934463501 -0.063843689858913422
vn -0.68478310108184814 0.6873546838760376 -0.24210655689239502
vn -0.69796973466873169 0.58372753858566284 -0.41484987735748291
vn -0.68246728181838989 0.45516800880432129 -0.57189202308654785
vn -0.63875079154968262 0.30791449546813965 -0.70511424541473389
vn -0.57038122415542603 0.15143430233001709 -0.80729979276657104
vn -0.48345297574996948 -0.0045088059268891811 -0.8753587007522583
vn -0.38515558838844299 -0.15163816511631012 -0.91030818223953247
vn -0.24957002699375153 0.93288862705230713 -0.25967985391616821
vn -0.31217050552368164 0.84882962703704834 -0.4266589879989624
vn -0.36368513107299805 0.7285926342010498 -0.58041870594024658
vn -0.40061664581298828 0.57731038331985474 -0.7114906907081604
vn -0.42093819379806519 0.4023054838180542 -0.81299525499343872
vn -0.42397856712341309 0.21487915515899658 -0.87981200218200684
vn 0.17825514078140259 0.88382679224014282 -0.4325219988822937
vn 0.091004140675067902 0.80259466171264648 -0.58954226970672607
vn -0.0019822269678115845 0.68711352348327637 -0.72654736042022705
vn -0.095648393034934998 0.54233747720718384 -0.83469843864440918
vn 0.63508337736129761 0.67213082313537598 -0.38066953420639038
vn 0.54980111122131348 0.63077974319458008 -0.54757249355316162
vn 0.44114229083061218 0.56412774324417114 -0.69796377420425415
vn 0.31213966012001038 0.47317603230476379 -0.82381629943847656
vn 0.16920214891433716 0.36195698380470276 -0.91671031713485718
vn 0.019414583221077919 0.23588155210018158 -0.97158783674240112
vn -0.12799558043479919 0.10301737487316132 -0.98640990257263184
vn -0.2648119330406189 -0.028437992557883263 -0.96388065814971924
vn -0.38515558838844299 -0.15163816511631012 -0.91030818223953247
vn 0.82230383157730103 0.39135074615478516 -0.41311132907867432
vn 0.91500753164291382 0.065588295459747314 -0.39806953072547913
vn 0.90253901481628418 -0.26771298050880432 -0.33727306127548218
vn 0.78633135557174683 -0.57024294137954712 -0.23770995438098907
vn 0.57974165678024292 -0.80722838640213013 -0.11082412302494049
vn 0.30651563405990601 -0.95142984390258789 0.028799988329410553
vn -0.0019417193252593279 -0.98627263307571411 0.16511379182338715
vn -0.31017589569091797 -0.90775179862976074 0.28244918584823608
vn -0.58275800943374634 -0.72489279508590698 0.36731946468353271
vn -0.78835707902908325 -0.45871350169181824 0.40996953845024109
vn -0.90334129333496094 -0.13980907201766968 0.40549710392951965
vn -0.91449421644210815 0.19516521692276001 0.35441631078720093
vn -0.82053381204605103 0.50770694017410278 0.26259836554527283
vn -0.38515558838844299 -0.15163816511631012 -0.91030818223953247
vn -0.38515558838844299 -0.15163816511631012 -0.91030818223953247
vn -0.39373758435249329 -0.26921162009239197 -0.878917396068573
vn -0.38304424285888672 -0.37070134282112122 -0.84608370065689087
vn -0.35739704966545105 -0.45793196558952332 -0.81398135423660278
vn -0.32506698369979858 -0.52112674713134766 -0.7891504168510437
vn -0.28593894839286804 -0.56988495588302612 -0.77037006616592407
vn -0.26289305090904236 -0.58945572376251221 -0.76382535696029663
vn -0.25151288509368896 -0.59701281785964966 -0.76178538799285889
vn -0.24034535884857178 -0.60312134027481079 -0.76057791709899902
vn -0.23381133377552032 -0.6060912013053894 -0.76025372743606567
vn -0.22739946842193604 -0.6085619330406189 -0.76022487878799438
vn -0.21606089174747467 -0.61180824041366577 -0.76092594861984253
vn -0.20996537804603577 -0.61292195320129395 -0.76173561811447144
vn -0.20405890047550201 -0.61354398727416992 -0.76283925771713257
vn -0.19287519156932831 -0.61333781480789185 -0.76590853929519653
vn -0.17343118786811829 -0.60729992389678955 -0.77531182765960693
vn -0.14926981925964355 -0.57386887073516846 -0.805228590965271
vn -0.146937295794487 -0.53245669603347778 -0.83360618352890015
vn -0.16021442413330078 -0.47634291648864746 -0.86453962326049805
vn -0.19013826549053192 -0.40851897001266479 -0.89272600412368774
vn -0.25453481078147888 -0.30541178584098816 -0.91757053136825562
vn -0.34182903170585632 -0.19738554954528809 -0.91879916191101074
vn -0.36968272924423218 -0.16747595369815826 -0.91394007205963135
vn -0.38515558838844299 -0.15163816511631012 -0.91030818223953247
vn -0.38515558838844299 -0.15163816511631012 -0.91030818223953247
vn -0.31752654910087585 0.026150669902563095 -0.94788873195648193
vn -0.26308217644691467 0.19650261104106903 -0.94454985857009888
vn -0.22379067540168762 0.35307064652442932 -0.90843760967254639
vn -0.20061099529266357 0.49017024040222168 -0.84822660684585571
vn -0.20015770196914673 0.49411287903785706 -0.84604334831237793
vn -0.1949617862701416 0.58004283905029297 -0.79091101884841919
vn -0.19981609284877777 0.63395011425018311 -0.74711501598358154
vn -0.21557976305484772 0.66896575689315796 -0.71134388446807861
vn -0.23692603409290314 0.67422032356262207 -0.69949483871459961
vn -0.259410560131073 0.6593284010887146 -0.70568567514419556
vn -0.27124527096748352 0.64553642272949219 -0.71393889188766479
vn -0.2869584858417511 0.62142688035964966 -0.72902911901473999
vn -0.30217179656028748 0.59158784151077271 -0.74747306108474731
vn -0.32883366942405701 0.5212167501449585 -0.78752875328063965
vn -0.35228747129440308 0.43257597088813782 -0.82992261648178101
vn -0.36977022886276245 0.33752742409706116 -0.86564725637435913
vn -0.38377681374549866 0.21852470934391022 -0.89719688892364502
vn -0.39089369773864746 0.095937073230743408 -0.91542243957519531
vn -0.39136332273483276 -0.028125299140810966 -0.91980636119842529
vn -0.82093524932861328 0.50800758600234985 0.26075586676597595
vn -0.82612335681915283 0.51258105039596558 0.23405313491821289
vn -0.83385282754898071 0.52750515937805176 0.16256609559059143
vn -0.8321530818939209 0.54467850923538208 0.10414718836545944
vn -0.82326430082321167 0.56455731391906738 0.05925343930721283
vn -0.80869829654693604 0.58755427598953247 0.028054807335138321
vn -0.77089369297027588 0.63692790269851685 0.006767976563423872
vn -0.71812647581100464 0.69528460502624512 0.029558224603533745
vn -0.71723645925521851 0.6961747407913208 0.030208487063646317
vn -0.69443428516387939 0.71790510416030884 0.048716358840465546
vn -0.61412680149078369 0.77839750051498413 0.13017526268959045
vn -0.38529762625694275 0.92274540662765503 0.009311256930232048
vn -0.12263649702072144 0.98606956005096436 -0.11237034946680069
vn 0.15079300105571747 0.96280974149703979 -0.22418501973152161
vn 0.41098177433013916 0.85500818490982056 -0.31631463766098022
vn 0.1558154821395874 -0.98450618982315063 0.080430939793586731
vn 0.1558154821395874 -0.98450618982315063 0.080430939793586731
vn 0.58480310440063477 -0.7796097993850708 0.22408460080623627
vn 0.1558154821395874 -0.98450618982315063 0.080430939793586731
vn 0.25625529885292053 0.93420827388763428 -0.24816963076591492
vn 0.58583158254623413 0.72732251882553101 -0.35749593377113342
vn 0.90851759910583496 0.11087597906589508 -0.40286758542060852
vn 0.77629023790359497 -0.58145570755004883 -0.24348045885562897
vn 0.50471562147140503 -0.85892599821090698 -0.086650274693965912
vn 0.1558154821395874 -0.98450618982315063 0.080430939793586731
vn 0.080245278775691986 0.83400887250900269 -0.54588449001312256
vn 0.24927100539207458 0.54566186666488647 -0.80007314682006836
vn 0.40818890929222107 -0.013755722902715206 -0.91279381513595581
vn 0.42134332656860352 -0.58688539266586304 -0.69140100479125977
vn 0.33220779895782471 -0.86874258518218994 -0.3673204779624939
vn 0.1558154821395874 -0.98450618982315063 0.080430939793586731
vn -0.11487147957086563 0.69016391038894653 -0.71447765827178955
vn -0.063534349203109741 0.35242897272109985 -0.93367940187454224
vn 0.0049718525260686874 -0.085751749575138092 -0.99630415439605713
vn 0.075196787714958191 -0.52340728044509888 -0.8487580418586731
vn 0.12592922151088715 -0.82886141538619995 -0.54509687423706055
vn -0.39362102746963501 0.55061906576156616 -0.73612576723098755
vn -0.41765666007995605 0.21189963817596436 -0.88355046510696411
vn -0.38684239983558655 -0.14127439260482788 -0.91125982999801636
vn -0.30229479074478149 -0.49121066927909851 -0.81690263748168945
vn -0.16395758092403412 -0.79223203659057617 -0.58778083324432373
vn 0.1558154821395874 -0.98450618982315063 0.080430939793586731
vn -0.58730012178421021 0.63250851631164551 -0.50498670339584351
vn -0.71312987804412842 0.27315196394920349 -0.64562666416168213
vn -0.71527880430221558 -0.17365153133869171 -0.67692047357559204
vn -0.56480193138122559 -0.6015130877494812 -0.56496089696884155
vn -0.31399309635162354 -0.88254976272583008 -0.35002034902572632
vn 0.1558154821395874 -0.98450618982315063 0.080430939793586731
vn -0.61984926462173462 0.74856895208358765 -0.23543879389762878
vn -0.85783296823501587 0.4105503261089325 -0.30914565920829773
vn -0.931069016456604 -0.17719948291778564 -0.31892135739326477
vn -0.66209912300109863 -0.71910929679870605 -0.21096579730510712
vn -0.31006956100463867 -0.94712644815444946 -0.08251287043094635
vn 0.1558154821395874 -0.98450618982315063 0.080430939793586731
vn -0.78949040174484253 0.55947750806808472 0.25236856937408447
vn -0.90851759910583496 -0.11087597906589508 0.40286758542060852
vn -0.56630665063858032 -0.74530696868896484 0.35187262296676636
vn -0.21885931491851807 -0.9472314715385437 0.23420745134353638
vn 0.1558154821395874 -0.98450618982315063 0.080430939793586731
vn -0.05949484184384346 -0.85824024677276611 0.50978821516036987
vn 0.1558154821395874 -0.98450618982315063 0.080430939793586731
vn 0.39060881733894348 -0.86802208423614502 0.30653288960456848
vn 0.35975083708763123 -0.83770287036895752 0.41089317202568054
vn -0.023479782044887543 -0.9490818977355957 -0.3141532838344574
vn 0.1558154821395874 -0.98450618982315063 0.080430939793586731
vn 0.14796434342861176 -0.95336467027664185 -0.26306334137916565
vn -0.043892495334148407 -0.79513883590698242 -0.60483694076538086
vn 0.049840353429317474 -0.94698518514633179 -0.31738775968551636
vn -0.096795119345188141 -0.98323523998260498 -0.15452867746353149
vn 0.1558154821395874 -0.98450618982315063 0.080430939793586731
vn -0.25399681925773621 -0.82078003883361816 -0.51166951656341553
vn -0.07398725301027298 -0.96209716796875 -0.26247838139533997
vn 0.1558154821395874 -0.98450618982315063 0.080430939793586731
vn 0.1450546532869339 -0.89798963069915771 0.41541996598243713
vn 0.23542331159114838 -0.85287588834762573 0.46602421998977661
vn -0.68394333124160767 0.25007984042167664 0.68533319234848022
vn -0.67182952165603638 -0.043636210262775421 0.73941934108734131
vn -0.62441796064376831 -0.2013384997844696 0.7546953558921814
vn -0.54860371351242065 -0.35124886035919189 0.75872141122817993
vn -0.44418439269065857 -0.48971912264823914 0.75025022029876709
vn -0.31141570210456848 -0.61130350828170776 0.72754949331283569
vn -0.17256046831607819 -0.69860857725143433 0.69438385963439941
vn 0.050834823399782181 -0.77860820293426514 0.62544792890548706
vn 0.12986695766448975 -0.79172819852828979 0.59690958261489868
vn 0.2281230241060257 -0.79754906892776489 0.55845803022384644
vn 0.32581073045730591 -0.79163765907287598 0.51687252521514893
vn 0.32581073045730591 -0.79163765907287598 0.51687252521514893
vn 0.4210192859172821 -0.77400791645050049 0.47292128205299377
vn 0.51193994283676147 -0.74509984254837036 0.42748540639877319
vn 0.58162224292755127 -0.71383059024810791 0.39007872343063354
vn 0.73833781480789185 -0.60617208480834961 0.29565641283988953
vn 0.85841268301010132 -0.46853706240653992 0.20880782604217529
vn 0.93900340795516968 -0.31602731347084045 0.13564422726631165
vn 0.98520529270172119 -0.15358933806419373 0.076032206416130066
vn 0.99944025278091431 0.0022680293768644333 0.033377077430486679
vn 0.98729664087295532 0.15884444117546082 0.0037064061034470797
vn 0.94954848289489746 0.31336814165115356 -0.012572859413921833
vn 0.88597917556762695 0.46348530054092407 -0.014910688623785973
vn 0.75300431251525879 0.6579817533493042 0.0066697481088340282
vn 0.65842974185943604 0.75262594223022461 0.004941202700138092
vn 0.54496514797210693 0.83792352676391602 -0.029952934011816978
vn 0.40369385480880737 0.9108622670173645 -0.085797697305679321
vn 0.25487980246543884 0.95683622360229492 -0.13964518904685974
vn 0.087086424231529236 0.97925877571105957 -0.18294310569763184
vn -0.0086281429976224899 0.98052221536636353 -0.19621860980987549
vn -0.05541195347905159 0.97842550277709961 -0.19903028011322021
vn -0.10117968916893005 0.9747348427772522 -0.19913472235202789
vn -0.12795589864253998 0.97183966636657715 -0.1978762298822403
vn -0.15427589416503906 0.96846920251846313 -0.19561797380447388
vn -0.20106860995292664 0.96119117736816406 -0.18889918923377991
vn -0.22644920647144318 0.95654624700546265 -0.18368467688560486
vn -0.25126937031745911 0.95151698589324951 -0.17742350697517395
vn -0.29916757345199585 0.94038635492324829 -0.16177846491336823
vn -0.38764840364456177 0.91419517993927002 -0.11821989715099335
vn -0.5326656699180603 0.84620237350463867 0.014451376162469387
vn -0.60828620195388794 0.7808527946472168 0.14232657849788666
vn -0.65643256902694702 0.69787687063217163 0.28646844625473022
vn -0.67710810899734497 0.60062700510025024 0.42517265677452087
vn -0.67874056100845337 0.45840084552764893 0.57374203205108643
vn -0.67848604917526245 0.31320881843566895 0.6644974946975708
vn -0.68149536848068237 0.27220749855041504 0.67931371927261353
vn 0.96555304527282715 0.25958976149559021 -0.017902053892612457
vn 0.99581104516983032 0.077711440622806549 0.048179313540458679
vn 0.99162924289703369 -0.078378692269325256 0.10260723531246185
vn 0.96427738666534424 -0.21854232251644135 0.14969415962696075
vn 0.91115820407867432 -0.36239084601402283 0.19612152874469757
vn 0.82347321510314941 -0.51301068067550659 0.24230536818504333
vn 0.96129316091537476 0.073777779936790466 -0.2654661238193512
vn 0.97115856409072876 -0.076264284551143646 -0.22590875625610352
vn 0.96195089817047119 -0.19648061692714691 -0.18985734879970551
vn 0.94072985649108887 -0.30168914794921875 -0.15495486557483673
vn 0.90459597110748291 -0.41038691997528076 -0.11527669429779053
vn 0.84588402509689331 -0.52913808822631836 -0.067030526697635651
vn 0.91369259357452393 -0.005807328037917614 -0.40636453032493591
vn 0.91621941328048706 -0.14060166478157043 -0.37519752979278564
vn 0.90563464164733887 -0.24640248715877533 -0.34512558579444885
vn 0.88682973384857178 -0.33837562799453735 -0.31469812989234924
vn 0.85692769289016724 -0.4337114691734314 -0.27851265668869019
vn 0.80943930149078369 -0.53943341970443726 -0.23199054598808289
vn 0.85579848289489746 -0.043195657432079315 -0.51550281047821045
vn 0.85514527559280396 -0.17344699800014496 -0.48851072788238525
vn 0.84381294250488281 -0.27496132254600525 -0.46084272861480713
vn 0.825725257396698 -0.3629429042339325 -0.43179881572723389
vn 0.79800134897232056 -0.45411393046379089 -0.39619991183280945
vn 0.75474053621292114 -0.55548751354217529 -0.34899905323982239
vn 0.78345441818237305 -0.053638871759176254 -0.61913007497787476
vn 0.78119438886642456 -0.18812362849712372 -0.59526866674423218
vn 0.76893597841262817 -0.2929556667804718 -0.56825554370880127
vn 0.75027722120285034 -0.38363155722618103 -0.5384337306022644
vn 0.72224557399749756 -0.4772198498249054 -0.50062215328216553
vn 0.67914313077926636 -0.5805545449256897 -0.44913357496261597
vn 0.68263763189315796 -0.18471962213516235 -0.70702511072158813
vn 0.66875922679901123 -0.30136236548423767 -0.67966306209564209
vn 0.64806896448135376 -0.40213051438331604 -0.64675939083099365
vn 0.61739897727966309 -0.50520753860473633 -0.60297912359237671
vn 0.98615860939025879 0.16494615375995636 0.016852732747793198
vn 0.88419210910797119 0.28545883297920227 0.36975342035293579
vn 0.99705106019973755 -0.0032602590508759022 0.076672039926052094
vn 0.88456904888153076 0.094893299043178558 0.45665398240089417
vn 0.88927167654037476 0.18857118487358093 0.41669744253158569
vn 0.9805493950843811 -0.1498006284236908 0.12681737542152405
vn 0.85013705492019653 -0.086008019745349884 0.51948976516723633
vn 0.87127977609634399 0.0033777304925024509 0.49077507853507996
vn 0.94163411855697632 -0.28897476196289062 0.1726812869310379
vn 0.77911442518234253 -0.27288749814033508 0.56436967849731445
vn 0.81988060474395752 -0.17789921164512634 0.54419451951980591
vn 0.87281012535095215 -0.43612769246101379 0.2190779447555542
vn 0.72860503196716309 -0.51934391260147095 0.44656085968017578
vn 0.65320301055908203 -0.36429920792579651 0.66378605365753174
vn 0.55628055334091187 -0.16539148986339569 0.81436944007873535
vn 0.48936751484870911 0.025557832792401314 0.87170308828353882
vn 0.4826824963092804 0.18403172492980957 0.85624176263809204
vn 0.55048751831054688 0.31758004426956177 0.77207928895950317
vn 0.61706191301345825 0.37173974514007568 0.6935734748840332
vn 0.69671165943145752 0.40876492857933044 0.58949482440948486
vn 0.83050996065139771 0.42413297295570374 0.36106008291244507
vn 0.91701173782348633 0.38379651308059692 0.10858066380023956
vn 0.94151639938354492 0.32675895094871521 -0.082313060760498047
vn 0.93461805582046509 0.26890102028846741 -0.23276872932910919
vn 0.91652697324752808 0.22639849781990051 -0.32973021268844604
vn 0.8916780948638916 0.18741101026535034 -0.41205251216888428
vn 0.86231535673141479 0.15159212052822113 -0.4831480085849762
vn 0.82956528663635254 0.11806725710630417 -0.54578524827957153
vn 0.78210902214050293 0.075642019510269165 -0.61853355169296265
vn 0.73017650842666626 0.032758723944425583 -0.68247276544570923
vn 0.65866786241531372 -0.026800399646162987 -0.75195640325546265
vn 0.58492183685302734 -0.09680464118719101 -0.80529206991195679
vn 0.52555012702941895 -0.16898410022258759 -0.83381140232086182
vn 0.47258555889129639 -0.26873454451560974 -0.83931201696395874
vn 0.45266065001487732 -0.37257203459739685 -0.81011629104614258
vn 0.46668776869773865 -0.4646766185760498 -0.7525145411491394
vn 0.50403481721878052 -0.53791588544845581 -0.67571842670440674
vn 0.53312748670578003 -0.57275146245956421 -0.6226804256439209
vn 0.56378620862960815 -0.60035347938537598 -0.56720435619354248
vn 0.59227955341339111 -0.62051212787628174 -0.51397436857223511
vn 0.6199830174446106 -0.63631510734558105 -0.45904695987701416
vn 0.64646667242050171 -0.64851731061935425 -0.40187829732894897
vn 0.67150217294692993 -0.6576380729675293 -0.34146302938461304
vn 0.68699264526367188 -0.66204530000686646 -0.29956156015396118
vn 0.71063154935836792 -0.66649365425109863 -0.22536419332027435
vn 0.73165333271026611 -0.66681152582168579 -0.14158320426940918
vn 0.74890583753585815 -0.66118240356445312 -0.044473286718130112
vn 0.76005572080612183 -0.64606773853302002 0.070083588361740112
vn 0.76192492246627808 -0.636421799659729 0.12015698105096817
vn 0.75743871927261353 -0.59822523593902588 0.26155903935432434
vn 0.73465710878372192 -0.53346234560012817 0.41916206479072571
vn 0.50657939910888672 0.85498720407485962 -0.11123932152986526
vn 0.79977655410766602 0.59193766117095947 -0.099836274981498718
vn 0.91868996620178223 0.38566899299621582 -0.085253745317459106
vn 0.97226744890213013 0.22261863946914673 -0.071672394871711731
vn 0.99542135000228882 0.075843967497348785 -0.058172367513179779
vn 0.99461466073989868 -0.095174379646778107 -0.041030392050743103
vn 0.34438124299049377 0.89701360464096069 -0.27707061171531677
vn 0.6548498272895813 0.66064912080764771 -0.3670346736907959
vn 0.81608152389526367 0.42105370759963989 -0.39588472247123718
vn 0.89473903179168701 0.20791363716125488 -0.39523911476135254
vn 0.92591756582260132 0.0097598182037472725 -0.37759947776794434
vn 0.91598337888717651 -0.21407468616962433 -0.3393324613571167
vn 0.83582711219787598 -0.48020660877227783 -0.26607263088226318
vn -0.10750585794448853 0.87428605556488037 -0.47335654497146606
vn -0.055426418781280518 0.64513123035430908 -0.7620587944984436
vn -0.0011624768376350403 0.35791444778442383 -0.93375366926193237
vn 0.047916483134031296 0.063539043068885803 -0.99682837724685669
vn 0.08942769467830658 -0.21455128490924835 -0.97261011600494385
vn 0.12619346380233765 -0.49522718787193298 -0.85954946279525757
vn 0.15301217138767242 -0.75016117095947266 -0.64330822229385376
vn -0.49106898903846741 0.73268407583236694 -0.47119557857513428
vn -0.64214438199996948 0.4028160572052002 -0.65221917629241943
vn -0.68548429012298584 0.13551861047744751 -0.71536427736282349
vn -0.68303912878036499 -0.075401321053504944 -0.72647929191589355
vn -0.65581434965133667 -0.25774326920509338 -0.70956039428710938
vn -0.59788572788238525 -0.45334750413894653 -0.66106635332107544
vn -0.4843733012676239 -0.67579323053359985 -0.55559521913528442
vn -0.65731769800186157 0.64080631732940674 -0.39661145210266113
vn -0.81918543577194214 0.29343992471694946 -0.49277600646018982
vn -0.85550123453140259 0.06345001608133316 -0.51389855146408081
vn -0.85285407304763794 -0.10338146239519119 -0.51181262731552124
vn -0.83149904012680054 -0.2450292706489563 -0.49856793880462646
vn -0.78568112850189209 -0.4015602171421051 -0.47058957815170288
vn -0.68800950050354004 -0.5978538990020752 -0.4113558828830719
vn -0.73717421293258667 0.59788340330123901 -0.31481689214706421
vn -0.89538216590881348 0.25240316987037659 -0.3668561577796936
vn -0.92709416151046753 0.04065004363656044 -0.37261772155761719
vn -0.92402529716491699 -0.1089220866560936 -0.36648765206336975
vn -0.90488088130950928 -0.23536023497581482 -0.35467758774757385
vn -0.86417418718338013 -0.37658381462097168 -0.33374777436256409
vn -0.775368332862854 -0.55985397100448608 -0.2921772301197052
vn -0.77337908744812012 0.59024786949157715 -0.23128397762775421
vn -0.9350159764289856 0.24701514840126038 -0.25441834330558777
vn -0.96703028678894043 0.040047980844974518 -0.25149279832839966
vn -0.96429800987243652 -0.10542374104261398 -0.24293035268783569
vn -0.9456559419631958 -0.2283647209405899 -0.23148293793201447
vn -0.90569758415222168 -0.36609679460525513 -0.21374054253101349
vn -0.13015224039554596 0.94996577501296997 -0.28394615650177002
vn 0.13271662592887878 0.90753632783889771 -0.39845210313796997
vn 0.10646549612283707 0.9755171537399292 -0.19243524968624115
vn -0.0093084434047341347 0.96870505809783936 -0.24803997576236725
vn -0.082738533616065979 0.77244323492050171 -0.62967115640640259
vn 0.36448210477828979 0.69930315017700195 -0.61492103338241577
vn 0.5209924578666687 0.78639322519302368 -0.33189237117767334
vn 0.25531765818595886 0.81636494398117065 -0.51803582906723022
vn -0.028088094666600227 0.50559240579605103 -0.86231511831283569
vn 0.52452778816223145 0.43464073538780212 -0.73209154605865479
vn 0.74897325038909912 0.53817152976989746 -0.38653659820556641
vn 0.45332890748977661 0.57053792476654053 -0.68482071161270142
vn 0.024382015690207481 0.20884929597377777 -0.97764384746551514
vn 0.61775970458984375 0.16371607780456543 -0.76913589239120483
vn 0.86299020051956177 0.31104949116706848 -0.39811566472053528
vn 0.57879841327667236 0.29767262935638428 -0.75919920206069946
vn 0.069424726068973541 -0.076661758124828339 -0.99463719129562378
vn 0.65803927183151245 -0.097169600427150726 -0.74668759107589722
vn 0.91501915454864502 0.10912901908159256 -0.38836941123008728
vn 0.64362037181854248 0.033247843384742737 -0.76462239027023315
vn 0.10853778570890427 -0.35491186380386353 -0.92857801914215088
vn 0.64921146631240845 -0.3739665150642395 -0.66232430934906006
vn 0.92719709873199463 -0.097035937011241913 -0.3617866039276123
vn 0.66072928905487061 -0.23320464789867401 -0.71347910165786743
vn 0.14129692316055298 -0.62868732213973999 -0.76471394300460815
vn 0.57335191965103149 -0.64933198690414429 -0.49963542819023132
vn 0.8878638744354248 -0.3414166271686554 -0.30843552947044373
vn 0.62095975875854492 -0.51412081718444824 -0.59168297052383423
vn 0.16035431623458862 -0.85234332084655762 -0.49779245257377625
vn 0.50495642423629761 -0.77172154188156128 -0.38660687208175659
vn -0.33732566237449646 0.89285159111022949 -0.29837459325790405
vn -0.31321772933006287 0.81164461374282837 -0.49307975172996521
vn -0.23611539602279663 0.92446303367614746 -0.29936200380325317
vn -0.58521175384521484 0.56510657072067261 -0.58153396844863892
vn -0.40094456076622009 0.52633684873580933 -0.74980860948562622
vn -0.36594241857528687 0.67664319276809692 -0.63893675804138184
vn -0.67203110456466675 0.26100119948387146 -0.69300252199172974
vn -0.42673563957214355 0.23549970984458923 -0.87317615747451782
vn -0.41977396607398987 0.37845367193222046 -0.82496219873428345
vn -0.68802952766418457 0.024315809831023216 -0.72527521848678589
vn -0.41565513610839844 -0.024263272061944008 -0.9091985821723938
vn -0.42462301254272461 0.10090185701847076 -0.89973002672195435
vn -0.67226439714431763 -0.16761912405490875 -0.72108560800552368
vn -0.38119643926620483 -0.25682413578033447 -0.88810509443283081
vn -0.40117231011390686 -0.14192201197147369 -0.9049413800239563
vn -0.63188850879669189 -0.352192223072052 -0.69041842222213745
vn -0.31839486956596375 -0.49707964062690735 -0.80717813968658447
vn -0.35414177179336548 -0.37511351704597473 -0.85666412115097046
vn -0.5506022572517395 -0.5610506534576416 -0.61810946464538574
vn -0.21562577784061432 -0.73792952299118042 -0.63950413465499878
vn -0.27283596992492676 -0.61911791563034058 -0.73637866973876953
vn -0.39224505424499512 -0.79315203428268433 -0.46589013934135437
vn -0.14607544243335724 -0.8457152247428894 -0.5132521390914917
vn 0.99250239133834839 0.018968818709254265 0.12074420601129532
vn 0.98910295963287354 0.093065418303012848 0.11407972872257233
vn 0.98100614547729492 0.16159182786941528 0.1073082908987999
vn 0.96678191423416138 0.23551402986049652 0.099326886236667633
vn 0.94503664970397949 0.31433284282684326 0.090003006160259247
vn 0.91057473421096802 0.40590953826904297 0.078045204281806946
vn 0.84966945648193359 0.52382266521453857 0.060593735426664352
vn 0.76095092296600342 0.64762258529663086 0.03922509029507637
vn 0.57099658250808716 0.82095158100128174 0.0012036146363243461
vn 0.29732063412666321 0.95377594232559204 -0.043724644929170609
vn 0.092253625392913818 0.99310600757598877 -0.072316952049732208
vn -0.024064674973487854 0.99592697620391846 -0.086892873048782349
vn -0.083948254585266113 0.99203163385391235 -0.093946278095245361
vn -0.11402750760316849 0.98869425058364868 -0.097372815012931824
vn -0.12906211614608765 0.98667669296264648 -0.099056065082550049
vn -0.14407818019390106 0.98442745208740234 -0.10071750730276108
vn -0.15213091671466827 0.98312437534332275 -0.10160033404827118
vn -0.16127265989780426 0.98156267404556274 -0.10259560495615005
vn -0.18628640472888947 0.97683840990066528 -0.10528086125850677
vn -0.21112698316574097 0.97148585319519043 -0.10789182037115097
vn -0.31952798366546631 0.9401240348815918 -0.11861122399568558
vn -0.41947537660598755 0.89877563714981079 -0.12744700908660889
vn -0.58543866872787476 0.79863065481185913 -0.13946560025215149
vn -0.78873735666275024 0.59676861763000488 -0.14751474559307098
vn -0.91733092069625854 0.37103748321533203 -0.1443437784910202
vn -0.96458065509796143 0.2249014675617218 -0.13785326480865479
vn -0.98717910051345825 0.093259140849113464 -0.12953801453113556
vn -0.99252605438232422 -0.0048560835421085358 -0.12193639576435089
vn -0.98960745334625244 -0.086758598685264587 -0.11467335373163223
vn -0.98100614547729492 -0.16159182786941528 -0.1073082908987999
vn -0.97948324680328369 -0.17120356857776642 -0.10631059110164642
vn -0.96244096755981445 -0.24943868815898895 -0.10718099027872086
vn -0.9359135627746582 -0.32975390553474426 -0.1238069087266922
vn -0.8962782621383667 -0.41567495465278625 -0.15459489822387695
vn -0.8332207202911377 -0.51534003019332886 -0.20041930675506592
vn -0.83061093091964722 -0.51886695623397827 -0.20214495062828064
vn -0.74814653396606445 -0.61481368541717529 -0.24956138432025909
vn -0.63415306806564331 -0.71417915821075439 -0.29630729556083679
vn -0.41259709000587463 -0.84241604804992676 -0.34655281901359558
vn -0.0983600914478302 -0.92729681730270386 -0.36117291450500488
vn 0.24350409209728241 -0.91480398178100586 -0.32224130630493164
vn 0.40544110536575317 -0.86885696649551392 -0.28408634662628174
vn 0.58453309535980225 -0.77995967864990234 -0.22357101738452911
vn 0.71575820446014404 -0.67923033237457275 -0.16228488087654114
vn 0.86297392845153809 -0.50126814842224121 -0.063295170664787292
vn 0.934090256690979 -0.35690093040466309 0.0098542040213942528
vn 0.96574479341506958 -0.25318136811256409 0.056887365877628326
vn 0.98265999555587769 -0.16100595891475677 0.09195854514837265
vn 0.98968225717544556 -0.089565940201282501 0.11183466762304306
vn 0.99220234155654907 -0.031016303226351738 0.12071643769741058
vn -0.16724240779876709 0.85130321979522705 -0.49730557203292847
vn -0.14484450221061707 0.97682970762252808 0.15755566954612732
vn -0.10157937556505203 0.85032081604003906 0.51636826992034912
vn -0.070382848381996155 0.72323346138000488 0.68700772523880005
vn -0.047139395028352737 0.61692512035369873 0.78560888767242432
vn -0.028146618977189064 0.52398449182510376 0.85126262903213501
vn -0.0084656709805130959 0.42241111397743225 0.9063647985458374
vn 0.012738932855427265 0.30720251798629761 0.95155888795852661
vn -0.16724240779876709 0.85130321979522705 -0.49730557203292847
vn -0.048909325152635574 0.9918333888053894 0.11778970807790756
vn 0.034750789403915405 0.87812834978103638 0.47716134786605835
vn 0.081371337175369263 0.75129181146621704 0.65493464469909668
vn 0.11132292449474335 0.64140504598617554 0.7590828537940979
vn 0.13311327993869781 0.54379564523696899 0.82859349250793457
vn 0.15324229001998901 0.43629008531570435 0.88666099309921265
vn 0.17214368283748627 0.3140886127948761 0.93365675210952759
vn -0.16724240779876709 0.85130321979522705 -0.49730557203292847
vn 0.053924493491649628 0.99842166900634766 -0.015693645924329758
vn 0.20353607833385468 0.92008185386657715 0.33469757437705994
vn 0.28541585803031921 0.79309070110321045 0.53809380531311035
vn 0.333819180727005 0.6678125262260437 0.6652752161026001
vn 0.3645840585231781 0.54998689889907837 0.75139397382736206
vn 0.38760140538215637 0.41724687814712524 0.82199162244796753
vn 0.40215203166007996 0.26689288020133972 0.87580931186676025
vn -0.16724240779876709 0.85130321979522705 -0.49730557203292847
vn 0.15831811726093292 0.91672182083129883 -0.36681947112083435
vn 0.44963040947914124 0.87071311473846436 -0.19922657310962677
vn 0.66711348295211792 0.744376540184021 -0.029379988089203835
vn 0.81047558784484863 0.57209175825119019 0.12585830688476562
vn 0.88763594627380371 0.38249799609184265 0.25651061534881592
vn 0.91235005855560303 0.16289235651493073 0.3756108283996582
vn 0.12804825603961945 0.6223757266998291 -0.77217364311218262
vn 0.35153236985206604 0.33285704255104065 -0.87500351667404175
vn 0.48603335022926331 0.084517203271389008 -0.86984390020370483
vn 0.56472903490066528 -0.11571221798658371 -0.81712406873703003
vn 0.60911232233047485 -0.27792948484420776 -0.74279028177261353
vn 0.6331743597984314 -0.43383243680000305 -0.64099889993667603
vn -0.16724240779876709 0.85130321979522705 -0.49730557203292847
vn 0.030883384868502617 0.43910449743270874 -0.89790505170822144
vn 0.15650740265846252 0.076985687017440796 -0.98467183113098145
vn 0.22157780826091766 -0.15043619275093079 -0.96346884965896606
vn 0.25998109579086304 -0.30576103925704956 -0.91592580080032349
vn 0.2853180468082428 -0.42301705479621887 -0.86002916097640991
vn 0.30592218041419983 -0.53444212675094604 -0.78789800405502319
vn -0.16724240779876709 0.85130321979522705 -0.49730557203292847
vn 0.078411199152469635 -0.3688109815120697 -0.92619121074676514
vn 0.098838478326797485 -0.47252100706100464 -0.87575960159301758
vn 0.11815953999757767 -0.57102459669113159 -0.81238490343093872
vn -0.16724240779876709 0.85130321979522705 -0.49730557203292847
vn -0.056367106735706329 -0.49720427393913269 -0.86580055952072144
vn -0.036267630755901337 -0.59554773569107056 -0.80250078439712524
vn -0.16724240779876709 0.85130321979522705 -0.49730557203292847
vn -0.16724240779876709 0.85130321979522705 -0.49730557203292847
vn -0.92252653837203979 0.29957675933837891 0.24330748617649078
vn -0.92024505138397217 0.098629750311374664 0.37870988249778748
vn -0.16724240779876709 0.85130321979522705 -0.49730557203292847
vn -0.36081492900848389 0.93257373571395874 0.010900724679231644
vn -0.43385380506515503 0.81893759965896606 0.37564888596534729
vn -0.44642195105552673 0.67695093154907227 0.58518791198730469
vn -0.43748560547828674 0.54537814855575562 0.71496087312698364
vn -0.41935169696807861 0.42550912499427795 0.80192655324935913
vn -0.39124834537506104 0.29352995753288269 0.87221837043762207
vn -0.16724240779876709 0.85130321979522705 -0.49730557203292847
vn -0.24815672636032104 0.96016299724578857 0.12847262620925903
vn -0.24841348826885223 0.83356606960296631 0.49341499805450439
vn -0.23146407306194305 0.70188695192337036 0.67363125085830688
vn -0.21290262043476105 0.58988642692565918 0.77891367673873901
vn -0.19462618231773376 0.49137720465660095 0.84892231225967407
vn -0.17306345701217651 0.3836962878704071 0.90709769725799561
vn -0.14708812534809113 0.26217511296272278 0.95374488830566406
vn -0.14484450221061707 0.97682970762252808 0.15755566954612732
vn -0.10157937556505203 0.85032081604003906 0.51636826992034912
vn -0.070382848381996155 0.72323346138000488 0.68700772523880005
vn -0.047139395028352737 0.61692512035369873 0.78560888767242432
vn -0.028146618977189064 0.52398449182510376 0.85126262903213501
vn -0.0084656709805130959 0.42241111397743225 0.9063647985458374
vn 0.012738932855427265 0.30720251798629761 0.95155888795852661
vn -0.019193382933735847 0.75675386190414429 -0.65341806411743164
vn 0.1666530966758728 0.79070138931274414 -0.58908236026763916
vn -0.0072198715060949326 0.89788037538528442 -0.44018033146858215
vn -0.16724240779876709 0.85130321979522705 -0.49730557203292847
vn -0.0033472264185547829 0.83453547954559326 -0.55094403028488159
vn 0.25074025988578796 0.47800076007843018 -0.84181028604507446
vn 0.46819415688514709 0.64046812057495117 -0.60876500606536865
vn 0.30979365110397339 0.90664178133010864 -0.28640627861022949
vn 0.32299351692199707 0.72551935911178589 -0.60769802331924438
vn 0.42743933200836182 0.20260335505008698 -0.88104909658432007
vn 0.695750892162323 0.44122341275215149 -0.56679147481918335
vn 0.56751585006713867 0.81548714637756348 -0.11360680311918259
vn 0.59130311012268066 0.54513156414031982 -0.5942997932434082
vn 0.53077667951583862 -0.021171942353248596 -0.84724724292755127
vn 0.84625518321990967 0.22481183707714081 -0.48302361369132996
vn 0.74784612655639648 0.66191309690475464 0.050962630659341812
vn 0.78056585788726807 0.33324360847473145 -0.52883422374725342
vn 0.59026485681533813 -0.2007690966129303 -0.78184342384338379
vn 0.92618948221206665 0.016435975208878517 -0.3767000138759613
vn 0.85648554563522339 0.47813111543655396 0.19448168575763702
vn 0.89420145750045776 0.11859425157308578 -0.43167021870613098
vn 0.62353837490081787 -0.35514238476753235 -0.69647234678268433
vn 0.94930064678192139 -0.19967013597488403 -0.2428169846534729
vn 0.9068407416343689 0.27773082256317139 0.31702589988708496
vn 0.94518131017684937 -0.089646652340888977 -0.31399962306022644
vn 0.90375453233718872 0.05300581082701683 0.42475661635398865
vn 0.93843346834182739 -0.29922914505004883 -0.17264005541801453
vn -0.32523182034492493 0.84797507524490356 -0.41852420568466187
vn -0.16724240779876709 0.85130321979522705 -0.49730557203292847
vn -0.92818558216094971 0.19768965244293213 0.31526237726211548
vn 0.10253827273845673 -0.65865808725357056 -0.74542295932769775
vn 0.15457871556282043 -0.6510390043258667 -0.7431376576423645
vn 0.23395316302776337 -0.63664686679840088 -0.73481065034866333
vn 0.32534497976303101 -0.61668455600738525 -0.71683382987976074
vn 0.37873303890228271 -0.60367369651794434 -0.7015264630317688
vn 0.44017186760902405 -0.58762860298156738 -0.67892664670944214
vn 0.49895033240318298 -0.57120555639266968 -0.65174591541290283
vn 0.56862336397171021 -0.55018121004104614 -0.61152929067611694
vn 0.65377628803253174 -0.52141481637954712 -0.54836404323577881
vn 0.75738000869750977 -0.47904974222183228 -0.44371938705444336
vn 0.83819472789764404 -0.43538558483123779 -0.32843419909477234
vn 0.90863317251205444 -0.37876811623573303 -0.17584218084812164
vn 0.94963711500167847 -0.31334859132766724 -0.0014281520852819085
vn 0.95402824878692627 -0.24739974737167358 0.169184610247612
vn 0.91693133115768433 -0.17004501819610596 0.36100083589553833
vn 0.85262560844421387 -0.10634894669055939 0.5115852952003479
vn 0.7781217098236084 -0.05593026801943779 0.62561845779418945
vn 0.70244485139846802 -0.016311734914779663 0.7115512490272522
vn 0.54082196950912476 0.047010060399770737 0.83982241153717041
vn 0.40490037202835083 0.086495451629161835 0.91026049852371216
vn 0.38436383008956909 0.091698385775089264 0.91861629486083984
vn 0.24230478703975677 0.12367124110460281 0.96228569746017456
vn 0.12322994321584702 0.1464148610830307 0.9815177321434021
vn 0.045271787792444229 0.15978719294071198 0.98611283302307129
vn 0.038190919905900955 0.16094373166561127 0.98622441291809082
vn 0.038190919905900955 0.16094373166561127 0.98622441291809082
vn -0.061643164604902267 0.17603933811187744 0.98245114088058472
vn -0.15757562220096588 0.18761855363845825 0.96952009201049805
vn -0.25553882122039795 0.19464956223964691 0.94700127840042114
vn -0.36354812979698181 0.19394432008266449 0.91116321086883545
vn -0.42961964011192322 0.18785171210765839 0.88325458765029907
vn -0.50560277700424194 0.17459540069103241 0.84491556882858276
vn -0.59678071737289429 0.14873009920120239 0.78849989175796509
vn -0.70888429880142212 0.099283471703529358 0.69830209016799927
vn -0.97460424900054932 0.11688749492168427 -0.19100752472877502
vn -0.96919989585876465 0.20078065991401672 -0.14261382818222046
vn -0.90398383140563965 0.42526718974113464 -0.044283509254455566
vn -0.80621904134750366 0.59105902910232544 -0.025693265721201897
vn -0.6811751127243042 0.72597026824951172 -0.09469778835773468
vn -0.5352136492729187 0.79978263378143311 -0.27183473110198975
vn -0.47566455602645874 0.80193674564361572 -0.36144247651100159
vn -0.40904539823532104 0.78488314151763916 -0.46544638276100159
vn -0.34477865695953369 0.74952185153961182 -0.5651058554649353
vn -0.27571696043014526 0.69138628244400024 -0.66780626773834229
vn -0.20442081987857819 0.60928505659103394 -0.76614874601364136
vn -0.13541549444198608 0.50652241706848145 -0.85152667760848999
vn -0.073294058442115784 0.38981032371520996 -0.91797381639480591
vn -0.023129949346184731 0.27116352319717407 -0.96225535869598389
vn 0.018857987597584724 0.14066950976848602 -0.98987698554992676
vn 0.04349873960018158 0.03003903292119503 -0.99860179424285889
vn 0.058016568422317505 -0.13227607309818268 -0.9895135760307312
vn 0.039054498076438904 -0.27956381440162659 -0.95933246612548828
vn -0.00071220629615709186 -0.3732764720916748 -0.92771989107131958
vn -0.042415503412485123 -0.42795154452323914 -0.9028058648109436
vn -0.094185434281826019 -0.47144919633865356 -0.87684935331344604
vn -0.16023615002632141 -0.50574856996536255 -0.84766900539398193
vn -0.18096281588077545 -0.51315760612487793 -0.839000403881073
vn -0.98252451419830322 -0.17513751983642578 -0.063027225434780121
vn -0.97235387563705444 -0.18200230598449707 -0.14629793167114258
vn -0.96225392818450928 -0.17563503980636597 -0.20789340138435364
vn -0.95607870817184448 -0.15651707351207733 -0.2478223592042923
vn -0.95503515005111694 -0.12597422301769257 -0.26839953660964966
vn -0.9639316201210022 -0.037166032940149307 -0.26354226469993591
vn -0.97394651174545288 0.080718308687210083 -0.21192635595798492
vn -0.20146104693412781 -0.52023464441299438 -0.82992130517959595
vn -0.22160002589225769 -0.52852708101272583 -0.81948310136795044
vn -0.23785395920276642 -0.53735095262527466 -0.80912262201309204
vn -0.25080037117004395 -0.54818516969680786 -0.7978672981262207
vn -0.25756257772445679 -0.56105351448059082 -0.78668957948684692
vn -0.25647071003913879 -0.5746002197265625 -0.77721130847930908
vn -0.23846718668937683 -0.5981634259223938 -0.76507121324539185
vn -0.21048948168754578 -0.61706393957138062 -0.75823891162872314
vn -0.18679916858673096 -0.62854528427124023 -0.75500786304473877
vn -0.16199828684329987 -0.63807368278503418 -0.75274068117141724
vn -0.11097847670316696 -0.65216130018234253 -0.74991297721862793
vn -0.059450756758451462 -0.66066139936447144 -0.74832624197006226
vn -0.0078113577328622341 -0.66442400217056274 -0.74731498956680298
vn 0.0570228211581707 -0.66318619251251221 -0.74627906084060669
vn -0.71060776710510254 0.098345547914505005 0.69668126106262207
vn -0.75915992259979248 0.070898883044719696 0.64703136682510376
vn -0.80746340751647949 0.041160400956869125 0.58847993612289429
vn -0.85386621952056885 0.0093473475426435471 0.52040857076644897
vn -0.89626455307006836 -0.023952413350343704 0.44287258386611938
vn -0.93179357051849365 -0.057173673063516617 0.35845774412155151
vn -0.95924150943756104 -0.089542791247367859 0.26802569627761841
vn -0.97732502222061157 -0.11941384524106979 0.17486022412776947
vn -0.98593544960021973 -0.14503683149814606 0.083039648830890656
vn -0.9867369532585144 -0.1506928950548172 0.060348033905029297
vn -0.98411643505096436 -0.17212885618209839 -0.043433655053377151
vn 0.63508337736129761 0.67213082313537598 -0.38066953420639038
vn 0.90103071928024292 0.36626350879669189 -0.23236753046512604
vn 0.92609518766403198 0.37546765804290771 -0.037037506699562073
vn 0.9144597053527832 0.36976981163024902 0.16441941261291504
vn 0.86499989032745361 0.34876918792724609 0.36074265837669373
vn 0.77981096506118774 0.31336367130279541 0.5419391393661499
vn 0.66519474983215332 0.26615762710571289 0.69762170314788818
vn 0.53031283617019653 0.21089601516723633 0.82115232944488525
vn 0.38515558838844299 0.15163816511631012 0.91030818223953247
vn 0.97912079095840454 -0.0075435913167893887 -0.20313939452171326
vn 0.99968582391738892 0.02319866418838501 -0.0094934506341814995
vn 0.9804806113243103 0.053736228495836258 0.18913021683692932
vn 0.92066508531570435 0.082306839525699615 0.38157746195793152
vn 0.82282876968383789 0.10744304955005646 0.55804020166397095
vn 0.69410914182662964 0.12774814665317535 0.70844399929046631
vn 0.54460328817367554 0.14248965680599213 0.82650107145309448
vn 0.38515558838844299 0.15163816511631012 0.91030818223953247
vn 0.91935110092163086 -0.3757917582988739 -0.11650817841291428
vn 0.94335991144180298 -0.32383167743682861 0.072146229445934296
vn 0.92994856834411621 -0.25759756565093994 0.26237219572067261
vn 0.8780592679977417 -0.18019291758537292 0.44333112239837646
vn 0.78990316390991211 -0.095415294170379639 0.60576307773590088
vn 0.67197823524475098 -0.0086030252277851105 0.7405208945274353
vn 0.53366547822952271 0.07510056346654892 0.84235447645187378
vn 0.38515558838844299 0.15163816511631012 0.91030818223953247
vn 0.73082101345062256 -0.68241852521896362 0.014337308704853058
vn 0.76569265127182007 -0.61279118061065674 0.19545263051986694
vn 0.77055668830871582 -0.5168338418006897 0.37299492955207825
vn 0.74366867542266846 -0.39876684546470642 0.5366021990776062
vn 0.68604689836502075 -0.2643280029296875 0.67784243822097778
vn 0.60217124223709106 -0.12213765829801559 0.78896903991699219
vn 0.4991646409034729 0.018988139927387238 0.8662990927696228
vn 0.38515558838844299 0.15163816511631012 0.91030818223953247
vn 0.4422326385974884 -0.88074278831481934 0.16947703063488007
vn 0.49373221397399902 -0.79968833923339844 0.34165346622467041
vn 0.52657091617584229 -0.68450617790222168 0.50415712594985962
vn 0.53795307874679565 -0.54013907909393311 0.64719104766845703
vn 0.52707105875015259 -0.37357968091964722 0.76330488920211792
vn 0.49531570076942444 -0.19557112455368042 0.84641259908676147
vn 0.44635322690010071 -0.017305018380284309 0.89468950033187866
vn 0.38515558838844299 0.15163816511631012 0.91030818223953247
vn 0.0975208580493927 -0.94057142734527588 0.32529234886169434
vn 0.16888213157653809 -0.85606974363327026 0.4884909987449646
vn 0.23513583838939667 -0.735088050365448 0.63589048385620117
vn 0.29223084449768066 -0.58278697729110718 0.75826150178909302
vn 0.33717826008796692 -0.40653771162033081 0.8491395115852356
vn 0.36767935752868652 -0.21772386133670807 0.90410631895065308
vn 0.38327127695083618 -0.028253603726625443 0.92320358753204346
vn 0.38515558838844299 0.15163816511631012 0.91030818223953247
vn -0.25083506107330322 -0.85279607772827148 0.45806184411048889
vn -0.15940214693546295 -0.77335184812545776 0.61361050605773926
vn -0.059380162507295609 -0.66087871789932251 0.74813985824584961
vn 0.043910965323448181 -0.52021771669387817 0.85290408134460449
vn 0.14527803659439087 -0.3581845760345459 0.9222787618637085
vn 0.23869366943836212 -0.18522331118583679 0.95326685905456543
vn 0.3195224404335022 -0.012190794572234154 0.94750028848648071
vn 0.38515558838844299 0.15163816511631012 0.91030818223953247
vn -0.31213966012001038 -0.47317603230476379 0.82381629943847656
vn -0.16920214891433716 -0.36195698380470276 0.91671031713485718
vn -0.019414583221077919 -0.23588155210018158 0.97158783674240112
vn 0.12799558043479919 -0.10301737487316132 0.98640990257263184
vn 0.2648119330406189 0.028437992557883263 0.96388065814971924
vn 0.38515558838844299 0.15163816511631012 0.91030818223953247
vn -0.1748444139957428 0.14767242968082428 0.97345894575119019
vn 0.023523466661572456 0.1547883003950119 0.98766756057739258
vn 0.21317848563194275 0.1558537632226944 0.96450221538543701
vn 0.38515558838844299 0.15163816511631012 0.91030818223953247
vn -0.77218276262283325 0.43373283743858337 0.46433782577514648
vn -0.65071070194244385 0.43904954195022583 0.61952489614486694
vn -0.50015127658843994 0.42681145668029785 0.75344586372375488
vn -0.32772329449653625 0.39686360955238342 0.85737782716751099
vn -0.1419188529253006 0.35053077340126038 0.92573601007461548
vn 0.045654378831386566 0.29113948345184326 0.95559066534042358
vn 0.22411628067493439 0.22324284911155701 0.94864881038665771
vn 0.38515558838844299 0.15163816511631012 0.91030818223953247
vn -0.58365273475646973 0.7403596043586731 0.33349233865737915
vn -0.47304341197013855 0.72800898551940918 0.49621850252151489
vn -0.34075936675071716 0.68604773283004761 0.64282315969467163
vn -0.19333270192146301 0.61543756723403931 0.76410669088363647
vn -0.038062550127506256 0.51944351196289062 0.85365664958953857
vn 0.11546135693788528 0.40467411279678345 0.9071425199508667
vn 0.258617103099823 0.2793552577495575 0.92470419406890869
vn 0.38515558838844299 0.15163816511631012 0.91030818223953247
vn -0.14271599054336548 0.98403465747833252 0.10633885860443115
vn -0.057512696832418442 0.95764392614364624 0.28215321898460388
vn 0.032028645277023315 0.89206171035766602 0.45077723264694214
vn 0.12098190188407898 0.78913736343383789 0.60218405723571777
vn 0.20483802258968353 0.65367776155471802 0.72852373123168945
vn 0.27872690558433533 0.49489960074424744 0.82303446531295776
vn 0.33930814266204834 0.32394757866859436 0.88313531875610352
vn -0.094584524631500244 -0.30029511451721191 0.94914519786834717
vn -0.07525336742401123 0.15201270580291748 0.98550957441329956
vn 0.055144172161817551 -0.16976910829544067 0.98393982648849487
vn 0.12007870525121689 0.15604124963283539 0.98042452335357666
vn 0.22746889293193817 0.087447389960289001 0.96985095739364624
vn 0.19816018640995026 -0.036640331149101257 0.97948455810546875
vn 0.14168904721736908 0.052595283836126328 0.98851299285888672
vn 0.30180099606513977 0.15434025228023529 0.94079500436782837
vn 0.38515558838844299 0.15163816511631012 0.91030818223953247
vn 0.32729989290237427 0.091416656970977783 0.94048804044723511
vn 0.3088582456111908 0.12055813521146774 0.94343644380569458
vn 0.81924968957901001 0.39791157841682434 -0.41291201114654541
vn 0.91317319869995117 0.079861193895339966 -0.39967098832130432
vn 0.90650796890258789 -0.24698613584041595 -0.34240499138832092
vn 0.79998815059661865 -0.5466272234916687 -0.24742208421230316
vn 0.60534721612930298 -0.78605562448501587 -0.12518489360809326
vn 0.34402552247047424 -0.93889772891998291 0.010841795243322849
vn 0.044808361679315567 -0.98831737041473389 0.14567422866821289
vn -0.25934457778930664 -0.92887091636657715 0.26446020603179932
vn -0.53492993116378784 -0.76710653305053711 0.35411509871482849
vn 0.71745556592941284 0.57445299625396729 0.39403203129768372
vn 0.73378318548202515 0.61154252290725708 0.29593575000762939
vn 0.74182718992233276 0.64162367582321167 0.19496545195579529
vn 0.74163234233856201 0.66434884071350098 0.092855378985404968
vn 0.73350983858108521 0.67962324619293213 -0.008690735325217247
vn 0.71800440549850464 0.68759477138519287 -0.10808814316987991
vn 0.69584649801254272 0.68862545490264893 -0.20394262671470642
vn 0.66789579391479492 0.68325060606002808 -0.29509967565536499
vn 0.38515558838844299 0.15163816511631012 0.91030818223953247
vn 0.4169347882270813 0.17461653053760529 0.89200586080551147
vn 0.52087640762329102 0.26603460311889648 0.81111860275268555
vn 0.60663646459579468 0.36757779121398926 0.70489627122879028
vn 0.6428687572479248 0.42102870345115662 0.63988643884658813
vn 0.67401880025863647 0.47454339265823364 0.56613355875015259
vn 0.69923818111419678 0.52631884813308716 0.48379170894622803
vn -0.15954992175102234 0.98249566555023193 -0.096156768500804901
vn -0.06709926575422287 0.99719816446304321 -0.033068291842937469
vn 0.067242763936519623 0.99561226367950439 0.065074197947978973
vn 0.17220231890678406 0.97344166040420532 0.15085640549659729
vn 0.2711462676525116 0.93097996711730957 0.24445033073425293
vn 0.35980385541915894 0.86567991971969604 0.34805098176002502
vn 0.39837163686752319 0.82314258813858032 0.40464350581169128
vn 0.43165910243988037 0.77268940210342407 0.46542614698410034
vn 0.46482229232788086 0.68953663110733032 0.55540931224822998
vn 0.47805619239807129 0.58012878894805908 0.65947926044464111
vn 0.47311002016067505 0.51011776924133301 0.71829432249069214
vn 0.45967033505439758 0.43475070595741272 0.77439975738525391
vn 0.44149714708328247 0.3612668514251709 0.82131999731063843
vn 0.42244061827659607 0.29246634244918823 0.85790872573852539
vn 0.40230050683021545 0.2195809930562973 0.88878482580184937
vn 0.38515558838844299 0.15163816511631012 0.91030818223953247
vn -0.53215378522872925 -0.73460817337036133 0.42090755701065063
vn -0.53030645847320557 -0.70768052339553833 0.46686539053916931
vn -0.52337771654129028 -0.61567866802215576 0.58908027410507202
vn -0.51044553518295288 -0.52825665473937988 0.67852061986923218
vn -0.48151072859764099 -0.43375140428543091 0.76158201694488525
vn -0.41880077123641968 -0.32770407199859619 0.8468860387802124
vn -0.36520466208457947 -0.2690156102180481 0.89121049642562866
vn -0.33074688911437988 -0.23817950487136841 0.91316866874694824
vn -0.29081061482429504 -0.20653069019317627 0.93422389030456543
vn -0.22323046624660492 -0.15912158787250519 0.96169042587280273
vn -0.18672257661819458 -0.13537406921386719 0.9730408787727356
vn -0.1495097279548645 -0.11181841790676117 0.98241716623306274
vn -0.077251508831977844 -0.066230200231075287 0.99480938911437988
vn -0.017796466127038002 -0.026347322389483452 0.99949443340301514
vn 0.0059760985895991325 -0.0082682110369205475 0.99994796514511108
vn 0.02601676806807518 0.010905019007623196 0.99960201978683472
vn 0.032606646418571472 0.024421870708465576 0.99916982650756836
vn 0.012988022528588772 0.039707884192466736 0.99912691116333008
vn -0.038079775869846344 0.046956703066825867 0.99817085266113281
vn -0.10969479382038116 0.05219443142414093 0.99259394407272339
vn -0.19623586535453796 0.058902636170387268 0.97878599166870117
vn -0.28891471028327942 0.068554781377315521 0.95489710569381714
vn -0.37679919600486755 0.0805368572473526 0.92278718948364258
vn -0.47951537370681763 0.097834289073944092 0.87206274271011353
vn -0.56297773122787476 0.11390922963619232 0.8185846209526062
vn -0.62786346673965454 0.12709428369998932 0.76787662506103516
vn -0.65957105159759521 0.13357645273208618 0.73967790603637695
vn -0.69069772958755493 0.13985924422740936 0.70949000120162964
vn -0.75027251243591309 0.15129619836807251 0.64358419179916382
vn -0.77883625030517578 0.15629121661186218 0.60744315385818481
vn -0.80641824007034302 0.16064183413982391 0.56910789012908936
vn -0.83912843465805054 0.1649574339389801 0.51831704378128052
vn -0.86976593732833862 0.1678159236907959 0.46405285596847534
vn -0.91754978895187378 0.16850633919239044 0.36014994978904724
vn -0.8389592170715332 0.46846163272857666 0.27693167328834534
vn -0.67389291524887085 0.72013026475906372 0.16516867280006409
vn -0.4393652081489563 0.89757150411605835 0.036380935460329056
vn -0.44114229083061218 -0.56412774324417114 0.69796377420425415
vn -0.37032917141914368 0.13436385989189148 0.91913145780563354
vn -0.82388573884963989 -0.566733717918396 0.0050201518461108208
vn -0.93831515312194824 0.23258745670318604 0.25586667656898499
vn -0.76700323820114136 0.55936670303344727 0.31434839963912964
vn -0.6242363452911377 0.70898675918579102 0.32812610268592834
vn -0.49778071045875549 0.80240267515182495 0.32918736338615417
vn -0.33780133724212646 0.88500714302062988 0.32039442658424377
vn -0.98923468589782715 0.13933102786540985 -0.044739857316017151
vn -0.84553235769271851 0.53011143207550049 -0.06369367241859436
vn -0.67944693565368652 0.73037481307983398 -0.070032373070716858
vn -0.51696938276290894 0.85299623012542725 -0.071694694459438324
vn -0.30742385983467102 0.94899523258209229 -0.069990195333957672
vn -0.82388573884963989 -0.566733717918396 0.0050201518461108208
vn -0.96392959356307983 -0.078856252133846283 -0.25420746207237244
vn -0.85575318336486816 0.32582834362983704 -0.40189841389656067
vn -0.65621674060821533 0.59628403186798096 -0.46241208910942078
vn -0.42937296628952026 0.77013927698135376 -0.47172486782073975
vn -0.1401258260011673 0.88823980093002319 -0.4374869167804718
vn -0.82388573884963989 -0.566733717918396 0.0050201518461108208
vn -0.81925559043884277 -0.37939438223838806 -0.4299769401550293
vn -0.65038740634918213 -0.12876889109611511 -0.74860858917236328
vn -0.38724219799041748 0.12155693024396896 -0.91392964124679565
vn -0.097532883286476135 0.33059057593345642 -0.93872106075286865
vn -0.82388573884963989 -0.566733717918396 0.0050201518461108208
vn -0.56842613220214844 -0.65383285284042358 -0.4993939995765686
vn -0.23439723253250122 -0.57259500026702881 -0.78561621904373169
vn 0.05660754069685936 -0.43146109580993652 -0.90035378932952881
vn -0.82388573884963989 -0.566733717918396 0.0050201518461108208
vn -0.32162350416183472 -0.8292650580406189 -0.45703154802322388
vn 0.062236890196800232 -0.78058171272277832 -0.6219475269317627
vn -0.82388573884963989 -0.566733717918396 0.0050201518461108208
vn -0.82388573884963989 -0.566733717918396 0.0050201518461108208
vn -0.41427084803581238 -0.87117743492126465 0.26349487900733948
vn -0.82388573884963989 -0.566733717918396 0.0050201518461108208
vn -0.64368534088134766 -0.62693208456039429 0.43889102339744568
vn -0.82388573884963989 -0.566733717918396 0.0050201518461108208
vn -0.81029987335205078 -0.29545986652374268 0.50608062744140625
vn -0.61527186632156372 -0.013227967545390129 0.78820401430130005
vn -0.38070818781852722 0.20784255862236023 0.90103423595428467
vn -0.14917980134487152 0.37509298324584961 0.91490471363067627
vn -0.82388573884963989 -0.566733717918396 0.0050201518461108208
vn -0.88682198524475098 -0.0050612995401024818 0.46208345890045166
vn -0.70665079355239868 0.33430132269859314 0.6236082911491394
vn -0.52981984615325928 0.51941460371017456 0.67044717073440552
vn -0.36598607897758484 0.64012384414672852 0.67549663782119751
vn -0.162454754114151 0.7446022629737854 0.64743798971176147
vn -0.93831515312194824 0.23258745670318604 0.25586667656898499
vn -0.76700323820114136 0.55936670303344727 0.31434839963912964
vn -0.6242363452911377 0.70898675918579102 0.32812610268592834
vn -0.49778071045875549 0.80240267515182495 0.32918736338615417
vn -0.33780133724212646 0.88500714302062988 0.32039442658424377
vn -0.97921472787857056 -0.20148733258247375 -0.023268444463610649
vn -0.96451610326766968 0.23126761615276337 0.1273733377456665
vn -0.97905927896499634 -0.12176251411437988 0.16314658522605896
vn -0.82388573884963989 -0.566733717918396 0.0050201518461108208
vn -0.98833549022674561 -0.12908332049846649 0.080811388790607452
vn -0.46292203664779663 -0.87272489070892334 -0.15509487688541412
vn -0.17225557565689087 -0.91671735048294067 -0.36049595475196838
vn -0.5959973931312561 -0.75962132215499878 -0.26031234860420227
vn -0.82388573884963989 -0.566733717918396 0.0050201518461108208
vn -0.50230509042739868 -0.83642321825027466 -0.21928480267524719
vn -0.53680670261383057 -0.8430747389793396 0.032612640410661697
vn -0.82388573884963989 -0.566733717918396 0.0050201518461108208
vn -0.47259268164634705 -0.87831491231918335 -0.072243116796016693
vn -0.97905927896499634 -0.12176251411437988 0.16314658522605896
vn -0.91646218299865723 0.16351602971553802 0.36518433690071106
vn -0.92023921012878418 -0.28463730216026306 0.26859152317047119
vn -0.82388573884963989 -0.566733717918396 0.0050201518461108208
vn -0.9587550163269043 -0.17078901827335358 0.2272002100944519
vn -0.072475053369998932 -0.19175270199775696 0.9787636399269104
vn -0.10095088183879852 -0.24325737357139587 0.96469414234161377
vn -0.16440539062023163 -0.34953248500823975 0.92238706350326538
vn -0.27072864770889282 -0.5266837477684021 0.80579787492752075
vn -0.3398081362247467 -0.67980670928955078 0.64991790056228638
vn -0.3549618124961853 -0.85581588745117188 0.37627282738685608
vn -0.26135155558586121 -0.9639398455619812 0.05015275627374649
vn -0.17162966728210449 -0.97766906023025513 -0.12127013504505157
vn -0.079475276172161102 -0.96280598640441895 -0.25824090838432312
vn 0.028940027579665184 -0.91876864433288574 -0.39373427629470825
vn 0.11145089566707611 -0.86433452367782593 -0.49041256308555603
vn 0.18657228350639343 -0.7863544225692749 -0.58892917633056641
vn 0.22671215236186981 -0.71635693311691284 -0.65987449884414673
vn 0.2606150209903717 -0.59307658672332764 -0.76180046796798706
vn 0.26858833432197571 -0.50656908750534058 -0.81929731369018555
vn 0.26825618743896484 -0.39059627056121826 -0.88060957193374634
vn 0.26225075125694275 -0.29841470718383789 -0.91769993305206299
vn 0.21022169291973114 0.062959566712379456 -0.97562438249588013
vn 0.11793290823698044 0.45459699630737305 -0.88285523653030396
vn 0.022057777270674706 0.74902361631393433 -0.66217601299285889
vn -0.045625012367963791 0.90744996070861816 -0.41767558455467224
vn -0.087985411286354065 0.98448854684829712 -0.15179230272769928
vn -0.093990728259086609 0.99345207214355469 -0.064951956272125244
vn -0.090151168406009674 0.98786604404449463 0.12646503746509552
vn -0.066697359085083008 0.95595747232437134 0.28582656383514404
vn -0.066697359085083008 0.95595747232437134 0.28582656383514404
vn -0.028096882626414299 0.89755791425704956 0.44000035524368286
vn 0.019374363124370575 0.80417513847351074 0.59407657384872437
vn 0.019885320216417313 0.80296218395233154 0.59569817781448364
vn 0.026856563985347748 0.7843862771987915 0.61969095468521118
vn 0.041370462626218796 0.72321146726608276 0.68938642740249634
vn 0.048269052058458328 0.65375238656997681 0.75516748428344727
vn 0.049660887569189072 0.57568728923797607 0.81616050004959106
vn 0.047114796936511993 0.48807445168495178 0.87152940034866333
vn 0.034915544092655182 0.30526021122932434 0.95162868499755859
vn 0.0099306739866733551 0.093138672411441803 0.99560362100601196
vn 0.0094207366928458214 0.089939288794994354 0.99590271711349487
vn -0.0047547277063131332 0.012441619299352169 0.99991130828857422
vn -0.09902258962392807 -0.79451322555541992 -0.59911876916885376
vn -0.58675765991210938 -0.79861354827880859 0.13390983641147614
vn -0.6662670373916626 -0.60379958152770996 0.43762344121932983
vn -0.67129272222518921 -0.45711180567741394 0.58345085382461548
vn -0.65417802333831787 -0.32315802574157715 0.68382745981216431
vn -0.60502976179122925 -0.13787904381752014 0.78417366743087769
vn -0.7083745002746582 -0.68951433897018433 -0.15091550350189209
vn -0.88008606433868408 -0.45105233788490295 0.14832504093647003
vn -0.90961641073226929 -0.25936651229858398 0.32454130053520203
vn -0.88659846782684326 -0.085938610136508942 0.45448625087738037
vn -0.79872816801071167 0.13597501814365387 0.58612632751464844
vn -0.09902258962392807 -0.79451322555541992 -0.59911876916885376
vn -0.65493714809417725 -0.60665273666381836 -0.45058825612068176
vn -0.92366266250610352 -0.31093823909759521 -0.22397477924823761
vn -0.99911409616470337 -0.038418319076299667 -0.017177997156977654
vn -0.9646528959274292 0.20462906360626221 0.1660473495721817
vn -0.09902258962392807 -0.79451322555541992 -0.59911876916885376
vn -0.44849568605422974 -0.4669223427772522 -0.76212543249130249
vn -0.66927498579025269 -0.060128290206193924 -0.74057787656784058
vn -0.74584317207336426 0.31896686553955078 -0.58478891849517822
vn -0.09902258962392807 -0.79451322555541992 -0.59911876916885376
vn -0.10779581218957901 0.49626219272613525 -0.8614545464515686
vn -0.09902258962392807 -0.79451322555541992 -0.59911876916885376
vn -0.09902258962392807 -0.79451322555541992 -0.59911876916885376
vn -0.09902258962392807 -0.79451322555541992 -0.59911876916885376
vn -0.09902258962392807 -0.79451322555541992 -0.59911876916885376
vn -0.09902258962392807 -0.79451322555541992 -0.59911876916885376
vn -0.29440769553184509 -0.94772100448608398 0.12308116257190704
vn -0.32615405321121216 -0.62329387664794922 0.71072375774383545
vn -0.30406928062438965 -0.44928392767906189 0.84005105495452881
vn -0.2562447190284729 -0.20239229500293732 0.94518572092056274
vn -0.58675765991210938 -0.79861354827880859 0.13390983641147614
vn -0.6662670373916626 -0.60379958152770996 0.43762344121932983
vn -0.67129272222518921 -0.45711180567741394 0.58345085382461548
vn -0.65417802333831787 -0.32315802574157715 0.68382745981216431
vn -0.60502976179122925 -0.13787904381752014 0.78417366743087769
vn -0.46405494213104248 -0.79762887954711914 -0.38528063893318176
vn -0.66622781753540039 -0.74473953247070312 0.038775809109210968
vn -0.42309683561325073 -0.88492083549499512 -0.19468995928764343
vn -0.09902258962392807 -0.79451322555541992 -0.59911876916885376
vn -0.46577894687652588 -0.84571528434753418 -0.26041439175605774
vn -0.12354801595211029 -0.57005643844604492 -0.81226319074630737
vn -0.038875747472047806 -0.52939975261688232 -0.84748131036758423
vn -0.09902258962392807 -0.79451322555541992 -0.59911876916885376
vn -0.09902258962392807 -0.79451322555541992 -0.59911876916885376
vn -0.09902258962392807 -0.79451322555541992 -0.59911876916885376
vn -0.42309683561325073 -0.88492083549499512 -0.19468995928764343
vn -0.47353175282478333 -0.86493128538131714 0.16631759703159332
vn -0.22154006361961365 -0.94889450073242188 -0.22476471960544586
vn -0.09902258962392807 -0.79451322555541992 -0.59911876916885376
vn -0.34467366337776184 -0.92125320434570312 -0.18025714159011841
vn -0.44795879721641541 0.20521341264247894 0.87018412351608276
vn -0.31017276644706726 0.16527619957923889 0.93620330095291138
vn -0.17627115547657013 0.10480958968400955 0.97874581813812256
vn -0.071024984121322632 0.026920679956674576 0.99711120128631592
vn 0.0050572147592902184 -0.07203008234500885 0.99738961458206177
vn 0.047153584659099579 -0.22355656325817108 0.97354966402053833
vn 0.027318079024553299 -0.37154257297515869 0.92801392078399658
vn -0.028746593743562698 -0.49660947918891907 0.86749792098999023
vn -0.096332602202892303 -0.59517616033554077 0.79780030250549316
vn -0.13583666086196899 -0.64376354217529297 0.75307160615921021
vn -0.1875559538602829 -0.70455825328826904 0.68441247940063477
vn -0.23085400462150574 -0.75927960872650146 0.60844141244888306
vn -0.26373979449272156 -0.81294256448745728 0.51919716596603394
vn -0.28234529495239258 -0.86980849504470825 0.40461620688438416
vn -0.27621591091156006 -0.93072050809860229 0.23971676826477051
vn -0.21490538120269775 -0.97613626718521118 -0.031203083693981171
vn -0.13316529989242554 -0.95822066068649292 -0.25314062833786011
vn -0.18703287839889526 0.65781253576278687 -0.72958987951278687
vn -0.25191038846969604 0.67191118001937866 -0.69647437334060669
vn -0.39843472838401794 0.6913602352142334 -0.60271954536437988
vn -0.55250197649002075 0.68968313932418823 -0.46805846691131592
vn -0.68432164192199707 0.66155236959457397 -0.30667966604232788
vn -0.78706949949264526 0.60546708106994629 -0.11803074926137924
vn -0.85332918167114258 0.50322943925857544 0.13634301722049713
vn -0.84945845603942871 0.41610628366470337 0.32446247339248657
vn -0.77634161710739136 0.31604906916618347 0.54535001516342163
vn -0.70863121747970581 0.27656832337379456 0.6491161584854126
vn -0.59210491180419922 0.23880894482135773 0.76966357231140137
vn -0.44795879721641541 0.20521341264247894 0.87018412351608276
vn -0.073704235255718231 -0.91522377729415894 -0.39614784717559814
vn -0.043427623808383942 -0.88069528341293335 -0.47168830037117004
vn -0.016583370044827461 -0.84067916870117188 -0.54127955436706543
vn 0.0021825614385306835 -0.80568641424179077 -0.59233826398849487
vn 0.018277689814567566 -0.76913255453109741 -0.6388278603553772
vn 0.042281180620193481 -0.69444340467453003 -0.71830403804779053
vn 0.050313249230384827 -0.65719723701477051 -0.75203746557235718
vn 0.055695615708827972 -0.62092852592468262 -0.78188604116439819
vn 0.058887962251901627 -0.55261605978012085 -0.83135294914245605
vn 0.049574930220842361 -0.47685596346855164 -0.87758231163024902
vn 0.020177099853754044 -0.40109449625015259 -0.91581445932388306
vn -0.019235704094171524 -0.34896776080131531 -0.93693727254867554
vn -0.07414795458316803 -0.302470862865448 -0.95027017593383789
vn -0.13671234250068665 -0.26056119799613953 -0.95572882890701294
vn -0.19456866383552551 -0.21700061857700348 -0.95658445358276367
vn -0.23435822129249573 -0.16185097396373749 -0.95858252048492432
vn -0.23543727397918701 -0.085874967277050018 -0.96808820962905884
vn -0.21376875042915344 -0.038427334278821945 -0.9761282205581665
vn -0.17431935667991638 0.01443955022841692 -0.98458331823348999
vn -0.13467152416706085 0.054937500506639481 -0.98936617374420166
vn -0.049482490867376328 0.12459602206945419 -0.99097293615341187
vn 0.036043636500835419 0.18334035575389862 -0.98238849639892578
vn 0.073822773993015289 0.20801635086536407 -0.97533553838729858
vn 0.10718419402837753 0.2301487922668457 -0.96723473072052002
vn 0.15982611477375031 0.26859104633331299 -0.94990235567092896
vn 0.18538159132003784 0.29143840074539185 -0.93845474720001221
vn 0.20378828048706055 0.31234323978424072 -0.92785346508026123
vn 0.22379806637763977 0.34993815422058105 -0.90964704751968384
vn 0.22006647288799286 0.41534271836280823 -0.8826444149017334
vn 0.17905135452747345 0.47531446814537048 -0.8614039421081543
vn 0.10497824102640152 0.53565466403961182 -0.83788645267486572
vn -0.032310612499713898 0.60750645399093628 -0.79365730285644531
vn -0.092527896165847778 0.63026511669158936 -0.77084660530090332
f 4/4/4 8/8/8 10/10/10 7/7/7
f 8/8/8 3/3/3 9/9/9 10/10/10
f 3/3/3 8/8/8 12/12/12
f 11/11/11 12/12/12 8/8/8 4/4/4
f 13/13/13 2/2/2 1/1/1
f 59/59/59 14/14/14 15/15/15
f 58/58/58 59/59/59 15/15/15
f 62/62/62 13/13/13 14/14/14
f 14/14/14 59/59/59 60/60/60
f 58/58/58 15/15/15 57/57/57
f 16/16/16 57/57/57 15/15/15
f 16/16/16 56/56/56 57/57/57
f 16/16/16 55/55/55 56/56/56
f 54/54/54 55/55/55 9/9/9
f 64/64/64 2/2/2 63/63/63
f 63/63/63 2/2/2 13/13/13
f 2/2/2 65/65/65 66/66/66
f 2/2/2 64/64/64 65/65/65
f 67/67/67 2/2/2 66/66/66
f 61/61/61 62/62/62 14/14/14
f 53/53/53 3/3/3 52/52/52
f 3/3/3 53/53/53 54/54/54
f 62/62/62 63/63/63 13/13/13
f 61/61/61 14/14/14 60/60/60
f 55/55/55 16/16/16 9/9/9
f 17/17/17 18/18/18 10/10/10 9/9/9
f 20/20/20 7/7/7 19/19/19
f 161/161/161 162/162/162 20/20/20
f 18/18/18 19/19/19 7/7/7 10/10/10
f 163/163/163 20/20/20 162/162/162
f 20/20/20 21/21/21 158/158/158
f 20/20/20 160/160/160 161/161/161
f 20/20/20 159/159/159 160/160/160
f 20/20/20 158/158/158 159/159/159
f 51/51/51 3/3/3 50/50/50
f 3/3/3 51/51/51 52/52/52
f 3/3/3 54/54/54 9/9/9
f 7/7/7 164/164/164 4/4/4
f 4/4/4 164/164/164 165/165/165
f 166/166/166 11/11/11 4/4/4
f 165/165/165 166/166/166 4/4/4
f 163/163/163 164/164/164 7/7/7
f 20/20/20 163/163/163 7/7/7
f 166/166/166 167/167/167 11/11/11
f 17/17/17 9/9/9 16/16/16
f 2/2/2 68/68/68 34/34/34
f 34/34/34 70/70/70 71/71/71
f 34/34/34 69/69/69 70/70/70
f 34/34/34 68/68/68 69/69/69
f 33/33/33 72/72/72 73/73/73
f 33/33/33 74/74/74 36/36/36
f 33/33/33 73/73/73 74/74/74
f 33/33/33 71/71/71 72/72/72
f 33/33/33 37/37/37 38/38/38
f 35/35/35 2/2/2 34/34/34
f 33/33/33 34/34/34 71/71/71
f 33/33/33 38/38/38 32/32/32
f 33/33/33 36/36/36 37/37/37
f 31/31/31 42/42/42 43/43/43
f 31/31/31 32/32/32 41/41/41
f 32/32/32 39/39/39 40/40/40
f 41/41/41 32/32/32 40/40/40
f 38/38/38 39/39/39 32/32/32
f 31/31/31 41/41/41 42/42/42
f 43/43/43 44/44/44 31/31/31
f 68/68/68 2/2/2 67/67/67
f 49/49/49 50/50/50 3/3/3
f 48/48/48 30/30/30 47/47/47
f 3/3/3 48/48/48 49/49/49
f 48/48/48 12/12/12 30/30/30
f 12/12/12 48/48/48 3/3/3
f 11/11/11 167/167/167 27/27/27
f 142/142/142 143/143/143 26/26/26
f 26/26/26 141/141/141 142/142/142
f 12/12/12 11/11/11 28/28/28 29/29/29
f 25/25/25 146/146/146 24/24/24
f 167/167/167 141/141/141 27/27/27
f 31/31/31 45/45/45 46/46/46
f 46/46/46 30/30/30 31/31/31
f 47/47/47 30/30/30 46/46/46
f 12/12/12 29/29/29 30/30/30
f 44/44/44 45/45/45 31/31/31
f 27/27/27 28/28/28 11/11/11
f 145/145/145 25/25/25 144/144/144
f 26/26/26 27/27/27 141/141/141
f 25/25/25 26/26/26 143/143/143
f 25/25/25 145/145/145 146/146/146
f 25/25/25 143/143/143 144/144/144
f 24/24/24 146/146/146 147/147/147
f 156/156/156 157/157/157 168/168/168
f 156/156/156 168/168/168 155/155/155
f 155/155/155 168/168/168 154/154/154
f 171/171/171 168/168/168 169/169/169
f 81/81/81 170/170/170 80/80/80
f 82/82/82 83/83/83 169/169/169
f 81/81/81 82/82/82 169/169/169
f 81/81/81 169/169/169 170/170/170
f 169/169/169 83/83/83 84/84/84
f 126/126/126 154/154/154 168/168/168
f 169/169/169 85/85/85 171/171/171
f 152/152/152 153/153/153 128/128/128
f 154/154/154 127/127/127 153/153/153
f 86/86/86 171/171/171 85/85/85
f 86/86/86 87/87/87 171/171/171
f 90/90/90 121/121/121 89/89/89
f 89/89/89 171/171/171 88/88/88
f 88/88/88 171/171/171 87/87/87
f 85/85/85 169/169/169 84/84/84
f 90/90/90 91/91/91 120/120/120
f 79/79/79 80/80/80 170/170/170
f 170/170/170 75/75/75 76/76/76
f 170/170/170 77/77/77 78/78/78
f 170/170/170 76/76/76 77/77/77
f 106/106/106 107/107/107 108/108/108
f 110/110/110 106/106/106 109/109/109
f 108/108/108 109/109/109 106/106/106
f 105/105/105 106/106/106 110/110/110
f 5/5/5 104/104/104 105/105/105
f 139/139/139 96/96/96 97/97/97
f 92/92/92 119/119/119 91/91/91
f 97/97/97 98/98/98 138/138/138
f 104/104/104 5/5/5 103/103/103
f 103/103/103 5/5/5 102/102/102
f 5/5/5 100/100/100 101/101/101
f 138/138/138 99/99/99 100/100/100
f 101/101/101 102/102/102 5/5/5
f 138/138/138 98/98/98 99/99/99
f 105/105/105 110/110/110 5/5/5
f 170/170/170 78/78/78 79/79/79
f 151/151/151 131/131/131 150/150/150
f 132/132/132 149/149/149 150/150/150
f 129/129/129 151/151/151 152/152/152
f 151/151/151 129/129/129 130/130/130
f 152/152/152 128/128/128 129/129/129
f 125/125/125 171/171/171 124/124/124
f 127/127/127 128/128/128 153/153/153
f 171/171/171 123/123/123 124/124/124
f 168/168/168 125/125/125 126/126/126
f 154/154/154 126/126/126 127/127/127
f 149/149/149 133/133/133 23/23/23
f 133/133/133 149/149/149 132/132/132
f 24/24/24 148/148/148 23/23/23
f 23/23/23 148/148/148 149/149/149
f 134/134/134 23/23/23 133/133/133
f 147/147/147 148/148/148 24/24/24
f 131/131/131 132/132/132 150/150/150
f 23/23/23 136/136/136 22/22/22
f 23/23/23 135/135/135 136/136/136
f 23/23/23 134/134/134 135/135/135
f 131/131/131 151/151/151 130/130/130
f 123/123/123 171/171/171 122/122/122
f 121/121/121 122/122/122 171/171/171
f 89/89/89 121/121/121 171/171/171
f 91/91/91 119/119/119 120/120/120
f 121/121/121 90/90/90 120/120/120
f 117/117/117 94/94/94 95/95/95
f 117/117/117 93/93/93 94/94/94
f 118/118/118 93/93/93 117/117/117
f 95/95/95 139/139/139 117/117/117
f 139/139/139 97/97/97 138/138/138
f 100/100/100 5/5/5 137/137/137
f 119/119/119 93/93/93 118/118/118
f 168/168/168 171/171/171 125/125/125
f 140/140/140 114/114/114 115/115/115
f 140/140/140 112/112/112 113/113/113
f 140/140/140 111/111/111 112/112/112
f 113/113/113 114/114/114 140/140/140
f 140/140/140 116/116/116 139/139/139
f 139/139/139 116/116/116 117/117/117
f 115/115/115 116/116/116 140/140/140
f 139/139/139 95/95/95 96/96/96
f 138/138/138 100/100/100 137/137/137
f 137/137/137 5/5/5 6/6/6
f 93/93/93 119/119/119 92/92/92
f 204/204/204 203/203/203 179/179/179
f 181/181/181 180/180/180 202/202/202
f 202/202/202 180/180/180 203/203/203
f 178/178/178 205/205/205 204/204/204
f 204/204/204 179/179/179 178/178/178
f 179/179/179 203/203/203 180/180/180
f 177/177/177 205/205/205 178/178/178
f 201/201/201 200/200/200 183/183/183
f 200/200/200 199/199/199 185/185/185
f 182/182/182 202/202/202 201/201/201
f 183/183/183 200/200/200 184/184/184
f 198/198/198 187/187/187 199/199/199
f 199/199/199 186/186/186 185/185/185
f 185/185/185 184/184/184 200/200/200
f 182/182/182 201/201/201 183/183/183
f 182/182/182 181/181/181 202/202/202
f 205/205/205 177/177/177 206/206/206
f 206/206/206 176/176/176 175/175/175
f 206/206/206 177/177/177 176/176/176
f 206/206/206 174/174/174 173/173/173
f 195/195/195 194/194/194 193/193/193
f 172/172/172 206/206/206 173/173/173
f 174/174/174 206/206/206 175/175/175
f 188/188/188 198/198/198 189/189/189
f 189/189/189 198/198/198 197/197/197
f 190/190/190 189/189/189 197/197/197
f 188/188/188 187/187/187 198/198/198
f 196/196/196 192/192/192 191/191/191
f 190/190/190 196/196/196 191/191/191
f 195/195/195 192/192/192 196/196/196
f 197/197/197 196/196/196 190/190/190
f 195/195/195 193/193/193 192/192/192
f 186/186/186 199/199/199 187/187/187
f 235/235/235 226/226/226 234/234/234
f 236/236/236 225/225/225 235/235/235
f 234/234/234 226/226/226 227/227/227
f 236/236/236 224/224/224 225/225/225
f 225/225/225 226/226/226 235/235/235
f 224/224/224 236/236/236 237/237/237
f 228/228/228 234/234/234 227/227/227
f 244/244/244 245/245/245 222/222/222
f 243/243/243 244/244/244 223/223/223
f 243/243/243 224/224/224 237/237/237
f 246/246/246 221/221/221 245/245/245
f 244/244/244 222/222/222 223/223/223
f 246/246/246 220/220/220 221/221/221
f 221/221/221 222/222/222 245/245/245
f 220/220/220 246/246/246 219/219/219
f 223/223/223 224/224/224 243/243/243
f 229/229/229 230/230/230 233/233/233
f 229/229/229 233/233/233 234/234/234
f 229/229/229 234/234/234 228/228/228
f 233/233/233 231/231/231 232/232/232
f 230/230/230 231/231/231 233/233/233
f 218/218/218 251/251/251 217/217/217
f 216/216/216 208/208/208 215/215/215
f 260/260/260 216/216/216 217/217/217
f 209/209/209 211/211/211 212/212/212
f 209/209/209 213/213/213 214/214/214
f 209/209/209 212/212/212 213/213/213
f 208/208/208 214/214/214 215/215/215
f 248/248/248 218/218/218 219/219/219
f 209/209/209 210/210/210 211/211/211
f 246/246/246 247/247/247 219/219/219
f 237/237/237 241/241/241 242/242/242
f 237/237/237 240/240/240 241/241/241
f 249/249/249 250/250/250 218/218/218
f 248/248/248 249/249/249 218/218/218
f 237/237/237 242/242/242 243/243/243
f 237/237/237 238/238/238 239/239/239
f 207/207/207 267/267/267 268/268/268
f 207/207/207 263/263/263 264/264/264
f 207/207/207 265/265/265 266/266/266
f 207/207/207 264/264/264 265/265/265
f 266/266/266 267/267/267 207/207/207
f 239/239/239 240/240/240 237/237/237
f 251/251/251 252/252/252 217/217/217
f 253/253/253 254/254/254 217/217/217
f 252/252/252 253/253/253 217/217/217
f 255/255/255 256/256/256 217/217/217
f 257/257/257 258/258/258 217/217/217
f 256/256/256 257/257/257 217/217/217
f 254/254/254 255/255/255 217/217/217
f 259/259/259 260/260/260 217/217/217
f 261/261/261 216/216/216 260/260/260
f 208/208/208 216/216/216 261/261/261
f 214/214/214 208/208/208 209/209/209
f 262/262/262 208/208/208 261/261/261
f 262/262/262 263/263/263 208/208/208
f 208/208/208 263/263/263 207/207/207
f 259/259/259 217/217/217 258/258/258
f 251/251/251 218/218/218 250/250/250
f 247/247/247 248/248/248 219/219/219
f 290/290/290 269/269/269 289/289/289
f 290/290/290 288/288/288 287/287/287
f 289/289/289 288/288/288 290/290/290
f 291/291/291 290/290/290 286/286/286
f 290/290/290 287/287/287 286/286/286
f 291/291/291 286/286/286 285/285/285
f 284/284/284 283/283/283 274/274/274
f 283/283/283 282/282/282 275/275/275
f 284/284/284 291/291/291 285/285/285
f 291/291/291 284/284/284 273/273/273
f 272/272/272 291/291/291 273/273/273
f 273/273/273 284/284/284 274/274/274
f 275/275/275 282/282/282 276/276/276
f 276/276/276 282/282/282 277/277/277
f 274/274/274 283/283/283 275/275/275
f 279/279/279 278/278/278 280/280/280
f 281/281/281 280/280/280 277/277/277
f 280/280/280 278/278/278 277/277/277
f 279/279/279 271/271/271 278/278/278
f 281/281/281 277/277/277 282/282/282
f 270/270/270 291/291/291 272/272/272
f 302/302/302 294/294/294 293/293/293 301/301/301
f 303/303/303 295/295/295 294/294/294 302/302/302
f 304/304/304 296/296/296 295/295/295 303/303/303
f 305/305/305 297/297/297 296/296/296 304/304/304
f 306/306/306 298/298/298 297/297/297 305/305/305
f 307/307/307 299/299/299 298/298/298 306/306/306
f 310/310/310 302/302/302 301/301/301 309/309/309
f 311/311/311 303/303/303 302/302/302 310/310/310
f 312/312/312 304/304/304 303/303/303 311/311/311
f 313/313/313 305/305/305 304/304/304 312/312/312
f 314/314/314 306/306/306 305/305/305 313/313/313
f 315/315/315 307/307/307 306/306/306 314/314/314
f 318/318/318 310/310/310 309/309/309 317/317/317
f 319/319/319 311/311/311 310/310/310 318/318/318
f 320/320/320 312/312/312 311/311/311 319/319/319
f 321/321/321 313/313/313 312/312/312 320/320/320
f 322/322/322 314/314/314 313/313/313 321/321/321
f 323/323/323 315/315/315 314/314/314 322/322/322
f 325/325/325 318/318/318 317/317/317 324/324/324
f 326/326/326 319/319/319 318/318/318 325/325/325
f 327/327/327 320/320/320 319/319/319 326/326/326
f 321/321/321 320/320/320 327/327/327
f 329/329/329 325/325/325 324/324/324 328/328/328
f 330/330/330 326/326/326 325/325/325 329/329/329
f 331/331/331 327/327/327 326/326/326 330/330/330
f 334/334/334 329/329/329 328/328/328 333/333/333
f 335/335/335 330/330/330 329/329/329 334/334/334
f 336/336/336 331/331/331 330/330/330 335/335/335
f 337/337/337 332/332/332 331/331/331 336/336/336
f 332/332/332 337/337/337 338/338/338
f 342/342/342 334/334/334 333/333/333 341/341/341
f 343/343/343 335/335/335 334/334/334 342/342/342
f 344/344/344 336/336/336 335/335/335 343/343/343
f 345/345/345 337/337/337 336/336/336 344/344/344
f 346/346/346 338/338/338 337/337/337 345/345/345
f 347/347/347 339/339/339 338/338/338 346/346/346
f 350/350/350 342/342/342 341/341/341 349/349/349
f 351/351/351 343/343/343 342/342/342 350/350/350
f 352/352/352 344/344/344 343/343/343 351/351/351
f 353/353/353 345/345/345 344/344/344 352/352/352
f 354/354/354 346/346/346 345/345/345 353/353/353
f 355/355/355 347/347/347 346/346/346 354/354/354
f 358/358/358 350/350/350 349/349/349 357/357/357
f 359/359/359 351/351/351 350/350/350 358/358/358
f 360/360/360 352/352/352 351/351/351 359/359/359
f 361/361/361 353/353/353 352/352/352 360/360/360
f 362/362/362 354/354/354 353/353/353 361/361/361
f 363/363/363 355/355/355 354/354/354 362/362/362
f 367/367/367 359/359/359 358/358/358 366/366/366
f 368/368/368 360/360/360 359/359/359 367/367/367
f 369/369/369 361/361/361 360/360/360 368/368/368
f 370/370/370 362/362/362 361/361/361 369/369/369
f 371/371/371 363/363/363 362/362/362 370/370/370
f 374/374/374 366/366/366 365/365/365 373/373/373
f 375/375/375 367/367/367 366/366/366 374/374/374
f 376/376/376 368/368/368 367/367/367 375/375/375
f 377/377/377 369/369/369 368/368/368 376/376/376
f 378/378/378 370/370/370 369/369/369 377/377/377
f 380/380/380 374/374/374 373/373/373 379/379/379
f 381/381/381 375/375/375 374/374/374 380/380/380
f 385/385/385 380/380/380 379/379/379 384/384/384
f 386/386/386 381/381/381 380/380/380 385/385/385
f 387/387/387 382/382/382 381/381/381 386/386/386
f 292/292/292 392/392/392 301/301/301 293/293/293
f 301/301/301 392/392/392 393/393/393
f 394/394/394 395/395/395 317/317/317 309/309/309
f 324/324/324 396/396/396 397/397/397
f 317/317/317 395/395/395 396/396/396
f 309/309/309 393/393/393 394/394/394
f 309/309/309 301/301/301 393/393/393
f 421/421/421 422/422/422 321/321/321
f 321/321/321 327/327/327 332/332/332
f 332/332/332 421/421/421 321/321/321
f 324/324/324 317/317/317 396/396/396
f 328/328/328 324/324/324 397/397/397 398/398/398
f 328/328/328 398/398/398 399/399/399
f 399/399/399 333/333/333 328/328/328
f 333/333/333 399/399/399 400/400/400
f 400/400/400 401/401/401 341/341/341 333/333/333
f 349/349/349 341/341/341 401/401/401 402/402/402
f 332/332/332 419/419/419 420/420/420
f 332/332/332 417/417/417 418/418/418
f 418/418/418 419/419/419 332/332/332
f 415/415/415 416/416/416 332/332/332
f 332/332/332 416/416/416 417/417/417
f 421/421/421 332/332/332 420/420/420
f 327/327/327 331/331/331 332/332/332
f 349/349/349 402/402/402 403/403/403
f 425/425/425 426/426/426 322/322/322
f 307/307/307 308/308/308 300/300/300 299/299/299
f 323/323/323 322/322/322 426/426/426
f 423/423/423 424/424/424 321/321/321
f 322/322/322 424/424/424 425/425/425
f 321/321/321 424/424/424 322/322/322
f 321/321/321 422/422/422 423/423/423
f 308/308/308 307/307/307 315/315/315 316/316/316
f 316/316/316 315/315/315 323/323/323
f 316/316/316 427/427/427 428/428/428
f 426/426/426 427/427/427 323/323/323
f 428/428/428 405/405/405 316/316/316
f 427/427/427 316/316/316 323/323/323
f 414/414/414 415/415/415 332/332/332
f 412/412/412 413/413/413 332/332/332
f 414/414/414 332/332/332 413/413/413
f 410/410/410 411/411/411 332/332/332
f 408/408/408 409/409/409 338/338/338
f 410/410/410 338/338/338 409/409/409
f 411/411/411 412/412/412 332/332/332
f 332/332/332 338/338/338 410/410/410
f 407/407/407 408/408/408 339/339/339
f 339/339/339 408/408/408 338/338/338
f 407/407/407 340/340/340 406/406/406
f 340/340/340 407/407/407 339/339/339
f 348/348/348 347/347/347 355/355/355 356/356/356
f 347/347/347 348/348/348 340/340/340 339/339/339
f 450/450/450 403/403/403 404/404/404
f 451/451/451 403/403/403 450/450/450
f 459/459/459 460/460/460 461/461/461
f 403/403/403 451/451/451 452/452/452
f 357/357/357 403/403/403 452/452/452
f 357/357/357 453/453/453 454/454/454
f 357/357/357 455/455/455 358/358/358
f 455/455/455 357/357/357 454/454/454
f 452/452/452 453/453/453 357/357/357
f 365/365/365 457/457/457 458/458/458
f 366/366/366 358/358/358 455/455/455
f 456/456/456 457/457/457 365/365/365
f 456/456/456 366/366/366 455/455/455
f 458/458/458 459/459/459 365/365/365
f 373/373/373 461/461/461 462/462/462
f 461/461/461 373/373/373 365/365/365
f 462/462/462 463/463/463 379/379/379 373/373/373
f 459/459/459 461/461/461 365/365/365
f 379/379/379 463/463/463 464/464/464
f 383/383/383 384/384/384 464/464/464
f 379/379/379 464/464/464 384/384/384
f 375/375/375 440/440/440 441/441/441
f 440/440/440 375/375/375 439/439/439
f 375/375/375 381/381/381 439/439/439
f 381/381/381 438/438/438 439/439/439
f 381/381/381 437/437/437 438/438/438
f 456/456/456 365/365/365 366/366/366
f 441/441/441 376/376/376 375/375/375
f 444/444/444 377/377/377 376/376/376
f 371/371/371 370/370/370 378/378/378
f 378/378/378 377/377/377 446/446/446
f 377/377/377 444/444/444 445/445/445
f 378/378/378 446/446/446 447/447/447
f 377/377/377 445/445/445 446/446/446
f 444/444/444 376/376/376 443/443/443
f 448/448/448 378/378/378 447/447/447
f 364/364/364 363/363/363 371/371/371 372/372/372
f 363/363/363 364/364/364 356/356/356 355/355/355
f 371/371/371 449/449/449 372/372/372
f 449/449/449 429/429/429 372/372/372
f 448/448/448 449/449/449 371/371/371
f 371/371/371 378/378/378 448/448/448
f 436/436/436 437/437/437 382/382/382
f 376/376/376 442/442/442 443/443/443
f 388/388/388 434/434/434 382/382/382
f 381/381/381 382/382/382 437/437/437
f 382/382/382 434/434/434 435/435/435
f 388/388/388 382/382/382 387/387/387
f 436/436/436 382/382/382 435/435/435
f 389/389/389 432/432/432 433/433/433
f 390/390/390 430/430/430 431/431/431
f 431/431/431 432/432/432 389/389/389
f 433/433/433 388/388/388 389/389/389
f 430/430/430 390/390/390 391/391/391
f 431/431/431 389/389/389 390/390/390
f 388/388/388 433/433/433 434/434/434
f 442/442/442 376/376/376 441/441/441
f 357/357/357 349/349/349 403/403/403
f 466/466/466 511/511/511 512/512/512
f 474/474/474 473/473/473 467/467/467
f 476/476/476 475/475/475 469/469/469 470/470/470
f 477/477/477 476/476/476 470/470/470 471/471/471
f 478/478/478 477/477/477 471/471/471 472/472/472
f 479/479/479 478/478/478 472/472/472 473/473/473
f 480/480/480 479/479/479 473/473/473
f 482/482/482 481/481/481 475/475/475 476/476/476
f 483/483/483 482/482/482 476/476/476 477/477/477
f 484/484/484 483/483/483 477/477/477 478/478/478
f 485/485/485 484/484/484 478/478/478 479/479/479
f 479/479/479 515/515/515 485/485/485
f 480/480/480 515/515/515 479/479/479
f 487/487/487 486/486/486 481/481/481 482/482/482
f 488/488/488 487/487/487 482/482/482 483/483/483
f 489/489/489 488/488/488 483/483/483 484/484/484
f 516/516/516 484/484/484 485/485/485
f 489/489/489 516/516/516 490/490/490
f 484/484/484 516/516/516 489/489/489
f 491/491/491 513/513/513 517/517/517
f 514/514/514 517/517/517 515/515/515
f 517/517/517 516/516/516 485/485/485 515/515/515
f 513/513/513 490/490/490 516/516/516 517/517/517
f 493/493/493 492/492/492 486/486/486 487/487/487
f 494/494/494 493/493/493 487/487/487 488/488/488
f 495/495/495 494/494/494 488/488/488 489/489/489
f 520/520/520 489/489/489 490/490/490
f 495/495/495 520/520/520 496/496/496
f 489/489/489 520/520/520 495/495/495
f 497/497/497 518/518/518 521/521/521
f 519/519/519 521/521/521 513/513/513
f 521/521/521 520/520/520 490/490/490 513/513/513
f 518/518/518 496/496/496 520/520/520 521/521/521
f 499/499/499 498/498/498 492/492/492 493/493/493
f 500/500/500 499/499/499 493/493/493 494/494/494
f 501/501/501 500/500/500 494/494/494 495/495/495
f 502/502/502 501/501/501 495/495/495 496/496/496
f 518/518/518 502/502/502 496/496/496
f 502/502/502 518/518/518 503/503/503
f 505/505/505 504/504/504 499/499/499 500/500/500
f 506/506/506 505/505/505 500/500/500 501/501/501
f 507/507/507 506/506/506 501/501/501 502/502/502
f 508/508/508 507/507/507 502/502/502
f 510/510/510 509/509/509 507/507/507
f 522/522/522 524/524/524 523/523/523
f 551/551/551 550/550/550 470/470/470
f 469/469/469 552/552/552 551/551/551
f 470/470/470 550/550/550 549/549/549
f 470/470/470 549/549/549 548/548/548
f 546/546/546 471/471/471 547/547/547
f 545/545/545 471/471/471 546/546/546
f 547/547/547 470/470/470 548/548/548
f 469/469/469 553/553/553 552/552/552
f 556/556/556 555/555/555 475/475/475
f 557/557/557 556/556/556 475/475/475
f 558/558/558 557/557/557 481/481/481
f 551/551/551 470/470/470 469/469/469
f 554/554/554 475/475/475 555/555/555
f 481/481/481 557/557/557 475/475/475
f 469/469/469 475/475/475 554/554/554
f 554/554/554 553/553/553 469/469/469
f 470/470/470 547/547/547 471/471/471
f 481/481/481 486/486/486 559/559/559 558/558/558
f 512/512/512 537/537/537 536/536/536
f 511/511/511 539/539/539 538/538/538
f 511/511/511 538/538/538 537/537/537
f 512/512/512 536/536/536 465/465/465
f 512/512/512 511/511/511 537/537/537
f 468/468/468 539/539/539 511/511/511
f 542/542/542 541/541/541 472/472/472
f 471/471/471 544/544/544 543/543/543
f 472/472/472 543/543/543 542/542/542
f 543/543/543 472/472/472 471/471/471
f 539/539/539 468/468/468 467/467/467
f 473/473/473 540/540/540 467/467/467
f 473/473/473 541/541/541 540/540/540
f 473/473/473 472/472/472 541/541/541
f 540/540/540 539/539/539 467/467/467
f 544/544/544 471/471/471 545/545/545
f 560/560/560 559/559/559 486/486/486
f 492/492/492 561/561/561 560/560/560
f 561/561/561 492/492/492 562/562/562
f 492/492/492 560/560/560 486/486/486
f 499/499/499 504/504/504 565/565/565 498/498/498
f 562/562/562 492/492/492 498/498/498
f 563/563/563 498/498/498 564/564/564
f 562/562/562 498/498/498 563/563/563
f 567/567/567 566/566/566 504/504/504
f 565/565/565 504/504/504 566/566/566
f 568/568/568 567/567/567 504/504/504
f 525/525/525 570/570/570 504/504/504
f 504/504/504 570/570/570 569/569/569
f 568/568/568 504/504/504 569/569/569
f 525/525/525 504/504/504 505/505/505
f 526/526/526 525/525/525 505/505/505
f 565/565/565 564/564/564 498/498/498
f 527/527/527 505/505/505 528/528/528
f 506/506/506 529/529/529 528/528/528
f 505/505/505 506/506/506 528/528/528
f 531/531/531 506/506/506 507/507/507
f 507/507/507 509/509/509 531/531/531
f 532/532/532 531/531/531 509/509/509
f 530/530/530 506/506/506 531/531/531
f 530/530/530 529/529/529 506/506/506
f 526/526/526 505/505/505 527/527/527
f 523/523/523 533/533/533 532/532/532
f 523/523/523 524/524/524 534/534/534
f 533/533/533 523/523/523 534/534/534
f 535/535/535 534/534/534 524/524/524
f 510/510/510 523/523/523 532/532/532
f 522/522/522 535/535/535 524/524/524
f 509/509/509 510/510/510 532/532/532
f 605/605/605 606/606/606 572/572/572
f 573/573/573 607/607/607 609/609/609 608/608/608
f 607/607/607 572/572/572 606/606/606 609/609/609
f 574/574/574 610/610/610 612/612/612 611/611/611
f 610/610/610 573/573/573 608/608/608 612/612/612
f 575/575/575 613/613/613 615/615/615 614/614/614
f 613/613/613 574/574/574 611/611/611 615/615/615
f 614/614/614 616/616/616 575/575/575
f 605/605/605 577/577/577 571/571/571
f 578/578/578 605/605/605 572/572/572
f 577/577/577 605/605/605 578/578/578
f 607/607/607 578/578/578 572/572/572
f 579/579/579 607/607/607 573/573/573
f 578/578/578 607/607/607 579/579/579
f 610/610/610 579/579/579 573/573/573
f 580/580/580 610/610/610 574/574/574
f 579/579/579 610/610/610 580/580/580
f 613/613/613 580/580/580 574/574/574
f 581/581/581 613/613/613 575/575/575
f 580/580/580 613/613/613 581/581/581
f 616/616/616 581/581/581 575/575/575
f 582/582/582 616/616/616 576/576/576
f 581/581/581 616/616/616 582/582/582
f 584/584/584 583/583/583 577/577/577 578/578/578
f 585/585/585 584/584/584 578/578/578 579/579/579
f 586/586/586 585/585/585 579/579/579 580/580/580
f 587/587/587 586/586/586 580/580/580 581/581/581
f 588/588/588 587/587/587 581/581/581 582/582/582
f 590/590/590 589/589/589 583/583/583 584/584/584
f 591/591/591 590/590/590 584/584/584 585/585/585
f 592/592/592 591/591/591 585/585/585 586/586/586
f 593/593/593 592/592/592 586/586/586 587/587/587
f 594/594/594 593/593/593 587/587/587 588/588/588
f 596/596/596 595/595/595 589/589/589 590/590/590
f 597/597/597 596/596/596 590/590/590 591/591/591
f 598/598/598 597/597/597 591/591/591 592/592/592
f 599/599/599 598/598/598 592/592/592 593/593/593
f 600/600/600 599/599/599 593/593/593 594/594/594
f 601/601/601 595/595/595 596/596/596
f 602/602/602 601/601/601 596/596/596 597/597/597
f 603/603/603 602/602/602 597/597/597 598/598/598
f 604/604/604 603/603/603 598/598/598 599/599/599
f 606/606/606 625/625/625 624/624/624
f 605/605/605 625/625/625 606/606/606
f 609/609/609 606/606/606 624/624/624
f 608/608/608 623/623/623 622/622/622
f 623/623/623 608/608/608 609/609/609
f 609/609/609 624/624/624 623/623/623
f 612/612/612 608/608/608 622/622/622
f 627/627/627 626/626/626 571/571/571
f 628/628/628 627/627/627 577/577/577
f 629/629/629 628/628/628 577/577/577
f 571/571/571 626/626/626 605/605/605
f 577/577/577 627/627/627 571/571/571
f 626/626/626 625/625/625 605/605/605
f 621/621/621 612/612/612 622/622/622
f 611/611/611 621/621/621 620/620/620
f 620/620/620 615/615/615 611/611/611
f 611/611/611 612/612/612 621/621/621
f 619/619/619 615/615/615 620/620/620
f 614/614/614 619/619/619 618/618/618
f 617/617/617 616/616/616 618/618/618
f 618/618/618 616/616/616 614/614/614
f 614/614/614 615/615/615 619/619/619
f 655/655/655 576/576/576 617/617/617
f 616/616/616 617/617/617 576/576/576
f 654/654/654 576/576/576 655/655/655
f 582/582/582 576/576/576 653/653/653
f 653/653/653 576/576/576 654/654/654
f 652/652/652 582/582/582 653/653/653
f 652/652/652 651/651/651 582/582/582
f 588/588/588 582/582/582 651/651/651
f 583/583/583 629/629/629 577/577/577
f 631/631/631 630/630/630 583/583/583
f 589/589/589 632/632/632 631/631/631
f 632/632/632 589/589/589 633/633/633
f 589/589/589 631/631/631 583/583/583
f 635/635/635 634/634/634 595/595/595
f 633/633/633 589/589/589 595/595/595
f 633/633/633 595/595/595 634/634/634
f 636/636/636 635/635/635 601/601/601
f 595/595/595 601/601/601 635/635/635
f 601/601/601 637/637/637 636/636/636
f 602/602/602 637/637/637 601/601/601
f 639/639/639 602/602/602 603/603/603
f 602/602/602 639/639/639 638/638/638
f 638/638/638 637/637/637 602/602/602
f 640/640/640 639/639/639 603/603/603
f 594/594/594 588/588/588 649/649/649
f 600/600/600 594/594/594 647/647/647
f 600/600/600 647/647/647 646/646/646
f 649/649/649 588/588/588 650/650/650
f 594/594/594 649/649/649 648/648/648
f 594/594/594 648/648/648 647/647/647
f 588/588/588 651/651/651 650/650/650
f 643/643/643 642/642/642 604/604/604
f 641/641/641 604/604/604 642/642/642
f 604/604/604 641/641/641 640/640/640
f 646/646/646 645/645/645 600/600/600
f 644/644/644 600/600/600 645/645/645
f 600/600/600 644/644/644 643/643/643
f 600/600/600 643/643/643 599/599/599
f 604/604/604 599/599/599 643/643/643
f 604/604/604 640/640/640 603/603/603
f 583/583/583 630/630/630 629/629/629
f 709/709/709 657/657/657 663/663/663
f 656/656/656 709/709/709 662/662/662
f 657/657/657 709/709/709 656/656/656
f 713/713/713 658/658/658 664/664/664
f 657/657/657 713/713/713 663/663/663
f 658/658/658 713/713/713 657/657/657
f 717/717/717 659/659/659 665/665/665
f 658/658/658 717/717/717 664/664/664
f 659/659/659 717/717/717 658/658/658
f 721/721/721 660/660/660 666/666/666
f 659/659/659 721/721/721 665/665/665
f 660/660/660 721/721/721 659/659/659
f 725/725/725 661/661/661 667/667/667
f 660/660/660 725/725/725 666/666/666
f 661/661/661 725/725/725 660/660/660
f 661/661/661 729/729/729 667/667/667
f 729/729/729 661/661/661 668/668/668
f 669/669/669 703/703/703 706/706/706 704/704/704
f 704/704/704 706/706/706 705/705/705 662/662/662
f 670/670/670 707/707/707 710/710/710 708/708/708
f 708/708/708 710/710/710 709/709/709 663/663/663
f 710/710/710 704/704/704 662/662/662 709/709/709
f 707/707/707 669/669/669 704/704/704 710/710/710
f 671/671/671 711/711/711 714/714/714 712/712/712
f 712/712/712 714/714/714 713/713/713 664/664/664
f 714/714/714 708/708/708 663/663/663 713/713/713
f 711/711/711 670/670/670 708/708/708 714/714/714
f 672/672/672 715/715/715 718/718/718 716/716/716
f 716/716/716 718/718/718 717/717/717 665/665/665
f 718/718/718 712/712/712 664/664/664 717/717/717
f 715/715/715 671/671/671 712/712/712 718/718/718
f 673/673/673 719/719/719 722/722/722 720/720/720
f 720/720/720 722/722/722 721/721/721 666/666/666
f 722/722/722 716/716/716 665/665/665 721/721/721
f 719/719/719 672/672/672 716/716/716 722/722/722
f 674/674/674 723/723/723 726/726/726 724/724/724
f 724/724/724 726/726/726 725/725/725 667/667/667
f 726/726/726 720/720/720 666/666/666 725/725/725
f 723/723/723 673/673/673 720/720/720 726/726/726
f 675/675/675 727/727/727 730/730/730 728/728/728
f 728/728/728 730/730/730 729/729/729 668/668/668
f 730/730/730 724/724/724 667/667/667 729/729/729
f 727/727/727 674/674/674 724/724/724 730/730/730
f 668/668/668 732/732/732 728/728/728
f 731/731/731 675/675/675 728/728/728 732/732/732
f 676/676/676 733/733/733 735/735/735 734/734/734
f 734/734/734 735/735/735 703/703/703 669/669/669
f 677/677/677 736/736/736 738/738/738 737/737/737
f 737/737/737 738/738/738 707/707/707 670/670/670
f 738/738/738 734/734/734 669/669/669 707/707/707
f 736/736/736 676/676/676 734/734/734 738/738/738
f 678/678/678 739/739/739 741/741/741 740/740/740
f 740/740/740 741/741/741 711/711/711 671/671/671
f 741/741/741 737/737/737 670/670/670 711/711/711
f 739/739/739 677/677/677 737/737/737 741/741/741
f 679/679/679 742/742/742 744/744/744 743/743/743
f 743/743/743 744/744/744 715/715/715 672/672/672
f 744/744/744 740/740/740 671/671/671 715/715/715
f 742/742/742 678/678/678 740/740/740 744/744/744
f 680/680/680 745/745/745 747/747/747 746/746/746
f 746/746/746 747/747/747 719/719/719 673/673/673
f 747/747/747 743/743/743 672/672/672 719/719/719
f 745/745/745 679/679/679 743/743/743 747/747/747
f 681/681/681 748/748/748 750/750/750 749/749/749
f 749/749/749 750/750/750 723/723/723 674/674/674
f 750/750/750 746/746/746 673/673/673 723/723/723
f 748/748/748 680/680/680 746/746/746 750/750/750
f 682/682/682 751/751/751 753/753/753 752/752/752
f 752/752/752 753/753/753 727/727/727 675/675/675
f 753/753/753 749/749/749 674/674/674 727/727/727
f 751/751/751 681/681/681 749/749/749 753/753/753
f 755/755/755 752/752/752 675/675/675 731/731/731
f 754/754/754 682/682/682 752/752/752 755/755/755
f 736/736/736 683/683/683 676/676/676
f 684/684/684 736/736/736 677/677/677
f 683/683/683 736/736/736 684/684/684
f 739/739/739 684/684/684 677/677/677
f 685/685/685 739/739/739 678/678/678
f 684/684/684 739/739/739 685/685/685
f 742/742/742 685/685/685 678/678/678
f 686/686/686 742/742/742 679/679/679
f 685/685/685 742/742/742 686/686/686
f 745/745/745 686/686/686 679/679/679
f 687/687/687 745/745/745 680/680/680
f 686/686/686 745/745/745 687/687/687
f 748/748/748 687/687/687 680/680/680
f 688/688/688 748/748/748 681/681/681
f 687/687/687 748/748/748 688/688/688
f 751/751/751 688/688/688 681/681/681
f 689/689/689 751/751/751 682/682/682
f 688/688/688 751/751/751 689/689/689
f 691/691/691 690/690/690 683/683/683 684/684/684
f 692/692/692 691/691/691 684/684/684 685/685/685
f 693/693/693 692/692/692 685/685/685 686/686/686
f 694/694/694 693/693/693 686/686/686 687/687/687
f 695/695/695 694/694/694 687/687/687 688/688/688
f 696/696/696 695/695/695 688/688/688 689/689/689
f 698/698/698 697/697/697 690/690/690 691/691/691
f 699/699/699 698/698/698 691/691/691 692/692/692
f 700/700/700 699/699/699 692/692/692 693/693/693
f 701/701/701 700/700/700 693/693/693 694/694/694
f 702/702/702 701/701/701 694/694/694 695/695/695
f 767/767/767 766/766/766 765/765/765
f 656/656/656 768/768/768 767/767/767
f 769/769/769 768/768/768 656/656/656
f 765/765/765 656/656/656 767/767/767
f 764/764/764 656/656/656 765/765/765
f 657/657/657 762/762/762 761/761/761
f 656/656/656 764/764/764 763/763/763
f 762/762/762 657/657/657 763/763/763
f 658/658/658 761/761/761 760/760/760
f 763/763/763 657/657/657 656/656/656
f 656/656/656 662/662/662 705/705/705
f 770/770/770 769/769/769 705/705/705
f 706/706/706 771/771/771 770/770/770
f 703/703/703 771/771/771 706/706/706
f 705/705/705 706/706/706 770/770/770
f 761/761/761 658/658/658 657/657/657
f 703/703/703 735/735/735 772/772/772
f 772/772/772 771/771/771 703/703/703
f 705/705/705 769/769/769 656/656/656
f 659/659/659 658/658/658 760/760/760
f 757/757/757 756/756/756 660/660/660
f 659/659/659 759/759/759 758/758/758
f 760/760/760 759/759/759 659/659/659
f 660/660/660 758/758/758 757/757/757
f 661/661/661 756/756/756 805/805/805
f 661/661/661 804/804/804 803/803/803
f 661/661/661 805/805/805 804/804/804
f 802/802/802 661/661/661 803/803/803
f 801/801/801 661/661/661 802/802/802
f 758/758/758 660/660/660 659/659/659
f 756/756/756 661/661/661 660/660/660
f 668/668/668 800/800/800 799/799/799
f 668/668/668 801/801/801 800/800/800
f 732/732/732 668/668/668 798/798/798
f 661/661/661 801/801/801 668/668/668
f 798/798/798 668/668/668 799/799/799
f 797/797/797 796/796/796 732/732/732
f 732/732/732 798/798/798 797/797/797
f 795/795/795 731/731/731 796/796/796
f 731/731/731 732/732/732 796/796/796
f 773/773/773 772/772/772 733/733/733
f 774/774/774 773/773/773 683/683/683
f 733/733/733 683/683/683 773/773/773
f 775/775/775 774/774/774 697/697/697
f 733/733/733 676/676/676 683/683/683
f 774/774/774 690/690/690 697/697/697
f 780/780/780 697/697/697 698/698/698
f 690/690/690 774/774/774 683/683/683
f 697/697/697 776/776/776 775/775/775
f 697/697/697 778/778/778 777/777/777
f 779/779/779 697/697/697 780/780/780
f 779/779/779 778/778/778 697/697/697
f 698/698/698 781/781/781 780/780/780
f 699/699/699 782/782/782 698/698/698
f 782/782/782 781/781/781 698/698/698
f 700/700/700 783/783/783 699/699/699
f 782/782/782 699/699/699 783/783/783
f 697/697/697 777/777/777 776/776/776
f 783/783/783 700/700/700 784/784/784
f 689/689/689 682/682/682 754/754/754
f 792/792/792 791/791/791 696/696/696
f 695/695/695 696/696/696 791/791/791
f 793/793/793 696/696/696 689/689/689
f 696/696/696 793/793/793 792/792/792
f 731/731/731 795/795/795 755/755/755
f 754/754/754 755/755/755 795/795/795
f 754/754/754 794/794/794 689/689/689
f 793/793/793 689/689/689 794/794/794
f 795/795/795 794/794/794 754/754/754
f 785/785/785 700/700/700 701/701/701
f 787/787/787 786/786/786 701/701/701
f 785/785/785 701/701/701 786/786/786
f 785/785/785 784/784/784 700/700/700
f 788/788/788 787/787/787 701/701/701
f 790/790/790 695/695/695 791/791/791
f 789/789/789 788/788/788 702/702/702
f 701/701/701 702/702/702 788/788/788
f 790/790/790 789/789/789 702/702/702
f 695/695/695 790/790/790 702/702/702
f 733/733/733 772/772/772 735/735/735
f 815/815/815 806/806/806 807/807/807
f 816/816/816 815/815/815 807/807/807 808/808/808
f 817/817/817 816/816/816 808/808/808 809/809/809
f 818/818/818 817/817/817 809/809/809 810/810/810
f 819/819/819 818/818/818 810/810/810 811/811/811
f 820/820/820 819/819/819 811/811/811 812/812/812
f 821/821/821 820/820/820 812/812/812 813/813/813
f 823/823/823 814/814/814 815/815/815
f 824/824/824 823/823/823 815/815/815 816/816/816
f 825/825/825 824/824/824 816/816/816 817/817/817
f 826/826/826 825/825/825 817/817/817 818/818/818
f 827/827/827 826/826/826 818/818/818 819/819/819
f 828/828/828 827/827/827 819/819/819 820/820/820
f 829/829/829 828/828/828 820/820/820 821/821/821
f 885/885/885 823/823/823 831/831/831
f 823/823/823 885/885/885 822/822/822
f 890/890/890 824/824/824 832/832/832
f 823/823/823 890/890/890 831/831/831
f 824/824/824 890/890/890 823/823/823
f 894/894/894 825/825/825 833/833/833
f 824/824/824 894/894/894 832/832/832
f 825/825/825 894/894/894 824/824/824
f 898/898/898 826/826/826 834/834/834
f 825/825/825 898/898/898 833/833/833
f 826/826/826 898/898/898 825/825/825
f 902/902/902 827/827/827 835/835/835
f 826/826/826 902/902/902 834/834/834
f 827/827/827 902/902/902 826/826/826
f 906/906/906 828/828/828 836/836/836
f 827/827/827 906/906/906 835/835/835
f 828/828/828 906/906/906 827/827/827
f 829/829/829 836/836/836 828/828/828
f 837/837/837 883/883/883 887/887/887 884/884/884
f 884/884/884 887/887/887 885/885/885 831/831/831
f 887/887/887 830/830/830 885/885/885
f 883/883/883 886/886/886 887/887/887
f 838/838/838 888/888/888 891/891/891 889/889/889
f 889/889/889 891/891/891 890/890/890 832/832/832
f 891/891/891 884/884/884 831/831/831 890/890/890
f 888/888/888 837/837/837 884/884/884 891/891/891
f 839/839/839 892/892/892 895/895/895 893/893/893
f 893/893/893 895/895/895 894/894/894 833/833/833
f 895/895/895 889/889/889 832/832/832 894/894/894
f 892/892/892 838/838/838 889/889/889 895/895/895
f 840/840/840 896/896/896 899/899/899 897/897/897
f 897/897/897 899/899/899 898/898/898 834/834/834
f 899/899/899 893/893/893 833/833/833 898/898/898
f 896/896/896 839/839/839 893/893/893 899/899/899
f 841/841/841 900/900/900 903/903/903 901/901/901
f 901/901/901 903/903/903 902/902/902 835/835/835
f 903/903/903 897/897/897 834/834/834 902/902/902
f 900/900/900 840/840/840 897/897/897 903/903/903
f 842/842/842 904/904/904 907/907/907 905/905/905
f 905/905/905 907/907/907 906/906/906 836/836/836
f 907/907/907 901/901/901 835/835/835 906/906/906
f 904/904/904 841/841/841 901/901/901 907/907/907
f 909/909/909 905/905/905 836/836/836 908/908/908
f 909/909/909 842/842/842 905/905/905
f 844/844/844 883/883/883 837/837/837
f 843/843/843 883/883/883 844/844/844
f 888/888/888 844/844/844 837/837/837
f 845/845/845 888/888/888 838/838/838
f 844/844/844 888/888/888 845/845/845
f 892/892/892 845/845/845 838/838/838
f 846/846/846 892/892/892 839/839/839
f 845/845/845 892/892/892 846/846/846
f 896/896/896 846/846/846 839/839/839
f 847/847/847 896/896/896 840/840/840
f 846/846/846 896/896/896 847/847/847
f 900/900/900 847/847/847 840/840/840
f 848/848/848 900/900/900 841/841/841
f 847/847/847 900/900/900 848/848/848
f 904/904/904 848/848/848 841/841/841
f 849/849/849 904/904/904 842/842/842
f 848/848/848 904/904/904 849/849/849
f 852/852/852 851/851/851 847/847/847 848/848/848
f 853/853/853 852/852/852 848/848/848 849/849/849
f 856/856/856 855/855/855 852/852/852 853/853/853
f 864/864/864 859/859/859 865/865/865
f 912/912/912 865/865/865 859/859/859
f 866/866/866 912/912/912 860/860/860
f 865/865/865 912/912/912 866/866/866
f 869/869/869 861/861/861 862/862/862
f 870/870/870 869/869/869 862/862/862 863/863/863
f 871/871/871 870/870/870 863/863/863 864/864/864
f 872/872/872 871/871/871 864/864/864 865/865/865
f 873/873/873 872/872/872 865/865/865 866/866/866
f 874/874/874 873/873/873 866/866/866 867/867/867
f 876/876/876 868/868/868 869/869/869
f 877/877/877 876/876/876 869/869/869 870/870/870
f 878/878/878 877/877/877 870/870/870 871/871/871
f 879/879/879 878/878/878 871/871/871 872/872/872
f 880/880/880 879/879/879 872/872/872 873/873/873
f 881/881/881 880/880/880 873/873/873 874/874/874
f 882/882/882 881/881/881 874/874/874 875/875/875
f 843/843/843 844/844/844 959/959/959
f 961/961/961 844/844/844 845/845/845
f 844/844/844 961/961/961 960/960/960
f 845/845/845 962/962/962 961/961/961
f 844/844/844 960/960/960 959/959/959
f 963/963/963 962/962/962 845/845/845
f 829/829/829 908/908/908 836/836/836
f 851/851/851 964/964/964 847/847/847
f 847/847/847 964/964/964 846/846/846
f 963/963/963 846/846/846 964/964/964
f 963/963/963 845/845/845 846/846/846
f 842/842/842 919/919/919 849/849/849
f 958/958/958 850/850/850 959/959/959
f 965/965/965 851/851/851 966/966/966
f 964/964/964 851/851/851 965/965/965
f 855/855/855 967/967/967 966/966/966
f 854/854/854 958/958/958 957/957/957
f 851/851/851 852/852/852 966/966/966
f 966/966/966 852/852/852 855/855/855
f 856/856/856 853/853/853 990/990/990
f 856/856/856 969/969/969 855/855/855
f 986/986/986 985/985/985 856/856/856
f 986/986/986 856/856/856 987/987/987
f 977/977/977 969/969/969 856/856/856
f 969/969/969 968/968/968 855/855/855
f 968/968/968 967/967/967 855/855/855
f 915/915/915 853/853/853 849/849/849
f 988/988/988 987/987/987 856/856/856
f 821/821/821 813/813/813 935/935/935
f 933/933/933 829/829/829 821/821/821
f 929/929/929 908/908/908 829/829/829
f 927/927/927 908/908/908 928/928/928
f 829/829/829 930/930/930 929/929/929
f 908/908/908 926/926/926 925/925/925
f 928/928/928 908/908/908 929/929/929
f 908/908/908 927/927/927 926/926/926
f 813/813/813 936/936/936 935/935/935
f 821/821/821 935/935/935 934/934/934
f 936/936/936 813/813/813 937/937/937
f 933/933/933 932/932/932 829/829/829
f 934/934/934 933/933/933 821/821/821
f 931/931/931 829/829/829 932/932/932
f 931/931/931 930/930/930 829/829/829
f 909/909/909 922/922/922 842/842/842
f 922/922/922 921/921/921 842/842/842
f 909/909/909 923/923/923 922/922/922
f 924/924/924 923/923/923 909/909/909
f 920/920/920 919/919/919 842/842/842
f 920/920/920 842/842/842 921/921/921
f 918/918/918 849/849/849 919/919/919
f 849/849/849 918/918/918 917/917/917
f 989/989/989 988/988/988 856/856/856
f 915/915/915 849/849/849 916/916/916
f 917/917/917 916/916/916 849/849/849
f 990/990/990 853/853/853 913/913/913
f 914/914/914 913/913/913 853/853/853
f 914/914/914 853/853/853 915/915/915
f 989/989/989 856/856/856 990/990/990
f 925/925/925 924/924/924 909/909/909
f 908/908/908 925/925/925 909/909/909
f 955/955/955 858/858/858 956/956/956
f 954/954/954 911/911/911 955/955/955
f 947/947/947 976/976/976 859/859/859
f 954/954/954 910/910/910 911/911/911
f 912/912/912 972/972/972 971/971/971
f 973/973/973 972/972/972 912/912/912
f 912/912/912 974/974/974 973/973/973
f 970/970/970 860/860/860 971/971/971
f 974/974/974 912/912/912 975/975/975
f 860/860/860 970/970/970 1001/1001/1001
f 976/976/976 975/975/975 859/859/859
f 954/954/954 953/953/953 910/910/910
f 862/862/862 910/910/910 952/952/952
f 910/910/910 953/953/953 952/952/952
f 952/952/952 951/951/951 862/862/862
f 950/950/950 863/863/863 951/951/951
f 862/862/862 951/951/951 863/863/863
f 861/861/861 910/910/910 862/862/862
f 864/864/864 949/949/949 859/859/859
f 975/975/975 912/912/912 859/859/859
f 949/949/949 948/948/948 859/859/859
f 864/864/864 950/950/950 949/949/949
f 1000/1000/1000 860/860/860 1001/1001/1001
f 912/912/912 971/971/971 860/860/860
f 864/864/864 863/863/863 950/950/950
f 859/859/859 948/948/948 947/947/947
f 866/866/866 860/860/860 993/993/993
f 856/856/856 979/979/979 978/978/978
f 856/856/856 982/982/982 979/979/979
f 979/979/979 981/981/981 980/980/980
f 998/998/998 860/860/860 999/999/999
f 860/860/860 998/998/998 997/997/997
f 997/997/997 996/996/996 860/860/860
f 856/856/856 983/983/983 982/982/982
f 983/983/983 856/856/856 984/984/984
f 985/985/985 984/984/984 856/856/856
f 979/979/979 982/982/982 981/981/981
f 995/995/995 860/860/860 996/996/996
f 995/995/995 994/994/994 860/860/860
f 860/860/860 1000/1000/1000 999/999/999
f 977/977/977 856/856/856 978/978/978
f 866/866/866 992/992/992 991/991/991
f 866/866/866 991/991/991 946/946/946
f 992/992/992 866/866/866 993/993/993
f 943/943/943 867/867/867 944/944/944
f 860/860/860 994/994/994 993/993/993
f 867/867/867 945/945/945 944/944/944
f 942/942/942 874/874/874 867/867/867
f 946/946/946 945/945/945 867/867/867
f 866/866/866 946/946/946 867/867/867
f 942/942/942 941/941/941 875/875/875
f 941/941/941 940/940/940 875/875/875
f 942/942/942 867/867/867 943/943/943
f 939/939/939 882/882/882 875/875/875
f 875/875/875 874/874/874 942/942/942
f 882/882/882 939/939/939 938/938/938
f 940/940/940 939/939/939 875/875/875
f 857/857/857 957/957/957 956/956/956
f 1012/1012/1012 1011/1011/1011 1003/1003/1003 1004/1004/1004
f 1013/1013/1013 1012/1012/1012 1004/1004/1004 1005/1005/1005
f 1014/1014/1014 1013/1013/1013 1005/1005/1005 1006/1006/1006
f 1015/1015/1015 1014/1014/1014 1006/1006/1006 1007/1007/1007
f 1016/1016/1016 1015/1015/1015 1007/1007/1007 1008/1008/1008
f 1017/1017/1017 1016/1016/1016 1008/1008/1008 1009/1009/1009
f 1020/1020/1020 1019/1019/1019 1011/1011/1011 1012/1012/1012
f 1021/1021/1021 1020/1020/1020 1012/1012/1012 1013/1013/1013
f 1022/1022/1022 1021/1021/1021 1013/1013/1013 1014/1014/1014
f 1023/1023/1023 1022/1022/1022 1014/1014/1014 1015/1015/1015
f 1024/1024/1024 1023/1023/1023 1015/1015/1015 1016/1016/1016
f 1025/1025/1025 1024/1024/1024 1016/1016/1016 1017/1017/1017
f 1028/1028/1028 1027/1027/1027 1019/1019/1019 1020/1020/1020
f 1029/1029/1029 1028/1028/1028 1020/1020/1020 1021/1021/1021
f 1030/1030/1030 1029/1029/1029 1021/1021/1021 1022/1022/1022
f 1031/1031/1031 1030/1030/1030 1022/1022/1022 1023/1023/1023
f 1032/1032/1032 1031/1031/1031 1023/1023/1023 1024/1024/1024
f 1033/1033/1033 1032/1032/1032 1024/1024/1024 1025/1025/1025
f 1036/1036/1036 1035/1035/1035 1027/1027/1027 1028/1028/1028
f 1037/1037/1037 1036/1036/1036 1028/1028/1028 1029/1029/1029
f 1038/1038/1038 1037/1037/1037 1029/1029/1029 1030/1030/1030
f 1039/1039/1039 1038/1038/1038 1030/1030/1030 1031/1031/1031
f 1040/1040/1040 1039/1039/1039 1031/1031/1031 1032/1032/1032
f 1041/1041/1041 1040/1040/1040 1032/1032/1032 1033/1033/1033
f 1044/1044/1044 1043/1043/1043 1035/1035/1035 1036/1036/1036
f 1045/1045/1045 1044/1044/1044 1036/1036/1036 1037/1037/1037
f 1046/1046/1046 1045/1045/1045 1037/1037/1037 1038/1038/1038
f 1047/1047/1047 1046/1046/1046 1038/1038/1038 1039/1039/1039
f 1048/1048/1048 1047/1047/1047 1039/1039/1039 1040/1040/1040
f 1049/1049/1049 1048/1048/1048 1040/1040/1040 1041/1041/1041
f 1052/1052/1052 1051/1051/1051 1043/1043/1043 1044/1044/1044
f 1053/1053/1053 1052/1052/1052 1044/1044/1044 1045/1045/1045
f 1054/1054/1054 1053/1053/1053 1045/1045/1045 1046/1046/1046
f 1055/1055/1055 1054/1054/1054 1046/1046/1046 1047/1047/1047
f 1056/1056/1056 1055/1055/1055 1047/1047/1047 1048/1048/1048
f 1057/1057/1057 1056/1056/1056 1048/1048/1048 1049/1049/1049
f 1060/1060/1060 1059/1059/1059 1053/1053/1053 1054/1054/1054
f 1092/1092/1092 1055/1055/1055 1061/1061/1061
f 1054/1054/1054 1092/1092/1092 1060/1060/1060
f 1055/1055/1055 1092/1092/1092 1054/1054/1054
f 1094/1094/1094 1056/1056/1056 1062/1062/1062
f 1055/1055/1055 1094/1094/1094 1061/1061/1061
f 1056/1056/1056 1094/1094/1094 1055/1055/1055
f 1097/1097/1097 1057/1057/1057 1063/1063/1063
f 1056/1056/1056 1097/1097/1097 1062/1062/1062
f 1057/1057/1057 1097/1097/1097 1056/1056/1056
f 1067/1067/1067 1095/1095/1095 1098/1098/1098 1096/1096/1096
f 1096/1096/1096 1098/1098/1098 1097/1097/1097 1063/1063/1063
f 1098/1098/1098 1062/1062/1062 1097/1097/1097
f 1066/1066/1066 1098/1098/1098 1095/1095/1095
f 1102/1102/1102 1096/1096/1096 1063/1063/1063 1101/1101/1101
f 1099/1099/1099 1067/1067/1067 1096/1096/1096 1102/1102/1102
f 1072/1072/1072 1065/1065/1065 1073/1073/1073
f 1093/1093/1093 1073/1073/1073 1065/1065/1065
f 1074/1074/1074 1093/1093/1093 1066/1066/1066
f 1073/1073/1073 1093/1093/1093 1074/1074/1074
f 1095/1095/1095 1074/1074/1074 1066/1066/1066
f 1075/1075/1075 1095/1095/1095 1067/1067/1067
f 1074/1074/1074 1095/1095/1095 1075/1075/1075
f 1078/1078/1078 1077/1077/1077 1069/1069/1069 1070/1070/1070
f 1079/1079/1079 1078/1078/1078 1070/1070/1070 1071/1071/1071
f 1080/1080/1080 1079/1079/1079 1071/1071/1071 1072/1072/1072
f 1081/1081/1081 1080/1080/1080 1072/1072/1072 1073/1073/1073
f 1082/1082/1082 1081/1081/1081 1073/1073/1073 1074/1074/1074
f 1083/1083/1083 1082/1082/1082 1074/1074/1074 1075/1075/1075
f 1086/1086/1086 1085/1085/1085 1077/1077/1077 1078/1078/1078
f 1087/1087/1087 1086/1086/1086 1078/1078/1078 1079/1079/1079
f 1088/1088/1088 1087/1087/1087 1079/1079/1079 1080/1080/1080
f 1089/1089/1089 1088/1088/1088 1080/1080/1080 1081/1081/1081
f 1090/1090/1090 1089/1089/1089 1081/1081/1081 1082/1082/1082
f 1091/1091/1091 1090/1090/1090 1082/1082/1082 1083/1083/1083
f 1119/1119/1119 1103/1103/1103 1002/1002/1002
f 1119/1119/1119 1118/1118/1118 1003/1003/1003
f 1003/1003/1003 1103/1103/1103 1119/1119/1119
f 1011/1011/1011 1104/1104/1104 1103/1103/1103 1003/1003/1003
f 1106/1106/1106 1105/1105/1105 1019/1019/1019
f 1011/1011/1011 1105/1105/1105 1104/1104/1104
f 1117/1117/1117 1003/1003/1003 1118/1118/1118
f 1004/1004/1004 1117/1117/1117 1116/1116/1116
f 1005/1005/1005 1115/1115/1115 1114/1114/1114
f 1115/1115/1115 1004/1004/1004 1116/1116/1116
f 1105/1105/1105 1011/1011/1011 1019/1019/1019
f 1115/1115/1115 1005/1005/1005 1004/1004/1004
f 1027/1027/1027 1107/1107/1107 1106/1106/1106 1019/1019/1019
f 1003/1003/1003 1117/1117/1117 1004/1004/1004
f 1005/1005/1005 1114/1114/1114 1113/1113/1113
f 1107/1107/1107 1027/1027/1027 1035/1035/1035 1108/1108/1108
f 1108/1108/1108 1035/1035/1035 1043/1043/1043 1109/1109/1109
f 1143/1143/1143 1111/1111/1111 1110/1110/1110
f 1051/1051/1051 1110/1110/1110 1109/1109/1109 1043/1043/1043
f 1110/1110/1110 1051/1051/1051 1143/1143/1143
f 1143/1143/1143 1051/1051/1051 1144/1144/1144
f 1145/1145/1145 1052/1052/1052 1180/1180/1180
f 1180/1180/1180 1052/1052/1052 1053/1053/1053 1059/1059/1059
f 1145/1145/1145 1051/1051/1051 1052/1052/1052
f 1146/1146/1146 1180/1180/1180 1147/1147/1147
f 1148/1148/1148 1147/1147/1147 1059/1059/1059
f 1147/1147/1147 1180/1180/1180 1059/1059/1059
f 1145/1145/1145 1180/1180/1180 1146/1146/1146
f 1145/1145/1145 1144/1144/1144 1051/1051/1051
f 1059/1059/1059 1149/1149/1149 1148/1148/1148
f 1006/1006/1006 1112/1112/1112 1126/1126/1126
f 1126/1126/1126 1125/1125/1125 1007/1007/1007
f 1113/1113/1113 1112/1112/1112 1006/1006/1006
f 1125/1125/1125 1124/1124/1124 1007/1007/1007
f 1123/1123/1123 1008/1008/1008 1124/1124/1124
f 1007/1007/1007 1124/1124/1124 1008/1008/1008
f 1122/1122/1122 1008/1008/1008 1123/1123/1123
f 1006/1006/1006 1126/1126/1126 1007/1007/1007
f 1113/1113/1113 1006/1006/1006 1005/1005/1005
f 1121/1121/1121 1009/1009/1009 1122/1122/1122
f 1009/1009/1009 1008/1008/1008 1122/1122/1122
f 1121/1121/1121 1120/1120/1120 1010/1010/1010
f 1010/1010/1010 1009/1009/1009 1121/1121/1121
f 1025/1025/1025 1017/1017/1017 1018/1018/1018 1026/1026/1026
f 1017/1017/1017 1009/1009/1009 1010/1010/1010 1018/1018/1018
f 1026/1026/1026 1034/1034/1034 1033/1033/1033 1025/1025/1025
f 1060/1060/1060 1092/1092/1092 1152/1152/1152
f 1041/1041/1041 1033/1033/1033 1034/1034/1034 1042/1042/1042
f 1061/1061/1061 1154/1154/1154 1092/1092/1092
f 1061/1061/1061 1094/1094/1094 1155/1155/1155
f 1094/1094/1094 1062/1062/1062 1156/1156/1156
f 1149/1149/1149 1060/1060/1060 1150/1150/1150
f 1042/1042/1042 1050/1050/1050 1049/1049/1049 1041/1041/1041
f 1050/1050/1050 1058/1058/1058 1057/1057/1057 1049/1049/1049
f 1101/1101/1101 1063/1063/1063 1057/1057/1057
f 1064/1064/1064 1101/1101/1101 1058/1058/1058
f 1057/1057/1057 1058/1058/1058 1101/1101/1101
f 1064/1064/1064 1100/1100/1100 1102/1102/1102 1101/1101/1101
f 1151/1151/1151 1150/1150/1150 1060/1060/1060
f 1059/1059/1059 1060/1060/1060 1149/1149/1149
f 1069/1069/1069 1174/1174/1174 1173/1173/1173
f 1070/1070/1070 1172/1172/1172 1171/1171/1171
f 1172/1172/1172 1069/1069/1069 1173/1173/1173
f 1177/1177/1177 1175/1175/1175 1069/1069/1069
f 1069/1069/1069 1172/1172/1172 1070/1070/1070
f 1177/1177/1177 1176/1176/1176 1175/1175/1175
f 1175/1175/1175 1174/1174/1174 1069/1069/1069
f 1170/1170/1170 1070/1070/1070 1171/1171/1171
f 1165/1165/1165 1181/1181/1181 1166/1166/1166
f 1092/1092/1092 1153/1153/1153 1152/1152/1152
f 1169/1169/1169 1070/1070/1070 1170/1170/1170
f 1168/1168/1168 1167/1167/1167 1071/1071/1071
f 1166/1166/1166 1071/1071/1071 1167/1167/1167
f 1169/1169/1169 1168/1168/1168 1071/1071/1071
f 1181/1181/1181 1072/1072/1072 1166/1166/1166
f 1165/1165/1165 1164/1164/1164 1181/1181/1181
f 1071/1071/1071 1070/1070/1070 1169/1169/1169
f 1177/1177/1177 1069/1069/1069 1077/1077/1077 1178/1178/1178
f 1085/1085/1085 1179/1179/1179 1178/1178/1178 1077/1077/1077
f 1179/1179/1179 1085/1085/1085 1128/1128/1128
f 1129/1129/1129 1085/1085/1085 1086/1086/1086
f 1128/1128/1128 1085/1085/1085 1129/1129/1129
f 1127/1127/1127 1179/1179/1179 1128/1128/1128
f 1129/1129/1129 1086/1086/1086 1130/1130/1130
f 1087/1087/1087 1131/1131/1131 1086/1086/1086
f 1166/1166/1166 1072/1072/1072 1071/1071/1071
f 1132/1132/1132 1087/1087/1087 1133/1133/1133
f 1134/1134/1134 1133/1133/1133 1088/1088/1088
f 1133/1133/1133 1087/1087/1087 1088/1088/1088
f 1131/1131/1131 1087/1087/1087 1132/1132/1132
f 1131/1131/1131 1130/1130/1130 1086/1086/1086
f 1072/1072/1072 1181/1181/1181 1065/1065/1065
f 1134/1134/1134 1088/1088/1088 1135/1135/1135
f 1154/1154/1154 1061/1061/1061 1155/1155/1155
f 1156/1156/1156 1062/1062/1062 1157/1157/1157
f 1094/1094/1094 1156/1156/1156 1155/1155/1155
f 1065/1065/1065 1164/1164/1164 1163/1163/1163
f 1093/1093/1093 1065/1065/1065 1162/1162/1162
f 1163/1163/1163 1162/1162/1162 1065/1065/1065
f 1164/1164/1164 1065/1065/1065 1181/1181/1181
f 1093/1093/1093 1162/1162/1162 1161/1161/1161
f 1062/1062/1062 1159/1159/1159 1158/1158/1158
f 1100/1100/1100 1068/1068/1068 1099/1099/1099 1102/1102/1102
f 1157/1157/1157 1062/1062/1062 1158/1158/1158
f 1066/1066/1066 1161/1161/1161 1160/1160/1160
f 1062/1062/1062 1098/1098/1098 1066/1066/1066
f 1062/1062/1062 1066/1066/1066 1159/1159/1159
f 1160/1160/1160 1159/1159/1159 1066/1066/1066
f 1066/1066/1066 1093/1093/1093 1161/1161/1161
f 1154/1154/1154 1153/1153/1153 1092/1092/1092
f 1136/1136/1136 1089/1089/1089 1090/1090/1090
f 1099/1099/1099 1075/1075/1075 1067/1067/1067
f 1137/1137/1137 1136/1136/1136 1090/1090/1090
f 1090/1090/1090 1139/1139/1139 1138/1138/1138
f 1138/1138/1138 1137/1137/1137 1090/1090/1090
f 1135/1135/1135 1089/1089/1089 1136/1136/1136
f 1139/1139/1139 1090/1090/1090 1091/1091/1091
f 1099/1099/1099 1076/1076/1076 1075/1075/1075
f 1076/1076/1076 1084/1084/1084 1083/1083/1083 1075/1075/1075
f 1099/1099/1099 1068/1068/1068 1076/1076/1076
f 1141/1141/1141 1140/1140/1140 1091/1091/1091
f 1139/1139/1139 1091/1091/1091 1140/1140/1140
f 1142/1142/1142 1091/1091/1091 1083/1083/1083 1084/1084/1084
f 1141/1141/1141 1091/1091/1091 1142/1142/1142
f 1089/1089/1089 1135/1135/1135 1088/1088/1088
f 1152/1152/1152 1151/1151/1151 1060/1060/1060
f 1188/1188/1188 1232/1232/1232 1236/1236/1236 1233/1233/1233
f 1233/1233/1233 1236/1236/1236 1234/1234/1234 1183/1183/1183
f 1236/1236/1236 1182/1182/1182 1234/1234/1234
f 1232/1232/1232 1235/1235/1235 1236/1236/1236
f 1233/1233/1233 1189/1189/1189 1188/1188/1188
f 1184/1184/1184 1233/1233/1233 1183/1183/1183
f 1189/1189/1189 1233/1233/1233 1184/1184/1184
f 1190/1190/1190 1189/1189/1189 1184/1184/1184 1185/1185/1185
f 1191/1191/1191 1190/1190/1190 1185/1185/1185 1186/1186/1186
f 1192/1192/1192 1191/1191/1191 1186/1186/1186 1187/1187/1187
f 1194/1194/1194 1232/1232/1232 1188/1188/1188
f 1193/1193/1193 1232/1232/1232 1194/1194/1194
f 1195/1195/1195 1194/1194/1194 1188/1188/1188 1189/1189/1189
f 1196/1196/1196 1195/1195/1195 1189/1189/1189 1190/1190/1190
f 1197/1197/1197 1196/1196/1196 1190/1190/1190 1191/1191/1191
f 1198/1198/1198 1197/1197/1197 1191/1191/1191 1192/1192/1192
f 1200/1200/1200 1193/1193/1193 1194/1194/1194
f 1201/1201/1201 1200/1200/1200 1194/1194/1194 1195/1195/1195
f 1202/1202/1202 1201/1201/1201 1195/1195/1195 1196/1196/1196
f 1203/1203/1203 1202/1202/1202 1196/1196/1196 1197/1197/1197
f 1205/1205/1205 1199/1199/1199 1200/1200/1200
f 1206/1206/1206 1205/1205/1205 1200/1200/1200 1201/1201/1201
f 1207/1207/1207 1206/1206/1206 1201/1201/1201 1202/1202/1202
f 1239/1239/1239 1205/1205/1205 1209/1209/1209
f 1205/1205/1205 1239/1239/1239 1204/1204/1204
f 1210/1210/1210 1209/1209/1209 1205/1205/1205 1206/1206/1206
f 1238/1238/1238 1241/1241/1241 1239/1239/1239 1209/1209/1209
f 1241/1241/1241 1208/1208/1208 1239/1239/1239
f 1237/1237/1237 1240/1240/1240 1241/1241/1241
f 1244/1244/1244 1211/1211/1211 1237/1237/1237
f 1242/1242/1242 1243/1243/1243 1244/1244/1244
f 1215/1215/1215 1212/1212/1212 1213/1213/1213
f 1217/1217/1217 1214/1214/1214 1215/1215/1215
f 1247/1247/1247 1217/1217/1217 1222/1222/1222
f 1217/1217/1217 1247/1247/1247 1216/1216/1216
f 1223/1223/1223 1222/1222/1222 1217/1217/1217 1218/1218/1218
f 1224/1224/1224 1223/1223/1223 1218/1218/1218 1219/1219/1219
f 1225/1225/1225 1224/1224/1224 1219/1219/1219 1220/1220/1220
f 1227/1227/1227 1245/1245/1245 1249/1249/1249 1246/1246/1246
f 1246/1246/1246 1249/1249/1249 1247/1247/1247 1222/1222/1222
f 1249/1249/1249 1221/1221/1221 1247/1247/1247
f 1245/1245/1245 1248/1248/1248 1249/1249/1249
f 1246/1246/1246 1228/1228/1228 1227/1227/1227
f 1223/1223/1223 1246/1246/1246 1222/1222/1222
f 1228/1228/1228 1246/1246/1246 1223/1223/1223
f 1229/1229/1229 1228/1228/1228 1223/1223/1223 1224/1224/1224
f 1230/1230/1230 1229/1229/1229 1224/1224/1224 1225/1225/1225
f 1231/1231/1231 1230/1230/1230 1225/1225/1225 1226/1226/1226
f 1262/1262/1262 1210/1210/1210 1206/1206/1206
f 1210/1210/1210 1261/1261/1261 1260/1260/1260
f 1260/1260/1260 1209/1209/1209 1210/1210/1210
f 1261/1261/1261 1210/1210/1210 1262/1262/1262
f 1207/1207/1207 1202/1202/1202 1265/1265/1265
f 1207/1207/1207 1263/1263/1263 1262/1262/1262
f 1207/1207/1207 1262/1262/1262 1206/1206/1206
f 1263/1263/1263 1207/1207/1207 1264/1264/1264
f 1237/1237/1237 1241/1241/1241 1238/1238/1238
f 1256/1256/1256 1244/1244/1244 1257/1257/1257
f 1237/1237/1237 1257/1257/1257 1244/1244/1244
f 1257/1257/1257 1237/1237/1237 1258/1258/1258
f 1259/1259/1259 1238/1238/1238 1260/1260/1260
f 1238/1238/1238 1209/1209/1209 1260/1260/1260
f 1238/1238/1238 1259/1259/1259 1258/1258/1258
f 1258/1258/1258 1237/1237/1237 1238/1238/1238
f 1273/1273/1273 1192/1192/1192 1187/1187/1187
f 1269/1269/1269 1197/1197/1197 1198/1198/1198
f 1270/1270/1270 1192/1192/1192 1271/1271/1271
f 1273/1273/1273 1187/1187/1187 1274/1274/1274
f 1192/1192/1192 1273/1273/1273 1272/1272/1272
f 1192/1192/1192 1272/1272/1272 1271/1271/1271
f 1270/1270/1270 1198/1198/1198 1192/1192/1192
f 1267/1267/1267 1266/1266/1266 1203/1203/1203
f 1266/1266/1266 1202/1202/1202 1203/1203/1203
f 1265/1265/1265 1202/1202/1202 1266/1266/1266
f 1270/1270/1270 1269/1269/1269 1198/1198/1198
f 1268/1268/1268 1197/1197/1197 1269/1269/1269
f 1203/1203/1203 1268/1268/1268 1267/1267/1267
f 1268/1268/1268 1203/1203/1203 1197/1197/1197
f 1207/1207/1207 1265/1265/1265 1264/1264/1264
f 1212/1212/1212 1242/1242/1242 1256/1256/1256 1213/1213/1213
f 1244/1244/1244 1256/1256/1256 1242/1242/1242
f 1215/1215/1215 1213/1213/1213 1255/1255/1255
f 1254/1254/1254 1253/1253/1253 1218/1218/1218
f 1254/1254/1254 1215/1215/1215 1255/1255/1255
f 1213/1213/1213 1256/1256/1256 1255/1255/1255
f 1217/1217/1217 1215/1215/1215 1254/1254/1254
f 1252/1252/1252 1218/1218/1218 1253/1253/1253
f 1217/1217/1217 1254/1254/1254 1218/1218/1218
f 1219/1219/1219 1218/1218/1218 1252/1252/1252
f 1219/1219/1219 1251/1251/1251 1250/1250/1250
f 1220/1220/1220 1219/1219/1219 1287/1287/1287
f 1250/1250/1250 1287/1287/1287 1219/1219/1219
f 1219/1219/1219 1252/1252/1252 1251/1251/1251
f 1220/1220/1220 1286/1286/1286 1285/1285/1285
f 1283/1283/1283 1220/1220/1220 1284/1284/1284
f 1285/1285/1285 1284/1284/1284 1220/1220/1220
f 1286/1286/1286 1220/1220/1220 1287/1287/1287
f 1226/1226/1226 1283/1283/1283 1282/1282/1282
f 1282/1282/1282 1281/1281/1281 1226/1226/1226
f 1281/1281/1281 1280/1280/1280 1226/1226/1226
f 1283/1283/1283 1226/1226/1226 1225/1225/1225 1220/1220/1220
f 1279/1279/1279 1226/1226/1226 1280/1280/1280
f 1278/1278/1278 1226/1226/1226 1279/1279/1279
f 1231/1231/1231 1226/1226/1226 1276/1276/1276
f 1277/1277/1277 1226/1226/1226 1278/1278/1278
f 1276/1276/1276 1226/1226/1226 1277/1277/1277
f 1276/1276/1276 1275/1275/1275 1231/1231/1231
f 1294/1294/1294 1324/1324/1324 1328/1328/1328 1325/1325/1325
f 1325/1325/1325 1328/1328/1328 1326/1326/1326 1289/1289/1289
f 1328/1328/1328 1288/1288/1288 1326/1326/1326
f 1324/1324/1324 1327/1327/1327 1328/1328/1328
f 1325/1325/1325 1295/1295/1295 1294/1294/1294
f 1290/1290/1290 1325/1325/1325 1289/1289/1289
f 1295/1295/1295 1325/1325/1325 1290/1290/1290
f 1296/1296/1296 1295/1295/1295 1290/1290/1290 1291/1291/1291
f 1297/1297/1297 1296/1296/1296 1291/1291/1291 1292/1292/1292
f 1298/1298/1298 1297/1297/1297 1292/1292/1292 1293/1293/1293
f 1300/1300/1300 1324/1324/1324 1294/1294/1294
f 1299/1299/1299 1324/1324/1324 1300/1300/1300
f 1301/1301/1301 1300/1300/1300 1294/1294/1294 1295/1295/1295
f 1302/1302/1302 1301/1301/1301 1295/1295/1295 1296/1296/1296
f 1303/1303/1303 1302/1302/1302 1296/1296/1296 1297/1297/1297
f 1305/1305/1305 1299/1299/1299 1300/1300/1300
f 1306/1306/1306 1305/1305/1305 1300/1300/1300 1301/1301/1301
f 1307/1307/1307 1306/1306/1306 1301/1301/1301 1302/1302/1302
f 1303/1303/1303 1307/1307/1307 1302/1302/1302
f 1309/1309/1309 1306/1306/1306 1307/1307/1307
f 1330/1330/1330 1308/1308/1308 1329/1329/1329
f 1319/1319/1319 1334/1334/1334 1338/1338/1338 1335/1335/1335
f 1335/1335/1335 1338/1338/1338 1336/1336/1336 1315/1315/1315
f 1338/1338/1338 1314/1314/1314 1336/1336/1336
f 1334/1334/1334 1337/1337/1337 1338/1338/1338
f 1322/1322/1322 1321/1321/1321 1316/1316/1316 1317/1317/1317
f 1323/1323/1323 1322/1322/1322 1317/1317/1317 1318/1318/1318
f 1329/1329/1329 1304/1304/1304 1305/1305/1305
f 1381/1381/1381 1305/1305/1305 1382/1382/1382
f 1383/1383/1383 1382/1382/1382 1305/1305/1305
f 1306/1306/1306 1384/1384/1384 1305/1305/1305
f 1383/1383/1383 1305/1305/1305 1384/1384/1384
f 1385/1385/1385 1384/1384/1384 1306/1306/1306
f 1306/1306/1306 1387/1387/1387 1386/1386/1386
f 1306/1306/1306 1386/1386/1386 1385/1385/1385
f 1388/1388/1388 1387/1387/1387 1306/1306/1306
f 1329/1329/1329 1305/1305/1305 1381/1381/1381
f 1380/1380/1380 1329/1329/1329 1381/1381/1381
f 1379/1379/1379 1329/1329/1329 1380/1380/1380
f 1378/1378/1378 1377/1377/1377 1330/1330/1330
f 1330/1330/1330 1377/1377/1377 1310/1310/1310
f 1379/1379/1379 1378/1378/1378 1330/1330/1330
f 1379/1379/1379 1330/1330/1330 1329/1329/1329
f 1389/1389/1389 1388/1388/1388 1309/1309/1309
f 1389/1389/1389 1309/1309/1309 1390/1390/1390
f 1392/1392/1392 1391/1391/1391 1309/1309/1309
f 1309/1309/1309 1391/1391/1391 1390/1390/1390
f 1306/1306/1306 1309/1309/1309 1388/1388/1388
f 1393/1393/1393 1392/1392/1392 1395/1395/1395
f 1303/1303/1303 1297/1297/1297 1298/1298/1298 1363/1363/1363
f 1362/1362/1362 1303/1303/1303 1363/1363/1363
f 1303/1303/1303 1362/1362/1362 1361/1361/1361
f 1303/1303/1303 1361/1361/1361 1360/1360/1360
f 1360/1360/1360 1359/1359/1359 1303/1303/1303
f 1367/1367/1367 1366/1366/1366 1293/1293/1293
f 1298/1298/1298 1293/1293/1293 1366/1366/1366
f 1365/1365/1365 1364/1364/1364 1298/1298/1298
f 1363/1363/1363 1298/1298/1298 1364/1364/1364
f 1366/1366/1366 1365/1365/1365 1298/1298/1298
f 1309/1309/1309 1307/1307/1307 1356/1356/1356
f 1397/1397/1397 1309/1309/1309 1398/1398/1398
f 1398/1398/1398 1309/1309/1309 1399/1399/1399
f 1397/1397/1397 1396/1396/1396 1309/1309/1309
f 1309/1309/1309 1396/1396/1396 1395/1395/1395
f 1395/1395/1395 1394/1394/1394 1393/1393/1393
f 1395/1395/1395 1392/1392/1392 1309/1309/1309
f 1358/1358/1358 1357/1357/1357 1307/1307/1307
f 1307/1307/1307 1359/1359/1359 1358/1358/1358
f 1356/1356/1356 1400/1400/1400 1309/1309/1309
f 1307/1307/1307 1357/1357/1357 1356/1356/1356
f 1400/1400/1400 1399/1399/1399 1309/1309/1309
f 1303/1303/1303 1359/1359/1359 1307/1307/1307
f 1310/1310/1310 1377/1377/1377 1376/1376/1376
f 1331/1331/1331 1376/1376/1376 1375/1375/1375
f 1311/1311/1311 1374/1374/1374 1373/1373/1373
f 1332/1332/1332 1373/1373/1373 1372/1372/1372
f 1374/1374/1374 1331/1331/1331 1375/1375/1375
f 1372/1372/1372 1371/1371/1371 1333/1333/1333
f 1370/1370/1370 1312/1312/1312 1371/1371/1371
f 1370/1370/1370 1369/1369/1369 1312/1312/1312
f 1368/1368/1368 1313/1313/1313 1369/1369/1369
f 1355/1355/1355 1313/1313/1313 1368/1368/1368
f 1315/1315/1315 1336/1336/1336 1354/1354/1354
f 1355/1355/1355 1354/1354/1354 1336/1336/1336
f 1314/1314/1314 1355/1355/1355 1336/1336/1336
f 1354/1354/1354 1353/1353/1353 1315/1315/1315
f 1348/1348/1348 1347/1347/1347 1316/1316/1316
f 1351/1351/1351 1350/1350/1350 1316/1316/1316
f 1350/1350/1350 1349/1349/1349 1316/1316/1316
f 1349/1349/1349 1348/1348/1348 1316/1316/1316
f 1343/1343/1343 1318/1318/1318 1344/1344/1344
f 1344/1344/1344 1318/1318/1318 1345/1345/1345
f 1342/1342/1342 1318/1318/1318 1343/1343/1343
f 1345/1345/1345 1317/1317/1317 1346/1346/1346
f 1346/1346/1346 1317/1317/1317 1347/1347/1347
f 1352/1352/1352 1316/1316/1316 1315/1315/1315
f 1352/1352/1352 1351/1351/1351 1316/1316/1316
f 1316/1316/1316 1335/1335/1335 1315/1315/1315
f 1347/1347/1347 1317/1317/1317 1316/1316/1316
f 1335/1335/1335 1320/1320/1320 1319/1319/1319
f 1316/1316/1316 1321/1321/1321 1320/1320/1320
f 1317/1317/1317 1345/1345/1345 1318/1318/1318
f 1340/1340/1340 1318/1318/1318 1341/1341/1341
f 1318/1318/1318 1342/1342/1342 1341/1341/1341
f 1339/1339/1339 1323/1323/1323 1340/1340/1340
f 1318/1318/1318 1340/1340/1340 1323/1323/1323
f 1352/1352/1352 1315/1315/1315 1353/1353/1353
f 1320/1320/1320 1335/1335/1335 1316/1316/1316
