# Rhino

o object_1
v -3861.177490234375 416.00299072265625 -24373.88671875
v -3870.67138671875 368.92257690429688 -24389.71875
v -3872.541748046875 390.83853149414062 -24379.525390625
v -3874.412353515625 412.75445556640625 -24369.33203125
v -3857.4365234375 372.17108154296875 -24394.2734375
v -3864.053955078125 370.54681396484375 -24391.99609375
v -3859.253662109375 420.88677978515625 -24364.81640625
v -3835.05322265625 397.88238525390625 -24310.916015625
v -3847.1533203125 409.38458251953125 -24337.865234375
v -3848.287841796875 394.63385009765625 -24306.359375
v -3841.670654296875 396.25811767578125 -24308.63671875
v -3872.48828125 417.63827514648438 -24360.259765625
v -3860.38818359375 406.13607788085938 -24333.310546875
v -3828.141357421875 344.32363891601562 -24329.025390625
v -3845.116943359375 384.90701293945312 -24304.083984375
v -3831.88232421875 388.15554809570312 -24308.638671875
v -3838.499755859375 386.53128051757812 -24306.361328125
v -3841.3759765625 341.07513427734375 -24324.470703125
v -3834.758544921875 342.69937133789062 -24326.748046875
v -3830.065185546875 339.43984985351562 -24338.09765625
v -3867.500244140625 359.19573974609375 -24387.443359375
v -3854.265625 362.44424438476562 -24391.998046875
v -3842.16552734375 350.94204711914062 -24365.048828125
v -3843.2998046875 336.19131469726562 -24333.54296875
v -3855.400146484375 347.69354248046875 -24360.4921875
v -3836.6826171875 337.81558227539062 -24335.8203125
v -3860.883056640625 360.81997680664062 -24389.720703125
v -3874.7412109375 364.87680053710938 -24381.767578125
v -3850.540771484375 341.87237548828125 -24327.8671875
v -3862.640869140625 353.37460327148438 -24354.81640625
v -3878.482177734375 408.70870971679688 -24361.37890625
v -3866.382080078125 397.20648193359375 -24334.4296875
v -3876.61181640625 386.79275512695312 -24371.57421875
v -3854.28173828125 385.70428466796875 -24307.48046875
v -3827.812255859375 392.20132446289062 -24316.591796875
v -3852.0126953125 415.20571899414062 -24370.4921875
v -3839.91259765625 403.70352172851562 -24343.541015625
v -3824.0712890625 348.36941528320312 -24336.978515625
v -3836.171630859375 359.87161254882812 -24363.927734375
v -3848.271728515625 371.37380981445312 -24390.87890625
v -3844.668212890625 368.81369018554688 -24382.234375
v -3844.3642578125 368.5565185546875 -24381.53515625
v -3844.069091796875 368.36996459960938 -24380.810546875
v -3843.643798828125 368.22537231445312 -24379.6796875
v -3843.06005859375 368.33151245117188 -24377.90625
v -3842.584228515625 368.82931518554688 -24376.169921875
v -3842.284423828125 369.53466796875 -24374.794921875
v -3842.087646484375 370.47576904296875 -24373.552734375
v -3848.598388671875 379.6629638671875 -24385.916015625
v -3848.412353515625 378.12948608398438 -24386.46875
v -3848.11328125 376.53823852539062 -24386.734375
v -3847.67041015625 374.8038330078125 -24386.685546875
v -3847.125244140625 373.14602661132812 -24386.283203125
v -3846.472900390625 371.57583618164062 -24385.5078125
v -3845.76611328125 370.24282836914062 -24384.40625
v -3845.288330078125 369.52713012695312 -24383.52734375
v -3844.976806640625 369.13790893554688 -24382.900390625
v -3844.660888671875 400.62588500976562 -24359.529296875
v -3845.067138671875 402.140380859375 -24359.630859375
v -3845.551025390625 403.59054565429688 -24360.001953125
v -3846.203369140625 405.16073608398438 -24360.77734375
v -3846.91015625 406.4937744140625 -24361.87890625
v -3847.383544921875 407.203369140625 -24362.748046875
v -3847.6962890625 407.59481811523438 -24363.37890625
v -3848.005859375 407.92083740234375 -24364.044921875
v -3848.30859375 408.17767333984375 -24364.7421875
v -3848.60302734375 408.36447143554688 -24365.46484375
v -3849.032470703125 408.51123046875 -24366.607421875
v -3849.6162109375 408.40509033203125 -24368.37890625
v -3850.092041015625 407.90725708007812 -24370.115234375
v -3850.425537109375 407.08465576171875 -24371.671875
v -3850.624267578125 405.96014404296875 -24373.05078125
v -3850.6806640625 404.70687866210938 -24374.107421875
v -3850.61474609375 403.2874755859375 -24374.927734375
v -3827.336669921875 352.33877563476562 -24343.6328125
v -3827.032958984375 352.08157348632812 -24342.93359375
v -3826.737548828125 351.89501953125 -24342.208984375
v -3826.3125 351.75045776367188 -24341.078125
v -3825.728515625 351.8565673828125 -24339.3046875
v -3825.252685546875 352.35440063476562 -24337.568359375
v -3824.919189453125 353.177001953125 -24336.013671875
v -3824.720458984375 354.30154418945312 -24334.6328125
v -3830.609619140625 359.33071899414062 -24348.15625
v -3830.232666015625 357.97329711914062 -24348.029296875
v -3829.7939453125 356.67111206054688 -24347.681640625
v -3829.1416015625 355.10092163085938 -24346.90625
v -3828.434814453125 353.76788330078125 -24345.8046875
v -3827.956787109375 353.05221557617188 -24344.92578125
v -3827.645263671875 352.66299438476562 -24344.298828125
v -3826.97607421875 382.40426635742188 -24321.1484375
v -3827.2314453125 383.72341918945312 -24320.94921875
v -3827.67431640625 385.45785522460938 -24320.998046875
v -3828.219482421875 387.11563110351562 -24321.400390625
v -3828.871826171875 388.68582153320312 -24322.17578125
v -3829.57861328125 390.01882934570312 -24323.27734375
v -3830.052001953125 390.72842407226562 -24324.1484375
v -3830.36474609375 391.11990356445312 -24324.77734375
v -3830.674560546875 391.44589233398438 -24325.443359375
v -3830.977294921875 391.7027587890625 -24326.140625
v -3831.271484375 391.8895263671875 -24326.86328125
v -3831.700927734375 392.03628540039062 -24328.005859375
v -3832.284912109375 391.93014526367188 -24329.77734375
v -3832.7607421875 391.43234252929688 -24331.513671875
v -3833.03515625 390.80816650390625 -24332.755859375
v -3833.2265625 389.99114990234375 -24333.896484375
v -3833.15966796875 357.8739013671875 -24356.603515625
v -3832.855712890625 357.61672973632812 -24355.904296875
v -3832.560546875 357.43017578125 -24355.177734375
v -3832.13525390625 357.28558349609375 -24354.046875
v -3831.551513671875 357.3917236328125 -24352.275390625
v -3831.07568359375 357.8895263671875 -24350.537109375
v -3830.80126953125 358.51370239257812 -24349.294921875
v -3836.267578125 364.23748779296875 -24361.09375
v -3835.61669921875 362.20623779296875 -24360.65234375
v -3834.96435546875 360.63604736328125 -24359.876953125
v -3834.257568359375 359.30303955078125 -24358.7734375
v -3833.77978515625 358.58734130859375 -24357.89453125
v -3833.46826171875 358.1981201171875 -24357.267578125
v -3833.603515625 391.34857177734375 -24334.0234375
v -3834.04248046875 392.6507568359375 -24334.369140625
v -3834.69482421875 394.22097778320312 -24335.14453125
v -3835.401611328125 395.55398559570312 -24336.248046875
v -3835.875 396.26358032226562 -24337.1171875
v -3836.187744140625 396.655029296875 -24337.74609375
v -3836.497314453125 396.98104858398438 -24338.4140625
v -3836.800048828125 397.23788452148438 -24339.109375
v -3837.094482421875 397.4246826171875 -24339.83203125
v -3837.52392578125 397.57144165039062 -24340.974609375
v -3838.107666015625 397.46530151367188 -24342.74609375
v -3838.58349609375 396.96746826171875 -24344.484375
v -3838.97216796875 395.92437744140625 -24346.35546875
v -3849.606689453125 391.4752197265625 -24380.421875
v -3838.740234375 363.17877197265625 -24369.03125
v -3838.4365234375 362.92156982421875 -24368.33203125
v -3838.14111328125 362.73501586914062 -24367.607421875
v -3837.716064453125 362.59042358398438 -24366.4765625
v -3837.132080078125 362.69656372070312 -24364.703125
v -3836.65625 363.19439697265625 -24362.966796875
v -3841.68115234375 368.96127319335938 -24373.453125
v -3841.197509765625 367.5111083984375 -24373.080078125
v -3840.545166015625 365.94088745117188 -24372.3046875
v -3839.83837890625 364.60787963867188 -24371.203125
v -3839.3603515625 363.8922119140625 -24370.32421875
v -3839.048828125 363.50299072265625 -24369.697265625
v -3839.623046875 397.95562744140625 -24346.798828125
v -3840.275390625 399.52581787109375 -24347.57421875
v -3840.982177734375 400.85882568359375 -24348.677734375
v -3841.45556640625 401.56842041015625 -24349.546875
v -3841.768310546875 401.95986938476562 -24350.17578125
v -3842.078125 402.285888671875 -24350.841796875
v -3842.380859375 402.54275512695312 -24351.5390625
v -3842.675048828125 402.72952270507812 -24352.26171875
v -3843.1044921875 402.87628173828125 -24353.404296875
v -3843.6884765625 402.7701416015625 -24355.17578125
v -3844.164306640625 402.2723388671875 -24356.912109375
v -3844.464111328125 401.56698608398438 -24358.287109375
v -3824.6650390625 355.32525634765625 -24333.7421875
v -3870.67138671875 368.92257690429688 -24389.71875
v -3875.21435546875 365.88217163085938 -24384.015625
v -3874.7412109375 364.87680053710938 -24381.767578125
v -3872.541748046875 390.83853149414062 -24379.525390625
v -3876.61181640625 386.79275512695312 -24371.57421875
v -3874.412353515625 412.75445556640625 -24369.33203125
v -3878.34521484375 410.89669799804688 -24366.05859375
v -3878.955322265625 409.71408081054688 -24363.62890625
v -3878.482177734375 408.70870971679688 -24361.37890625
v -3875.09423828125 365.34454345703125 -24382.837890625
v -3875.186767578125 365.60580444335938 -24383.416015625
v -3875.171875 366.17044067382812 -24384.626953125
v -3875.056640625 366.46664428710938 -24385.2421875
v -3874.866943359375 366.76632690429688 -24385.8515625
v -3874.604248046875 367.06478881835938 -24386.4453125
v -3874.2724609375 367.35723876953125 -24387.013671875
v -3873.877197265625 367.6390380859375 -24387.546875
v -3873.426025390625 367.90603637695312 -24388.0390625
v -3872.92822265625 368.1546630859375 -24388.482421875
v -3872.393798828125 368.38217163085938 -24388.873046875
v -3871.832763671875 368.58657836914062 -24389.208984375
v -3871.255615234375 368.76681518554688 -24389.490234375
v -3874.99658203125 412.59872436523438 -24369.103515625
v -3875.573974609375 412.41848754882812 -24368.822265625
v -3876.134765625 412.21408081054688 -24368.486328125
v -3876.669189453125 411.986572265625 -24368.09375
v -3877.1669921875 411.73794555664062 -24367.650390625
v -3877.6181640625 411.470947265625 -24367.16015625
v -3878.013427734375 411.18914794921875 -24366.626953125
v -3878.60791015625 410.59823608398438 -24365.46484375
v -3878.797607421875 410.29852294921875 -24364.85546875
v -3878.912841796875 410.00234985351562 -24364.240234375
v -3878.927734375 409.43768310546875 -24363.029296875
v -3878.835205078125 409.17645263671875 -24362.451171875
v -3876.474853515625 388.98074340820312 -24376.251953125
v -3877.084716796875 387.79812622070312 -24373.822265625
v -3861.177490234375 416.00299072265625 -24373.88671875
v -3860.1474609375 421.26519775390625 -24367.142578125
v -3859.253662109375 420.88677978515625 -24364.81640625
v -3874.412353515625 412.75445556640625 -24369.33203125
v -3874.10693359375 417.21087646484375 -24365.267578125
v -3873.38232421875 418.01669311523438 -24362.5859375
v -3872.48828125 417.63827514648438 -24360.259765625
v -3874.4580078125 413.40109252929688 -24369.00390625
v -3874.483154296875 414.0433349609375 -24368.619140625
v -3874.485595703125 414.67111206054688 -24368.177734375
v -3874.462890625 415.27349853515625 -24367.681640625
v -3874.4140625 415.8392333984375 -24367.13671875
v -3874.338134765625 416.3572998046875 -24366.546875
v -3874.235595703125 416.81744384765625 -24365.919921875
v -3873.95458984375 417.53073120117188 -24364.595703125
v -3873.78076171875 417.77255249023438 -24363.91796875
v -3873.588623046875 417.934326171875 -24363.24609375
v -3873.165283203125 418.0225830078125 -24361.953125
v -3872.94140625 417.95693969726562 -24361.349609375
v -3859.706787109375 421.2054443359375 -24365.904296875
v -3859.930419921875 421.27108764648438 -24366.5078125
v -3860.35400390625 421.182861328125 -24367.80078125
v -3860.5458984375 421.02105712890625 -24368.474609375
v -3860.7197265625 420.77923583984375 -24369.15234375
v -3860.872314453125 420.45938110351562 -24369.822265625
v -3861.000732421875 420.06594848632812 -24370.4765625
v -3861.103515625 419.60580444335938 -24371.103515625
v -3861.179443359375 419.08773803710938 -24371.693359375
v -3861.228271484375 418.52200317382812 -24372.23828125
v -3861.250732421875 417.91961669921875 -24372.732421875
v -3861.24853515625 417.29183959960938 -24373.173828125
v -3861.223388671875 416.64959716796875 -24373.55859375
v -3857.4365234375 372.17108154296875 -24394.2734375
v -3848.271728515625 371.37380981445312 -24390.87890625
v -3861.177490234375 416.00299072265625 -24373.88671875
v -3853.4150390625 415.9830322265625 -24372.419921875
v -3852.0126953125 415.20571899414062 -24370.4921875
v -3860.57275390625 416.13912963867188 -24374.068359375
v -3859.930908203125 416.25811767578125 -24374.20703125
v -3859.25830078125 416.3564453125 -24374.294921875
v -3858.56298828125 416.43084716796875 -24374.328125
v -3857.853759765625 416.47848510742188 -24374.298828125
v -3857.141357421875 416.4970703125 -24374.208984375
v -3856.43701171875 416.48516845703125 -24374.0546875
v -3855.752197265625 416.4422607421875 -24373.8359375
v -3855.098388671875 416.36874389648438 -24373.55859375
v -3854.4853515625 416.26605224609375 -24373.224609375
v -3853.922119140625 416.13644409179688 -24372.841796875
v -3852.96923828125 415.809326171875 -24371.96484375
v -3852.5869140625 415.61923217773438 -24371.486328125
v -3848.845703125 371.78732299804688 -24391.873046875
v -3849.228271484375 371.9774169921875 -24392.3515625
v -3849.674072265625 372.151123046875 -24392.806640625
v -3850.18115234375 372.3045654296875 -24393.23046875
v -3850.744384765625 372.43414306640625 -24393.611328125
v -3851.357421875 372.53683471679688 -24393.9453125
v -3852.01123046875 372.6103515625 -24394.22265625
v -3852.696044921875 372.65328979492188 -24394.44140625
v -3853.400146484375 372.6651611328125 -24394.595703125
v -3854.112548828125 372.64657592773438 -24394.685546875
v -3854.82177734375 372.59893798828125 -24394.71484375
v -3855.517333984375 372.5245361328125 -24394.681640625
v -3856.18994140625 372.42620849609375 -24394.59375
v -3856.83154296875 372.30722045898438 -24394.455078125
v -3870.67138671875 368.92257690429688 -24389.71875
v -3867.500244140625 359.19573974609375 -24387.443359375
v -3864.053955078125 370.54681396484375 -24391.99609375
v -3860.883056640625 360.81997680664062 -24389.720703125
v -3857.4365234375 372.17108154296875 -24394.2734375
v -3854.265625 362.44424438476562 -24391.998046875
v -3857.3701171875 371.5048828125 -24394.556640625
v -3857.280517578125 370.80136108398438 -24394.796875
v -3857.166748046875 370.0675048828125 -24394.990234375
v -3857.028076171875 369.31201171875 -24395.126953125
v -3856.86572265625 368.54525756835938 -24395.201171875
v -3856.68017578125 367.77880859375 -24395.208984375
v -3856.473876953125 367.02499389648438 -24395.146484375
v -3856.24951171875 366.29620361328125 -24395.015625
v -3856.0107421875 365.60433959960938 -24394.814453125
v -3855.76123046875 364.96011352539062 -24394.548828125
v -3855.50537109375 364.37255859375 -24394.224609375
v -3855.2470703125 363.8485107421875 -24393.84765625
v -3854.99072265625 363.39254760742188 -24393.427734375
v -3854.739501953125 363.0068359375 -24392.974609375
v -3867.974365234375 359.75833129882812 -24388.41796875
v -3868.225341796875 360.14404296875 -24388.873046875
v -3868.48193359375 360.60000610351562 -24389.29296875
v -3868.739990234375 361.12405395507812 -24389.66796875
v -3868.995849609375 361.71160888671875 -24389.994140625
v -3869.245361328125 362.3558349609375 -24390.2578125
v -3869.484375 363.04769897460938 -24390.458984375
v -3869.70849609375 363.7764892578125 -24390.591796875
v -3869.914794921875 364.53030395507812 -24390.65234375
v -3870.100341796875 365.2967529296875 -24390.64453125
v -3870.262939453125 366.06350708007812 -24390.5703125
v -3870.4013671875 366.8189697265625 -24390.43359375
v -3870.515380859375 367.5528564453125 -24390.2421875
v -3870.60498046875 368.25634765625 -24390
v -3861.864501953125 362.2242431640625 -24391.5703125
v -3872.48828125 417.63827514648438 -24360.259765625
v -3876.98486328125 414.35006713867188 -24359.64453125
v -3878.482177734375 408.70870971679688 -24361.37890625
v -3860.38818359375 406.13607788085938 -24333.310546875
v -3866.382080078125 397.20648193359375 -24334.4296875
v -3848.287841796875 394.63385009765625 -24306.359375
v -3854.28173828125 385.70428466796875 -24307.48046875
v -3878.511474609375 409.37167358398438 -24361.083984375
v -3878.485107421875 410.06512451171875 -24360.798828125
v -3878.3984375 410.78152465820312 -24360.533203125
v -3878.2470703125 411.51177978515625 -24360.2890625
v -3878.029296875 412.24545288085938 -24360.07421875
v -3877.74462890625 412.97100830078125 -24359.892578125
v -3877.395263671875 413.67648315429688 -24359.748046875
v -3876.519775390625 414.98068237304688 -24359.583984375
v -3876.0078125 415.55865478515625 -24359.56640625
v -3875.4580078125 416.07614135742188 -24359.59375
v -3874.88037109375 416.5274658203125 -24359.66015625
v -3874.28515625 416.90936279296875 -24359.763671875
v -3873.68212890625 417.22076416015625 -24359.90234375
v -3873.080322265625 417.4627685546875 -24360.068359375
v -3848.8798828125 394.4583740234375 -24306.16796875
v -3849.481689453125 394.21633911132812 -24306.001953125
v -3850.084716796875 393.90493774414062 -24305.86328125
v -3850.679931640625 393.5230712890625 -24305.759765625
v -3851.257568359375 393.07171630859375 -24305.693359375
v -3851.807373046875 392.55426025390625 -24305.666015625
v -3852.3193359375 391.97628784179688 -24305.68359375
v -3852.784423828125 391.34567260742188 -24305.744140625
v -3853.19482421875 390.67208862304688 -24305.84765625
v -3853.544189453125 389.96658325195312 -24305.9921875
v -3853.828857421875 389.24102783203125 -24306.173828125
v -3854.046630859375 388.50738525390625 -24306.388671875
v -3854.197998046875 387.777099609375 -24306.6328125
v -3854.28466796875 387.06069946289062 -24306.8984375
v -3854.31103515625 386.36727905273438 -24307.18359375
v -3864.884765625 402.84786987304688 -24332.693359375
v -3835.05322265625 397.88238525390625 -24310.916015625
v -3831.88232421875 388.15554809570312 -24308.638671875
v -3841.670654296875 396.25811767578125 -24308.63671875
v -3838.499755859375 386.53128051757812 -24306.361328125
v -3848.287841796875 394.63385009765625 -24306.359375
v -3845.116943359375 384.90701293945312 -24304.083984375
v -3847.81396484375 394.0712890625 -24305.384765625
v -3847.56298828125 393.68557739257812 -24304.9296875
v -3847.306396484375 393.22958374023438 -24304.509765625
v -3847.04833984375 392.70553588867188 -24304.1328125
v -3846.792236328125 392.11798095703125 -24303.80859375
v -3846.542724609375 391.47378540039062 -24303.54296875
v -3846.303955078125 390.78192138671875 -24303.34375
v -3846.079833984375 390.05313110351562 -24303.2109375
v -3845.87353515625 389.29928588867188 -24303.1484375
v -3845.68798828125 388.5328369140625 -24303.15625
v -3845.525390625 387.76608276367188 -24303.23046875
v -3845.386962890625 387.0106201171875 -24303.3671875
v -3845.27294921875 386.27676391601562 -24303.560546875
v -3845.183349609375 385.5732421875 -24303.80078125
v -3831.94873046875 388.82174682617188 -24308.357421875
v -3832.038330078125 389.5252685546875 -24308.115234375
v -3832.152099609375 390.25912475585938 -24307.923828125
v -3832.290771484375 391.01461791992188 -24307.787109375
v -3832.453369140625 391.78134155273438 -24307.712890625
v -3832.638671875 392.54779052734375 -24307.705078125
v -3832.844970703125 393.3016357421875 -24307.767578125
v -3833.0693359375 394.03042602539062 -24307.8984375
v -3833.30810546875 394.7222900390625 -24308.099609375
v -3833.5576171875 395.36648559570312 -24308.365234375
v -3833.8134765625 395.95407104492188 -24308.689453125
v -3834.07177734375 396.47811889648438 -24309.064453125
v -3834.328125 396.93408203125 -24309.484375
v -3834.579345703125 397.31979370117188 -24309.939453125
v -3839.686767578125 392.40615844726562 -24305.62109375
v -3859.253662109375 420.88677978515625 -24364.81640625
v -3854.391845703125 419.8956298828125 -24367.421875
v -3852.0126953125 415.20571899414062 -24370.4921875
v -3847.1533203125 409.38458251953125 -24337.865234375
v -3839.91259765625 403.70352172851562 -24343.541015625
v -3835.05322265625 397.88238525390625 -24310.916015625
v -3832.57373046875 397.96734619140625 -24311.9921875
v -3827.812255859375 392.20132446289062 -24316.591796875
v -3834.4560546875 397.998779296875 -24311.1328125
v -3833.838623046875 398.05596923828125 -24311.38671875
v -3833.208251953125 398.04730224609375 -24311.673828125
v -3831.9443359375 397.812255859375 -24312.341796875
v -3831.33056640625 397.58038330078125 -24312.71484375
v -3830.742919921875 397.2723388671875 -24313.111328125
v -3830.19140625 396.89120483398438 -24313.521484375
v -3829.685302734375 396.44256591796875 -24313.939453125
v -3829.232177734375 395.93408203125 -24314.361328125
v -3828.837890625 395.37515258789062 -24314.775390625
v -3828.506591796875 394.77630615234375 -24315.1796875
v -3828.2392578125 394.14874267578125 -24315.568359375
v -3828.036376953125 393.50350952148438 -24315.935546875
v -3827.895263671875 392.85116577148438 -24316.27734375
v -3852.095703125 415.85556030273438 -24370.177734375
v -3852.23681640625 416.50790405273438 -24369.8359375
v -3852.439697265625 417.15313720703125 -24369.46875
v -3852.70703125 417.78073120117188 -24369.080078125
v -3853.038330078125 418.37954711914062 -24368.67578125
v -3853.4326171875 418.93850708007812 -24368.259765625
v -3853.8857421875 419.44699096679688 -24367.83984375
v -3854.943359375 420.2767333984375 -24367.01171875
v -3855.531005859375 420.58477783203125 -24366.615234375
v -3856.144775390625 420.81668090820312 -24366.2421875
v -3856.774169921875 420.97174072265625 -24365.892578125
v -3857.40869140625 421.05172729492188 -24365.57421875
v -3858.0390625 421.06036376953125 -24365.287109375
v -3858.656494140625 421.003173828125 -24365.033203125
v -3844.673828125 409.46954345703125 -24338.943359375
v -3842.291748046875 408.3934326171875 -24340.470703125
v -3845.116943359375 384.90701293945312 -24304.083984375
v -3850.542236328125 384.46774291992188 -24304.134765625
v -3852.87939453125 384.92697143554688 -24305.55078125
v -3854.28173828125 385.70428466796875 -24307.48046875
v -3841.3759765625 341.07513427734375 -24324.470703125
v -3849.138427734375 341.0950927734375 -24325.9375
v -3850.540771484375 341.87237548828125 -24327.8671875
v -3853.707763671875 385.290771484375 -24306.484375
v -3853.325439453125 385.10067749023438 -24306.005859375
v -3852.37255859375 384.7735595703125 -24305.12890625
v -3851.80908203125 384.64398193359375 -24304.74609375
v -3851.1962890625 384.541259765625 -24304.412109375
v -3849.857666015625 384.42483520507812 -24303.916015625
v -3849.1533203125 384.41293334960938 -24303.76171875
v -3848.44091796875 384.43154907226562 -24303.671875
v -3847.731689453125 384.47915649414062 -24303.64453125
v -3847.0361328125 384.55355834960938 -24303.67578125
v -3846.363525390625 384.65188598632812 -24303.763671875
v -3845.721923828125 384.7708740234375 -24303.90234375
v -3841.98095703125 340.93896484375 -24324.2890625
v -3842.62255859375 340.82000732421875 -24324.150390625
v -3843.295166015625 340.7216796875 -24324.0625
v -3843.99072265625 340.64727783203125 -24324.03125
v -3844.699951171875 340.59963989257812 -24324.05859375
v -3845.412353515625 340.58102416992188 -24324.1484375
v -3846.11669921875 340.59292602539062 -24324.3046875
v -3846.80126953125 340.6358642578125 -24324.521484375
v -3847.455078125 340.70938110351562 -24324.798828125
v -3848.068115234375 340.81207275390625 -24325.1328125
v -3848.631591796875 340.941650390625 -24325.515625
v -3849.58447265625 341.268798828125 -24326.392578125
v -3849.966796875 341.4588623046875 -24326.87109375
v -3828.141357421875 344.32363891601562 -24329.025390625
v -3828.446533203125 339.86724853515625 -24333.08984375
v -3830.065185546875 339.43984985351562 -24338.09765625
v -3834.758544921875 342.69937133789062 -24326.748046875
v -3836.6826171875 337.81558227539062 -24335.8203125
v -3841.3759765625 341.07513427734375 -24324.470703125
v -3843.2998046875 336.19131469726562 -24333.54296875
v -3841.330322265625 340.42849731445312 -24324.798828125
v -3841.30517578125 339.7862548828125 -24325.18359375
v -3841.302734375 339.15847778320312 -24325.625
v -3841.325439453125 338.55609130859375 -24326.119140625
v -3841.374267578125 337.9903564453125 -24326.666015625
v -3841.449951171875 337.4722900390625 -24327.25390625
v -3841.552734375 337.01217651367188 -24327.880859375
v -3841.68115234375 336.61874389648438 -24328.53515625
v -3841.833740234375 336.29885864257812 -24329.20703125
v -3842.007568359375 336.05703735351562 -24329.8828125
v -3842.199462890625 335.895263671875 -24330.556640625
v -3842.406005859375 335.81289672851562 -24331.21484375
v -3842.623046875 335.8070068359375 -24331.849609375
v -3842.8466796875 335.87265014648438 -24332.453125
v -3829.612060546875 339.12118530273438 -24337.0078125
v -3829.388427734375 339.0555419921875 -24336.40625
v -3829.17138671875 339.0614013671875 -24335.771484375
v -3828.96484375 339.14376831054688 -24335.11328125
v -3828.77294921875 339.30557250976562 -24334.439453125
v -3828.59912109375 339.54736328125 -24333.76171875
v -3828.318115234375 340.26068115234375 -24332.4375
v -3828.21533203125 340.7208251953125 -24331.810546875
v -3828.139404296875 341.23886108398438 -24331.220703125
v -3828.090576171875 341.80459594726562 -24330.67578125
v -3828.068115234375 342.406982421875 -24330.1796875
v -3828.0703125 343.03475952148438 -24329.740234375
v -3828.095458984375 343.67703247070312 -24329.35546875
v -3835.06396484375 338.24298095703125 -24330.8125
v -3835.78857421875 337.43716430664062 -24333.4921875
v -3831.88232421875 388.15554809570312 -24308.638671875
v -3827.33935546875 391.1959228515625 -24314.341796875
v -3827.812255859375 392.20132446289062 -24316.591796875
v -3828.141357421875 344.32363891601562 -24329.025390625
v -3824.208251953125 346.181396484375 -24332.298828125
v -3824.0712890625 348.36941528320312 -24336.978515625
v -3826.97607421875 382.40426635742188 -24321.1484375
v -3827.556884765625 344.4793701171875 -24329.25390625
v -3826.979736328125 344.65960693359375 -24329.53515625
v -3826.418701171875 344.86404418945312 -24329.873046875
v -3825.88427734375 345.091552734375 -24330.263671875
v -3825.386474609375 345.34017944335938 -24330.70703125
v -3824.935546875 345.607177734375 -24331.197265625
v -3824.5400390625 345.88897705078125 -24331.73046875
v -3823.945556640625 346.47988891601562 -24332.892578125
v -3823.756103515625 346.77957153320312 -24333.501953125
v -3823.640625 347.07577514648438 -24334.1171875
v -3823.598388671875 347.364013671875 -24334.73046875
v -3823.625732421875 347.64041137695312 -24335.328125
v -3823.71826171875 347.90167236328125 -24335.908203125
v -3827.459228515625 391.73358154296875 -24315.521484375
v -3827.366943359375 391.47232055664062 -24314.94140625
v -3827.381591796875 390.90765380859375 -24313.73046875
v -3827.4970703125 390.61148071289062 -24313.115234375
v -3827.686767578125 390.311767578125 -24312.505859375
v -3827.94921875 390.0133056640625 -24311.912109375
v -3828.281005859375 389.72085571289062 -24311.34375
v -3828.676513671875 389.43905639648438 -24310.810546875
v -3829.127685546875 389.17208862304688 -24310.3203125
v -3829.625244140625 388.92343139648438 -24309.876953125
v -3830.159912109375 388.69595336914062 -24309.484375
v -3830.720703125 388.49151611328125 -24309.1484375
v -3831.298095703125 388.311279296875 -24308.8671875
v -3824.6650390625 355.32525634765625 -24333.7421875
v -3824.67822265625 356.12405395507812 -24333.205078125
v -3824.733154296875 356.97308349609375 -24332.75390625
v -3826.74951171875 380.59759521484375 -24321.765625
v -3826.843017578125 381.48687744140625 -24321.408203125
v -3825.4052734375 364.847900390625 -24329.091796875
v -3826.077392578125 372.72274780273438 -24325.427734375
v -3843.2998046875 336.19131469726562 -24333.54296875
v -3845.779541015625 336.10635375976562 -24332.46484375
v -3848.16162109375 337.1824951171875 -24330.935546875
v -3850.540771484375 341.87237548828125 -24327.8671875
v -3855.400146484375 347.69354248046875 -24360.4921875
v -3862.640869140625 353.37460327148438 -24354.81640625
v -3867.500244140625 359.19573974609375 -24387.443359375
v -3874.7412109375 364.87680053710938 -24381.767578125
v -3868.097412109375 359.079345703125 -24387.224609375
v -3868.71484375 359.02215576171875 -24386.970703125
v -3869.34521484375 359.03079223632812 -24386.68359375
v -3869.97998046875 359.11077880859375 -24386.365234375
v -3870.609375 359.26583862304688 -24386.017578125
v -3871.22314453125 359.49771118164062 -24385.642578125
v -3871.810791015625 359.8057861328125 -24385.24609375
v -3872.362060546875 360.1868896484375 -24384.8359375
v -3872.8681640625 360.63552856445312 -24384.41796875
v -3873.3212890625 361.14401245117188 -24383.998046875
v -3873.715576171875 361.70297241210938 -24383.58203125
v -3874.047119140625 362.30178833007812 -24383.177734375
v -3874.314208984375 362.92938232421875 -24382.7890625
v -3874.517333984375 363.57461547851562 -24382.423828125
v -3874.658447265625 364.22695922851562 -24382.08203125
v -3850.4580078125 341.2225341796875 -24328.181640625
v -3850.31689453125 340.5701904296875 -24328.5234375
v -3850.11376953125 339.92495727539062 -24328.888671875
v -3849.8466796875 339.29739379882812 -24329.27734375
v -3849.51513671875 338.69854736328125 -24329.681640625
v -3849.120849609375 338.13961791992188 -24330.09765625
v -3848.667724609375 337.63113403320312 -24330.517578125
v -3847.6103515625 336.80136108398438 -24331.345703125
v -3847.022705078125 336.49331665039062 -24331.7421875
v -3846.408935546875 336.26144409179688 -24332.1171875
v -3845.144775390625 336.02639770507812 -24332.78515625
v -3844.514404296875 336.01773071289062 -24333.0703125
v -3843.89697265625 336.07492065429688 -24333.32421875
v -3857.879638671875 347.60858154296875 -24359.416015625
v -3860.261962890625 348.6846923828125 -24357.88671875
v -3830.065185546875 339.43984985351562 -24338.09765625
v -3825.568603515625 342.72802734375 -24338.712890625
v -3824.0712890625 348.36941528320312 -24336.978515625
v -3842.16552734375 350.94204711914062 -24365.048828125
v -3836.171630859375 359.87161254882812 -24363.927734375
v -3854.265625 362.44424438476562 -24391.998046875
v -3848.271728515625 371.37380981445312 -24390.87890625
v -3853.673583984375 362.6197509765625 -24392.189453125
v -3853.072021484375 362.86175537109375 -24392.35546875
v -3852.468994140625 363.17315673828125 -24392.494140625
v -3851.87353515625 363.5550537109375 -24392.59765625
v -3851.2958984375 364.00637817382812 -24392.6640625
v -3850.74609375 364.52386474609375 -24392.69140625
v -3850.234130859375 365.10183715820312 -24392.673828125
v -3849.76904296875 365.73245239257812 -24392.61328125
v -3849.358642578125 366.40603637695312 -24392.509765625
v -3849.00927734375 367.11151123046875 -24392.3671875
v -3848.724609375 367.83706665039062 -24392.18359375
v -3848.5068359375 368.57073974609375 -24391.96875
v -3848.355712890625 369.30099487304688 -24391.724609375
v -3848.268798828125 370.01739501953125 -24391.458984375
v -3848.242431640625 370.71084594726562 -24391.173828125
v -3824.0419921875 347.7064208984375 -24337.2734375
v -3824.068359375 347.01300048828125 -24337.55859375
v -3824.1552734375 346.29660034179688 -24337.82421875
v -3824.306396484375 345.56631469726562 -24338.068359375
v -3824.524169921875 344.83267211914062 -24338.283203125
v -3824.808837890625 344.10711669921875 -24338.466796875
v -3825.158203125 343.401611328125 -24338.609375
v -3826.03369140625 342.097412109375 -24338.7734375
v -3826.545654296875 341.51943969726562 -24338.791015625
v -3827.095458984375 341.00198364257812 -24338.763671875
v -3827.673095703125 340.55062866210938 -24338.697265625
v -3828.2685546875 340.16876220703125 -24338.59375
v -3828.87158203125 339.85736083984375 -24338.455078125
v -3829.47314453125 339.61532592773438 -24338.2890625
v -3837.6689453125 354.23025512695312 -24365.6640625
v -3870.67138671875 368.92257690429688 -24389.71875
v -3867.500244140625 359.19573974609375 -24387.443359375
v -3871.72314453125 367.16873168945312 -24389.7109375
v -3871.57861328125 365.52639770507812 -24389.96484375
v -3871.2724609375 363.888916015625 -24389.951171875
v -3870.80419921875 362.32620239257812 -24389.654296875
v -3870.174560546875 360.9149169921875 -24389.046875
v -3869.403076171875 359.7657470703125 -24388.130859375
v -3872.83056640625 367.09963989257812 -24388.8828125
v -3872.81396484375 365.4493408203125 -24389.0390625
v -3872.58251953125 363.80718994140625 -24388.97265625
v -3872.12744140625 362.24365234375 -24388.6640625
v -3871.4423828125 360.8358154296875 -24388.09765625
v -3870.541015625 359.69476318359375 -24387.279296875
v -3873.747802734375 367.19757080078125 -24387.85546875
v -3873.8369140625 365.55859375 -24387.892578125
v -3873.667236328125 363.92303466796875 -24387.755859375
v -3873.223388671875 362.36068725585938 -24387.43359375
v -3872.492431640625 360.94793701171875 -24386.921875
v -3871.4833984375 359.79541015625 -24386.22265625
v -3874.59326171875 365.8402099609375 -24386.6015625
v -3874.469482421875 364.22164916992188 -24386.38671875
v -3874.033935546875 362.66238403320312 -24386.05078125
v -3873.268798828125 361.23699951171875 -24385.595703125
v -3874.9736328125 364.69271850585938 -24384.900390625
v -3874.543212890625 363.13827514648438 -24384.548828125
v -3873.7568359375 361.69293212890625 -24384.15625
v -3874.71826171875 363.76092529296875 -24383.021484375
v -3871.255615234375 368.76681518554688 -24389.490234375
v -3871.832763671875 368.58657836914062 -24389.208984375
v -3872.393798828125 368.38217163085938 -24388.873046875
v -3872.92822265625 368.1546630859375 -24388.482421875
v -3873.426025390625 367.90603637695312 -24388.0390625
v -3873.877197265625 367.6390380859375 -24387.546875
v -3874.2724609375 367.35723876953125 -24387.013671875
v -3874.604248046875 367.06478881835938 -24386.4453125
v -3874.866943359375 366.76632690429688 -24385.8515625
v -3875.056640625 366.46664428710938 -24385.2421875
v -3875.171875 366.17044067382812 -24384.626953125
v -3875.21435546875 365.88217163085938 -24384.015625
v -3875.186767578125 365.60580444335938 -24383.416015625
v -3875.09423828125 365.34454345703125 -24382.837890625
v -3874.7412109375 364.87680053710938 -24381.767578125
v -3874.658447265625 364.22695922851562 -24382.08203125
v -3874.517333984375 363.57461547851562 -24382.423828125
v -3874.314208984375 362.92938232421875 -24382.7890625
v -3874.047119140625 362.30178833007812 -24383.177734375
v -3873.715576171875 361.70297241210938 -24383.58203125
v -3873.3212890625 361.14401245117188 -24383.998046875
v -3872.8681640625 360.63552856445312 -24384.41796875
v -3872.362060546875 360.1868896484375 -24384.8359375
v -3871.810791015625 359.8057861328125 -24385.24609375
v -3871.22314453125 359.49771118164062 -24385.642578125
v -3870.609375 359.26583862304688 -24386.017578125
v -3869.97998046875 359.11077880859375 -24386.365234375
v -3869.34521484375 359.03079223632812 -24386.68359375
v -3868.71484375 359.02215576171875 -24386.970703125
v -3868.097412109375 359.079345703125 -24387.224609375
v -3867.974365234375 359.75833129882812 -24388.41796875
v -3868.225341796875 360.14404296875 -24388.873046875
v -3868.48193359375 360.60000610351562 -24389.29296875
v -3868.739990234375 361.12405395507812 -24389.66796875
v -3868.995849609375 361.71160888671875 -24389.994140625
v -3869.245361328125 362.3558349609375 -24390.2578125
v -3869.484375 363.04769897460938 -24390.458984375
v -3869.70849609375 363.7764892578125 -24390.591796875
v -3869.914794921875 364.53030395507812 -24390.65234375
v -3870.100341796875 365.2967529296875 -24390.64453125
v -3870.262939453125 366.06350708007812 -24390.5703125
v -3870.4013671875 366.8189697265625 -24390.43359375
v -3870.515380859375 367.5528564453125 -24390.2421875
v -3870.60498046875 368.25634765625 -24390
v -3872.48828125 417.63827514648438 -24360.259765625
v -3878.861572265625 410.5712890625 -24361.99609375
v -3878.594482421875 412.26467895507812 -24361.583984375
v -3878.000732421875 413.86093139648438 -24361.275390625
v -3877.111083984375 415.28265380859375 -24361.08203125
v -3875.892578125 416.52667236328125 -24361.013671875
v -3874.411865234375 417.4547119140625 -24361.09375
v -3878.972900390625 410.7359619140625 -24363.30859375
v -3878.719482421875 412.44937133789062 -24363.05859375
v -3878.13330078125 414.05661010742188 -24362.8359375
v -3877.24462890625 415.47982788085938 -24362.65625
v -3876.02001953125 416.71502685546875 -24362.515625
v -3874.52587890625 417.62332153320312 -24362.4375
v -3878.552001953125 412.394287109375 -24364.57421875
v -3877.955810546875 413.99826049804688 -24364.443359375
v -3877.065673828125 415.42105102539062 -24364.2734375
v -3875.84912109375 416.65884399414062 -24364.0625
v -3874.373046875 417.57302856445312 -24363.822265625
v -3878.125732421875 412.11978149414062 -24365.998046875
v -3877.50390625 413.7073974609375 -24365.951171875
v -3876.610595703125 415.12796020507812 -24365.79296875
v -3875.414306640625 416.37890625 -24365.513671875
v -3876.81787109375 413.21484375 -24367.3203125
v -3875.919189453125 414.63168334960938 -24367.171875
v -3874.75390625 415.90484619140625 -24366.83203125
v -3875.031494140625 413.96258544921875 -24368.365234375
v -3878.482177734375 408.70870971679688 -24361.37890625
v -3878.835205078125 409.17645263671875 -24362.451171875
v -3878.927734375 409.43768310546875 -24363.029296875
v -3878.955322265625 409.71408081054688 -24363.62890625
v -3878.912841796875 410.00234985351562 -24364.240234375
v -3878.797607421875 410.29852294921875 -24364.85546875
v -3878.60791015625 410.59823608398438 -24365.46484375
v -3878.34521484375 410.89669799804688 -24366.05859375
v -3878.013427734375 411.18914794921875 -24366.626953125
v -3877.6181640625 411.470947265625 -24367.16015625
v -3877.1669921875 411.73794555664062 -24367.650390625
v -3876.669189453125 411.986572265625 -24368.09375
v -3876.134765625 412.21408081054688 -24368.486328125
v -3875.573974609375 412.41848754882812 -24368.822265625
v -3874.99658203125 412.59872436523438 -24369.103515625
v -3874.412353515625 412.75445556640625 -24369.33203125
v -3874.4580078125 413.40109252929688 -24369.00390625
v -3874.483154296875 414.0433349609375 -24368.619140625
v -3874.485595703125 414.67111206054688 -24368.177734375
v -3874.462890625 415.27349853515625 -24367.681640625
v -3874.4140625 415.8392333984375 -24367.13671875
v -3874.338134765625 416.3572998046875 -24366.546875
v -3874.235595703125 416.81744384765625 -24365.919921875
v -3874.10693359375 417.21087646484375 -24365.267578125
v -3873.95458984375 417.53073120117188 -24364.595703125
v -3873.78076171875 417.77255249023438 -24363.91796875
v -3873.588623046875 417.934326171875 -24363.24609375
v -3873.38232421875 418.01669311523438 -24362.5859375
v -3873.165283203125 418.0225830078125 -24361.953125
v -3872.94140625 417.95693969726562 -24361.349609375
v -3873.080322265625 417.4627685546875 -24360.068359375
v -3873.68212890625 417.22076416015625 -24359.90234375
v -3874.28515625 416.90936279296875 -24359.763671875
v -3874.88037109375 416.5274658203125 -24359.66015625
v -3875.4580078125 416.07614135742188 -24359.59375
v -3876.0078125 415.55865478515625 -24359.56640625
v -3876.519775390625 414.98068237304688 -24359.583984375
v -3876.98486328125 414.35006713867188 -24359.64453125
v -3877.395263671875 413.67648315429688 -24359.748046875
v -3877.74462890625 412.97100830078125 -24359.892578125
v -3878.029296875 412.24545288085938 -24360.07421875
v -3878.2470703125 411.51177978515625 -24360.2890625
v -3878.3984375 410.78152465820312 -24360.533203125
v -3878.485107421875 410.06512451171875 -24360.798828125
v -3878.511474609375 409.37167358398438 -24361.083984375
v -3859.253662109375 420.88677978515625 -24364.81640625
v -3852.0126953125 415.20571899414062 -24370.4921875
v -3858.345458984375 421.40325927734375 -24366.6171875
v -3856.87548828125 421.2032470703125 -24367.5546875
v -3855.58837890625 420.61538696289062 -24368.46875
v -3854.444091796875 419.65756225585938 -24369.37890625
v -3853.52978515625 418.406494140625 -24370.216796875
v -3852.89306640625 416.9759521484375 -24370.92578125
v -3859.120361328125 421.40927124023438 -24367.732421875
v -3857.741943359375 421.20999145507812 -24368.80078125
v -3856.49560546875 420.62246704101562 -24369.7734375
v -3855.345458984375 419.66458129882812 -24370.67578125
v -3854.3798828125 418.41311645507812 -24371.439453125
v -3853.653564453125 416.98187255859375 -24372.01953125
v -3860.01220703125 421.10275268554688 -24368.75390625
v -3858.739501953125 420.86712646484375 -24369.943359375
v -3857.539794921875 420.26351928710938 -24370.96875
v -3856.383056640625 419.30795288085938 -24371.86328125
v -3855.3583984375 418.07681274414062 -24372.560546875
v -3859.772705078125 420.2271728515625 -24370.888671875
v -3858.62158203125 419.59353637695312 -24371.958984375
v -3857.4580078125 418.64224243164062 -24372.84765625
v -3856.371826171875 417.44906616210938 -24373.486328125
v -3860.803955078125 419.33840942382812 -24371.623046875
v -3859.701171875 418.66311645507812 -24372.7265625
v -3858.530517578125 417.71771240234375 -24373.611328125
v -3860.736328125 417.52285766601562 -24373.255859375
v -3859.706787109375 421.2054443359375 -24365.904296875
v -3859.930419921875 421.27108764648438 -24366.5078125
v -3860.1474609375 421.26519775390625 -24367.142578125
v -3860.35400390625 421.182861328125 -24367.80078125
v -3860.5458984375 421.02105712890625 -24368.474609375
v -3860.7197265625 420.77923583984375 -24369.15234375
v -3860.872314453125 420.45938110351562 -24369.822265625
v -3861.000732421875 420.06594848632812 -24370.4765625
v -3861.103515625 419.60580444335938 -24371.103515625
v -3861.179443359375 419.08773803710938 -24371.693359375
v -3861.228271484375 418.52200317382812 -24372.23828125
v -3861.250732421875 417.91961669921875 -24372.732421875
v -3861.24853515625 417.29183959960938 -24373.173828125
v -3861.223388671875 416.64959716796875 -24373.55859375
v -3861.177490234375 416.00299072265625 -24373.88671875
v -3860.57275390625 416.13912963867188 -24374.068359375
v -3859.930908203125 416.25811767578125 -24374.20703125
v -3859.25830078125 416.3564453125 -24374.294921875
v -3858.56298828125 416.43084716796875 -24374.328125
v -3857.853759765625 416.47848510742188 -24374.298828125
v -3857.141357421875 416.4970703125 -24374.208984375
v -3856.43701171875 416.48516845703125 -24374.0546875
v -3855.752197265625 416.4422607421875 -24373.8359375
v -3855.098388671875 416.36874389648438 -24373.55859375
v -3854.4853515625 416.26605224609375 -24373.224609375
v -3853.922119140625 416.13644409179688 -24372.841796875
v -3853.4150390625 415.9830322265625 -24372.419921875
v -3852.96923828125 415.809326171875 -24371.96484375
v -3852.5869140625 415.61923217773438 -24371.486328125
v -3852.095703125 415.85556030273438 -24370.177734375
v -3852.23681640625 416.50790405273438 -24369.8359375
v -3852.439697265625 417.15313720703125 -24369.46875
v -3852.70703125 417.78073120117188 -24369.080078125
v -3853.038330078125 418.37954711914062 -24368.67578125
v -3853.4326171875 418.93850708007812 -24368.259765625
v -3853.8857421875 419.44699096679688 -24367.83984375
v -3854.391845703125 419.8956298828125 -24367.421875
v -3854.943359375 420.2767333984375 -24367.01171875
v -3855.531005859375 420.58477783203125 -24366.615234375
v -3856.144775390625 420.81668090820312 -24366.2421875
v -3856.774169921875 420.97174072265625 -24365.892578125
v -3857.40869140625 421.05172729492188 -24365.57421875
v -3858.0390625 421.06036376953125 -24365.287109375
v -3858.656494140625 421.003173828125 -24365.033203125
v -3857.4365234375 372.17108154296875 -24394.2734375
v -3848.271728515625 371.37380981445312 -24390.87890625
v -3855.912109375 371.12112426757812 -24395.123046875
v -3854.31201171875 371.13351440429688 -24395.255859375
v -3852.693603515625 371.07296752929688 -24395.041015625
v -3851.1767578125 370.93936157226562 -24394.470703125
v -3849.880859375 370.7435302734375 -24393.591796875
v -3848.887939453125 370.5052490234375 -24392.49609375
v -3855.97021484375 369.67941284179688 -24395.390625
v -3854.376708984375 369.52139282226562 -24395.5546875
v -3852.761962890625 369.37063598632812 -24395.357421875
v -3851.2451171875 369.2388916015625 -24394.787109375
v -3849.945556640625 369.136474609375 -24393.890625
v -3848.945556640625 369.06893920898438 -24392.763671875
v -3856.143798828125 368.25518798828125 -24395.39453125
v -3854.571044921875 367.9288330078125 -24395.560546875
v -3852.967041015625 367.68896484375 -24395.361328125
v -3851.449951171875 367.55905151367188 -24394.791015625
v -3850.13916015625 367.5489501953125 -24393.896484375
v -3849.11865234375 367.65008544921875 -24392.767578125
v -3854.885009765625 366.43377685546875 -24395.271484375
v -3853.298828125 366.1102294921875 -24395.05859375
v -3851.78125 365.9820556640625 -24394.48828125
v -3850.4521484375 366.05856323242188 -24393.609375
v -3853.777587890625 364.614501953125 -24394.40234375
v -3852.259521484375 364.48794555664062 -24393.833984375
v -3854.381103515625 363.365478515625 -24393.40234375
v -3852.862548828125 363.24026489257812 -24392.833984375
v -3857.3701171875 371.5048828125 -24394.556640625
v -3857.280517578125 370.80136108398438 -24394.796875
v -3857.166748046875 370.0675048828125 -24394.990234375
v -3857.028076171875 369.31201171875 -24395.126953125
v -3856.86572265625 368.54525756835938 -24395.201171875
v -3856.68017578125 367.77880859375 -24395.208984375
v -3856.473876953125 367.02499389648438 -24395.146484375
v -3856.24951171875 366.29620361328125 -24395.015625
v -3856.0107421875 365.60433959960938 -24394.814453125
v -3855.76123046875 364.96011352539062 -24394.548828125
v -3855.50537109375 364.37255859375 -24394.224609375
v -3855.2470703125 363.8485107421875 -24393.84765625
v -3854.99072265625 363.39254760742188 -24393.427734375
v -3854.739501953125 363.0068359375 -24392.974609375
v -3854.265625 362.44424438476562 -24391.998046875
v -3853.673583984375 362.6197509765625 -24392.189453125
v -3853.072021484375 362.86175537109375 -24392.35546875
v -3852.468994140625 363.17315673828125 -24392.494140625
v -3851.87353515625 363.5550537109375 -24392.59765625
v -3851.2958984375 364.00637817382812 -24392.6640625
v -3850.74609375 364.52386474609375 -24392.69140625
v -3850.234130859375 365.10183715820312 -24392.673828125
v -3849.76904296875 365.73245239257812 -24392.61328125
v -3849.358642578125 366.40603637695312 -24392.509765625
v -3849.00927734375 367.11151123046875 -24392.3671875
v -3848.724609375 367.83706665039062 -24392.18359375
v -3848.5068359375 368.57073974609375 -24391.96875
v -3848.355712890625 369.30099487304688 -24391.724609375
v -3848.268798828125 370.01739501953125 -24391.458984375
v -3848.242431640625 370.71084594726562 -24391.173828125
v -3848.845703125 371.78732299804688 -24391.873046875
v -3849.228271484375 371.9774169921875 -24392.3515625
v -3849.674072265625 372.151123046875 -24392.806640625
v -3850.18115234375 372.3045654296875 -24393.23046875
v -3850.744384765625 372.43414306640625 -24393.611328125
v -3851.357421875 372.53683471679688 -24393.9453125
v -3852.01123046875 372.6103515625 -24394.22265625
v -3852.696044921875 372.65328979492188 -24394.44140625
v -3853.400146484375 372.6651611328125 -24394.595703125
v -3854.112548828125 372.64657592773438 -24394.685546875
v -3854.82177734375 372.59893798828125 -24394.71484375
v -3855.517333984375 372.5245361328125 -24394.681640625
v -3856.18994140625 372.42620849609375 -24394.59375
v -3856.83154296875 372.30722045898438 -24394.455078125
v -3845.85107421875 386.2239990234375 -24303.365234375
v -3848.022705078125 385.83978271484375 -24303.12890625
v -3847.089111328125 387.22335815429688 -24302.904296875
v -3846.131103515625 388.69366455078125 -24303.02734375
v -3850.111083984375 385.48696899414062 -24303.55078125
v -3849.262451171875 386.85867309570312 -24302.99609375
v -3848.33837890625 388.25 -24302.76953125
v -3847.324462890625 389.67434692382812 -24302.8984375
v -3851.234619140625 386.42727661132812 -24303.736328125
v -3850.452880859375 387.85491943359375 -24303.193359375
v -3849.537841796875 389.25381469726562 -24302.96875
v -3848.47021484375 390.63323974609375 -24303.087890625
v -3847.3271484375 391.864013671875 -24303.58984375
v -3852.814208984375 385.8702392578125 -24305.05078125
v -3852.322998046875 387.357421875 -24304.26953125
v -3851.605712890625 388.8404541015625 -24303.755859375
v -3850.699462890625 390.246826171875 -24303.537109375
v -3849.579833984375 391.581787109375 -24303.630859375
v -3848.320556640625 392.71316528320312 -24304.07421875
v -3853.655517578125 386.6099853515625 -24305.8359375
v -3853.266357421875 388.18707275390625 -24305.150390625
v -3852.60546875 389.719482421875 -24304.689453125
v -3851.706787109375 391.13253784179688 -24304.4765625
v -3850.5419921875 392.4278564453125 -24304.529296875
v -3849.181884765625 393.4705810546875 -24304.87890625
v -3848.287841796875 394.63385009765625 -24306.359375
v -3847.81396484375 394.0712890625 -24305.384765625
v -3847.56298828125 393.68557739257812 -24304.9296875
v -3847.306396484375 393.22958374023438 -24304.509765625
v -3847.04833984375 392.70553588867188 -24304.1328125
v -3846.792236328125 392.11798095703125 -24303.80859375
v -3846.542724609375 391.47378540039062 -24303.54296875
v -3846.303955078125 390.78192138671875 -24303.34375
v -3846.079833984375 390.05313110351562 -24303.2109375
v -3845.87353515625 389.29928588867188 -24303.1484375
v -3845.68798828125 388.5328369140625 -24303.15625
v -3845.525390625 387.76608276367188 -24303.23046875
v -3845.386962890625 387.0106201171875 -24303.3671875
v -3845.27294921875 386.27676391601562 -24303.560546875
v -3845.183349609375 385.5732421875 -24303.80078125
v -3845.116943359375 384.90701293945312 -24304.083984375
v -3845.721923828125 384.7708740234375 -24303.90234375
v -3846.363525390625 384.65188598632812 -24303.763671875
v -3847.0361328125 384.55355834960938 -24303.67578125
v -3847.731689453125 384.47915649414062 -24303.64453125
v -3848.44091796875 384.43154907226562 -24303.671875
v -3849.1533203125 384.41293334960938 -24303.76171875
v -3849.857666015625 384.42483520507812 -24303.916015625
v -3850.542236328125 384.46774291992188 -24304.134765625
v -3851.1962890625 384.541259765625 -24304.412109375
v -3851.80908203125 384.64398193359375 -24304.74609375
v -3852.37255859375 384.7735595703125 -24305.12890625
v -3852.87939453125 384.92697143554688 -24305.55078125
v -3853.325439453125 385.10067749023438 -24306.005859375
v -3853.707763671875 385.290771484375 -24306.484375
v -3854.28173828125 385.70428466796875 -24307.48046875
v -3854.31103515625 386.36727905273438 -24307.18359375
v -3854.28466796875 387.06069946289062 -24306.8984375
v -3854.197998046875 387.777099609375 -24306.6328125
v -3854.046630859375 388.50738525390625 -24306.388671875
v -3853.828857421875 389.24102783203125 -24306.173828125
v -3853.544189453125 389.96658325195312 -24305.9921875
v -3853.19482421875 390.67208862304688 -24305.84765625
v -3852.784423828125 391.34567260742188 -24305.744140625
v -3852.3193359375 391.97628784179688 -24305.68359375
v -3851.807373046875 392.55426025390625 -24305.666015625
v -3851.257568359375 393.07171630859375 -24305.693359375
v -3850.679931640625 393.5230712890625 -24305.759765625
v -3850.084716796875 393.90493774414062 -24305.86328125
v -3849.481689453125 394.21633911132812 -24306.001953125
v -3848.8798828125 394.4583740234375 -24306.16796875
v -3833.249267578125 397.84344482421875 -24311.119140625
v -3833.925537109375 397.16513061523438 -24309.8046875
v -3831.7607421875 397.13092041015625 -24310.861328125
v -3832.4384765625 396.45333862304688 -24309.544921875
v -3829.96630859375 396.45303344726562 -24312.318359375
v -3830.420654296875 396.08212280273438 -24310.830078125
v -3831.099609375 395.40560913085938 -24309.515625
v -3831.94873046875 394.47811889648438 -24308.4765625
v -3828.830078125 395.4359130859375 -24314.01953125
v -3828.93212890625 395.2508544921875 -24312.4921875
v -3829.32861328125 394.81253051757812 -24311.013671875
v -3830.008544921875 394.13729858398438 -24309.697265625
v -3830.917724609375 393.27944946289062 -24308.650390625
v -3831.968505859375 392.31878662109375 -24307.927734375
v -3828.12548828125 394.230224609375 -24314.330078125
v -3828.144287109375 393.90267944335938 -24312.83984375
v -3828.496337890625 393.3887939453125 -24311.380859375
v -3829.17724609375 392.71499633789062 -24310.06640625
v -3830.132080078125 391.93524169921875 -24308.998046875
v -3831.266357421875 391.11740112304688 -24308.23828125
v -3827.65234375 392.94546508789062 -24314.77734375
v -3827.615234375 392.46612548828125 -24313.33984375
v -3827.9375 391.87167358398438 -24311.91015625
v -3828.619140625 391.19940185546875 -24310.59375
v -3829.6044921875 390.50289916992188 -24309.49609375
v -3830.794677734375 389.83724975585938 -24308.68359375
v -3827.812255859375 392.20132446289062 -24316.591796875
v -3831.88232421875 388.15554809570312 -24308.638671875
v -3831.94873046875 388.82174682617188 -24308.357421875
v -3832.038330078125 389.5252685546875 -24308.115234375
v -3832.152099609375 390.25912475585938 -24307.923828125
v -3832.290771484375 391.01461791992188 -24307.787109375
v -3832.453369140625 391.78134155273438 -24307.712890625
v -3832.638671875 392.54779052734375 -24307.705078125
v -3832.844970703125 393.3016357421875 -24307.767578125
v -3833.0693359375 394.03042602539062 -24307.8984375
v -3833.30810546875 394.7222900390625 -24308.099609375
v -3833.5576171875 395.36648559570312 -24308.365234375
v -3833.8134765625 395.95407104492188 -24308.689453125
v -3834.07177734375 396.47811889648438 -24309.064453125
v -3834.328125 396.93408203125 -24309.484375
v -3834.579345703125 397.31979370117188 -24309.939453125
v -3835.05322265625 397.88238525390625 -24310.916015625
v -3834.4560546875 397.998779296875 -24311.1328125
v -3833.838623046875 398.05596923828125 -24311.38671875
v -3833.208251953125 398.04730224609375 -24311.673828125
v -3832.57373046875 397.96734619140625 -24311.9921875
v -3831.9443359375 397.812255859375 -24312.341796875
v -3831.33056640625 397.58038330078125 -24312.71484375
v -3830.742919921875 397.2723388671875 -24313.111328125
v -3830.19140625 396.89120483398438 -24313.521484375
v -3829.685302734375 396.44256591796875 -24313.939453125
v -3829.232177734375 395.93408203125 -24314.361328125
v -3828.837890625 395.37515258789062 -24314.775390625
v -3828.506591796875 394.77630615234375 -24315.1796875
v -3828.2392578125 394.14874267578125 -24315.568359375
v -3828.036376953125 393.50350952148438 -24315.935546875
v -3827.895263671875 392.85116577148438 -24316.27734375
v -3827.459228515625 391.73358154296875 -24315.521484375
v -3827.366943359375 391.47232055664062 -24314.94140625
v -3827.33935546875 391.1959228515625 -24314.341796875
v -3827.381591796875 390.90765380859375 -24313.73046875
v -3827.4970703125 390.61148071289062 -24313.115234375
v -3827.686767578125 390.311767578125 -24312.505859375
v -3827.94921875 390.0133056640625 -24311.912109375
v -3828.281005859375 389.72085571289062 -24311.34375
v -3828.676513671875 389.43905639648438 -24310.810546875
v -3829.127685546875 389.17208862304688 -24310.3203125
v -3829.625244140625 388.92343139648438 -24309.876953125
v -3830.159912109375 388.69595336914062 -24309.484375
v -3830.720703125 388.49151611328125 -24309.1484375
v -3831.298095703125 388.311279296875 -24308.8671875
v -3841.3759765625 341.07513427734375 -24324.470703125
v -3850.540771484375 341.87237548828125 -24327.8671875
v -3842.6806640625 339.55099487304688 -24324.818359375
v -3844.2548828125 339.23440551757812 -24324.828125
v -3845.859619140625 339.13385009765625 -24325.1171875
v -3847.376708984375 339.270751953125 -24325.685546875
v -3848.686767578125 339.6334228515625 -24326.486328125
v -3849.705810546875 340.17654418945312 -24327.439453125
v -3842.405029296875 338.44094848632812 -24325.73828125
v -3843.94677734375 337.9931640625 -24325.85546875
v -3845.533935546875 337.82315063476562 -24326.203125
v -3847.051513671875 337.96148681640625 -24326.76953125
v -3848.37939453125 338.39608764648438 -24327.51171875
v -3849.43115234375 339.07064819335938 -24328.35546875
v -3842.034423828125 337.55789184570312 -24326.806640625
v -3843.5322265625 337.0057373046875 -24327.05078125
v -3845.096435546875 336.78045654296875 -24327.46484375
v -3846.6142578125 336.91995239257812 -24328.03125
v -3847.96630859375 337.41177368164062 -24328.703125
v -3849.06201171875 338.19091796875 -24329.419921875
v -3843.031982421875 336.3201904296875 -24328.353515625
v -3844.568115234375 336.05654907226562 -24328.83984375
v -3846.086669921875 336.19683837890625 -24329.404296875
v -3847.467529296875 336.7283935546875 -24330
v -3843.928955078125 335.6722412109375 -24330.369140625
v -3845.447998046875 335.81292724609375 -24330.931640625
v -3843.22314453125 335.72467041015625 -24331.927734375
v -3844.7431640625 335.86532592773438 -24332.48828125
v -3841.330322265625 340.42849731445312 -24324.798828125
v -3841.30517578125 339.7862548828125 -24325.18359375
v -3841.302734375 339.15847778320312 -24325.625
v -3841.325439453125 338.55609130859375 -24326.119140625
v -3841.374267578125 337.9903564453125 -24326.666015625
v -3841.449951171875 337.4722900390625 -24327.25390625
v -3841.552734375 337.01217651367188 -24327.880859375
v -3841.68115234375 336.61874389648438 -24328.53515625
v -3841.833740234375 336.29885864257812 -24329.20703125
v -3842.007568359375 336.05703735351562 -24329.8828125
v -3842.199462890625 335.895263671875 -24330.556640625
v -3842.406005859375 335.81289672851562 -24331.21484375
v -3842.623046875 335.8070068359375 -24331.849609375
v -3842.8466796875 335.87265014648438 -24332.453125
v -3843.2998046875 336.19131469726562 -24333.54296875
v -3843.89697265625 336.07492065429688 -24333.32421875
v -3844.514404296875 336.01773071289062 -24333.0703125
v -3845.144775390625 336.02639770507812 -24332.78515625
v -3845.779541015625 336.10635375976562 -24332.46484375
v -3846.408935546875 336.26144409179688 -24332.1171875
v -3847.022705078125 336.49331665039062 -24331.7421875
v -3847.6103515625 336.80136108398438 -24331.345703125
v -3848.16162109375 337.1824951171875 -24330.935546875
v -3848.667724609375 337.63113403320312 -24330.517578125
v -3849.120849609375 338.13961791992188 -24330.09765625
v -3849.51513671875 338.69854736328125 -24329.681640625
v -3849.8466796875 339.29739379882812 -24329.27734375
v -3850.11376953125 339.92495727539062 -24328.888671875
v -3850.31689453125 340.5701904296875 -24328.5234375
v -3850.4580078125 341.2225341796875 -24328.181640625
v -3849.966796875 341.4588623046875 -24326.87109375
v -3849.58447265625 341.268798828125 -24326.392578125
v -3849.138427734375 341.0950927734375 -24325.9375
v -3848.631591796875 340.941650390625 -24325.515625
v -3848.068115234375 340.81207275390625 -24325.1328125
v -3847.455078125 340.70938110351562 -24324.798828125
v -3846.80126953125 340.6358642578125 -24324.521484375
v -3846.11669921875 340.59292602539062 -24324.3046875
v -3845.412353515625 340.58102416992188 -24324.1484375
v -3844.699951171875 340.59963989257812 -24324.05859375
v -3843.99072265625 340.64727783203125 -24324.03125
v -3843.295166015625 340.7216796875 -24324.0625
v -3842.62255859375 340.82000732421875 -24324.150390625
v -3841.98095703125 340.93896484375 -24324.2890625
v -3826.63037109375 344.49749755859375 -24329.857421875
v -3827.553955078125 343.06863403320312 -24330.00390625
v -3825.736083984375 343.8236083984375 -24331.0625
v -3826.654052734375 342.39047241210938 -24331.216796875
v -3827.80517578125 341.14505004882812 -24331.556640625
v -3824.428955078125 344.90982055664062 -24332.38671875
v -3825.052734375 343.33377075195312 -24332.4375
v -3825.96630859375 341.8974609375 -24332.6015625
v -3827.148681640625 340.67440795898438 -24332.876953125
v -3823.73583984375 346.31219482421875 -24333.697265625
v -3824.013427734375 344.64263916015625 -24333.783203125
v -3824.613037109375 343.05111694335938 -24333.9140625
v -3825.523681640625 341.61300659179688 -24334.0859375
v -3826.726318359375 340.40283203125 -24334.294921875
v -3828.22998046875 339.48345947265625 -24334.5390625
v -3823.584716796875 346.26223754882812 -24335.05859375
v -3823.8447265625 344.58688354492188 -24335.302734375
v -3824.434814453125 342.99212646484375 -24335.521484375
v -3825.34423828125 341.55364990234375 -24335.705078125
v -3826.554931640625 340.34616088867188 -24335.83984375
v -3828.0771484375 339.43289184570312 -24335.91796875
v -3823.703857421875 346.43588256835938 -24336.419921875
v -3823.977783203125 344.78073120117188 -24336.822265625
v -3824.575439453125 343.19720458984375 -24337.12890625
v -3825.48583984375 341.76004028320312 -24337.322265625
v -3826.690185546875 340.54318237304688 -24337.384765625
v -3828.19775390625 339.60867309570312 -24337.296875
v -3824.0712890625 348.36941528320312 -24336.978515625
v -3830.065185546875 339.43984985351562 -24338.09765625
v -3829.612060546875 339.12118530273438 -24337.0078125
v -3829.388427734375 339.0555419921875 -24336.40625
v -3829.17138671875 339.0614013671875 -24335.771484375
v -3828.96484375 339.14376831054688 -24335.11328125
v -3828.77294921875 339.30557250976562 -24334.439453125
v -3828.59912109375 339.54736328125 -24333.76171875
v -3828.446533203125 339.86724853515625 -24333.08984375
v -3828.318115234375 340.26068115234375 -24332.4375
v -3828.21533203125 340.7208251953125 -24331.810546875
v -3828.139404296875 341.23886108398438 -24331.220703125
v -3828.090576171875 341.80459594726562 -24330.67578125
v -3828.068115234375 342.406982421875 -24330.1796875
v -3828.0703125 343.03475952148438 -24329.740234375
v -3828.095458984375 343.67703247070312 -24329.35546875
v -3828.141357421875 344.32363891601562 -24329.025390625
v -3827.556884765625 344.4793701171875 -24329.25390625
v -3826.979736328125 344.65960693359375 -24329.53515625
v -3826.418701171875 344.86404418945312 -24329.873046875
v -3825.88427734375 345.091552734375 -24330.263671875
v -3825.386474609375 345.34017944335938 -24330.70703125
v -3824.935546875 345.607177734375 -24331.197265625
v -3824.5400390625 345.88897705078125 -24331.73046875
v -3824.208251953125 346.181396484375 -24332.298828125
v -3823.945556640625 346.47988891601562 -24332.892578125
v -3823.756103515625 346.77957153320312 -24333.501953125
v -3823.640625 347.07577514648438 -24334.1171875
v -3823.598388671875 347.364013671875 -24334.73046875
v -3823.625732421875 347.64041137695312 -24335.328125
v -3823.71826171875 347.90167236328125 -24335.908203125
v -3824.0419921875 347.7064208984375 -24337.2734375
v -3824.068359375 347.01300048828125 -24337.55859375
v -3824.1552734375 346.29660034179688 -24337.82421875
v -3824.306396484375 345.56631469726562 -24338.068359375
v -3824.524169921875 344.83267211914062 -24338.283203125
v -3824.808837890625 344.10711669921875 -24338.466796875
v -3825.158203125 343.401611328125 -24338.609375
v -3825.568603515625 342.72802734375 -24338.712890625
v -3826.03369140625 342.097412109375 -24338.7734375
v -3826.545654296875 341.51943969726562 -24338.791015625
v -3827.095458984375 341.00198364257812 -24338.763671875
v -3827.673095703125 340.55062866210938 -24338.697265625
v -3828.2685546875 340.16876220703125 -24338.59375
v -3828.87158203125 339.85736083984375 -24338.455078125
v -3829.47314453125 339.61532592773438 -24338.2890625
v -3841.02978515625 401.723876953125 -24369.80859375
v -3839.013427734375 378.099365234375 -24380.794921875
v -3842.298095703125 397.87469482421875 -24361.765625
v -3840.28173828125 374.25015258789062 -24372.751953125
v -3839.6259765625 374.68087768554688 -24373.55859375
v -3839.082275390625 375.15200805664062 -24374.47265625
v -3838.675048828125 375.652587890625 -24375.47265625
v -3838.422607421875 376.16897583007812 -24376.537109375
v -3838.33447265625 376.68618774414062 -24377.6328125
v -3838.4111328125 377.18902587890625 -24378.728515625
v -3838.64306640625 377.66378784179688 -24379.791015625
v -3840.427490234375 400.81353759765625 -24367.740234375
v -3840.43896484375 399.79351806640625 -24365.548828125
v -3841.0986328125 398.77655029296875 -24363.484375
v -3840.021728515625 389.91162109375 -24375.302734375
v -3841.6259765625 389.99984741210938 -24365.427734375
v -3840.953857421875 382.125 -24369.08984375
v -3835.101806640625 396.08892822265625 -24356.60546875
v -3833.08544921875 372.46441650390625 -24367.59375
v -3833.826904296875 368.95223999023438 -24360.177734375
v -3832.902099609375 369.80227661132812 -24361.8359375
v -3832.442626953125 370.7269287109375 -24363.740234375
v -3832.513916015625 371.641845703125 -24365.71875
v -3834.5302734375 395.266357421875 -24354.73046875
v -3834.458984375 394.3514404296875 -24352.751953125
v -3834.91845703125 393.42678833007812 -24350.84765625
v -3833.757568359375 380.33926391601562 -24363.9296875
v -3834.4296875 388.214111328125 -24360.267578125
v -3835.84326171875 392.5767822265625 -24349.189453125
v -3834.8349609375 380.76449584960938 -24354.68359375
v -3833.826904296875 368.95223999023438 -24360.177734375
v -3829.521240234375 390.78408813476562 -24344.17578125
v -3827.5048828125 367.15957641601562 -24355.1640625
v -3828.51318359375 378.97183227539062 -24349.669921875
v -3834.8349609375 380.76449584960938 -24354.68359375
v -3828.54150390625 367.87176513671875 -24356.884765625
v -3830.03125 368.44271850585938 -24358.38671875
v -3831.853759765625 368.81100463867188 -24359.51171875
v -3835.84326171875 392.5767822265625 -24349.189453125
v -3833.8701171875 392.435546875 -24348.5234375
v -3832.047607421875 392.0672607421875 -24347.3984375
v -3830.5576171875 391.49627685546875 -24345.896484375
v -3828.59521484375 363.41680908203125 -24347.31640625
v -3823.6982421875 385.24896240234375 -24331.20703125
v -3821.681884765625 361.62442016601562 -24342.1953125
v -3823.026123046875 377.37411499023438 -24334.869140625
v -3822.35400390625 369.499267578125 -24338.53125
v -3829.267333984375 371.29165649414062 -24343.654296875
v -3829.939453125 379.16650390625 -24339.9921875
v -3822.173828125 362.016845703125 -24343.12890625
v -3822.80517578125 362.38015747070312 -24344.025390625
v -3823.567626953125 362.7021484375 -24344.857421875
v -3824.446044921875 362.97201538085938 -24345.599609375
v -3825.4169921875 363.18154907226562 -24346.228515625
v -3826.452392578125 363.32577514648438 -24346.728515625
v -3830.611572265625 387.04135131835938 -24336.328125
v -3828.46875 386.95028686523438 -24335.740234375
v -3826.46240234375 386.5965576171875 -24334.611328125
v -3824.8212890625 386.00466918945312 -24333.037109375
v -3829.521240234375 390.78408813476562 -24344.17578125
v -3827.5048828125 367.15957641601562 -24355.1640625
v -3828.59521484375 363.41680908203125 -24347.31640625
v -3827.487060546875 364.3035888671875 -24349.01953125
v -3827.11767578125 364.79083251953125 -24350
v -3826.894775390625 365.2913818359375 -24351.03515625
v -3826.826171875 365.79147338867188 -24352.09765625
v -3826.911865234375 366.2774658203125 -24353.158203125
v -3827.143310546875 366.73690795898438 -24354.1875
v -3828.92822265625 389.9019775390625 -24342.169921875
v -3828.9111328125 388.9158935546875 -24340.046875
v -3829.503173828125 387.92813110351562 -24338.03125
v -3828.51318359375 378.97183227539062 -24349.669921875
v -3830.611572265625 387.04135131835938 -24336.328125
v -3829.939453125 379.16650390625 -24339.9921875
v -3829.267333984375 371.29165649414062 -24343.654296875
v -3842.298095703125 397.87469482421875 -24361.765625
v -3835.101806640625 396.08892822265625 -24356.60546875
v -3833.08544921875 372.46441650390625 -24367.59375
v -3834.4296875 388.214111328125 -24360.267578125
v -3833.757568359375 380.33926391601562 -24363.9296875
v -3840.28173828125 374.25015258789062 -24372.751953125
v -3840.953857421875 382.125 -24369.08984375
v -3841.6259765625 389.99984741210938 -24365.427734375
v -3840.076171875 397.81036376953125 -24361.21875
v -3837.981201171875 397.46575927734375 -24360.09375
v -3836.2666015625 396.86495971679688 -24358.486328125
v -3833.59375 372.86782836914062 -24368.552734375
v -3834.250244140625 373.24044799804688 -24369.474609375
v -3835.04638671875 373.56887817382812 -24370.328125
v -3835.96484375 373.84124755859375 -24371.08203125
v -3836.979736328125 374.04861450195312 -24371.712890625
v -3838.059814453125 374.18582153320312 -24372.20703125
v -3839.171630859375 374.25198364257812 -24372.552734375
v -3839.013427734375 378.099365234375 -24380.794921875
v -3844.668212890625 368.81369018554688 -24382.234375
v -3838.620361328125 374.25564575195312 -24379.44921875
v -3839.873046875 371.73733520507812 -24380.546875
v -3841.979248046875 369.7554931640625 -24381.357421875
v -3838.90087890625 373.06103515625 -24376.931640625
v -3840.101806640625 370.76296997070312 -24378.494140625
v -3842.1279296875 369.12261962890625 -24380.0234375
v -3840.102783203125 371.91311645507812 -24374.68359375
v -3841.08203125 369.82669067382812 -24376.662109375
v -3842.7646484375 368.51449584960938 -24378.833984375
v -3838.64306640625 377.66378784179688 -24379.791015625
v -3838.4111328125 377.18902587890625 -24378.728515625
v -3838.33447265625 376.68618774414062 -24377.6328125
v -3838.422607421875 376.16897583007812 -24376.537109375
v -3838.675048828125 375.652587890625 -24375.47265625
v -3839.082275390625 375.15200805664062 -24374.47265625
v -3839.6259765625 374.68087768554688 -24373.55859375
v -3840.28173828125 374.25015258789062 -24372.751953125
v -3843.439208984375 369.47506713867188 -24382.501953125
v -3842.26318359375 370.36477661132812 -24382.646484375
v -3841.203125 371.46078491210938 -24382.65234375
v -3840.31591796875 372.71865844726562 -24382.51171875
v -3839.64404296875 374.07720947265625 -24382.232421875
v -3839.207763671875 375.46807861328125 -24381.83203125
v -3839.0048828125 376.82638549804688 -24381.34375
v -3840.376953125 373.02682495117188 -24373.232421875
v -3840.852294921875 371.84408569335938 -24373.5234375
v -3840.87744140625 371.80111694335938 -24373.53125
v -3841.494140625 370.99319458007812 -24373.59765625
v -3842.087646484375 370.47576904296875 -24373.552734375
v -3842.284423828125 369.53466796875 -24374.794921875
v -3842.584228515625 368.82931518554688 -24376.169921875
v -3843.06005859375 368.33151245117188 -24377.90625
v -3843.643798828125 368.22537231445312 -24379.6796875
v -3844.069091796875 368.36996459960938 -24380.810546875
v -3844.3642578125 368.5565185546875 -24381.53515625
v -3848.598388671875 379.6629638671875 -24385.916015625
v -3845.5029296875 377.02120971679688 -24386.658203125
v -3845.486572265625 373.99307250976562 -24386.427734375
v -3845.62548828125 371.22067260742188 -24385.177734375
v -3842.8037109375 376.80575561523438 -24385.69921875
v -3843.28515625 373.81732177734375 -24385.646484375
v -3844.195556640625 371.10653686523438 -24384.669921875
v -3840.61962890625 376.1907958984375 -24383.9765625
v -3841.503662109375 373.31573486328125 -24384.240234375
v -3843.03857421875 370.78073120117188 -24383.755859375
v -3839.013427734375 378.099365234375 -24380.794921875
v -3839.0048828125 376.82638549804688 -24381.34375
v -3839.207763671875 375.46807861328125 -24381.83203125
v -3839.64404296875 374.07720947265625 -24382.232421875
v -3840.31591796875 372.71865844726562 -24382.51171875
v -3841.203125 371.46078491210938 -24382.65234375
v -3842.26318359375 370.36477661132812 -24382.646484375
v -3843.439208984375 369.47506713867188 -24382.501953125
v -3844.668212890625 368.81369018554688 -24382.234375
v -3844.976806640625 369.13790893554688 -24382.900390625
v -3845.288330078125 369.52713012695312 -24383.52734375
v -3845.76611328125 370.24282836914062 -24384.40625
v -3846.472900390625 371.57583618164062 -24385.5078125
v -3847.125244140625 373.14602661132812 -24386.283203125
v -3847.67041015625 374.8038330078125 -24386.685546875
v -3848.11328125 376.53823852539062 -24386.734375
v -3848.412353515625 378.12948608398438 -24386.46875
v -3847.231201171875 379.82662963867188 -24386.017578125
v -3845.786865234375 379.89349365234375 -24385.896484375
v -3844.32666015625 379.8485107421875 -24385.53125
v -3842.920654296875 379.68569946289062 -24384.923828125
v -3841.638916015625 379.41006469726562 -24384.095703125
v -3840.5390625 379.03741455078125 -24383.091796875
v -3839.6591796875 378.59140014648438 -24381.97265625
v -3850.61474609375 403.2874755859375 -24374.927734375
v -3848.514404296875 408.43807983398438 -24368.287109375
v -3848.191162109375 408.0040283203125 -24369.98046875
v -3847.891357421875 407.2230224609375 -24371.55859375
v -3847.6337890625 406.15444946289062 -24372.923828125
v -3847.4296875 404.88623046875 -24374.013671875
v -3847.665771484375 408.37680053710938 -24366.08984375
v -3846.782470703125 408.23867797851562 -24367.5390625
v -3845.955322265625 407.74658203125 -24369.017578125
v -3845.24560546875 406.91839599609375 -24370.41796875
v -3844.69482421875 405.81607055664062 -24371.65625
v -3844.321533203125 404.52838134765625 -24372.673828125
v -3846.8037109375 408.0570068359375 -24365.244140625
v -3845.509033203125 407.76632690429688 -24366.291015625
v -3844.31103515625 407.13674926757812 -24367.404296875
v -3843.299560546875 406.1966552734375 -24368.509765625
v -3842.533447265625 405.014404296875 -24369.53515625
v -3842.0361328125 403.68063354492188 -24370.431640625
v -3846.345458984375 407.62615966796875 -24364.234375
v -3844.832275390625 407.12991333007812 -24364.798828125
v -3843.4375 406.31512451171875 -24365.4765625
v -3842.265625 405.22427368164062 -24366.228515625
v -3841.385009765625 403.93435668945312 -24367.00390625
v -3840.821533203125 402.53848266601562 -24367.751953125
v -3846.31201171875 407.0968017578125 -24363.08984375
v -3844.78271484375 406.34799194335938 -24363.107421875
v -3843.37353515625 405.3056640625 -24363.294921875
v -3842.18994140625 404.02963256835938 -24363.646484375
v -3841.301025390625 402.60739135742188 -24364.134765625
v -3840.732666015625 401.13522338867188 -24364.71875
v -3845.453125 405.56179809570312 -24361.541015625
v -3844.239013671875 404.29067993164062 -24361.271484375
v -3843.21435546875 402.82843017578125 -24361.251953125
v -3842.43896484375 401.27316284179688 -24361.474609375
v -3841.93603515625 399.72427368164062 -24361.90625
v -3842.298095703125 397.87469482421875 -24361.765625
v -3841.0986328125 398.77655029296875 -24363.484375
v -3840.43896484375 399.79351806640625 -24365.548828125
v -3840.427490234375 400.81353759765625 -24367.740234375
v -3841.02978515625 401.723876953125 -24369.80859375
v -3850.6806640625 404.70687866210938 -24374.107421875
v -3850.624267578125 405.96014404296875 -24373.05078125
v -3850.425537109375 407.08465576171875 -24371.671875
v -3850.092041015625 407.90725708007812 -24370.115234375
v -3849.6162109375 408.40509033203125 -24368.37890625
v -3849.032470703125 408.51123046875 -24366.607421875
v -3848.60302734375 408.36447143554688 -24365.46484375
v -3848.30859375 408.17767333984375 -24364.7421875
v -3848.005859375 407.92083740234375 -24364.044921875
v -3847.6962890625 407.59481811523438 -24363.37890625
v -3847.383544921875 407.203369140625 -24362.748046875
v -3846.91015625 406.4937744140625 -24361.87890625
v -3846.203369140625 405.16073608398438 -24360.77734375
v -3845.551025390625 403.59054565429688 -24360.001953125
v -3845.067138671875 402.140380859375 -24359.630859375
v -3844.660888671875 400.62588500976562 -24359.529296875
v -3841.675537109375 402.2159423828125 -24370.984375
v -3842.555419921875 402.66192626953125 -24372.10546875
v -3843.6552734375 403.03457641601562 -24373.107421875
v -3844.93701171875 403.31021118164062 -24373.935546875
v -3846.343017578125 403.47305297851562 -24374.54296875
v -3847.80322265625 403.51800537109375 -24374.908203125
v -3849.24755859375 403.45114135742188 -24375.029296875
v -3844.005126953125 400.41510009765625 -24359.9140625
v -3843.27880859375 399.93673706054688 -24360.443359375
v -3843.247314453125 399.90771484375 -24360.470703125
v -3842.59375 399.00210571289062 -24361.150390625
v -3828.0419921875 360.54647827148438 -24348.033203125
v -3828.049560546875 357.51828002929688 -24347.806640625
v -3828.2255859375 354.74575805664062 -24346.5625
v -3825.396240234375 360.31790161132812 -24347.0546875
v -3825.8916015625 357.33181762695312 -24347.009765625
v -3826.82373046875 354.62466430664062 -24346.044921875
v -3823.2607421875 359.70452880859375 -24345.345703125
v -3824.14990234375 356.83154296875 -24345.615234375
v -3825.692626953125 354.29971313476562 -24345.138671875
v -3821.681884765625 361.62442016601562 -24342.1953125
v -3821.67333984375 360.35147094726562 -24342.7421875
v -3821.876220703125 358.9931640625 -24343.23046875
v -3822.3125 357.602294921875 -24343.630859375
v -3822.984619140625 356.24371337890625 -24343.91015625
v -3823.87158203125 354.98583984375 -24344.05078125
v -3824.931640625 353.88986206054688 -24344.044921875
v -3826.107666015625 353.0001220703125 -24343.900390625
v -3827.336669921875 352.33877563476562 -24343.6328125
v -3828.59521484375 363.41680908203125 -24347.31640625
v -3826.452392578125 363.32577514648438 -24346.728515625
v -3825.4169921875 363.18154907226562 -24346.228515625
v -3824.446044921875 362.97201538085938 -24345.599609375
v -3823.567626953125 362.7021484375 -24344.857421875
v -3822.80517578125 362.38015747070312 -24344.025390625
v -3822.173828125 362.016845703125 -24343.12890625
v -3827.645263671875 352.66299438476562 -24344.298828125
v -3827.956787109375 353.05221557617188 -24344.92578125
v -3828.434814453125 353.76788330078125 -24345.8046875
v -3829.1416015625 355.10092163085938 -24346.90625
v -3829.7939453125 356.67111206054688 -24347.681640625
v -3830.232666015625 357.97329711914062 -24348.029296875
v -3830.609619140625 359.33071899414062 -24348.15625
v -3829.6640625 360.19503784179688 -24348.2109375
v -3829.434814453125 360.4930419921875 -24348.1875
v -3829.409423828125 360.52923583984375 -24348.18359375
v -3828.74365234375 361.93194580078125 -24347.884765625
v -3821.681884765625 361.62442016601562 -24342.1953125
v -3827.336669921875 352.33877563476562 -24343.6328125
v -3821.28662109375 357.76507568359375 -24340.814453125
v -3822.53955078125 355.24969482421875 -24341.919921875
v -3824.646728515625 353.27236938476562 -24342.73828125
v -3821.59130859375 356.55166625976562 -24338.26171875
v -3822.7880859375 354.260009765625 -24339.8359375
v -3824.80810546875 352.62954711914062 -24341.38671875
v -3822.842041015625 355.39202880859375 -24335.998046875
v -3823.808349609375 353.31414794921875 -24337.990234375
v -3825.470703125 352.01522827148438 -24340.1875
v -3821.2451171875 361.08255004882812 -24340.94921875
v -3821.02294921875 360.47708129882812 -24339.607421875
v -3821.052001953125 359.82958984375 -24338.220703125
v -3821.349609375 359.168701171875 -24336.853515625
v -3821.9072265625 358.5260009765625 -24335.57421875
v -3822.69287109375 357.93148803710938 -24334.439453125
v -3823.655029296875 357.40890502929688 -24333.4921875
v -3826.107666015625 353.0001220703125 -24343.900390625
v -3824.931640625 353.88986206054688 -24344.044921875
v -3823.87158203125 354.98583984375 -24344.05078125
v -3822.984619140625 356.24371337890625 -24343.91015625
v -3822.3125 357.602294921875 -24343.630859375
v -3821.876220703125 358.9931640625 -24343.23046875
v -3821.67333984375 360.35147094726562 -24342.7421875
v -3824.6650390625 355.32525634765625 -24333.7421875
v -3824.720458984375 354.30154418945312 -24334.6328125
v -3824.919189453125 353.177001953125 -24336.013671875
v -3825.252685546875 352.35440063476562 -24337.568359375
v -3825.728515625 351.8565673828125 -24339.3046875
v -3826.3125 351.75045776367188 -24341.078125
v -3826.737548828125 351.89501953125 -24342.208984375
v -3827.032958984375 352.08157348632812 -24342.93359375
v -3824.733154296875 356.97308349609375 -24332.75390625
v -3824.67822265625 356.12405395507812 -24333.205078125
v -3831.08544921875 391.96084594726562 -24329.662109375
v -3830.73388671875 391.52609252929688 -24331.349609375
v -3830.4111328125 390.74456787109375 -24332.921875
v -3830.136962890625 389.67559814453125 -24334.283203125
v -3829.92333984375 388.40713500976562 -24335.37109375
v -3830.280029296875 391.88909912109375 -24327.451171875
v -3829.370849609375 391.74490356445312 -24328.8828125
v -3828.520263671875 391.247314453125 -24330.34375
v -3827.79150390625 390.41461181640625 -24331.732421875
v -3827.227294921875 389.30911254882812 -24332.9609375
v -3826.84619140625 388.01959228515625 -24333.97265625
v -3829.439208984375 391.56243896484375 -24326.595703125
v -3828.12890625 391.26235961914062 -24327.6171875
v -3826.916748046875 390.62435913085938 -24328.7109375
v -3825.893798828125 389.67739868164062 -24329.798828125
v -3825.119384765625 388.490234375 -24330.8125
v -3824.6171875 387.15362548828125 -24331.701171875
v -3829.001220703125 391.12646484375 -24325.576171875
v -3827.48193359375 390.618408203125 -24326.115234375
v -3826.08154296875 389.79296875 -24326.76953125
v -3824.9052734375 388.69345092773438 -24327.501953125
v -3824.021240234375 387.3973388671875 -24328.26171875
v -3823.4560546875 385.99786376953125 -24329.00390625
v -3828.99169921875 390.59451293945312 -24324.431640625
v -3827.4677734375 389.83267211914062 -24324.421875
v -3826.0634765625 388.778564453125 -24324.5859375
v -3824.8837890625 387.49295043945312 -24324.916015625
v -3823.99755859375 386.0638427734375 -24325.390625
v -3823.430908203125 384.58773803710938 -24325.966796875
v -3828.173095703125 389.05007934570312 -24322.869140625
v -3826.97412109375 387.76824951171875 -24322.580078125
v -3825.96142578125 386.2972412109375 -24322.54296875
v -3825.194580078125 384.73574829101562 -24322.755859375
v -3824.69677734375 383.18325805664062 -24323.1796875
v -3826.74951171875 380.59759521484375 -24321.765625
v -3825.67138671875 381.03341674804688 -24322.505859375
v -3824.709228515625 381.55599975585938 -24323.451171875
v -3823.923583984375 382.1505126953125 -24324.5859375
v -3823.36572265625 382.793212890625 -24325.865234375
v -3823.068359375 383.45413208007812 -24327.232421875
v -3823.039306640625 384.10159301757812 -24328.619140625
v -3823.261474609375 384.70706176757812 -24329.9609375
v -3823.6982421875 385.24896240234375 -24331.20703125
v -3830.611572265625 387.04135131835938 -24336.328125
v -3831.002197265625 388.3939208984375 -24335.576171875
v -3831.875244140625 389.4189453125 -24334.74609375
v -3831.905517578125 389.44146728515625 -24334.72265625
v -3832.17529296875 389.616943359375 -24334.52734375
v -3833.2265625 389.99114990234375 -24333.896484375
v -3824.8212890625 386.00466918945312 -24333.037109375
v -3826.46240234375 386.5965576171875 -24334.611328125
v -3828.46875 386.95028686523438 -24335.740234375
v -3833.03515625 390.80816650390625 -24332.755859375
v -3832.7607421875 391.43234252929688 -24331.513671875
v -3832.284912109375 391.93014526367188 -24329.77734375
v -3831.700927734375 392.03628540039062 -24328.005859375
v -3831.271484375 391.8895263671875 -24326.86328125
v -3830.977294921875 391.7027587890625 -24326.140625
v -3830.674560546875 391.44589233398438 -24325.443359375
v -3830.36474609375 391.11990356445312 -24324.77734375
v -3830.052001953125 390.72842407226562 -24324.1484375
v -3829.57861328125 390.01882934570312 -24323.27734375
v -3828.871826171875 388.68582153320312 -24322.17578125
v -3828.219482421875 387.11563110351562 -24321.400390625
v -3827.67431640625 385.45785522460938 -24320.998046875
v -3827.2314453125 383.72341918945312 -24320.94921875
v -3826.97607421875 382.40426635742188 -24321.1484375
v -3826.843017578125 381.48687744140625 -24321.408203125
v -3823.6982421875 385.24896240234375 -24331.20703125
v -3821.681884765625 361.62442016601562 -24342.1953125
v -3826.74951171875 380.59759521484375 -24321.765625
v -3824.733154296875 356.97308349609375 -24332.75390625
v -3823.655029296875 357.40890502929688 -24333.4921875
v -3822.69287109375 357.93148803710938 -24334.439453125
v -3821.9072265625 358.5260009765625 -24335.57421875
v -3821.349609375 359.168701171875 -24336.853515625
v -3821.052001953125 359.82958984375 -24338.220703125
v -3821.02294921875 360.47708129882812 -24339.607421875
v -3821.2451171875 361.08255004882812 -24340.94921875
v -3823.261474609375 384.70706176757812 -24329.9609375
v -3823.039306640625 384.10159301757812 -24328.619140625
v -3823.068359375 383.45413208007812 -24327.232421875
v -3823.36572265625 382.793212890625 -24325.865234375
v -3823.923583984375 382.1505126953125 -24324.5859375
v -3824.709228515625 381.55599975585938 -24323.451171875
v -3825.67138671875 381.03341674804688 -24322.505859375
v -3822.35400390625 369.499267578125 -24338.53125
v -3823.026123046875 377.37411499023438 -24334.869140625
v -3826.077392578125 372.72274780273438 -24325.427734375
v -3825.4052734375 364.847900390625 -24329.091796875
v -3827.5048828125 367.15957641601562 -24355.1640625
v -3833.15966796875 357.8739013671875 -24356.603515625
v -3827.1123046875 363.31878662109375 -24353.822265625
v -3828.36474609375 360.79995727539062 -24354.919921875
v -3830.470947265625 358.8172607421875 -24355.728515625
v -3827.38818359375 362.12771606445312 -24351.3125
v -3828.58984375 359.82843017578125 -24352.873046875
v -3830.6171875 358.18624877929688 -24354.3984375
v -3828.5810546875 360.9820556640625 -24349.068359375
v -3829.562744140625 358.89398193359375 -24351.04296875
v -3831.2490234375 357.57931518554688 -24353.208984375
v -3827.143310546875 366.73690795898438 -24354.1875
v -3826.911865234375 366.2774658203125 -24353.158203125
v -3826.826171875 365.79147338867188 -24352.09765625
v -3826.894775390625 365.2913818359375 -24351.03515625
v -3827.11767578125 364.79083251953125 -24350
v -3827.487060546875 364.3035888671875 -24349.01953125
v -3828.59521484375 363.41680908203125 -24347.31640625
v -3831.9306640625 358.5352783203125 -24356.869140625
v -3830.754638671875 359.42498779296875 -24357.013671875
v -3829.694580078125 360.52099609375 -24357.01953125
v -3828.807373046875 361.77886962890625 -24356.87890625
v -3828.135498046875 363.13742065429688 -24356.599609375
v -3827.69921875 364.52828979492188 -24356.201171875
v -3827.49609375 365.8865966796875 -24355.7109375
v -3830.609619140625 359.33071899414062 -24348.15625
v -3830.80126953125 358.51370239257812 -24349.294921875
v -3831.07568359375 357.8895263671875 -24350.537109375
v -3831.551513671875 357.3917236328125 -24352.275390625
v -3832.13525390625 357.28558349609375 -24354.046875
v -3832.560546875 357.43017578125 -24355.177734375
v -3832.855712890625 357.61672973632812 -24355.904296875
v -3828.74365234375 361.93194580078125 -24347.884765625
v -3829.409423828125 360.52923583984375 -24348.18359375
v -3829.434814453125 360.4930419921875 -24348.1875
v -3829.6640625 360.19503784179688 -24348.2109375
v -3833.81396484375 366.08145141601562 -24360.9921875
v -3833.8310546875 363.05328369140625 -24360.767578125
v -3834.021484375 360.28079223632812 -24359.52734375
v -3831.189208984375 365.84783935546875 -24360.0078125
v -3831.690185546875 362.86273193359375 -24359.96484375
v -3832.630859375 360.15701293945312 -24359.005859375
v -3829.072998046875 365.23519897460938 -24358.302734375
v -3829.9638671875 362.363037109375 -24358.57421875
v -3831.509765625 359.83245849609375 -24358.1015625
v -3827.5048828125 367.15957641601562 -24355.1640625
v -3827.49609375 365.8865966796875 -24355.7109375
v -3827.69921875 364.52828979492188 -24356.201171875
v -3828.135498046875 363.13742065429688 -24356.599609375
v -3828.807373046875 361.77886962890625 -24356.87890625
v -3829.694580078125 360.52099609375 -24357.01953125
v -3830.754638671875 359.42498779296875 -24357.013671875
v -3831.9306640625 358.5352783203125 -24356.869140625
v -3833.15966796875 357.8739013671875 -24356.603515625
v -3836.267578125 364.23748779296875 -24361.09375
v -3835.1845703125 365.14755249023438 -24361.19140625
v -3835.159423828125 365.1751708984375 -24361.19140625
v -3834.6884765625 365.78131103515625 -24361.14453125
v -3833.981201171875 367.32614135742188 -24360.802734375
v -3833.826904296875 368.95223999023438 -24360.177734375
v -3831.853759765625 368.81100463867188 -24359.51171875
v -3830.03125 368.44271850585938 -24358.38671875
v -3828.54150390625 367.87176513671875 -24356.884765625
v -3833.46826171875 358.1981201171875 -24357.267578125
v -3833.77978515625 358.58734130859375 -24357.89453125
v -3834.257568359375 359.30303955078125 -24358.7734375
v -3834.96435546875 360.63604736328125 -24359.876953125
v -3835.61669921875 362.20623779296875 -24360.65234375
v -3836.889404296875 397.49533081054688 -24342.626953125
v -3836.532470703125 397.06033325195312 -24344.3125
v -3836.205322265625 396.27862548828125 -24345.884765625
v -3835.927978515625 395.2095947265625 -24347.244140625
v -3836.103515625 397.4244384765625 -24340.421875
v -3835.194580078125 397.28018188476562 -24341.853515625
v -3834.344482421875 396.7825927734375 -24343.314453125
v -3833.615966796875 395.949951171875 -24344.703125
v -3833.052001953125 394.84451293945312 -24345.931640625
v -3832.671142578125 393.55511474609375 -24346.943359375
v -3835.269287109375 397.10202026367188 -24339.57421875
v -3833.962158203125 396.80398559570312 -24340.603515625
v -3832.75341796875 396.16781616210938 -24341.701171875
v -3831.733154296875 395.222412109375 -24342.79296875
v -3830.960693359375 394.03643798828125 -24343.810546875
v -3830.459716796875 392.7005615234375 -24344.701171875
v -3834.829345703125 396.67263793945312 -24338.5703125
v -3833.3125 396.16973876953125 -24339.12109375
v -3831.914794921875 395.34906005859375 -24339.787109375
v -3830.740478515625 394.25344848632812 -24340.52734375
v -3829.858154296875 392.96017456054688 -24341.294921875
v -3829.293701171875 391.56243896484375 -24342.0390625
v -3834.806396484375 396.1484375 -24337.439453125
v -3833.278564453125 395.39544677734375 -24337.44921875
v -3831.870849609375 394.34945678710938 -24337.62890625
v -3830.688720703125 393.07052612304688 -24337.974609375
v -3829.80078125 391.64627075195312 -24338.458984375
v -3829.23291015625 390.17300415039062 -24339.041015625
v -3833.947021484375 394.61947631835938 -24335.904296875
v -3832.73388671875 393.34771728515625 -24335.634765625
v -3831.710205078125 391.885009765625 -24335.61328125
v -3830.93505859375 390.32949829101562 -24335.8359375
v -3830.4326171875 388.780517578125 -24336.267578125
v -3830.611572265625 387.04135131835938 -24336.328125
v -3829.503173828125 387.92813110351562 -24338.03125
v -3828.9111328125 388.9158935546875 -24340.046875
v -3828.92822265625 389.9019775390625 -24342.169921875
v -3829.521240234375 390.78408813476562 -24344.17578125
v -3830.5576171875 391.49627685546875 -24345.896484375
v -3832.047607421875 392.0672607421875 -24347.3984375
v -3833.8701171875 392.435546875 -24348.5234375
v -3835.84326171875 392.5767822265625 -24349.189453125
v -3833.2265625 389.99114990234375 -24333.896484375
v -3832.17529296875 389.616943359375 -24334.52734375
v -3831.905517578125 389.44146728515625 -24334.72265625
v -3831.875244140625 389.4189453125 -24334.74609375
v -3831.002197265625 388.3939208984375 -24335.576171875
v -3838.97216796875 395.92437744140625 -24346.35546875
v -3838.58349609375 396.96746826171875 -24344.484375
v -3838.107666015625 397.46530151367188 -24342.74609375
v -3837.52392578125 397.57144165039062 -24340.974609375
v -3837.094482421875 397.4246826171875 -24339.83203125
v -3836.800048828125 397.23788452148438 -24339.109375
v -3836.497314453125 396.98104858398438 -24338.4140625
v -3836.187744140625 396.655029296875 -24337.74609375
v -3835.875 396.26358032226562 -24337.1171875
v -3835.401611328125 395.55398559570312 -24336.248046875
v -3834.69482421875 394.22097778320312 -24335.14453125
v -3834.04248046875 392.6507568359375 -24334.369140625
v -3833.603515625 391.34857177734375 -24334.0234375
v -3836.262939453125 394.06192016601562 -24348.3671875
v -3837.19970703125 395.20321655273438 -24347.458984375
v -3837.752685546875 395.55801391601562 -24347.060546875
v -3837.78125 395.572509765625 -24347.041015625
v -3835.71240234375 393.941162109375 -24348.33203125
v -3848.598388671875 379.6629638671875 -24385.916015625
v -3841.02978515625 401.723876953125 -24369.80859375
v -3839.013427734375 378.099365234375 -24380.794921875
v -3840.021728515625 389.91162109375 -24375.302734375
v -3849.606689453125 391.4752197265625 -24380.421875
v -3850.61474609375 403.2874755859375 -24374.927734375
v -3849.24755859375 403.45114135742188 -24375.029296875
v -3847.80322265625 403.51800537109375 -24374.908203125
v -3846.343017578125 403.47305297851562 -24374.54296875
v -3844.93701171875 403.31021118164062 -24373.935546875
v -3843.6552734375 403.03457641601562 -24373.107421875
v -3842.555419921875 402.66192626953125 -24372.10546875
v -3841.675537109375 402.2159423828125 -24370.984375
v -3839.6591796875 378.59140014648438 -24381.97265625
v -3840.5390625 379.03741455078125 -24383.091796875
v -3841.638916015625 379.41006469726562 -24384.095703125
v -3842.920654296875 379.68569946289062 -24384.923828125
v -3844.32666015625 379.8485107421875 -24385.53125
v -3845.786865234375 379.89349365234375 -24385.896484375
v -3847.231201171875 379.82662963867188 -24386.017578125
v -3839.466552734375 371.38650512695312 -24373.435546875
v -3839.47021484375 368.35830688476562 -24373.208984375
v -3839.64013671875 365.58578491210938 -24371.962890625
v -3836.81201171875 371.16000366210938 -24372.4609375
v -3837.30517578125 368.17355346679688 -24372.4140625
v -3838.23388671875 365.46578979492188 -24371.447265625
v -3834.668701171875 370.54635620117188 -24370.748046875
v -3835.55712890625 367.67303466796875 -24371.017578125
v -3837.098388671875 365.14068603515625 -24370.541015625
v -3833.08544921875 372.46441650390625 -24367.59375
v -3833.076904296875 371.19146728515625 -24368.140625
v -3833.27978515625 369.83316040039062 -24368.62890625
v -3833.716064453125 368.44229125976562 -24369.029296875
v -3834.38818359375 367.08370971679688 -24369.30859375
v -3835.275146484375 365.82583618164062 -24369.44921875
v -3836.335205078125 364.7298583984375 -24369.443359375
v -3837.51123046875 363.84011840820312 -24369.298828125
v -3838.740234375 363.17877197265625 -24369.03125
v -3842.087646484375 370.47576904296875 -24373.552734375
v -3841.494140625 370.99319458007812 -24373.59765625
v -3840.87744140625 371.80111694335938 -24373.53125
v -3840.852294921875 371.84408569335938 -24373.5234375
v -3840.376953125 373.02682495117188 -24373.232421875
v -3840.28173828125 374.25015258789062 -24372.751953125
v -3839.171630859375 374.25198364257812 -24372.552734375
v -3838.059814453125 374.18582153320312 -24372.20703125
v -3836.979736328125 374.04861450195312 -24371.712890625
v -3835.96484375 373.84124755859375 -24371.08203125
v -3835.04638671875 373.56887817382812 -24370.328125
v -3834.250244140625 373.24044799804688 -24369.474609375
v -3833.59375 372.86782836914062 -24368.552734375
v -3839.048828125 363.50299072265625 -24369.697265625
v -3839.3603515625 363.8922119140625 -24370.32421875
v -3839.83837890625 364.60787963867188 -24371.203125
v -3840.545166015625 365.94088745117188 -24372.3046875
v -3841.197509765625 367.5111083984375 -24373.080078125
v -3841.68115234375 368.96127319335938 -24373.453125
v -3833.08544921875 372.46441650390625 -24367.59375
v -3838.740234375 363.17877197265625 -24369.03125
v -3832.694091796875 368.63082885742188 -24366.267578125
v -3833.9462890625 366.11065673828125 -24367.36328125
v -3836.05224609375 364.12588500976562 -24368.166015625
v -3832.959228515625 367.4483642578125 -24363.7734375
v -3834.16259765625 365.14614868164062 -24365.328125
v -3836.192626953125 363.49942016601562 -24366.845703125
v -3834.1298828125 366.3082275390625 -24361.537109375
v -3835.117431640625 364.21621704101562 -24363.50390625
v -3836.81298828125 362.89541625976562 -24365.66015625
v -3832.513916015625 371.641845703125 -24365.71875
v -3832.442626953125 370.7269287109375 -24363.740234375
v -3832.902099609375 369.80227661132812 -24361.8359375
v -3833.826904296875 368.95223999023438 -24360.177734375
v -3837.51123046875 363.84011840820312 -24369.298828125
v -3836.335205078125 364.7298583984375 -24369.443359375
v -3835.275146484375 365.82583618164062 -24369.44921875
v -3834.38818359375 367.08370971679688 -24369.30859375
v -3833.716064453125 368.44229125976562 -24369.029296875
v -3833.27978515625 369.83316040039062 -24368.62890625
v -3833.076904296875 371.19146728515625 -24368.140625
v -3833.981201171875 367.32614135742188 -24360.802734375
v -3834.6884765625 365.78131103515625 -24361.14453125
v -3835.159423828125 365.1751708984375 -24361.19140625
v -3835.1845703125 365.14755249023438 -24361.19140625
v -3836.267578125 364.23748779296875 -24361.09375
v -3836.65625 363.19439697265625 -24362.966796875
v -3837.132080078125 362.69656372070312 -24364.703125
v -3837.716064453125 362.59042358398438 -24366.4765625
v -3838.14111328125 362.73501586914062 -24367.607421875
v -3838.4365234375 362.92156982421875 -24368.33203125
v -3842.52294921875 402.80166625976562 -24355.068359375
v -3842.181396484375 402.36712646484375 -24356.759765625
v -3841.86669921875 401.58578491210938 -24358.333984375
v -3841.598388671875 400.5169677734375 -24359.6953125
v -3841.38818359375 399.24868774414062 -24360.783203125
v -3841.712890625 402.73611450195312 -24352.87109375
v -3840.81787109375 402.59518432617188 -24354.3125
v -3839.97998046875 402.10055541992188 -24355.78125
v -3839.261474609375 401.27029418945312 -24357.177734375
v -3838.704833984375 400.16656494140625 -24358.41015625
v -3838.328125 398.87814331054688 -24359.42578125
v -3840.866943359375 402.41708374023438 -24352.029296875
v -3839.568115234375 402.1239013671875 -24353.0703125
v -3838.36669921875 401.49212646484375 -24354.177734375
v -3837.3525390625 400.55029296875 -24355.279296875
v -3836.584228515625 399.36685180664062 -24356.302734375
v -3836.085693359375 398.03244018554688 -24357.1953125
v -3840.416748046875 401.989990234375 -24351.029296875
v -3838.903076171875 401.49307250976562 -24351.591796875
v -3837.508056640625 400.67776489257812 -24352.26953125
v -3836.336181640625 399.5865478515625 -24353.01953125
v -3835.45556640625 398.29638671875 -24353.79296875
v -3834.891845703125 396.90042114257812 -24354.54296875
v -3840.3818359375 401.4666748046875 -24349.896484375
v -3838.8515625 400.72012329101562 -24349.919921875
v -3837.441650390625 399.67990112304688 -24350.111328125
v -3836.257568359375 398.4056396484375 -24350.466796875
v -3835.3681640625 396.98471069335938 -24350.95703125
v -3834.7998046875 395.51333618164062 -24351.544921875
v -3839.50390625 399.94195556640625 -24348.3671875
v -3838.283935546875 398.67529296875 -24348.107421875
v -3837.25439453125 397.21676635742188 -24348.09375
v -3836.475341796875 395.6641845703125 -24348.322265625
v -3835.84326171875 392.5767822265625 -24349.189453125
v -3834.91845703125 393.42678833007812 -24350.84765625
v -3834.458984375 394.3514404296875 -24352.751953125
v -3834.5302734375 395.266357421875 -24354.73046875
v -3835.101806640625 396.08892822265625 -24356.60546875
v -3836.2666015625 396.86495971679688 -24358.486328125
v -3837.981201171875 397.46575927734375 -24360.09375
v -3840.076171875 397.81036376953125 -24361.21875
v -3842.298095703125 397.87469482421875 -24361.765625
v -3844.660888671875 400.62588500976562 -24359.529296875
v -3844.464111328125 401.56698608398438 -24358.287109375
v -3844.164306640625 402.2723388671875 -24356.912109375
v -3843.6884765625 402.7701416015625 -24355.17578125
v -3843.1044921875 402.87628173828125 -24353.404296875
v -3842.675048828125 402.72952270507812 -24352.26171875
v -3842.380859375 402.54275512695312 -24351.5390625
v -3842.078125 402.285888671875 -24350.841796875
v -3841.768310546875 401.95986938476562 -24350.17578125
v -3841.45556640625 401.56842041015625 -24349.546875
v -3840.982177734375 400.85882568359375 -24348.677734375
v -3840.275390625 399.52581787109375 -24347.57421875
v -3839.623046875 397.95562744140625 -24346.798828125
v -3838.97216796875 395.92437744140625 -24346.35546875
v -3837.78125 395.572509765625 -24347.041015625
v -3837.752685546875 395.55801391601562 -24347.060546875
v -3837.19970703125 395.20321655273438 -24347.458984375
v -3836.262939453125 394.06192016601562 -24348.3671875
v -3842.59375 399.00210571289062 -24361.150390625
v -3843.247314453125 399.90771484375 -24360.470703125
v -3843.27880859375 399.93673706054688 -24360.443359375
v -3844.005126953125 400.41510009765625 -24359.9140625
v -3835.970458984375 394.11691284179688 -24348.755859375
vt 0.91515994071960449 0.65881472826004028
vt 0.63942962884902954 0.57710105180740356
vt 0.77729475498199463 0.57710105180740356
vt 0.91515994071960449 0.57710105180740356
vt 0.63942962884902954 0.65881472826004028
vt 0.63942962884902954 0.61795789003372192
vt 0.27885928750038147 0.84294342994689941
vt 0.63796478509902954 0.84294342994689941
vt 0.4584120512008667 0.84294342994689941
vt 0.63796478509902954 0.7626945972442627
vt 0.63796478509902954 0.80281901359558105
vt 0.27885928750038147 0.7626945972442627
vt 0.4584120512008667 0.7626945972442627
vt 0.91515994071960449 0.5268862247467041
vt 0.63942962884902954 0.44517260789871216
vt 0.63942962884902954 0.5268862247467041
vt 0.63942962884902954 0.48602941632270813
vt 0.91515994071960449 0.44517260789871216
vt 0.91515994071960449 0.48602941632270813
vt 0.27885928750038147 0.92465704679489136
vt 0.63796478509902954 0.84440827369689941
vt 0.63796478509902954 0.92465704679489136
vt 0.4584120512008667 0.92465704679489136
vt 0.27885928750038147 0.84440827369689941
vt 0.4584120512008667 0.84440827369689941
vt 0.27885928750038147 0.884532630443573
vt 0.63796478509902954 0.884532630443573
vt 0.31445658206939697 0
vt 0.31445658206939697 0.35910552740097046
vt 0.31445658206939697 0.17955276370048523
vt 0.59018683433532715 0
vt 0.59018683433532715 0.17955276370048523
vt 0.45232173800468445 0
vt 0.59018683433532715 0.35910552740097046
vt 0.63942962884902954 0.27573028206825256
vt 0.99853515625 0.27573028206825256
vt 0.81898242235183716 0.27573028206825256
vt 0.63942962884902954 0
vt 0.81898242235183716 0
vt 0.99853515625 0
vt 0.94386911392211914 0.00592450937256217
vt 0.93931722640991211 0.0061409878544509411
vt 0.93480569124221802 0.0067854691296815872
vt 0.92813879251480103 0.0085625955834984779
vt 0.91856276988983154 0.013089162297546864
vt 0.91019266843795776 0.019593728706240654
vt 0.90437924861907959 0.02637338824570179
vt 0.89990377426147461 0.034097153693437576
vt 0.99238508939743042 0.054622180759906769
vt 0.99149483442306519 0.045334406197071075
vt 0.9888567328453064 0.0363876111805439
vt 0.98409652709960938 0.027395347133278847
vt 0.97757786512374878 0.019593728706240654
vt 0.969207763671875 0.013089162297546864
vt 0.95963174104690552 0.0085625955834984779
vt 0.95290029048919678 0.0067731593735516071
vt 0.94840449094772339 0.0061363782733678818
vt 0.89990377426147461 0.22376035153865814
vt 0.90437924861907959 0.23148411512374878
vt 0.91019266843795776 0.23826377093791962
vt 0.91856276988983154 0.24476833641529083
vt 0.92813879251480103 0.24929490685462952
vt 0.93480569124221802 0.25107201933860779
vt 0.93931722640991211 0.2517164945602417
vt 0.94386911392211914 0.25193297863006592
vt 0.94840449094772339 0.25172111392021179
vt 0.95290029048919678 0.25108435750007629
vt 0.95963174104690552 0.24929490685462952
vt 0.969207763671875 0.24476833641529083
vt 0.97757786512374878 0.23826377093791962
vt 0.98409652709960938 0.23046214878559113
vt 0.9888567328453064 0.22146987915039062
vt 0.99149483442306519 0.21252308785915375
vt 0.99238508939743042 0.20323531329631805
vt 0.68669068813323975 0.00592450937256217
vt 0.68213880062103271 0.0061409878544509411
vt 0.67762726545333862 0.0067854691296815872
vt 0.67096036672592163 0.0085625955834984779
vt 0.66138434410095215 0.013089162297546864
vt 0.65301424264907837 0.019593728706240654
vt 0.64649558067321777 0.027395347133278847
vt 0.64173543453216553 0.0363876111805439
vt 0.72990942001342773 0.032492075115442276
vt 0.72569173574447632 0.025652503594756126
vt 0.72039943933486938 0.019593728706240654
vt 0.71202933788299561 0.013089162297546864
vt 0.70245331525802612 0.0085625955834984779
vt 0.69572186470031738 0.0067731593735516071
vt 0.69122606515884399 0.0061363782733678818
vt 0.63942962884902954 0.21410077810287476
vt 0.64173543453216553 0.22146987915039062
vt 0.64649558067321777 0.23046214878559113
vt 0.65301424264907837 0.23826377093791962
vt 0.66138434410095215 0.24476833641529083
vt 0.67096036672592163 0.24929490685462952
vt 0.67762726545333862 0.25107201933860779
vt 0.68213880062103271 0.2517164945602417
vt 0.68669068813323975 0.25193297863006592
vt 0.69122606515884399 0.25172111392021179
vt 0.69572186470031738 0.25108435750007629
vt 0.70245331525802612 0.24929490685462952
vt 0.71202933788299561 0.24476833641529083
vt 0.72039943933486938 0.23826377093791962
vt 0.72569173574447632 0.23220498859882355
vt 0.72990942001342773 0.22536541521549225
vt 0.77309584617614746 0.00592450937256217
vt 0.76854401826858521 0.0061409878544509411
vt 0.76403242349624634 0.0067854691296815872
vt 0.75736552476882935 0.0085625955834984779
vt 0.74778950214385986 0.013089162297546864
vt 0.73941946029663086 0.019593728706240654
vt 0.73412710428237915 0.025652503594756126
vt 0.81451714038848877 0.029263440519571304
vt 0.8068045973777771 0.019593728706240654
vt 0.7984345555305481 0.013089162297546864
vt 0.78885847330093384 0.0085625955834984779
vt 0.7821270227432251 0.0067731593735516071
vt 0.77763128280639648 0.0061363782733678818
vt 0.73412710428237915 0.23220498859882355
vt 0.73941946029663086 0.23826377093791962
vt 0.74778950214385986 0.24476833641529083
vt 0.75736552476882935 0.24929490685462952
vt 0.76403242349624634 0.25107201933860779
vt 0.76854401826858521 0.2517164945602417
vt 0.77309584617614746 0.25193297863006592
vt 0.77763128280639648 0.25172111392021179
vt 0.7821270227432251 0.25108435750007629
vt 0.78885847330093384 0.24929490685462952
vt 0.7984345555305481 0.24476833641529083
vt 0.8068045973777771 0.23826377093791962
vt 0.81451714038848877 0.22859404981136322
vt 0.99238508939743042 0.12892875075340271
vt 0.85590606927871704 0.00592450937256217
vt 0.85135418176651001 0.0061409878544509411
vt 0.84684264659881592 0.0067854691296815872
vt 0.84017574787139893 0.0085625955834984779
vt 0.83059972524642944 0.013089162297546864
vt 0.82222962379455566 0.019593728706240654
vt 0.89542824029922485 0.02637338824570179
vt 0.88961482048034668 0.019593728706240654
vt 0.88124477863311768 0.013089162297546864
vt 0.87166869640350342 0.0085625955834984779
vt 0.86493724584579468 0.0067731593735516071
vt 0.86044144630432129 0.0061363782733678818
vt 0.82222962379455566 0.23826377093791962
vt 0.83059972524642944 0.24476833641529083
vt 0.84017574787139893 0.24929490685462952
vt 0.84684264659881592 0.25107201933860779
vt 0.85135418176651001 0.2517164945602417
vt 0.85590606927871704 0.25193297863006592
vt 0.86044144630432129 0.25172111392021179
vt 0.86493724584579468 0.25108435750007629
vt 0.87166869640350342 0.24929490685462952
vt 0.88124477863311768 0.24476833641529083
vt 0.88961482048034668 0.23826377093791962
vt 0.89542824029922485 0.23148411512374878
vt 0.63942962884902954 0.043756723403930664
vt 0 0.77076536417007446
vt 0 0.8164975643157959
vt 0 0.83174163103103638
vt 0.13786514103412628 0.77076536417007446
vt 0.13786514103412628 0.83174163103103638
vt 0.27573028206825256 0.77076536417007446
vt 0.27573028206825256 0.80125349760055542
vt 0.27573028206825256 0.8164975643157959
vt 0.27573028206825256 0.83174163103103638
vt 0 0.82411962747573853
vt 0 0.8203086256980896
vt 0 0.81268656253814697
vt 0 0.80887556076049805
vt 0 0.80506449937820435
vt 0 0.80125349760055542
vt 0 0.79744249582290649
vt 0 0.79363149404525757
vt 0 0.78982043266296387
vt 0 0.78600943088531494
vt 0 0.78219842910766602
vt 0 0.77838742733001709
vt 0 0.77457636594772339
vt 0.27573028206825256 0.77457636594772339
vt 0.27573028206825256 0.77838742733001709
vt 0.27573028206825256 0.78219842910766602
vt 0.27573028206825256 0.78600943088531494
vt 0.27573028206825256 0.78982043266296387
vt 0.27573028206825256 0.79363149404525757
vt 0.27573028206825256 0.79744249582290649
vt 0.27573028206825256 0.80506449937820435
vt 0.27573028206825256 0.80887556076049805
vt 0.27573028206825256 0.81268656253814697
vt 0.27573028206825256 0.8203086256980896
vt 0.27573028206825256 0.82411962747573853
vt 0.13786514103412628 0.80125349760055542
vt 0.13786514103412628 0.8164975643157959
vt 0.063658230006694794 0.36057037115097046
vt 0.015914557501673698 0.36057037115097046
vt 0 0.36057037115097046
vt 0.063658230006694794 0.44228401780128479
vt 0.031829115003347397 0.44228401780128479
vt 0.015914557501673698 0.44228401780128479
vt 0 0.44228401780128479
vt 0.05967959389090538 0.44228401780128479
vt 0.055700954049825668 0.44228401780128479
vt 0.051722314208745956 0.44228401780128479
vt 0.047743674367666245 0.44228401780128479
vt 0.043765034526586533 0.44228401780128479
vt 0.039786394685506821 0.44228401780128479
vt 0.035807754844427109 0.44228401780128479
vt 0.027850477024912834 0.44228401780128479
vt 0.023871837183833122 0.44228401780128479
vt 0.01989319734275341 0.44228401780128479
vt 0.011935918591916561 0.44228401780128479
vt 0.0079572787508368492 0.44228401780128479
vt 0.0079572787508368492 0.36057037115097046
vt 0.011935918591916561 0.36057037115097046
vt 0.01989319734275341 0.36057037115097046
vt 0.023871837183833122 0.36057037115097046
vt 0.027850477024912834 0.36057037115097046
vt 0.031829115003347397 0.36057037115097046
vt 0.035807754844427109 0.36057037115097046
vt 0.039786394685506821 0.36057037115097046
vt 0.043765034526586533 0.36057037115097046
vt 0.047743674367666245 0.36057037115097046
vt 0.051722314208745956 0.36057037115097046
vt 0.055700954049825668 0.36057037115097046
vt 0.05967959389090538 0.36057037115097046
vt 0 0.61540883779525757
vt 0 0.67638510465621948
vt 0.27573028206825256 0.61540883779525757
vt 0.27573028206825256 0.661141037940979
vt 0.27573028206825256 0.67638510465621948
vt 0.27573028206825256 0.61921983957290649
vt 0.27573028206825256 0.62303084135055542
vt 0.27573028206825256 0.62684190273284912
vt 0.27573028206825256 0.63065290451049805
vt 0.27573028206825256 0.63446390628814697
vt 0.27573028206825256 0.6382749080657959
vt 0.27573028206825256 0.6420859694480896
vt 0.27573028206825256 0.64589697122573853
vt 0.27573028206825256 0.64970797300338745
vt 0.27573028206825256 0.65351903438568115
vt 0.27573028206825256 0.65733003616333008
vt 0.27573028206825256 0.66495203971862793
vt 0.27573028206825256 0.66876310110092163
vt 0 0.66876310110092163
vt 0 0.66495203971862793
vt 0 0.661141037940979
vt 0 0.65733003616333008
vt 0 0.65351903438568115
vt 0 0.64970797300338745
vt 0 0.64589697122573853
vt 0 0.6420859694480896
vt 0 0.6382749080657959
vt 0 0.63446390628814697
vt 0 0.63065290451049805
vt 0 0.62684190273284912
vt 0 0.62303084135055542
vt 0 0.61921983957290649
vt 0.063658230006694794 0.48798960447311401
vt 0 0.48798960447311401
vt 0.063658230006694794 0.52884644269943237
vt 0 0.52884644269943237
vt 0.063658230006694794 0.56970322132110596
vt 0 0.56970322132110596
vt 0.05967959389090538 0.56970322132110596
vt 0.055700954049825668 0.56970322132110596
vt 0.051722314208745956 0.56970322132110596
vt 0.047743674367666245 0.56970322132110596
vt 0.043765034526586533 0.56970322132110596
vt 0.039786394685506821 0.56970322132110596
vt 0.035807754844427109 0.56970322132110596
vt 0.031829115003347397 0.56970322132110596
vt 0.027850477024912834 0.56970322132110596
vt 0.023871837183833122 0.56970322132110596
vt 0.01989319734275341 0.56970322132110596
vt 0.015914557501673698 0.56970322132110596
vt 0.011935918591916561 0.56970322132110596
vt 0.0079572787508368492 0.56970322132110596
vt 0.0079572787508368492 0.48798960447311401
vt 0.011935918591916561 0.48798960447311401
vt 0.015914557501673698 0.48798960447311401
vt 0.01989319734275341 0.48798960447311401
vt 0.023871837183833122 0.48798960447311401
vt 0.027850477024912834 0.48798960447311401
vt 0.031829115003347397 0.48798960447311401
vt 0.035807754844427109 0.48798960447311401
vt 0.039786394685506821 0.48798960447311401
vt 0.043765034526586533 0.48798960447311401
vt 0.047743674367666245 0.48798960447311401
vt 0.051722314208745956 0.48798960447311401
vt 0.055700954049825668 0.48798960447311401
vt 0.05967959389090538 0.48798960447311401
vt 0.015914557501673698 0.52884644269943237
vt 0.27885928750038147 0.69546347856521606
vt 0.27885928750038147 0.72834658622741699
vt 0.27885928750038147 0.7612297534942627
vt 0.4584120512008667 0.69546347856521606
vt 0.4584120512008667 0.7612297534942627
vt 0.63796478509902954 0.69546347856521606
vt 0.63796478509902954 0.7612297534942627
vt 0.27885928750038147 0.75711935758590698
vt 0.27885928750038147 0.75300896167755127
vt 0.27885928750038147 0.74889856576919556
vt 0.27885928750038147 0.74478816986083984
vt 0.27885928750038147 0.74067777395248413
vt 0.27885928750038147 0.73656737804412842
vt 0.27885928750038147 0.73245698213577271
vt 0.27885928750038147 0.72423619031906128
vt 0.27885928750038147 0.72012579441070557
vt 0.27885928750038147 0.71601539850234985
vt 0.27885928750038147 0.71190500259399414
vt 0.27885928750038147 0.7077946662902832
vt 0.27885928750038147 0.70368427038192749
vt 0.27885928750038147 0.69957387447357178
vt 0.63796478509902954 0.69957387447357178
vt 0.63796478509902954 0.70368427038192749
vt 0.63796478509902954 0.7077946662902832
vt 0.63796478509902954 0.71190500259399414
vt 0.63796478509902954 0.71601539850234985
vt 0.63796478509902954 0.72012579441070557
vt 0.63796478509902954 0.72423619031906128
vt 0.63796478509902954 0.72834658622741699
vt 0.63796478509902954 0.73245698213577271
vt 0.63796478509902954 0.73656737804412842
vt 0.63796478509902954 0.74067777395248413
vt 0.63796478509902954 0.74478816986083984
vt 0.63796478509902954 0.74889856576919556
vt 0.63796478509902954 0.75300896167755127
vt 0.63796478509902954 0.75711935758590698
vt 0.4584120512008667 0.72834658622741699
vt 0.12878130376338959 0.36057037115097046
vt 0.065123073756694794 0.36057037115097046
vt 0.12878130376338959 0.40142717957496643
vt 0.065123073756694794 0.40142717957496643
vt 0.12878130376338959 0.44228401780128479
vt 0.065123073756694794 0.44228401780128479
vt 0.12082403153181076 0.44228401780128479
vt 0.11684539169073105 0.44228401780128479
vt 0.11286675184965134 0.44228401780128479
vt 0.10888811200857162 0.44228401780128479
vt 0.10490947216749191 0.44228401780128479
vt 0.1009308323264122 0.44228401780128479
vt 0.096952192485332489 0.44228401780128479
vt 0.092973552644252777 0.44228401780128479
vt 0.088994912803173065 0.44228401780128479
vt 0.085016272962093353 0.44228401780128479
vt 0.081037633121013641 0.44228401780128479
vt 0.077058993279933929 0.44228401780128479
vt 0.073080353438854218 0.44228401780128479
vt 0.069101713597774506 0.44228401780128479
vt 0.069101713597774506 0.36057037115097046
vt 0.073080353438854218 0.36057037115097046
vt 0.077058993279933929 0.36057037115097046
vt 0.081037633121013641 0.36057037115097046
vt 0.085016272962093353 0.36057037115097046
vt 0.088994912803173065 0.36057037115097046
vt 0.092973552644252777 0.36057037115097046
vt 0.096952192485332489 0.36057037115097046
vt 0.1009308323264122 0.36057037115097046
vt 0.10490947216749191 0.36057037115097046
vt 0.10888811200857162 0.36057037115097046
vt 0.11286675184965134 0.36057037115097046
vt 0.11684539169073105 0.36057037115097046
vt 0.12082403153181076 0.36057037115097046
vt 0.096952192485332489 0.40142717957496643
vt 0.63942962884902954 0.81757575273513794
vt 0.63942962884902954 0.85119128227233887
vt 0.63942962884902954 0.88480687141418457
vt 0.81898242235183716 0.81757575273513794
vt 0.81898242235183716 0.88480687141418457
vt 0.99853515625 0.81757575273513794
vt 0.99853515625 0.83438354730606079
vt 0.99853515625 0.88480687141418457
vt 0.99853515625 0.82177770137786865
vt 0.99853515625 0.82597965002059937
vt 0.99853515625 0.83018159866333008
vt 0.99853515625 0.83858543634414673
vt 0.99853515625 0.84278738498687744
vt 0.99853515625 0.84698933362960815
vt 0.99853515625 0.85119128227233887
vt 0.99853515625 0.85539323091506958
vt 0.99853515625 0.85959517955780029
vt 0.99853515625 0.86379712820053101
vt 0.99853515625 0.86799907684326172
vt 0.99853515625 0.87220102548599243
vt 0.99853515625 0.87640297412872314
vt 0.99853515625 0.88060492277145386
vt 0.63942962884902954 0.88060492277145386
vt 0.63942962884902954 0.87640297412872314
vt 0.63942962884902954 0.87220102548599243
vt 0.63942962884902954 0.86799907684326172
vt 0.63942962884902954 0.86379712820053101
vt 0.63942962884902954 0.85959517955780029
vt 0.63942962884902954 0.85539323091506958
vt 0.63942962884902954 0.84698933362960815
vt 0.63942962884902954 0.84278738498687744
vt 0.63942962884902954 0.83858543634414673
vt 0.63942962884902954 0.83438354730606079
vt 0.63942962884902954 0.83018159866333008
vt 0.63942962884902954 0.82597965002059937
vt 0.63942962884902954 0.82177770137786865
vt 0.81898242235183716 0.83438354730606079
vt 0.81898242235183716 0.85119128227233887
vt 0 0.84844362735748291
vt 0 0.87893176078796387
vt 0 0.89417582750320435
vt 0 0.9094199538230896
vt 0.27573028206825256 0.84844362735748291
vt 0.27573028206825256 0.89417582750320435
vt 0.27573028206825256 0.9094199538230896
vt 0 0.90179789066314697
vt 0 0.89798688888549805
vt 0 0.89036482572555542
vt 0 0.88655382394790649
vt 0 0.88274282217025757
vt 0 0.87512075901031494
vt 0 0.87130975723266602
vt 0 0.86749869585037231
vt 0 0.86368769407272339
vt 0 0.85987669229507446
vt 0 0.85606569051742554
vt 0 0.85225462913513184
vt 0.27573028206825256 0.85225462913513184
vt 0.27573028206825256 0.85606569051742554
vt 0.27573028206825256 0.85987669229507446
vt 0.27573028206825256 0.86368769407272339
vt 0.27573028206825256 0.86749869585037231
vt 0.27573028206825256 0.87130975723266602
vt 0.27573028206825256 0.87512075901031494
vt 0.27573028206825256 0.87893176078796387
vt 0.27573028206825256 0.88274282217025757
vt 0.27573028206825256 0.88655382394790649
vt 0.27573028206825256 0.89036482572555542
vt 0.27573028206825256 0.89798688888549805
vt 0.27573028206825256 0.90179789066314697
vt 0.12878130376338959 0.48798960447311401
vt 0.096952192485332489 0.48798960447311401
vt 0.065123073756694794 0.48798960447311401
vt 0.12878130376338959 0.52884644269943237
vt 0.065123073756694794 0.52884644269943237
vt 0.12878130376338959 0.56970322132110596
vt 0.065123073756694794 0.56970322132110596
vt 0.12480267137289047 0.56970322132110596
vt 0.12082403153181076 0.56970322132110596
vt 0.11684539169073105 0.56970322132110596
vt 0.11286675184965134 0.56970322132110596
vt 0.10888811200857162 0.56970322132110596
vt 0.10490947216749191 0.56970322132110596
vt 0.1009308323264122 0.56970322132110596
vt 0.096952192485332489 0.56970322132110596
vt 0.092973552644252777 0.56970322132110596
vt 0.088994912803173065 0.56970322132110596
vt 0.085016272962093353 0.56970322132110596
vt 0.081037633121013641 0.56970322132110596
vt 0.077058993279933929 0.56970322132110596
vt 0.073080353438854218 0.56970322132110596
vt 0.073080353438854218 0.48798960447311401
vt 0.077058993279933929 0.48798960447311401
vt 0.081037633121013641 0.48798960447311401
vt 0.085016272962093353 0.48798960447311401
vt 0.088994912803173065 0.48798960447311401
vt 0.092973552644252777 0.48798960447311401
vt 0.1009308323264122 0.48798960447311401
vt 0.10490947216749191 0.48798960447311401
vt 0.10888811200857162 0.48798960447311401
vt 0.11286675184965134 0.48798960447311401
vt 0.11684539169073105 0.48798960447311401
vt 0.12082403153181076 0.48798960447311401
vt 0.12480267137289047 0.48798960447311401
vt 0.096952192485332489 0.52884644269943237
vt 0.081037633121013641 0.52884644269943237
vt 0 0.69308710098266602
vt 0 0.73881930112838745
vt 0 0.75406336784362793
vt 0.27573028206825256 0.69308710098266602
vt 0.27573028206825256 0.72357523441314697
vt 0.27573028206825256 0.75406336784362793
vt 0.061629500240087509 0.75406336784362793
vt 0.27573028206825256 0.69689810276031494
vt 0.27573028206825256 0.70070910453796387
vt 0.27573028206825256 0.70452016592025757
vt 0.27573028206825256 0.70833116769790649
vt 0.27573028206825256 0.71214216947555542
vt 0.27573028206825256 0.71595323085784912
vt 0.27573028206825256 0.71976423263549805
vt 0.27573028206825256 0.7273862361907959
vt 0.27573028206825256 0.7311972975730896
vt 0.27573028206825256 0.73500829935073853
vt 0.27573028206825256 0.73881930112838745
vt 0.27573028206825256 0.74263030290603638
vt 0.27573028206825256 0.74644136428833008
vt 0 0.74644136428833008
vt 0 0.74263030290603638
vt 0 0.73500829935073853
vt 0 0.7311972975730896
vt 0 0.7273862361907959
vt 0 0.72357523441314697
vt 0 0.71976423263549805
vt 0 0.71595323085784912
vt 0 0.71214216947555542
vt 0 0.70833116769790649
vt 0 0.70452016592025757
vt 0 0.70070910453796387
vt 0 0.69689810276031494
vt 0.2319735586643219 0.75406336784362793
vt 0.22657552361488342 0.7530210018157959
vt 0.2211080938577652 0.75267302989959717
vt 0.072494961321353912 0.75267302989959717
vt 0.067027516663074493 0.7530210018157959
vt 0.17157037556171417 0.75267302989959717
vt 0.12203266471624374 0.75267302989959717
vt 0.27885928750038147 0.62823230028152466
vt 0.27885928750038147 0.64467388391494751
vt 0.27885928750038147 0.66111546754837036
vt 0.27885928750038147 0.69399863481521606
vt 0.4584120512008667 0.62823230028152466
vt 0.4584120512008667 0.69399863481521606
vt 0.63796478509902954 0.62823230028152466
vt 0.63796478509902954 0.69399863481521606
vt 0.63796478509902954 0.63234269618988037
vt 0.63796478509902954 0.63645309209823608
vt 0.63796478509902954 0.6405634880065918
vt 0.63796478509902954 0.64467388391494751
vt 0.63796478509902954 0.64878427982330322
vt 0.63796478509902954 0.65289467573165894
vt 0.63796478509902954 0.65700507164001465
vt 0.63796478509902954 0.66111546754837036
vt 0.63796478509902954 0.66522586345672607
vt 0.63796478509902954 0.66933625936508179
vt 0.63796478509902954 0.6734466552734375
vt 0.63796478509902954 0.67755705118179321
vt 0.63796478509902954 0.68166744709014893
vt 0.63796478509902954 0.68577784299850464
vt 0.63796478509902954 0.68988823890686035
vt 0.27885928750038147 0.68988823890686035
vt 0.27885928750038147 0.68577784299850464
vt 0.27885928750038147 0.68166744709014893
vt 0.27885928750038147 0.67755705118179321
vt 0.27885928750038147 0.6734466552734375
vt 0.27885928750038147 0.66933625936508179
vt 0.27885928750038147 0.66522586345672607
vt 0.27885928750038147 0.65700507164001465
vt 0.27885928750038147 0.65289467573165894
vt 0.27885928750038147 0.64878427982330322
vt 0.27885928750038147 0.6405634880065918
vt 0.27885928750038147 0.63645309209823608
vt 0.27885928750038147 0.63234269618988037
vt 0.4584120512008667 0.64467388391494751
vt 0.4584120512008667 0.66111546754837036
vt 0.63942962884902954 0.70902955532073975
vt 0.63942962884902954 0.74264514446258545
vt 0.63942962884902954 0.77626073360443115
vt 0.81898242235183716 0.70902955532073975
vt 0.81898242235183716 0.77626073360443115
vt 0.99853515625 0.70902955532073975
vt 0.99853515625 0.77626073360443115
vt 0.99853515625 0.71323150396347046
vt 0.99853515625 0.71743345260620117
vt 0.99853515625 0.72163540124893188
vt 0.99853515625 0.7258373498916626
vt 0.99853515625 0.73003929853439331
vt 0.99853515625 0.73424124717712402
vt 0.99853515625 0.73844319581985474
vt 0.99853515625 0.74264514446258545
vt 0.99853515625 0.74684709310531616
vt 0.99853515625 0.75104904174804688
vt 0.99853515625 0.75525099039077759
vt 0.99853515625 0.7594529390335083
vt 0.99853515625 0.76365488767623901
vt 0.99853515625 0.76785683631896973
vt 0.99853515625 0.77205878496170044
vt 0.63942962884902954 0.77205878496170044
vt 0.63942962884902954 0.76785683631896973
vt 0.63942962884902954 0.76365488767623901
vt 0.63942962884902954 0.7594529390335083
vt 0.63942962884902954 0.75525099039077759
vt 0.63942962884902954 0.75104904174804688
vt 0.63942962884902954 0.74684709310531616
vt 0.63942962884902954 0.73844319581985474
vt 0.63942962884902954 0.73424124717712402
vt 0.63942962884902954 0.73003929853439331
vt 0.63942962884902954 0.7258373498916626
vt 0.63942962884902954 0.72163540124893188
vt 0.63942962884902954 0.71743345260620117
vt 0.63942962884902954 0.71323150396347046
vt 0.81898242235183716 0.74264514446258545
vt 0.43487787246704102 0.42638882994651794
vt 0.36901456117630005 0.42638882994651794
vt 0.42578607797622681 0.43610891699790955
vt 0.41692158579826355 0.43610891699790955
vt 0.40819606184959412 0.43610891699790955
vt 0.39934179186820984 0.43610891699790955
vt 0.39002254605293274 0.43610891699790955
vt 0.37996923923492432 0.43610891699790955
vt 0.42578607797622681 0.44566476345062256
vt 0.41692158579826355 0.44566476345062256
vt 0.40819606184959412 0.44566476345062256
vt 0.39934179186820984 0.44566476345062256
vt 0.39002254605293274 0.44566476345062256
vt 0.37996923923492432 0.44566476345062256
vt 0.42578607797622681 0.45521235466003418
vt 0.41692158579826355 0.45521235466003418
vt 0.40819606184959412 0.45521235466003418
vt 0.39934179186820984 0.45521235466003418
vt 0.39002254605293274 0.45521235466003418
vt 0.37996923923492432 0.45521235466003418
vt 0.41692158579826355 0.46477493643760681
vt 0.40819606184959412 0.46477493643760681
vt 0.39934179186820984 0.46477493643760681
vt 0.39002254605293274 0.46477493643760681
vt 0.40819606184959412 0.47420665621757507
vt 0.39934179186820984 0.47420665621757507
vt 0.39002254605293274 0.47420665621757507
vt 0.39934179186820984 0.48356315493583679
vt 0.43469002842903137 0.43179112672805786
vt 0.43410933017730713 0.4371907114982605
vt 0.43312668800354004 0.44252386689186096
vt 0.43175575137138367 0.4477347731590271
vt 0.43003055453300476 0.45278152823448181
vt 0.42799979448318481 0.45763891935348511
vt 0.42571994662284851 0.4622657299041748
vt 0.42324927449226379 0.46653503179550171
vt 0.42064309120178223 0.47047710418701172
vt 0.41795101761817932 0.47412991523742676
vt 0.41521617770195007 0.4775460958480835
vt 0.41247439384460449 0.48075947165489197
vt 0.40975525975227356 0.48380944132804871
vt 0.40708237886428833 0.48672330379486084
vt 0.40194621682167053 0.49224439263343811
vt 0.3994179368019104 0.48952659964561462
vt 0.39681005477905273 0.48672330379486084
vt 0.3941371738910675 0.48380944132804871
vt 0.39141803979873657 0.48075947165489197
vt 0.38867625594139099 0.4775460958480835
vt 0.38594141602516174 0.47412991523742676
vt 0.38324934244155884 0.47047710418701172
vt 0.38064318895339966 0.46653503179550171
vt 0.37817248702049255 0.4622657299041748
vt 0.37589263916015625 0.45763891935348511
vt 0.3738618791103363 0.45278152823448181
vt 0.3721366822719574 0.4477347731590271
vt 0.37076577544212341 0.44252386689186096
vt 0.36978310346603394 0.4371907114982605
vt 0.36920243501663208 0.43179112672805786
vt 0.37724748253822327 0.42638882994651794
vt 0.38136392831802368 0.42638882994651794
vt 0.38548040390014648 0.42638882994651794
vt 0.3895968496799469 0.42638882994651794
vt 0.39371329545974731 0.42638882994651794
vt 0.39782977104187012 0.42638882994651794
vt 0.40194621682167053 0.42638882994651794
vt 0.40606266260147095 0.42638882994651794
vt 0.41017913818359375 0.42638882994651794
vt 0.41429558396339417 0.42638882994651794
vt 0.41841205954551697 0.42638882994651794
vt 0.42252850532531738 0.42638882994651794
vt 0.4266449511051178 0.42638882994651794
vt 0.4307614266872406 0.42638882994651794
vt 0.36841070652008057 0.4944552481174469
vt 0.42858010530471802 0.50458872318267822
vt 0.41896632313728333 0.50458872318267822
vt 0.40932914614677429 0.50458872318267822
vt 0.39949563145637512 0.50458872318267822
vt 0.38926392793655396 0.50458872318267822
vt 0.37883731722831726 0.50458872318267822
vt 0.42858010530471802 0.51416218280792236
vt 0.41896632313728333 0.51416218280792236
vt 0.40932914614677429 0.51416218280792236
vt 0.39949563145637512 0.51416218280792236
vt 0.38926392793655396 0.51416218280792236
vt 0.37883731722831726 0.51416218280792236
vt 0.41896632313728333 0.52378946542739868
vt 0.40932914614677429 0.52378946542739868
vt 0.39949563145637512 0.52378946542739868
vt 0.38926392793655396 0.52378946542739868
vt 0.37883731722831726 0.52378946542739868
vt 0.41896632313728333 0.53319323062896729
vt 0.40932914614677429 0.53319323062896729
vt 0.39949563145637512 0.53319323062896729
vt 0.38926392793655396 0.53319323062896729
vt 0.40932914614677429 0.54217875003814697
vt 0.39949563145637512 0.54217875003814697
vt 0.38926392793655396 0.54217875003814697
vt 0.39949563145637512 0.55100566148757935
vt 0.43737336993217468 0.4944552481174469
vt 0.43663027882575989 0.50506985187530518
vt 0.4356762170791626 0.51031053066253662
vt 0.43433764576911926 0.51543110609054565
vt 0.43264064192771912 0.52039039134979248
vt 0.43062490224838257 0.52516353130340576
vt 0.42833825945854187 0.52971011400222778
vt 0.42583140730857849 0.53390544652938843
vt 0.42315405607223511 0.53777962923049927
vt 0.42035216093063354 0.54136866331100464
vt 0.41746720671653748 0.54472583532333374
vt 0.41453519463539124 0.54788327217102051
vt 0.41158723831176758 0.55088001489639282
vt 0.40864965319633484 0.55374181270599365
vt 0.40574473142623901 0.55649524927139282
vt 0.40289178490638733 0.55916905403137207
vt 0.40004649758338928 0.55649757385253906
vt 0.3971484899520874 0.55374157428741455
vt 0.39421632885932922 0.55087929964065552
vt 0.39127224683761597 0.54788327217102051
vt 0.38834252953529358 0.54472583532333374
vt 0.3854583203792572 0.54136866331100464
vt 0.38265570998191833 0.53777962923049927
vt 0.37997633218765259 0.53390544652938843
vt 0.37746638059616089 0.52971011400222778
vt 0.37517595291137695 0.52516353130340576
vt 0.37315607070922852 0.52039039134979248
vt 0.37145501375198364 0.51543110609054565
vt 0.37011286616325378 0.51031053066253662
vt 0.36915606260299683 0.50506985187530518
vt 0.37243378162384033 0.4944552481174469
vt 0.37653413414955139 0.4944552481174469
vt 0.3807140588760376 0.4944552481174469
vt 0.38497582077980042 0.4944552481174469
vt 0.38932189345359802 0.4944552481174469
vt 0.39375481009483337 0.4944552481174469
vt 0.39827719330787659 0.4944552481174469
vt 0.40289178490638733 0.4944552481174469
vt 0.40751844644546509 0.4944552481174469
vt 0.41204944252967834 0.4944552481174469
vt 0.41648724675178528 0.4944552481174469
vt 0.42083463072776794 0.4944552481174469
vt 0.4250943660736084 0.4944552481174469
vt 0.42926907539367676 0.4944552481174469
vt 0.43336126208305359 0.4944552481174469
vt 0.34690427780151367 0.4944552481174469
vt 0.27885928750038147 0.4944552481174469
vt 0.33620157837867737 0.5045890212059021
vt 0.32581034302711487 0.5045890212059021
vt 0.31643244624137878 0.5045890212059021
vt 0.30703914165496826 0.5045890212059021
vt 0.29764586687088013 0.5045890212059021
vt 0.2882525622844696 0.5045890212059021
vt 0.33620157837867737 0.51416283845901489
vt 0.32581034302711487 0.51416283845901489
vt 0.31643244624137878 0.51416283845901489
vt 0.30703914165496826 0.51416283845901489
vt 0.29764586687088013 0.51416283845901489
vt 0.2882525622844696 0.51416283845901489
vt 0.33620157837867737 0.52379035949707031
vt 0.32581034302711487 0.52379035949707031
vt 0.31643244624137878 0.52379035949707031
vt 0.30703914165496826 0.52379035949707031
vt 0.29764586687088013 0.52379035949707031
vt 0.32581034302711487 0.53319442272186279
vt 0.31643244624137878 0.53319442272186279
vt 0.30703914165496826 0.53319442272186279
vt 0.29764586687088013 0.53319442272186279
vt 0.32581034302711487 0.54218018054962158
vt 0.31643244624137878 0.54218018054962158
vt 0.30703914165496826 0.54218018054962158
vt 0.31643244624137878 0.55100744962692261
vt 0.34611028432846069 0.50507014989852905
vt 0.34509506821632385 0.51031100749969482
vt 0.34367874264717102 0.51543176174163818
vt 0.3418964147567749 0.52039116621017456
vt 0.33979836106300354 0.52516448497772217
vt 0.3374430239200592 0.52971124649047852
vt 0.33489048480987549 0.53390663862228394
vt 0.33219799399375916 0.5377805233001709
vt 0.32941675186157227 0.54137009382247925
vt 0.32659131288528442 0.5447271466255188
vt 0.32375872135162354 0.54788488149642944
vt 0.3209494948387146 0.55088210105895996
vt 0.31818807125091553 0.55374550819396973
vt 0.31549382209777832 0.55650031566619873
vt 0.31288179755210876 0.55917108058929443
vt 0.31026977300643921 0.55650031566619873
vt 0.30757549405097961 0.55374550819396973
vt 0.30481407046318054 0.55088210105895996
vt 0.30200484395027161 0.54788488149642944
vt 0.29917228221893311 0.5447271466255188
vt 0.29634681344032288 0.54137009382247925
vt 0.29356560111045837 0.5377805233001709
vt 0.29087308049201965 0.53390663862228394
vt 0.28832057118415833 0.52971124649047852
vt 0.2859652042388916 0.52516448497772217
vt 0.28386718034744263 0.52039116621017456
vt 0.28208482265472412 0.51543176174163818
vt 0.28066849708557129 0.51031100749969482
vt 0.27965328097343445 0.50507014989852905
vt 0.28311210870742798 0.4944552481174469
vt 0.2873649001121521 0.4944552481174469
vt 0.29161772131919861 0.4944552481174469
vt 0.29587054252624512 0.4944552481174469
vt 0.30012333393096924 0.4944552481174469
vt 0.30437615513801575 0.4944552481174469
vt 0.30862897634506226 0.4944552481174469
vt 0.31288179755210876 0.4944552481174469
vt 0.31713458895683289 0.4944552481174469
vt 0.32138741016387939 0.4944552481174469
vt 0.3256402313709259 0.4944552481174469
vt 0.32989302277565002 0.4944552481174469
vt 0.33414584398269653 0.4944552481174469
vt 0.33839866518974304 0.4944552481174469
vt 0.34265148639678955 0.4944552481174469
vt 0.36901456117630005 0.36057037115097046
vt 0.36901456117630005 0.4242510199546814
vt 0.37820068001747131 0.36985990405082703
vt 0.37820068001747131 0.37900525331497192
vt 0.37820068001747131 0.38806572556495667
vt 0.37820068001747131 0.39711204171180725
vt 0.37820068001747131 0.40615835785865784
vt 0.37820068001747131 0.41520470380783081
vt 0.38755670189857483 0.36985990405082703
vt 0.38755670189857483 0.37900525331497192
vt 0.38755670189857483 0.38806572556495667
vt 0.38755670189857483 0.39711204171180725
vt 0.38755670189857483 0.40615835785865784
vt 0.38755670189857483 0.41520470380783081
vt 0.3969498872756958 0.36985990405082703
vt 0.3969498872756958 0.37900525331497192
vt 0.3969498872756958 0.38806572556495667
vt 0.3969498872756958 0.39711204171180725
vt 0.3969498872756958 0.40615835785865784
vt 0.3969498872756958 0.41520470380783081
vt 0.40655079483985901 0.37900525331497192
vt 0.40655079483985901 0.38806572556495667
vt 0.40655079483985901 0.39711204171180725
vt 0.40655079483985901 0.40615835785865784
vt 0.4166790246963501 0.38806572556495667
vt 0.4166790246963501 0.39711204171180725
vt 0.42708462476730347 0.38806572556495667
vt 0.42708462476730347 0.39711204171180725
vt 0.37457475066184998 0.36075198650360107
vt 0.38013216853141785 0.36131343245506287
vt 0.38562124967575073 0.36226353049278259
vt 0.39098450541496277 0.36358901858329773
vt 0.39617878198623657 0.36525702476501465
vt 0.40117815136909485 0.36722052097320557
vt 0.40594020485877991 0.36942479014396667
vt 0.41033431887626648 0.37181359529495239
vt 0.41439163684844971 0.37433341145515442
vt 0.41815122961997986 0.37693625688552856
vt 0.42166724801063538 0.37958049774169922
vt 0.42497456073760986 0.38223138451576233
vt 0.42811369895935059 0.38486042618751526
vt 0.43111273646354675 0.38744473457336426
vt 0.43679523468017578 0.39241069555282593
vt 0.4339979887008667 0.39485517144203186
vt 0.43111273646354675 0.39737662672996521
vt 0.42811369895935059 0.39996093511581421
vt 0.42497456073760986 0.40258997678756714
vt 0.42166724801063538 0.40524089336395264
vt 0.41815122961997986 0.4078851044178009
vt 0.41439163684844971 0.41048794984817505
vt 0.41033431887626648 0.41300776600837708
vt 0.40594020485877991 0.41539657115936279
vt 0.40117815136909485 0.41760087013244629
vt 0.39617878198623657 0.41956433653831482
vt 0.39098450541496277 0.42123234272003174
vt 0.38562124967575073 0.42255783081054688
vt 0.38013216853141785 0.4235079288482666
vt 0.37457475066184998 0.42406937479972839
vt 0.36901456117630005 0.41629093885421753
vt 0.36901456117630005 0.4123108983039856
vt 0.36901456117630005 0.40833085775375366
vt 0.36901456117630005 0.40435081720352173
vt 0.36901456117630005 0.40037077665328979
vt 0.36901456117630005 0.39639073610305786
vt 0.36901456117630005 0.39241069555282593
vt 0.36901456117630005 0.38843065500259399
vt 0.36901456117630005 0.38445061445236206
vt 0.36901456117630005 0.38047057390213013
vt 0.36901456117630005 0.37649053335189819
vt 0.36901456117630005 0.37251049280166626
vt 0.36901456117630005 0.36853045225143433
vt 0.36901456117630005 0.36455041170120239
vt 0.39949563145637512 0.56952452659606934
vt 0.40932914614677429 0.57849979400634766
vt 0.39949563145637512 0.57849979400634766
vt 0.38926392793655396 0.57849979400634766
vt 0.41896632313728333 0.58750283718109131
vt 0.40932914614677429 0.58750283718109131
vt 0.39949563145637512 0.58750283718109131
vt 0.38926392793655396 0.58750283718109131
vt 0.41896632313728333 0.59669786691665649
vt 0.40932914614677429 0.59669786691665649
vt 0.39949563145637512 0.59669786691665649
vt 0.38926392793655396 0.59669786691665649
vt 0.37883731722831726 0.59669786691665649
vt 0.42858010530471802 0.60633265972137451
vt 0.41896632313728333 0.60633265972137451
vt 0.40932914614677429 0.60633265972137451
vt 0.39949563145637512 0.60633265972137451
vt 0.38926392793655396 0.60633265972137451
vt 0.37883731722831726 0.60633265972137451
vt 0.42858010530471802 0.6161952018737793
vt 0.41896632313728333 0.6161952018737793
vt 0.40932914614677429 0.6161952018737793
vt 0.39949563145637512 0.6161952018737793
vt 0.38926392793655396 0.6161952018737793
vt 0.37883731722831726 0.6161952018737793
vt 0.36841070652008057 0.62605774402618408
vt 0.36915606260299683 0.61544311046600342
vt 0.37011286616325378 0.6102023720741272
vt 0.37145501375198364 0.60508179664611816
vt 0.37315607070922852 0.60012251138687134
vt 0.37517595291137695 0.59534931182861328
vt 0.37746638059616089 0.59080266952514648
vt 0.37997633218765259 0.58660739660263062
vt 0.38265570998191833 0.58273321390151978
vt 0.3854583203792572 0.57914412021636963
vt 0.38834252953529358 0.57578694820404053
vt 0.39127224683761597 0.57262951135635376
vt 0.39421632885932922 0.56963348388671875
vt 0.3971484899520874 0.56677120923995972
vt 0.40004649758338928 0.56401515007019043
vt 0.40289178490638733 0.56134366989135742
vt 0.40574473142623901 0.56401747465133667
vt 0.40864965319633484 0.56677097082138062
vt 0.41158723831176758 0.56963270902633667
vt 0.41453519463539124 0.57262951135635376
vt 0.41746720671653748 0.57578694820404053
vt 0.42035216093063354 0.57914412021636963
vt 0.42315405607223511 0.582733154296875
vt 0.42583140730857849 0.58660739660263062
vt 0.42833825945854187 0.59080266952514648
vt 0.43062490224838257 0.59534931182861328
vt 0.43264064192771912 0.60012251138687134
vt 0.43433764576911926 0.60508179664611816
vt 0.4356762170791626 0.6102023720741272
vt 0.43663027882575989 0.61544311046600342
vt 0.43737336993217468 0.62605774402618408
vt 0.43336126208305359 0.62605774402618408
vt 0.42926907539367676 0.62605774402618408
vt 0.4250943660736084 0.62605774402618408
vt 0.42083463072776794 0.62605774402618408
vt 0.41648724675178528 0.62605774402618408
vt 0.41204944252967834 0.62605774402618408
vt 0.40751844644546509 0.62605774402618408
vt 0.40289178490638733 0.62605774402618408
vt 0.39827719330787659 0.62605774402618408
vt 0.39375481009483337 0.62605774402618408
vt 0.38932189345359802 0.62605774402618408
vt 0.38497582077980042 0.62605774402618408
vt 0.3807140588760376 0.62605774402618408
vt 0.37653413414955139 0.62605774402618408
vt 0.37243378162384033 0.62605774402618408
vt 0.28877797722816467 0.38805139064788818
vt 0.28877797722816467 0.39710131287574768
vt 0.29893672466278076 0.38805139064788818
vt 0.29893672466278076 0.39710131287574768
vt 0.30906835198402405 0.3789888322353363
vt 0.30906835198402405 0.38805139064788818
vt 0.30906835198402405 0.39710131287574768
vt 0.30906835198402405 0.40615120530128479
vt 0.31891602277755737 0.36985146999359131
vt 0.31891602277755737 0.3789888322353363
vt 0.31891602277755737 0.38805139064788818
vt 0.31891602277755737 0.39710131287574768
vt 0.31891602277755737 0.40615120530128479
vt 0.31891602277755737 0.4152010977268219
vt 0.32827627658843994 0.36985146999359131
vt 0.32827627658843994 0.3789888322353363
vt 0.32827627658843994 0.38805139064788818
vt 0.32827627658843994 0.39710131287574768
vt 0.32827627658843994 0.40615120530128479
vt 0.32827627658843994 0.4152010977268219
vt 0.33745795488357544 0.36985146999359131
vt 0.33745795488357544 0.3789888322353363
vt 0.33745795488357544 0.38805139064788818
vt 0.33745795488357544 0.39710131287574768
vt 0.33745795488357544 0.40615120530128479
vt 0.33745795488357544 0.4152010977268219
vt 0.34663969278335571 0.36057037115097046
vt 0.34663969278335571 0.4242510199546814
vt 0.34107950329780579 0.42406937479972839
vt 0.3355221152305603 0.4235079288482666
vt 0.3300330638885498 0.42255783081054688
vt 0.32466983795166016 0.42123234272003174
vt 0.31947556138038635 0.41956433653831482
vt 0.31447622179985046 0.41760087013244629
vt 0.30971416831016541 0.41539657115936279
vt 0.30532008409500122 0.41300776600837708
vt 0.30126279592514038 0.41048794984817505
vt 0.29750320315361023 0.4078851044178009
vt 0.29398718476295471 0.40524089336395264
vt 0.29067990183830261 0.40258997678756714
vt 0.28754079341888428 0.39996093511581421
vt 0.28454175591468811 0.39737662672996521
vt 0.27885928750038147 0.39241069555282593
vt 0.28165650367736816 0.38996618986129761
vt 0.28454175591468811 0.38744473457336426
vt 0.28754079341888428 0.38486042618751526
vt 0.29067990183830261 0.38223138451576233
vt 0.29398718476295471 0.37958049774169922
vt 0.29750320315361023 0.37693625688552856
vt 0.30126279592514038 0.37433341145515442
vt 0.30532008409500122 0.37181359529495239
vt 0.30971416831016541 0.36942479014396667
vt 0.31447622179985046 0.36722052097320557
vt 0.31947556138038635 0.36525702476501465
vt 0.32466983795166016 0.36358901858329773
vt 0.3300330638885498 0.36226353049278259
vt 0.3355221152305603 0.36131343245506287
vt 0.34107950329780579 0.36075198650360107
vt 0.34663969278335571 0.36853045225143433
vt 0.34663969278335571 0.37251049280166626
vt 0.34663969278335571 0.37649053335189819
vt 0.34663969278335571 0.38047057390213013
vt 0.34663969278335571 0.38445061445236206
vt 0.34663969278335571 0.38843065500259399
vt 0.34663969278335571 0.39241069555282593
vt 0.34663969278335571 0.39639073610305786
vt 0.34663969278335571 0.40037077665328979
vt 0.34663969278335571 0.40435081720352173
vt 0.34663969278335571 0.40833085775375366
vt 0.34663969278335571 0.4123108983039856
vt 0.34663969278335571 0.41629093885421753
vt 0.34663969278335571 0.42027097940444946
vt 0.27885928750038147 0.42751279473304749
vt 0.27885928750038147 0.49119344353675842
vt 0.28804537653923035 0.43680232763290405
vt 0.28804537653923035 0.44594770669937134
vt 0.28804537653923035 0.45500817894935608
vt 0.28804537653923035 0.46405449509620667
vt 0.28804537653923035 0.47310081124305725
vt 0.28804537653923035 0.48214712738990784
vt 0.29740142822265625 0.43680232763290405
vt 0.29740142822265625 0.44594770669937134
vt 0.29740142822265625 0.45500817894935608
vt 0.29740142822265625 0.46405449509620667
vt 0.29740142822265625 0.47310081124305725
vt 0.29740142822265625 0.48214712738990784
vt 0.30679461359977722 0.43680232763290405
vt 0.30679461359977722 0.44594770669937134
vt 0.30679461359977722 0.45500817894935608
vt 0.30679461359977722 0.46405449509620667
vt 0.30679461359977722 0.47310081124305725
vt 0.30679461359977722 0.48214712738990784
vt 0.31639552116394043 0.44594770669937134
vt 0.31639552116394043 0.45500817894935608
vt 0.31639552116394043 0.46405449509620667
vt 0.31639552116394043 0.47310081124305725
vt 0.32652375102043152 0.45500817894935608
vt 0.32652375102043152 0.46405449509620667
vt 0.33692935109138489 0.45500817894935608
vt 0.33692935109138489 0.46405449509620667
vt 0.2844194769859314 0.42769443988800049
vt 0.28997689485549927 0.42825588583946228
vt 0.29546594619750977 0.42920595407485962
vt 0.3008292019367218 0.43053147196769714
vt 0.30602350831031799 0.43219947814941406
vt 0.31102287769317627 0.43416294455528259
vt 0.31578493118286133 0.43636724352836609
vt 0.3201790452003479 0.43875604867935181
vt 0.32423636317253113 0.44127586483955383
vt 0.32799595594406128 0.44387871026992798
vt 0.3315119743347168 0.44652292132377625
vt 0.33481928706169128 0.44917383790016174
vt 0.33795842528343201 0.45180287957191467
vt 0.34095746278762817 0.45438718795776367
vt 0.3466399610042572 0.45935311913490295
vt 0.34384271502494812 0.46179762482643127
vt 0.34095746278762817 0.46431908011436462
vt 0.33795842528343201 0.46690338850021362
vt 0.33481928706169128 0.46953243017196655
vt 0.3315119743347168 0.47218331694602966
vt 0.32799595594406128 0.47482755780220032
vt 0.32423636317253113 0.47743040323257446
vt 0.3201790452003479 0.47995021939277649
vt 0.31578493118286133 0.48233902454376221
vt 0.31102287769317627 0.48454329371452332
vt 0.30602350831031799 0.48650678992271423
vt 0.3008292019367218 0.48817479610443115
vt 0.29546594619750977 0.48950028419494629
vt 0.28997689485549927 0.49045038223266602
vt 0.2844194769859314 0.49101182818412781
vt 0.27885928750038147 0.48323336243629456
vt 0.27885928750038147 0.47925332188606262
vt 0.27885928750038147 0.47527328133583069
vt 0.27885928750038147 0.47129324078559875
vt 0.27885928750038147 0.46731320023536682
vt 0.27885928750038147 0.46333315968513489
vt 0.27885928750038147 0.45935311913490295
vt 0.27885928750038147 0.45537307858467102
vt 0.27885928750038147 0.45139303803443909
vt 0.27885928750038147 0.44741299748420715
vt 0.27885928750038147 0.44343295693397522
vt 0.27885928750038147 0.43945291638374329
vt 0.27885928750038147 0.43547287583351135
vt 0.27885928750038147 0.43149283528327942
vt 0.31864884495735168 0.56952476501464844
vt 0.30945107340812683 0.56952476501464844
vt 0.31864884495735168 0.57850033044815063
vt 0.30945107340812683 0.57850033044815063
vt 0.29991257190704346 0.57850033044815063
vt 0.32782045006752014 0.58750367164611816
vt 0.31864884495735168 0.58750367164611816
vt 0.30945107340812683 0.58750367164611816
vt 0.29991257190704346 0.58750367164611816
vt 0.33723592758178711 0.59669893980026245
vt 0.32782045006752014 0.59669893980026245
vt 0.31864884495735168 0.59669893980026245
vt 0.30945107340812683 0.59669893980026245
vt 0.29991257190704346 0.59669893980026245
vt 0.28938591480255127 0.59669893980026245
vt 0.33723592758178711 0.60633409023284912
vt 0.32782045006752014 0.60633409023284912
vt 0.31864884495735168 0.60633409023284912
vt 0.30945107340812683 0.60633409023284912
vt 0.29991257190704346 0.60633409023284912
vt 0.28938591480255127 0.60633409023284912
vt 0.33723592758178711 0.61619687080383301
vt 0.32782045006752014 0.61619687080383301
vt 0.31864884495735168 0.61619687080383301
vt 0.30945107340812683 0.61619687080383301
vt 0.29991257190704346 0.61619687080383301
vt 0.28938591480255127 0.61619687080383301
vt 0.34690427780151367 0.62605971097946167
vt 0.27885928750038147 0.62605971097946167
vt 0.27965328097343445 0.61544477939605713
vt 0.28066849708557129 0.61020386219024658
vt 0.28208482265472412 0.60508310794830322
vt 0.28386718034744263 0.60012370347976685
vt 0.2859652042388916 0.59535038471221924
vt 0.28832057118415833 0.59080362319946289
vt 0.29087308049201965 0.5866081714630127
vt 0.29356560111045837 0.58273428678512573
vt 0.29634681344032288 0.57914471626281738
vt 0.29917228221893311 0.57578766345977783
vt 0.30200484395027161 0.57262986898422241
vt 0.30481407046318054 0.56963264942169189
vt 0.30757549405097961 0.56676924228668213
vt 0.31026977300643921 0.56401443481445312
vt 0.31288179755210876 0.56134366989135742
vt 0.31549382209777832 0.56401443481445312
vt 0.31818807125091553 0.56676924228668213
vt 0.3209494948387146 0.56963264942169189
vt 0.32375872135162354 0.57262986898422241
vt 0.32659131288528442 0.57578766345977783
vt 0.32941675186157227 0.57914471626281738
vt 0.33219799399375916 0.58273428678512573
vt 0.33489048480987549 0.5866081714630127
vt 0.3374430239200592 0.59080362319946289
vt 0.33979836106300354 0.59535038471221924
vt 0.3418964147567749 0.60012370347976685
vt 0.34367874264717102 0.60508310794830322
vt 0.34509506821632385 0.61020386219024658
vt 0.34611028432846069 0.61544477939605713
vt 0.34265148639678955 0.62605971097946167
vt 0.33839866518974304 0.62605971097946167
vt 0.33414584398269653 0.62605971097946167
vt 0.32989302277565002 0.62605971097946167
vt 0.3256402313709259 0.62605971097946167
vt 0.32138741016387939 0.62605971097946167
vt 0.31713458895683289 0.62605971097946167
vt 0.31288179755210876 0.62605971097946167
vt 0.30862897634506226 0.62605971097946167
vt 0.30437615513801575 0.62605971097946167
vt 0.30012333393096924 0.62605971097946167
vt 0.29587054252624512 0.62605971097946167
vt 0.29161772131919861 0.62605971097946167
vt 0.2873649001121521 0.62605971097946167
vt 0.28311210870742798 0.62605971097946167
vt 0 0
vt 0 0.14861313998699188
vt 0.053142275661230087 0
vt 0.053142275661230087 0.14861313998699188
vt 0.046878397464752197 0.14861313998699188
vt 0.0405116006731987 0.14861313998699188
vt 0.034039318561553955 0.14861313998699188
vt 0.027458913624286652 0.14861313998699188
vt 0.020767653360962868 0.14861313998699188
vt 0.013962714001536369 0.14861313998699188
vt 0.0070411693304777145 0.14861313998699188
vt 0.013962714001536369 0
vt 0.027458913624286652 0
vt 0.0405116006731987 0
vt 0 0.074306569993495941
vt 0.053142275661230087 0.049537714570760727
vt 0.053142275661230087 0.099075429141521454
vt 0.27739444375038147 0.36057037115097046
vt 0.13024614751338959 0.36057037115097046
vt 0.13024614751338959 0.40884268283843994
vt 0.13024614751338959 0.39742946624755859
vt 0.13024614751338959 0.38559576869010925
vt 0.13024614751338959 0.3733178973197937
vt 0.27739444375038147 0.3733178973197937
vt 0.27739444375038147 0.38559576869010925
vt 0.27739444375038147 0.39742946624755859
vt 0.17929558455944061 0.36057037115097046
vt 0.22834500670433044 0.36057037115097046
vt 0.27739444375038147 0.40884268283843994
vt 0.20382030308246613 0.40884268283843994
vt 0.13024614751338959 0.42206490039825439
vt 0.27739444375038147 0.47050881385803223
vt 0.13024614751338959 0.47050881385803223
vt 0.20382030308246613 0.47050881385803223
vt 0.20382030308246613 0.42206490039825439
vt 0.13024614751338959 0.45771774649620056
vt 0.13024614751338959 0.44539675116539001
vt 0.13024614751338959 0.43352034687995911
vt 0.27739444375038147 0.42206490039825439
vt 0.27739444375038147 0.43352034687995911
vt 0.27739444375038147 0.44539675116539001
vt 0.27739444375038147 0.45771774649620056
vt 0.13024614751338959 0.54948461055755615
vt 0.27739444375038147 0.60123413801193237
vt 0.13024614751338959 0.60123413801193237
vt 0.22834500670433044 0.60123413801193237
vt 0.17929558455944061 0.60123413801193237
vt 0.17929558455944061 0.54948461055755615
vt 0.22834500670433044 0.54948461055755615
vt 0.13024614751338959 0.59436404705047607
vt 0.13024614751338959 0.58761465549468994
vt 0.13024614751338959 0.58098286390304565
vt 0.13024614751338959 0.57446557283401489
vt 0.13024614751338959 0.56805992126464844
vt 0.13024614751338959 0.56176304817199707
vt 0.27739444375038147 0.54948461055755615
vt 0.27739444375038147 0.56176304817199707
vt 0.27739444375038147 0.57446557283401489
vt 0.27739444375038147 0.58761465549468994
vt 0.27739444375038147 0.48377805948257446
vt 0.13024614751338959 0.48377805948257446
vt 0.13024614751338959 0.53535676002502441
vt 0.13024614751338959 0.52312123775482178
vt 0.13024614751338959 0.51684576272964478
vt 0.13024614751338959 0.51046150922775269
vt 0.13024614751338959 0.50396561622619629
vt 0.13024614751338959 0.4973551332950592
vt 0.13024614751338959 0.49062702059745789
vt 0.27739444375038147 0.4973551332950592
vt 0.27739444375038147 0.51046150922775269
vt 0.27739444375038147 0.52312123775482178
vt 0.20382030308246613 0.48377805948257446
vt 0.27739444375038147 0.53535676002502441
vt 0.22834500670433044 0.53535676002502441
vt 0.17929558455944061 0.53535676002502441
vt 0.06983986496925354 0
vt 0.12315258383750916 0
vt 0.12315258383750916 0.14861313998699188
vt 0.12315258383750916 0.049537714570760727
vt 0.12315258383750916 0.099075429141521454
vt 0.06983986496925354 0.14861313998699188
vt 0.06983986496925354 0.099075429141521454
vt 0.06983986496925354 0.049537714570760727
vt 0.082513786852359772 0
vt 0.095609374344348907 0
vt 0.10914801806211472 0
vt 0.1160905733704567 0.14861313998699188
vt 0.10914801806211472 0.14861313998699188
vt 0.10232192277908325 0.14861313998699188
vt 0.095609374344348907 0.14861313998699188
vt 0.089007571339607239 0.14861313998699188
vt 0.082513786852359772 0.14861313998699188
vt 0.076125398278236389 0.14861313998699188
vt 0.61777693033218384 0.42687204480171204
vt 0.54929620027542114 0.42687204480171204
vt 0.59981590509414673 0.4437231719493866
vt 0.58286327123641968 0.4437231719493866
vt 0.56607973575592041 0.4437231719493866
vt 0.59981590509414673 0.4598543643951416
vt 0.58286327123641968 0.4598543643951416
vt 0.56607973575592041 0.4598543643951416
vt 0.59981590509414673 0.47586601972579956
vt 0.58286327123641968 0.47586601972579956
vt 0.56607973575592041 0.47586601972579956
vt 0.61777693033218384 0.4337838888168335
vt 0.61777693033218384 0.44057828187942505
vt 0.61777693033218384 0.44725826382637024
vt 0.61777693033218384 0.45382660627365112
vt 0.61777693033218384 0.46028617024421692
vt 0.61777693033218384 0.46663954854011536
vt 0.61777693033218384 0.47288942337036133
vt 0.61777693033218384 0.47903826832771301
vt 0.55785632133483887 0.42687204480171204
vt 0.56641638278961182 0.42687204480171204
vt 0.57497650384902954 0.42687204480171204
vt 0.58353656530380249 0.42687204480171204
vt 0.59209662675857544 0.42687204480171204
vt 0.60065674781799316 0.42687204480171204
vt 0.60921680927276611 0.42687204480171204
vt 0.60971182584762573 0.48010498285293579
vt 0.60273498296737671 0.483347088098526
vt 0.60249501466751099 0.4835166335105896
vt 0.59818947315216064 0.48769518733024597
vt 0.59572392702102661 0.49187764525413513
vt 0.58706974983215332 0.49077892303466797
vt 0.57860332727432251 0.48894742131233215
vt 0.56868475675582886 0.48504477739334106
vt 0.55901360511779785 0.4766533374786377
vt 0.55331099033355713 0.46463558077812195
vt 0.55045545101165771 0.44994065165519714
vt 0.61778289079666138 0.56071048974990845
vt 0.59981822967529297 0.57748830318450928
vt 0.58286410570144653 0.57748830318450928
vt 0.56607937812805176 0.57748830318450928
vt 0.59981822967529297 0.59393852949142456
vt 0.58286410570144653 0.59393852949142456
vt 0.56607937812805176 0.59393852949142456
vt 0.59981822967529297 0.61035299301147461
vt 0.58286410570144653 0.61035299301147461
vt 0.56607937812805176 0.61035299301147461
vt 0.61778289079666138 0.62676745653152466
vt 0.60922187566757202 0.62676745653152466
vt 0.60066086053848267 0.62676745653152466
vt 0.59209984540939331 0.62676745653152466
vt 0.58353877067565918 0.62676745653152466
vt 0.57497775554656982 0.62676745653152466
vt 0.56641674041748047 0.62676745653152466
vt 0.55785572528839111 0.62676745653152466
vt 0.54929471015930176 0.62676745653152466
vt 0.55043238401412964 0.60374951362609863
vt 0.55326265096664429 0.58903038501739502
vt 0.5590139627456665 0.57685571908950806
vt 0.56868445873260498 0.56846272945404053
vt 0.57860404253005981 0.56455767154693604
vt 0.58826112747192383 0.56254267692565918
vt 0.59819352626800537 0.56141358613967896
vt 0.60769683122634888 0.56087744235992432
vt 0.61778289079666138 0.56873172521591187
vt 0.61778289079666138 0.57681870460510254
vt 0.61778289079666138 0.58497226238250732
vt 0.61778289079666138 0.5931931734085083
vt 0.61778289079666138 0.60148227214813232
vt 0.61778289079666138 0.60984045267105103
vt 0.61778289079666138 0.61826854944229126
vt 0 0.33891880512237549
vt 0.019471632316708565 0.28998544812202454
vt 0.019471632316708565 0.29975739121437073
vt 0.019471632316708565 0.30954775214195251
vt 0.019471632316708565 0.3193381130695343
vt 0.019471632316708565 0.3291284441947937
vt 0.038563530892133713 0.28030157089233398
vt 0.038563530892133713 0.28998544812202454
vt 0.038563530892133713 0.29975739121437073
vt 0.038563530892133713 0.30954775214195251
vt 0.038563530892133713 0.3193381130695343
vt 0.038563530892133713 0.3291284441947937
vt 0.057640768587589264 0.28030157089233398
vt 0.057640768587589264 0.28998544812202454
vt 0.057640768587589264 0.29975739121437073
vt 0.057640768587589264 0.30954775214195251
vt 0.057640768587589264 0.3193381130695343
vt 0.057640768587589264 0.3291284441947937
vt 0.077209189534187317 0.28030157089233398
vt 0.077209189534187317 0.28998544812202454
vt 0.077209189534187317 0.29975739121437073
vt 0.077209189534187317 0.30954775214195251
vt 0.077209189534187317 0.3193381130695343
vt 0.077209189534187317 0.3291284441947937
vt 0.096504189074039459 0.28030157089233398
vt 0.096504189074039459 0.28998544812202454
vt 0.096504189074039459 0.29975739121437073
vt 0.096504189074039459 0.30954775214195251
vt 0.096504189074039459 0.3193381130695343
vt 0.096504189074039459 0.3291284441947937
vt 0.11539576202630997 0.28998544812202454
vt 0.11539576202630997 0.29975739121437073
vt 0.11539576202630997 0.30954775214195251
vt 0.11539576202630997 0.3193381130695343
vt 0.11539576202630997 0.3291284441947937
vt 0.1211366206407547 0.33891880512237549
vt 0.10843729972839355 0.33891880512237549
vt 0.095313683152198792 0.33891880512237549
vt 0.081744126975536346 0.33891880512237549
vt 0.067705534398555756 0.33891880512237549
vt 0.00017050298629328609 0.32883274555206299
vt 0.0007205693400464952 0.31932947039604187
vt 0.0018779839156195521 0.3093971312046051
vt 0.0039428798481822014 0.29973995685577393
vt 0.0079474207013845444 0.28982144594192505
vt 0.016548477113246918 0.28015038371086121
vt 0.029026215896010399 0.27439698576927185
vt 0.044113125652074814 0.27156850695610046
vt 0.067705534398555756 0.27042809128761292
vt 0.091333329677581787 0.27159151434898376
vt 0.10638458281755447 0.27444648742675781
vt 0.11869331449270248 0.28015002608299255
vt 0.12728847563266754 0.28982150554656982
vt 0.13128934800624847 0.29974004626274109
vt 0.1331593245267868 0.30820882320404053
vt 0.13428732752799988 0.31686341762542725
vt 0.058994516730308533 0.33891880512237549
vt 0.050356078892946243 0.33891880512237549
vt 0.041789315640926361 0.33891880512237549
vt 0.033293332904577255 0.33891880512237549
vt 0.024867264553904533 0.33891880512237549
vt 0.016510246321558952 0.33891880512237549
vt 0.0082214362919330597 0.33891880512237549
vt 0.13000346720218658 0.31932926177978516
vt 0.12572360038757324 0.3236352801322937
vt 0.12554992735385895 0.32387524843215942
vt 0.12222922593355179 0.33085286617279053
vt 0.50968873500823975 0.51002305746078491
vt 0.49273645877838135 0.51002305746078491
vt 0.47595313191413879 0.51002305746078491
vt 0.50968873500823975 0.52644133567810059
vt 0.49273645877838135 0.52644133567810059
vt 0.47595313191413879 0.52644133567810059
vt 0.50968873500823975 0.5428391695022583
vt 0.49273645877838135 0.5428391695022583
vt 0.47595313191413879 0.5428391695022583
vt 0.52764904499053955 0.55923706293106079
vt 0.51908910274505615 0.55923706293106079
vt 0.51052922010421753 0.55923706293106079
vt 0.50196933746337891 0.55923706293106079
vt 0.4934094250202179 0.55923706293106079
vt 0.48484954237937927 0.55923706293106079
vt 0.47628962993621826 0.55923706293106079
vt 0.46772974729537964 0.55923706293106079
vt 0.45916983485221863 0.55923706293106079
vt 0.52764904499053955 0.50778323411941528
vt 0.52764904499053955 0.51999151706695557
vt 0.52764904499053955 0.5262523889541626
vt 0.52764904499053955 0.53262144327163696
vt 0.52764904499053955 0.53910148143768311
vt 0.52764904499053955 0.54569536447525024
vt 0.52764904499053955 0.5524061918258667
vt 0.46030572056770325 0.5358881950378418
vt 0.46313643455505371 0.5209575891494751
vt 0.46888777613639832 0.50860816240310669
vt 0.47855803370475769 0.50009632110595703
vt 0.48847600817680359 0.49613568186759949
vt 0.49609357118606567 0.49442365765571594
vt 0.50384867191314697 0.49334248900413513
vt 0.50806188583374023 0.50008261203765869
vt 0.50965207815170288 0.50164657831192017
vt 0.50984871387481689 0.50181853771209717
vt 0.51795047521591187 0.50631707906723022
vt 0.6177830696105957 0.49334248900413513
vt 0.54929471015930176 0.49334248900413513
vt 0.59981828927993774 0.51039892435073853
vt 0.58286416530609131 0.51039892435073853
vt 0.56607943773269653 0.51039892435073853
vt 0.59981828927993774 0.52675724029541016
vt 0.58286416530609131 0.52675724029541016
vt 0.56607943773269653 0.52675724029541016
vt 0.59981828927993774 0.54300141334533691
vt 0.58286416530609131 0.54300141334533691
vt 0.56607943773269653 0.54300141334533691
vt 0.6177830696105957 0.50182515382766724
vt 0.6177830696105957 0.51023614406585693
vt 0.6177830696105957 0.51857626438140869
vt 0.6177830696105957 0.52684652805328369
vt 0.6177830696105957 0.53504770994186401
vt 0.6177830696105957 0.54318076372146606
vt 0.6177830696105957 0.55124646425247192
vt 0.55785572528839111 0.49334248900413513
vt 0.56641680002212524 0.49334248900413513
vt 0.5749778151512146 0.49334248900413513
vt 0.58353888988494873 0.49334248900413513
vt 0.59209990501403809 0.49334248900413513
vt 0.60066097974777222 0.49334248900413513
vt 0.60922205448150635 0.49334248900413513
vt 0.60602128505706787 0.558990478515625
vt 0.59819358587265015 0.55852073431015015
vt 0.58826124668121338 0.557392418384552
vt 0.57860428094863892 0.55537897348403931
vt 0.56868356466293335 0.55147922039031982
vt 0.55901467800140381 0.54308938980102539
vt 0.55331051349639893 0.53108054399490356
vt 0.55045503377914429 0.51639550924301147
vt 0.6177830696105957 0.55924564599990845
vt 0.6117866039276123 0.5591769814491272
vt 0.019364409148693085 0.19984264671802521
vt 0.019364409148693085 0.20961466431617737
vt 0.019364409148693085 0.21940509974956512
vt 0.019364409148693085 0.22919552028179169
vt 0.019364409148693085 0.23898595571517944
vt 0.038436450064182281 0.19015870988368988
vt 0.038436450064182281 0.19984264671802521
vt 0.038436450064182281 0.20961466431617737
vt 0.038436450064182281 0.21940509974956512
vt 0.038436450064182281 0.22919552028179169
vt 0.038436450064182281 0.23898595571517944
vt 0.057501513510942459 0.19015870988368988
vt 0.057501513510942459 0.19984264671802521
vt 0.057501513510942459 0.20961466431617737
vt 0.057501513510942459 0.21940509974956512
vt 0.057501513510942459 0.22919552028179169
vt 0.057501513510942459 0.23898595571517944
vt 0.077077575027942657 0.19015870988368988
vt 0.077077575027942657 0.19984264671802521
vt 0.077077575027942657 0.20961466431617737
vt 0.077077575027942657 0.21940509974956512
vt 0.077077575027942657 0.22919552028179169
vt 0.077077575027942657 0.23898595571517944
vt 0.096333906054496765 0.19015870988368988
vt 0.096333906054496765 0.19984264671802521
vt 0.096333906054496765 0.20961466431617737
vt 0.096333906054496765 0.21940509974956512
vt 0.096333906054496765 0.22919552028179169
vt 0.096333906054496765 0.23898595571517944
vt 0.11523666977882385 0.19984264671802521
vt 0.11523666977882385 0.20961466431617737
vt 0.11523666977882385 0.21940509974956512
vt 0.11523666977882385 0.22919552028179169
vt 0.11523666977882385 0.23898595571517944
vt 0.13413943350315094 0.2487763911485672
vt 0.12594014406204224 0.2487763911485672
vt 0.11767268925905228 0.2487763911485672
vt 0.10933621972799301 0.2487763911485672
vt 0.1009298637509346 0.2487763911485672
vt 0.092452742159366608 0.2487763911485672
vt 0.083903945982456207 0.2487763911485672
vt 0.075282566249370575 0.2487763911485672
vt 0.066587693989276886 0.2487763911485672
vt 0.014592654071748257 0.2487763911485672
vt 0.01311106514185667 0.23907655477523804
vt 0.0085652247071266174 0.23097370564937592
vt 0.0083914091810584068 0.2307770699262619
vt 0.0068110460415482521 0.22918665409088135
vt 0 0.22497290372848511
vt 0.052903570234775543 0.2487763911485672
vt 0.039692141115665436 0.2487763911485672
vt 0.026929322630167007 0.2487763911485672
vt 0.0010953416349366307 0.21721728146076202
vt 0.0028204312548041344 0.20959755778312683
vt 0.0068250233307480812 0.19967898726463318
vt 0.015426845289766788 0.19000817835330963
vt 0.027905827388167381 0.1842561811208725
vt 0.042993336915969849 0.18142510950565338
vt 0.066587693989276886 0.18028518557548523
vt 0.090217612683773041 0.1814466118812561
vt 0.105269655585289 0.18430441617965698
vt 0.11757970601320267 0.19000717997550964
vt 0.12617616355419159 0.19967851042747498
vt 0.13017621636390686 0.20959761738777161
vt 0.13223989307880402 0.21925462782382965
vt 0.13339827954769135 0.22918681800365448
vt 0.13387788832187653 0.23701463639736176
vt 0.1340690404176712 0.2427799254655838
vt 0.15826976299285889 0.18028518557548523
vt 0.15826976299285889 0.32889831066131592
vt 0.22445669770240784 0.18028518557548523
vt 0.22445669770240784 0.32889831066131592
vt 0.21642306447029114 0.32889831066131592
vt 0.20832264423370361 0.32889831066131592
vt 0.20015460252761841 0.32889831066131592
vt 0.19191807508468628 0.32889831066131592
vt 0.18361222743988037 0.32889831066131592
vt 0.17523615062236786 0.32889831066131592
vt 0.16678896546363831 0.32889831066131592
vt 0.16678896546363831 0.18028518557548523
vt 0.17523615062236786 0.18028518557548523
vt 0.18361222743988037 0.18028518557548523
vt 0.19191807508468628 0.18028518557548523
vt 0.20015460252761841 0.18028518557548523
vt 0.20832264423370361 0.18028518557548523
vt 0.21642306447029114 0.18028518557548523
vt 0.15826976299285889 0.27936059236526489
vt 0.15826976299285889 0.22982288897037506
vt 0.22445669770240784 0.22982288897037506
vt 0.22445669770240784 0.27936059236526489
vt 0.61777538061141968 0.36057037115097046
vt 0.54929620027542114 0.36057037115097046
vt 0.59981513023376465 0.37738272547721863
vt 0.58286285400390625 0.37738272547721863
vt 0.56607949733734131 0.37738272547721863
vt 0.59981513023376465 0.39347121119499207
vt 0.58286285400390625 0.39347121119499207
vt 0.56607949733734131 0.39347121119499207
vt 0.59981513023376465 0.40943920612335205
vt 0.58286285400390625 0.40943920612335205
vt 0.56607949733734131 0.40943920612335205
vt 0.61777538061141968 0.36728936433792114
vt 0.61777538061141968 0.37388986349105835
vt 0.61777538061141968 0.38037493824958801
vt 0.61777538061141968 0.38674759864807129
vt 0.61777538061141968 0.39301076531410217
vt 0.61777538061141968 0.39916718006134033
vt 0.61777538061141968 0.4111706018447876
vt 0.55785614252090454 0.36057037115097046
vt 0.56641602516174316 0.36057037115097046
vt 0.57497590780258179 0.36057037115097046
vt 0.58353579044342041 0.36057037115097046
vt 0.59209573268890381 0.36057037115097046
vt 0.60065561532974243 0.36057037115097046
vt 0.60921549797058105 0.36057037115097046
vt 0.59397506713867188 0.42540720105171204
vt 0.58621996641159058 0.42434155941009521
vt 0.5786023736000061 0.42265412211418152
vt 0.56868439912796021 0.41874980926513672
vt 0.55901414155960083 0.41035705804824829
vt 0.55331140756607056 0.39833822846412659
vt 0.55045545101165771 0.38364169001579285
vt 0.60807687044143677 0.41261640191078186
vt 0.59997504949569702 0.41705191135406494
vt 0.59977847337722778 0.41722148656845093
vt 0.59818828105926514 0.41876330971717834
vt 0.50968676805496216 0.44330322742462158
vt 0.49273526668548584 0.44330322742462158
vt 0.47595253586769104 0.44330322742462158
vt 0.50968676805496216 0.45950418710708618
vt 0.49273526668548584 0.45950418710708618
vt 0.47595253586769104 0.45950418710708618
vt 0.50968676805496216 0.47569093108177185
vt 0.49273526668548584 0.47569093108177185
vt 0.47595253586769104 0.47569093108177185
vt 0.52764517068862915 0.49187764525413513
vt 0.51908576488494873 0.49187764525413513
vt 0.51052635908126831 0.49187764525413513
vt 0.50196695327758789 0.49187764525413513
vt 0.49340751767158508 0.49187764525413513
vt 0.48484811186790466 0.49187764525413513
vt 0.47628867626190186 0.49187764525413513
vt 0.46772927045822144 0.49187764525413513
vt 0.45916983485221863 0.49187764525413513
vt 0.50026041269302368 0.42686805129051208
vt 0.50465404987335205 0.43468174338340759
vt 0.50479823350906372 0.43485257029533386
vt 0.50805908441543579 0.43800249695777893
vt 0.51703119277954102 0.44260445237159729
vt 0.52764517068862915 0.44408246874809265
vt 0.52764517068862915 0.45538449287414551
vt 0.52764517068862915 0.46710184216499329
vt 0.52764517068862915 0.47925788164138794
vt 0.46030536293983459 0.46868854761123657
vt 0.46313712000846863 0.45386040210723877
vt 0.46888720989227295 0.44159525632858276
vt 0.47855746746063232 0.43314251303672791
vt 0.48847353458404541 0.42920532822608948
vt 0.15903632342815399 0.019556624814867973
vt 0.15903632342815399 0.029326841235160828
vt 0.15903632342815399 0.039115164428949356
vt 0.15903632342815399 0.048903491348028183
vt 0.17791204154491425 0.0098731629550457001
vt 0.17791204154491425 0.019556624814867973
vt 0.17791204154491425 0.029326841235160828
vt 0.17791204154491425 0.039115164428949356
vt 0.17791204154491425 0.048903491348028183
vt 0.17791204154491425 0.058691810816526413
vt 0.19678245484828949 0.0098731629550457001
vt 0.19678245484828949 0.019556624814867973
vt 0.19678245484828949 0.029326841235160828
vt 0.19678245484828949 0.039115164428949356
vt 0.19678245484828949 0.048903491348028183
vt 0.19678245484828949 0.058691810816526413
vt 0.21615423262119293 0.0098731629550457001
vt 0.21615423262119293 0.019556624814867973
vt 0.21615423262119293 0.029326841235160828
vt 0.21615423262119293 0.039115164428949356
vt 0.21615423262119293 0.048903491348028183
vt 0.21615423262119293 0.058691810816526413
vt 0.23521190881729126 0.0098731629550457001
vt 0.23521190881729126 0.019556624814867973
vt 0.23521190881729126 0.029326841235160828
vt 0.23521190881729126 0.039115164428949356
vt 0.23521190881729126 0.048903491348028183
vt 0.23521190881729126 0.058691810816526413
vt 0.25388291478157043 0.019556624814867973
vt 0.25388291478157043 0.029326841235160828
vt 0.25388291478157043 0.039115164428949356
vt 0.25388291478157043 0.048903491348028183
vt 0.25388291478157043 0.058691810816526413
vt 0.25796195864677429 0.068480134010314941
vt 0.24565891921520233 0.068480134010314941
vt 0.23292933404445648 0.068480134010314941
vt 0.21975064277648926 0.068480134010314941
vt 0.20609863102436066 0.068480134010314941
vt 0.19324876368045807 0.068480134010314941
vt 0.18087111413478851 0.068480134010314941
vt 0.16894011199474335 0.068480134010314941
vt 0.15743201971054077 0.068480134010314941
vt 0.272553950548172 0.044679813086986542
vt 0.26574420928955078 0.04889301210641861
vt 0.26416391134262085 0.050483208149671555
vt 0.26399010419845581 0.050679832696914673
vt 0.25944384932518005 0.058781590312719345
vt 0.139903724193573 0.041093818843364716
vt 0.1422828882932663 0.029306106269359589
vt 0.14629368484020233 0.019390314817428589
vt 0.15489956736564636 0.0097190802916884422
vt 0.16738791763782501 0.003967436496168375
vt 0.18248695135116577 0.0011386314872652292
vt 0.20609863102436066 0
vt 0.22974576056003571 0.0011613789247348905
vt 0.24480922520160675 0.0040164333768188953
vt 0.25712785124778748 0.0097193336114287376
vt 0.26573055982589722 0.019389083608984947
vt 0.26973220705986023 0.029307126998901367
vt 0.27146109938621521 0.036924820393323898
vt 0.15592707693576813 0.05786554142832756
vt 0.15124119818210602 0.04889296367764473
vt 0.14803384244441986 0.045631919056177139
vt 0.14785988628864288 0.045487698167562485
vt 0.15903632342815399 0.058691810816526413
vt 0.23627704381942749 0.32889831066131592
vt 0.3026101291179657 0.18028518557548523
vt 0.3026101291179657 0.32889831066131592
vt 0.3026101291179657 0.25459173321723938
vt 0.23627704381942749 0.25459173321723938
vt 0.23627704381942749 0.18028518557548523
vt 0.24433182179927826 0.18028518557548523
vt 0.25245261192321777 0.18028518557548523
vt 0.26064023375511169 0.18028518557548523
vt 0.26889550685882568 0.18028518557548523
vt 0.2772192656993866 0.18028518557548523
vt 0.28561237454414368 0.18028518557548523
vt 0.29407569766044617 0.18028518557548523
vt 0.29407569766044617 0.32889831066131592
vt 0.28561237454414368 0.32889831066131592
vt 0.2772192656993866 0.32889831066131592
vt 0.26889550685882568 0.32889831066131592
vt 0.26064023375511169 0.32889831066131592
vt 0.25245261192321777 0.32889831066131592
vt 0.24433182179927826 0.32889831066131592
vt 0.50968950986862183 0.57743465900421143
vt 0.49273690581321716 0.57743465900421143
vt 0.4759533703327179 0.57743465900421143
vt 0.50968950986862183 0.59389424324035645
vt 0.49273690581321716 0.59389424324035645
vt 0.4759533703327179 0.59389424324035645
vt 0.50968950986862183 0.61033087968826294
vt 0.49273690581321716 0.61033087968826294
vt 0.4759533703327179 0.61033087968826294
vt 0.52765053510665894 0.62676745653152466
vt 0.51909047365188599 0.62676745653152466
vt 0.51053035259246826 0.62676745653152466
vt 0.50197029113769531 0.62676745653152466
vt 0.49341019988059998 0.62676745653152466
vt 0.48485010862350464 0.62676745653152466
vt 0.4762900173664093 0.62676745653152466
vt 0.46772992610931396 0.62676745653152466
vt 0.45916983485221863 0.62676745653152466
vt 0.50559753179550171 0.56070190668106079
vt 0.50806307792663574 0.56494516134262085
vt 0.51236867904663086 0.5691838264465332
vt 0.51260858774185181 0.56935578584671021
vt 0.51958549022674561 0.57264399528503418
vt 0.52765053510665894 0.57372581958770752
vt 0.52765053510665894 0.57997936010360718
vt 0.52765053510665894 0.58633530139923096
vt 0.52765053510665894 0.59279602766036987
vt 0.52765053510665894 0.59936428070068359
vt 0.52765053510665894 0.60604268312454224
vt 0.52765053510665894 0.61283409595489502
vt 0.52765053510665894 0.61974138021469116
vt 0.46030575037002563 0.60342144966125488
vt 0.4631359875202179 0.58849251270294189
vt 0.46888720989227295 0.57614421844482422
vt 0.47855836153030396 0.56763374805450439
vt 0.48847696185112 0.56367480754852295
vt 0.49694341421127319 0.56181663274765015
vt 0.52764517068862915 0.36057037115097046
vt 0.45916983485221863 0.36057037115097046
vt 0.50968682765960693 0.37739366292953491
vt 0.49273526668548584 0.37739366292953491
vt 0.47595256567001343 0.37739366292953491
vt 0.50968682765960693 0.39347922801971436
vt 0.49273526668548584 0.39347922801971436
vt 0.47595256567001343 0.39347922801971436
vt 0.50968682765960693 0.40944120287895203
vt 0.49273526668548584 0.40944120287895203
vt 0.47595256567001343 0.40944120287895203
vt 0.52764517068862915 0.3731483519077301
vt 0.52764517068862915 0.38526296615600586
vt 0.52764517068862915 0.39693930745124817
vt 0.52764517068862915 0.4082007110118866
vt 0.46772927045822144 0.36057037115097046
vt 0.47628867626190186 0.36057037115097046
vt 0.48484811186790466 0.36057037115097046
vt 0.49340751767158508 0.36057037115097046
vt 0.50196695327758789 0.36057037115097046
vt 0.51052635908126831 0.36057037115097046
vt 0.51908576488494873 0.36057037115097046
vt 0.51703119277954102 0.40967816114425659
vt 0.50805908441543579 0.41427779197692871
vt 0.50479823350906372 0.41742563247680664
vt 0.50465404987335205 0.41759636998176575
vt 0.50026041269302368 0.42540320754051208
vt 0.48847353458404541 0.42306816577911377
vt 0.47855743765830994 0.41913440823554993
vt 0.46888720989227295 0.41068693995475769
vt 0.46318569779396057 0.39858821034431458
vt 0.46032869815826416 0.38379457592964172
vt 0.1591058075428009 0.10969815403223038
vt 0.1591058075428009 0.11946865171194077
vt 0.1591058075428009 0.12925730645656586
vt 0.1591058075428009 0.13904596865177155
vt 0.1591058075428009 0.14883463084697723
vt 0.17800363898277283 0.10001463443040848
vt 0.17800363898277283 0.10969815403223038
vt 0.17800363898277283 0.11946865171194077
vt 0.17800363898277283 0.12925730645656586
vt 0.17800363898277283 0.13904596865177155
vt 0.17800363898277283 0.14883463084697723
vt 0.19689223170280457 0.10001463443040848
vt 0.19689223170280457 0.10969815403223038
vt 0.19689223170280457 0.11946865171194077
vt 0.19689223170280457 0.12925730645656586
vt 0.19689223170280457 0.13904596865177155
vt 0.19689223170280457 0.14883463084697723
vt 0.2162720263004303 0.10001463443040848
vt 0.2162720263004303 0.10969815403223038
vt 0.2162720263004303 0.11946865171194077
vt 0.2162720263004303 0.12925730645656586
vt 0.2162720263004303 0.13904596865177155
vt 0.2162720263004303 0.14883463084697723
vt 0.23536361753940582 0.10001463443040848
vt 0.23536361753940582 0.10969815403223038
vt 0.23536361753940582 0.11946865171194077
vt 0.23536361753940582 0.12925730645656586
vt 0.23536361753940582 0.13904596865177155
vt 0.23536361753940582 0.14883463084697723
vt 0.25404369831085205 0.10969815403223038
vt 0.25404369831085205 0.11946865171194077
vt 0.25404369831085205 0.12925730645656586
vt 0.25404369831085205 0.13904596865177155
vt 0.2552095353603363 0.15862329304218292
vt 0.24374395608901978 0.15862329304218292
vt 0.23185597360134125 0.15862329304218292
vt 0.21952177584171295 0.15862329304218292
vt 0.20671576261520386 0.15862329304218292
vt 0.19262497127056122 0.15862329304218292
vt 0.17900297045707703 0.15862329304218292
vt 0.16582675278186798 0.15862329304218292
vt 0.15307480096817017 0.15862329304218292
vt 0.139903724193573 0.1365702897310257
vt 0.14103193581104279 0.12791630625724792
vt 0.14290966093540192 0.11944956332445145
vt 0.14691340923309326 0.10953084379434586
vt 0.15552167594432831 0.099861621856689453
vt 0.16800874471664429 0.094110213220119476
vt 0.1831059604883194 0.091278478503227234
vt 0.20671576261520386 0.090141512453556061
vt 0.23036089539527893 0.091302253305912018
vt 0.24542310833930969 0.0941576287150383
vt 0.25774046778678894 0.099861234426498413
vt 0.26634228229522705 0.10953123867511749
vt 0.27034565806388855 0.11944884806871414
vt 0.27272382378578186 0.13123635947704315
vt 0.26477548480033875 0.13563035428524017
vt 0.26460164785385132 0.13577456772327423
vt 0.26139676570892334 0.13903568685054779
vt 0.25671371817588806 0.14800845086574554
vt 0.15198075771331787 0.1505582183599472
vt 0.14865538477897644 0.14358136057853699
vt 0.14848147332668304 0.14334140717983246
vt 0.14419496059417725 0.13903585076332092
vt 0.25404369831085205 0.14883463084697723
vn -0.38168451189994812 0.36282098293304443 -0.85010462999343872
vn -0.38168451189994812 0.36282098293304443 -0.85010462999343872
vn -0.38168451189994812 0.36282098293304443 -0.85010462999343872
vn -0.38168451189994812 0.36282098293304443 -0.85010462999343872
vn -0.38168451189994812 0.36282098293304443 -0.85010462999343872
vn -0.38168451189994812 0.36282098293304443 -0.85010462999343872
vn -0.077156856656074524 0.90401822328567505 0.4204733669757843
vn -0.077156856656074524 0.90401822328567505 0.4204733669757843
vn -0.077156856656074524 0.90401822328567505 0.4204733669757843
vn -0.077156856656074524 0.90401822328567505 0.4204733669757843
vn -0.077156856656074524 0.90401822328567505 0.4204733669757843
vn -0.077156856656074524 0.90401822328567505 0.4204733669757843
vn -0.077156856656074524 0.90401822328567505 0.4204733669757843
vn 0.38168451189994812 -0.36282098293304443 0.85010462999343872
vn 0.38168451189994812 -0.36282098293304443 0.85010462999343872
vn 0.38168451189994812 -0.36282098293304443 0.85010462999343872
vn 0.38168451189994812 -0.36282098293304443 0.85010462999343872
vn 0.38168451189994812 -0.36282098293304443 0.85010462999343872
vn 0.38168451189994812 -0.36282098293304443 0.85010462999343872
vn 0.077156856656074524 -0.90401822328567505 -0.4204733669757843
vn 0.077156856656074524 -0.90401822328567505 -0.4204733669757843
vn 0.077156856656074524 -0.90401822328567505 -0.4204733669757843
vn 0.077156856656074524 -0.90401822328567505 -0.4204733669757843
vn 0.077156856656074524 -0.90401822328567505 -0.4204733669757843
vn 0.077156856656074524 -0.90401822328567505 -0.4204733669757843
vn 0.077156856656074524 -0.90401822328567505 -0.4204733669757843
vn 0.077156856656074524 -0.90401822328567505 -0.4204733669757843
vn -0.92106664180755615 -0.22607956826686859 0.31705561280250549
vn -0.92106664180755615 -0.22607956826686859 0.31705561280250549
vn -0.92106664180755615 -0.22607956826686859 0.31705561280250549
vn -0.92106664180755615 -0.22607956826686859 0.31705561280250549
vn -0.92106664180755615 -0.22607956826686859 0.31705561280250549
vn -0.92106664180755615 -0.22607956826686859 0.31705561280250549
vn -0.92106664180755615 -0.22607956826686859 0.31705561280250549
vn 0.92106664180755615 0.22607956826686859 -0.31705561280250549
vn 0.92106664180755615 0.22607956826686859 -0.31705561280250549
vn 0.92106664180755615 0.22607956826686859 -0.31705561280250549
vn 0.92106664180755615 0.22607956826686859 -0.31705561280250549
vn 0.92106664180755615 0.22607956826686859 -0.31705561280250549
vn 0.92106664180755615 0.22607956826686859 -0.31705561280250549
vn 0.92106664180755615 0.22607956826686859 -0.31705561280250549
vn 0.92106664180755615 0.22607956826686859 -0.31705561280250549
vn 0.92106664180755615 0.22607956826686859 -0.31705561280250549
vn 0.92106664180755615 0.22607956826686859 -0.31705561280250549
vn 0.92106664180755615 0.22607956826686859 -0.31705561280250549
vn 0.92106664180755615 0.22607956826686859 -0.31705561280250549
vn 0.92106664180755615 0.22607956826686859 -0.31705561280250549
vn 0.92106664180755615 0.22607956826686859 -0.31705561280250549
vn 0.92106664180755615 0.22607956826686859 -0.31705561280250549
vn 0.92106664180755615 0.22607956826686859 -0.31705561280250549
vn 0.92106664180755615 0.22607956826686859 -0.31705561280250549
vn 0.92106664180755615 0.22607956826686859 -0.31705561280250549
vn 0.92106664180755615 0.22607956826686859 -0.31705561280250549
vn 0.92106664180755615 0.22607956826686859 -0.31705561280250549
vn 0.92106664180755615 0.22607956826686859 -0.31705561280250549
vn 0.92106664180755615 0.22607956826686859 -0.31705561280250549
vn 0.92106664180755615 0.22607956826686859 -0.31705561280250549
vn 0.92106664180755615 0.22607956826686859 -0.31705561280250549
vn 0.92106664180755615 0.22607956826686859 -0.31705561280250549
vn 0.92106664180755615 0.22607956826686859 -0.31705561280250549
vn 0.92106664180755615 0.22607956826686859 -0.31705561280250549
vn 0.92106664180755615 0.22607956826686859 -0.31705561280250549
vn 0.92106664180755615 0.22607956826686859 -0.31705561280250549
vn 0.92106664180755615 0.22607956826686859 -0.31705561280250549
vn 0.92106664180755615 0.22607956826686859 -0.31705561280250549
vn 0.92106664180755615 0.22607956826686859 -0.31705561280250549
vn 0.92106664180755615 0.22607956826686859 -0.31705561280250549
vn 0.92106664180755615 0.22607956826686859 -0.31705561280250549
vn 0.92106664180755615 0.22607956826686859 -0.31705561280250549
vn 0.92106664180755615 0.22607956826686859 -0.31705561280250549
vn 0.92106664180755615 0.22607956826686859 -0.31705561280250549
vn 0.92106664180755615 0.22607956826686859 -0.31705561280250549
vn 0.92106664180755615 0.22607956826686859 -0.31705561280250549
vn 0.92106664180755615 0.22607956826686859 -0.31705561280250549
vn 0.92106664180755615 0.22607956826686859 -0.31705561280250549
vn 0.92106664180755615 0.22607956826686859 -0.31705561280250549
vn 0.92106664180755615 0.22607956826686859 -0.31705561280250549
vn 0.92106664180755615 0.22607956826686859 -0.31705561280250549
vn 0.92106664180755615 0.22607956826686859 -0.31705561280250549
vn 0.92106664180755615 0.22607956826686859 -0.31705561280250549
vn 0.92106664180755615 0.22607956826686859 -0.31705561280250549
vn 0.92106664180755615 0.22607956826686859 -0.31705561280250549
vn 0.92106664180755615 0.22607956826686859 -0.31705561280250549
vn 0.92106664180755615 0.22607956826686859 -0.31705561280250549
vn 0.92106664180755615 0.22607956826686859 -0.31705561280250549
vn 0.92106664180755615 0.22607956826686859 -0.31705561280250549
vn 0.92106664180755615 0.22607956826686859 -0.31705561280250549
vn 0.92106664180755615 0.22607956826686859 -0.31705561280250549
vn 0.92106664180755615 0.22607956826686859 -0.31705561280250549
vn 0.92106664180755615 0.22607956826686859 -0.31705561280250549
vn 0.92106664180755615 0.22607956826686859 -0.31705561280250549
vn 0.92106664180755615 0.22607956826686859 -0.31705561280250549
vn 0.92106664180755615 0.22607956826686859 -0.31705561280250549
vn 0.92106664180755615 0.22607956826686859 -0.31705561280250549
vn 0.92106664180755615 0.22607956826686859 -0.31705561280250549
vn 0.92106664180755615 0.22607956826686859 -0.31705561280250549
vn 0.92106664180755615 0.22607956826686859 -0.31705561280250549
vn 0.92106664180755615 0.22607956826686859 -0.31705561280250549
vn 0.92106664180755615 0.22607956826686859 -0.31705561280250549
vn 0.92106664180755615 0.22607956826686859 -0.31705561280250549
vn 0.92106664180755615 0.22607956826686859 -0.31705561280250549
vn 0.92106664180755615 0.22607956826686859 -0.31705561280250549
vn 0.92106664180755615 0.22607956826686859 -0.31705561280250549
vn 0.92106664180755615 0.22607956826686859 -0.31705561280250549
vn 0.92106664180755615 0.22607956826686859 -0.31705561280250549
vn 0.92106664180755615 0.22607956826686859 -0.31705561280250549
vn 0.92106664180755615 0.22607956826686859 -0.31705561280250549
vn 0.92106664180755615 0.22607956826686859 -0.31705561280250549
vn 0.92106664180755615 0.22607956826686859 -0.31705561280250549
vn 0.92106664180755615 0.22607956826686859 -0.31705561280250549
vn 0.92106664180755615 0.22607956826686859 -0.31705561280250549
vn 0.92106664180755615 0.22607956826686859 -0.31705561280250549
vn 0.92106664180755615 0.22607956826686859 -0.31705561280250549
vn 0.92106664180755615 0.22607956826686859 -0.31705561280250549
vn 0.92106664180755615 0.22607956826686859 -0.31705561280250549
vn 0.92106664180755615 0.22607956826686859 -0.31705561280250549
vn 0.92106664180755615 0.22607956826686859 -0.31705561280250549
vn 0.92106664180755615 0.22607956826686859 -0.31705561280250549
vn 0.92106664180755615 0.22607956826686859 -0.31705561280250549
vn 0.92106664180755615 0.22607956826686859 -0.31705561280250549
vn 0.92106664180755615 0.22607956826686859 -0.31705561280250549
vn 0.92106664180755615 0.22607956826686859 -0.31705561280250549
vn 0.92106664180755615 0.22607956826686859 -0.31705561280250549
vn 0.92106664180755615 0.22607956826686859 -0.31705561280250549
vn 0.92106664180755615 0.22607956826686859 -0.31705561280250549
vn 0.92106664180755615 0.22607956826686859 -0.31705561280250549
vn 0.92106664180755615 0.22607956826686859 -0.31705561280250549
vn 0.92106664180755615 0.22607956826686859 -0.31705561280250549
vn 0.92106664180755615 0.22607956826686859 -0.31705561280250549
vn 0.92106664180755615 0.22607956826686859 -0.31705561280250549
vn 0.92106664180755615 0.22607956826686859 -0.31705561280250549
vn 0.92106664180755615 0.22607956826686859 -0.31705561280250549
vn 0.92106664180755615 0.22607956826686859 -0.31705561280250549
vn 0.92106664180755615 0.22607956826686859 -0.31705561280250549
vn 0.92106664180755615 0.22607956826686859 -0.31705561280250549
vn 0.92106664180755615 0.22607956826686859 -0.31705561280250549
vn 0.92106664180755615 0.22607956826686859 -0.31705561280250549
vn 0.92106664180755615 0.22607956826686859 -0.31705561280250549
vn 0.92106664180755615 0.22607956826686859 -0.31705561280250549
vn 0.92106664180755615 0.22607956826686859 -0.31705561280250549
vn 0.92106664180755615 0.22607956826686859 -0.31705561280250549
vn 0.92106664180755615 0.22607956826686859 -0.31705561280250549
vn 0.92106664180755615 0.22607956826686859 -0.31705561280250549
vn 0.92106664180755615 0.22607956826686859 -0.31705561280250549
vn 0.92106664180755615 0.22607956826686859 -0.31705561280250549
vn 0.92106664180755615 0.22607956826686859 -0.31705561280250549
vn 0.92106664180755615 0.22607956826686859 -0.31705561280250549
vn 0.92106664180755615 0.22607956826686859 -0.31705561280250549
vn 0.92106664180755615 0.22607956826686859 -0.31705561280250549
vn 0.92106664180755615 0.22607956826686859 -0.31705561280250549
vn 0.92106664180755615 0.22607956826686859 -0.31705561280250549
vn 0.92106664180755615 0.22607956826686859 -0.31705561280250549
vn 0.92106664180755615 0.22607956826686859 -0.31705561280250549
vn 0.92106664180755615 0.22607956826686859 -0.31705561280250549
vn 0.92106664180755615 0.22607956826686859 -0.31705561280250549
vn 0.92106664180755615 0.22607956826686859 -0.31705561280250549
vn 0.92106664180755615 0.22607956826686859 -0.31705561280250549
vn -0.38168451189994812 0.36282098293304443 -0.85010462999343872
vn -0.99696910381317139 -0.06573881208896637 -0.041605290025472641
vn -0.92106664180755615 -0.22607956826686859 0.31705561280250549
vn -0.38168451189994812 0.36282098293304443 -0.85010462999343872
vn -0.92106664180755615 -0.22607956826686859 0.31705561280250549
vn -0.38168451189994812 0.36282098293304443 -0.85010462999343872
vn -0.90652561187744141 0.11194842308759689 -0.40703666210174561
vn -0.99696910381317139 -0.06573881208896637 -0.041605290025472641
vn -0.92106664180755615 -0.22607956826686859 0.31705561280250549
vn -0.9778856635093689 -0.1508413553237915 0.14486706256866455
vn -0.99261820316314697 -0.1092316210269928 0.052702687680721283
vn -0.9904291033744812 -0.021089348942041397 -0.13640159368515015
vn -0.97290188074111938 0.023929821327328682 -0.22997662425041199
vn -0.94470471143722534 0.06852518767118454 -0.32068252563476562
vn -0.90652561187744141 0.11194842308759689 -0.40703666210174561
vn -0.85934793949127197 0.15353846549987793 -0.48779818415641785
vn -0.80435782670974731 0.19274929165840149 -0.56201082468032837
vn -0.74285084009170532 0.2291625440120697 -0.6290128231048584
vn -0.67614924907684326 0.26248690485954285 -0.68842053413391113
vn -0.60553741455078125 0.29254800081253052 -0.74009466171264648
vn -0.53221654891967773 0.31927275657653809 -0.78409850597381592
vn -0.45727691054344177 0.34267160296440125 -0.82065463066101074
vn -0.45727691054344177 0.34267160296440125 -0.82065463066101074
vn -0.53221654891967773 0.31927275657653809 -0.78409850597381592
vn -0.60553741455078125 0.29254800081253052 -0.74009466171264648
vn -0.67614924907684326 0.26248690485954285 -0.68842053413391113
vn -0.74285084009170532 0.2291625440120697 -0.6290128231048584
vn -0.80435782670974731 0.19274929165840149 -0.56201082468032837
vn -0.85934793949127197 0.15353846549987793 -0.48779818415641785
vn -0.94470471143722534 0.06852518767118454 -0.32068252563476562
vn -0.97290188074111938 0.023929821327328682 -0.22997662425041199
vn -0.9904291033744812 -0.021089348942041397 -0.13640159368515015
vn -0.99261820316314697 -0.1092316210269928 0.052702687680721283
vn -0.9778856635093689 -0.1508413553237915 0.14486706256866455
vn -0.90652561187744141 0.11194842308759689 -0.40703666210174561
vn -0.99696910381317139 -0.06573881208896637 -0.041605290025472641
vn -0.38168451189994812 0.36282098293304443 -0.85010462999343872
vn -0.23455829918384552 0.97203153371810913 0.011709775775671005
vn -0.077156856656074524 0.90401822328567505 0.4204733669757843
vn -0.38168451189994812 0.36282098293304443 -0.85010462999343872
vn -0.34342312812805176 0.85542476177215576 -0.3876970112323761
vn -0.23455829918384552 0.97203153371810913 0.011709775775671005
vn -0.077156856656074524 0.90401822328567505 0.4204733669757843
vn -0.38636261224746704 0.42899298667907715 -0.81651026010513306
vn -0.38896027207374573 0.49523749947547913 -0.77682024240493774
vn -0.38919731974601746 0.56105190515518188 -0.73057937622070312
vn -0.38676303625106812 0.6258053183555603 -0.67733454704284668
vn -0.38131922483444214 0.68870651721954346 -0.61666762828826904
vn -0.37251052260398865 0.74877351522445679 -0.54824638366699219
vn -0.35998421907424927 0.8048134446144104 -0.4718969464302063
vn -0.32259193062782288 0.89903831481933594 -0.29608207941055298
vn -0.29739457368850708 0.93400967121124268 -0.19794540107250214
vn -0.26793378591537476 0.9587714672088623 -0.094703368842601776
vn -0.19787898659706116 0.97298318147659302 0.11894406378269196
vn -0.15874075889587402 0.96147286891937256 0.22443553805351257
vn -0.15874075889587402 0.96147286891937256 0.22443553805351257
vn -0.19787898659706116 0.97298318147659302 0.11894406378269196
vn -0.26793378591537476 0.9587714672088623 -0.094703368842601776
vn -0.29739457368850708 0.93400967121124268 -0.19794540107250214
vn -0.32259193062782288 0.89903831481933594 -0.29608207941055298
vn -0.34342312812805176 0.85542476177215576 -0.3876970112323761
vn -0.35998421907424927 0.8048134446144104 -0.4718969464302063
vn -0.37251052260398865 0.74877351522445679 -0.54824638366699219
vn -0.38131922483444214 0.68870651721954346 -0.61666762828826904
vn -0.38676303625106812 0.6258053183555603 -0.67733454704284668
vn -0.38919731974601746 0.56105190515518188 -0.73057937622070312
vn -0.38896027207374573 0.49523749947547913 -0.77682024240493774
vn -0.38636261224746704 0.42899298667907715 -0.81651026010513306
vn -0.38168451189994812 0.36282098293304443 -0.85010462999343872
vn 0.92106664180755615 0.22607956826686859 -0.31705561280250549
vn -0.38168451189994812 0.36282098293304443 -0.85010462999343872
vn 0.69769406318664551 0.35022318363189697 -0.62495338916778564
vn 0.92106664180755615 0.22607956826686859 -0.31705561280250549
vn -0.30342507362365723 0.38043516874313354 -0.87361449003219604
vn -0.22011677920818329 0.39587891101837158 -0.89153152704238892
vn -0.13220123946666718 0.40873029828071594 -0.90302956104278564
vn -0.040303803980350494 0.41855776309967041 -0.90729540586471558
vn 0.054745156317949295 0.42493575811386108 -0.90356659889221191
vn 0.15189684927463531 0.42746591567993164 -0.89117914438247681
vn 0.24988459050655365 0.42580410838127136 -0.8696255087852478
vn 0.34724500775337219 0.41969156265258789 -0.83861786127090454
vn 0.44236576557159424 0.40898731350898743 -0.79814904928207397
vn 0.53356164693832397 0.39369747042655945 -0.74854141473770142
vn 0.61917573213577271 0.37399473786354065 -0.69047039747238159
vn 0.76785743236541748 0.32288432121276855 -0.55329984426498413
vn 0.82875144481658936 0.29260513186454773 -0.47702547907829285
vn 0.82875144481658936 0.29260513186454773 -0.47702547907829285
vn 0.76785743236541748 0.32288432121276855 -0.55329984426498413
vn 0.69769406318664551 0.35022318363189697 -0.62495338916778564
vn 0.61917573213577271 0.37399473786354065 -0.69047039747238159
vn 0.53356164693832397 0.39369747042655945 -0.74854141473770142
vn 0.44236576557159424 0.40898731350898743 -0.79814904928207397
vn 0.34724500775337219 0.41969156265258789 -0.83861786127090454
vn 0.24988459050655365 0.42580410838127136 -0.8696255087852478
vn 0.15189684927463531 0.42746591567993164 -0.89117914438247681
vn 0.054745156317949295 0.42493575811386108 -0.90356659889221191
vn -0.040303803980350494 0.41855776309967041 -0.90729540586471558
vn -0.13220123946666718 0.40873029828071594 -0.90302956104278564
vn -0.22011677920818329 0.39587891101837158 -0.89153152704238892
vn -0.30342507362365723 0.38043516874313354 -0.87361449003219604
vn -0.38168451189994812 0.36282098293304443 -0.85010462999343872
vn 0.077156856656074524 -0.90401822328567505 -0.4204733669757843
vn -0.38168451189994812 0.36282098293304443 -0.85010462999343872
vn 0.077156856656074524 -0.90401822328567505 -0.4204733669757843
vn -0.38168451189994812 0.36282098293304443 -0.85010462999343872
vn 0.077156856656074524 -0.90401822328567505 -0.4204733669757843
vn -0.37489598989486694 0.29464289546012878 -0.87899863719940186
vn -0.36564618349075317 0.22207494080066681 -0.90387254953384399
vn -0.35369881987571716 0.1451290100812912 -0.92403179407119751
vn -0.33880546689033508 0.063904322683811188 -0.93868368864059448
vn -0.32071524858474731 -0.021367806941270828 -0.94693458080291748
vn -0.29919242858886719 -0.11026732623577118 -0.94780009984970093
vn -0.27404364943504333 -0.20212031900882721 -0.94023799896240234
vn -0.24515604972839355 -0.29593423008918762 -0.92321258783340454
vn -0.2125442773103714 -0.39034944772720337 -0.8957970142364502
vn -0.17640073597431183 -0.48363018035888672 -0.85731244087219238
vn -0.13713756203651428 -0.57371944189071655 -0.80748951435089111
vn -0.095405034720897675 -0.65837556123733521 -0.74661868810653687
vn -0.052071813493967056 -0.73538535833358765 -0.67564553022384644
vn -0.0081605054438114166 -0.80282014608383179 -0.59616541862487793
vn -0.0081605054438114166 -0.80282014608383179 -0.59616541862487793
vn -0.052071813493967056 -0.73538535833358765 -0.67564553022384644
vn -0.095405034720897675 -0.65837556123733521 -0.74661868810653687
vn -0.13713756203651428 -0.57371944189071655 -0.80748951435089111
vn -0.17640073597431183 -0.48363018035888672 -0.85731244087219238
vn -0.2125442773103714 -0.39034944772720337 -0.8957970142364502
vn -0.24515604972839355 -0.29593423008918762 -0.92321258783340454
vn -0.27404364943504333 -0.20212031900882721 -0.94023799896240234
vn -0.29919242858886719 -0.11026732623577118 -0.94780009984970093
vn -0.32071524858474731 -0.021367806941270828 -0.94693458080291748
vn -0.33880546689033508 0.063904322683811188 -0.93868368864059448
vn -0.35369881987571716 0.1451290100812912 -0.92403179407119751
vn -0.36564618349075317 0.22207494080066681 -0.90387254953384399
vn -0.37489598989486694 0.29464289546012878 -0.87899863719940186
vn -0.095405034720897675 -0.65837556123733521 -0.74661868810653687
vn -0.077156856656074524 0.90401822328567505 0.4204733669757843
vn -0.73962080478668213 0.43170228600502014 0.51632755994796753
vn -0.92106664180755615 -0.22607956826686859 0.31705561280250549
vn -0.077156856656074524 0.90401822328567505 0.4204733669757843
vn -0.92106664180755615 -0.22607956826686859 0.31705561280250549
vn -0.077156856656074524 0.90401822328567505 0.4204733669757843
vn -0.92106664180755615 -0.22607956826686859 0.31705561280250549
vn -0.92428690195083618 -0.153076171875 0.34965899586677551
vn -0.92137420177459717 -0.076321892440319061 0.38110965490341187
vn -0.91164910793304443 0.0038299423176795244 0.41095167398452759
vn -0.89443773031234741 0.086883977055549622 0.43867111206054688
vn -0.86910343170166016 0.17217348515987396 0.46369761228561401
vn -0.83509272336959839 0.25883260369300842 0.48541304469108582
vn -0.79199588298797607 0.34577709436416626 0.50317072868347168
vn -0.67807221412658691 0.51510900259017944 0.52429080009460449
vn -0.60782182216644287 0.59436571598052979 0.52657580375671387
vn -0.52975308895111084 0.66780924797058105 0.52286946773529053
vn -0.44516009092330933 0.73387694358825684 0.51308590173721313
vn -0.35569003224372864 0.79124981164932251 0.49740162491798401
vn -0.26322951912879944 0.83897995948791504 0.47625923156738281
vn -0.1697523295879364 0.87657457590103149 0.45033454895019531
vn -0.1697523295879364 0.87657457590103149 0.45033454895019531
vn -0.26322951912879944 0.83897995948791504 0.47625923156738281
vn -0.35569003224372864 0.79124981164932251 0.49740162491798401
vn -0.44516009092330933 0.73387694358825684 0.51308590173721313
vn -0.52975308895111084 0.66780924797058105 0.52286946773529053
vn -0.60782182216644287 0.59436571598052979 0.52657580375671387
vn -0.67807221412658691 0.51510900259017944 0.52429080009460449
vn -0.73962080478668213 0.43170228600502014 0.51632755994796753
vn -0.79199588298797607 0.34577709436416626 0.50317072868347168
vn -0.83509272336959839 0.25883260369300842 0.48541304469108582
vn -0.86910343170166016 0.17217348515987396 0.46369761228561401
vn -0.89443773031234741 0.086883977055549622 0.43867111206054688
vn -0.91164910793304443 0.0038299423176795244 0.41095167398452759
vn -0.92137420177459717 -0.076321892440319061 0.38110965490341187
vn -0.92428690195083618 -0.153076171875 0.34965899586677551
vn -0.73962080478668213 0.43170228600502014 0.51632755994796753
vn -0.077156856656074524 0.90401822328567505 0.4204733669757843
vn 0.38168451189994812 -0.36282098293304443 0.85010462999343872
vn -0.077156856656074524 0.90401822328567505 0.4204733669757843
vn 0.38168451189994812 -0.36282098293304443 0.85010462999343872
vn -0.077156856656074524 0.90401822328567505 0.4204733669757843
vn 0.38168451189994812 -0.36282098293304443 0.85010462999343872
vn 0.0081605054438114166 0.80282014608383179 0.59616541862487793
vn 0.052071813493967056 0.73538535833358765 0.67564553022384644
vn 0.095405034720897675 0.65837556123733521 0.74661868810653687
vn 0.13713756203651428 0.57371944189071655 0.80748951435089111
vn 0.17640073597431183 0.48363018035888672 0.85731244087219238
vn 0.2125442773103714 0.39034944772720337 0.8957970142364502
vn 0.24515604972839355 0.29593423008918762 0.92321258783340454
vn 0.27404364943504333 0.20212031900882721 0.94023799896240234
vn 0.29919242858886719 0.11026732623577118 0.94780009984970093
vn 0.32071524858474731 0.021367806941270828 0.94693458080291748
vn 0.33880546689033508 -0.063904322683811188 0.93868368864059448
vn 0.35369881987571716 -0.1451290100812912 0.92403179407119751
vn 0.36564618349075317 -0.22207494080066681 0.90387254953384399
vn 0.37489598989486694 -0.29464289546012878 0.87899863719940186
vn 0.37489598989486694 -0.29464289546012878 0.87899863719940186
vn 0.36564618349075317 -0.22207494080066681 0.90387254953384399
vn 0.35369881987571716 -0.1451290100812912 0.92403179407119751
vn 0.33880546689033508 -0.063904322683811188 0.93868368864059448
vn 0.32071524858474731 0.021367806941270828 0.94693458080291748
vn 0.29919242858886719 0.11026732623577118 0.94780009984970093
vn 0.27404364943504333 0.20212031900882721 0.94023799896240234
vn 0.24515604972839355 0.29593423008918762 0.92321258783340454
vn 0.2125442773103714 0.39034944772720337 0.8957970142364502
vn 0.17640073597431183 0.48363018035888672 0.85731244087219238
vn 0.13713756203651428 0.57371944189071655 0.80748951435089111
vn 0.095405034720897675 0.65837556123733521 0.74661868810653687
vn 0.052071813493967056 0.73538535833358765 0.67564553022384644
vn 0.0081605054438114166 0.80282014608383179 0.59616541862487793
vn 0.24515604972839355 0.29593423008918762 0.92321258783340454
vn -0.077156856656074524 0.90401822328567505 0.4204733669757843
vn 0.6370893120765686 0.76962143182754517 0.042427346110343933
vn 0.92106664180755615 0.22607956826686859 -0.31705561280250549
vn -0.077156856656074524 0.90401822328567505 0.4204733669757843
vn 0.92106664180755615 0.22607956826686859 -0.31705561280250549
vn -0.077156856656074524 0.90401822328567505 0.4204733669757843
vn 0.30419078469276428 0.9178081750869751 0.25513938069343567
vn 0.92106664180755615 0.22607956826686859 -0.31705561280250549
vn 0.016227066516876221 0.92222392559051514 0.38631549477577209
vn 0.11215371638536453 0.93111932277679443 0.34704232215881348
vn 0.20880000293254852 0.9298061728477478 0.30308911204338074
vn 0.39635837078094482 0.89512711763381958 0.20407728850841522
vn 0.48350265622138977 0.86223572492599487 0.15091289579868317
vn 0.56412136554718018 0.8200104832649231 0.096694722771644592
vn 0.6370893120765686 0.76962143182754517 0.042427346110343933
vn 0.70168119668960571 0.7124062180519104 -0.010992653667926788
vn 0.75754612684249878 0.64975231885910034 -0.062815599143505096
vn 0.80465006828308105 0.58300310373306274 -0.11245285719633102
vn 0.84320461750030518 0.51339536905288696 -0.15947155654430389
vn 0.87359583377838135 0.44202560186386108 -0.20357710123062134
vn 0.89632284641265869 0.36983928084373474 -0.24458999931812286
vn 0.91194891929626465 0.29763540625572205 -0.28242218494415283
vn 0.91194891929626465 0.29763540625572205 -0.28242218494415283
vn 0.89632284641265869 0.36983928084373474 -0.24458999931812286
vn 0.87359583377838135 0.44202560186386108 -0.20357710123062134
vn 0.84320461750030518 0.51339536905288696 -0.15947155654430389
vn 0.80465006828308105 0.58300310373306274 -0.11245285719633102
vn 0.75754612684249878 0.64975231885910034 -0.062815599143505096
vn 0.70168119668960571 0.7124062180519104 -0.010992653667926788
vn 0.56412136554718018 0.8200104832649231 0.096694722771644592
vn 0.48350265622138977 0.86223572492599487 0.15091289579868317
vn 0.39635837078094482 0.89512711763381958 0.20407728850841522
vn 0.30419078469276428 0.9178081750869751 0.25513938069343567
vn 0.20880000293254852 0.9298061728477478 0.30308911204338074
vn 0.11215371638536453 0.93111932277679443 0.34704232215881348
vn 0.016227066516876221 0.92222392559051514 0.38631549477577209
vn 0.30419078469276428 0.9178081750869751 0.25513938069343567
vn 0.6370893120765686 0.76962143182754517 0.042427346110343933
vn 0.38168451189994812 -0.36282098293304443 0.85010462999343872
vn -0.34724500775337219 -0.41969156265258789 0.83861786127090454
vn -0.69769406318664551 -0.35022318363189697 0.62495338916778564
vn -0.92106664180755615 -0.22607956826686859 0.31705561280250549
vn 0.38168451189994812 -0.36282098293304443 0.85010462999343872
vn -0.69769406318664551 -0.35022318363189697 0.62495338916778564
vn -0.92106664180755615 -0.22607956826686859 0.31705561280250549
vn -0.82875144481658936 -0.29260513186454773 0.47702547907829285
vn -0.76785743236541748 -0.32288432121276855 0.55329984426498413
vn -0.61917573213577271 -0.37399473786354065 0.69047039747238159
vn -0.53356164693832397 -0.39369747042655945 0.74854141473770142
vn -0.44236576557159424 -0.40898731350898743 0.79814904928207397
vn -0.24988459050655365 -0.42580410838127136 0.8696255087852478
vn -0.15189684927463531 -0.42746591567993164 0.89117914438247681
vn -0.054745156317949295 -0.42493575811386108 0.90356659889221191
vn 0.040303803980350494 -0.41855776309967041 0.90729540586471558
vn 0.13220123946666718 -0.40873029828071594 0.90302956104278564
vn 0.22011677920818329 -0.39587891101837158 0.89153152704238892
vn 0.30342507362365723 -0.38043516874313354 0.87361449003219604
vn 0.30342507362365723 -0.38043516874313354 0.87361449003219604
vn 0.22011677920818329 -0.39587891101837158 0.89153152704238892
vn 0.13220123946666718 -0.40873029828071594 0.90302956104278564
vn 0.040303803980350494 -0.41855776309967041 0.90729540586471558
vn -0.054745156317949295 -0.42493575811386108 0.90356659889221191
vn -0.15189684927463531 -0.42746591567993164 0.89117914438247681
vn -0.24988459050655365 -0.42580410838127136 0.8696255087852478
vn -0.34724500775337219 -0.41969156265258789 0.83861786127090454
vn -0.44236576557159424 -0.40898731350898743 0.79814904928207397
vn -0.53356164693832397 -0.39369747042655945 0.74854141473770142
vn -0.61917573213577271 -0.37399473786354065 0.69047039747238159
vn -0.76785743236541748 -0.32288432121276855 0.55329984426498413
vn -0.82875144481658936 -0.29260513186454773 0.47702547907829285
vn 0.38168451189994812 -0.36282098293304443 0.85010462999343872
vn 0.34342312812805176 -0.85542476177215576 0.3876970112323761
vn 0.077156856656074524 -0.90401822328567505 -0.4204733669757843
vn 0.38168451189994812 -0.36282098293304443 0.85010462999343872
vn 0.077156856656074524 -0.90401822328567505 -0.4204733669757843
vn 0.38168451189994812 -0.36282098293304443 0.85010462999343872
vn 0.077156856656074524 -0.90401822328567505 -0.4204733669757843
vn 0.38636261224746704 -0.42899298667907715 0.81651026010513306
vn 0.38896027207374573 -0.49523749947547913 0.77682024240493774
vn 0.38919731974601746 -0.56105190515518188 0.73057937622070312
vn 0.38676303625106812 -0.6258053183555603 0.67733454704284668
vn 0.38131922483444214 -0.68870651721954346 0.61666762828826904
vn 0.37251052260398865 -0.74877351522445679 0.54824638366699219
vn 0.35998421907424927 -0.8048134446144104 0.4718969464302063
vn 0.34342312812805176 -0.85542476177215576 0.3876970112323761
vn 0.32259193062782288 -0.89903831481933594 0.29608207941055298
vn 0.29739457368850708 -0.93400967121124268 0.19794540107250214
vn 0.26793378591537476 -0.9587714672088623 0.094703368842601776
vn 0.23455829918384552 -0.97203153371810913 -0.011709775775671005
vn 0.19787898659706116 -0.97298318147659302 -0.11894406378269196
vn 0.15874075889587402 -0.96147286891937256 -0.22443553805351257
vn 0.15874075889587402 -0.96147286891937256 -0.22443553805351257
vn 0.19787898659706116 -0.97298318147659302 -0.11894406378269196
vn 0.23455829918384552 -0.97203153371810913 -0.011709775775671005
vn 0.26793378591537476 -0.9587714672088623 0.094703368842601776
vn 0.29739457368850708 -0.93400967121124268 0.19794540107250214
vn 0.32259193062782288 -0.89903831481933594 0.29608207941055298
vn 0.35998421907424927 -0.8048134446144104 0.4718969464302063
vn 0.37251052260398865 -0.74877351522445679 0.54824638366699219
vn 0.38131922483444214 -0.68870651721954346 0.61666762828826904
vn 0.38676303625106812 -0.6258053183555603 0.67733454704284668
vn 0.38919731974601746 -0.56105190515518188 0.73057937622070312
vn 0.38896027207374573 -0.49523749947547913 0.77682024240493774
vn 0.38636261224746704 -0.42899298667907715 0.81651026010513306
vn 0.34342312812805176 -0.85542476177215576 0.3876970112323761
vn 0.23455829918384552 -0.97203153371810913 -0.011709775775671005
vn 0.38168451189994812 -0.36282098293304443 0.85010462999343872
vn 0.99696910381317139 0.06573881208896637 0.041605290025472641
vn 0.92106664180755615 0.22607956826686859 -0.31705561280250549
vn 0.38168451189994812 -0.36282098293304443 0.85010462999343872
vn 0.90652561187744141 -0.11194842308759689 0.40703666210174561
vn 0.92106664180755615 0.22607956826686859 -0.31705561280250549
vn 0.92106664180755615 0.22607956826686859 -0.31705561280250549
vn 0.45727691054344177 -0.34267160296440125 0.82065463066101074
vn 0.53221654891967773 -0.31927275657653809 0.78409850597381592
vn 0.60553741455078125 -0.29254800081253052 0.74009466171264648
vn 0.67614924907684326 -0.26248690485954285 0.68842053413391113
vn 0.74285084009170532 -0.2291625440120697 0.6290128231048584
vn 0.80435782670974731 -0.19274929165840149 0.56201082468032837
vn 0.85934793949127197 -0.15353846549987793 0.48779818415641785
vn 0.94470471143722534 -0.06852518767118454 0.32068252563476562
vn 0.97290188074111938 -0.023929821327328682 0.22997662425041199
vn 0.9904291033744812 0.021089348942041397 0.13640159368515015
vn 0.99696910381317139 0.06573881208896637 0.041605290025472641
vn 0.99261820316314697 0.1092316210269928 -0.052702687680721283
vn 0.9778856635093689 0.1508413553237915 -0.14486706256866455
vn 0.9778856635093689 0.1508413553237915 -0.14486706256866455
vn 0.99261820316314697 0.1092316210269928 -0.052702687680721283
vn 0.9904291033744812 0.021089348942041397 0.13640159368515015
vn 0.97290188074111938 -0.023929821327328682 0.22997662425041199
vn 0.94470471143722534 -0.06852518767118454 0.32068252563476562
vn 0.90652561187744141 -0.11194842308759689 0.40703666210174561
vn 0.85934793949127197 -0.15353846549987793 0.48779818415641785
vn 0.80435782670974731 -0.19274929165840149 0.56201082468032837
vn 0.74285084009170532 -0.2291625440120697 0.6290128231048584
vn 0.67614924907684326 -0.26248690485954285 0.68842053413391113
vn 0.60553741455078125 -0.29254800081253052 0.74009466171264648
vn 0.53221654891967773 -0.31927275657653809 0.78409850597381592
vn 0.45727691054344177 -0.34267160296440125 0.82065463066101074
vn 0.92106664180755615 0.22607956826686859 -0.31705561280250549
vn 0.93073290586471558 0.21651431918144226 -0.29471653699874878
vn 0.93383777141571045 0.21326726675033569 -0.28716564178466797
vn 0.93383777141571045 0.21326726675033569 -0.28716564178466797
vn 0.93073290586471558 0.21651431918144226 -0.29471653699874878
vn 0.93383777141571045 0.21326726675033569 -0.28716564178466797
vn 0.93383777141571045 0.21326726675033569 -0.28716564178466797
vn 0.077156856656074524 -0.90401822328567505 -0.4204733669757843
vn -0.30419078469276428 -0.9178081750869751 -0.25513938069343567
vn -0.6370893120765686 -0.76962143182754517 -0.042427346110343933
vn -0.92106664180755615 -0.22607956826686859 0.31705561280250549
vn 0.077156856656074524 -0.90401822328567505 -0.4204733669757843
vn -0.92106664180755615 -0.22607956826686859 0.31705561280250549
vn 0.077156856656074524 -0.90401822328567505 -0.4204733669757843
vn -0.92106664180755615 -0.22607956826686859 0.31705561280250549
vn -0.016227066516876221 -0.92222392559051514 -0.38631549477577209
vn -0.11215371638536453 -0.93111932277679443 -0.34704232215881348
vn -0.20880000293254852 -0.9298061728477478 -0.30308911204338074
vn -0.30419078469276428 -0.9178081750869751 -0.25513938069343567
vn -0.39635837078094482 -0.89512711763381958 -0.20407728850841522
vn -0.48350265622138977 -0.86223572492599487 -0.15091289579868317
vn -0.56412136554718018 -0.8200104832649231 -0.096694722771644592
vn -0.6370893120765686 -0.76962143182754517 -0.042427346110343933
vn -0.70168119668960571 -0.7124062180519104 0.010992653667926788
vn -0.75754612684249878 -0.64975231885910034 0.062815599143505096
vn -0.80465006828308105 -0.58300310373306274 0.11245285719633102
vn -0.84320461750030518 -0.51339536905288696 0.15947155654430389
vn -0.87359583377838135 -0.44202560186386108 0.20357710123062134
vn -0.89632284641265869 -0.36983928084373474 0.24458999931812286
vn -0.91194891929626465 -0.29763540625572205 0.28242218494415283
vn -0.91194891929626465 -0.29763540625572205 0.28242218494415283
vn -0.89632284641265869 -0.36983928084373474 0.24458999931812286
vn -0.87359583377838135 -0.44202560186386108 0.20357710123062134
vn -0.84320461750030518 -0.51339536905288696 0.15947155654430389
vn -0.80465006828308105 -0.58300310373306274 0.11245285719633102
vn -0.75754612684249878 -0.64975231885910034 0.062815599143505096
vn -0.70168119668960571 -0.7124062180519104 0.010992653667926788
vn -0.56412136554718018 -0.8200104832649231 -0.096694722771644592
vn -0.48350265622138977 -0.86223572492599487 -0.15091289579868317
vn -0.39635837078094482 -0.89512711763381958 -0.20407728850841522
vn -0.20880000293254852 -0.9298061728477478 -0.30308911204338074
vn -0.11215371638536453 -0.93111932277679443 -0.34704232215881348
vn -0.016227066516876221 -0.92222392559051514 -0.38631549477577209
vn -0.30419078469276428 -0.9178081750869751 -0.25513938069343567
vn -0.6370893120765686 -0.76962143182754517 -0.042427346110343933
vn 0.077156856656074524 -0.90401822328567505 -0.4204733669757843
vn 0.73962080478668213 -0.43170228600502014 -0.51632755994796753
vn 0.92106664180755615 0.22607956826686859 -0.31705561280250549
vn 0.077156856656074524 -0.90401822328567505 -0.4204733669757843
vn 0.92106664180755615 0.22607956826686859 -0.31705561280250549
vn 0.077156856656074524 -0.90401822328567505 -0.4204733669757843
vn 0.92106664180755615 0.22607956826686859 -0.31705561280250549
vn 0.1697523295879364 -0.87657457590103149 -0.45033454895019531
vn 0.26322951912879944 -0.83897995948791504 -0.47625923156738281
vn 0.35569003224372864 -0.79124981164932251 -0.49740162491798401
vn 0.44516009092330933 -0.73387694358825684 -0.51308590173721313
vn 0.52975308895111084 -0.66780924797058105 -0.52286946773529053
vn 0.60782182216644287 -0.59436571598052979 -0.52657580375671387
vn 0.67807221412658691 -0.51510900259017944 -0.52429080009460449
vn 0.73962080478668213 -0.43170228600502014 -0.51632755994796753
vn 0.79199588298797607 -0.34577709436416626 -0.50317072868347168
vn 0.83509272336959839 -0.25883260369300842 -0.48541304469108582
vn 0.86910343170166016 -0.17217348515987396 -0.46369761228561401
vn 0.89443773031234741 -0.086883977055549622 -0.43867111206054688
vn 0.91164910793304443 -0.0038299423176795244 -0.41095167398452759
vn 0.92137420177459717 0.076321892440319061 -0.38110965490341187
vn 0.92428690195083618 0.153076171875 -0.34965899586677551
vn 0.92428690195083618 0.153076171875 -0.34965899586677551
vn 0.92137420177459717 0.076321892440319061 -0.38110965490341187
vn 0.91164910793304443 -0.0038299423176795244 -0.41095167398452759
vn 0.89443773031234741 -0.086883977055549622 -0.43867111206054688
vn 0.86910343170166016 -0.17217348515987396 -0.46369761228561401
vn 0.83509272336959839 -0.25883260369300842 -0.48541304469108582
vn 0.79199588298797607 -0.34577709436416626 -0.50317072868347168
vn 0.67807221412658691 -0.51510900259017944 -0.52429080009460449
vn 0.60782182216644287 -0.59436571598052979 -0.52657580375671387
vn 0.52975308895111084 -0.66780924797058105 -0.52286946773529053
vn 0.44516009092330933 -0.73387694358825684 -0.51308590173721313
vn 0.35569003224372864 -0.79124981164932251 -0.49740162491798401
vn 0.26322951912879944 -0.83897995948791504 -0.47625923156738281
vn 0.1697523295879364 -0.87657457590103149 -0.45033454895019531
vn 0.73962080478668213 -0.43170228600502014 -0.51632755994796753
vn -0.38168451189994812 0.36282098293304443 -0.85010462999343872
vn 0.077156856656074524 -0.90401822328567505 -0.4204733669757843
vn -0.52314519882202148 0.17241567373275757 -0.83462083339691162
vn -0.51399940252304077 -0.0054752039723098278 -0.8577730655670166
vn -0.48558887839317322 -0.19686126708984375 -0.85173296928405762
vn -0.43287649750709534 -0.40016582608222961 -0.80776560306549072
vn -0.34905281662940979 -0.60815197229385376 -0.71296095848083496
vn -0.2302861213684082 -0.79855489730834961 -0.55612802505493164
vn -0.66739398241043091 0.15264749526977539 -0.72889232635498047
vn -0.67651200294494629 -0.028849214315414429 -0.73586630821228027
vn -0.66141164302825928 -0.22242256999015808 -0.71628403663635254
vn -0.61563318967819214 -0.42570400238037109 -0.66315299272537231
vn -0.53005415201187134 -0.63081318140029907 -0.56667214632034302
vn -0.3978540301322937 -0.81578254699707031 -0.41977497935295105
vn -0.7884293794631958 0.14824710786342621 -0.59699410200119019
vn -0.8110995888710022 -0.035317625850439072 -0.58384084701538086
vn -0.80455613136291504 -0.22950063645839691 -0.54773980379104614
vn -0.76156431436538696 -0.43105113506317139 -0.48395729064941406
vn -0.67198801040649414 -0.63173097372055054 -0.3864557147026062
vn -0.52788782119750977 -0.81081545352935791 -0.25280976295471191
vn -0.91125917434692383 -0.024949166923761368 -0.41107690334320068
vn -0.90800660848617554 -0.21842978894710541 -0.35750865936279297
vn -0.86348628997802734 -0.41706597805023193 -0.28363239765167236
vn -0.76792669296264648 -0.61257284879684448 -0.18719804286956787
vn -0.97028857469558716 -0.18973419070243835 -0.15013653039932251
vn -0.9204520583152771 -0.38487225770950317 -0.068127647042274475
vn -0.8176533579826355 -0.57520663738250732 0.024089895188808441
vn -0.92967438697814941 -0.33664017915725708 0.14959573745727539
vn -0.45727691054344177 0.34267160296440125 -0.82065463066101074
vn -0.53221654891967773 0.31927275657653809 -0.78409850597381592
vn -0.60553741455078125 0.29254800081253052 -0.74009466171264648
vn -0.67614924907684326 0.26248690485954285 -0.68842053413391113
vn -0.74285084009170532 0.2291625440120697 -0.6290128231048584
vn -0.80435782670974731 0.19274929165840149 -0.56201082468032837
vn -0.85934793949127197 0.15353846549987793 -0.48779818415641785
vn -0.90652561187744141 0.11194842308759689 -0.40703666210174561
vn -0.94472199678421021 0.068534374237060547 -0.32062965631484985
vn -0.97290188074111938 0.023929821327328682 -0.22997662425041199
vn -0.9904320240020752 -0.021084930747747421 -0.13638140261173248
vn -0.99696910381317139 -0.06573881208896637 -0.041605290025472641
vn -0.99261736869812012 -0.10922272503376007 0.052736610174179077
vn -0.97788065671920776 -0.15082757174968719 0.14491546154022217
vn -0.92106664180755615 -0.22607956826686859 0.31705561280250549
vn -0.91194438934326172 -0.29762926697731018 0.2824433445930481
vn -0.89631509780883789 -0.36982586979866028 0.24463869631290436
vn -0.87359237670898438 -0.44201663136482239 0.20361150801181793
vn -0.84320461750030518 -0.51339536905288696 0.15947155654430389
vn -0.80465066432952881 -0.58299815654754639 0.11247405409812927
vn -0.75754612684249878 -0.64975231885910034 0.062815599143505096
vn -0.70169210433959961 -0.7123945951461792 0.011051428504288197
vn -0.6370893120765686 -0.76962143182754517 -0.042427346110343933
vn -0.56412136554718018 -0.8200104832649231 -0.096694722771644592
vn -0.48350265622138977 -0.86223572492599487 -0.15091289579868317
vn -0.39635837078094482 -0.89512711763381958 -0.20407728850841522
vn -0.30419078469276428 -0.9178081750869751 -0.25513938069343567
vn -0.20880000293254852 -0.9298061728477478 -0.30308911204338074
vn -0.11215371638536453 -0.93111932277679443 -0.34704232215881348
vn -0.016227066516876221 -0.92222392559051514 -0.38631549477577209
vn -0.0081605054438114166 -0.80282014608383179 -0.59616541862487793
vn -0.052071813493967056 -0.73538535833358765 -0.67564553022384644
vn -0.095405034720897675 -0.65837556123733521 -0.74661868810653687
vn -0.13713756203651428 -0.57371944189071655 -0.80748951435089111
vn -0.17640073597431183 -0.48363018035888672 -0.85731244087219238
vn -0.2125442773103714 -0.39034944772720337 -0.8957970142364502
vn -0.24515604972839355 -0.29593423008918762 -0.92321258783340454
vn -0.27404364943504333 -0.20212031900882721 -0.94023799896240234
vn -0.29919242858886719 -0.11026732623577118 -0.94780009984970093
vn -0.32071524858474731 -0.021367806941270828 -0.94693458080291748
vn -0.33880546689033508 0.063904322683811188 -0.93868368864059448
vn -0.35369881987571716 0.1451290100812912 -0.92403179407119751
vn -0.36564618349075317 0.22207494080066681 -0.90387254953384399
vn -0.37489598989486694 0.29464289546012878 -0.87899863719940186
vn -0.077156856656074524 0.90401822328567505 0.4204733669757843
vn -0.9820905327796936 0.0056004524230957031 0.18832634389400482
vn -0.95362454652786255 0.20059990882873535 0.22441008687019348
vn -0.88430100679397583 0.39297810196876526 0.25215059518814087
vn -0.77197390794754028 0.57563620805740356 0.2696278989315033
vn -0.60491412878036499 0.74752432107925415 0.27438351511955261
vn -0.38612085580825806 0.88450264930725098 0.26185056567192078
vn -0.99875748157501221 0.048236876726150513 -0.01251658983528614
vn -0.9693070650100708 0.24582703411579132 -0.0035834021400660276
vn -0.89932811260223389 0.43723756074905396 0.0056760013103485107
vn -0.78759962320327759 0.61600470542907715 0.015001305378973484
vn -0.62284618616104126 0.78195899724960327 0.024549953639507294
vn -0.40716737508773804 0.91274523735046387 0.03332926332950592
vn -0.93910378217697144 0.2610316276550293 -0.22348734736442566
vn -0.86432486772537231 0.44747105240821838 -0.22959144413471222
vn -0.75169312953948975 0.6194947361946106 -0.22623822093009949
vn -0.59095406532287598 0.77849280834197998 -0.21147638559341431
vn -0.3838629424571991 0.90498948097229004 -0.18342114984989166
vn -0.87447077035903931 0.24911952018737793 -0.41622146964073181
vn -0.79278403520584106 0.42892894148826599 -0.43302822113037109
vn -0.67844164371490479 0.59369397163391113 -0.43271750211715698
vn -0.52229040861129761 0.74638330936431885 -0.4124617874622345
vn -0.69540625810623169 0.38814845681190491 -0.60477346181869507
vn -0.57896232604980469 0.54652631282806396 -0.60507160425186157
vn -0.42740815877914429 0.69436067342758179 -0.57895207405090332
vn -0.46027684211730957 0.48310485482215881 -0.74481868743896484
vn -0.92106664180755615 -0.22607956826686859 0.31705561280250549
vn -0.9778856635093689 -0.1508413553237915 0.14486706256866455
vn -0.99261820316314697 -0.1092316210269928 0.052702687680721283
vn -0.99696910381317139 -0.06573881208896637 -0.041605290025472641
vn -0.9904291033744812 -0.021089348942041397 -0.13640159368515015
vn -0.97290188074111938 0.023929821327328682 -0.22997662425041199
vn -0.94470471143722534 0.06852518767118454 -0.32068252563476562
vn -0.90652561187744141 0.11194842308759689 -0.40703666210174561
vn -0.85931825637817383 0.15352623164653778 -0.48785430192947388
vn -0.80435782670974731 0.19274929165840149 -0.56201082468032837
vn -0.742836594581604 0.22915543615818024 -0.62903225421905518
vn -0.67614924907684326 0.26248690485954285 -0.68842053413391113
vn -0.60552114248275757 0.29253900051116943 -0.74011152982711792
vn -0.53221315145492554 0.31927081942558289 -0.78410154581069946
vn -0.45730993151664734 0.34269100427627563 -0.82062810659408569
vn -0.38168451189994812 0.36282098293304443 -0.85010462999343872
vn -0.38636070489883423 0.42899191379547119 -0.81651169061660767
vn -0.38896027207374573 0.49523749947547913 -0.77682024240493774
vn -0.38919100165367126 0.56104838848114014 -0.73058545589447021
vn -0.38676303625106812 0.6258053183555603 -0.67733454704284668
vn -0.38130420446395874 0.6886981725692749 -0.61668628454208374
vn -0.37251052260398865 0.74877351522445679 -0.54824638366699219
vn -0.3599521815776825 0.80479526519775391 -0.47195231914520264
vn -0.34342312812805176 0.85542476177215576 -0.3876970112323761
vn -0.32259193062782288 0.89903831481933594 -0.29608207941055298
vn -0.29739457368850708 0.93400967121124268 -0.19794540107250214
vn -0.26793378591537476 0.9587714672088623 -0.094703368842601776
vn -0.23455829918384552 0.97203153371810913 0.011709775775671005
vn -0.19787898659706116 0.97298318147659302 0.11894406378269196
vn -0.15874075889587402 0.96147286891937256 0.22443553805351257
vn -0.1697523295879364 0.87657457590103149 0.45033454895019531
vn -0.26322951912879944 0.83897995948791504 0.47625923156738281
vn -0.35569003224372864 0.79124981164932251 0.49740162491798401
vn -0.44516009092330933 0.73387694358825684 0.51308590173721313
vn -0.52975308895111084 0.66780924797058105 0.52286946773529053
vn -0.60782182216644287 0.59436571598052979 0.52657580375671387
vn -0.67807221412658691 0.51510900259017944 0.52429080009460449
vn -0.73962080478668213 0.43170228600502014 0.51632755994796753
vn -0.79199588298797607 0.34577709436416626 0.50317072868347168
vn -0.83509272336959839 0.25883260369300842 0.48541304469108582
vn -0.86910343170166016 0.17217348515987396 0.46369761228561401
vn -0.89443773031234741 0.086883977055549622 0.43867111206054688
vn -0.91164910793304443 0.0038299423176795244 0.41095167398452759
vn -0.92137420177459717 -0.076321892440319061 0.38110965490341187
vn -0.92428690195083618 -0.153076171875 0.34965899586677551
vn -0.077156856656074524 0.90401822328567505 0.4204733669757843
vn 0.92106664180755615 0.22607956826686859 -0.31705561280250549
vn 0.050280846655368805 0.99237722158432007 0.11251348257064819
vn 0.26807788014411926 0.9630623459815979 -0.025399096310138702
vn 0.44800537824630737 0.88176625967025757 -0.14757850766181946
vn 0.59832710027694702 0.75870704650878906 -0.25762054324150085
vn 0.7125852108001709 0.6083519458770752 -0.34947139024734497
vn 0.79074662923812866 0.4442390501499176 -0.42115485668182373
vn -0.07996734231710434 0.99374175071716309 -0.077990688383579254
vn 0.12045217305421829 0.96559906005859375 -0.23045548796653748
vn 0.29345265030860901 0.88781344890594482 -0.35450354218482971
vn 0.4463331401348114 0.76931869983673096 -0.45709457993507385
vn 0.57161170244216919 0.6228223443031311 -0.53418391942977905
vn 0.6669270396232605 0.46065053343772888 -0.58567005395889282
vn -0.21922397613525391 0.9460904598236084 -0.23844015598297119
vn -0.03801688551902771 0.91535705327987671 -0.4008442759513855
vn 0.12625281512737274 0.84113395214080811 -0.52588397264480591
vn 0.28020986914634705 0.7301100492477417 -0.62323486804962158
vn 0.41589611768722534 0.59242695569992065 -0.68997150659561157
vn -0.189715176820755 0.82912635803222656 -0.52588748931884766
vn -0.034424584358930588 0.75759983062744141 -0.65181088447570801
vn 0.11922401189804077 0.65440303087234497 -0.74668753147125244
vn 0.26334086060523987 0.52725929021835327 -0.80786710977554321
vn -0.33125227689743042 0.71906042098999023 -0.61092066764831543
vn -0.18453526496887207 0.64890909194946289 -0.73814886808395386
vn -0.031977977603673935 0.55252110958099365 -0.8328852653503418
vn -0.32222485542297363 0.52238279581069946 -0.78948551416397095
vn -0.15874075889587402 0.96147286891937256 0.22443553805351257
vn -0.19787898659706116 0.97298318147659302 0.11894406378269196
vn -0.23455829918384552 0.97203153371810913 0.011709775775671005
vn -0.26793378591537476 0.9587714672088623 -0.094703368842601776
vn -0.29739457368850708 0.93400967121124268 -0.19794540107250214
vn -0.32259193062782288 0.89903831481933594 -0.29608207941055298
vn -0.34342312812805176 0.85542476177215576 -0.3876970112323761
vn -0.36002451181411743 0.80478125810623169 -0.47192099690437317
vn -0.37251052260398865 0.74877351522445679 -0.54824638366699219
vn -0.38133320212364197 0.68869364261627197 -0.61667335033416748
vn -0.38676303625106812 0.6258053183555603 -0.67733454704284668
vn -0.38921940326690674 0.56102937459945679 -0.73058491945266724
vn -0.38899114727973938 0.49520441889762878 -0.77682590484619141
vn -0.38637587428092957 0.42897805571556091 -0.81651180982589722
vn -0.38168451189994812 0.36282098293304443 -0.85010462999343872
vn -0.30343806743621826 0.38042014837265015 -0.87361651659011841
vn -0.22014734148979187 0.39584609866142273 -0.89153856039047241
vn -0.13222327828407288 0.40870842337608337 -0.90303623676300049
vn -0.040303803980350494 0.41855776309967041 -0.90729540586471558
vn 0.054730962961912155 0.42492401599884033 -0.90357297658920288
vn 0.15189684927463531 0.42746591567993164 -0.89117914438247681
vn 0.24984346330165863 0.42577746510505676 -0.86965036392211914
vn 0.34724500775337219 0.41969156265258789 -0.83861786127090454
vn 0.44236576557159424 0.40898731350898743 -0.79814904928207397
vn 0.53356164693832397 0.39369747042655945 -0.74854141473770142
vn 0.61917573213577271 0.37399473786354065 -0.69047039747238159
vn 0.69769406318664551 0.35022318363189697 -0.62495338916778564
vn 0.76785743236541748 0.32288432121276855 -0.55329984426498413
vn 0.82875144481658936 0.29260513186454773 -0.47702547907829285
vn 0.91194891929626465 0.29763540625572205 -0.28242218494415283
vn 0.89632284641265869 0.36983928084373474 -0.24458999931812286
vn 0.87359583377838135 0.44202560186386108 -0.20357710123062134
vn 0.84320461750030518 0.51339536905288696 -0.15947155654430389
vn 0.80465006828308105 0.58300310373306274 -0.11245285719633102
vn 0.75754612684249878 0.64975231885910034 -0.062815599143505096
vn 0.70168119668960571 0.7124062180519104 -0.010992653667926788
vn 0.6370893120765686 0.76962143182754517 0.042427346110343933
vn 0.56412136554718018 0.8200104832649231 0.096694722771644592
vn 0.48350265622138977 0.86223572492599487 0.15091289579868317
vn 0.39635837078094482 0.89512711763381958 0.20407728850841522
vn 0.30419078469276428 0.9178081750869751 0.25513938069343567
vn 0.20880000293254852 0.9298061728477478 0.30308911204338074
vn 0.11215371638536453 0.93111932277679443 0.34704232215881348
vn 0.016227066516876221 0.92222392559051514 0.38631549477577209
vn -0.38168451189994812 0.36282098293304443 -0.85010462999343872
vn 0.92106664180755615 0.22607956826686859 -0.31705561280250549
vn -0.18710385262966156 0.26215708255767822 -0.9467131495475769
vn 0.025220438838005066 0.26697057485580444 -0.96337461471557617
vn 0.24840693175792694 0.25887757539749146 -0.93342185020446777
vn 0.46803915500640869 0.23638249933719635 -0.85150611400604248
vn 0.66493088006973267 0.20002087950706482 -0.71962392330169678
vn 0.8213886022567749 0.15301434695720673 -0.54946094751358032
vn -0.19822828471660614 0.10859251022338867 -0.97412174940109253
vn 0.01603761687874794 0.093307390809059143 -0.99550819396972656
vn 0.24260112643241882 0.072327353060245514 -0.96742618083953857
vn 0.46574282646179199 0.04633655771613121 -0.88370615243911743
vn 0.66476231813430786 0.017246386036276817 -0.74685585498809814
vn 0.82132631540298462 -0.012182951904833317 -0.57032859325408936
vn -0.22519499063491821 -0.052186772227287292 -0.97291511297225952
vn -0.0092471595853567123 -0.089861929416656494 -0.99591130018234253
vn 0.22180771827697754 -0.12526309490203857 -0.96701109409332275
vn 0.45025214552879333 -0.1548445075750351 -0.87937259674072266
vn 0.65299105644226074 -0.17515471577644348 -0.73683339357376099
vn 0.81072288751602173 -0.18450167775154114 -0.55559653043746948
vn -0.051126811653375626 -0.27786010503768921 -0.95926004648208618
vn 0.18461082875728607 -0.32903224229812622 -0.92609751224517822
vn 0.41938397288322449 -0.36165940761566162 -0.83265811204910278
vn 0.62707477807998657 -0.37080767750740051 -0.68503934144973755
vn 0.12537729740142822 -0.54402238130569458 -0.8296506404876709
vn 0.36678177118301392 -0.5782921314239502 -0.72873133420944214
vn 0.044198177754878998 -0.74297374486923218 -0.66785967350006104
vn 0.29052448272705078 -0.77606493234634399 -0.55974882841110229
vn -0.37489598989486694 0.29464289546012878 -0.87899863719940186
vn -0.36564618349075317 0.22207494080066681 -0.90387254953384399
vn -0.35369881987571716 0.1451290100812912 -0.92403179407119751
vn -0.33880546689033508 0.063904322683811188 -0.93868368864059448
vn -0.32071524858474731 -0.021367806941270828 -0.94693458080291748
vn -0.29919242858886719 -0.11026732623577118 -0.94780009984970093
vn -0.27404364943504333 -0.20212031900882721 -0.94023799896240234
vn -0.24515604972839355 -0.29593423008918762 -0.92321258783340454
vn -0.2125641405582428 -0.39039996266365051 -0.89577025175094604
vn -0.17640073597431183 -0.48363018035888672 -0.85731244087219238
vn -0.13714553415775299 -0.57373678684234619 -0.80747580528259277
vn -0.095405034720897675 -0.65837556123733521 -0.74661868810653687
vn -0.05208592489361763 -0.73541069030761719 -0.67561686038970947
vn -0.0081812646239995956 -0.80285322666168213 -0.59612059593200684
vn 0.077156856656074524 -0.90401822328567505 -0.4204733669757843
vn 0.169743612408638 -0.87658733129501343 -0.45031297206878662
vn 0.26321053504943848 -0.83901232481002808 -0.47621268033981323
vn 0.35567757487297058 -0.79127460718154907 -0.49737110733985901
vn 0.44516009092330933 -0.73387694358825684 -0.51308590173721313
vn 0.52974677085876465 -0.66782647371292114 -0.52285385131835938
vn 0.60782182216644287 -0.59436571598052979 -0.52657580375671387
vn 0.67805910110473633 -0.51516073942184448 -0.52425688505172729
vn 0.73962080478668213 -0.43170228600502014 -0.51632755994796753
vn 0.79199588298797607 -0.34577709436416626 -0.50317072868347168
vn 0.83509272336959839 -0.25883260369300842 -0.48541304469108582
vn 0.86910343170166016 -0.17217348515987396 -0.46369761228561401
vn 0.89443773031234741 -0.086883977055549622 -0.43867111206054688
vn 0.91164910793304443 -0.0038299423176795244 -0.41095167398452759
vn 0.92137420177459717 0.076321892440319061 -0.38110965490341187
vn 0.92428690195083618 0.153076171875 -0.34965899586677551
vn 0.82875144481658936 0.29260513186454773 -0.47702547907829285
vn 0.76785743236541748 0.32288432121276855 -0.55329984426498413
vn 0.69769406318664551 0.35022318363189697 -0.62495338916778564
vn 0.61917573213577271 0.37399473786354065 -0.69047039747238159
vn 0.53356164693832397 0.39369747042655945 -0.74854141473770142
vn 0.44236576557159424 0.40898731350898743 -0.79814904928207397
vn 0.34724500775337219 0.41969156265258789 -0.83861786127090454
vn 0.24988459050655365 0.42580410838127136 -0.8696255087852478
vn 0.15189684927463531 0.42746591567993164 -0.89117914438247681
vn 0.054745156317949295 0.42493575811386108 -0.90356659889221191
vn -0.040303803980350494 0.41855776309967041 -0.90729540586471558
vn -0.13220123946666718 0.40873029828071594 -0.90302956104278564
vn -0.22011677920818329 0.39587891101837158 -0.89153152704238892
vn -0.30342507362365723 0.38043516874313354 -0.87361449003219604
vn 0.29068338871002197 -0.23084051907062531 0.92855578660964966
vn 0.0041145547293126583 -0.27777552604675293 0.96063721179962158
vn 0.13069401681423187 -0.12896588444709778 0.98299890756607056
vn 0.26223930716514587 0.038042794913053513 0.96425271034240723
vn -0.28387996554374695 -0.31329920887947083 0.90623164176940918
vn -0.16546639800071716 -0.16840678453445435 0.97173041105270386
vn -0.039018232375383377 -0.015046114102005959 0.99912524223327637
vn 0.10095182061195374 0.15322709083557129 0.98302096128463745
vn -0.4476999044418335 -0.2059587687253952 0.87014126777648926
vn -0.33908078074455261 -0.051687929779291153 0.93933624029159546
vn -0.21379242837429047 0.10828866064548492 0.97085857391357422
vn -0.065452516078948975 0.27904358506202698 0.95804524421691895
vn 0.098076164722442627 0.44691503047943115 0.88918387889862061
vn -0.686004638671875 -0.24899548292160034 0.68366575241088867
vn -0.6161685585975647 -0.089786872267723083 0.78247982263565063
vn -0.51955020427703857 0.076300032436847687 0.85102635622024536
vn -0.39690840244293213 0.24468307197093964 0.88464337587356567
vn -0.24040541052818298 0.4184613823890686 0.87583976984024048
vn -0.05707826092839241 0.57997924089431763 0.81262916326522827
vn -0.81989455223083496 -0.14910709857940674 0.55275672674179077
vn -0.7696184515953064 0.025088930502533913 0.63801097869873047
vn -0.68553513288497925 0.20344351232051849 0.69903671741485596
vn -0.56680166721343994 0.38010284304618835 0.73092931509017944
vn -0.40375250577926636 0.55596935749053955 0.72655487060546875
vn -0.20219713449478149 0.70951902866363525 0.67505484819412231
vn -0.077156856656074524 0.90401822328567505 0.4204733669757843
vn 0.0081605054438114166 0.80282014608383179 0.59616541862487793
vn 0.052071813493967056 0.73538535833358765 0.67564553022384644
vn 0.095405034720897675 0.65837556123733521 0.74661868810653687
vn 0.13713756203651428 0.57371944189071655 0.80748951435089111
vn 0.17640073597431183 0.48363018035888672 0.85731244087219238
vn 0.2125442773103714 0.39034944772720337 0.8957970142364502
vn 0.24515604972839355 0.29593423008918762 0.92321258783340454
vn 0.2740972638130188 0.20208169519901276 0.94023066759109497
vn 0.29919242858886719 0.11026732623577118 0.94780009984970093
vn 0.32073566317558289 0.021354330703616142 0.94692802429199219
vn 0.33880546689033508 -0.063904322683811188 0.93868368864059448
vn 0.35370627045631409 -0.14513356983661652 0.92402821779251099
vn 0.36564618349075317 -0.22207494080066681 0.90387254953384399
vn 0.37489798665046692 -0.2946440577507019 0.87899738550186157
vn 0.38168451189994812 -0.36282098293304443 0.85010462999343872
vn 0.30338987708091736 -0.38041365146636963 0.87363612651824951
vn 0.22012060880661011 -0.3958812952041626 0.89152956008911133
vn 0.13222123682498932 -0.40874284505844116 0.90302091836929321
vn 0.040303803980350494 -0.41855776309967041 0.90729540586471558
vn -0.054724425077438354 -0.42494902014732361 0.90356159210205078
vn -0.15189684927463531 -0.42746591567993164 0.89117914438247681
vn -0.24983052909374237 -0.42583954334259033 0.86962372064590454
vn -0.34724500775337219 -0.41969156265258789 0.83861786127090454
vn -0.44236576557159424 -0.40898731350898743 0.79814904928207397
vn -0.53356164693832397 -0.39369747042655945 0.74854141473770142
vn -0.61917573213577271 -0.37399473786354065 0.69047039747238159
vn -0.69769406318664551 -0.35022318363189697 0.62495338916778564
vn -0.76785743236541748 -0.32288432121276855 0.55329984426498413
vn -0.82875144481658936 -0.29260513186454773 0.47702547907829285
vn -0.92106664180755615 -0.22607956826686859 0.31705561280250549
vn -0.92428690195083618 -0.153076171875 0.34965899586677551
vn -0.92137420177459717 -0.076321892440319061 0.38110965490341187
vn -0.91164910793304443 0.0038299423176795244 0.41095167398452759
vn -0.89443773031234741 0.086883977055549622 0.43867111206054688
vn -0.86910343170166016 0.17217348515987396 0.46369761228561401
vn -0.83509272336959839 0.25883260369300842 0.48541304469108582
vn -0.79199588298797607 0.34577709436416626 0.50317072868347168
vn -0.73962080478668213 0.43170228600502014 0.51632755994796753
vn -0.67807221412658691 0.51510900259017944 0.52429080009460449
vn -0.60782182216644287 0.59436571598052979 0.52657580375671387
vn -0.52975308895111084 0.66780924797058105 0.52286946773529053
vn -0.44516009092330933 0.73387694358825684 0.51308590173721313
vn -0.35569003224372864 0.79124981164932251 0.49740162491798401
vn -0.26322951912879944 0.83897995948791504 0.47625923156738281
vn -0.1697523295879364 0.87657457590103149 0.45033454895019531
vn 0.20774628221988678 0.8928493857383728 0.3995765745639801
vn 0.11259297281503677 0.77366572618484497 0.62350958585739136
vn 0.43644016981124878 0.77345490455627441 0.45966020226478577
vn 0.34045654535293579 0.65474331378936768 0.67483371496200562
vn 0.6808350682258606 0.69096022844314575 0.24297656118869781
vn 0.62440592050552368 0.61566722393035889 0.48069855570793152
vn 0.527618408203125 0.50065648555755615 0.68626660108566284
vn 0.40349128842353821 0.36078131198883057 0.84085172414779663
vn 0.81540161371231079 0.57888966798782349 0.0026395798195153475
vn 0.81394195556640625 0.52878135442733765 0.2406008392572403
vn 0.76255875825881958 0.44506806135177612 0.46948757767677307
vn 0.66530948877334595 0.33521541953086853 0.66707867383956909
vn 0.53505206108093262 0.21155077219009399 0.81790316104888916
vn 0.38788557052612305 0.086403541266918182 0.91764873266220093
vn 0.90244358777999878 0.43047052621841431 -0.017048995941877365
vn 0.90726405382156372 0.36235788464546204 0.21346813440322876
vn 0.85865217447280884 0.27197816967964172 0.43444719910621643
vn 0.76120251417160034 0.16740578413009644 0.62653493881225586
vn 0.62751251459121704 0.058649200946092606 0.77639442682266235
vn 0.47318333387374878 -0.04564359039068222 0.87978076934814453
vn 0.95786857604980469 0.28147691488265991 -0.057083792984485626
vn 0.96623992919921875 0.19716280698776245 0.16585314273834229
vn 0.91913557052612305 0.10093742609024048 0.38079050183296204
vn 0.82156014442443848 0.00099358265288174152 0.57012104988098145
vn 0.68592095375061035 -0.094520024955272675 0.72151124477386475
vn 0.52740573883056641 -0.1797160804271698 0.83038866519927979
vn 0.92106664180755615 0.22607956826686859 -0.31705561280250549
vn 0.38168451189994812 -0.36282098293304443 0.85010462999343872
vn 0.37489598989486694 -0.29464289546012878 0.87899863719940186
vn 0.36564618349075317 -0.22207494080066681 0.90387254953384399
vn 0.35369881987571716 -0.1451290100812912 0.92403179407119751
vn 0.33880546689033508 -0.063904322683811188 0.93868368864059448
vn 0.32071524858474731 0.021367806941270828 0.94693458080291748
vn 0.29919242858886719 0.11026732623577118 0.94780009984970093
vn 0.27404364943504333 0.20212031900882721 0.94023799896240234
vn 0.24515604972839355 0.29593423008918762 0.92321258783340454
vn 0.21249379217624664 0.39038267731666565 0.89579445123672485
vn 0.17640073597431183 0.48363018035888672 0.85731244087219238
vn 0.13711681962013245 0.5737297534942627 0.80748569965362549
vn 0.095405034720897675 0.65837556123733521 0.74661868810653687
vn 0.052034679800271988 0.73539811372756958 0.67563450336456299
vn 0.0081060957163572311 0.80283474922180176 0.59614646434783936
vn -0.077156856656074524 0.90401822328567505 0.4204733669757843
vn 0.016203084960579872 0.92222869396209717 0.38630518317222595
vn 0.11209981888532639 0.93113380670547485 0.34702086448669434
vn 0.20876316726207733 0.92981886863708496 0.30307558178901672
vn 0.30419078469276428 0.9178081750869751 0.25513938069343567
vn 0.39633768796920776 0.89513766765594482 0.20407095551490784
vn 0.48350265622138977 0.86223572492599487 0.15091289579868317
vn 0.56407088041305542 0.82004660367965698 0.096682727336883545
vn 0.6370893120765686 0.76962143182754517 0.042427346110343933
vn 0.70168119668960571 0.7124062180519104 -0.010992653667926788
vn 0.75754612684249878 0.64975231885910034 -0.062815599143505096
vn 0.80465006828308105 0.58300310373306274 -0.11245285719633102
vn 0.84320461750030518 0.51339536905288696 -0.15947155654430389
vn 0.87359583377838135 0.44202560186386108 -0.20357710123062134
vn 0.89632284641265869 0.36983928084373474 -0.24458999931812286
vn 0.91194891929626465 0.29763540625572205 -0.28242218494415283
vn 0.9778856635093689 0.1508413553237915 -0.14486706256866455
vn 0.99261820316314697 0.1092316210269928 -0.052702687680721283
vn 0.99696910381317139 0.06573881208896637 0.041605290025472641
vn 0.9904291033744812 0.021089348942041397 0.13640159368515015
vn 0.97290188074111938 -0.023929821327328682 0.22997662425041199
vn 0.94470471143722534 -0.06852518767118454 0.32068252563476562
vn 0.90652561187744141 -0.11194842308759689 0.40703666210174561
vn 0.85934793949127197 -0.15353846549987793 0.48779818415641785
vn 0.80435782670974731 -0.19274929165840149 0.56201082468032837
vn 0.74285084009170532 -0.2291625440120697 0.6290128231048584
vn 0.67614924907684326 -0.26248690485954285 0.68842053413391113
vn 0.60553741455078125 -0.29254800081253052 0.74009466171264648
vn 0.53221654891967773 -0.31927275657653809 0.78409850597381592
vn 0.45727691054344177 -0.34267160296440125 0.82065463066101074
vn 0.38168451189994812 -0.36282098293304443 0.85010462999343872
vn -0.92106664180755615 -0.22607956826686859 0.31705561280250549
vn 0.20973189175128937 -0.52728134393692017 0.82339960336685181
vn 0.00034518117900006473 -0.56651347875595093 0.82405239343643188
vn -0.22099845111370087 -0.58001250028610229 0.78405684232711792
vn -0.44019263982772827 -0.56264990568161011 0.69975394010543823
vn -0.63822472095489502 -0.51292717456817627 0.57408618927001953
vn -0.79730308055877686 -0.43521577119827271 0.41820454597473145
vn 0.24392488598823547 -0.64400273561477661 0.72509390115737915
vn 0.035730082541704178 -0.69985032081604004 0.71339535713195801
vn -0.18703120946884155 -0.72341948747634888 0.66459280252456665
vn -0.40932250022888184 -0.70739275217056274 0.57623827457427979
vn -0.61079370975494385 -0.64957624673843384 0.45274907350540161
vn -0.77284210920333862 -0.55588865280151367 0.30610936880111694
vn 0.29292133450508118 -0.74133753776550293 0.60383421182632446
vn 0.086292527616024017 -0.81285005807876587 0.57604551315307617
vn -0.13894796371459961 -0.84557390213012695 0.51545923948287964
vn -0.36623218655586243 -0.82958626747131348 0.42149806022644043
vn -0.57297253608703613 -0.76239287853240967 0.30076500773429871
vn -0.73928195238113403 -0.6525455117225647 0.16627243161201477
vn 0.15152163803577423 -0.89842873811721802 0.41214922070503235
vn -0.076422333717346191 -0.93857216835021973 0.33651438355445862
vn -0.30991142988204956 -0.92098987102508545 0.23607736825942993
vn -0.52343136072158813 -0.8435434103012085 0.12022518366575241
vn 0.0058396388776600361 -0.99339777231216431 0.11457183957099915
vn -0.23445799946784973 -0.97209638357162476 0.0076207420788705349
vn 0.10330863296985626 -0.98530882596969604 -0.13599224388599396
vn -0.14248327910900116 -0.95847898721694946 -0.24701535701751709
vn 0.38636261224746704 -0.42899298667907715 0.81651026010513306
vn 0.38896027207374573 -0.49523749947547913 0.77682024240493774
vn 0.38919731974601746 -0.56105190515518188 0.73057937622070312
vn 0.38676303625106812 -0.6258053183555603 0.67733454704284668
vn 0.38131922483444214 -0.68870651721954346 0.61666762828826904
vn 0.37251052260398865 -0.74877351522445679 0.54824638366699219
vn 0.35998421907424927 -0.8048134446144104 0.4718969464302063
vn 0.34342312812805176 -0.85542476177215576 0.3876970112323761
vn 0.32261687517166138 -0.89904725551605225 0.29602769017219543
vn 0.29739457368850708 -0.93400967121124268 0.19794540107250214
vn 0.26794320344924927 -0.9587709903717041 0.094681888818740845
vn 0.23455829918384552 -0.97203153371810913 -0.011709775775671005
vn 0.19789460301399231 -0.97297549247741699 -0.11898095160722733
vn 0.15876297652721405 -0.96145689487457275 -0.22448830306529999
vn 0.077156856656074524 -0.90401822328567505 -0.4204733669757843
vn -0.016218075528740883 -0.92221444845199585 -0.38633856177330017
vn -0.1121334582567215 -0.93110179901123047 -0.347095787525177
vn -0.20878620445728302 -0.92979699373245239 -0.30312687158584595
vn -0.30419078469276428 -0.9178081750869751 -0.25513938069343567
vn -0.39635074138641357 -0.89512526988983154 -0.20410005748271942
vn -0.48350265622138977 -0.86223572492599487 -0.15091289579868317
vn -0.56410342454910278 -0.82001572847366333 -0.096755094826221466
vn -0.6370893120765686 -0.76962143182754517 -0.042427346110343933
vn -0.70168119668960571 -0.7124062180519104 0.010992653667926788
vn -0.75754612684249878 -0.64975231885910034 0.062815599143505096
vn -0.80465006828308105 -0.58300310373306274 0.11245285719633102
vn -0.84320461750030518 -0.51339536905288696 0.15947155654430389
vn -0.87359583377838135 -0.44202560186386108 0.20357710123062134
vn -0.89632284641265869 -0.36983928084373474 0.24458999931812286
vn -0.91194891929626465 -0.29763540625572205 0.28242218494415283
vn -0.82875144481658936 -0.29260513186454773 0.47702547907829285
vn -0.76785743236541748 -0.32288432121276855 0.55329984426498413
vn -0.69769406318664551 -0.35022318363189697 0.62495338916778564
vn -0.61917573213577271 -0.37399473786354065 0.69047039747238159
vn -0.53356164693832397 -0.39369747042655945 0.74854141473770142
vn -0.44236576557159424 -0.40898731350898743 0.79814904928207397
vn -0.34724500775337219 -0.41969156265258789 0.83861786127090454
vn -0.24988459050655365 -0.42580410838127136 0.8696255087852478
vn -0.15189684927463531 -0.42746591567993164 0.89117914438247681
vn -0.054745156317949295 -0.42493575811386108 0.90356659889221191
vn 0.040303803980350494 -0.41855776309967041 0.90729540586471558
vn 0.13220123946666718 -0.40873029828071594 0.90302956104278564
vn 0.22011677920818329 -0.39587891101837158 0.89153152704238892
vn 0.30342507362365723 -0.38043516874313354 0.87361449003219604
vn 0.57721716165542603 -0.33267846703529358 0.74575155973434448
vn 0.45612338185310364 -0.48821538686752319 0.74404114484786987
vn 0.69543510675430298 -0.39227384328842163 0.60207247734069824
vn 0.57658201456069946 -0.55267953872680664 0.60174620151519775
vn 0.42676743865013123 -0.69760775566101074 0.57551103830337524
vn 0.87440699338912964 -0.25422930717468262 0.4132552444934845
vn 0.79260975122451782 -0.43285232782363892 0.42942830920219421
vn 0.67572188377380371 -0.59974861145019531 0.42860418558120728
vn 0.5212094783782959 -0.74942302703857422 0.40829622745513916
vn 0.97488129138946533 -0.074571244418621063 0.2098703533411026
vn 0.93756562471389771 -0.26581647992134094 0.22430400550365448
vn 0.86237251758575439 -0.45090854167938232 0.23020662367343903
vn 0.74702697992324829 -0.62500143051147461 0.22654767334461212
vn 0.58795303106307983 -0.780692458152771 0.21173211932182312
vn 0.37668359279632568 -0.90811240673065186 0.18286982178688049
vn 0.99827146530151367 -0.057426959276199341 0.012496999464929104
vn 0.96804231405258179 -0.25075832009315491 0.0037832395173609257
vn 0.89756053686141968 -0.44085821509361267 -0.005395292304456234
vn 0.78301477432250977 -0.62182599306106567 -0.014843543991446495
vn 0.61986750364303589 -0.78433233499526978 -0.024230834096670151
vn 0.39978358149528503 -0.91600978374481201 -0.033153533935546875
vn 0.98056405782699585 -0.0129715446382761 -0.19576989114284515
vn 0.9512367844581604 -0.20375046133995056 -0.23159095644950867
vn 0.88133758306503296 -0.39484772086143494 -0.2594982385635376
vn 0.76609838008880615 -0.57989072799682617 -0.27716425061225891
vn 0.60061103105545044 -0.74840766191482544 -0.28134027123451233
vn 0.37738072872161865 -0.88657081127166748 -0.26753696799278259
vn 0.92106664180755615 0.22607956826686859 -0.31705561280250549
vn 0.077156856656074524 -0.90401822328567505 -0.4204733669757843
vn 0.15874075889587402 -0.96147286891937256 -0.22443553805351257
vn 0.19787898659706116 -0.97298318147659302 -0.11894406378269196
vn 0.23455829918384552 -0.97203153371810913 -0.011709775775671005
vn 0.26793378591537476 -0.9587714672088623 0.094703368842601776
vn 0.29739457368850708 -0.93400967121124268 0.19794540107250214
vn 0.32259193062782288 -0.89903831481933594 0.29608207941055298
vn 0.34342312812805176 -0.85542476177215576 0.3876970112323761
vn 0.35995683073997498 -0.80479788780212402 0.47194430232048035
vn 0.37251052260398865 -0.74877351522445679 0.54824638366699219
vn 0.38130748271942139 -0.68869996070861816 0.61668223142623901
vn 0.38676303625106812 -0.6258053183555603 0.67733454704284668
vn 0.38917580246925354 -0.56104004383087158 0.73059993982315063
vn 0.38892826437950134 -0.49521985650062561 0.77684754133224487
vn 0.38634806871414185 -0.4289848804473877 0.81652134656906128
vn 0.38168451189994812 -0.36282098293304443 0.85010462999343872
vn 0.45726278424263 -0.3426632285118103 0.82066595554351807
vn 0.53218567371368408 -0.31925502419471741 0.7841266393661499
vn 0.60551685094833374 -0.29253658652305603 0.74011600017547607
vn 0.67614924907684326 -0.26248690485954285 0.68842053413391113
vn 0.74283981323242188 -0.22915701568126678 0.62902790307998657
vn 0.80435782670974731 -0.19274929165840149 0.56201082468032837
vn 0.85932272672653198 -0.15352807939052582 0.48784589767456055
vn 0.90652561187744141 -0.11194842308759689 0.40703666210174561
vn 0.94470471143722534 -0.06852518767118454 0.32068252563476562
vn 0.97290188074111938 -0.023929821327328682 0.22997662425041199
vn 0.9904291033744812 0.021089348942041397 0.13640159368515015
vn 0.99696910381317139 0.06573881208896637 0.041605290025472641
vn 0.99261820316314697 0.1092316210269928 -0.052702687680721283
vn 0.9778856635093689 0.1508413553237915 -0.14486706256866455
vn 0.92428690195083618 0.153076171875 -0.34965899586677551
vn 0.92137420177459717 0.076321892440319061 -0.38110965490341187
vn 0.91164910793304443 -0.0038299423176795244 -0.41095167398452759
vn 0.89443773031234741 -0.086883977055549622 -0.43867111206054688
vn 0.86910343170166016 -0.17217348515987396 -0.46369761228561401
vn 0.83509272336959839 -0.25883260369300842 -0.48541304469108582
vn 0.79199588298797607 -0.34577709436416626 -0.50317072868347168
vn 0.73962080478668213 -0.43170228600502014 -0.51632755994796753
vn 0.67807221412658691 -0.51510900259017944 -0.52429080009460449
vn 0.60782182216644287 -0.59436571598052979 -0.52657580375671387
vn 0.52975308895111084 -0.66780924797058105 -0.52286946773529053
vn 0.44516009092330933 -0.73387694358825684 -0.51308590173721313
vn 0.35569003224372864 -0.79124981164932251 -0.49740162491798401
vn 0.26322951912879944 -0.83897995948791504 -0.47625923156738281
vn 0.1697523295879364 -0.87657457590103149 -0.45033454895019531
vn 0.92172116041183472 0.22545577585697174 -0.3155943751335144
vn 0.92172116041183472 0.22545577585697174 -0.3155943751335144
vn 0.76743859052658081 -0.21536797285079956 0.60386639833450317
vn 0.76743859052658081 -0.21536797285079956 0.60386639833450317
vn 0.8461768627166748 -0.1636626124382019 0.50714820623397827
vn 0.9105415940284729 -0.10790786147117615 0.39908638596534729
vn 0.95802021026611328 -0.049574609845876694 0.28238216042518616
vn 0.98702454566955566 0.0096941515803337097 0.16027654707431793
vn 0.99701064825057983 0.068238943815231323 0.036237634718418121
vn 0.98845124244689941 0.12452774494886398 -0.086354009807109833
vn 0.96268922090530396 0.17726500332355499 -0.20446650683879852
vn 0.98845124244689941 0.12452774494886398 -0.086354009807109833
vn 0.98702454566955566 0.0096941515803337097 0.16027654707431793
vn 0.9105415940284729 -0.10790786147117615 0.39908638596534729
vn 0.92172116041183472 0.22545577585697174 -0.3155943751335144
vn 0.76743859052658081 -0.21536797285079956 0.60386639833450317
vn 0.76743859052658081 -0.21536797285079956 0.60386639833450317
vn 0.92172116041183472 0.22545577585697174 -0.3155943751335144
vn 0.92172116041183472 0.22545577585697174 -0.3155943751335144
vn 0.83080434799194336 -0.17485225200653076 0.52838510274887085
vn 0.94004356861114502 -0.074561052024364471 0.33280432224273682
vn 0.99295061826705933 0.031614825129508972 0.11423451453447342
vn 0.98503881692886353 0.13430008292198181 -0.10799071937799454
vn 0.98503881692886353 0.13430008292198181 -0.10799071937799454
vn 0.99295061826705933 0.031614825129508972 0.11423451453447342
vn 0.94004356861114502 -0.074561052024364471 0.33280432224273682
vn 0.92172116041183472 0.22545577585697174 -0.3155943751335144
vn 0.92172116041183472 0.22545577585697174 -0.3155943751335144
vn 0.83080434799194336 -0.17485225200653076 0.52838510274887085
vn 0.83080434799194336 -0.17485225200653076 0.52838510274887085
vn 0.19741582870483398 0.42723309993743896 -0.88232582807540894
vn 0.92172116041183472 0.22545577585697174 -0.3155943751335144
vn 0.92172116041183472 0.22545577585697174 -0.3155943751335144
vn 0.92172116041183472 0.22545577585697174 -0.3155943751335144
vn 0.19741582870483398 0.42723309993743896 -0.88232582807540894
vn 0.80685138702392578 0.30435958504676819 -0.50631624460220337
vn 0.63960021734237671 0.36839485168457031 -0.67468273639678955
vn 0.43028628826141357 0.41062664985656738 -0.80389022827148438
vn 0.19741582870483398 0.42723309993743896 -0.88232582807540894
vn 0.43028628826141357 0.41062664985656738 -0.80389022827148438
vn 0.63960021734237671 0.36839485168457031 -0.67468273639678955
vn 0.80685138702392578 0.30435958504676819 -0.50631624460220337
vn 0.12643064558506012 0.42719751596450806 -0.89527511596679688
vn 0.92172116041183472 0.22545577585697174 -0.3155943751335144
vn 0.92172116041183472 0.22545577585697174 -0.3155943751335144
vn 0.92172116041183472 0.22545577585697174 -0.3155943751335144
vn 0.92172116041183472 0.22545577585697174 -0.3155943751335144
vn 0.12643064558506012 0.42719751596450806 -0.89527511596679688
vn 0.12643064558506012 0.42719751596450806 -0.89527511596679688
vn 0.86730408668518066 0.26886919140815735 -0.41891875863075256
vn 0.79721188545227051 0.30920514464378357 -0.51850301027297974
vn 0.71190273761749268 0.34521284699440002 -0.61157387495040894
vn 0.61262226104736328 0.37571251392364502 -0.69536614418029785
vn 0.50141990184783936 0.39969995617866516 -0.76734477281570435
vn 0.38106903433799744 0.4164503812789917 -0.8254426121711731
vn 0.12643064558506012 0.42719751596450806 -0.89527511596679688
vn 0.38106903433799744 0.4164503812789917 -0.8254426121711731
vn 0.61262226104736328 0.37571251392364502 -0.69536614418029785
vn 0.79721188545227051 0.30920514464378357 -0.51850301027297974
vn 0.92172116041183472 0.22545577585697174 -0.3155943751335144
vn 0.92172116041183472 0.22545577585697174 -0.3155943751335144
vn 0.7888953685760498 -0.20252701640129089 0.58019560575485229
vn 0.92072439193725586 -0.097191974520683289 0.37791576981544495
vn 0.96365958452224731 -0.040560223162174225 0.26403602957725525
vn 0.98922151327133179 0.016771730035543442 0.14546288549900055
vn 0.99698746204376221 0.073309279978275299 0.025332145392894745
vn 0.98741745948791504 0.12767359614372253 -0.093307293951511383
vn 0.96173006296157837 0.17869260907173157 -0.20771186053752899
vn 0.98741745948791504 0.12767359614372253 -0.093307293951511383
vn 0.98922151327133179 0.016771730035543442 0.14546288549900055
vn 0.92072439193725586 -0.097191974520683289 0.37791576981544495
vn 0.92172116041183472 0.22545577585697174 -0.3155943751335144
vn 0.7888953685760498 -0.20252701640129089 0.58019560575485229
vn 0.7888953685760498 -0.20252701640129089 0.58019560575485229
vn 0.7888953685760498 -0.20252701640129089 0.58019560575485229
vn 0.092308156192302704 0.42639634013175964 -0.89981406927108765
vn 0.92172116041183472 0.22545577585697174 -0.3155943751335144
vn 0.92172116041183472 0.22545577585697174 -0.3155943751335144
vn 0.92172116041183472 0.22545577585697174 -0.3155943751335144
vn 0.92172116041183472 0.22545577585697174 -0.3155943751335144
vn 0.092308156192302704 0.42639634013175964 -0.89981406927108765
vn 0.092308156192302704 0.42639634013175964 -0.89981406927108765
vn 0.092308156192302704 0.42639634013175964 -0.89981406927108765
vn 0.35715320706367493 0.41880422830581665 -0.83489197492599487
vn 0.59951102733612061 0.37903851270675659 -0.70492291450500488
vn 0.79257941246032715 0.31146827340126038 -0.5242188572883606
vn 0.86549347639083862 0.27008715271949768 -0.42186963558197021
vn 0.79257941246032715 0.31146827340126038 -0.5242188572883606
vn 0.70345896482467651 0.34821945428848267 -0.6195874810218811
vn 0.59951102733612061 0.37903851270675659 -0.70492291450500488
vn 0.48303481936454773 0.40282514691352844 -0.77743762731552124
vn 0.35715320706367493 0.41880422830581665 -0.83489197492599487
vn 0.22558481991291046 0.42662292718887329 -0.87584495544433594
vn 0.92172116041183472 0.22545577585697174 -0.3155943751335144
vn 0.25101026892662048 -0.84465587139129639 -0.47281107306480408
vn 0.96513903141021729 -0.20290505886077881 -0.16533645987510681
vn 0.82260280847549438 -0.49098145961761475 -0.28681313991546631
vn 0.57494771480560303 -0.72651314735412598 -0.37631607055664062
vn 0.93207824230194092 -0.34184354543685913 0.11988784372806549
vn 0.79319453239440918 -0.6066441535949707 -0.053153712302446365
vn 0.55381762981414795 -0.80216801166534424 -0.22318720817565918
vn 0.78902649879455566 -0.48052304983139038 0.38279861211776733
vn 0.67352479696273804 -0.72155141830444336 0.16039930284023285
vn 0.47366234660148621 -0.87664687633514404 -0.084464408457279205
vn 0.96268922090530396 0.17726500332355499 -0.20446650683879852
vn 0.98845124244689941 0.12452774494886398 -0.086354009807109833
vn 0.99701064825057983 0.068238943815231323 0.036237634718418121
vn 0.98702454566955566 0.0096941515803337097 0.16027654707431793
vn 0.95802021026611328 -0.049574609845876694 0.28238216042518616
vn 0.9105415940284729 -0.10790786147117615 0.39908638596534729
vn 0.8461768627166748 -0.1636626124382019 0.50714820623397827
vn 0.76743859052658081 -0.21536797285079956 0.60386639833450317
vn 0.40182092785835266 -0.76351523399353027 -0.50555354356765747
vn 0.54427945613861084 -0.65576022863388062 -0.52320015430450439
vn 0.67048299312591553 -0.52533537149429321 -0.52390390634536743
vn 0.77401435375213623 -0.37859559059143066 -0.5075107216835022
vn 0.85093426704406738 -0.22315672039985657 -0.47551229596138
vn 0.90007287263870239 -0.06659446656703949 -0.43062043190002441
vn 0.9226803183555603 0.084577441215515137 -0.37617504596710205
vn 0.75552487373352051 -0.35542377829551697 0.55032360553741455
vn 0.69785040616989136 -0.49255743622779846 0.51999229192733765
vn 0.69476956129074097 -0.49757835268974304 0.51933711767196655
vn 0.61963576078414917 -0.59257978200912476 0.51468503475189209
vn 0.54687446355819702 -0.65410232543945312 0.52256911993026733
vn 0.52427059412002563 -0.76201605796813965 0.38009461760520935
vn 0.48998194932937622 -0.84284216165542603 0.2225642204284668
vn 0.43538591265678406 -0.89993977546691895 0.023399360477924347
vn 0.36841440200805664 -0.91211414337158203 -0.17977382242679596
vn 0.31967037916183472 -0.89553558826446533 -0.30955922603607178
vn 0.28580811619758606 -0.87415003776550293 -0.39265179634094238
vn -0.19958467781543732 0.39918962121009827 -0.89488190412521362
vn 0.17448660731315613 0.1005852147936821 -0.97950857877731323
vn 0.17077282071113586 -0.24617856740951538 -0.95406121015548706
vn 0.1459825336933136 -0.56681478023529053 -0.81080830097198486
vn 0.49323800206184387 0.079416714608669281 -0.86626166105270386
vn 0.43285971879959106 -0.26067599654197693 -0.8629487156867981
vn 0.31795194745063782 -0.57567048072814941 -0.75333267450332642
vn 0.74245232343673706 0.01276704203337431 -0.66977721452713013
vn 0.6392180323600769 -0.31328150629997253 -0.70232111215591431
vn 0.45449528098106384 -0.60974335670471191 -0.64934360980987549
vn 0.92172116041183472 0.22545577585697174 -0.3155943751335144
vn 0.9226803183555603 0.084577441215515137 -0.37617504596710205
vn 0.90007287263870239 -0.06659446656703949 -0.43062043190002441
vn 0.85093426704406738 -0.22315672039985657 -0.47551229596138
vn 0.77401435375213623 -0.37859559059143066 -0.5075107216835022
vn 0.67048299312591553 -0.52533537149429321 -0.52390390634536743
vn 0.54427945613861084 -0.65576022863388062 -0.52320015430450439
vn 0.40182092785835266 -0.76351523399353027 -0.50555354356765747
vn 0.25101026892662048 -0.84465587139129639 -0.47281107306480408
vn 0.21563825011253357 -0.80748587846755981 -0.54905980825424194
vn 0.1799120157957077 -0.7628629207611084 -0.62102484703063965
vn 0.12511532008647919 -0.68082112073898315 -0.72168469429016113
vn 0.044075187295675278 -0.52800124883651733 -0.84809905290603638
vn -0.030696520581841469 -0.34796297550201416 -0.93700557947158813
vn -0.093194879591464996 -0.1579001247882843 -0.98304742574691772
vn -0.14395977556705475 0.040946830064058304 -0.98873603343963623
vn -0.17828299105167389 0.22337491810321808 -0.9582895040512085
vn -0.031787727028131485 0.41928565502166748 -0.90729767084121704
vn 0.14326536655426025 0.42740672826766968 -0.89263570308685303
vn 0.31726482510566711 0.42207077145576477 -0.84923452138900757
vn 0.48151761293411255 0.40307337045669556 -0.77824974060058594
vn 0.62836968898773193 0.37152090668678284 -0.68346452713012695
vn 0.75227600336074829 0.3295559287071228 -0.57050299644470215
vn 0.85024857521057129 0.27991095185279846 -0.44578829407691956
vn -0.19958467781543732 0.39918962121009827 -0.89488190412521362
vn 0.049291141331195831 0.98949724435806274 -0.13588833808898926
vn 0.09210851788520813 0.93912464380264282 -0.33099979162216187
vn 0.13091082870960236 0.84921389818191528 -0.51156431436538696
vn 0.16343474388122559 0.72702223062515259 -0.66687911748886108
vn 0.18843564391136169 0.58270394802093506 -0.79053658246994019
vn 0.14690679311752319 0.98243272304534912 0.11508393287658691
vn 0.25700569152832031 0.96490210294723511 -0.053962819278240204
vn 0.35843747854232788 0.90625870227813721 -0.22409316897392273
vn 0.44388470053672791 0.80997151136398315 -0.38329166173934937
vn 0.50900143384933472 0.68413275480270386 -0.52237915992736816
vn 0.55242270231246948 0.53898555040359497 -0.63586455583572388
vn 0.24889105558395386 0.9454386830329895 0.21023540198802948
vn 0.40626543760299683 0.90968543291091919 0.086144126951694489
vn 0.54894191026687622 0.83472156524658203 -0.043619409203529358
vn 0.66675925254821777 0.72564613819122314 -0.16991099715232849
vn 0.75421684980392456 0.5914233922958374 -0.28526359796524048
vn 0.81015503406524658 0.44232720136642456 -0.38470178842544556
vn 0.30124861001968384 0.89622712135314941 0.32561671733856201
vn 0.48313021659851074 0.83742421865463257 0.25555014610290527
vn 0.64743977785110474 0.74210560321807861 0.1734963059425354
vn 0.7824743390083313 0.61682701110839844 0.085195787250995636
vn 0.88198614120483398 0.47126197814941406 -0.0035425946116447449
vn 0.94477558135986328 0.31572532653808594 -0.08784407377243042
vn 0.30179354548454285 0.8360368013381958 0.45821735262870789
vn 0.48477718234062195 0.74959957599639893 0.45065686106681824
vn 0.65091109275817871 0.62977635860443115 0.42390620708465576
vn 0.78816908597946167 0.48449590802192688 0.37954345345497131
vn 0.88975852727890015 0.32417106628417969 0.32131433486938477
vn 0.95399171113967896 0.15935397148132324 0.25398048758506775
vn 0.39967802166938782 0.66047751903533936 0.63563114404678345
vn 0.54337382316589355 0.5153469443321228 0.6626933217048645
vn 0.66368186473846436 0.34887474775314331 0.66167426109313965
vn 0.75404489040374756 0.17236396670341492 0.6338036060333252
vn 0.81224089860916138 -0.0031087438110262156 0.58331388235092163
vn 0.76743859052658081 -0.21536797285079956 0.60386639833450317
vn 0.9105415940284729 -0.10790786147117615 0.39908638596534729
vn 0.98702454566955566 0.0096941515803337097 0.16027654707431793
vn 0.98845124244689941 0.12452774494886398 -0.086354009807109833
vn 0.92172116041183472 0.22545577585697174 -0.3155943751335144
vn -0.20719020068645477 0.56191819906234741 -0.80082470178604126
vn -0.20068871974945068 0.7056044340133667 -0.6795927882194519
vn -0.17789700627326965 0.83452975749969482 -0.52145254611968994
vn -0.13967521488666534 0.92884057760238647 -0.34314131736755371
vn -0.085116021335124969 0.98591428995132446 -0.14397299289703369
vn -0.018173445016145706 0.99808120727539062 0.059191875159740448
vn 0.031037241220474243 0.98125028610229492 0.19022233784198761
vn 0.064799919724464417 0.95984280109405518 0.27295193076133728
vn 0.099463425576686859 0.93039202690124512 0.3528139591217041
vn 0.13501036167144775 0.89301949739456177 0.42928817868232727
vn 0.17085963487625122 0.84814357757568359 0.5014573335647583
vn 0.22513709962368011 0.76679182052612305 0.60111862421035767
vn 0.30618160963058472 0.61395680904388428 0.72753685712814331
vn 0.38096272945404053 0.43393748998641968 0.81643474102020264
vn 0.43642759323120117 0.26767918467521667 0.85899871587753296
vn 0.48302114009857178 0.094043523073196411 0.8705437183380127
vn 0.85024857521057129 0.27991095185279846 -0.44578829407691956
vn 0.75227600336074829 0.3295559287071228 -0.57050299644470215
vn 0.62836968898773193 0.37152090668678284 -0.68346452713012695
vn 0.48151761293411255 0.40307337045669556 -0.77824974060058594
vn 0.31726482510566711 0.42207077145576477 -0.84923452138900757
vn 0.14326536655426025 0.42740672826766968 -0.89263570308685303
vn -0.031787727028131485 0.41928565502166748 -0.90729767084121704
vn 0.56298708915710449 0.071151703596115112 0.82339721918106079
vn 0.65078109502792358 0.017818180844187737 0.75905632972717285
vn 0.65456819534301758 0.014564101584255695 0.75586265325546265
vn 0.73265451192855835 -0.0874599888920784 0.67495787143707275
vn 0.19001740217208862 0.10078119486570358 -0.97659432888031006
vn 0.18349623680114746 -0.24589605629444122 -0.95176899433135986
vn 0.15429353713989258 -0.566611647605896 -0.80941009521484375
vn 0.5020376443862915 0.078039176762104034 -0.86131763458251953
vn 0.44013229012489319 -0.2617228627204895 -0.85894393920898438
vn 0.32274964451789856 -0.57634550333023071 -0.75077193975448608
vn 0.74552422761917114 0.011527253314852715 -0.66637879610061646
vn 0.64177495241165161 -0.314281165599823 -0.69953715801239014
vn 0.4561920166015625 -0.61040389537811279 -0.64753061532974243
vn 0.92172116041183472 0.22545577585697174 -0.3155943751335144
vn 0.9226803183555603 0.084577441215515137 -0.37617504596710205
vn 0.90007287263870239 -0.06659446656703949 -0.43062043190002441
vn 0.85093426704406738 -0.22315672039985657 -0.47551229596138
vn 0.77401435375213623 -0.37859559059143066 -0.5075107216835022
vn 0.67048299312591553 -0.52533537149429321 -0.52390390634536743
vn 0.54427945613861084 -0.65576022863388062 -0.52320015430450439
vn 0.40182092785835266 -0.76351523399353027 -0.50555354356765747
vn 0.25101026892662048 -0.84465587139129639 -0.47281107306480408
vn 0.12643064558506012 0.42719751596450806 -0.89527511596679688
vn 0.38106903433799744 0.4164503812789917 -0.8254426121711731
vn 0.50141990184783936 0.39969995617866516 -0.76734477281570435
vn 0.61262226104736328 0.37571251392364502 -0.69536614418029785
vn 0.71190273761749268 0.34521284699440002 -0.61157387495040894
vn 0.79721188545227051 0.30920514464378357 -0.51850301027297974
vn 0.86730408668518066 0.26886919140815735 -0.41891875863075256
vn 0.2156166285276413 -0.80750375986099243 -0.54904204607009888
vn 0.17990449070930481 -0.76287370920181274 -0.62101370096206665
vn 0.12511467933654785 -0.68082237243652344 -0.72168362140655518
vn 0.044093266129493713 -0.52798157930374146 -0.8481103777885437
vn -0.03066674992442131 -0.34794610738754272 -0.93701285123825073
vn -0.081050433218479156 -0.19868496060371399 -0.97670626640319824
vn -0.12423355132341385 -0.043041221797466278 -0.99131906032562256
vn -0.006878360640257597 0.05809161439538002 -0.99828755855560303
vn 0.021554252132773399 0.092641845345497131 -0.99546617269515991
vn 0.024705927819013596 0.096831202507019043 -0.99499416351318359
vn 0.10731374472379684 0.25799721479415894 -0.9601672887802124
vn 0.92172116041183472 0.22545577585697174 -0.3155943751335144
vn 0.25101026892662048 -0.84465587139129639 -0.47281107306480408
vn 0.96539473533630371 -0.20468918979167938 -0.16160258650779724
vn 0.82278227806091309 -0.49246346950531006 -0.28374117612838745
vn 0.57504618167877197 -0.72747963666915894 -0.37429302930831909
vn 0.92950862646102905 -0.34592637419700623 0.12786193192005157
vn 0.79100102186203003 -0.61003369092941284 -0.046650778502225876
vn 0.5523192286491394 -0.80436825752258301 -0.21894104778766632
vn 0.78048819303512573 -0.4861985445022583 0.39300024509429932
vn 0.6664460301399231 -0.72622811794281006 0.16864863038063049
vn 0.46897748112678528 -0.87965840101242065 -0.079127825796604156
vn 0.97005742788314819 0.16548039019107819 -0.17777751386165619
vn 0.99477803707122803 0.09806235134601593 -0.028292411938309669
vn 0.99146318435668945 0.025110397487878799 0.12794609367847443
vn 0.95734298229217529 -0.050611425191164017 0.2844870388507843
vn 0.89212387800216675 -0.12569683790206909 0.43395307660102844
vn 0.79846364259719849 -0.19653177261352539 0.56906157732009888
vn 0.68179935216903687 -0.25986781716346741 0.6838262677192688
vn 0.40182092785835266 -0.76351523399353027 -0.50555354356765747
vn 0.54427945613861084 -0.65576022863388062 -0.52320015430450439
vn 0.67048299312591553 -0.52533537149429321 -0.52390390634536743
vn 0.77401435375213623 -0.37859559059143066 -0.5075107216835022
vn 0.85093426704406738 -0.22315672039985657 -0.47551229596138
vn 0.90007287263870239 -0.06659446656703949 -0.43062043190002441
vn 0.9226803183555603 0.084577441215515137 -0.37617504596710205
vn 0.5573122501373291 -0.50225943326950073 0.66116452217102051
vn 0.55095446109771729 -0.61963117122650146 0.55902272462844849
vn 0.52816814184188843 -0.74855440855026245 0.40087994933128357
vn 0.48994311690330505 -0.84286278486251831 0.22257150709629059
vn 0.43533998727798462 -0.89996224641799927 0.023389719426631927
vn 0.36844170093536377 -0.91210615634918213 -0.17975844442844391
vn 0.31968170404434204 -0.89553320407867432 -0.30955427885055542
vn 0.28582745790481567 -0.87414509057998657 -0.39264872670173645
vn 0.54946219921112061 -0.31335195899009705 0.77453333139419556
vn 0.55579644441604614 -0.41067543625831604 0.72279733419418335
vn 0.061098396778106689 0.98916816711425781 -0.13346678018569946
vn 0.10729390382766724 0.93863570690155029 -0.3277972936630249
vn 0.14880973100662231 0.84860777854919434 -0.50766181945800781
vn 0.18324612081050873 0.72637557983398438 -0.66241937875747681
vn 0.20933526754379272 0.58209788799285889 -0.78571039438247681
vn 0.15339177846908569 0.98094242811203003 0.11925991624593735
vn 0.26650932431221008 0.96264654397964478 -0.047795854508876801
vn 0.37058407068252563 0.90330690145492554 -0.21611133217811584
vn 0.45811313390731812 0.80647677183151245 -0.37380149960517883
vn 0.52467089891433716 0.68029707670211792 -0.51177763938903809
vn 0.56890088319778442 0.5350145697593689 -0.62458884716033936
vn 0.25273025035858154 0.94318246841430664 0.21571812033653259
vn 0.41188704967498779 0.9063531756401062 0.094196297228336334
vn 0.55611944198608398 0.83043551445007324 -0.03328767791390419
vn 0.67515915632247925 0.72060734033584595 -0.15775036811828613
vn 0.76346158981323242 0.5858725905418396 -0.27180823683738708
vn 0.81987440586090088 0.43650561571121216 -0.37049806118011475
vn 0.30262818932533264 0.89341002702713013 0.33201614022254944
vn 0.48518234491348267 0.83330690860748291 0.26494839787483215
vn 0.65010935068130493 0.73684036731719971 0.18553745746612549
vn 0.78565621376037598 0.61063700914382935 0.099331744015216827
vn 0.88554078340530396 0.46440541744232178 0.012049106881022453
vn 0.94854909181594849 0.30846628546714783 -0.071436740458011627
vn 0.30025294423103333 0.83292073011398315 0.46485608816146851
vn 0.48257440328598022 0.74505484104156494 0.4604511559009552
vn 0.64818084239959717 0.62395507097244263 0.43651077151298523
vn 0.78507101535797119 0.47761675715446472 0.39439284801483154
vn 0.88643848896026611 0.31649330258369446 0.33772590756416321
vn 0.95056372880935669 0.15115682780742645 0.27125674486160278
vn 0.3932405412197113 0.65625351667404175 0.64396673440933228
vn 0.53516745567321777 0.50990575551986694 0.67349231243133545
vn 0.6540951132774353 0.34240478277206421 0.6744765043258667
vn 0.74351245164871216 0.16510204970836639 0.64802050590515137
vn 0.80118352174758911 -0.010894508101046085 0.59831953048706055
vn 0.54946219921112061 -0.31335195899009705 0.77453333139419556
vn 0.68179935216903687 -0.25986781716346741 0.6838262677192688
vn 0.79846364259719849 -0.19653177261352539 0.56906157732009888
vn 0.89212387800216675 -0.12569683790206909 0.43395307660102844
vn 0.95734298229217529 -0.050611425191164017 0.2844870388507843
vn 0.99146318435668945 0.025110397487878799 0.12794609367847443
vn 0.99477803707122803 0.09806235134601593 -0.028292411938309669
vn 0.97005742788314819 0.16548039019107819 -0.17777751386165619
vn 0.92172116041183472 0.22545577585697174 -0.3155943751335144
vn 0.12643064558506012 0.42719751596450806 -0.89527511596679688
vn 0.079726986587047577 0.58122092485427856 -0.80983072519302368
vn -0.026640046387910843 0.69843292236328125 -0.71517950296401978
vn -0.030369250103831291 0.70101022720336914 -0.71250426769256592
vn -0.06346624344587326 0.7211107611656189 -0.68990671634674072
vn -0.19308029115200043 0.7636103630065918 -0.61613249778747559
vn 0.79721188545227051 0.30920514464378357 -0.51850301027297974
vn 0.61262226104736328 0.37571251392364502 -0.69536614418029785
vn 0.38106903433799744 0.4164503812789917 -0.8254426121711731
vn -0.17113040387630463 0.85728174448013306 -0.48557427525520325
vn -0.13966922461986542 0.92884039878845215 -0.34314429759979248
vn -0.085114225745201111 0.98591417074203491 -0.14397488534450531
vn -0.01817038469016552 0.99808162450790405 0.059185147285461426
vn 0.031054276973009109 0.98125576972961426 0.19019146263599396
vn 0.064788810908794403 0.95984023809432983 0.27296352386474609
vn 0.099457219243049622 0.93039172887802124 0.35281658172607422
vn 0.13496461510658264 0.89302587509155273 0.42928937077522278
vn 0.17086909711360931 0.8481406569480896 0.50145906209945679
vn 0.22513167560100555 0.76679420471191406 0.60111755132675171
vn 0.30616864562034607 0.61396080255508423 0.72753894329071045
vn 0.38096719980239868 0.43393725156784058 0.81643277406692505
vn 0.44346520304679871 0.24387544393539429 0.86247515678405762
vn 0.49419653415679932 0.045020401477813721 0.86818373203277588
vn 0.52350980043411255 -0.10620895028114319 0.84537398815155029
vn 0.53878730535507202 -0.21138541400432587 0.81549030542373657
vn 0.92172116041183472 0.22545577585697174 -0.3155943751335144
vn 0.92172116041183472 0.22545577585697174 -0.3155943751335144
vn 0.54946219921112061 -0.31335195899009705 0.77453333139419556
vn 0.54946219921112061 -0.31335195899009705 0.77453333139419556
vn 0.68179935216903687 -0.25986781716346741 0.6838262677192688
vn 0.79846364259719849 -0.19653177261352539 0.56906157732009888
vn 0.89212387800216675 -0.12569683790206909 0.43395307660102844
vn 0.95734298229217529 -0.050611425191164017 0.2844870388507843
vn 0.99146318435668945 0.025110397487878799 0.12794609367847443
vn 0.99477803707122803 0.09806235134601593 -0.028292411938309669
vn 0.97005742788314819 0.16548039019107819 -0.17777751386165619
vn 0.97005742788314819 0.16548039019107819 -0.17777751386165619
vn 0.99477803707122803 0.09806235134601593 -0.028292411938309669
vn 0.99146318435668945 0.025110397487878799 0.12794609367847443
vn 0.95734298229217529 -0.050611425191164017 0.2844870388507843
vn 0.89212387800216675 -0.12569683790206909 0.43395307660102844
vn 0.79846364259719849 -0.19653177261352539 0.56906157732009888
vn 0.68179935216903687 -0.25986781716346741 0.6838262677192688
vn 0.92172116041183472 0.22545577585697174 -0.3155943751335144
vn 0.92172116041183472 0.22545577585697174 -0.3155943751335144
vn 0.54946219921112061 -0.31335195899009705 0.77453333139419556
vn 0.54946219921112061 -0.31335195899009705 0.77453333139419556
vn 0.92172116041183472 0.22545577585697174 -0.3155943751335144
vn 0.25101026892662048 -0.84465587139129639 -0.47281107306480408
vn 0.96508902311325073 -0.20256949961185455 -0.16603836417198181
vn 0.82256758213043213 -0.49070277810096741 -0.28739067912101746
vn 0.57492822408676147 -0.72633141279220581 -0.37669643759727478
vn 0.93255054950714111 -0.34107694029808044 0.11838936805725098
vn 0.79359811544418335 -0.60600769519805908 -0.054375935345888138
vn 0.55409353971481323 -0.80175489187240601 -0.22398543357849121
vn 0.79060840606689453 -0.47945314645767212 0.38087144494056702
vn 0.67483693361282349 -0.72066962718963623 0.15884073078632355
vn 0.47453126311302185 -0.8760790228843689 -0.085472874343395233
vn 0.96173006296157837 0.17869260907173157 -0.20771186053752899
vn 0.98741745948791504 0.12767359614372253 -0.093307293951511383
vn 0.99698746204376221 0.073309279978275299 0.025332145392894745
vn 0.98922151327133179 0.016771730035543442 0.14546288549900055
vn 0.96365958452224731 -0.040560223162174225 0.26403602957725525
vn 0.92072439193725586 -0.097191974520683289 0.37791576981544495
vn 0.7888953685760498 -0.20252701640129089 0.58019560575485229
vn 0.40182092785835266 -0.76351523399353027 -0.50555354356765747
vn 0.54427945613861084 -0.65576022863388062 -0.52320015430450439
vn 0.67048299312591553 -0.52533537149429321 -0.52390390634536743
vn 0.77401435375213623 -0.37859559059143066 -0.5075107216835022
vn 0.85093426704406738 -0.22315672039985657 -0.47551229596138
vn 0.90007287263870239 -0.06659446656703949 -0.43062043190002441
vn 0.9226803183555603 0.084577441215515137 -0.37617504596710205
vn 0.54335302114486694 -0.67763447761535645 0.49555927515029907
vn 0.52136319875717163 -0.77132606506347656 0.36501574516296387
vn 0.48996764421463013 -0.8428497314453125 0.22256691753864288
vn 0.43538859486579895 -0.89993846416473389 0.023399926722049713
vn 0.36842775344848633 -0.91211020946502686 -0.17976629734039307
vn 0.31967979669570923 -0.89553362131118774 -0.30955511331558228
vn 0.28580865263938904 -0.87414991855621338 -0.39265173673629761
vn 0.77059704065322876 -0.37250542640686035 0.51712656021118164
vn 0.69002139568328857 -0.53560322523117065 0.48682615160942078
vn 0.68693399429321289 -0.53985369205474854 0.48649734258651733
vn 0.65904736518859863 -0.57492285966873169 0.48489198088645935
vn 0.19613398611545563 0.1008293628692627 -0.9753793478012085
vn 0.18850855529308319 -0.24580784142017365 -0.95081174373626709
vn 0.15756861865520477 -0.5665467381477356 -0.80882441997528076
vn 0.50549101829528809 0.077485151588916779 -0.85934561491012573
vn 0.44298708438873291 -0.2621447741985321 -0.85734623670578003
vn 0.32463333010673523 -0.57661795616149902 -0.74974989891052246
vn 0.74673020839691162 0.011037510819733143 -0.6650354266166687
vn 0.64277905225753784 -0.3146761953830719 -0.69843679666519165
vn 0.45685833692550659 -0.61066520214080811 -0.64681410789489746
vn 0.92172116041183472 0.22545577585697174 -0.3155943751335144
vn 0.9226803183555603 0.084577441215515137 -0.37617504596710205
vn 0.90007287263870239 -0.06659446656703949 -0.43062043190002441
vn 0.85093426704406738 -0.22315672039985657 -0.47551229596138
vn 0.77401435375213623 -0.37859559059143066 -0.5075107216835022
vn 0.67048299312591553 -0.52533537149429321 -0.52390390634536743
vn 0.54427945613861084 -0.65576022863388062 -0.52320015430450439
vn 0.40182092785835266 -0.76351523399353027 -0.50555354356765747
vn 0.25101026892662048 -0.84465587139129639 -0.47281107306480408
vn -0.10532332211732864 -0.11508583277463913 -0.98775619268417358
vn 0.028958693146705627 -0.0082468381151556969 -0.9995465874671936
vn 0.032049104571342468 -0.0050296476110816002 -0.99947363138198853
vn 0.090266019105911255 0.065261267125606537 -0.99377715587615967
vn 0.1776457279920578 0.24240586161613464 -0.95377218723297119
vn 0.19741582870483398 0.42723309993743896 -0.88232582807540894
vn 0.43028628826141357 0.41062664985656738 -0.80389022827148438
vn 0.63960021734237671 0.36839485168457031 -0.67468273639678955
vn 0.80685138702392578 0.30435958504676819 -0.50631624460220337
vn 0.21561254560947418 -0.80750715732574463 -0.54903864860534668
vn 0.17991259694099426 -0.76286208629608154 -0.6210256814956665
vn 0.1251145601272583 -0.68082261085510254 -0.72168338298797607
vn 0.044102571904659271 -0.52797150611877441 -0.84811615943908691
vn -0.030704818665981293 -0.34796768426895142 -0.93700355291366577
vn 0.063390098512172699 0.98908013105392456 -0.13304963707923889
vn 0.11023169755935669 0.93850064277648926 -0.32720863819122314
vn 0.1522638201713562 0.84844386577606201 -0.50691097974777222
vn 0.18706302344799042 0.72620612382888794 -0.66153764724731445
vn 0.1533321887254715 0.980965256690979 0.11914876103401184
vn 0.26641318202018738 0.9626653790473938 -0.047952279448509216
vn 0.37043938040733337 0.90332490205764771 -0.21628409624099731
vn 0.45792549848556519 0.80650097131729126 -0.37397915124893188
vn 0.5244523286819458 0.68033170700073242 -0.5119556188583374
vn 0.56866419315338135 0.53506141901016235 -0.62476426362991333
vn 0.25191584229469299 0.94369345903396606 0.21443183720111847
vn 0.41068190336227417 0.90709382295608521 0.092310220003128052
vn 0.55455005168914795 0.83138477802276611 -0.035687901079654694
vn 0.6732972264289856 0.72172898054122925 -0.16055567562580109
vn 0.76139611005783081 0.58711820840835571 -0.2748967707157135
vn 0.81769376993179321 0.43782427906990051 -0.37374699115753174
vn 0.3020797073841095 0.89466536045074463 0.32912266254425049
vn 0.48435083031654358 0.83512961864471436 0.26069679856300354
vn 0.64899051189422607 0.73917233943939209 0.18009874224662781
vn 0.78429216146469116 0.61338794231414795 0.092957437038421631
vn 0.88399726152420044 0.46746504306793213 0.0050279549323022366
vn 0.94689971208572388 0.31171914935112 -0.078816913068294525
vn 0.30138823390007019 0.83505904674530029 0.46026241779327393
vn 0.48418739438056946 0.74816387891769409 0.4536665678024292
vn 0.65014958381652832 0.62794393301010132 0.42777559161186218
vn 0.78727978467941284 0.48234418034553528 0.38410240411758423
vn 0.88878923654556274 0.32178479433059692 0.32635599374771118
vn 0.95298188924789429 0.15682128071784973 0.25929257273674011
vn 0.39936596155166626 0.66018599271774292 0.63612991571426392
vn 0.54294824600219727 0.51498305797576904 0.66332471370697021
vn 0.66316133737564087 0.34845981001853943 0.66241437196731567
vn 0.75345772504806519 0.17191591858863831 0.63462305068969727
vn 0.81161582469940186 -0.0035729333758354187 0.58418059349060059
vn 0.7888953685760498 -0.20252701640129089 0.58019560575485229
vn 0.92072439193725586 -0.097191974520683289 0.37791576981544495
vn 0.98922151327133179 0.016771730035543442 0.14546288549900055
vn 0.98741745948791504 0.12767359614372253 -0.093307293951511383
vn 0.92172116041183472 0.22545577585697174 -0.3155943751335144
vn 0.80685138702392578 0.30435958504676819 -0.50631624460220337
vn 0.63960021734237671 0.36839485168457031 -0.67468273639678955
vn 0.43028628826141357 0.41062664985656738 -0.80389022827148438
vn 0.19741582870483398 0.42723309993743896 -0.88232582807540894
vn 0.47450628876686096 0.12901709973812103 0.87074589729309082
vn 0.60245949029922485 0.088096067309379578 0.79327273368835449
vn 0.63501054048538208 0.068514533340930939 0.76945912837982178
vn 0.63867545127868652 0.06599833071231842 0.76664066314697266
vn 0.74301028251647949 -0.049281671643257141 0.66746312379837036
vn -0.18421442806720734 0.80925190448760986 -0.55783188343048096
vn -0.13968952000141144 0.92884111404418945 -0.34313419461250305
vn -0.085093192756175995 0.9859127402305603 -0.14399711787700653
vn -0.018176283687353134 0.9980807900428772 0.059198100119829178
vn 0.031043946743011475 0.98125243186950684 0.19021019339561462
vn 0.064799889922142029 0.95984280109405518 0.27295196056365967
vn 0.099493317306041718 0.93039363622665405 0.35280126333236694
vn 0.13500544428825378 0.89302021265029907 0.42928832769393921
vn 0.17086338996887207 0.84814244508743286 0.50145798921585083
vn 0.22514304518699646 0.76678913831710815 0.6011197566986084
vn 0.3061768114566803 0.61395829916000366 0.72753763198852539
vn 0.38099461793899536 0.43393582105636597 0.81642073392868042
vn 0.43124690651893616 0.28464072942733765 0.85615754127502441
vn 0.14746148884296417 0.59606337547302246 -0.78928041458129883
vn 0.03381434828042984 0.7266845703125 -0.6861385703086853
vn -0.033884789794683456 0.76749324798583984 -0.64016085863113403
vn -0.037391941994428635 0.76915889978408813 -0.6379626989364624
vn 0.21335785090923309 0.58194506168365479 -0.78474092483520508
vn -0.19958467781543732 0.39918962121009827 -0.89488190412521362
vn 0.92172116041183472 0.22545577585697174 -0.3155943751335144
vn 0.92172116041183472 0.22545577585697174 -0.3155943751335144
vn 0.92172116041183472 0.22545577585697174 -0.3155943751335144
vn -0.19958467781543732 0.39918962121009827 -0.89488190412521362
vn -0.19958467781543732 0.39918962121009827 -0.89488190412521362
vn -0.031787727028131485 0.41928565502166748 -0.90729767084121704
vn 0.14326536655426025 0.42740672826766968 -0.89263570308685303
vn 0.31726482510566711 0.42207077145576477 -0.84923452138900757
vn 0.48151761293411255 0.40307337045669556 -0.77824974060058594
vn 0.62836968898773193 0.37152090668678284 -0.68346452713012695
vn 0.75227600336074829 0.3295559287071228 -0.57050299644470215
vn 0.85024857521057129 0.27991095185279846 -0.44578829407691956
vn 0.85024857521057129 0.27991095185279846 -0.44578829407691956
vn 0.75227600336074829 0.3295559287071228 -0.57050299644470215
vn 0.62836968898773193 0.37152090668678284 -0.68346452713012695
vn 0.48151761293411255 0.40307337045669556 -0.77824974060058594
vn 0.31726482510566711 0.42207077145576477 -0.84923452138900757
vn 0.14326536655426025 0.42740672826766968 -0.89263570308685303
vn -0.031787727028131485 0.41928565502166748 -0.90729767084121704
vn 0.18751275539398193 0.10075672715902328 -0.97708088159561157
vn 0.18144398927688599 -0.24593594670295715 -0.9521520733833313
vn 0.15295276045799255 -0.56664067506790161 -0.80964422225952148
vn 0.50062155723571777 0.078264154493808746 -0.8621211051940918
vn 0.43896177411079407 -0.26155167818069458 -0.85959482192993164
vn 0.32197734713554382 -0.57623499631881714 -0.75118827819824219
vn 0.74502980709075928 0.011727547273039818 -0.66692805290222168
vn 0.64136332273483276 -0.3141196072101593 -0.69998711347579956
vn 0.45591884851455688 -0.61029708385467529 -0.64782363176345825
vn 0.92172116041183472 0.22545577585697174 -0.3155943751335144
vn 0.9226803183555603 0.084577441215515137 -0.37617504596710205
vn 0.90007287263870239 -0.06659446656703949 -0.43062043190002441
vn 0.85093426704406738 -0.22315672039985657 -0.47551229596138
vn 0.77401435375213623 -0.37859559059143066 -0.5075107216835022
vn 0.67048299312591553 -0.52533537149429321 -0.52390390634536743
vn 0.54427945613861084 -0.65576022863388062 -0.52320015430450439
vn 0.40182092785835266 -0.76351523399353027 -0.50555354356765747
vn 0.25101026892662048 -0.84465587139129639 -0.47281107306480408
vn -0.13274836540222168 -0.0080676451325416565 -0.99111694097518921
vn -0.059031222015619278 0.052546273916959763 -0.9968721866607666
vn 0.017504405230283737 0.14621517062187195 -0.9890979528427124
vn 0.020653022453188896 0.15117165446281433 -0.98829174041748047
vn 0.079821117222309113 0.28688547015190125 -0.95463359355926514
vn 0.092308156192302704 0.42639634013175964 -0.89981406927108765
vn 0.22558481991291046 0.42662292718887329 -0.87584495544433594
vn 0.35715320706367493 0.41880422830581665 -0.83489197492599487
vn 0.48303481936454773 0.40282514691352844 -0.77743762731552124
vn 0.59951102733612061 0.37903851270675659 -0.70492291450500488
vn 0.70345896482467651 0.34821945428848267 -0.6195874810218811
vn 0.79257941246032715 0.31146827340126038 -0.5242188572883606
vn 0.86549347639083862 0.27008715271949768 -0.42186963558197021
vn 0.21561640501022339 -0.80750393867492676 -0.54904186725616455
vn 0.17989996075630188 -0.76288020610809326 -0.62100708484649658
vn 0.12510877847671509 -0.68083411455154419 -0.72167354822158813
vn 0.044091407209634781 -0.52798360586166382 -0.84810924530029297
vn -0.030652681365609169 -0.34793815016746521 -0.93701624870300293
vn -0.086196951568126678 -0.18171907961368561 -0.9795653223991394
vn 0.92172116041183472 0.22545577585697174 -0.3155943751335144
vn 0.25101026892662048 -0.84465587139129639 -0.47281107306480408
vn 0.96496415138244629 -0.20174890756607056 -0.16775442659854889
vn 0.822479248046875 -0.49002125859260559 -0.28880274295806885
vn 0.57487910985946655 -0.72588717937469482 -0.37762653827667236
vn 0.93369084596633911 -0.33920389413833618 0.11472651362419128
vn 0.79457312822341919 -0.60445261001586914 -0.05736377090215683
vn 0.55476051568984985 -0.80074542760848999 -0.22593697905540466
vn 0.7944449782371521 -0.47683349251747131 0.37614753842353821
vn 0.67802035808563232 -0.71851038932800293 0.15501999855041504
vn 0.47663992643356323 -0.87468850612640381 -0.087945364415645599
vn 0.98503881692886353 0.13430008292198181 -0.10799071937799454
vn 0.99295061826705933 0.031614825129508972 0.11423451453447342
vn 0.94004356861114502 -0.074561052024364471 0.33280432224273682
vn 0.83080434799194336 -0.17485225200653076 0.52838510274887085
vn 0.40182092785835266 -0.76351523399353027 -0.50555354356765747
vn 0.54427945613861084 -0.65576022863388062 -0.52320015430450439
vn 0.67048299312591553 -0.52533537149429321 -0.52390390634536743
vn 0.77401435375213623 -0.37859559059143066 -0.5075107216835022
vn 0.85093426704406738 -0.22315672039985657 -0.47551229596138
vn 0.90007287263870239 -0.06659446656703949 -0.43062043190002441
vn 0.9226803183555603 0.084577441215515137 -0.37617504596710205
vn 0.81196832656860352 -0.36056739091873169 0.45901912450790405
vn 0.72694593667984009 -0.53995281457901001 0.42426478862762451
vn 0.66991990804672241 -0.61137568950653076 0.42122089862823486
vn 0.66688627004623413 -0.6146467924118042 0.42127427458763123
vn 0.53448742628097534 -0.72327595949172974 0.43725857138633728
vn 0.48992881178855896 -0.84287041425704956 0.22257418930530548
vn 0.4354015588760376 -0.89993208646774292 0.023402638733386993
vn 0.3684273362159729 -0.91211032867431641 -0.17976653575897217
vn 0.31969588994979858 -0.89553028345108032 -0.30954807996749878
vn 0.2858029305934906 -0.87415134906768799 -0.39265263080596924
vn 0.056976620107889175 0.98928713798522949 -0.13440480828285217
vn 0.10198639333248138 0.9388045072555542 -0.32900592684745789
vn 0.14254821836948395 0.84881806373596191 -0.50910496711730957
vn 0.17631176114082336 0.72660577297210693 -0.66404682397842407
vn 0.20201759040355682 0.58232301473617554 -0.7874571681022644
vn 0.14989285171031952 0.98176395893096924 0.11692583560943604
vn 0.26137503981590271 0.96387648582458496 -0.051236283034086227
vn 0.36400473117828369 0.90491050481796265 -0.22053916752338409
vn 0.45039188861846924 0.80837744474411011 -0.37904232740402222
vn 0.51615840196609497 0.68238973617553711 -0.51761448383331299
vn 0.55994373559951782 0.53719055652618408 -0.63078469038009644
vn 0.24991682171821594 0.94486469030380249 0.21159476041793823
vn 0.40775749087333679 0.90882599353790283 0.088142901659011841
vn 0.55082195997238159 0.83361321687698364 -0.041038360446691513
vn 0.66893893480300903 0.72434765100479126 -0.16685661673545837
vn 0.75660246610641479 0.59000110626220703 -0.28187116980552673
vn 0.8126557469367981 0.44084560871124268 -0.38111123442649841
vn 0.30135887861251831 0.8960881233215332 0.32589715719223022
vn 0.48328229784965515 0.83721119165420532 0.25596028566360474
vn 0.64760810136795044 0.74183398485183716 0.17402899265289307
vn 0.78265076875686646 0.61651521921157837 0.08583001047372818
vn 0.88216793537139893 0.47092646360397339 -0.0028351426590234041
vn 0.94496011734008789 0.31538096070289612 -0.087092898786067963
vn 0.30209940671920776 0.83658677339553833 0.45701047778129578
vn 0.48520556092262268 0.75039350986480713 0.44887098670005798
vn 0.65141552686691284 0.63079822063446045 0.42160576581954956
vn 0.78871887922286987 0.48571407794952393 0.37683472037315369
vn 0.89033252000808716 0.32554242014884949 0.31832394003868103
vn 0.95457565784454346 0.16082970798015594 0.25083678960800171
vn 0.40234360098838806 0.66220742464065552 0.63213998079299927
vn 0.54674726724624634 0.51758408546447754 0.65815967321395874
vn 0.66760134696960449 0.3515487015247345 0.65629410743713379
vn 0.75833630561828613 0.1753792017698288 0.62782812118530273
vn 0.83080434799194336 -0.17485225200653076 0.52838510274887085
vn 0.94004356861114502 -0.074561052024364471 0.33280432224273682
vn 0.99295061826705933 0.031614825129508972 0.11423451453447342
vn 0.98503881692886353 0.13430008292198181 -0.10799071937799454
vn 0.92172116041183472 0.22545577585697174 -0.3155943751335144
vn 0.79257941246032715 0.31146827340126038 -0.5242188572883606
vn 0.59951102733612061 0.37903851270675659 -0.70492291450500488
vn 0.35715320706367493 0.41880422830581665 -0.83489197492599487
vn 0.092308156192302704 0.42639634013175964 -0.89981406927108765
vn -0.19660170376300812 0.74007821083068848 -0.64314228296279907
vn -0.17406578361988068 0.84797215461730957 -0.50064396858215332
vn -0.13963194191455841 0.92883914709091187 -0.34316283464431763
vn -0.085123881697654724 0.98591482639312744 -0.14396466314792633
vn -0.018170179799199104 0.99808168411254883 0.059184696525335312
vn 0.03105415403842926 0.98125571012496948 0.19019168615341187
vn 0.064775213599205017 0.95983713865280151 0.27297770977020264
vn 0.099491111934185028 0.9303935170173645 0.35280221700668335
vn 0.13498999178409576 0.89302235841751099 0.42928871512413025
vn 0.17085342109203339 0.84814548492431641 0.50145620107650757
vn 0.22514404356479645 0.76678872108459473 0.6011199951171875
vn 0.30617937445640564 0.61395746469497681 0.72753721475601196
vn 0.38096660375595093 0.43393728137016296 0.81643301248550415
vn 0.45559629797935486 0.20106177031993866 0.86718291044235229
vn 0.60053563117980957 0.16275851428508759 0.78285795450210571
vn 0.60398608446121216 0.16114678978919983 0.78053349256515503
vn 0.67049425840377808 0.12147030234336853 0.73190325498580933
vn 0.78178411722183228 -0.0069098616950213909 0.62351089715957642
vn 0.056950733065605164 0.55484926700592041 -0.82999932765960693
vn -0.022629188373684883 0.65829324722290039 -0.75242137908935547
vn -0.026484068483114243 0.66161179542541504 -0.74937868118286133
vn -0.11567990481853485 0.7162778377532959 -0.6881600022315979
vn 0.81673765182495117 0.00013700961426366121 0.57700914144515991
f 3/3/3 6/6/6 2/2/2
f 1/1/1 5/5/5 6/6/6
f 1/1/1 3/3/3 4/4/4
f 6/6/6 3/3/3 1/1/1
f 11/11/11 7/7/7 12/12/12
f 13/13/13 11/11/11 12/12/12
f 7/7/7 11/11/11 9/9/9
f 11/11/11 8/8/8 9/9/9
f 10/10/10 11/11/11 13/13/13
f 17/17/17 15/15/15 18/18/18 19/19/19
f 16/16/16 17/17/17 19/19/19 14/14/14
f 25/25/25 23/23/23 26/26/26
f 26/26/26 23/23/23 20/20/20
f 25/25/25 26/26/26 24/24/24
f 27/27/27 25/25/25 21/21/21
f 27/27/27 22/22/22 23/23/23
f 25/25/25 27/27/27 23/23/23
f 33/33/33 28/28/28 30/30/30
f 29/29/29 34/34/34 32/32/32 30/30/30
f 32/32/32 31/31/31 33/33/33
f 33/33/33 30/30/30 32/32/32
f 41/41/41 40/40/40 57/57/57
f 56/56/56 57/57/57 40/40/40
f 42/42/42 40/40/40 41/41/41
f 40/40/40 55/55/55 56/56/56
f 143/143/143 42/42/42 43/43/43
f 55/55/55 40/40/40 54/54/54
f 42/42/42 39/39/39 40/40/40
f 143/143/143 144/144/144 42/42/42
f 39/39/39 133/133/133 134/134/134
f 39/39/39 42/42/42 144/144/144
f 44/44/44 45/45/45 142/142/142
f 39/39/39 135/135/135 136/136/136
f 142/142/142 143/143/143 43/43/43
f 44/44/44 142/142/142 43/43/43
f 39/39/39 134/134/134 135/135/135
f 133/133/133 39/39/39 144/144/144
f 40/40/40 53/53/53 54/54/54
f 40/40/40 49/49/49 50/50/50
f 40/40/40 51/51/51 52/52/52
f 40/40/40 50/50/50 51/51/51
f 52/52/52 53/53/53 40/40/40
f 140/140/140 141/141/141 45/45/45
f 39/39/39 137/137/137 138/138/138
f 140/140/140 47/47/47 139/139/139
f 47/47/47 48/48/48 139/139/139
f 46/46/46 47/47/47 140/140/140
f 140/140/140 45/45/45 46/46/46
f 142/142/142 45/45/45 141/141/141
f 49/49/49 40/40/40 132/132/132
f 39/39/39 136/136/136 137/137/137
f 106/106/106 39/39/39 118/118/118
f 117/117/117 118/118/118 39/39/39
f 107/107/107 39/39/39 106/106/106
f 39/39/39 116/116/116 117/117/117
f 88/88/88 107/107/107 108/108/108
f 87/87/87 108/108/108 109/109/109
f 116/116/116 39/39/39 115/115/115
f 89/89/89 39/39/39 107/107/107
f 38/38/38 89/89/89 75/75/75
f 77/77/77 38/38/38 76/76/76
f 75/75/75 76/76/76 38/38/38
f 39/39/39 89/89/89 38/38/38
f 108/108/108 87/87/87 88/88/88
f 38/38/38 77/77/77 78/78/78
f 88/88/88 89/89/89 107/107/107
f 79/79/79 38/38/38 78/78/78
f 85/85/85 110/110/110 111/111/111
f 87/87/87 110/110/110 86/86/86
f 138/138/138 114/114/114 39/39/39
f 84/84/84 112/112/112 83/83/83
f 114/114/114 115/115/115 39/39/39
f 84/84/84 111/111/111 112/112/112
f 110/110/110 85/85/85 86/86/86
f 38/38/38 79/79/79 80/80/80
f 38/38/38 82/82/82 157/157/157
f 38/38/38 81/81/81 82/82/82
f 84/84/84 85/85/85 111/111/111
f 38/38/38 80/80/80 81/81/81
f 110/110/110 87/87/87 109/109/109
f 114/114/114 138/138/138 113/113/113
f 36/36/36 74/74/74 132/132/132
f 36/36/36 73/73/73 74/74/74
f 36/36/36 71/71/71 72/72/72
f 70/70/70 71/71/71 36/36/36
f 72/72/72 73/73/73 36/36/36
f 156/156/156 59/59/59 60/60/60
f 59/59/59 156/156/156 58/58/58
f 156/156/156 60/60/60 155/155/155
f 61/61/61 155/155/155 60/60/60
f 129/129/129 145/145/145 146/146/146
f 155/155/155 61/61/61 154/154/154
f 153/153/153 154/154/154 61/61/61
f 36/36/36 68/68/68 69/69/69
f 67/67/67 68/68/68 36/36/36
f 65/65/65 66/66/66 36/36/36
f 67/67/67 36/36/36 66/66/66
f 36/36/36 64/64/64 65/65/65
f 64/64/64 36/36/36 63/63/63
f 36/36/36 69/69/69 70/70/70
f 37/37/37 152/152/152 63/63/63
f 37/37/37 147/147/147 148/148/148
f 153/153/153 62/62/62 63/63/63
f 153/153/153 61/61/61 62/62/62
f 152/152/152 153/153/153 63/63/63
f 150/150/150 37/37/37 149/149/149
f 151/151/151 152/152/152 37/37/37
f 150/150/150 151/151/151 37/37/37
f 149/149/149 37/37/37 148/148/148
f 36/36/36 37/37/37 63/63/63
f 36/36/36 132/132/132 40/40/40
f 37/37/37 146/146/146 147/147/147
f 104/104/104 105/105/105 119/119/119
f 129/129/129 130/130/130 145/145/145
f 103/103/103 120/120/120 121/121/121
f 101/101/101 102/102/102 121/121/121
f 131/131/131 145/145/145 130/130/130
f 104/104/104 119/119/119 120/120/120
f 35/35/35 90/90/90 91/91/91
f 91/91/91 92/92/92 35/35/35
f 121/121/121 102/102/102 103/103/103
f 35/35/35 93/93/93 94/94/94
f 103/103/103 104/104/104 120/120/120
f 35/35/35 92/92/92 93/93/93
f 37/37/37 127/127/127 128/128/128
f 123/123/123 101/101/101 122/122/122
f 125/125/125 126/126/126 37/37/37
f 127/127/127 37/37/37 126/126/126
f 37/37/37 124/124/124 125/125/125
f 124/124/124 37/37/37 123/123/123
f 37/37/37 128/128/128 129/129/129
f 37/37/37 100/100/100 123/123/123
f 100/100/100 101/101/101 123/123/123
f 35/35/35 95/95/95 96/96/96
f 35/35/35 98/98/98 99/99/99
f 96/96/96 97/97/97 35/35/35
f 98/98/98 35/35/35 97/97/97
f 35/35/35 99/99/99 100/100/100
f 100/100/100 37/37/37 35/35/35
f 94/94/94 95/95/95 35/35/35
f 121/121/121 122/122/122 101/101/101
f 146/146/146 37/37/37 129/129/129
f 161/161/161 158/158/158 179/179/179
f 161/161/161 178/178/178 177/177/177
f 178/178/178 161/161/161 179/179/179
f 192/192/192 176/176/176 175/175/175
f 177/177/177 176/176/176 161/161/161
f 175/175/175 174/174/174 192/192/192
f 174/174/174 173/173/173 192/192/192
f 176/176/176 192/192/192 161/161/161
f 192/192/192 172/172/172 171/171/171
f 170/170/170 169/169/169 193/193/193
f 170/170/170 192/192/192 171/171/171
f 193/193/193 159/159/159 168/168/168
f 159/159/159 193/193/193 169/169/169
f 168/168/168 167/167/167 193/193/193
f 167/167/167 160/160/160 162/162/162
f 192/192/192 170/170/170 193/193/193
f 192/192/192 173/173/173 172/172/172
f 192/192/192 183/183/183 182/182/182 161/161/161
f 180/180/180 161/161/161 181/181/181
f 181/181/181 161/161/161 182/182/182
f 184/184/184 192/192/192 185/185/185
f 186/186/186 192/192/192 164/164/164
f 164/164/164 192/192/192 187/187/187
f 185/185/185 192/192/192 186/186/186
f 183/183/183 192/192/192 184/184/184
f 193/193/193 188/188/188 187/187/187 192/192/192
f 167/167/167 162/162/162 193/193/193
f 162/162/162 166/166/166 191/191/191 193/193/193
f 189/189/189 188/188/188 193/193/193
f 193/193/193 165/165/165 189/189/189
f 193/193/193 191/191/191 190/190/190
f 193/193/193 190/190/190 165/165/165
f 163/163/163 161/161/161 180/180/180
f 225/225/225 194/194/194 197/197/197 201/201/201
f 223/223/223 224/224/224 202/202/202 203/203/203
f 224/224/224 225/225/225 201/201/201 202/202/202
f 221/221/221 222/222/222 204/204/204 205/205/205
f 219/219/219 220/220/220 206/206/206 207/207/207
f 220/220/220 221/221/221 205/205/205 206/206/206
f 222/222/222 223/223/223 203/203/203 204/204/204
f 217/217/217 218/218/218 198/198/198 208/208/208
f 215/215/215 216/216/216 209/209/209 210/210/210
f 216/216/216 217/217/217 208/208/208 209/209/209
f 214/214/214 195/195/195 199/199/199 211/211/211
f 196/196/196 213/213/213 212/212/212 200/200/200
f 213/213/213 214/214/214 211/211/211 212/212/212
f 195/195/195 215/215/215 210/210/210 199/199/199
f 218/218/218 219/219/219 207/207/207 198/198/198
f 257/257/257 226/226/226 228/228/228 231/231/231
f 255/255/255 256/256/256 232/232/232 233/233/233
f 256/256/256 257/257/257 231/231/231 232/232/232
f 253/253/253 254/254/254 234/234/234 235/235/235
f 251/251/251 252/252/252 236/236/236 237/237/237
f 252/252/252 253/253/253 235/235/235 236/236/236
f 254/254/254 255/255/255 233/233/233 234/234/234
f 249/249/249 250/250/250 238/238/238 239/239/239
f 247/247/247 248/248/248 240/240/240 241/241/241
f 248/248/248 249/249/249 239/239/239 240/240/240
f 245/245/245 246/246/246 229/229/229 242/242/242
f 227/227/227 244/244/244 243/243/243 230/230/230
f 244/244/244 245/245/245 242/242/242 243/243/243
f 246/246/246 247/247/247 241/241/241 229/229/229
f 250/250/250 251/251/251 237/237/237 238/238/238
f 260/260/260 291/291/291 258/258/258
f 260/260/260 289/289/289 290/290/290
f 290/290/290 291/291/291 260/260/260
f 287/287/287 288/288/288 260/260/260
f 289/289/289 260/260/260 288/288/288
f 286/286/286 287/287/287 268/268/268 269/269/269
f 285/285/285 286/286/286 269/269/269 270/270/270
f 285/285/285 292/292/292 284/284/284
f 283/283/283 292/292/292 282/282/282
f 292/292/292 283/283/283 284/284/284
f 281/281/281 292/292/292 280/280/280
f 279/279/279 292/292/292 278/278/278
f 278/278/278 261/261/261 259/259/259
f 292/292/292 279/279/279 280/280/280
f 292/292/292 281/281/281 282/282/282
f 268/268/268 287/287/287 260/260/260
f 264/264/264 265/265/265 260/260/260
f 266/266/266 267/267/267 260/260/260
f 265/265/265 266/266/266 260/260/260
f 285/285/285 270/270/270 292/292/292
f 292/292/292 270/270/270 271/271/271
f 267/267/267 268/268/268 260/260/260
f 292/292/292 272/272/272 273/273/273
f 278/278/278 292/292/292 261/261/261
f 261/261/261 292/292/292 277/277/277 263/263/263
f 274/274/274 292/292/292 273/273/273
f 271/271/271 272/272/272 292/292/292
f 292/292/292 274/274/274 275/275/275
f 292/292/292 276/276/276 277/277/277
f 292/292/292 275/275/275 276/276/276
f 262/262/262 264/264/264 260/260/260
f 296/296/296 293/293/293 313/313/313
f 296/296/296 312/312/312 311/311/311
f 312/312/312 296/296/296 313/313/313
f 329/329/329 310/310/310 309/309/309
f 311/311/311 310/310/310 296/296/296
f 309/309/309 308/308/308 329/329/329
f 308/308/308 307/307/307 329/329/329
f 294/294/294 329/329/329 307/307/307
f 294/294/294 306/306/306 329/329/329
f 305/305/305 304/304/304 329/329/329
f 329/329/329 306/306/306 305/305/305
f 303/303/303 302/302/302 297/297/297
f 301/301/301 300/300/300 297/297/297
f 300/300/300 295/295/295 297/297/297
f 297/297/297 302/302/302 301/301/301
f 329/329/329 304/304/304 303/303/303
f 310/310/310 329/329/329 296/296/296
f 314/314/314 296/296/296 315/315/315
f 296/296/296 317/317/317 316/316/316
f 316/316/316 315/315/315 296/296/296
f 298/298/298 296/296/296 314/314/314
f 296/296/296 329/329/329 317/317/317
f 329/329/329 319/319/319 318/318/318
f 329/329/329 320/320/320 319/319/319
f 329/329/329 318/318/318 317/317/317
f 321/321/321 320/320/320 329/329/329
f 322/322/322 329/329/329 323/323/323
f 329/329/329 325/325/325 324/324/324
f 324/324/324 323/323/323 329/329/329
f 297/297/297 325/325/325 329/329/329
f 321/321/321 329/329/329 322/322/322
f 297/297/297 326/326/326 325/325/325
f 297/297/297 328/328/328 327/327/327
f 297/297/297 299/299/299 328/328/328
f 297/297/297 327/327/327 326/326/326
f 303/303/303 297/297/297 329/329/329
f 332/332/332 363/363/363 330/330/330
f 332/332/332 361/361/361 362/362/362
f 362/362/362 363/363/363 332/332/332
f 364/364/364 359/359/359 360/360/360
f 360/360/360 361/361/361 364/364/364
f 359/359/359 364/364/364 358/358/358
f 357/357/357 358/358/358 364/364/364
f 357/357/357 364/364/364 356/356/356
f 355/355/355 364/364/364 354/354/354
f 364/364/364 355/355/355 356/356/356
f 353/353/353 333/333/333 352/352/352
f 351/351/351 333/333/333 350/350/350
f 350/350/350 333/333/333 331/331/331
f 333/333/333 351/351/351 352/352/352
f 364/364/364 353/353/353 354/354/354
f 361/361/361 332/332/332 364/364/364
f 336/336/336 337/337/337 332/332/332
f 364/364/364 332/332/332 337/337/337 338/338/338
f 334/334/334 336/336/336 332/332/332
f 364/364/364 338/338/338 339/339/339
f 364/364/364 340/340/340 341/341/341
f 364/364/364 341/341/341 342/342/342
f 364/364/364 339/339/339 340/340/340
f 343/343/343 364/364/364 342/342/342
f 344/344/344 345/345/345 364/364/364
f 333/333/333 364/364/364 346/346/346 347/347/347
f 346/346/346 364/364/364 345/345/345
f 343/343/343 344/344/344 364/364/364
f 333/333/333 348/348/348 349/349/349
f 333/333/333 349/349/349 335/335/335
f 333/333/333 347/347/347 348/348/348
f 353/353/353 364/364/364 333/333/333
f 368/368/368 400/400/400 365/365/365
f 401/401/401 398/398/398 399/399/399
f 399/399/399 400/400/400 368/368/368
f 398/398/398 401/401/401 397/397/397
f 374/374/374 401/401/401 368/368/368
f 401/401/401 396/396/396 397/397/397
f 401/401/401 395/395/395 396/396/396
f 394/394/394 395/395/395 402/402/402
f 368/368/368 401/401/401 399/399/399
f 394/394/394 402/402/402 366/366/366
f 393/393/393 402/402/402 392/392/392
f 392/392/392 402/402/402 391/391/391
f 402/402/402 393/393/393 366/366/366
f 390/390/390 369/369/369 389/389/389
f 388/388/388 369/369/369 387/387/387
f 387/387/387 369/369/369 367/367/367
f 369/369/369 388/388/388 389/389/389
f 402/402/402 390/390/390 391/391/391
f 402/402/402 395/395/395 401/401/401
f 373/373/373 374/374/374 368/368/368
f 401/401/401 375/375/375 371/371/371
f 375/375/375 401/401/401 374/374/374
f 370/370/370 373/373/373 368/368/368
f 371/371/371 376/376/376 401/401/401
f 402/402/402 401/401/401 377/377/377 378/378/378
f 376/376/376 377/377/377 401/401/401
f 379/379/379 402/402/402 378/378/378
f 380/380/380 381/381/381 402/402/402
f 402/402/402 382/382/382 383/383/383
f 382/382/382 402/402/402 381/381/381
f 369/369/369 402/402/402 383/383/383
f 379/379/379 380/380/380 402/402/402
f 369/369/369 383/383/383 384/384/384
f 369/369/369 385/385/385 386/386/386
f 369/369/369 386/386/386 372/372/372
f 369/369/369 384/384/384 385/385/385
f 390/390/390 402/402/402 369/369/369
f 421/421/421 422/422/422 407/407/407 403/403/403
f 419/419/419 424/424/424 423/423/423 420/420/420
f 420/420/420 423/423/423 422/422/422 421/421/421
f 417/417/417 426/426/426 425/425/425 418/418/418
f 415/415/415 428/428/428 427/427/427 416/416/416
f 416/416/416 427/427/427 426/426/426 417/417/417
f 418/418/418 425/425/425 424/424/424 419/419/419
f 414/414/414 430/430/430 429/429/429 404/404/404
f 412/412/412 432/432/432 431/431/431 413/413/413
f 413/413/413 431/431/431 430/430/430 414/414/414
f 411/411/411 433/433/433 408/408/408 405/405/405
f 406/406/406 409/409/409 434/434/434 410/410/410
f 410/410/410 434/434/434 433/433/433 411/411/411
f 405/405/405 408/408/408 432/432/432 412/412/412
f 404/404/404 429/429/429 428/428/428 415/415/415
f 438/438/438 468/468/468 435/435/435
f 438/438/438 466/466/466 467/467/467
f 467/467/467 468/468/468 438/438/438
f 469/469/469 464/464/464 465/465/465
f 466/466/466 438/438/438 465/465/465
f 464/464/464 469/469/469 463/463/463
f 463/463/463 469/469/469 462/462/462
f 465/465/465 438/438/438 469/469/469
f 469/469/469 461/461/461 436/436/436
f 460/460/460 470/470/470 459/459/459
f 460/460/460 461/461/461 469/469/469
f 470/470/470 457/457/457 458/458/458
f 458/458/458 459/459/459 470/470/470
f 457/457/457 470/470/470 456/456/456
f 456/456/456 439/439/439 437/437/437
f 469/469/469 470/470/470 460/460/460
f 469/469/469 436/436/436 462/462/462
f 469/469/469 438/438/438 445/445/445
f 442/442/442 443/443/443 438/438/438
f 444/444/444 445/445/445 438/438/438
f 443/443/443 444/444/444 438/438/438
f 446/446/446 447/447/447 469/469/469
f 448/448/448 449/449/449 469/469/469
f 449/449/449 450/450/450 469/469/469
f 447/447/447 448/448/448 469/469/469
f 445/445/445 446/446/446 469/469/469
f 470/470/470 469/469/469 450/450/450 451/451/451
f 456/456/456 470/470/470 439/439/439
f 439/439/439 470/470/470 455/455/455 441/441/441
f 452/452/452 470/470/470 451/451/451
f 470/470/470 452/452/452 453/453/453
f 470/470/470 454/454/454 455/455/455
f 470/470/470 453/453/453 454/454/454
f 440/440/440 442/442/442 438/438/438
f 502/502/502 503/503/503 478/478/478 479/479/479
f 500/500/500 501/501/501 480/480/480 481/481/481
f 499/499/499 500/500/500 481/481/481 482/482/482
f 501/501/501 502/502/502 479/479/479 480/480/480
f 497/497/497 498/498/498 483/483/483 484/484/484
f 495/495/495 496/496/496 475/475/475 485/485/485
f 494/494/494 495/495/495 485/485/485 486/486/486
f 496/496/496 497/497/497 484/484/484 475/475/475
f 498/498/498 499/499/499 482/482/482 483/483/483
f 472/472/472 493/493/493 487/487/487 488/488/488
f 489/489/489 510/510/510 492/492/492
f 510/510/510 491/491/491 492/492/492
f 492/492/492 472/472/472 488/488/488 489/489/489
f 491/491/491 510/510/510 507/507/507
f 477/477/477 473/473/473 508/508/508
f 508/508/508 473/473/473 491/491/491
f 507/507/507 508/508/508 491/491/491
f 493/493/493 494/494/494 486/486/486 487/487/487
f 503/503/503 471/471/471 474/474/474 478/478/478
f 490/490/490 506/506/506 509/509/509
f 506/506/506 490/490/490 505/505/505
f 505/505/505 476/476/476 504/504/504
f 509/509/509 489/489/489 490/490/490
f 505/505/505 490/490/490 476/476/476
f 510/510/510 489/489/489 509/509/509
f 515/515/515 511/511/511 546/546/546
f 547/547/547 545/545/545 544/544/544
f 545/545/545 515/515/515 546/546/546
f 512/512/512 547/547/547 544/544/544
f 515/515/515 545/545/545 547/547/547
f 542/542/542 547/547/547 543/543/543
f 512/512/512 543/543/543 547/547/547
f 548/548/548 542/542/542 541/541/541
f 547/547/547 520/520/520 515/515/515
f 541/541/541 513/513/513 548/548/548
f 540/540/540 539/539/539 548/548/548
f 539/539/539 538/538/538 548/548/548
f 548/548/548 513/513/513 540/540/540
f 537/537/537 536/536/536 516/516/516
f 535/535/535 534/534/534 516/516/516
f 534/534/534 514/514/514 516/516/516
f 516/516/516 536/536/536 535/535/535
f 548/548/548 538/538/538 537/537/537
f 548/548/548 547/547/547 542/542/542
f 519/519/519 515/515/515 520/520/520
f 521/521/521 547/547/547 522/522/522
f 520/520/520 547/547/547 521/521/521
f 523/523/523 547/547/547 524/524/524
f 548/548/548 525/525/525 524/524/524
f 548/548/548 526/526/526 525/525/525
f 547/547/547 548/548/548 524/524/524
f 522/522/522 547/547/547 523/523/523
f 528/528/528 527/527/527 548/548/548
f 526/526/526 548/548/548 527/527/527
f 516/516/516 531/531/531 530/530/530 548/548/548
f 528/528/528 548/548/548 529/529/529
f 529/529/529 548/548/548 530/530/530
f 537/537/537 516/516/516 548/548/548
f 516/516/516 533/533/533 532/532/532
f 516/516/516 518/518/518 533/533/533
f 516/516/516 532/532/532 531/531/531
f 517/517/517 515/515/515 519/519/519
f 552/552/552 584/584/584 549/549/549
f 552/552/552 582/582/582 583/583/583
f 583/583/583 584/584/584 552/552/552
f 585/585/585 580/580/580 581/581/581
f 582/582/582 552/552/552 581/581/581
f 580/580/580 585/585/585 579/579/579
f 579/579/579 585/585/585 578/578/578
f 550/550/550 578/578/578 585/585/585
f 550/550/550 585/585/585 577/577/577
f 576/576/576 585/585/585 575/575/575
f 585/585/585 576/576/576 577/577/577
f 574/574/574 553/553/553 573/573/573
f 572/572/572 553/553/553 571/571/571
f 571/571/571 553/553/553 551/551/551
f 553/553/553 572/572/572 573/573/573
f 585/585/585 574/574/574 575/575/575
f 581/581/581 552/552/552 585/585/585
f 556/556/556 557/557/557 552/552/552
f 558/558/558 559/559/559 552/552/552
f 557/557/557 558/558/558 552/552/552
f 585/585/585 559/559/559 560/560/560
f 585/585/585 561/561/561 562/562/562
f 585/585/585 562/562/562 563/563/563
f 585/585/585 560/560/560 561/561/561
f 552/552/552 559/559/559 585/585/585
f 565/565/565 585/585/585 564/564/564
f 563/563/563 564/564/564 585/585/585
f 553/553/553 585/585/585 566/566/566 567/567/567
f 565/565/565 566/566/566 585/585/585
f 574/574/574 585/585/585 553/553/553
f 553/553/553 567/567/567 568/568/568
f 553/553/553 569/569/569 570/570/570
f 553/553/553 570/570/570 555/555/555
f 553/553/553 568/568/568 569/569/569
f 554/554/554 556/556/556 552/552/552
f 595/595/595 594/594/594 588/588/588 589/589/589
f 596/596/596 595/595/595 589/589/589 590/590/590
f 597/597/597 596/596/596 590/590/590 591/591/591
f 598/598/598 597/597/597 591/591/591 592/592/592
f 599/599/599 598/598/598 592/592/592 593/593/593
f 601/601/601 600/600/600 594/594/594 595/595/595
f 602/602/602 601/601/601 595/595/595 596/596/596
f 603/603/603 602/602/602 596/596/596 597/597/597
f 604/604/604 603/603/603 597/597/597 598/598/598
f 605/605/605 604/604/604 598/598/598 599/599/599
f 607/607/607 606/606/606 601/601/601 602/602/602
f 608/608/608 607/607/607 602/602/602 603/603/603
f 609/609/609 608/608/608 603/603/603 604/604/604
f 610/610/610 606/606/606 607/607/607
f 611/611/611 610/610/610 607/607/607 608/608/608
f 612/612/612 611/611/611 608/608/608 609/609/609
f 613/613/613 610/610/610 611/611/611
f 614/614/614 586/586/586 657/657/657
f 588/588/588 656/656/656 655/655/655
f 656/656/656 588/588/588 657/657/657
f 589/589/589 654/654/654 653/653/653
f 590/590/590 652/652/652 651/651/651
f 652/652/652 590/590/590 653/653/653
f 654/654/654 589/589/589 655/655/655
f 615/615/615 614/614/614 588/588/588
f 588/588/588 616/616/616 615/615/615
f 616/616/616 594/594/594 617/617/617
f 588/588/588 655/655/655 589/589/589
f 594/594/594 616/616/616 588/588/588
f 589/589/589 653/653/653 590/590/590
f 588/588/588 614/614/614 657/657/657
f 650/650/650 590/590/590 651/651/651
f 591/591/591 650/650/650 649/649/649
f 592/592/592 648/648/648 647/647/647
f 648/648/648 591/591/591 649/649/649
f 593/593/593 646/646/646 645/645/645
f 643/643/643 644/644/644 587/587/587
f 644/644/644 593/593/593 645/645/645
f 646/646/646 592/592/592 647/647/647
f 592/592/592 646/646/646 593/593/593
f 641/641/641 599/599/599 593/593/593
f 644/644/644 643/643/643 593/593/593
f 642/642/642 593/593/593 643/643/643
f 593/593/593 642/642/642 641/641/641
f 599/599/599 641/641/641 640/640/640
f 639/639/639 599/599/599 640/640/640
f 591/591/591 648/648/648 592/592/592
f 591/591/591 590/590/590 650/650/650
f 617/617/617 594/594/594 618/618/618
f 619/619/619 618/618/618 600/600/600
f 600/600/600 620/620/620 619/619/619
f 601/601/601 620/620/620 600/600/600
f 606/606/606 620/620/620 601/601/601
f 606/606/606 622/622/622 621/621/621
f 606/606/606 621/621/621 620/620/620
f 623/623/623 622/622/622 606/606/606
f 624/624/624 623/623/623 610/610/610
f 625/625/625 624/624/624 610/610/610
f 626/626/626 625/625/625 610/610/610
f 626/626/626 613/613/613 627/627/627
f 610/610/610 613/613/613 626/626/626
f 627/627/627 629/629/629 628/628/628
f 606/606/606 610/610/610 623/623/623
f 627/627/627 613/613/613 629/629/629
f 609/609/609 604/604/604 605/605/605
f 609/609/609 636/636/636 635/635/635
f 635/635/635 612/612/612 609/609/609
f 636/636/636 609/609/609 637/637/637
f 638/638/638 605/605/605 639/639/639
f 605/605/605 599/599/599 639/639/639
f 605/605/605 638/638/638 637/637/637
f 637/637/637 609/609/609 605/605/605
f 631/631/631 613/613/613 611/611/611
f 613/613/613 631/631/631 630/630/630
f 630/630/630 629/629/629 613/613/613
f 632/632/632 631/631/631 611/611/611
f 633/633/633 612/612/612 634/634/634
f 612/612/612 635/635/635 634/634/634
f 612/612/612 633/633/633 632/632/632
f 632/632/632 611/611/611 612/612/612
f 594/594/594 600/600/600 618/618/618
f 666/666/666 665/665/665 659/659/659 660/660/660
f 667/667/667 666/666/666 660/660/660 661/661/661
f 668/668/668 667/667/667 661/661/661 662/662/662
f 669/669/669 668/668/668 662/662/662 663/663/663
f 670/670/670 669/669/669 663/663/663 664/664/664
f 671/671/671 665/665/665 666/666/666
f 672/672/672 671/671/671 666/666/666 667/667/667
f 673/673/673 672/672/672 667/667/667 668/668/668
f 674/674/674 673/673/673 668/668/668 669/669/669
f 675/675/675 674/674/674 669/669/669 670/670/670
f 677/677/677 676/676/676 671/671/671 672/672/672
f 678/678/678 677/677/677 672/672/672 673/673/673
f 679/679/679 678/678/678 673/673/673 674/674/674
f 681/681/681 680/680/680 677/677/677 678/678/678
f 682/682/682 681/681/681 678/678/678 679/679/679
f 683/683/683 680/680/680 681/681/681
f 685/685/685 684/684/684 728/728/728
f 659/659/659 727/727/727 726/726/726
f 727/727/727 659/659/659 728/728/728
f 660/660/660 725/725/725 724/724/724
f 661/661/661 723/723/723 722/722/722
f 723/723/723 660/660/660 724/724/724
f 725/725/725 660/660/660 726/726/726
f 686/686/686 685/685/685 659/659/659
f 687/687/687 686/686/686 665/665/665
f 688/688/688 687/687/687 665/665/665
f 726/726/726 660/660/660 659/659/659
f 665/665/665 686/686/686 659/659/659
f 723/723/723 661/661/661 660/660/660
f 728/728/728 659/659/659 685/685/685
f 721/721/721 661/661/661 722/722/722
f 662/662/662 721/721/721 720/720/720
f 663/663/663 719/719/719 718/718/718
f 719/719/719 662/662/662 720/720/720
f 664/664/664 717/717/717 716/716/716
f 664/664/664 715/715/715 714/714/714
f 715/715/715 664/664/664 716/716/716
f 717/717/717 663/663/663 718/718/718
f 663/663/663 717/717/717 664/664/664
f 712/712/712 670/670/670 664/664/664
f 664/664/664 714/714/714 713/713/713
f 658/658/658 713/713/713 714/714/714
f 664/664/664 713/713/713 712/712/712
f 670/670/670 712/712/712 711/711/711
f 710/710/710 670/670/670 711/711/711
f 662/662/662 719/719/719 663/663/663
f 662/662/662 661/661/661 721/721/721
f 671/671/671 688/688/688 665/665/665
f 690/690/690 689/689/689 671/671/671
f 691/691/691 690/690/690 676/676/676
f 692/692/692 691/691/691 676/676/676
f 676/676/676 690/690/690 671/671/671
f 693/693/693 676/676/676 680/680/680
f 677/677/677 680/680/680 676/676/676
f 676/676/676 693/693/693 692/692/692
f 688/688/688 671/671/671 689/689/689
f 695/695/695 694/694/694 680/680/680
f 693/693/693 680/680/680 694/694/694
f 680/680/680 696/696/696 695/695/695
f 696/696/696 680/680/680 683/683/683
f 698/698/698 697/697/697 683/683/683
f 698/698/698 700/700/700 699/699/699
f 697/697/697 696/696/696 683/683/683
f 683/683/683 700/700/700 698/698/698
f 679/679/679 674/674/674 708/708/708
f 679/679/679 707/707/707 706/706/706
f 706/706/706 705/705/705 679/679/679
f 707/707/707 679/679/679 708/708/708
f 709/709/709 675/675/675 710/710/710
f 675/675/675 670/670/670 710/710/710
f 675/675/675 709/709/709 708/708/708
f 708/708/708 674/674/674 675/675/675
f 703/703/703 702/702/702 681/681/681
f 683/683/683 681/681/681 702/702/702
f 702/702/702 701/701/701 683/683/683
f 700/700/700 683/683/683 701/701/701
f 704/704/704 682/682/682 705/705/705
f 682/682/682 679/679/679 705/705/705
f 682/682/682 704/704/704 703/703/703
f 703/703/703 681/681/681 682/682/682
f 738/738/738 737/737/737 731/731/731 732/732/732
f 739/739/739 738/738/738 732/732/732 733/733/733
f 740/740/740 739/739/739 733/733/733 734/734/734
f 741/741/741 740/740/740 734/734/734 735/735/735
f 742/742/742 741/741/741 735/735/735 736/736/736
f 744/744/744 743/743/743 737/737/737 738/738/738
f 745/745/745 744/744/744 738/738/738 739/739/739
f 746/746/746 745/745/745 739/739/739 740/740/740
f 747/747/747 746/746/746 740/740/740 741/741/741
f 742/742/742 747/747/747 741/741/741
f 749/749/749 748/748/748 744/744/744 745/745/745
f 750/750/750 749/749/749 745/745/745 746/746/746
f 751/751/751 750/750/750 746/746/746 747/747/747
f 753/753/753 752/752/752 748/748/748 749/749/749
f 754/754/754 753/753/753 749/749/749 750/750/750
f 754/754/754 755/755/755 753/753/753
f 756/756/756 729/729/729 799/799/799
f 731/731/731 798/798/798 797/797/797
f 798/798/798 731/731/731 799/799/799
f 732/732/732 796/796/796 795/795/795
f 733/733/733 794/794/794 793/793/793
f 794/794/794 732/732/732 795/795/795
f 796/796/796 731/731/731 797/797/797
f 757/757/757 756/756/756 731/731/731
f 758/758/758 757/757/757 737/737/737
f 759/759/759 758/758/758 737/737/737
f 796/796/796 732/732/732 731/731/731
f 737/737/737 757/757/757 731/731/731
f 794/794/794 733/733/733 732/732/732
f 799/799/799 731/731/731 756/756/756
f 792/792/792 733/733/733 793/793/793
f 734/734/734 792/792/792 791/791/791
f 735/735/735 790/790/790 789/789/789
f 790/790/790 734/734/734 791/791/791
f 735/735/735 788/788/788 787/787/787
f 736/736/736 786/786/786 785/785/785
f 786/786/786 736/736/736 787/787/787
f 788/788/788 735/735/735 789/789/789
f 735/735/735 787/787/787 736/736/736
f 783/783/783 742/742/742 736/736/736
f 736/736/736 785/785/785 784/784/784
f 730/730/730 784/784/784 785/785/785
f 736/736/736 784/784/784 783/783/783
f 742/742/742 783/783/783 782/782/782
f 781/781/781 742/742/742 782/782/782
f 734/734/734 790/790/790 735/735/735
f 734/734/734 733/733/733 792/792/792
f 759/759/759 737/737/737 743/743/743
f 761/761/761 760/760/760 743/743/743
f 759/759/759 743/743/743 760/760/760
f 744/744/744 761/761/761 743/743/743
f 762/762/762 761/761/761 748/748/748
f 748/748/748 761/761/761 744/744/744
f 748/748/748 764/764/764 763/763/763
f 748/748/748 763/763/763 762/762/762
f 752/752/752 764/764/764 748/748/748
f 766/766/766 765/765/765 752/752/752
f 764/764/764 752/752/752 765/765/765
f 753/753/753 766/766/766 752/752/752
f 767/767/767 766/766/766 753/753/753
f 755/755/755 767/767/767 753/753/753
f 755/755/755 769/769/769 768/768/768
f 755/755/755 768/768/768 767/767/767
f 769/769/769 755/755/755 771/771/771
f 779/779/779 751/751/751 747/747/747
f 751/751/751 777/777/777 776/776/776
f 754/754/754 750/750/750 751/751/751
f 777/777/777 751/751/751 778/778/778
f 781/781/781 780/780/780 742/742/742
f 747/747/747 780/780/780 779/779/779
f 751/751/751 779/779/779 778/778/778
f 780/780/780 747/747/747 742/742/742
f 754/754/754 773/773/773 755/755/755
f 773/773/773 772/772/772 755/755/755
f 771/771/771 755/755/755 772/772/772
f 775/775/775 754/754/754 776/776/776
f 774/774/774 754/754/754 775/775/775
f 774/774/774 773/773/773 754/754/754
f 751/751/751 776/776/776 754/754/754
f 769/769/769 771/771/771 770/770/770
f 809/809/809 808/808/808 802/802/802 803/803/803
f 810/810/810 809/809/809 803/803/803 804/804/804
f 811/811/811 810/810/810 804/804/804 805/805/805
f 812/812/812 811/811/811 805/805/805 806/806/806
f 813/813/813 812/812/812 806/806/806 807/807/807
f 815/815/815 814/814/814 808/808/808 809/809/809
f 816/816/816 815/815/815 809/809/809 810/810/810
f 817/817/817 816/816/816 810/810/810 811/811/811
f 818/818/818 817/817/817 811/811/811 812/812/812
f 819/819/819 818/818/818 812/812/812 813/813/813
f 821/821/821 820/820/820 815/815/815 816/816/816
f 822/822/822 821/821/821 816/816/816 817/817/817
f 823/823/823 822/822/822 817/817/817 818/818/818
f 824/824/824 820/820/820 821/821/821
f 825/825/825 824/824/824 821/821/821 822/822/822
f 823/823/823 825/825/825 822/822/822
f 827/827/827 826/826/826 824/824/824 825/825/825
f 828/828/828 800/800/800 871/871/871
f 802/802/802 870/870/870 869/869/869
f 870/870/870 802/802/802 871/871/871
f 803/803/803 868/868/868 867/867/867
f 804/804/804 866/866/866 865/865/865
f 866/866/866 803/803/803 867/867/867
f 868/868/868 803/803/803 869/869/869
f 829/829/829 828/828/828 802/802/802
f 802/802/802 830/830/830 829/829/829
f 830/830/830 808/808/808 831/831/831
f 802/802/802 869/869/869 803/803/803
f 808/808/808 830/830/830 802/802/802
f 803/803/803 866/866/866 804/804/804
f 802/802/802 828/828/828 871/871/871
f 864/864/864 804/804/804 865/865/865
f 805/805/805 864/864/864 863/863/863
f 806/806/806 862/862/862 861/861/861
f 862/862/862 805/805/805 863/863/863
f 806/806/806 860/860/860 859/859/859
f 857/857/857 858/858/858 801/801/801
f 858/858/858 807/807/807 859/859/859
f 860/860/860 806/806/806 861/861/861
f 806/806/806 859/859/859 807/807/807
f 855/855/855 813/813/813 807/807/807
f 858/858/858 857/857/857 807/807/807
f 856/856/856 807/807/807 857/857/857
f 807/807/807 856/856/856 855/855/855
f 813/813/813 855/855/855 854/854/854
f 854/854/854 853/853/853 813/813/813
f 805/805/805 862/862/862 806/806/806
f 805/805/805 804/804/804 864/864/864
f 832/832/832 831/831/831 808/808/808
f 833/833/833 832/832/832 814/814/814
f 814/814/814 834/834/834 833/833/833
f 815/815/815 834/834/834 814/814/814
f 820/820/820 834/834/834 815/815/815
f 820/820/820 836/836/836 835/835/835
f 820/820/820 835/835/835 834/834/834
f 837/837/837 836/836/836 820/820/820
f 838/838/838 837/837/837 824/824/824
f 839/839/839 838/838/838 824/824/824
f 840/840/840 839/839/839 826/826/826
f 826/826/826 839/839/839 824/824/824
f 843/843/843 841/841/841 826/826/826
f 826/826/826 841/841/841 840/840/840
f 841/841/841 843/843/843 842/842/842
f 820/820/820 824/824/824 837/837/837
f 823/823/823 818/818/818 851/851/851
f 823/823/823 850/850/850 849/849/849
f 849/849/849 848/848/848 823/823/823
f 850/850/850 823/823/823 851/851/851
f 852/852/852 819/819/819 853/853/853
f 819/819/819 813/813/813 853/853/853
f 819/819/819 852/852/852 851/851/851
f 851/851/851 818/818/818 819/819/819
f 827/827/827 825/825/825 846/846/846
f 827/827/827 844/844/844 843/843/843
f 827/827/827 843/843/843 826/826/826
f 844/844/844 827/827/827 845/845/845
f 847/847/847 825/825/825 848/848/848
f 846/846/846 825/825/825 847/847/847
f 846/846/846 845/845/845 827/827/827
f 823/823/823 848/848/848 825/825/825
f 814/814/814 832/832/832 808/808/808
f 873/873/873 872/872/872 874/874/874
f 876/876/876 873/873/873 877/877/877
f 878/878/878 877/877/877 873/873/873 874/874/874
f 879/879/879 878/878/878 874/874/874 875/875/875
f 881/881/881 880/880/880 876/876/876 877/877/877
f 882/882/882 881/881/881 877/877/877 878/878/878
f 883/883/883 882/882/882 878/878/878 879/879/879
f 885/885/885 880/880/880 886/886/886
f 887/887/887 886/886/886 880/880/880 881/881/881
f 888/888/888 887/887/887 881/881/881 882/882/882
f 889/889/889 888/888/888 882/882/882 883/883/883
f 890/890/890 889/889/889 883/883/883 884/884/884
f 892/892/892 891/891/891 885/885/885 886/886/886
f 893/893/893 892/892/892 886/886/886 887/887/887
f 894/894/894 893/893/893 887/887/887 888/888/888
f 895/895/895 894/894/894 888/888/888 889/889/889
f 896/896/896 895/895/895 889/889/889 890/890/890
f 872/872/872 915/915/915 914/914/914
f 915/915/915 873/873/873 916/916/916
f 913/913/913 912/912/912 911/911/911
f 872/872/872 913/913/913 911/911/911
f 872/872/872 914/914/914 913/913/913
f 873/873/873 917/917/917 916/916/916
f 920/920/920 919/919/919 876/876/876
f 876/876/876 921/921/921 920/920/920
f 921/921/921 880/880/880 922/922/922
f 876/876/876 918/918/918 873/873/873
f 917/917/917 873/873/873 918/918/918
f 919/919/919 918/918/918 876/876/876
f 876/876/876 880/880/880 921/921/921
f 915/915/915 872/872/872 873/873/873
f 880/880/880 923/923/923 922/922/922
f 909/909/909 872/872/872 910/910/910
f 911/911/911 910/910/910 872/872/872
f 908/908/908 874/874/874 909/909/909
f 872/872/872 909/909/909 874/874/874
f 875/875/875 908/908/908 907/907/907
f 907/907/907 906/906/906 875/875/875
f 875/875/875 906/906/906 879/879/879
f 875/875/875 874/874/874 908/908/908
f 879/879/879 905/905/905 904/904/904
f 903/903/903 879/879/879 904/904/904
f 879/879/879 906/906/906 905/905/905
f 883/883/883 879/879/879 903/903/903
f 884/884/884 903/903/903 902/902/902
f 902/902/902 901/901/901 884/884/884
f 884/884/884 901/901/901 890/890/890
f 884/884/884 883/883/883 903/903/903
f 924/924/924 923/923/923 885/885/885
f 885/885/885 925/925/925 924/924/924
f 925/925/925 891/891/891 926/926/926
f 925/925/925 885/885/885 891/891/891
f 893/893/893 933/933/933 932/932/932 892/892/892
f 892/892/892 931/931/931 930/930/930 891/891/891
f 891/891/891 928/928/928 926/926/926
f 926/926/926 928/928/928 927/927/927
f 891/891/891 930/930/930 929/929/929
f 891/891/891 929/929/929 928/928/928
f 892/892/892 932/932/932 931/931/931
f 893/893/893 934/934/934 933/933/933
f 935/935/935 934/934/934 893/893/893
f 896/896/896 940/940/940 939/939/939 895/895/895
f 895/895/895 937/937/937 936/936/936 894/894/894
f 935/935/935 893/893/893 894/894/894
f 899/899/899 890/890/890 900/900/900
f 896/896/896 898/898/898 942/942/942
f 899/899/899 898/898/898 896/896/896
f 899/899/899 896/896/896 890/890/890
f 894/894/894 936/936/936 935/935/935
f 890/890/890 901/901/901 900/900/900
f 895/895/895 939/939/939 938/938/938
f 895/895/895 938/938/938 937/937/937
f 896/896/896 941/941/941 940/940/940
f 898/898/898 897/897/897 942/942/942
f 896/896/896 942/942/942 941/941/941
f 923/923/923 880/880/880 885/885/885
f 946/946/946 945/945/945 943/943/943 944/944/944
f 947/947/947 945/945/945 948/948/948
f 949/949/949 948/948/948 945/945/945 946/946/946
f 946/946/946 950/950/950 949/949/949
f 951/951/951 947/947/947 952/952/952
f 953/953/953 952/952/952 947/947/947 948/948/948
f 954/954/954 953/953/953 948/948/948 949/949/949
f 955/955/955 954/954/954 949/949/949 950/950/950
f 958/958/958 957/957/957 951/951/951 952/952/952
f 959/959/959 958/958/958 952/952/952 953/953/953
f 960/960/960 959/959/959 953/953/953 954/954/954
f 961/961/961 960/960/960 954/954/954 955/955/955
f 962/962/962 961/961/961 955/955/955 956/956/956
f 964/964/964 963/963/963 957/957/957 958/958/958
f 965/965/965 964/964/964 958/958/958 959/959/959
f 966/966/966 965/965/965 959/959/959 960/960/960
f 967/967/967 966/966/966 960/960/960 961/961/961
f 968/968/968 967/967/967 961/961/961 962/962/962
f 989/989/989 943/943/943 945/945/945
f 989/989/989 945/945/945 990/990/990
f 943/943/943 987/987/987 986/986/986
f 987/987/987 943/943/943 988/988/988
f 989/989/989 988/988/988 943/943/943
f 943/943/943 986/986/986 944/944/944
f 945/945/945 991/991/991 990/990/990
f 951/951/951 995/995/995 994/994/994
f 995/995/995 951/951/951 996/996/996
f 947/947/947 951/951/951 994/994/994
f 945/945/945 947/947/947 991/991/991
f 992/992/992 991/991/991 947/947/947
f 992/992/992 947/947/947 993/993/993
f 994/994/994 993/993/993 947/947/947
f 984/984/984 986/986/986 985/985/985
f 983/983/983 944/944/944 984/984/984
f 944/944/944 986/986/986 984/984/984
f 946/946/946 944/944/944 982/982/982
f 982/982/982 944/944/944 983/983/983
f 946/946/946 982/982/982 981/981/981
f 946/946/946 981/981/981 980/980/980
f 980/980/980 950/950/950 946/946/946
f 950/950/950 979/979/979 978/978/978
f 977/977/977 950/950/950 978/978/978
f 950/950/950 980/980/980 979/979/979
f 955/955/955 950/950/950 977/977/977
f 956/956/956 977/977/977 976/976/976
f 976/976/976 975/975/975 956/956/956
f 956/956/956 975/975/975 974/974/974
f 956/956/956 955/955/955 977/977/977
f 996/996/996 951/951/951 997/997/997
f 998/998/998 997/997/997 957/957/957
f 999/999/999 998/998/998 963/963/963
f 1000/1000/1000 999/999/999 963/963/963
f 998/998/998 957/957/957 963/963/963
f 965/965/965 1005/1005/1005 1004/1004/1004 964/964/964
f 964/964/964 1003/1003/1003 1002/1002/1002 963/963/963
f 1000/1000/1000 963/963/963 1001/1001/1001
f 1000/1000/1000 1001/1001/1001 969/969/969
f 963/963/963 1002/1002/1002 1001/1001/1001
f 965/965/965 1007/1007/1007 1006/1006/1006
f 965/965/965 1006/1006/1006 1005/1005/1005
f 964/964/964 1004/1004/1004 1003/1003/1003
f 966/966/966 1008/1008/1008 1007/1007/1007 965/965/965
f 962/962/962 956/956/956 974/974/974
f 1014/1014/1014 968/968/968 971/971/971
f 968/968/968 1012/1012/1012 1011/1011/1011 967/967/967
f 973/973/973 968/968/968 962/962/962
f 973/973/973 962/962/962 974/974/974
f 972/972/972 968/968/968 973/973/973
f 972/972/972 971/971/971 968/968/968
f 967/967/967 1010/1010/1010 1009/1009/1009 966/966/966
f 966/966/966 1009/1009/1009 1008/1008/1008
f 967/967/967 1011/1011/1011 1010/1010/1010
f 968/968/968 1013/1013/1013 1012/1012/1012
f 971/971/971 970/970/970 1014/1014/1014
f 968/968/968 1014/1014/1014 1013/1013/1013
f 997/997/997 951/951/951 957/957/957
f 1024/1024/1024 1023/1023/1023 1017/1017/1017 1018/1018/1018
f 1025/1025/1025 1024/1024/1024 1018/1018/1018 1019/1019/1019
f 1026/1026/1026 1025/1025/1025 1019/1019/1019 1020/1020/1020
f 1027/1027/1027 1026/1026/1026 1020/1020/1020 1021/1021/1021
f 1028/1028/1028 1027/1027/1027 1021/1021/1021 1022/1022/1022
f 1030/1030/1030 1029/1029/1029 1023/1023/1023 1024/1024/1024
f 1031/1031/1031 1030/1030/1030 1024/1024/1024 1025/1025/1025
f 1032/1032/1032 1031/1031/1031 1025/1025/1025 1026/1026/1026
f 1033/1033/1033 1032/1032/1032 1026/1026/1026 1027/1027/1027
f 1034/1034/1034 1033/1033/1033 1027/1027/1027 1028/1028/1028
f 1036/1036/1036 1035/1035/1035 1030/1030/1030 1031/1031/1031
f 1037/1037/1037 1036/1036/1036 1031/1031/1031 1032/1032/1032
f 1038/1038/1038 1037/1037/1037 1032/1032/1032 1033/1033/1033
f 1039/1039/1039 1035/1035/1035 1036/1036/1036
f 1040/1040/1040 1039/1039/1039 1036/1036/1036 1037/1037/1037
f 1038/1038/1038 1040/1040/1040 1037/1037/1037
f 1042/1042/1042 1041/1041/1041 1039/1039/1039 1040/1040/1040
f 1043/1043/1043 1015/1015/1015 1086/1086/1086
f 1017/1017/1017 1085/1085/1085 1084/1084/1084
f 1085/1085/1085 1017/1017/1017 1086/1086/1086
f 1018/1018/1018 1083/1083/1083 1082/1082/1082
f 1019/1019/1019 1081/1081/1081 1080/1080/1080
f 1081/1081/1081 1018/1018/1018 1082/1082/1082
f 1083/1083/1083 1018/1018/1018 1084/1084/1084
f 1044/1044/1044 1043/1043/1043 1017/1017/1017
f 1017/1017/1017 1045/1045/1045 1044/1044/1044
f 1045/1045/1045 1023/1023/1023 1046/1046/1046
f 1017/1017/1017 1084/1084/1084 1018/1018/1018
f 1023/1023/1023 1045/1045/1045 1017/1017/1017
f 1018/1018/1018 1081/1081/1081 1019/1019/1019
f 1017/1017/1017 1043/1043/1043 1086/1086/1086
f 1079/1079/1079 1019/1019/1019 1080/1080/1080
f 1020/1020/1020 1079/1079/1079 1078/1078/1078
f 1021/1021/1021 1077/1077/1077 1076/1076/1076
f 1077/1077/1077 1020/1020/1020 1078/1078/1078
f 1021/1021/1021 1075/1075/1075 1074/1074/1074
f 1072/1072/1072 1073/1073/1073 1016/1016/1016
f 1073/1073/1073 1022/1022/1022 1074/1074/1074
f 1075/1075/1075 1021/1021/1021 1076/1076/1076
f 1021/1021/1021 1074/1074/1074 1022/1022/1022
f 1070/1070/1070 1028/1028/1028 1022/1022/1022
f 1073/1073/1073 1072/1072/1072 1022/1022/1022
f 1071/1071/1071 1022/1022/1022 1072/1072/1072
f 1022/1022/1022 1071/1071/1071 1070/1070/1070
f 1028/1028/1028 1070/1070/1070 1069/1069/1069
f 1069/1069/1069 1068/1068/1068 1028/1028/1028
f 1020/1020/1020 1077/1077/1077 1021/1021/1021
f 1020/1020/1020 1019/1019/1019 1079/1079/1079
f 1047/1047/1047 1046/1046/1046 1023/1023/1023
f 1048/1048/1048 1047/1047/1047 1029/1029/1029
f 1029/1029/1029 1049/1049/1049 1048/1048/1048
f 1030/1030/1030 1049/1049/1049 1029/1029/1029
f 1035/1035/1035 1049/1049/1049 1030/1030/1030
f 1035/1035/1035 1051/1051/1051 1050/1050/1050
f 1035/1035/1035 1050/1050/1050 1049/1049/1049
f 1052/1052/1052 1051/1051/1051 1035/1035/1035
f 1053/1053/1053 1052/1052/1052 1039/1039/1039
f 1054/1054/1054 1053/1053/1053 1039/1039/1039
f 1055/1055/1055 1054/1054/1054 1041/1041/1041
f 1041/1041/1041 1054/1054/1054 1039/1039/1039
f 1058/1058/1058 1056/1056/1056 1041/1041/1041
f 1041/1041/1041 1056/1056/1056 1055/1055/1055
f 1056/1056/1056 1058/1058/1058 1057/1057/1057
f 1035/1035/1035 1039/1039/1039 1052/1052/1052
f 1038/1038/1038 1033/1033/1033 1066/1066/1066
f 1038/1038/1038 1065/1065/1065 1064/1064/1064
f 1064/1064/1064 1063/1063/1063 1038/1038/1038
f 1065/1065/1065 1038/1038/1038 1066/1066/1066
f 1067/1067/1067 1034/1034/1034 1068/1068/1068
f 1034/1034/1034 1028/1028/1028 1068/1068/1068
f 1034/1034/1034 1067/1067/1067 1066/1066/1066
f 1066/1066/1066 1033/1033/1033 1034/1034/1034
f 1042/1042/1042 1040/1040/1040 1061/1061/1061
f 1042/1042/1042 1059/1059/1059 1058/1058/1058
f 1042/1042/1042 1058/1058/1058 1041/1041/1041
f 1059/1059/1059 1042/1042/1042 1060/1060/1060
f 1062/1062/1062 1040/1040/1040 1063/1063/1063
f 1061/1061/1061 1040/1040/1040 1062/1062/1062
f 1061/1061/1061 1060/1060/1060 1042/1042/1042
f 1038/1038/1038 1063/1063/1063 1040/1040/1040
f 1029/1029/1029 1047/1047/1047 1023/1023/1023
f 1090/1090/1090 1089/1089/1089 1087/1087/1087 1088/1088/1088
f 1092/1092/1092 1089/1089/1089 1093/1093/1093
f 1094/1094/1094 1093/1093/1093 1089/1089/1089 1090/1090/1090
f 1095/1095/1095 1094/1094/1094 1090/1090/1090 1091/1091/1091
f 1098/1098/1098 1097/1097/1097 1092/1092/1092 1093/1093/1093
f 1099/1099/1099 1098/1098/1098 1093/1093/1093 1094/1094/1094
f 1100/1100/1100 1099/1099/1099 1094/1094/1094 1095/1095/1095
f 1103/1103/1103 1102/1102/1102 1096/1096/1096 1097/1097/1097
f 1104/1104/1104 1103/1103/1103 1097/1097/1097 1098/1098/1098
f 1105/1105/1105 1104/1104/1104 1098/1098/1098 1099/1099/1099
f 1106/1106/1106 1105/1105/1105 1099/1099/1099 1100/1100/1100
f 1107/1107/1107 1106/1106/1106 1100/1100/1100 1101/1101/1101
f 1109/1109/1109 1108/1108/1108 1102/1102/1102 1103/1103/1103
f 1110/1110/1110 1109/1109/1109 1103/1103/1103 1104/1104/1104
f 1111/1111/1111 1110/1110/1110 1104/1104/1104 1105/1105/1105
f 1112/1112/1112 1111/1111/1111 1105/1105/1105 1106/1106/1106
f 1113/1113/1113 1112/1112/1112 1106/1106/1106 1107/1107/1107
f 1134/1134/1134 1133/1133/1133 1087/1087/1087
f 1132/1132/1132 1087/1087/1087 1133/1133/1133
f 1089/1089/1089 1134/1134/1134 1087/1087/1087
f 1135/1135/1135 1134/1134/1134 1089/1089/1089
f 1131/1131/1131 1130/1130/1130 1129/1129/1129
f 1131/1131/1131 1088/1088/1088 1132/1132/1132
f 1132/1132/1132 1088/1088/1088 1087/1087/1087
f 1089/1089/1089 1136/1136/1136 1135/1135/1135
f 1139/1139/1139 1138/1138/1138 1092/1092/1092
f 1139/1139/1139 1096/1096/1096 1140/1140/1140
f 1141/1141/1141 1140/1140/1140 1096/1096/1096
f 1096/1096/1096 1139/1139/1139 1097/1097/1097
f 1092/1092/1092 1137/1137/1137 1136/1136/1136
f 1138/1138/1138 1137/1137/1137 1092/1092/1092
f 1092/1092/1092 1097/1097/1097 1139/1139/1139
f 1089/1089/1089 1092/1092/1092 1136/1136/1136
f 1088/1088/1088 1129/1129/1129 1128/1128/1128
f 1127/1127/1127 1088/1088/1088 1128/1128/1128
f 1131/1131/1131 1129/1129/1129 1088/1088/1088
f 1090/1090/1090 1088/1088/1088 1127/1127/1127
f 1126/1126/1126 1090/1090/1090 1127/1127/1127
f 1124/1124/1124 1091/1091/1091 1125/1125/1125
f 1126/1126/1126 1125/1125/1125 1091/1091/1091
f 1126/1126/1126 1091/1091/1091 1090/1090/1090
f 1095/1095/1095 1124/1124/1124 1123/1123/1123
f 1122/1122/1122 1095/1095/1095 1123/1123/1123
f 1095/1095/1095 1091/1091/1091 1124/1124/1124
f 1100/1100/1100 1095/1095/1095 1121/1121/1121
f 1121/1121/1121 1095/1095/1095 1122/1122/1122
f 1119/1119/1119 1101/1101/1101 1120/1120/1120
f 1121/1121/1121 1120/1120/1120 1101/1101/1101
f 1121/1121/1121 1101/1101/1101 1100/1100/1100
f 1142/1142/1142 1141/1141/1141 1102/1102/1102
f 1102/1102/1102 1143/1143/1143 1142/1142/1142
f 1143/1143/1143 1108/1108/1108 1144/1144/1144
f 1143/1143/1143 1102/1102/1102 1108/1108/1108
f 1110/1110/1110 1150/1150/1150 1149/1149/1149 1109/1109/1109
f 1109/1109/1109 1148/1148/1148 1147/1147/1147 1108/1108/1108
f 1108/1108/1108 1145/1145/1145 1144/1144/1144
f 1144/1144/1144 1145/1145/1145 1114/1114/1114
f 1108/1108/1108 1147/1147/1147 1146/1146/1146
f 1108/1108/1108 1146/1146/1146 1145/1145/1145
f 1109/1109/1109 1149/1149/1149 1148/1148/1148
f 1110/1110/1110 1151/1151/1151 1150/1150/1150
f 1152/1152/1152 1151/1151/1151 1110/1110/1110
f 1107/1107/1107 1101/1101/1101 1119/1119/1119
f 1113/1113/1113 1157/1157/1157 1156/1156/1156 1112/1112/1112
f 1112/1112/1112 1154/1154/1154 1153/1153/1153 1111/1111/1111
f 1117/1117/1117 1113/1113/1113 1107/1107/1107
f 1118/1118/1118 1107/1107/1107 1119/1119/1119
f 1107/1107/1107 1118/1118/1118 1117/1117/1117
f 1113/1113/1113 1117/1117/1117 1116/1116/1116
f 1116/1116/1116 1159/1159/1159 1113/1113/1113
f 1111/1111/1111 1153/1153/1153 1152/1152/1152
f 1112/1112/1112 1155/1155/1155 1154/1154/1154
f 1113/1113/1113 1159/1159/1159 1158/1158/1158
f 1116/1116/1116 1115/1115/1115 1159/1159/1159
f 1113/1113/1113 1158/1158/1158 1157/1157/1157
f 1112/1112/1112 1156/1156/1156 1155/1155/1155
f 1152/1152/1152 1110/1110/1110 1111/1111/1111
f 1102/1102/1102 1141/1141/1141 1096/1096/1096
f 1171/1171/1171 1174/1174/1174 1160/1160/1160
f 1171/1171/1171 1169/1169/1169 1174/1174/1174
f 1161/1161/1161 1174/1174/1174 1170/1170/1170
f 1174/1174/1174 1169/1169/1169 1170/1170/1170
f 1168/1168/1168 1172/1172/1172 1167/1167/1167
f 1168/1168/1168 1169/1169/1169 1171/1171/1171
f 1172/1172/1172 1168/1168/1168 1171/1171/1171
f 1172/1172/1172 1173/1173/1173 1166/1166/1166 1167/1167/1167
f 1173/1173/1173 1162/1162/1162 1175/1175/1175
f 1175/1175/1175 1176/1176/1176 1173/1173/1173
f 1165/1165/1165 1166/1166/1166 1173/1173/1173
f 1163/1163/1163 1164/1164/1164 1176/1176/1176
f 1165/1165/1165 1176/1176/1176 1164/1164/1164
f 1165/1165/1165 1173/1173/1173 1176/1176/1176
f 1187/1187/1187 1177/1177/1177 1183/1183/1183
f 1186/1186/1186 1187/1187/1187 1183/1183/1183
f 1178/1178/1178 1186/1186/1186 1182/1182/1182
f 1183/1183/1183 1182/1182/1182 1186/1186/1186
f 1181/1181/1181 1182/1182/1182 1183/1183/1183 1184/1184/1184
f 1184/1184/1184 1185/1185/1185 1180/1180/1180 1181/1181/1181
f 1189/1189/1189 1185/1185/1185 1188/1188/1188
f 1180/1180/1180 1189/1189/1189 1179/1179/1179
f 1180/1180/1180 1185/1185/1185 1189/1189/1189
f 1194/1194/1194 1198/1198/1198 1199/1199/1199
f 1199/1199/1199 1200/1200/1200 1196/1196/1196 1197/1197/1197
f 1190/1190/1190 1194/1194/1194 1197/1197/1197
f 1199/1199/1199 1197/1197/1197 1194/1194/1194
f 1193/1193/1193 1201/1201/1201 1191/1191/1191
f 1195/1195/1195 1201/1201/1201 1193/1193/1193
f 1195/1195/1195 1196/1196/1196 1200/1200/1200 1201/1201/1201
f 1193/1193/1193 1192/1192/1192 1195/1195/1195
f 1216/1216/1216 1208/1208/1208 1215/1215/1215
f 1208/1208/1208 1217/1217/1217 1212/1212/1212
f 1207/1207/1207 1208/1208/1208 1212/1212/1212
f 1207/1207/1207 1214/1214/1214 1202/1202/1202
f 1207/1207/1207 1212/1212/1212 1213/1213/1213
f 1213/1213/1213 1214/1214/1214 1207/1207/1207
f 1217/1217/1217 1208/1208/1208 1216/1216/1216
f 1205/1205/1205 1217/1217/1217 1218/1218/1218
f 1218/1218/1218 1203/1203/1203 1205/1205/1205
f 1206/1206/1206 1217/1217/1217 1205/1205/1205
f 1206/1206/1206 1210/1210/1210 1211/1211/1211
f 1204/1204/1204 1209/1209/1209 1206/1206/1206
f 1210/1210/1210 1206/1206/1206 1209/1209/1209
f 1211/1211/1211 1212/1212/1212 1206/1206/1206
f 1217/1217/1217 1206/1206/1206 1212/1212/1212
f 1228/1228/1228 1231/1231/1231 1219/1219/1219
f 1226/1226/1226 1231/1231/1231 1228/1228/1228
f 1228/1228/1228 1229/1229/1229 1225/1225/1225 1226/1226/1226
f 1231/1231/1231 1227/1227/1227 1220/1220/1220
f 1226/1226/1226 1227/1227/1227 1231/1231/1231
f 1225/1225/1225 1229/1229/1229 1224/1224/1224
f 1233/1233/1233 1230/1230/1230 1232/1232/1232
f 1222/1222/1222 1230/1230/1230 1233/1233/1233
f 1234/1234/1234 1222/1222/1222 1233/1233/1233
f 1223/1223/1223 1224/1224/1224 1229/1229/1229
f 1234/1234/1234 1221/1221/1221 1222/1222/1222
f 1222/1222/1222 1223/1223/1223 1230/1230/1230
f 1230/1230/1230 1223/1223/1223 1229/1229/1229
f 1243/1243/1243 1242/1242/1242 1235/1235/1235
f 1242/1242/1242 1244/1244/1244 1249/1249/1249
f 1241/1241/1241 1242/1242/1242 1249/1249/1249
f 1241/1241/1241 1252/1252/1252 1240/1240/1240
f 1241/1241/1241 1250/1250/1250 1251/1251/1251
f 1241/1241/1241 1249/1249/1249 1250/1250/1250
f 1251/1251/1251 1252/1252/1252 1241/1241/1241
f 1244/1244/1244 1242/1242/1242 1243/1243/1243
f 1238/1238/1238 1244/1244/1244 1245/1245/1245
f 1245/1245/1245 1236/1236/1236 1238/1238/1238
f 1249/1249/1249 1238/1238/1238 1239/1239/1239
f 1239/1239/1239 1247/1247/1247 1248/1248/1248
f 1237/1237/1237 1246/1246/1246 1239/1239/1239
f 1247/1247/1247 1239/1239/1239 1246/1246/1246
f 1248/1248/1248 1249/1249/1249 1239/1239/1239
f 1238/1238/1238 1249/1249/1249 1244/1244/1244
f 1259/1259/1259 1256/1256/1256 1255/1255/1255 1258/1258/1258
f 1260/1260/1260 1257/1257/1257 1256/1256/1256 1259/1259/1259
f 1262/1262/1262 1259/1259/1259 1258/1258/1258 1261/1261/1261
f 1263/1263/1263 1260/1260/1260 1259/1259/1259 1262/1262/1262
f 1278/1278/1278 1253/1253/1253 1264/1264/1264
f 1278/1278/1278 1255/1255/1255 1277/1277/1277
f 1255/1255/1255 1278/1278/1278 1264/1264/1264
f 1255/1255/1255 1265/1265/1265 1266/1266/1266
f 1258/1258/1258 1255/1255/1255 1266/1266/1266 1267/1267/1267
f 1268/1268/1268 1258/1258/1258 1267/1267/1267
f 1264/1264/1264 1265/1265/1265 1255/1255/1255
f 1276/1276/1276 1277/1277/1277 1255/1255/1255
f 1256/1256/1256 1275/1275/1275 1276/1276/1276
f 1257/1257/1257 1273/1273/1273 1274/1274/1274
f 1274/1274/1274 1275/1275/1275 1256/1256/1256
f 1273/1273/1273 1257/1257/1257 1272/1272/1272
f 1254/1254/1254 1272/1272/1272 1289/1289/1289
f 1257/1257/1257 1289/1289/1289 1272/1272/1272
f 1289/1289/1289 1257/1257/1257 1260/1260/1260
f 1256/1256/1256 1257/1257/1257 1274/1274/1274
f 1256/1256/1256 1276/1276/1276 1255/1255/1255
f 1261/1261/1261 1258/1258/1258 1269/1269/1269 1270/1270/1270
f 1279/1279/1279 1261/1261/1261 1270/1270/1270
f 1270/1270/1270 1271/1271/1271 1279/1279/1279
f 1261/1261/1261 1281/1281/1281 1282/1282/1282
f 1261/1261/1261 1280/1280/1280 1281/1281/1281
f 1261/1261/1261 1279/1279/1279 1280/1280/1280
f 1262/1262/1262 1261/1261/1261 1282/1282/1282
f 1287/1287/1287 1288/1288/1288 1263/1263/1263
f 1260/1260/1260 1263/1263/1263 1288/1288/1288
f 1263/1263/1263 1262/1262/1262 1286/1286/1286
f 1289/1289/1289 1260/1260/1260 1288/1288/1288
f 1284/1284/1284 1285/1285/1285 1262/1262/1262
f 1287/1287/1287 1263/1263/1263 1286/1286/1286
f 1286/1286/1286 1262/1262/1262 1285/1285/1285
f 1284/1284/1284 1262/1262/1262 1282/1282/1282
f 1284/1284/1284 1282/1282/1282 1283/1283/1283
f 1269/1269/1269 1258/1258/1258 1268/1268/1268
f 1295/1295/1295 1292/1292/1292 1291/1291/1291 1294/1294/1294
f 1296/1296/1296 1293/1293/1293 1292/1292/1292 1295/1295/1295
f 1298/1298/1298 1295/1295/1295 1294/1294/1294 1297/1297/1297
f 1299/1299/1299 1296/1296/1296 1295/1295/1295 1298/1298/1298
f 1316/1316/1316 1290/1290/1290 1317/1317/1317
f 1318/1318/1318 1291/1291/1291 1317/1317/1317
f 1316/1316/1316 1317/1317/1317 1291/1291/1291
f 1294/1294/1294 1319/1319/1319 1320/1320/1320
f 1319/1319/1319 1294/1294/1294 1291/1291/1291
f 1294/1294/1294 1320/1320/1320 1321/1321/1321
f 1318/1318/1318 1319/1319/1319 1291/1291/1291
f 1315/1315/1315 1316/1316/1316 1291/1291/1291
f 1314/1314/1314 1292/1292/1292 1313/1313/1313
f 1313/1313/1313 1292/1292/1292 1312/1312/1312
f 1314/1314/1314 1315/1315/1315 1291/1291/1291
f 1312/1312/1312 1293/1293/1293 1311/1311/1311
f 1296/1296/1296 1310/1310/1310 1293/1293/1293
f 1293/1293/1293 1310/1310/1310 1311/1311/1311
f 1292/1292/1292 1293/1293/1293 1312/1312/1312
f 1314/1314/1314 1291/1291/1291 1292/1292/1292
f 1297/1297/1297 1321/1321/1321 1322/1322/1322
f 1301/1301/1301 1297/1297/1297 1323/1323/1323
f 1322/1322/1322 1323/1323/1323 1297/1297/1297
f 1323/1323/1323 1300/1300/1300 1301/1301/1301
f 1297/1297/1297 1302/1302/1302 1303/1303/1303
f 1297/1297/1297 1301/1301/1301 1302/1302/1302
f 1298/1298/1298 1297/1297/1297 1303/1303/1303 1304/1304/1304
f 1307/1307/1307 1309/1309/1309 1299/1299/1299
f 1296/1296/1296 1299/1299/1299 1309/1309/1309
f 1299/1299/1299 1298/1298/1298 1305/1305/1305 1306/1306/1306
f 1310/1310/1310 1296/1296/1296 1309/1309/1309
f 1298/1298/1298 1304/1304/1304 1305/1305/1305
f 1299/1299/1299 1306/1306/1306 1307/1307/1307
f 1309/1309/1309 1307/1307/1307 1308/1308/1308
f 1321/1321/1321 1297/1297/1297 1294/1294/1294
f 1330/1330/1330 1331/1331/1331 1325/1325/1325
f 1332/1332/1332 1326/1326/1326 1325/1325/1325 1331/1331/1331
f 1333/1333/1333 1327/1327/1327 1326/1326/1326 1332/1332/1332
f 1334/1334/1334 1328/1328/1328 1327/1327/1327 1333/1333/1333
f 1335/1335/1335 1329/1329/1329 1328/1328/1328 1334/1334/1334
f 1337/1337/1337 1331/1331/1331 1330/1330/1330 1336/1336/1336
f 1338/1338/1338 1332/1332/1332 1331/1331/1331 1337/1337/1337
f 1339/1339/1339 1333/1333/1333 1332/1332/1332 1338/1338/1338
f 1340/1340/1340 1334/1334/1334 1333/1333/1333 1339/1339/1339
f 1341/1341/1341 1335/1335/1335 1334/1334/1334 1340/1340/1340
f 1343/1343/1343 1337/1337/1337 1336/1336/1336 1342/1342/1342
f 1344/1344/1344 1338/1338/1338 1337/1337/1337 1343/1343/1343
f 1345/1345/1345 1339/1339/1339 1338/1338/1338 1344/1344/1344
f 1346/1346/1346 1340/1340/1340 1339/1339/1339 1345/1345/1345
f 1347/1347/1347 1341/1341/1341 1340/1340/1340 1346/1346/1346
f 1349/1349/1349 1343/1343/1343 1342/1342/1342 1348/1348/1348
f 1350/1350/1350 1344/1344/1344 1343/1343/1343 1349/1349/1349
f 1351/1351/1351 1345/1345/1345 1344/1344/1344 1350/1350/1350
f 1352/1352/1352 1346/1346/1346 1345/1345/1345 1351/1351/1351
f 1353/1353/1353 1347/1347/1347 1346/1346/1346 1352/1352/1352
f 1354/1354/1354 1349/1349/1349 1348/1348/1348
f 1355/1355/1355 1350/1350/1350 1349/1349/1349 1354/1354/1354
f 1356/1356/1356 1351/1351/1351 1350/1350/1350 1355/1355/1355
f 1357/1357/1357 1352/1352/1352 1351/1351/1351 1356/1356/1356
f 1358/1358/1358 1353/1353/1353 1352/1352/1352 1357/1357/1357
f 1325/1325/1325 1368/1368/1368 1369/1369/1369
f 1330/1330/1330 1325/1325/1325 1369/1369/1369
f 1326/1326/1326 1367/1367/1367 1368/1368/1368
f 1367/1367/1367 1327/1327/1327 1366/1366/1366
f 1366/1366/1366 1328/1328/1328 1365/1365/1365
f 1368/1368/1368 1325/1325/1325 1326/1326/1326
f 1330/1330/1330 1370/1370/1370 1371/1371/1371
f 1336/1336/1336 1330/1330/1330 1371/1371/1371
f 1367/1367/1367 1326/1326/1326 1327/1327/1327
f 1336/1336/1336 1371/1371/1371 1372/1372/1372
f 1370/1370/1370 1330/1330/1330 1369/1369/1369
f 1327/1327/1327 1328/1328/1328 1366/1366/1366
f 1329/1329/1329 1364/1364/1364 1328/1328/1328
f 1365/1365/1365 1328/1328/1328 1364/1364/1364
f 1386/1386/1386 1364/1364/1364 1329/1329/1329
f 1364/1364/1364 1386/1386/1386 1324/1324/1324
f 1329/1329/1329 1385/1385/1385 1386/1386/1386
f 1385/1385/1385 1329/1329/1329 1384/1384/1384
f 1335/1335/1335 1383/1383/1383 1384/1384/1384
f 1329/1329/1329 1335/1335/1335 1384/1384/1384
f 1335/1335/1335 1341/1341/1341 1381/1381/1381 1382/1382/1382
f 1335/1335/1335 1382/1382/1382 1383/1383/1383
f 1341/1341/1341 1380/1380/1380 1381/1381/1381
f 1363/1363/1363 1380/1380/1380 1341/1341/1341
f 1373/1373/1373 1342/1342/1342 1372/1372/1372
f 1374/1374/1374 1348/1348/1348 1373/1373/1373
f 1373/1373/1373 1348/1348/1348 1342/1342/1342
f 1348/1348/1348 1375/1375/1375 1354/1354/1354
f 1375/1375/1375 1348/1348/1348 1374/1374/1374
f 1355/1355/1355 1354/1354/1354 1376/1376/1376
f 1377/1377/1377 1355/1355/1355 1376/1376/1376
f 1378/1378/1378 1356/1356/1356 1355/1355/1355
f 1356/1356/1356 1378/1378/1378 1379/1379/1379
f 1378/1378/1378 1355/1355/1355 1377/1377/1377
f 1387/1387/1387 1356/1356/1356 1379/1379/1379
f 1375/1375/1375 1376/1376/1376 1354/1354/1354
f 1347/1347/1347 1362/1362/1362 1363/1363/1363
f 1347/1347/1347 1363/1363/1363 1341/1341/1341
f 1347/1347/1347 1353/1353/1353 1361/1361/1361 1362/1362/1362
f 1353/1353/1353 1360/1360/1360 1361/1361/1361
f 1360/1360/1360 1353/1353/1353 1358/1358/1358
f 1388/1388/1388 1357/1357/1357 1387/1387/1387
f 1356/1356/1356 1387/1387/1387 1357/1357/1357
f 1389/1389/1389 1357/1357/1357 1388/1388/1388
f 1358/1358/1358 1390/1390/1390 1360/1360/1360
f 1359/1359/1359 1360/1360/1360 1390/1390/1390
f 1358/1358/1358 1389/1389/1389 1390/1390/1390
f 1389/1389/1389 1358/1358/1358 1357/1357/1357
f 1372/1372/1372 1342/1342/1342 1336/1336/1336
f 1395/1395/1395 1392/1392/1392 1391/1391/1391 1394/1394/1394
f 1396/1396/1396 1393/1393/1393 1392/1392/1392 1395/1395/1395
f 1398/1398/1398 1395/1395/1395 1394/1394/1394 1397/1397/1397
f 1399/1399/1399 1396/1396/1396 1395/1395/1395 1398/1398/1398
f 1410/1410/1410 1426/1426/1426 1409/1409/1409
f 1391/1391/1391 1424/1424/1424 1425/1425/1425
f 1425/1425/1425 1426/1426/1426 1391/1391/1391
f 1394/1394/1394 1410/1410/1410 1411/1411/1411
f 1423/1423/1423 1424/1424/1424 1391/1391/1391
f 1410/1410/1410 1394/1394/1394 1391/1391/1391
f 1394/1394/1394 1411/1411/1411 1412/1412/1412
f 1426/1426/1426 1410/1410/1410 1391/1391/1391
f 1421/1421/1421 1422/1422/1422 1423/1423/1423
f 1421/1421/1421 1392/1392/1392 1420/1420/1420
f 1392/1392/1392 1421/1421/1421 1423/1423/1423
f 1393/1393/1393 1419/1419/1419 1392/1392/1392
f 1420/1420/1420 1392/1392/1392 1419/1419/1419
f 1417/1417/1417 1418/1418/1418 1393/1393/1393
f 1419/1419/1419 1393/1393/1393 1418/1418/1418
f 1393/1393/1393 1396/1396/1396 1417/1417/1417
f 1392/1392/1392 1423/1423/1423 1391/1391/1391
f 1397/1397/1397 1412/1412/1412 1413/1413/1413
f 1415/1415/1415 1397/1397/1397 1414/1414/1414
f 1413/1413/1413 1414/1414/1414 1397/1397/1397
f 1401/1401/1401 1415/1415/1415 1400/1400/1400
f 1401/1401/1401 1402/1402/1402 1397/1397/1397
f 1402/1402/1402 1403/1403/1403 1397/1397/1397
f 1401/1401/1401 1397/1397/1397 1415/1415/1415
f 1398/1398/1398 1397/1397/1397 1403/1403/1403 1404/1404/1404
f 1407/1407/1407 1416/1416/1416 1399/1399/1399
f 1396/1396/1396 1399/1399/1399 1416/1416/1416
f 1399/1399/1399 1398/1398/1398 1405/1405/1405 1406/1406/1406
f 1417/1417/1417 1396/1396/1396 1416/1416/1416
f 1398/1398/1398 1404/1404/1404 1405/1405/1405
f 1399/1399/1399 1406/1406/1406 1407/1407/1407
f 1416/1416/1416 1407/1407/1407 1408/1408/1408
f 1412/1412/1412 1397/1397/1397 1394/1394/1394
f 1433/1433/1433 1430/1430/1430 1429/1429/1429 1432/1432/1432
f 1434/1434/1434 1431/1431/1431 1430/1430/1430 1433/1433/1433
f 1436/1436/1436 1433/1433/1433 1432/1432/1432 1435/1435/1435
f 1437/1437/1437 1434/1434/1434 1433/1433/1433 1436/1436/1436
f 1451/1451/1451 1427/1427/1427 1438/1438/1438
f 1451/1451/1451 1429/1429/1429 1450/1450/1450
f 1429/1429/1429 1451/1451/1451 1438/1438/1438
f 1429/1429/1429 1439/1439/1439 1440/1440/1440
f 1432/1432/1432 1429/1429/1429 1440/1440/1440 1441/1441/1441
f 1438/1438/1438 1439/1439/1439 1429/1429/1429
f 1449/1449/1449 1450/1450/1450 1429/1429/1429
f 1430/1430/1430 1448/1448/1448 1449/1449/1449
f 1431/1431/1431 1446/1446/1446 1447/1447/1447
f 1447/1447/1447 1448/1448/1448 1430/1430/1430
f 1446/1446/1446 1431/1431/1431 1445/1445/1445
f 1428/1428/1428 1445/1445/1445 1459/1459/1459
f 1431/1431/1431 1459/1459/1459 1445/1445/1445
f 1459/1459/1459 1431/1431/1431 1434/1434/1434
f 1430/1430/1430 1431/1431/1431 1447/1447/1447
f 1430/1430/1430 1449/1449/1449 1429/1429/1429
f 1435/1435/1435 1432/1432/1432 1441/1441/1441 1442/1442/1442
f 1444/1444/1444 1435/1435/1435 1443/1443/1443
f 1442/1442/1442 1443/1443/1443 1435/1435/1435
f 1461/1461/1461 1444/1444/1444 1460/1460/1460
f 1444/1444/1444 1461/1461/1461 1452/1452/1452
f 1435/1435/1435 1444/1444/1444 1452/1452/1452
f 1453/1453/1453 1435/1435/1435 1452/1452/1452
f 1437/1437/1437 1457/1457/1457 1434/1434/1434
f 1458/1458/1458 1434/1434/1434 1457/1457/1457
f 1437/1437/1437 1436/1436/1436 1456/1456/1456
f 1459/1459/1459 1434/1434/1434 1458/1458/1458
f 1454/1454/1454 1455/1455/1455 1436/1436/1436
f 1457/1457/1457 1437/1437/1437 1456/1456/1456
f 1456/1456/1456 1436/1436/1436 1455/1455/1455
f 1454/1454/1454 1436/1436/1436 1435/1435/1435
f 1454/1454/1454 1435/1435/1435 1453/1453/1453
f 1467/1467/1467 1468/1468/1468 1462/1462/1462
f 1469/1469/1469 1463/1463/1463 1462/1462/1462 1468/1468/1468
f 1470/1470/1470 1464/1464/1464 1463/1463/1463 1469/1469/1469
f 1471/1471/1471 1465/1465/1465 1464/1464/1464 1470/1470/1470
f 1472/1472/1472 1466/1466/1466 1465/1465/1465 1471/1471/1471
f 1474/1474/1474 1468/1468/1468 1467/1467/1467 1473/1473/1473
f 1475/1475/1475 1469/1469/1469 1468/1468/1468 1474/1474/1474
f 1476/1476/1476 1470/1470/1470 1469/1469/1469 1475/1475/1475
f 1477/1477/1477 1471/1471/1471 1470/1470/1470 1476/1476/1476
f 1478/1478/1478 1472/1472/1472 1471/1471/1471 1477/1477/1477
f 1480/1480/1480 1474/1474/1474 1473/1473/1473 1479/1479/1479
f 1481/1481/1481 1475/1475/1475 1474/1474/1474 1480/1480/1480
f 1482/1482/1482 1476/1476/1476 1475/1475/1475 1481/1481/1481
f 1483/1483/1483 1477/1477/1477 1476/1476/1476 1482/1482/1482
f 1484/1484/1484 1478/1478/1478 1477/1477/1477 1483/1483/1483
f 1486/1486/1486 1480/1480/1480 1479/1479/1479 1485/1485/1485
f 1487/1487/1487 1481/1481/1481 1480/1480/1480 1486/1486/1486
f 1488/1488/1488 1482/1482/1482 1481/1481/1481 1487/1487/1487
f 1489/1489/1489 1483/1483/1483 1482/1482/1482 1488/1488/1488
f 1490/1490/1490 1484/1484/1484 1483/1483/1483 1489/1489/1489
f 1491/1491/1491 1486/1486/1486 1485/1485/1485
f 1492/1492/1492 1487/1487/1487 1486/1486/1486 1491/1491/1491
f 1493/1493/1493 1488/1488/1488 1487/1487/1487 1492/1492/1492
f 1494/1494/1494 1489/1489/1489 1488/1488/1488 1493/1493/1493
f 1495/1495/1495 1490/1490/1490 1489/1489/1489 1494/1494/1494
f 1462/1462/1462 1516/1516/1516 1517/1517/1517
f 1467/1467/1467 1462/1462/1462 1517/1517/1517
f 1463/1463/1463 1515/1515/1515 1516/1516/1516
f 1515/1515/1515 1463/1463/1463 1514/1514/1514
f 1464/1464/1464 1510/1510/1510 1514/1514/1514
f 1516/1516/1516 1462/1462/1462 1463/1463/1463
f 1519/1519/1519 1467/1467/1467 1518/1518/1518
f 1520/1520/1520 1473/1473/1473 1519/1519/1519
f 1514/1514/1514 1463/1463/1463 1464/1464/1464
f 1519/1519/1519 1473/1473/1473 1467/1467/1467
f 1518/1518/1518 1467/1467/1467 1517/1517/1517
f 1509/1509/1509 1510/1510/1510 1464/1464/1464
f 1508/1508/1508 1509/1509/1509 1465/1465/1465
f 1464/1464/1464 1465/1465/1465 1509/1509/1509
f 1507/1507/1507 1508/1508/1508 1465/1465/1465
f 1507/1507/1507 1466/1466/1466 1506/1506/1506
f 1506/1506/1506 1466/1466/1466 1505/1505/1505
f 1465/1465/1465 1466/1466/1466 1507/1507/1507
f 1466/1466/1466 1472/1472/1472 1512/1512/1512 1513/1513/1513
f 1472/1472/1472 1478/1478/1478 1511/1511/1511 1512/1512/1512
f 1478/1478/1478 1504/1504/1504 1511/1511/1511
f 1478/1478/1478 1484/1484/1484 1503/1503/1503 1504/1504/1504
f 1505/1505/1505 1466/1466/1466 1513/1513/1513
f 1479/1479/1479 1473/1473/1473 1520/1520/1520
f 1521/1521/1521 1485/1485/1485 1479/1479/1479
f 1520/1520/1520 1521/1521/1521 1479/1479/1479
f 1522/1522/1522 1485/1485/1485 1521/1521/1521
f 1485/1485/1485 1523/1523/1523 1491/1491/1491
f 1524/1524/1524 1492/1492/1492 1491/1491/1491
f 1523/1523/1523 1485/1485/1485 1522/1522/1522
f 1492/1492/1492 1524/1524/1524 1525/1525/1525
f 1493/1493/1493 1492/1492/1492 1525/1525/1525
f 1526/1526/1526 1494/1494/1494 1493/1493/1493
f 1494/1494/1494 1526/1526/1526 1527/1527/1527
f 1526/1526/1526 1493/1493/1493 1525/1525/1525
f 1528/1528/1528 1494/1494/1494 1527/1527/1527
f 1523/1523/1523 1524/1524/1524 1491/1491/1491
f 1484/1484/1484 1502/1502/1502 1503/1503/1503
f 1484/1484/1484 1490/1490/1490 1501/1501/1501 1502/1502/1502
f 1490/1490/1490 1500/1500/1500 1501/1501/1501
f 1500/1500/1500 1490/1490/1490 1499/1499/1499
f 1529/1529/1529 1495/1495/1495 1528/1528/1528
f 1497/1497/1497 1495/1495/1495 1529/1529/1529
f 1495/1495/1495 1498/1498/1498 1499/1499/1499
f 1529/1529/1529 1496/1496/1496 1497/1497/1497
f 1497/1497/1497 1498/1498/1498 1495/1495/1495
f 1490/1490/1490 1495/1495/1495 1499/1499/1499
f 1494/1494/1494 1528/1528/1528 1495/1495/1495
f 1549/1549/1549 1530/1530/1530 1541/1541/1541
f 1549/1549/1549 1542/1542/1542 1543/1543/1543
f 1549/1549/1549 1543/1543/1543 1544/1544/1544
f 1549/1549/1549 1541/1541/1541 1542/1542/1542
f 1548/1548/1548 1549/1549/1549 1544/1544/1544
f 1540/1540/1540 1531/1531/1531 1548/1548/1548
f 1548/1548/1548 1539/1539/1539 1540/1540/1540
f 1548/1548/1548 1538/1538/1538 1539/1539/1539
f 1538/1538/1538 1548/1548/1548 1537/1537/1537
f 1537/1537/1537 1548/1548/1548 1544/1544/1544
f 1550/1550/1550 1545/1545/1545 1546/1546/1546
f 1550/1550/1550 1547/1547/1547 1532/1532/1532
f 1546/1546/1546 1547/1547/1547 1550/1550/1550
f 1550/1550/1550 1551/1551/1551 1544/1544/1544
f 1551/1551/1551 1536/1536/1536 1537/1537/1537
f 1551/1551/1551 1535/1535/1535 1536/1536/1536
f 1533/1533/1533 1534/1534/1534 1551/1551/1551
f 1535/1535/1535 1551/1551/1551 1534/1534/1534
f 1537/1537/1537 1544/1544/1544 1551/1551/1551
f 1545/1545/1545 1550/1550/1550 1544/1544/1544
f 1558/1558/1558 1555/1555/1555 1554/1554/1554 1557/1557/1557
f 1559/1559/1559 1556/1556/1556 1555/1555/1555 1558/1558/1558
f 1561/1561/1561 1558/1558/1558 1557/1557/1557 1560/1560/1560
f 1562/1562/1562 1559/1559/1559 1558/1558/1558 1561/1561/1561
f 1576/1576/1576 1552/1552/1552 1563/1563/1563
f 1576/1576/1576 1554/1554/1554 1575/1575/1575
f 1564/1564/1564 1576/1576/1576 1563/1563/1563
f 1554/1554/1554 1564/1564/1564 1565/1565/1565
f 1565/1565/1565 1566/1566/1566 1554/1554/1554
f 1576/1576/1576 1564/1564/1564 1554/1554/1554
f 1574/1574/1574 1575/1575/1575 1554/1554/1554
f 1555/1555/1555 1573/1573/1573 1574/1574/1574
f 1556/1556/1556 1571/1571/1571 1572/1572/1572
f 1572/1572/1572 1573/1573/1573 1555/1555/1555
f 1571/1571/1571 1556/1556/1556 1570/1570/1570
f 1559/1559/1559 1583/1583/1583 1556/1556/1556
f 1553/1553/1553 1570/1570/1570 1583/1583/1583
f 1556/1556/1556 1583/1583/1583 1570/1570/1570
f 1555/1555/1555 1556/1556/1556 1572/1572/1572
f 1555/1555/1555 1574/1574/1574 1554/1554/1554
f 1566/1566/1566 1557/1557/1557 1554/1554/1554
f 1557/1557/1557 1567/1567/1567 1568/1568/1568
f 1568/1568/1568 1560/1560/1560 1557/1557/1557
f 1560/1560/1560 1568/1568/1568 1584/1584/1584
f 1568/1568/1568 1569/1569/1569 1584/1584/1584
f 1560/1560/1560 1586/1586/1586 1587/1587/1587
f 1560/1560/1560 1585/1585/1585 1586/1586/1586
f 1560/1560/1560 1584/1584/1584 1585/1585/1585
f 1587/1587/1587 1561/1561/1561 1560/1560/1560
f 1581/1581/1581 1582/1582/1582 1562/1562/1562
f 1559/1559/1559 1562/1562/1562 1582/1582/1582
f 1562/1562/1562 1561/1561/1561 1580/1580/1580
f 1583/1583/1583 1559/1559/1559 1582/1582/1582
f 1578/1578/1578 1579/1579/1579 1561/1561/1561
f 1581/1581/1581 1562/1562/1562 1580/1580/1580
f 1580/1580/1580 1561/1561/1561 1579/1579/1579
f 1578/1578/1578 1561/1561/1561 1587/1587/1587
f 1578/1578/1578 1587/1587/1587 1577/1577/1577
f 1567/1567/1567 1557/1557/1557 1566/1566/1566
f 1592/1592/1592 1589/1589/1589 1588/1588/1588 1591/1591/1591
f 1593/1593/1593 1590/1590/1590 1589/1589/1589 1592/1592/1592
f 1595/1595/1595 1592/1592/1592 1591/1591/1591 1594/1594/1594
f 1596/1596/1596 1593/1593/1593 1592/1592/1592 1595/1595/1595
f 1588/1588/1588 1609/1609/1609 1610/1610/1610
f 1609/1609/1609 1589/1589/1589 1608/1608/1608
f 1612/1612/1612 1591/1591/1591 1610/1610/1610
f 1588/1588/1588 1589/1589/1589 1609/1609/1609
f 1591/1591/1591 1588/1588/1588 1610/1610/1610
f 1591/1591/1591 1612/1612/1612 1613/1613/1613
f 1611/1611/1611 1612/1612/1612 1610/1610/1610
f 1619/1619/1619 1606/1606/1606 1607/1607/1607
f 1619/1619/1619 1589/1589/1589 1618/1618/1618
f 1589/1589/1589 1619/1619/1619 1607/1607/1607
f 1618/1618/1618 1590/1590/1590 1617/1617/1617
f 1593/1593/1593 1616/1616/1616 1590/1590/1590
f 1590/1590/1590 1616/1616/1616 1617/1617/1617
f 1589/1589/1589 1590/1590/1590 1618/1618/1618
f 1589/1589/1589 1607/1607/1607 1608/1608/1608
f 1594/1594/1594 1613/1613/1613 1614/1614/1614
f 1597/1597/1597 1598/1598/1598 1614/1614/1614
f 1594/1594/1594 1614/1614/1614 1598/1598/1598
f 1594/1594/1594 1598/1598/1598 1599/1599/1599
f 1595/1595/1595 1594/1594/1594 1600/1600/1600 1601/1601/1601
f 1594/1594/1594 1599/1599/1599 1600/1600/1600
f 1604/1604/1604 1615/1615/1615 1596/1596/1596
f 1593/1593/1593 1596/1596/1596 1615/1615/1615
f 1596/1596/1596 1595/1595/1595 1602/1602/1602 1603/1603/1603
f 1616/1616/1616 1593/1593/1593 1615/1615/1615
f 1615/1615/1615 1604/1604/1604 1605/1605/1605
f 1596/1596/1596 1603/1603/1603 1604/1604/1604
f 1602/1602/1602 1595/1595/1595 1601/1601/1601
f 1613/1613/1613 1594/1594/1594 1591/1591/1591
f 1624/1624/1624 1625/1625/1625 1620/1620/1620
f 1626/1626/1626 1621/1621/1621 1620/1620/1620 1625/1625/1625
f 1627/1627/1627 1622/1622/1622 1621/1621/1621 1626/1626/1626
f 1628/1628/1628 1623/1623/1623 1622/1622/1622 1627/1627/1627
f 1623/1623/1623 1628/1628/1628 1629/1629/1629
f 1631/1631/1631 1625/1625/1625 1624/1624/1624 1630/1630/1630
f 1632/1632/1632 1626/1626/1626 1625/1625/1625 1631/1631/1631
f 1633/1633/1633 1627/1627/1627 1626/1626/1626 1632/1632/1632
f 1634/1634/1634 1628/1628/1628 1627/1627/1627 1633/1633/1633
f 1635/1635/1635 1629/1629/1629 1628/1628/1628 1634/1634/1634
f 1637/1637/1637 1631/1631/1631 1630/1630/1630 1636/1636/1636
f 1638/1638/1638 1632/1632/1632 1631/1631/1631 1637/1637/1637
f 1639/1639/1639 1633/1633/1633 1632/1632/1632 1638/1638/1638
f 1640/1640/1640 1634/1634/1634 1633/1633/1633 1639/1639/1639
f 1641/1641/1641 1635/1635/1635 1634/1634/1634 1640/1640/1640
f 1643/1643/1643 1637/1637/1637 1636/1636/1636 1642/1642/1642
f 1644/1644/1644 1638/1638/1638 1637/1637/1637 1643/1643/1643
f 1645/1645/1645 1639/1639/1639 1638/1638/1638 1644/1644/1644
f 1646/1646/1646 1640/1640/1640 1639/1639/1639 1645/1645/1645
f 1647/1647/1647 1641/1641/1641 1640/1640/1640 1646/1646/1646
f 1648/1648/1648 1643/1643/1643 1642/1642/1642
f 1649/1649/1649 1644/1644/1644 1643/1643/1643 1648/1648/1648
f 1650/1650/1650 1645/1645/1645 1644/1644/1644 1649/1649/1649
f 1651/1651/1651 1646/1646/1646 1645/1645/1645 1650/1650/1650
f 1652/1652/1652 1647/1647/1647 1646/1646/1646 1651/1651/1651
f 1620/1620/1620 1669/1669/1669 1670/1670/1670
f 1624/1624/1624 1620/1620/1620 1670/1670/1670
f 1621/1621/1621 1668/1668/1668 1669/1669/1669
f 1622/1622/1622 1683/1683/1683 1667/1667/1667
f 1667/1667/1667 1668/1668/1668 1622/1622/1622
f 1620/1620/1620 1621/1621/1621 1669/1669/1669
f 1624/1624/1624 1671/1671/1671 1672/1672/1672
f 1630/1630/1630 1624/1624/1624 1672/1672/1672
f 1668/1668/1668 1621/1621/1621 1622/1622/1622
f 1630/1630/1630 1672/1672/1672 1673/1673/1673
f 1671/1671/1671 1624/1624/1624 1670/1670/1670
f 1682/1682/1682 1683/1683/1683 1622/1622/1622
f 1681/1681/1681 1682/1682/1682 1623/1623/1623
f 1623/1623/1623 1682/1682/1682 1622/1622/1622
f 1680/1680/1680 1681/1681/1681 1623/1623/1623
f 1661/1661/1661 1680/1680/1680 1684/1684/1684
f 1623/1623/1623 1684/1684/1684 1680/1680/1680
f 1660/1660/1660 1661/1661/1661 1684/1684/1684
f 1684/1684/1684 1623/1623/1623 1629/1629/1629
f 1629/1629/1629 1659/1659/1659 1660/1660/1660
f 1684/1684/1684 1629/1629/1629 1660/1660/1660
f 1629/1629/1629 1635/1635/1635 1658/1658/1658 1659/1659/1659
f 1635/1635/1635 1657/1657/1657 1658/1658/1658
f 1635/1635/1635 1641/1641/1641 1656/1656/1656 1657/1657/1657
f 1674/1674/1674 1636/1636/1636 1673/1673/1673
f 1675/1675/1675 1642/1642/1642 1674/1674/1674
f 1674/1674/1674 1642/1642/1642 1636/1636/1636
f 1642/1642/1642 1676/1676/1676 1648/1648/1648
f 1676/1676/1676 1642/1642/1642 1675/1675/1675
f 1649/1649/1649 1648/1648/1648 1677/1677/1677
f 1678/1678/1678 1649/1649/1649 1677/1677/1677
f 1650/1650/1650 1649/1649/1649 1679/1679/1679
f 1678/1678/1678 1679/1679/1679 1649/1649/1649
f 1662/1662/1662 1650/1650/1650 1679/1679/1679
f 1676/1676/1676 1677/1677/1677 1648/1648/1648
f 1647/1647/1647 1652/1652/1652 1654/1654/1654 1655/1655/1655
f 1641/1641/1641 1647/1647/1647 1655/1655/1655 1656/1656/1656
f 1664/1664/1664 1665/1665/1665 1651/1651/1651
f 1650/1650/1650 1663/1663/1663 1651/1651/1651
f 1654/1654/1654 1652/1652/1652 1653/1653/1653
f 1666/1666/1666 1653/1653/1653 1652/1652/1652
f 1652/1652/1652 1665/1665/1665 1666/1666/1666
f 1652/1652/1652 1651/1651/1651 1665/1665/1665
f 1663/1663/1663 1664/1664/1664 1651/1651/1651
f 1663/1663/1663 1650/1650/1650 1662/1662/1662
f 1673/1673/1673 1636/1636/1636 1630/1630/1630
f 1691/1691/1691 1689/1689/1689 1690/1690/1690
f 1689/1689/1689 1691/1691/1691 1692/1692/1692
f 1703/1703/1703 1689/1689/1689 1692/1692/1692
f 1692/1692/1692 1693/1693/1693 1702/1702/1702 1703/1703/1703
f 1689/1689/1689 1704/1704/1704 1685/1685/1685
f 1701/1701/1701 1702/1702/1702 1693/1693/1693 1694/1694/1694
f 1703/1703/1703 1704/1704/1704 1689/1689/1689
f 1700/1700/1700 1701/1701/1701 1694/1694/1694 1695/1695/1695
f 1688/1688/1688 1696/1696/1696 1697/1697/1697
f 1688/1688/1688 1697/1697/1697 1686/1686/1686
f 1695/1695/1695 1696/1696/1696 1699/1699/1699 1700/1700/1700
f 1687/1687/1687 1698/1698/1698 1688/1688/1688
f 1699/1699/1699 1688/1688/1688 1698/1698/1698
f 1699/1699/1699 1696/1696/1696 1688/1688/1688
f 1709/1709/1709 1706/1706/1706 1705/1705/1705 1708/1708/1708
f 1710/1710/1710 1707/1707/1707 1706/1706/1706 1709/1709/1709
f 1712/1712/1712 1709/1709/1709 1708/1708/1708 1711/1711/1711
f 1713/1713/1713 1710/1710/1710 1709/1709/1709 1712/1712/1712
f 1729/1729/1729 1727/1727/1727 1728/1728/1728
f 1705/1705/1705 1725/1725/1725 1726/1726/1726
f 1726/1726/1726 1727/1727/1727 1705/1705/1705
f 1705/1705/1705 1729/1729/1729 1730/1730/1730
f 1705/1705/1705 1730/1730/1730 1708/1708/1708
f 1731/1731/1731 1708/1708/1708 1730/1730/1730
f 1732/1732/1732 1708/1708/1708 1731/1731/1731
f 1727/1727/1727 1729/1729/1729 1705/1705/1705
f 1724/1724/1724 1725/1725/1725 1705/1705/1705
f 1741/1741/1741 1723/1723/1723 1724/1724/1724
f 1741/1741/1741 1706/1706/1706 1740/1740/1740
f 1706/1706/1706 1741/1741/1741 1724/1724/1724
f 1707/1707/1707 1739/1739/1739 1706/1706/1706
f 1740/1740/1740 1706/1706/1706 1739/1739/1739
f 1737/1737/1737 1738/1738/1738 1707/1707/1707
f 1739/1739/1739 1707/1707/1707 1738/1738/1738
f 1707/1707/1707 1710/1710/1710 1737/1737/1737
f 1706/1706/1706 1724/1724/1724 1705/1705/1705
f 1711/1711/1711 1732/1732/1732 1733/1733/1733
f 1735/1735/1735 1711/1711/1711 1734/1734/1734
f 1733/1733/1733 1734/1734/1734 1711/1711/1711
f 1715/1715/1715 1735/1735/1735 1714/1714/1714
f 1715/1715/1715 1716/1716/1716 1711/1711/1711
f 1716/1716/1716 1717/1717/1717 1711/1711/1711
f 1715/1715/1715 1711/1711/1711 1735/1735/1735
f 1712/1712/1712 1711/1711/1711 1717/1717/1717 1718/1718/1718
f 1721/1721/1721 1736/1736/1736 1713/1713/1713
f 1710/1710/1710 1713/1713/1713 1736/1736/1736
f 1713/1713/1713 1712/1712/1712 1719/1719/1719 1720/1720/1720
f 1737/1737/1737 1710/1710/1710 1736/1736/1736
f 1712/1712/1712 1718/1718/1718 1719/1719/1719
f 1713/1713/1713 1720/1720/1720 1721/1721/1721
f 1736/1736/1736 1721/1721/1721 1722/1722/1722
f 1732/1732/1732 1711/1711/1711 1708/1708/1708
f 1748/1748/1748 1745/1745/1745 1744/1744/1744 1747/1747/1747
f 1749/1749/1749 1746/1746/1746 1745/1745/1745 1748/1748/1748
f 1751/1751/1751 1748/1748/1748 1747/1747/1747 1750/1750/1750
f 1752/1752/1752 1749/1749/1749 1748/1748/1748 1751/1751/1751
f 1753/1753/1753 1763/1763/1763 1742/1742/1742
f 1744/1744/1744 1762/1762/1762 1763/1763/1763
f 1744/1744/1744 1753/1753/1753 1754/1754/1754
f 1744/1744/1744 1745/1745/1745 1760/1760/1760 1761/1761/1761
f 1744/1744/1744 1761/1761/1761 1762/1762/1762
f 1753/1753/1753 1744/1744/1744 1763/1763/1763
f 1745/1745/1745 1759/1759/1759 1760/1760/1760
f 1746/1746/1746 1757/1757/1757 1758/1758/1758
f 1758/1758/1758 1759/1759/1759 1746/1746/1746
f 1746/1746/1746 1773/1773/1773 1757/1757/1757
f 1749/1749/1749 1773/1773/1773 1746/1746/1746
f 1773/1773/1773 1743/1743/1743 1757/1757/1757
f 1745/1745/1745 1746/1746/1746 1759/1759/1759
f 1747/1747/1747 1744/1744/1744 1754/1754/1754 1755/1755/1755
f 1755/1755/1755 1764/1764/1764 1747/1747/1747
f 1747/1747/1747 1764/1764/1764 1750/1750/1750
f 1764/1764/1764 1755/1755/1755 1756/1756/1756
f 1750/1750/1750 1764/1764/1764 1765/1765/1765
f 1765/1765/1765 1766/1766/1766 1751/1751/1751
f 1751/1751/1751 1750/1750/1750 1765/1765/1765
f 1767/1767/1767 1751/1751/1751 1766/1766/1766
f 1771/1771/1771 1772/1772/1772 1752/1752/1752
f 1749/1749/1749 1752/1752/1752 1772/1772/1772
f 1752/1752/1752 1751/1751/1751 1770/1770/1770
f 1773/1773/1773 1749/1749/1749 1772/1772/1772
f 1769/1769/1769 1770/1770/1770 1751/1751/1751
f 1770/1770/1770 1771/1771/1771 1752/1752/1752
f 1769/1769/1769 1751/1751/1751 1767/1767/1767
f 1769/1769/1769 1767/1767/1767 1768/1768/1768
f 1779/1779/1779 1780/1780/1780 1774/1774/1774
f 1781/1781/1781 1775/1775/1775 1774/1774/1774 1780/1780/1780
f 1782/1782/1782 1776/1776/1776 1775/1775/1775 1781/1781/1781
f 1783/1783/1783 1777/1777/1777 1776/1776/1776 1782/1782/1782
f 1784/1784/1784 1778/1778/1778 1777/1777/1777 1783/1783/1783
f 1786/1786/1786 1780/1780/1780 1779/1779/1779 1785/1785/1785
f 1787/1787/1787 1781/1781/1781 1780/1780/1780 1786/1786/1786
f 1788/1788/1788 1782/1782/1782 1781/1781/1781 1787/1787/1787
f 1789/1789/1789 1783/1783/1783 1782/1782/1782 1788/1788/1788
f 1790/1790/1790 1784/1784/1784 1783/1783/1783 1789/1789/1789
f 1792/1792/1792 1786/1786/1786 1785/1785/1785 1791/1791/1791
f 1793/1793/1793 1787/1787/1787 1786/1786/1786 1792/1792/1792
f 1794/1794/1794 1788/1788/1788 1787/1787/1787 1793/1793/1793
f 1795/1795/1795 1789/1789/1789 1788/1788/1788 1794/1794/1794
f 1796/1796/1796 1790/1790/1790 1789/1789/1789 1795/1795/1795
f 1798/1798/1798 1792/1792/1792 1791/1791/1791 1797/1797/1797
f 1799/1799/1799 1793/1793/1793 1792/1792/1792 1798/1798/1798
f 1800/1800/1800 1794/1794/1794 1793/1793/1793 1799/1799/1799
f 1801/1801/1801 1795/1795/1795 1794/1794/1794 1800/1800/1800
f 1802/1802/1802 1796/1796/1796 1795/1795/1795 1801/1801/1801
f 1803/1803/1803 1798/1798/1798 1797/1797/1797
f 1804/1804/1804 1799/1799/1799 1798/1798/1798 1803/1803/1803
f 1805/1805/1805 1800/1800/1800 1799/1799/1799 1804/1804/1804
f 1806/1806/1806 1801/1801/1801 1800/1800/1800 1805/1805/1805
f 1802/1802/1802 1801/1801/1801 1806/1806/1806
f 1774/1774/1774 1819/1819/1819 1820/1820/1820
f 1779/1779/1779 1774/1774/1774 1820/1820/1820
f 1775/1775/1775 1818/1818/1818 1819/1819/1819
f 1818/1818/1818 1775/1775/1775 1817/1817/1817
f 1776/1776/1776 1816/1816/1816 1817/1817/1817
f 1819/1819/1819 1774/1774/1774 1775/1775/1775
f 1779/1779/1779 1821/1821/1821 1822/1822/1822
f 1785/1785/1785 1779/1779/1779 1822/1822/1822
f 1817/1817/1817 1775/1775/1775 1776/1776/1776
f 1785/1785/1785 1822/1822/1822 1823/1823/1823
f 1821/1821/1821 1779/1779/1779 1820/1820/1820
f 1837/1837/1837 1816/1816/1816 1776/1776/1776
f 1836/1836/1836 1837/1837/1837 1777/1777/1777
f 1776/1776/1776 1777/1777/1777 1837/1837/1837
f 1835/1835/1835 1836/1836/1836 1777/1777/1777
f 1835/1835/1835 1778/1778/1778 1834/1834/1834
f 1834/1834/1834 1814/1814/1814 1815/1815/1815
f 1777/1777/1777 1778/1778/1778 1835/1835/1835
f 1778/1778/1778 1784/1784/1784 1813/1813/1813 1814/1814/1814
f 1784/1784/1784 1790/1790/1790 1812/1812/1812 1813/1813/1813
f 1812/1812/1812 1790/1790/1790 1811/1811/1811
f 1834/1834/1834 1778/1778/1778 1814/1814/1814
f 1824/1824/1824 1791/1791/1791 1823/1823/1823
f 1825/1825/1825 1797/1797/1797 1824/1824/1824
f 1824/1824/1824 1797/1797/1797 1791/1791/1791
f 1797/1797/1797 1826/1826/1826 1803/1803/1803
f 1826/1826/1826 1797/1797/1797 1825/1825/1825
f 1804/1804/1804 1803/1803/1803 1827/1827/1827
f 1828/1828/1828 1804/1804/1804 1827/1827/1827
f 1804/1804/1804 1828/1828/1828 1805/1805/1805
f 1829/1829/1829 1805/1805/1805 1828/1828/1828
f 1830/1830/1830 1805/1805/1805 1829/1829/1829
f 1826/1826/1826 1827/1827/1827 1803/1803/1803
f 1796/1796/1796 1810/1810/1810 1811/1811/1811
f 1796/1796/1796 1811/1811/1811 1790/1790/1790
f 1796/1796/1796 1802/1802/1802 1809/1809/1809 1810/1810/1810
f 1802/1802/1802 1808/1808/1808 1809/1809/1809
f 1802/1802/1802 1838/1838/1838 1807/1807/1807 1808/1808/1808
f 1806/1806/1806 1831/1831/1831 1832/1832/1832
f 1805/1805/1805 1831/1831/1831 1806/1806/1806
f 1802/1802/1802 1806/1806/1806 1838/1838/1838
f 1833/1833/1833 1838/1838/1838 1806/1806/1806
f 1838/1838/1838 1833/1833/1833 1807/1807/1807
f 1833/1833/1833 1806/1806/1806 1832/1832/1832
f 1805/1805/1805 1830/1830/1830 1831/1831/1831
f 1823/1823/1823 1791/1791/1791 1785/1785/1785
