# Rhino

o object_1
v -4165.03955078125 289.65841674804688 -24278.5703125
v -4169.396484375 297.37396240234375 -24273.283203125
v -4171.63916015625 296.10690307617188 -24273.603515625
v -4173.86572265625 294.84735107421875 -24274.634765625
v -4175.77001953125 293.7679443359375 -24276.359375
v -4177.091796875 293.01666259765625 -24278.5703125
v -4175.9228515625 291.40057373046875 -24278.5703125
v -4174.42138671875 290.08761596679688 -24278.5703125
v -4172.5673828125 289.10675048828125 -24278.5703125
v -4170.56591796875 288.59432983398438 -24278.5703125
v -4168.50048828125 288.56021118164062 -24278.5703125
v -4166.712890625 288.9298095703125 -24278.5703125
v -4165.74658203125 290.91006469726562 -24276.447265625
v -4166.7939453125 292.76486206054688 -24274.71875
v -4168.0673828125 295.01986694335938 -24273.6328125
v -4139.822265625 303.89813232421875 -24278.5703125
v -4136.1279296875 312.33441162109375 -24277.275390625
v -4137.52783203125 310.3841552734375 -24275.802734375
v -4139.4755859375 308.5806884765625 -24274.908203125
v -4137.7626953125 315.2298583984375 -24276.404296875
v -4139.6611328125 314.1617431640625 -24274.666015625
v -4141.9111328125 312.89370727539062 -24273.611328125
v -4139.216796875 317.80477905273438 -24277.08984375
v -4141.55810546875 317.52117919921875 -24275.5625
v -4144.07666015625 316.72930908203125 -24274.634765625
v -4147.32080078125 317.17758178710938 -24275.5078125
v -4145.859375 314.58941650390625 -24273.861328125
v -4144.17919921875 311.6136474609375 -24273.283203125
v -4142.01318359375 320.17483520507812 -24278.5703125
v -4142.8505859375 319.70187377929688 -24277.466796875
v -4144.22705078125 318.92477416992188 -24276.361328125
v -4144.38330078125 318.83639526367188 -24276.271484375
v -4145.078125 318.444091796875 -24275.94140625
v -4138.333984375 304.9547119140625 -24278.5703125
v -4137.0947265625 306.29428100585938 -24278.5703125
v -4136.05712890625 308.08071899414062 -24278.5703125
v -4135.46240234375 310.05911254882812 -24278.5703125
v -4135.3447265625 312.1533203125 -24278.5703125
v -4135.693359375 314.11721801757812 -24278.5703125
v -4136.4736328125 315.95297241210938 -24278.5703125
v -4137.65087890625 317.57345581054688 -24278.5703125
v -4139.16259765625 318.88742065429688 -24278.5703125
v -4140.9912109375 319.850830078125 -24278.5703125
v -4142.849609375 309.25955200195312 -24273.6328125
v -4141.57666015625 307.00454711914062 -24274.71875
v -4140.529296875 305.14974975585938 -24276.447265625
v -4165.03955078125 289.65841674804688 -24278.5703125
v -4144.17919921875 311.6136474609375 -24273.283203125
v -4169.396484375 297.37396240234375 -24273.283203125
v -4152.5849609375 306.8670654296875 -24273.283203125
v -4160.99072265625 302.12051391601562 -24273.283203125
v -4156.6337890625 294.40499877929688 -24278.5703125
v -4148.22802734375 299.15155029296875 -24278.5703125
v -4168.0673828125 295.01986694335938 -24273.6328125
v -4166.7939453125 292.76486206054688 -24274.71875
v -4165.74658203125 290.91006469726562 -24276.447265625
v -4139.822265625 303.89813232421875 -24278.5703125
v -4140.529296875 305.14974975585938 -24276.447265625
v -4141.57666015625 307.00454711914062 -24274.71875
v -4142.849609375 309.25955200195312 -24273.6328125
v -4147.51416015625 352.83377075195312 -24308.181640625
v -4168.5302734375 342.48281860351562 -24284.068359375
v -4153.55712890625 352.71084594726562 -24308.181640625
v -4159.5634765625 350.78805541992188 -24308.181640625
v -4164.7490234375 347.19851684570312 -24308.181640625
v -4147.51416015625 352.83377075195312 -24284.068359375
v -4147.51416015625 352.83377075195312 -24296.125
v -4164.7490234375 347.19851684570312 -24284.068359375
v -4159.5634765625 350.78805541992188 -24284.068359375
v -4153.55712890625 352.71084594726562 -24284.068359375
v -4168.5302734375 342.48281860351562 -24308.181640625
v -4168.5302734375 342.48281860351562 -24296.125
v -4134.8759765625 329.33724975585938 -24278.5703125
v -4129.80078125 336.88980102539062 -24282.044921875
v -4131.0966796875 336.55108642578125 -24280.1796875
v -4135.21142578125 335.47552490234375 -24278.5703125
v -4133.57861328125 344.5174560546875 -24282.044921875
v -4134.63330078125 343.69192504882812 -24280.1796875
v -4137.982421875 341.07049560546875 -24278.5703125
v -4140.0751953125 350.0172119140625 -24282.044921875
v -4140.71533203125 348.84063720703125 -24280.1796875
v -4142.748046875 345.10458374023438 -24278.5703125
v -4147.51416015625 352.83377075195312 -24284.068359375
v -4147.56494140625 352.41458129882812 -24282.044921875
v -4147.72705078125 351.08502197265625 -24280.1796875
v -4148.24169921875 346.86309814453125 -24278.5703125
v -4147.5263671875 352.73410034179688 -24283.068359375
v -4147.6328125 351.86053466796875 -24281.05859375
v -4147.84375 350.13031005859375 -24279.466796875
v -4147.97412109375 349.06088256835938 -24278.955078125
v -4134.30908203125 329.6573486328125 -24278.58984375
v -4132.26025390625 330.8143310546875 -24279.0546875
v -4130.45947265625 331.83102416992188 -24280.1796875
v -4129.7412109375 332.23675537109375 -24280.986328125
v -4129.193359375 332.54611206054688 -24281.927734375
v -4128.8486328125 332.74057006835938 -24282.970703125
v -4128.7314453125 332.80691528320312 -24284.068359375
v -4129.22119140625 336.29556274414062 -24284.068359375
v -4130.33984375 339.80929565429688 -24284.068359375
v -4132.10888671875 343.1790771484375 -24284.068359375
v -4134.4892578125 346.22796630859375 -24284.068359375
v -4137.37939453125 348.79873657226562 -24284.068359375
v -4140.62890625 350.77993774414062 -24284.068359375
v -4144.06396484375 352.1212158203125 -24284.068359375
v -4183.42138671875 326.998046875 -24313.6796875
v -4194.4951171875 330.57427978515625 -24310.20703125
v -4193.9072265625 329.37078857421875 -24312.0703125
v -4192.0400390625 325.5491943359375 -24313.6796875
v -4203.44580078125 322.23208618164062 -24310.20703125
v -4202.28662109375 321.56103515625 -24312.0703125
v -4198.60595703125 319.43011474609375 -24313.6796875
v -4206.26318359375 311.19088745117188 -24310.20703125
v -4204.92431640625 311.22451782226562 -24312.0703125
v -4200.67236328125 311.33132934570312 -24313.6796875
v -4202.58154296875 299.83499145507812 -24310.20703125
v -4201.4775390625 300.59341430664062 -24312.0703125
v -4197.9716796875 303.00167846679688 -24313.6796875
v -4191.22607421875 297.517578125 -24313.6796875
v -4197.37060546875 294.04788208007812 -24308.181640625
v -4197.2529296875 294.11422729492188 -24309.279296875
v -4196.90869140625 294.30868530273438 -24310.32421875
v -4196.36083984375 294.6180419921875 -24311.265625
v -4195.64208984375 295.0238037109375 -24312.0703125
v -4193.841796875 296.04046630859375 -24313.197265625
v -4191.79296875 297.19744873046875 -24313.66015625
v -4183.34375 327.634033203125 -24313.6484375
v -4184.46435546875 329.61883544921875 -24313.171875
v -4185.44970703125 331.3636474609375 -24312.0703125
v -4185.876953125 332.12063598632812 -24311.21484375
v -4186.1953125 332.6839599609375 -24310.20703125
v -4186.36865234375 332.990966796875 -24309.216796875
v -4186.427734375 333.09548950195312 -24308.181640625
v -4192.7607421875 331.7779541015625 -24308.181640625
v -4198.67041015625 328.42459106445312 -24308.181640625
v -4203.2314453125 323.38827514648438 -24308.181640625
v -4205.89794921875 317.49478149414062 -24308.181640625
v -4206.6826171875 311.07382202148438 -24308.181640625
v -4205.40283203125 304.40069580078125 -24308.181640625
v -4202.0966796875 298.46466064453125 -24308.181640625
v -4183.3828125 327.313232421875 -24313.673828125
v -4191.22607421875 297.517578125 -24313.6796875
v -4191.27734375 297.13461303710938 -24313.6796875
v -4196.30126953125 289.96502685546875 -24310.20703125
v -4195.00537109375 290.3037109375 -24312.0703125
v -4190.89013671875 291.3792724609375 -24313.6796875
v -4192.52294921875 282.33734130859375 -24310.20703125
v -4191.46826171875 283.16287231445312 -24312.0703125
v -4188.119140625 285.7843017578125 -24313.6796875
v -4186.0263671875 276.83761596679688 -24310.20703125
v -4185.38623046875 278.01416015625 -24312.0703125
v -4183.353515625 281.75021362304688 -24313.6796875
v -4178.53662109375 274.44021606445312 -24310.20703125
v -4178.37451171875 275.76980590820312 -24312.0703125
v -4177.85986328125 279.99172973632812 -24313.6796875
v -4165.67529296875 277.00006103515625 -24310.20703125
v -4166.333984375 278.16622924804688 -24312.0703125
v -4168.42578125 281.86935424804688 -24313.6796875
v -4161.76171875 289.4144287109375 -24313.6796875
v -4191.79296875 297.19744873046875 -24313.66015625
v -4193.841796875 296.04046630859375 -24313.197265625
v -4195.64208984375 295.0238037109375 -24312.0703125
v -4196.36083984375 294.6180419921875 -24311.265625
v -4196.90869140625 294.30868530273438 -24310.32421875
v -4197.2529296875 294.11422729492188 -24309.279296875
v -4197.37060546875 294.04788208007812 -24308.181640625
v -4196.029296875 287.71978759765625 -24308.181640625
v -4194.587890625 284.65545654296875 -24308.181640625
v -4192.65380859375 281.82284545898438 -24308.181640625
v -4190.2919921875 279.33544921875 -24308.181640625
v -4187.60009765625 277.28073120117188 -24308.181640625
v -4181.69677734375 274.63632202148438 -24308.181640625
v -4175.27294921875 273.8759765625 -24308.181640625
v -4171.908203125 274.25787353515625 -24308.181640625
v -4168.6044921875 275.18063354492188 -24308.181640625
v -4165.49072265625 276.61907958984375 -24308.181640625
v -4162.68115234375 278.5091552734375 -24308.181640625
v -4158.2822265625 283.2518310546875 -24308.181640625
v -4158.3408203125 283.3563232421875 -24309.216796875
v -4158.5146484375 283.66336059570312 -24310.20703125
v -4158.83251953125 284.2266845703125 -24311.21484375
v -4159.259765625 284.98367309570312 -24312.0703125
v -4160.2451171875 286.72848510742188 -24313.171875
v -4161.3662109375 288.71328735351562 -24313.6484375
v -4191.6005859375 297.17398071289062 -24313.671875
v -4182.94775390625 326.932861328125 -24313.6796875
v -4183.1845703125 326.96734619140625 -24313.6796875
v -4183.34375 327.634033203125 -24313.6484375
v -4183.42138671875 326.998046875 -24313.6796875
v -4183.14599609375 327.28375244140625 -24313.673828125
v -4183.3828125 327.313232421875 -24313.673828125
v -4161.76171875 289.4144287109375 -24313.6796875
v -4151.1357421875 291.65908813476562 -24313.6796875
v -4144.67333984375 300.2342529296875 -24313.6796875
v -4161.3662109375 288.71328735351562 -24313.6484375
v -4160.2451171875 286.72848510742188 -24313.171875
v -4159.259765625 284.98367309570312 -24312.0703125
v -4158.83251953125 284.2266845703125 -24311.21484375
v -4158.5146484375 283.66336059570312 -24310.20703125
v -4158.3408203125 283.3563232421875 -24309.216796875
v -4158.2822265625 283.2518310546875 -24308.181640625
v -4153.19189453125 284.14895629882812 -24308.181640625
v -4148.3271484375 286.322998046875 -24308.181640625
v -4144.1494140625 289.63125610351562 -24308.181640625
v -4141 293.72952270507812 -24308.181640625
v -4141.0703125 293.85336303710938 -24309.2890625
v -4141.2744140625 294.21478271484375 -24310.337890625
v -4141.59619140625 294.78530883789062 -24311.275390625
v -4142.01513671875 295.5269775390625 -24312.0703125
v -4142.99658203125 297.26483154296875 -24313.134765625
v -4148.1240234375 286.94680786132812 -24310.20703125
v -4158.2822265625 283.2518310546875 -24284.068359375
v -4197.37060546875 294.04788208007812 -24284.068359375
v -4197.37060546875 294.04788208007812 -24296.125
v -4197.37060546875 294.04788208007812 -24308.181640625
v -4196.029296875 287.71978759765625 -24308.181640625
v -4194.587890625 284.65545654296875 -24308.181640625
v -4192.65380859375 281.82284545898438 -24308.181640625
v -4190.2919921875 279.33544921875 -24308.181640625
v -4187.60009765625 277.28073120117188 -24308.181640625
v -4181.69677734375 274.63632202148438 -24308.181640625
v -4175.27294921875 273.8759765625 -24308.181640625
v -4171.908203125 274.25787353515625 -24308.181640625
v -4168.6044921875 275.18063354492188 -24308.181640625
v -4165.49072265625 276.61907958984375 -24308.181640625
v -4162.68115234375 278.5091552734375 -24308.181640625
v -4160.26123046875 280.75686645507812 -24284.068359375
v -4162.68115234375 278.5091552734375 -24284.068359375
v -4165.49072265625 276.61907958984375 -24284.068359375
v -4168.6044921875 275.18063354492188 -24284.068359375
v -4171.908203125 274.25787353515625 -24284.068359375
v -4175.27294921875 273.8759765625 -24284.068359375
v -4178.572265625 274.0191650390625 -24284.068359375
v -4181.69677734375 274.63632202148438 -24284.068359375
v -4184.69482421875 275.71011352539062 -24284.068359375
v -4187.60009765625 277.28073120117188 -24284.068359375
v -4190.2919921875 279.33544921875 -24284.068359375
v -4192.65380859375 281.82284545898438 -24284.068359375
v -4194.587890625 284.65545654296875 -24284.068359375
v -4196.029296875 287.71978759765625 -24284.068359375
v -4196.95263671875 290.89083862304688 -24284.068359375
v -4158.2822265625 283.2518310546875 -24308.181640625
v -4158.2822265625 283.2518310546875 -24296.125
v -4191.22607421875 297.517578125 -24278.5703125
v -4196.515625 290.86636352539062 -24282.044921875
v -4195.2060546875 291.14755249023438 -24280.1796875
v -4191.04736328125 292.04043579101562 -24278.5703125
v -4193.4951171875 283.68563842773438 -24282.044921875
v -4192.3779296875 284.42514038085938 -24280.1796875
v -4188.83203125 286.77328491210938 -24278.5703125
v -4188.03466796875 278.08163452148438 -24282.044921875
v -4187.2666015625 279.17877197265625 -24280.1796875
v -4184.82666015625 282.66268920898438 -24278.5703125
v -4181.30126953125 274.96731567382812 -24282.044921875
v -4180.962890625 276.26324462890625 -24280.1796875
v -4179.8876953125 280.37835693359375 -24278.5703125
v -4174.10498046875 274.37152099609375 -24282.044921875
v -4174.2255859375 275.70547485351562 -24280.1796875
v -4174.609375 279.94131469726562 -24278.5703125
v -4166.7763671875 276.42041015625 -24282.044921875
v -4167.36474609375 277.62359619140625 -24280.1796875
v -4169.2333984375 281.4442138671875 -24278.5703125
v -4160.61279296875 280.998779296875 -24282.044921875
v -4161.5947265625 281.90975952148438 -24280.1796875
v -4164.71240234375 284.80245971679688 -24278.5703125
v -4161.76171875 289.4144287109375 -24278.5703125
v -4191.79296875 297.19744873046875 -24278.58984375
v -4193.841796875 296.04046630859375 -24279.0546875
v -4195.64208984375 295.0238037109375 -24280.1796875
v -4196.36083984375 294.6180419921875 -24280.986328125
v -4196.90869140625 294.30868530273438 -24281.927734375
v -4197.2529296875 294.11422729492188 -24282.970703125
v -4197.37060546875 294.04788208007812 -24284.068359375
v -4196.95263671875 290.89083862304688 -24284.068359375
v -4196.029296875 287.71978759765625 -24284.068359375
v -4194.587890625 284.65545654296875 -24284.068359375
v -4192.65380859375 281.82284545898438 -24284.068359375
v -4190.2919921875 279.33544921875 -24284.068359375
v -4187.60009765625 277.28073120117188 -24284.068359375
v -4184.69482421875 275.71011352539062 -24284.068359375
v -4181.69677734375 274.63632202148438 -24284.068359375
v -4178.572265625 274.0191650390625 -24284.068359375
v -4175.27294921875 273.8759765625 -24284.068359375
v -4171.908203125 274.25787353515625 -24284.068359375
v -4168.6044921875 275.18063354492188 -24284.068359375
v -4165.49072265625 276.61907958984375 -24284.068359375
v -4162.68115234375 278.5091552734375 -24284.068359375
v -4160.26123046875 280.75686645507812 -24284.068359375
v -4158.2822265625 283.2518310546875 -24284.068359375
v -4158.3408203125 283.3563232421875 -24283.033203125
v -4158.5146484375 283.66336059570312 -24282.044921875
v -4158.83251953125 284.2266845703125 -24281.037109375
v -4159.259765625 284.98367309570312 -24280.1796875
v -4160.2451171875 286.72848510742188 -24279.078125
v -4161.3662109375 288.71328735351562 -24278.6015625
v -4164.85693359375 335.97808837890625 -24313.6796875
v -4166.53369140625 338.947509765625 -24313.134765625
v -4166.849609375 336.3555908203125 -24313.6796875
v -4165.708984375 337.48684692382812 -24313.552734375
v -4166.69287109375 337.64227294921875 -24313.55078125
v -4166.849609375 336.3555908203125 -24313.6796875
v -4176.28369140625 334.47793579101562 -24313.6796875
v -4182.94775390625 326.932861328125 -24313.6796875
v -4186.427734375 333.09548950195312 -24308.181640625
v -4186.36865234375 332.990966796875 -24309.216796875
v -4186.1953125 332.6839599609375 -24310.20703125
v -4185.876953125 332.12063598632812 -24311.21484375
v -4185.44970703125 331.3636474609375 -24312.0703125
v -4184.46435546875 329.61883544921875 -24313.171875
v -4183.34375 327.634033203125 -24313.6484375
v -4183.14599609375 327.28375244140625 -24313.673828125
v -4166.53369140625 338.947509765625 -24313.134765625
v -4167.51513671875 340.68536376953125 -24312.0703125
v -4167.81640625 341.218994140625 -24311.53125
v -4168.28955078125 342.05703735351562 -24310.20703125
v -4168.46875 342.37445068359375 -24309.21875
v -4168.5302734375 342.48281860351562 -24308.181640625
v -4173.666015625 341.90261840820312 -24308.181640625
v -4178.65625 340.0340576171875 -24308.181640625
v -4183.03076171875 336.9908447265625 -24308.181640625
v -4166.69287109375 337.64227294921875 -24313.55078125
v -4179.03466796875 339.34725952148438 -24310.20703125
v -4186.427734375 333.09548950195312 -24308.181640625
v -4197.37060546875 294.04788208007812 -24308.181640625
v -4197.37060546875 294.04788208007812 -24296.125
v -4186.427734375 333.09548950195312 -24284.068359375
v -4186.427734375 333.09548950195312 -24296.125
v -4192.7607421875 331.7779541015625 -24308.181640625
v -4198.67041015625 328.42459106445312 -24308.181640625
v -4203.2314453125 323.38827514648438 -24308.181640625
v -4205.89794921875 317.49478149414062 -24308.181640625
v -4206.6826171875 311.07382202148438 -24308.181640625
v -4205.40283203125 304.40069580078125 -24308.181640625
v -4202.0966796875 298.46466064453125 -24308.181640625
v -4197.37060546875 294.04788208007812 -24284.068359375
v -4202.0966796875 298.46466064453125 -24284.068359375
v -4205.40283203125 304.40069580078125 -24284.068359375
v -4206.6826171875 311.07382202148438 -24284.068359375
v -4205.89794921875 317.49478149414062 -24284.068359375
v -4203.2314453125 323.38827514648438 -24284.068359375
v -4198.67041015625 328.42459106445312 -24284.068359375
v -4192.7607421875 331.7779541015625 -24284.068359375
v -4144.67333984375 300.2342529296875 -24313.6796875
v -4135.77001953125 294.7672119140625 -24310.20703125
v -4136.09228515625 296.06729125976562 -24312.0703125
v -4137.115234375 300.19558715820312 -24313.6796875
v -4126.35888671875 299.92669677734375 -24310.20703125
v -4127.28173828125 300.89749145507812 -24312.0703125
v -4130.21240234375 303.9801025390625 -24313.6796875
v -4120.82373046875 308.76205444335938 -24310.20703125
v -4122.099609375 309.16891479492188 -24312.0703125
v -4126.15185546875 310.46090698242188 -24313.6796875
v -4120.142578125 318.7353515625 -24310.20703125
v -4121.46240234375 318.50570678710938 -24312.0703125
v -4125.65234375 317.77642822265625 -24313.6796875
v -4124.45849609375 328.28125 -24310.20703125
v -4125.50244140625 327.44235229492188 -24312.0703125
v -4128.81787109375 324.77841186523438 -24313.6796875
v -4134.8759765625 329.33724975585938 -24313.6796875
v -4142.99658203125 297.26483154296875 -24313.134765625
v -4142.01513671875 295.5269775390625 -24312.0703125
v -4141.59619140625 294.78530883789062 -24311.275390625
v -4141.2744140625 294.21478271484375 -24310.337890625
v -4141.0703125 293.85336303710938 -24309.2890625
v -4141 293.72952270507812 -24308.181640625
v -4134.45166015625 294.697265625 -24308.181640625
v -4128.22216796875 297.82632446289062 -24308.181640625
v -4123.328125 302.79083251953125 -24308.181640625
v -4120.392578125 308.72418212890625 -24308.181640625
v -4119.41015625 315.27072143554688 -24308.181640625
v -4120.587890625 322.14154052734375 -24308.181640625
v -4123.9111328125 328.26968383789062 -24308.181640625
v -4128.7314453125 332.80691528320312 -24308.181640625
v -4128.8486328125 332.74057006835938 -24309.279296875
v -4129.193359375 332.54611206054688 -24310.32421875
v -4129.7412109375 332.23675537109375 -24311.265625
v -4130.45947265625 331.83102416992188 -24312.0703125
v -4132.26025390625 330.8143310546875 -24313.197265625
v -4134.30908203125 329.6573486328125 -24313.66015625
v -4158.2822265625 283.2518310546875 -24284.068359375
v -4141 293.72952270507812 -24284.068359375
v -4158.2822265625 283.2518310546875 -24296.125
v -4158.2822265625 283.2518310546875 -24308.181640625
v -4153.19189453125 284.14895629882812 -24308.181640625
v -4148.3271484375 286.322998046875 -24308.181640625
v -4144.1494140625 289.63125610351562 -24308.181640625
v -4144.1494140625 289.63125610351562 -24284.068359375
v -4148.3271484375 286.322998046875 -24284.068359375
v -4153.19189453125 284.14895629882812 -24284.068359375
v -4141 293.72952270507812 -24308.181640625
v -4141 293.72952270507812 -24296.125
v -4161.76171875 289.4144287109375 -24278.5703125
v -4151.1357421875 291.65908813476562 -24278.5703125
v -4144.67333984375 300.2342529296875 -24278.5703125
v -4161.3662109375 288.71328735351562 -24278.6015625
v -4160.2451171875 286.72848510742188 -24279.078125
v -4159.259765625 284.98367309570312 -24280.1796875
v -4158.83251953125 284.2266845703125 -24281.037109375
v -4158.5146484375 283.66336059570312 -24282.044921875
v -4158.3408203125 283.3563232421875 -24283.033203125
v -4158.2822265625 283.2518310546875 -24284.068359375
v -4153.19189453125 284.14895629882812 -24284.068359375
v -4148.3271484375 286.322998046875 -24284.068359375
v -4144.1494140625 289.63125610351562 -24284.068359375
v -4141 293.72952270507812 -24284.068359375
v -4141.0703125 293.85336303710938 -24282.9609375
v -4141.2744140625 294.21478271484375 -24281.9140625
v -4141.59619140625 294.78530883789062 -24280.974609375
v -4142.01513671875 295.5269775390625 -24280.1796875
v -4142.99658203125 297.26483154296875 -24279.115234375
v -4148.1240234375 286.94680786132812 -24282.044921875
v -4147.51416015625 352.83377075195312 -24284.068359375
v -4147.51416015625 352.83377075195312 -24308.181640625
v -4147.51416015625 352.83377075195312 -24296.125
v -4128.7314453125 332.80691528320312 -24284.068359375
v -4128.7314453125 332.80691528320312 -24296.125
v -4128.7314453125 332.80691528320312 -24308.181640625
v -4130.33984375 339.80929565429688 -24308.181640625
v -4134.4892578125 346.22796630859375 -24308.181640625
v -4140.62890625 350.77993774414062 -24308.181640625
v -4144.06396484375 352.1212158203125 -24284.068359375
v -4140.62890625 350.77993774414062 -24284.068359375
v -4137.37939453125 348.79873657226562 -24284.068359375
v -4134.4892578125 346.22796630859375 -24284.068359375
v -4132.10888671875 343.1790771484375 -24284.068359375
v -4130.33984375 339.80929565429688 -24284.068359375
v -4129.22119140625 336.29556274414062 -24284.068359375
v -4134.8759765625 329.33724975585938 -24313.6796875
v -4129.80078125 336.88980102539062 -24310.20703125
v -4131.0966796875 336.55108642578125 -24312.0703125
v -4135.21142578125 335.47552490234375 -24313.6796875
v -4133.57861328125 344.5174560546875 -24310.20703125
v -4134.63330078125 343.69192504882812 -24312.0703125
v -4137.982421875 341.07049560546875 -24313.6796875
v -4147.51416015625 352.83377075195312 -24308.181640625
v -4148.24169921875 346.86309814453125 -24313.6796875
v -4147.5263671875 352.73410034179688 -24309.18359375
v -4147.56494140625 352.41458129882812 -24310.20703125
v -4147.6328125 351.86053466796875 -24311.19140625
v -4147.72705078125 351.08502197265625 -24312.0703125
v -4147.84375 350.13031005859375 -24312.78515625
v -4147.97412109375 349.06088256835938 -24313.294921875
v -4134.30908203125 329.6573486328125 -24313.66015625
v -4132.26025390625 330.8143310546875 -24313.197265625
v -4130.45947265625 331.83102416992188 -24312.0703125
v -4129.7412109375 332.23675537109375 -24311.265625
v -4129.193359375 332.54611206054688 -24310.32421875
v -4128.8486328125 332.74057006835938 -24309.279296875
v -4128.7314453125 332.80691528320312 -24308.181640625
v -4130.33984375 339.80929565429688 -24308.181640625
v -4134.4892578125 346.22796630859375 -24308.181640625
v -4140.62890625 350.77993774414062 -24308.181640625
v -4147.51416015625 352.83377075195312 -24308.181640625
v -4148.24169921875 346.86309814453125 -24313.6796875
v -4158.39453125 344.55325317382812 -24313.6796875
v -4164.85693359375 335.97808837890625 -24313.6796875
v -4153.55712890625 352.71084594726562 -24308.181640625
v -4159.5634765625 350.78805541992188 -24308.181640625
v -4164.7490234375 347.19851684570312 -24308.181640625
v -4168.5302734375 342.48281860351562 -24308.181640625
v -4147.97412109375 349.06088256835938 -24313.294921875
v -4147.84375 350.13031005859375 -24312.78515625
v -4147.72705078125 351.08502197265625 -24312.0703125
v -4147.6328125 351.86053466796875 -24311.19140625
v -4147.56494140625 352.41458129882812 -24310.20703125
v -4147.5263671875 352.73410034179688 -24309.18359375
v -4166.53369140625 338.947509765625 -24313.134765625
v -4165.708984375 337.48684692382812 -24313.552734375
v -4168.46875 342.37445068359375 -24309.21875
v -4168.28955078125 342.05703735351562 -24310.20703125
v -4167.81640625 341.218994140625 -24311.53125
v -4167.51513671875 340.68536376953125 -24312.0703125
v -4161.40625 349.26553344726562 -24310.20703125
v -4144.67333984375 300.2342529296875 -24278.5703125
v -4135.77001953125 294.7672119140625 -24282.044921875
v -4136.09228515625 296.06729125976562 -24280.1796875
v -4137.115234375 300.19558715820312 -24278.5703125
v -4126.35888671875 299.92669677734375 -24282.044921875
v -4127.28173828125 300.89749145507812 -24280.1796875
v -4130.21240234375 303.9801025390625 -24278.5703125
v -4120.82373046875 308.76205444335938 -24282.044921875
v -4122.099609375 309.16891479492188 -24280.1796875
v -4126.15185546875 310.46090698242188 -24278.5703125
v -4120.142578125 318.7353515625 -24282.044921875
v -4121.46240234375 318.50570678710938 -24280.1796875
v -4125.65234375 317.77642822265625 -24278.5703125
v -4124.45849609375 328.28125 -24282.044921875
v -4125.50244140625 327.44235229492188 -24280.1796875
v -4128.81787109375 324.77841186523438 -24278.5703125
v -4134.8759765625 329.33724975585938 -24278.5703125
v -4142.99658203125 297.26483154296875 -24279.115234375
v -4142.01513671875 295.5269775390625 -24280.1796875
v -4141.59619140625 294.78530883789062 -24280.974609375
v -4141.2744140625 294.21478271484375 -24281.9140625
v -4141.0703125 293.85336303710938 -24282.9609375
v -4141 293.72952270507812 -24284.068359375
v -4134.45166015625 294.697265625 -24284.068359375
v -4128.22216796875 297.82632446289062 -24284.068359375
v -4123.328125 302.79083251953125 -24284.068359375
v -4120.392578125 308.72418212890625 -24284.068359375
v -4119.41015625 315.27072143554688 -24284.068359375
v -4120.587890625 322.14154052734375 -24284.068359375
v -4123.9111328125 328.26968383789062 -24284.068359375
v -4128.7314453125 332.80691528320312 -24284.068359375
v -4128.8486328125 332.74057006835938 -24282.970703125
v -4129.193359375 332.54611206054688 -24281.927734375
v -4129.7412109375 332.23675537109375 -24280.986328125
v -4130.45947265625 331.83102416992188 -24280.1796875
v -4132.26025390625 330.8143310546875 -24279.0546875
v -4134.30908203125 329.6573486328125 -24278.58984375
v -4168.5302734375 342.48281860351562 -24308.181640625
v -4186.427734375 333.09548950195312 -24284.068359375
v -4186.427734375 333.09548950195312 -24308.181640625
v -4186.427734375 333.09548950195312 -24296.125
v -4168.5302734375 342.48281860351562 -24284.068359375
v -4168.5302734375 342.48281860351562 -24296.125
v -4173.666015625 341.90261840820312 -24308.181640625
v -4178.65625 340.0340576171875 -24308.181640625
v -4183.03076171875 336.9908447265625 -24308.181640625
v -4183.03076171875 336.9908447265625 -24284.068359375
v -4178.65625 340.0340576171875 -24284.068359375
v -4173.666015625 341.90261840820312 -24284.068359375
v -4128.7314453125 332.80691528320312 -24284.068359375
v -4141 293.72952270507812 -24284.068359375
v -4141 293.72952270507812 -24296.125
v -4141 293.72952270507812 -24308.181640625
v -4134.45166015625 294.697265625 -24308.181640625
v -4128.22216796875 297.82632446289062 -24308.181640625
v -4123.328125 302.79083251953125 -24308.181640625
v -4120.392578125 308.72418212890625 -24308.181640625
v -4119.41015625 315.27072143554688 -24308.181640625
v -4120.587890625 322.14154052734375 -24308.181640625
v -4123.9111328125 328.26968383789062 -24308.181640625
v -4123.9111328125 328.26968383789062 -24284.068359375
v -4120.587890625 322.14154052734375 -24284.068359375
v -4119.41015625 315.27072143554688 -24284.068359375
v -4120.392578125 308.72418212890625 -24284.068359375
v -4123.328125 302.79083251953125 -24284.068359375
v -4128.22216796875 297.82632446289062 -24284.068359375
v -4134.45166015625 294.697265625 -24284.068359375
v -4128.7314453125 332.80691528320312 -24308.181640625
v -4128.7314453125 332.80691528320312 -24296.125
v -4148.24169921875 346.86309814453125 -24313.6796875
v -4158.39453125 344.55325317382812 -24313.6796875
v -4164.85693359375 335.97808837890625 -24313.6796875
v -4166.849609375 336.3555908203125 -24313.6796875
v -4176.28369140625 334.47793579101562 -24313.6796875
v -4182.94775390625 326.932861328125 -24313.6796875
v -4183.42138671875 326.998046875 -24313.6796875
v -4192.0400390625 325.5491943359375 -24313.6796875
v -4198.60595703125 319.43011474609375 -24313.6796875
v -4200.67236328125 311.33132934570312 -24313.6796875
v -4197.9716796875 303.00167846679688 -24313.6796875
v -4191.22607421875 297.517578125 -24313.6796875
v -4191.27734375 297.13461303710938 -24313.6796875
v -4190.89013671875 291.3792724609375 -24313.6796875
v -4188.119140625 285.7843017578125 -24313.6796875
v -4183.353515625 281.75021362304688 -24313.6796875
v -4177.85986328125 279.99172973632812 -24313.6796875
v -4168.42578125 281.86935424804688 -24313.6796875
v -4161.76171875 289.4144287109375 -24313.6796875
v -4151.1357421875 291.65908813476562 -24313.6796875
v -4144.67333984375 300.2342529296875 -24313.6796875
v -4183.1845703125 326.96734619140625 -24313.6796875
v -4137.115234375 300.19558715820312 -24313.6796875
v -4130.21240234375 303.9801025390625 -24313.6796875
v -4126.15185546875 310.46090698242188 -24313.6796875
v -4125.65234375 317.77642822265625 -24313.6796875
v -4128.81787109375 324.77841186523438 -24313.6796875
v -4134.8759765625 329.33724975585938 -24313.6796875
v -4135.21142578125 335.47552490234375 -24313.6796875
v -4137.982421875 341.07049560546875 -24313.6796875
v -4182.75341796875 321.02822875976562 -24273.283203125
v -4190.44921875 316.67092895507812 -24278.5703125
v -4187.150390625 328.81500244140625 -24278.82421875
v -4184.111328125 323.43295288085938 -24273.658203125
v -4185.40771484375 325.72885131835938 -24274.802734375
v -4186.4609375 327.59341430664062 -24276.6171875
v -4189.12744140625 317.4222412109375 -24276.359375
v -4187.22265625 318.50161743164062 -24274.634765625
v -4184.99609375 319.76116943359375 -24273.603515625
v -4189.71142578125 326.46066284179688 -24278.5703125
v -4189.8212890625 326.31759643554688 -24278.5703125
v -4190.85888671875 324.53115844726562 -24278.5703125
v -4191.45361328125 322.55276489257812 -24278.5703125
v -4191.57275390625 320.48922729492188 -24278.5703125
v -4191.228515625 318.51602172851562 -24278.5703125
v -4157.5361328125 335.26791381835938 -24273.283203125
v -4182.75341796875 321.02822875976562 -24273.283203125
v -4187.150390625 328.81500244140625 -24278.82421875
v -4186.4609375 327.59341430664062 -24276.6171875
v -4185.40771484375 325.72885131835938 -24274.802734375
v -4184.111328125 323.43295288085938 -24273.658203125
v -4158.87109375 337.63217163085938 -24273.64453125
v -4160.14794921875 339.89328002929688 -24274.75
v -4161.19384765625 341.74578857421875 -24276.50390625
v -4161.89404296875 342.9854736328125 -24278.6484375
v -4174.34765625 325.7747802734375 -24273.283203125
v -4165.94189453125 330.5213623046875 -24273.283203125
v -4184.890625 330.3734130859375 -24279.451171875
v -4185.31640625 330.06121826171875 -24279.27734375
v -4186.2158203125 329.43148803710938 -24279.005859375
v -4163.3681640625 342.21719360351562 -24278.76953125
v -4164.849609375 341.50234985351562 -24279.017578125
v -4166.318359375 340.86627197265625 -24279.46484375
v -4167.38134765625 340.448486328125 -24279.982421875
v -4168.13818359375 339.86648559570312 -24279.537109375
v -4169.2666015625 339.04873657226562 -24279.10546875
v -4170.4619140625 338.24798583984375 -24278.841796875
v -4171.6982421875 337.47430419921875 -24278.6953125
v -4174.2021484375 336.00405883789062 -24278.58984375
v -4175.46484375 335.28497314453125 -24278.578125
v -4176.7294921875 334.56979370117188 -24278.576171875
v -4179.1162109375 333.23379516601562 -24278.59765625
v -4181.5224609375 331.94091796875 -24278.72265625
v -4182.748046875 331.32888793945312 -24278.87890625
v -4183.97265625 330.76336669921875 -24279.146484375
v -4199.1474609375 327.472412109375 -24282.044921875
v -4198.2626953125 326.46688842773438 -24280.1796875
v -4195.453125 323.27395629882812 -24278.5703125
v -4206.11572265625 314.25723266601562 -24282.044921875
v -4204.7861328125 314.09515380859375 -24280.1796875
v -4200.56396484375 313.58050537109375 -24278.5703125
v -4203.58837890625 301.45343017578125 -24282.044921875
v -4202.419921875 302.10855102539062 -24280.1796875
v -4198.71044921875 304.18881225585938 -24278.5703125
v -4191.22607421875 297.517578125 -24278.5703125
v -4197.37060546875 294.04788208007812 -24284.068359375
v -4197.2529296875 294.11422729492188 -24282.970703125
v -4196.90869140625 294.30868530273438 -24281.927734375
v -4196.36083984375 294.6180419921875 -24280.986328125
v -4195.64208984375 295.0238037109375 -24280.1796875
v -4193.841796875 296.04046630859375 -24279.0546875
v -4191.79296875 297.19744873046875 -24278.58984375
v -4184.890625 330.3734130859375 -24279.451171875
v -4185.44970703125 331.3636474609375 -24280.1796875
v -4185.876953125 332.12063598632812 -24281.037109375
v -4186.1953125 332.6839599609375 -24282.044921875
v -4186.36865234375 332.990966796875 -24283.033203125
v -4186.427734375 333.09548950195312 -24284.068359375
v -4192.7607421875 331.7779541015625 -24284.068359375
v -4198.67041015625 328.42459106445312 -24284.068359375
v -4203.2314453125 323.38827514648438 -24284.068359375
v -4205.89794921875 317.49478149414062 -24284.068359375
v -4206.6826171875 311.07382202148438 -24284.068359375
v -4205.40283203125 304.40069580078125 -24284.068359375
v -4202.0966796875 298.46466064453125 -24284.068359375
v -4189.71142578125 326.46066284179688 -24278.5703125
v -4187.150390625 328.81500244140625 -24278.82421875
v -4186.2158203125 329.43148803710938 -24279.005859375
v -4185.31640625 330.06121826171875 -24279.27734375
v -4147.51416015625 352.83377075195312 -24284.068359375
v -4147.72705078125 351.08502197265625 -24280.1796875
v -4148.24169921875 346.86309814453125 -24278.5703125
v -4153.55712890625 352.71084594726562 -24284.068359375
v -4159.5634765625 350.78805541992188 -24284.068359375
v -4164.7490234375 347.19851684570312 -24284.068359375
v -4168.5302734375 342.48281860351562 -24284.068359375
v -4147.97412109375 349.06088256835938 -24278.955078125
v -4147.84375 350.13031005859375 -24279.466796875
v -4147.6328125 351.86053466796875 -24281.05859375
v -4147.56494140625 352.41458129882812 -24282.044921875
v -4147.5263671875 352.73410034179688 -24283.068359375
v -4159.3203125 343.91278076171875 -24278.5703125
v -4168.46875 342.37445068359375 -24283.03125
v -4168.28955078125 342.05703735351562 -24282.044921875
v -4167.81640625 341.218994140625 -24280.71875
v -4167.51513671875 340.68536376953125 -24280.1796875
v -4167.38134765625 340.448486328125 -24279.982421875
v -4161.89404296875 342.9854736328125 -24278.6484375
v -4166.318359375 340.86627197265625 -24279.46484375
v -4164.849609375 341.50234985351562 -24279.017578125
v -4163.3681640625 342.21719360351562 -24278.76953125
v -4159.005859375 349.09707641601562 -24280.1796875
v -4186.427734375 333.09548950195312 -24284.068359375
v -4186.36865234375 332.990966796875 -24283.033203125
v -4186.1953125 332.6839599609375 -24282.044921875
v -4185.876953125 332.12063598632812 -24281.037109375
v -4185.44970703125 331.3636474609375 -24280.1796875
v -4184.890625 330.3734130859375 -24279.451171875
v -4167.38134765625 340.448486328125 -24279.982421875
v -4167.51513671875 340.68536376953125 -24280.1796875
v -4167.81640625 341.218994140625 -24280.71875
v -4168.28955078125 342.05703735351562 -24282.044921875
v -4168.46875 342.37445068359375 -24283.03125
v -4168.5302734375 342.48281860351562 -24284.068359375
v -4173.666015625 341.90261840820312 -24284.068359375
v -4178.65625 340.0340576171875 -24284.068359375
v -4183.03076171875 336.9908447265625 -24284.068359375
v -4183.97265625 330.76336669921875 -24279.146484375
v -4182.748046875 331.32888793945312 -24278.87890625
v -4181.5224609375 331.94091796875 -24278.72265625
v -4179.1162109375 333.23379516601562 -24278.59765625
v -4176.7294921875 334.56979370117188 -24278.576171875
v -4175.46484375 335.28497314453125 -24278.578125
v -4174.2021484375 336.00405883789062 -24278.58984375
v -4171.6982421875 337.47430419921875 -24278.6953125
v -4170.4619140625 338.24798583984375 -24278.841796875
v -4169.2666015625 339.04873657226562 -24279.10546875
v -4168.13818359375 339.86648559570312 -24279.537109375
v -4175.697265625 308.53182983398438 -24273.283203125
v -4183.392578125 304.17453002929688 -24278.5703125
v -4177.62353515625 311.94363403320312 -24274.05078125
v -4178.48974609375 313.47769165039062 -24274.984375
v -4179.216796875 314.7650146484375 -24276.205078125
v -4182.07080078125 304.92581176757812 -24276.359375
v -4180.166015625 306.00521850585938 -24274.634765625
v -4177.939453125 307.2647705078125 -24273.603515625
v -4181.51904296875 313.46511840820312 -24276.72265625
v -4182.31103515625 313.017822265625 -24277.1796875
v -4183.68701171875 312.24072265625 -24278.52734375
v -4183.7177734375 312.22348022460938 -24278.5703125
v -4184.39697265625 310.05633544921875 -24278.5703125
v -4184.5166015625 307.99282836914062 -24278.5703125
v -4184.17236328125 306.01962280273438 -24278.5703125
v -4150.4794921875 322.77151489257812 -24273.283203125
v -4175.697265625 308.53182983398438 -24273.283203125
v -4179.216796875 314.7650146484375 -24276.205078125
v -4178.48974609375 313.47769165039062 -24274.984375
v -4177.62353515625 311.94363403320312 -24274.05078125
v -4151.4541015625 324.49673461914062 -24273.474609375
v -4152.40625 326.18331909179688 -24274.05078125
v -4153.2724609375 327.71737670898438 -24274.984375
v -4163.08837890625 315.65167236328125 -24273.283203125
v -4153.99951171875 329.00473022460938 -24276.205078125
v -4162.4052734375 324.25814819335938 -24276.205078125
v -4170.81103515625 319.5115966796875 -24276.205078125
v -4182.75341796875 321.02822875976562 -24273.283203125
v -4184.99609375 319.76116943359375 -24273.603515625
v -4187.22265625 318.50161743164062 -24274.634765625
v -4189.12744140625 317.4222412109375 -24276.359375
v -4190.44921875 316.67092895507812 -24278.5703125
v -4189.27978515625 315.05484008789062 -24278.5703125
v -4187.7783203125 313.74188232421875 -24278.5703125
v -4185.92431640625 312.76104736328125 -24278.5703125
v -4183.7177734375 312.22348022460938 -24278.5703125
v -4183.68701171875 312.24072265625 -24278.52734375
v -4182.31103515625 313.017822265625 -24277.1796875
v -4181.51904296875 313.46511840820312 -24276.72265625
v -4179.216796875 314.7650146484375 -24276.205078125
v -4179.947265625 316.0582275390625 -24274.98046875
v -4180.81787109375 317.60012817382812 -24274.044921875
v -4149.59375 336.18350219726562 -24277.154296875
v -4151.02734375 334.29214477539062 -24275.64453125
v -4152.9951171875 332.524169921875 -24274.7265625
v -4151.119140625 338.88455200195312 -24276.404296875
v -4153.017578125 337.81643676757812 -24274.666015625
v -4155.267578125 336.54818725585938 -24273.611328125
v -4152.76025390625 341.79071044921875 -24277.294921875
v -4155.15869140625 341.60836791992188 -24275.830078125
v -4157.71240234375 340.87783813476562 -24274.939453125
v -4161.89404296875 342.9854736328125 -24278.6484375
v -4161.19384765625 341.74578857421875 -24276.50390625
v -4160.14794921875 339.89328002929688 -24274.75
v -4158.87109375 337.63217163085938 -24273.64453125
v -4157.5361328125 335.26791381835938 -24273.283203125
v -4159.3203125 343.91278076171875 -24278.5703125
v -4153.99951171875 329.00473022460938 -24276.205078125
v -4152.72412109375 329.72482299804688 -24276.359375
v -4151.515625 330.40740966796875 -24276.8125
v -4150.9052734375 330.75189208984375 -24277.1796875
v -4149.529296875 331.52902221679688 -24278.52734375
v -4149.49853515625 331.5462646484375 -24278.5703125
v -4148.8193359375 333.71337890625 -24278.5703125
v -4148.70166015625 335.80758666992188 -24278.5703125
v -4149.05029296875 337.771484375 -24278.5703125
v -4149.83056640625 339.60723876953125 -24278.5703125
v -4151.0078125 341.22775268554688 -24278.5703125
v -4152.51953125 342.54171752929688 -24278.5703125
v -4154.3486328125 343.50509643554688 -24278.5703125
v -4156.349609375 344.01754760742188 -24278.5703125
v -4158.41552734375 344.05166625976562 -24278.5703125
v -4156.5576171875 333.53497314453125 -24273.470703125
v -4155.6005859375 331.83981323242188 -24274.044921875
v -4154.7294921875 330.29791259765625 -24274.98046875
v -4179.216796875 314.7650146484375 -24276.205078125
v -4157.5361328125 335.26791381835938 -24273.283203125
v -4182.75341796875 321.02822875976562 -24273.283203125
v -4165.94189453125 330.5213623046875 -24273.283203125
v -4174.34765625 325.7747802734375 -24273.283203125
v -4170.81103515625 319.5115966796875 -24276.205078125
v -4162.4052734375 324.25814819335938 -24276.205078125
v -4180.81787109375 317.60012817382812 -24274.044921875
v -4179.947265625 316.0582275390625 -24274.98046875
v -4153.99951171875 329.00473022460938 -24276.205078125
v -4154.7294921875 330.29791259765625 -24274.98046875
v -4155.6005859375 331.83981323242188 -24274.044921875
v -4156.5576171875 333.53497314453125 -24273.470703125
v -4169.396484375 297.37396240234375 -24273.283203125
v -4177.091796875 293.01666259765625 -24278.5703125
v -4171.07666015625 300.3497314453125 -24273.861328125
v -4172.5380859375 302.93789672851562 -24275.5078125
v -4175.77001953125 293.7679443359375 -24276.359375
v -4173.86572265625 294.84735107421875 -24274.634765625
v -4171.63916015625 296.10690307617188 -24273.603515625
v -4174.0517578125 302.0833740234375 -24275.701171875
v -4175.47607421875 301.27908325195312 -24276.271484375
v -4175.63232421875 301.19070434570312 -24276.361328125
v -4176.84521484375 300.50576782226562 -24277.298828125
v -4177.0087890625 300.41357421875 -24277.466796875
v -4177.84619140625 299.94064331054688 -24278.5703125
v -4178.09619140625 298.89846801757812 -24278.5703125
v -4178.2158203125 296.8349609375 -24278.5703125
v -4177.87158203125 294.86175537109375 -24278.5703125
v -4144.17919921875 311.6136474609375 -24273.283203125
v -4169.396484375 297.37396240234375 -24273.283203125
v -4172.5380859375 302.93789672851562 -24275.5078125
v -4171.07666015625 300.3497314453125 -24273.861328125
v -4145.859375 314.58941650390625 -24273.861328125
v -4160.99072265625 302.12051391601562 -24273.283203125
v -4152.5849609375 306.8670654296875 -24273.283203125
v -4147.32080078125 317.17758178710938 -24275.5078125
v -4159.9296875 310.0577392578125 -24275.5078125
v -4175.697265625 308.53182983398438 -24273.283203125
v -4177.939453125 307.2647705078125 -24273.603515625
v -4180.166015625 306.00521850585938 -24274.634765625
v -4182.07080078125 304.92581176757812 -24276.359375
v -4183.392578125 304.17453002929688 -24278.5703125
v -4182.2236328125 302.55844116210938 -24278.5703125
v -4180.7216796875 301.2454833984375 -24278.5703125
v -4178.86767578125 300.26461791992188 -24278.5703125
v -4177.84619140625 299.94064331054688 -24278.5703125
v -4177.0087890625 300.41357421875 -24277.466796875
v -4176.84521484375 300.50576782226562 -24277.298828125
v -4175.63232421875 301.19070434570312 -24276.361328125
v -4175.47607421875 301.27908325195312 -24276.271484375
v -4174.0517578125 302.0833740234375 -24275.701171875
v -4172.5380859375 302.93789672851562 -24275.5078125
v -4174.0078125 305.54006958007812 -24273.85546875
v -4142.60498046875 323.79940795898438 -24277.083984375
v -4144.0595703125 321.94345092773438 -24275.5546875
v -4146.0380859375 320.19873046875 -24274.626953125
v -4144.0654296875 326.38641357421875 -24276.400390625
v -4145.96484375 325.31790161132812 -24274.6640625
v -4148.21337890625 324.05062866210938 -24273.611328125
v -4145.58544921875 329.07821655273438 -24277.15625
v -4147.947265625 328.82901000976562 -24275.6484375
v -4150.4765625 328.05856323242188 -24274.734375
v -4153.99951171875 329.00473022460938 -24276.205078125
v -4153.2724609375 327.71737670898438 -24274.984375
v -4152.40625 326.18331909179688 -24274.05078125
v -4151.4541015625 324.49673461914062 -24273.474609375
v -4150.4794921875 322.77151489257812 -24273.283203125
v -4149.49853515625 331.5462646484375 -24278.5703125
v -4149.529296875 331.52902221679688 -24278.52734375
v -4150.9052734375 330.75189208984375 -24277.1796875
v -4151.515625 330.40740966796875 -24276.8125
v -4152.72412109375 329.72482299804688 -24276.359375
v -4147.32080078125 317.17758178710938 -24275.5078125
v -4145.078125 318.444091796875 -24275.94140625
v -4144.38330078125 318.83639526367188 -24276.271484375
v -4144.22705078125 318.92477416992188 -24276.361328125
v -4142.8505859375 319.70187377929688 -24277.466796875
v -4142.01318359375 320.17483520507812 -24278.5703125
v -4141.7626953125 321.21697998046875 -24278.5703125
v -4141.64501953125 323.31118774414062 -24278.5703125
v -4141.994140625 325.27508544921875 -24278.5703125
v -4142.77392578125 327.11083984375 -24278.5703125
v -4143.95166015625 328.7313232421875 -24278.5703125
v -4145.46337890625 330.0452880859375 -24278.5703125
v -4147.2919921875 331.00869750976562 -24278.5703125
v -4148.79052734375 319.77975463867188 -24273.85546875
v -4172.5380859375 302.93789672851562 -24275.5078125
v -4150.4794921875 322.77151489257812 -24273.283203125
v -4175.697265625 308.53182983398438 -24273.283203125
v -4163.08837890625 315.65167236328125 -24273.283203125
v -4159.9296875 310.0577392578125 -24275.5078125
v -4174.0078125 305.54006958007812 -24273.85546875
v -4147.32080078125 317.17758178710938 -24275.5078125
v -4148.79052734375 319.77975463867188 -24273.85546875
v -4148.24169921875 346.86309814453125 -24278.5703125
v -4159.3203125 343.91278076171875 -24278.5703125
v -4191.22607421875 297.517578125 -24278.5703125
v -4191.04736328125 292.04043579101562 -24278.5703125
v -4188.83203125 286.77328491210938 -24278.5703125
v -4184.82666015625 282.66268920898438 -24278.5703125
v -4179.8876953125 280.37835693359375 -24278.5703125
v -4174.609375 279.94131469726562 -24278.5703125
v -4169.2333984375 281.4442138671875 -24278.5703125
v -4164.71240234375 284.80245971679688 -24278.5703125
v -4161.76171875 289.4144287109375 -24278.5703125
v -4151.1357421875 291.65908813476562 -24278.5703125
v -4144.67333984375 300.2342529296875 -24278.5703125
v -4137.115234375 300.19558715820312 -24278.5703125
v -4130.21240234375 303.9801025390625 -24278.5703125
v -4126.15185546875 310.46090698242188 -24278.5703125
v -4125.65234375 317.77642822265625 -24278.5703125
v -4128.81787109375 324.77841186523438 -24278.5703125
v -4134.8759765625 329.33724975585938 -24278.5703125
v -4135.21142578125 335.47552490234375 -24278.5703125
v -4137.982421875 341.07049560546875 -24278.5703125
v -4142.748046875 345.10458374023438 -24278.5703125
v -4190.44921875 316.67092895507812 -24278.5703125
v -4191.228515625 318.51602172851562 -24278.5703125
v -4191.57275390625 320.48922729492188 -24278.5703125
v -4191.45361328125 322.55276489257812 -24278.5703125
v -4190.85888671875 324.53115844726562 -24278.5703125
v -4189.8212890625 326.31759643554688 -24278.5703125
v -4189.71142578125 326.46066284179688 -24278.5703125
v -4183.7177734375 312.22348022460938 -24278.5703125
v -4185.92431640625 312.76104736328125 -24278.5703125
v -4187.7783203125 313.74188232421875 -24278.5703125
v -4189.27978515625 315.05484008789062 -24278.5703125
v -4195.453125 323.27395629882812 -24278.5703125
v -4200.56396484375 313.58050537109375 -24278.5703125
v -4198.71044921875 304.18881225585938 -24278.5703125
v -4183.392578125 304.17453002929688 -24278.5703125
v -4184.17236328125 306.01962280273438 -24278.5703125
v -4184.5166015625 307.99282836914062 -24278.5703125
v -4184.39697265625 310.05633544921875 -24278.5703125
v -4177.84619140625 299.94064331054688 -24278.5703125
v -4178.86767578125 300.26461791992188 -24278.5703125
v -4180.7216796875 301.2454833984375 -24278.5703125
v -4182.2236328125 302.55844116210938 -24278.5703125
v -4158.41552734375 344.05166625976562 -24278.5703125
v -4156.349609375 344.01754760742188 -24278.5703125
v -4154.3486328125 343.50509643554688 -24278.5703125
v -4152.51953125 342.54171752929688 -24278.5703125
v -4151.0078125 341.22775268554688 -24278.5703125
v -4149.83056640625 339.60723876953125 -24278.5703125
v -4149.05029296875 337.771484375 -24278.5703125
v -4148.70166015625 335.80758666992188 -24278.5703125
v -4148.8193359375 333.71337890625 -24278.5703125
v -4149.49853515625 331.5462646484375 -24278.5703125
v -4177.091796875 293.01666259765625 -24278.5703125
v -4177.87158203125 294.86175537109375 -24278.5703125
v -4178.2158203125 296.8349609375 -24278.5703125
v -4178.09619140625 298.89846801757812 -24278.5703125
v -4165.03955078125 289.65841674804688 -24278.5703125
v -4166.712890625 288.9298095703125 -24278.5703125
v -4168.50048828125 288.56021118164062 -24278.5703125
v -4170.56591796875 288.59432983398438 -24278.5703125
v -4172.5673828125 289.10675048828125 -24278.5703125
v -4174.42138671875 290.08761596679688 -24278.5703125
v -4175.9228515625 291.40057373046875 -24278.5703125
v -4142.01318359375 320.17483520507812 -24278.5703125
v -4140.9912109375 319.850830078125 -24278.5703125
v -4139.16259765625 318.88742065429688 -24278.5703125
v -4137.65087890625 317.57345581054688 -24278.5703125
v -4136.4736328125 315.95297241210938 -24278.5703125
v -4135.693359375 314.11721801757812 -24278.5703125
v -4135.3447265625 312.1533203125 -24278.5703125
v -4135.46240234375 310.05911254882812 -24278.5703125
v -4136.05712890625 308.08071899414062 -24278.5703125
v -4137.0947265625 306.29428100585938 -24278.5703125
v -4138.333984375 304.9547119140625 -24278.5703125
v -4139.822265625 303.89813232421875 -24278.5703125
v -4148.22802734375 299.15155029296875 -24278.5703125
v -4156.6337890625 294.40499877929688 -24278.5703125
v -4147.2919921875 331.00869750976562 -24278.5703125
v -4145.46337890625 330.0452880859375 -24278.5703125
v -4143.95166015625 328.7313232421875 -24278.5703125
v -4142.77392578125 327.11083984375 -24278.5703125
v -4141.994140625 325.27508544921875 -24278.5703125
v -4141.64501953125 323.31118774414062 -24278.5703125
v -4141.7626953125 321.21697998046875 -24278.5703125
vt 0.15599735081195831 0.38749992847442627
vt 0.20669516921043396 0.38749992847442627
vt 0.20669516921043396 0.40046167373657227
vt 0.20669516921043396 0.41342341899871826
vt 0.20669516921043396 0.42638516426086426
vt 0.20669516921043396 0.43934690952301025
vt 0.18510895967483521 0.43693852424621582
vt 0.17191219329833984 0.43104904890060425
vt 0.16415230929851532 0.423126220703125
vt 0.15985457599163055 0.41450336575508118
vt 0.15743610262870789 0.40531358122825623
vt 0.15633784234523773 0.39669859409332275
vt 0.16809597611427307 0.38749992847442627
vt 0.18056668341159821 0.38749992847442627
vt 0.19342690706253052 0.38749992847442627
vt 0.50189477205276489 0.3711104691028595
vt 0.52731484174728394 0.33144673705101013
vt 0.52731484174728394 0.3445763885974884
vt 0.52731484174728394 0.35784342885017395
vt 0.5527348518371582 0.33144673705101013
vt 0.5527348518371582 0.3445763885974884
vt 0.5527348518371582 0.35784342885017395
vt 0.57525533437728882 0.33144673705101013
vt 0.57525533437728882 0.3445763885974884
vt 0.57525533437728882 0.35784342885017395
vt 0.58502769470214844 0.3711104691028595
vt 0.56951636075973511 0.3711104691028595
vt 0.5527348518371582 0.3711104691028595
vt 0.59777575731277466 0.33948460221290588
vt 0.59239989519119263 0.34486642479896545
vt 0.58794128894805908 0.35307574272155762
vt 0.58761405944824219 0.35398310422897339
vt 0.58645236492156982 0.35798630118370056
vt 0.5022394061088562 0.36179736256599426
vt 0.5033411979675293 0.35307544469833374
vt 0.50576132535934448 0.34376981854438782
vt 0.51006633043289185 0.33503547310829163
vt 0.51785427331924438 0.3270183801651001
vt 0.53108829259872437 0.32105648517608643
vt 0.5527348518371582 0.31861644983291626
vt 0.57441902160644531 0.32110735774040222
vt 0.58761650323867798 0.32712471485137939
vt 0.5952446460723877 0.33504068851470947
vt 0.53942936658859253 0.3711104691028595
vt 0.52653306722640991 0.3711104691028595
vt 0.51402735710144043 0.3711104691028595
vt 0.14834250509738922 0.13679602742195129
vt 0.19904032349586487 0
vt 0.19904032349586487 0.13679602742195129
vt 0.19904032349586487 0.045598678290843964
vt 0.19904032349586487 0.091197356581687927
vt 0.14834250509738922 0.091197356581687927
vt 0.14834250509738922 0.045598678290843964
vt 0.18577204644680023 0.13679602742195129
vt 0.17291183769702911 0.13679602742195129
vt 0.16044113039970398 0.13679602742195129
vt 0.14834250509738922 0
vt 0.16044113039970398 0
vt 0.17291183769702911 0
vt 0.18577204644680023 0
vt 0.40339204668998718 0
vt 0.51885080337524414 0.11244303733110428
vt 0.43361353874206543 0
vt 0.46290260553359985 0
vt 0.49130171537399292 0
vt 0.40339204668998718 0.11244303733110428
vt 0.40339204668998718 0.056221518665552139
vt 0.49130171537399292 0.11244303733110428
vt 0.46290260553359985 0.11244303733110428
vt 0.43361353874206543 0.11244303733110428
vt 0.51885080337524414 0
vt 0.51885080337524414 0.056221518665552139
vt 0.074171252548694611 0
vt 0.10573836416006088 0.042164493352174759
vt 0.095215991139411926 0.042164493352174759
vt 0.074171252548694611 0.042164493352174759
vt 0.10573836416006088 0.08154713362455368
vt 0.095215991139411926 0.08154713362455368
vt 0.074171252548694611 0.08154713362455368
vt 0.10573836416006088 0.1209297850728035
vt 0.095215991139411926 0.1209297850728035
vt 0.074171252548694611 0.1209297850728035
vt 0.11626072973012924 0.16031241416931152
vt 0.10573836416006088 0.16031241416931152
vt 0.095215991139411926 0.16031241416931152
vt 0.074171252548694611 0.16031241416931152
vt 0.11099954694509506 0.16031241416931152
vt 0.10047717392444611 0.16031241416931152
vt 0.089954808354377747 0.16031241416931152
vt 0.084693625569343567 0.16031241416931152
vt 0.07670244574546814 0.0027760975062847137
vt 0.085900165140628815 0.011366948485374451
vt 0.095215998589992523 0.017319357022643089
vt 0.10006298124790192 0.01937483437359333
vt 0.10513007640838623 0.020838102325797081
vt 0.11050040274858475 0.021715158596634865
vt 0.11626072973012924 0.022006729617714882
vt 0.11626072973012924 0.038810592144727707
vt 0.11626072973012924 0.055749505758285522
vt 0.11626072973012924 0.072825096547603607
vt 0.11626072973012924 0.09003903716802597
vt 0.11626072973012924 0.10739301145076752
vt 0.11626072973012924 0.12488873302936554
vt 0.11626072973012924 0.14252795279026031
vt 0.11390788108110428 0.38749992847442627
vt 0.14437635242938995 0.44707149267196655
vt 0.13422019779682159 0.44707149267196655
vt 0.11390788108110428 0.44707149267196655
vt 0.14437635242938995 0.50463485717773438
vt 0.13422019779682159 0.50463485717773438
vt 0.11390788108110428 0.50463485717773438
vt 0.14437635242938995 0.56330132484436035
vt 0.13422019779682159 0.56330132484436035
vt 0.11390788108110428 0.56330132484436035
vt 0.14437635242938995 0.62109029293060303
vt 0.13422019779682159 0.62109029293060303
vt 0.11390788108110428 0.62109029293060303
vt 0.11390788108110428 0.67738550901412964
vt 0.15453250706195831 0.65689420700073242
vt 0.14897286891937256 0.65717446804046631
vt 0.14379003643989563 0.65800654888153076
vt 0.13889944553375244 0.65938407182693481
vt 0.13422049582004547 0.66131162643432617
vt 0.12522780895233154 0.66687029600143433
vt 0.11634796857833862 0.67480862140655518
vt 0.11690990626811981 0.38749992847442627
vt 0.1254996657371521 0.39591023325920105
vt 0.13422013819217682 0.40178981423377991
vt 0.13917630910873413 0.40399596095085144
vt 0.14437694847583771 0.405525803565979
vt 0.14928482472896576 0.40632584691047668
vt 0.15453250706195831 0.40659460425376892
vt 0.15453250706195831 0.43749997019767761
vt 0.15453250706195831 0.4684620201587677
vt 0.15453250706195831 0.49948090314865112
vt 0.15453250706195831 0.53055679798126221
vt 0.15453250706195831 0.56383293867111206
vt 0.15453250706195831 0.59643846750259399
vt 0.15453250706195831 0.62741941213607788
vt 0.11540889739990234 0.38749992847442627
vt 0.24590317904949188 0.49484452605247498
vt 0.24590317904949188 0.49763014912605286
vt 0.27637165784835815 0.53706610202789307
vt 0.26621550321578979 0.53706610202789307
vt 0.24590317904949188 0.53706610202789307
vt 0.27637165784835815 0.57650202512741089
vt 0.26621550321578979 0.57650202512741089
vt 0.24590317904949188 0.57650202512741089
vt 0.27637165784835815 0.61593800783157349
vt 0.26621550321578979 0.61593800783157349
vt 0.24590317904949188 0.61593800783157349
vt 0.27637165784835815 0.65537393093109131
vt 0.26621550321578979 0.65537393093109131
vt 0.24590317904949188 0.65537393093109131
vt 0.27637165784835815 0.71995049715042114
vt 0.26621550321578979 0.71995049715042114
vt 0.24590317904949188 0.71995049715042114
vt 0.24590317904949188 0.78452706336975098
vt 0.24834626913070679 0.49762436747550964
vt 0.25722387433052063 0.50622683763504028
vt 0.26621550321578979 0.51218730211257935
vt 0.27089378237724304 0.51424556970596313
vt 0.27578452229499817 0.51571083068847656
vt 0.28096795082092285 0.51658910512924194
vt 0.28652781248092651 0.51688104867935181
vt 0.28652781248092651 0.54737645387649536
vt 0.28652781248092651 0.56265199184417725
vt 0.28652781248092651 0.57794618606567383
vt 0.28652781248092651 0.59325903654098511
vt 0.28652781248092651 0.60859060287475586
vt 0.28652781248092651 0.63930988311767578
vt 0.28652781248092651 0.67217308282852173
vt 0.28652781248092651 0.68846464157104492
vt 0.28652781248092651 0.70434504747390747
vt 0.28652781248092651 0.71982961893081665
vt 0.28652781248092651 0.73493295907974243
vt 0.28652781248092651 0.76405102014541626
vt 0.28127992153167725 0.76429438591003418
vt 0.2763715386390686 0.76502686738967896
vt 0.27117079496383667 0.76643335819244385
vt 0.26621550321578979 0.76845765113830566
vt 0.25749629735946655 0.77381002902984619
vt 0.24890497326850891 0.78137707710266113
vt 0.24744069576263428 0.49763014912605286
vt 0 0.20556335151195526
vt 0 0.20673681795597076
vt 0.0030298740603029728 0.20791487395763397
vt 0 0.20791487395763397
vt 0.0015207089018076658 0.2067604660987854
vt 0.0015149370301514864 0.20791487395763397
vt 0.098846599459648132 0.20556335151195526
vt 0.098846599459648132 0.27821382880210876
vt 0.098846599459648132 0.34744998812675476
vt 0.1019599512219429 0.20897151529788971
vt 0.11085681617259979 0.21721732616424561
vt 0.11989134550094604 0.22297938168048859
vt 0.1250254213809967 0.22514587640762329
vt 0.13041365146636963 0.22664704918861389
vt 0.13549898564815521 0.22742803394794464
vt 0.14093607664108276 0.22768770158290863
vt 0.14093607664108276 0.25201091170310974
vt 0.14093607664108276 0.27597042918205261
vt 0.14093607664108276 0.2995743453502655
vt 0.14093607664108276 0.32283052802085876
vt 0.13512781262397766 0.32315623760223389
vt 0.12973447144031525 0.32413151860237122
vt 0.12468186765909195 0.32574540376663208
vt 0.11989133059978485 0.3279888927936554
vt 0.11126512289047241 0.33399248123168945
vt 0.1304137110710144 0.27821382880210876
vt 0.64784061908721924 0.82429826259613037
vt 0.4019005298614502 0.82429826259613037
vt 0.4019005298614502 0.76807671785354614
vt 0.4019005298614502 0.71185523271560669
vt 0.43224421143531799 0.71185523271560669
vt 0.44744375348091125 0.71185523271560669
vt 0.46266186237335205 0.71185523271560669
vt 0.47789850831031799 0.71185523271560669
vt 0.49315375089645386 0.71185523271560669
vt 0.5237201452255249 0.71185523271560669
vt 0.55641984939575195 0.71185523271560669
vt 0.57263040542602539 0.71185523271560669
vt 0.58843177556991577 0.71185523271560669
vt 0.60383927822113037 0.71185523271560669
vt 0.61886745691299438 0.71185523271560669
vt 0.63353019952774048 0.82429826259613037
vt 0.61886745691299438 0.82429826259613037
vt 0.60383927822113037 0.82429826259613037
vt 0.58843177556991577 0.82429826259613037
vt 0.57263040542602539 0.82429826259613037
vt 0.55641984939575195 0.82429826259613037
vt 0.53978413343429565 0.82429826259613037
vt 0.5237201452255249 0.82429826259613037
vt 0.50842761993408203 0.82429826259613037
vt 0.49315375089645386 0.82429826259613037
vt 0.47789850831031799 0.82429826259613037
vt 0.46266186237335205 0.82429826259613037
vt 0.44744375348091125 0.82429826259613037
vt 0.43224421143531799 0.82429826259613037
vt 0.4170631468296051 0.82429826259613037
vt 0.64784061908721924 0.71185523271560669
vt 0.64784061908721924 0.76807671785354614
vt 0.28799265623092651 0.55439299345016479
vt 0.3262457549571991 0.52392452955245972
vt 0.3262457549571991 0.53408068418502808
vt 0.3262457549571991 0.55439299345016479
vt 0.36295953392982483 0.52392452955245972
vt 0.36295953392982483 0.53408068418502808
vt 0.36295953392982483 0.55439299345016479
vt 0.39928990602493286 0.52392452955245972
vt 0.39928990602493286 0.53408068418502808
vt 0.39928990602493286 0.55439299345016479
vt 0.43562027812004089 0.52392452955245972
vt 0.43562027812004089 0.53408068418502808
vt 0.43562027812004089 0.55439299345016479
vt 0.47332850098609924 0.52392452955245972
vt 0.47332850098609924 0.53408068418502808
vt 0.47332850098609924 0.55439299345016479
vt 0.50993853807449341 0.52392452955245972
vt 0.50993853807449341 0.53408068418502808
vt 0.50993853807449341 0.55439299345016479
vt 0.54547828435897827 0.52392452955245972
vt 0.54547828435897827 0.53408068418502808
vt 0.54547828435897827 0.55439299345016479
vt 0.58101791143417358 0.55439299345016479
vt 0.29080459475517273 0.55194991827011108
vt 0.29950633645057678 0.54307228326797485
vt 0.30553558468818665 0.53408068418502808
vt 0.30761760473251343 0.52940237522125244
vt 0.30909973382949829 0.52451163530349731
vt 0.3099881112575531 0.51932823657989502
vt 0.31028345227241516 0.51376837491989136
vt 0.32569772005081177 0.51376837491989136
vt 0.34113076329231262 0.51376837491989136
vt 0.35658261179924011 0.51376837491989136
vt 0.37205326557159424 0.51376837491989136
vt 0.38754284381866455 0.51376837491989136
vt 0.40305128693580627 0.51376837491989136
vt 0.41857865452766418 0.51376837491989136
vt 0.43412503600120544 0.51376837491989136
vt 0.45045560598373413 0.51376837491989136
vt 0.46736747026443481 0.51376837491989136
vt 0.48384705185890198 0.51376837491989136
vt 0.49991068243980408 0.51376837491989136
vt 0.51557391881942749 0.51376837491989136
vt 0.53085154294967651 0.51376837491989136
vt 0.54575765132904053 0.51376837491989136
vt 0.56030565500259399 0.51376837491989136
vt 0.56055182218551636 0.51901626586914062
vt 0.56129270792007446 0.52392464876174927
vt 0.56271547079086304 0.5291253924369812
vt 0.56476306915283203 0.53408068418502808
vt 0.57017725706100464 0.54279989004135132
vt 0.57783162593841553 0.55139118432998657
vt 0 0.23712146282196045
vt 0.01259965542703867 0.24832679331302643
vt 0 0.24832679331302643
vt 0.0062734098173677921 0.24318434298038483
vt 0.0062998277135193348 0.24832679331302643
vt 0.15599735081195831 0.48885312676429749
vt 0.22065843641757965 0.48885312676429749
vt 0.28531950712203979 0.48885312676429749
vt 0.26481667160987854 0.44676366448402405
vt 0.26506367325782776 0.45220062136650085
vt 0.26579952239990234 0.45728561282157898
vt 0.2672058641910553 0.46267381310462952
vt 0.26922908425331116 0.46780839562416077
vt 0.27458655834197998 0.47684261202812195
vt 0.28216594457626343 0.48574286699295044
vt 0.28370600938796997 0.48729205131530762
vt 0.15599735081195831 0.47643435001373291
vt 0.1626550704240799 0.46780881285667419
vt 0.16445156931877136 0.46449068188667297
vt 0.16707195341587067 0.45728594064712524
vt 0.1680065393447876 0.45220860838890076
vt 0.1683194488286972 0.44676366448402405
vt 0.19327720999717712 0.44676366448402405
vt 0.21766667068004608 0.44676366448402405
vt 0.24150705337524414 0.44676366448402405
vt 0.15599735081195831 0.482643723487854
vt 0.22065843641757965 0.45728603005409241
vt 0.4019005298614502 0.59794729948043823
vt 0.64784061908721924 0.59794729948043823
vt 0.64784061908721924 0.65416884422302246
vt 0.4019005298614502 0.71039038896560669
vt 0.4019005298614502 0.65416884422302246
vt 0.43226760625839233 0.59794729948043823
vt 0.46269041299819946 0.59794729948043823
vt 0.49316903948783875 0.59794729948043823
vt 0.52370369434356689 0.59794729948043823
vt 0.55640029907226562 0.59794729948043823
vt 0.58843785524368286 0.59794729948043823
vt 0.61887919902801514 0.59794729948043823
vt 0.64784061908721924 0.71039038896560669
vt 0.61887919902801514 0.71039038896560669
vt 0.58843785524368286 0.71039038896560669
vt 0.55640029907226562 0.71039038896560669
vt 0.52370369434356689 0.71039038896560669
vt 0.49316903948783875 0.71039038896560669
vt 0.46269041299819946 0.71039038896560669
vt 0.43226760625839233 0.71039038896560669
vt 0.28799265623092651 0.59648245573043823
vt 0.34095114469528198 0.56601399183273315
vt 0.34095114469528198 0.57617014646530151
vt 0.34095114469528198 0.59648245573043823
vt 0.39122778177261353 0.56601399183273315
vt 0.39122778177261353 0.57617014646530151
vt 0.39122778177261353 0.59648245573043823
vt 0.44120866060256958 0.56601399183273315
vt 0.44120866060256958 0.57617014646530151
vt 0.44120866060256958 0.59648245573043823
vt 0.49290794134140015 0.56601399183273315
vt 0.49290794134140015 0.57617014646530151
vt 0.49290794134140015 0.59648245573043823
vt 0.54233181476593018 0.56601399183273315
vt 0.54233181476593018 0.57617014646530151
vt 0.54233181476593018 0.59648245573043823
vt 0.59121161699295044 0.59648245573043823
vt 0.30244675278663635 0.58449351787567139
vt 0.30915725231170654 0.57617014646530151
vt 0.31164559721946716 0.57154637575149536
vt 0.31342977285385132 0.56666964292526245
vt 0.31450554728507996 0.56146395206451416
vt 0.31486448645591736 0.55585783720016479
vt 0.34684306383132935 0.55585783720016479
vt 0.37863659858703613 0.55585783720016479
vt 0.41024664044380188 0.55585783720016479
vt 0.4416748583316803 0.55585783720016479
vt 0.4755547046661377 0.55585783720016479
vt 0.50905191898345947 0.55585783720016479
vt 0.54075348377227783 0.55585783720016479
vt 0.57079988718032837 0.55585783720016479
vt 0.57107913494110107 0.56141752004623413
vt 0.57190799713134766 0.56660032272338867
vt 0.57328015565872192 0.57149088382720947
vt 0.57520020008087158 0.57616984844207764
vt 0.58073723316192627 0.58516258001327515
vt 0.58864474296569824 0.59404242038726807
vt 0.28799265623092651 0.71185469627380371
vt 0.28799265623092651 0.81027615070343018
vt 0.34421417117118835 0.71185469627380371
vt 0.4004356861114502 0.71185469627380371
vt 0.4004356861114502 0.73701608180999756
vt 0.4004356861114502 0.76180124282836914
vt 0.4004356861114502 0.78621858358383179
vt 0.28799265623092651 0.78621858358383179
vt 0.28799265623092651 0.76180124282836914
vt 0.28799265623092651 0.73701608180999756
vt 0.4004356861114502 0.81027615070343018
vt 0.34421417117118835 0.81027615070343018
vt 0.28799265623092651 0.51230353116989136
vt 0.36064314842224121 0.51230353116989136
vt 0.42987930774688721 0.51230353116989136
vt 0.29140082001686096 0.50929850339889526
vt 0.29964661598205566 0.50071132183074951
vt 0.30540868639945984 0.49199119210243225
vt 0.30757519602775574 0.48703581094741821
vt 0.30907633900642395 0.48183509707450867
vt 0.30985733866691589 0.47692674398422241
vt 0.31011700630187988 0.47167888283729553
vt 0.3344402015209198 0.47167888283729553
vt 0.35839971899986267 0.47167888283729553
vt 0.38200363516807556 0.47167888283729553
vt 0.40525981783866882 0.47167888283729553
vt 0.40558552742004395 0.47728502750396729
vt 0.40656080842018127 0.48249062895774841
vt 0.40817469358444214 0.4873674213886261
vt 0.41041821241378784 0.49199122190475464
vt 0.41642177104949951 0.50031721591949463
vt 0.36064314842224121 0.48183503746986389
vt 0.16355639696121216 0.34352892637252808
vt 0.27746427059173584 0.34352892637252808
vt 0.220510333776474 0.34352892637252808
vt 0.16355639696121216 0.20556335151195526
vt 0.220510333776474 0.20556335151195526
vt 0.27746427059173584 0.20556335151195526
vt 0.27746427059173584 0.23922315239906311
vt 0.27746427059173584 0.27342835068702698
vt 0.27746427059173584 0.30819234251976013
vt 0.16355639696121216 0.32578817009925842
vt 0.16355639696121216 0.30819234251976013
vt 0.16355639696121216 0.29073965549468994
vt 0.16355639696121216 0.27342835068702698
vt 0.16355639696121216 0.25625675916671753
vt 0.16355639696121216 0.23922315239906311
vt 0.16355639696121216 0.2223258912563324
vt 0 0
vt 0.031567107886075974 0.041766330599784851
vt 0.021044738590717316 0.041766330599784851
vt 0 0.041766330599784851
vt 0.031567107886075974 0.080777071416378021
vt 0.021044738590717316 0.080777071416378021
vt 0 0.080777071416378021
vt 0.042089477181434631 0.15879856050014496
vt 0 0.15879856050014496
vt 0.036828290671110153 0.15879856050014496
vt 0.031567107886075974 0.15879856050014496
vt 0.026305923238396645 0.15879856050014496
vt 0.021044738590717316 0.15879856050014496
vt 0.015783553943037987 0.15879856050014496
vt 0.010522369295358658 0.15879856050014496
vt 0.0025311890058219433 0.0027498824056237936
vt 0.011728908866643906 0.011259608902037144
vt 0.021044746041297913 0.017155807465314865
vt 0.025891726836562157 0.01919187419116497
vt 0.030958820134401321 0.020641325041651726
vt 0.03632914274930954 0.021510099992156029
vt 0.042089477181434631 0.021798916161060333
vt 0.042089477181434631 0.055223055183887482
vt 0.042089477181434631 0.08918878436088562
vt 0.042089477181434631 0.12370938807725906
vt 0.28799265623092651 0.42958942055702209
vt 0.28799265623092651 0.47021403908729553
vt 0.35746279358863831 0.47021403908729553
vt 0.42693296074867249 0.47021403908729553
vt 0.31789451837539673 0.42958942055702209
vt 0.34687381982803345 0.42958942055702209
vt 0.37497255206108093 0.42958942055702209
vt 0.40223029255867004 0.42958942055702209
vt 0.28799265623092651 0.46005788445472717
vt 0.28799265623092651 0.45497980713844299
vt 0.28799265623092651 0.44990172982215881
vt 0.28799265623092651 0.44482365250587463
vt 0.28799265623092651 0.43974557518959045
vt 0.28799265623092651 0.43466749787330627
vt 0.4134306013584137 0.4582274854183197
vt 0.41948181390762329 0.46424585580825806
vt 0.40251705050468445 0.43484488129615784
vt 0.4033733606338501 0.43974554538726807
vt 0.40576863288879395 0.44669941067695618
vt 0.40740513801574707 0.44990196824073792
vt 0.35746279358863831 0.43974557518959045
vt 0.33868226408958435 0
vt 0.37024936079978943 0.05295848473906517
vt 0.35972699522972107 0.05295848473906517
vt 0.33868226408958435 0.05295848473906517
vt 0.37024936079978943 0.10323512554168701
vt 0.35972699522972107 0.10323512554168701
vt 0.33868226408958435 0.10323512554168701
vt 0.37024936079978943 0.15321600437164307
vt 0.35972699522972107 0.15321600437164307
vt 0.33868226408958435 0.15321600437164307
vt 0.37024936079978943 0.20491530001163483
vt 0.35972699522972107 0.20491530001163483
vt 0.33868226408958435 0.20491530001163483
vt 0.37024936079978943 0.25433918833732605
vt 0.35972699522972107 0.25433918833732605
vt 0.33868226408958435 0.25433918833732605
vt 0.33868226408958435 0.30321896076202393
vt 0.3511035144329071 0.014454090967774391
vt 0.35972696542739868 0.021164607256650925
vt 0.36451748013496399 0.023652944713830948
vt 0.36957010626792908 0.025437111034989357
vt 0.37496346235275269 0.026512911543250084
vt 0.38077172636985779 0.026871848851442337
vt 0.38077172636985779 0.058850422501564026
vt 0.38077172636985779 0.090643942356109619
vt 0.38077172636985779 0.12225400656461716
vt 0.38077172636985779 0.15368220210075378
vt 0.38077172636985779 0.18756204843521118
vt 0.38077172636985779 0.22105929255485535
vt 0.38077172636985779 0.25276082754135132
vt 0.38077172636985779 0.28280726075172424
vt 0.3750116229057312 0.28308644890785217
vt 0.36964190006256104 0.28391531109809875
vt 0.36457496881484985 0.28528749942779541
vt 0.35972729325294495 0.28720754384994507
vt 0.3504103422164917 0.29274460673332214
vt 0.34121033549308777 0.30065208673477173
vt 0.4004356861114502 0.59794729948043823
vt 0.28799265623092651 0.69636785984039307
vt 0.4004356861114502 0.69636785984039307
vt 0.34421417117118835 0.69636785984039307
vt 0.28799265623092651 0.59794729948043823
vt 0.34421417117118835 0.59794729948043823
vt 0.4004356861114502 0.62340253591537476
vt 0.4004356861114502 0.64827811717987061
vt 0.4004356861114502 0.67259365320205688
vt 0.28799265623092651 0.67259365320205688
vt 0.28799265623092651 0.64827811717987061
vt 0.28799265623092651 0.62340253591537476
vt 0 0.64076924324035645
vt 0 0.38749992847442627
vt 0.056221518665552139 0.38749992847442627
vt 0.11244303733110428 0.38749992847442627
vt 0.11244303733110428 0.4191453754901886
vt 0.11244303733110428 0.45060771703720093
vt 0.11244303733110428 0.48188847303390503
vt 0.11244303733110428 0.51298928260803223
vt 0.11244303733110428 0.54651618003845215
vt 0.11244303733110428 0.57966446876525879
vt 0.11244303733110428 0.61103576421737671
vt 0 0.61103576421737671
vt 0 0.57966446876525879
vt 0 0.54651618003845215
vt 0 0.51298928260803223
vt 0 0.48188847303390503
vt 0 0.45060771703720093
vt 0 0.4191453754901886
vt 0.11244303733110428 0.64076924324035645
vt 0.056221518665552139 0.64076924324035645
vt 0.87439519166946411 0.33048248291015625
vt 0.82820147275924683 0.31384879350662231
vt 0.80285054445266724 0.26994681358337402
vt 0.79330980777740479 0.27057793736457825
vt 0.75023239850997925 0.25638148188591003
vt 0.72335129976272583 0.21719436347484589
vt 0.72109848260879517 0.21722941100597382
vt 0.68159055709838867 0.20550931990146637
vt 0.65435600280761719 0.17306479811668396
vt 0.64930546283721924 0.13390915095806122
vt 0.6666949987411499 0.096395872533321381
vt 0.70139223337173462 0.0745372474193573
vt 0.70136934518814087 0.07271219789981842
vt 0.70646458864212036 0.045947220176458359
vt 0.72262448072433472 0.02129690907895565
vt 0.74722635746002197 0.005105246789753437
vt 0.77393883466720581 0
vt 0.81701624393463135 0.014196475967764854
vt 0.84389734268188477 0.053383570164442062
vt 0.89234387874603271 0.069982215762138367
vt 0.9176948070526123 0.11388420313596725
vt 0.72222369909286499 0.21722067892551422
vt 0.9530864953994751 0.11802294105291367
vt 0.98323124647140503 0.1397138237953186
vt 0.99853515625 0.17242245376110077
vt 0.99669915437698364 0.20700961351394653
vt 0.97789144515991211 0.23803193867206573
vt 0.9469417929649353 0.25594523549079895
vt 0.94186943769454956 0.28453525900840759
vt 0.92570954561233521 0.30918556451797485
vt 0.22128507494926453 0.38749992847442627
vt 0.22128507494926453 0.43937873840332031
vt 0.27308544516563416 0.38749992847442627
vt 0.23481476306915283 0.38749992847442627
vt 0.24794669449329376 0.38749992847442627
vt 0.26069816946983337 0.38749992847442627
vt 0.22128507494926453 0.4264090359210968
vt 0.22128507494926453 0.41343933343887329
vt 0.22128507494926453 0.40046963095664978
vt 0.2704351544380188 0.40449628233909607
vt 0.27028974890708923 0.40532353520393372
vt 0.26788398623466492 0.41452053189277649
vt 0.26359197497367859 0.42314612865447998
vt 0.25600263476371765 0.43097209930419922
vt 0.2428668886423111 0.43691852688789368
vt 0.23768360912799835 0
vt 0.23768360912799835 0.13679602742195129
vt 0.28893512487411499 0.13679602742195129
vt 0.27667906880378723 0.13679602742195129
vt 0.26406273245811462 0.13679602742195129
vt 0.25106993317604065 0.13679602742195129
vt 0.25084814429283142 0
vt 0.26361161470413208 0
vt 0.27599206566810608 0
vt 0.2880064845085144 0
vt 0.23768360912799835 0.091197356581687927
vt 0.23768360912799835 0.045598678290843964
vt 0.29222607612609863 0.12388073652982712
vt 0.29131379723548889 0.12635694444179535
vt 0.28988990187644958 0.13151845335960388
vt 0.28864747285842896 0.0078473575413227081
vt 0.28995853662490845 0.015601917169988155
vt 0.29230266809463501 0.023118332028388977
vt 0.29499664902687073 0.028462359681725502
vt 0.29267606139183044 0.032928299158811569
vt 0.29042094945907593 0.039468485862016678
vt 0.28902733325958252 0.046242944896221161
vt 0.28824904561042786 0.053125686943531036
vt 0.28770369291305542 0.066840365529060364
vt 0.28763541579246521 0.073703378438949585
vt 0.28762239217758179 0.080566808581352234
vt 0.28774362802505493 0.093485832214355469
vt 0.28839400410652161 0.10638723522424698
vt 0.28923317790031433 0.11284714192152023
vt 0.29063966870307922 0.1191973015666008
vt 0.36106526851654053 0.39765611290931702
vt 0.36106526851654053 0.40781226754188538
vt 0.36106526851654053 0.42812457680702209
vt 0.43413788080215454 0.39765611290931702
vt 0.43413788080215454 0.40781226754188538
vt 0.43413788080215454 0.42812457680702209
vt 0.49813252687454224 0.39765611290931702
vt 0.49813252687454224 0.40781226754188538
vt 0.49813252687454224 0.42812457680702209
vt 0.56212717294692993 0.42812457680702209
vt 0.54197782278060913 0.38749992847442627
vt 0.54225343465805054 0.39305958151817322
vt 0.54307162761688232 0.39824241399765015
vt 0.54442620277404785 0.40313300490379333
vt 0.5463215708732605 0.4078119695186615
vt 0.55178743600845337 0.41680464148521423
vt 0.5595933198928833 0.42568448185920715
vt 0.28799265623092651 0.41301339864730835
vt 0.29113057255744934 0.4078122079372406
vt 0.29330497980117798 0.40285685658454895
vt 0.29481136798858643 0.3976561427116394
vt 0.2955949604511261 0.39274778962135315
vt 0.29585567116737366 0.38749992847442627
vt 0.32624524831771851 0.38749992847442627
vt 0.35669052600860596 0.38749992847442627
vt 0.38719174265861511 0.38749992847442627
vt 0.41774898767471313 0.38749992847442627
vt 0.45046979188919067 0.38749992847442627
vt 0.4825311005115509 0.38749992847442627
vt 0.51299494504928589 0.38749992847442627
vt 0.31989991664886475 0.42812457680702209
vt 0.30156981945037842 0.41982674598693848
vt 0.29576146602630615 0.41736924648284912
vt 0.29042422771453857 0.41454225778579712
vt 0.46116375923156738 0.20812436938285828
vt 0.46116375923156738 0.22868171334266663
vt 0.46116375923156738 0.24923907220363617
vt 0.49133908748626709 0.20812436938285828
vt 0.5205833911895752 0.20812436938285828
vt 0.54893910884857178 0.20812436938285828
vt 0.57644611597061157 0.20812436938285828
vt 0.46116375923156738 0.23896040022373199
vt 0.46116375923156738 0.23382104933261871
vt 0.46116375923156738 0.22354237735271454
vt 0.46116375923156738 0.21840304136276245
vt 0.46116375923156738 0.21326370537281036
vt 0.53827172517776489 0.24923907220363617
vt 0.57673454284667969 0.21344329416751862
vt 0.57759851217269897 0.21840311586856842
vt 0.58001744747161865 0.22544063627719879
vt 0.58166927099227905 0.22868172824382782
vt 0.58243250846862793 0.22997741401195526
vt 0.55361855030059814 0.24449662864208221
vt 0.57784897089004517 0.23382453620433807
vt 0.57073187828063965 0.23819881677627563
vt 0.56258362531661987 0.24175357818603516
vt 0.52179813385009766 0.22868171334266663
vt 0.57048064470291138 0.16692356765270233
vt 0.57072728872299194 0.17224426567554474
vt 0.57146608829498291 0.17722058296203613
vt 0.57288086414337158 0.18249331414699554
vt 0.57491505146026611 0.18751764297485352
vt 0.57783967256546021 0.1927914172410965
vt 0.46701458096504211 0.18881607055664062
vt 0.46785038709640503 0.18751804530620575
vt 0.46965575218200684 0.18427112698554993
vt 0.47229063510894775 0.1772208958864212
vt 0.47322916984558105 0.1722521036863327
vt 0.47354221343994141 0.16692356765270233
vt 0.49861407279968262 0.16692356765270233
vt 0.52311503887176514 0.16692356765270233
vt 0.54706442356109619 0.16692356765270233
vt 0.57347947359085083 0.19562174379825592
vt 0.56707745790481567 0.1988571435213089
vt 0.56003296375274658 0.20154117047786713
vt 0.54468405246734619 0.2052185982465744
vt 0.52822309732437134 0.20665952563285828
vt 0.51929843425750732 0.20648904144763947
vt 0.51040422916412354 0.20566913485527039
vt 0.49322056770324707 0.20213575661182404
vt 0.48515397310256958 0.19941399991512299
vt 0.47774481773376465 0.19606228172779083
vt 0.47116923332214355 0.1920849084854126
vt 0.50189477205276489 0.25070390105247498
vt 0.50189477205276489 0.30245795845985413
vt 0.52115988731384277 0.25070390105247498
vt 0.53023403882980347 0.25070390105247498
vt 0.53896421194076538 0.25070390105247498
vt 0.50189477205276489 0.28951945900917053
vt 0.50189477205276489 0.27658092975616455
vt 0.50189477205276489 0.26364243030548096
vt 0.54087656736373901 0.2639782726764679
vt 0.54269814491271973 0.26848480105400085
vt 0.54887211322784424 0.27658095955848694
vt 0.54908716678619385 0.27676776051521301
vt 0.54446184635162354 0.28626677393913269
vt 0.53682059049606323 0.29406791925430298
vt 0.52360725402832031 0.30000245571136475
vt 0.40339204668998718 0.11390788108110428
vt 0.40339204668998718 0.24923907220363617
vt 0.44062942266464233 0.24923907220363617
vt 0.43185970187187195 0.24923907220363617
vt 0.42274439334869385 0.24923907220363617
vt 0.41326269507408142 0.11390788108110428
vt 0.42274439334869385 0.11390788108110428
vt 0.43185970187187195 0.11390788108110428
vt 0.40339204668998718 0.18157348036766052
vt 0.44062942266464233 0.11390788108110428
vt 0.44062942266464233 0.15901827812194824
vt 0.44062942266464233 0.2041286826133728
vt 0.62282729148864746 0.25070390105247498
vt 0.62282729148864746 0.26364243030548096
vt 0.62282729148864746 0.27658095955848694
vt 0.62282729148864746 0.28951945900917053
vt 0.62282729148864746 0.30245798826217651
vt 0.6011505126953125 0.3000531792640686
vt 0.58789855241775513 0.29417434334754944
vt 0.5801050066947937 0.28626680374145508
vt 0.5754772424697876 0.27676782011985779
vt 0.57569253444671631 0.27658095955848694
vt 0.58186936378479004 0.26848480105400085
vt 0.58369147777557373 0.26397830247879028
vt 0.58560425043106079 0.25070390105247498
vt 0.59437090158462524 0.25070390105247498
vt 0.60348278284072876 0.25070390105247498
vt 0.23196490108966827 0.51846075057983398
vt 0.21919775009155273 0.51846075057983398
vt 0.20629604160785675 0.51846075057983398
vt 0.23196490108966827 0.54207694530487061
vt 0.21919775009155273 0.54207694530487061
vt 0.20629604160785675 0.54207694530487061
vt 0.23196490108966827 0.56760072708129883
vt 0.21919775009155273 0.56760072708129883
vt 0.20629604160785675 0.56760072708129883
vt 0.19339433312416077 0.59312450885772705
vt 0.19339433312416077 0.58093708753585815
vt 0.19339433312416077 0.56837832927703857
vt 0.19339433312416077 0.555431067943573
vt 0.19339433312416077 0.54207694530487061
vt 0.20674550533294678 0.59191364049911499
vt 0.19339433312416077 0.50494635105133057
vt 0.20073080062866211 0.50439572334289551
vt 0.20750284194946289 0.50269061326980591
vt 0.2109295129776001 0.50122064352035522
vt 0.21891386806964874 0.49505925178527832
vt 0.21909813582897186 0.49484452605247498
vt 0.22846865653991699 0.49945682287216187
vt 0.23626452684402466 0.50723475217819214
vt 0.242062047123909 0.52045398950576782
vt 0.24443833529949188 0.54207694530487061
vt 0.24201267957687378 0.56373751163482666
vt 0.23615910112857819 0.57691872119903564
vt 0.2284645140171051 0.58453977108001709
vt 0.21997690200805664 0.58884429931640625
vt 0.21092952787876129 0.59126120805740356
vt 0.19339433312416077 0.53223490715026855
vt 0.19339433312416077 0.52278047800064087
vt 0.19339433312416077 0.513691246509552
vt 0.15599735081195831 0.63164055347442627
vt 0.19192948937416077 0.49484452605247498
vt 0.19192948937416077 0.63164055347442627
vt 0.19192948937416077 0.54044318199157715
vt 0.19192948937416077 0.58604186773300171
vt 0.15599735081195831 0.58604186773300171
vt 0.15599735081195831 0.54044318199157715
vt 0.17325589060783386 0.63164055347442627
vt 0.16445998847484589 0.63164055347442627
vt 0.15599735081195831 0.49484452605247498
vt 0.16445998847484589 0.49484452605247498
vt 0.17325589060783386 0.49484452605247498
vt 0.18240515887737274 0.49484452605247498
vt 0.071064680814743042 0.20556335151195526
vt 0.019371140748262405 0.20556335151195526
vt 0.071064680814743042 0.22239783406257629
vt 0.071064680814743042 0.23795819282531738
vt 0.032294526696205139 0.20556335151195526
vt 0.045217908918857574 0.20556335151195526
vt 0.058141294866800308 0.20556335151195526
vt 0.062276631593704224 0.23858202993869781
vt 0.054198376834392548 0.24055291712284088
vt 0.053304839879274368 0.24088121950626373
vt 0.046210691332817078 0.24462220072746277
vt 0.045220594853162766 0.24535378813743591
vt 0.039920702576637268 0.25074654817581177
vt 0.035543549805879593 0.24820876121520996
vt 0.027750981971621513 0.24055388569831848
vt 0.021823178976774216 0.22731606662273407
vt 0.40339204668998718 0.25070390105247498
vt 0.40339204668998718 0.38603508472442627
vt 0.4353499710559845 0.38603508472442627
vt 0.41999948024749756 0.38603508472442627
vt 0.41999948024749756 0.25070390105247498
vt 0.40339204668998718 0.3409247100353241
vt 0.40339204668998718 0.29581430554389954
vt 0.4353499710559845 0.25070390105247498
vt 0.4353499710559845 0.31836950778961182
vt 0.07106471061706543 0.34171405434608459
vt 0.058141317218542099 0.34171405434608459
vt 0.045217927545309067 0.34171405434608459
vt 0.032294534146785736 0.34171405434608459
vt 0.019371140748262405 0.34171405434608459
vt 0.021772699430584908 0.31999653577804565
vt 0.02764483354985714 0.30671963095664978
vt 0.035543534904718399 0.29891183972358704
vt 0.03992069885134697 0.29637280106544495
vt 0.045220639556646347 0.30176788568496704
vt 0.046210736036300659 0.30249971151351929
vt 0.053304865956306458 0.3062414824962616
vt 0.054198399186134338 0.30656984448432922
vt 0.062276657670736313 0.30854091048240662
vt 0.07106471061706543 0.30916473269462585
vt 0.07106471061706543 0.32479885220527649
vt 0.48381176590919495 0.12653160095214844
vt 0.48381176590919495 0.13942398130893707
vt 0.48381176590919495 0.1524413526058197
vt 0.50645977258682251 0.12653160095214844
vt 0.50645977258682251 0.13942398130893707
vt 0.50645977258682251 0.1524413526058197
vt 0.53007858991622925 0.12653160095214844
vt 0.53007858991622925 0.13942398130893707
vt 0.53007858991622925 0.1524413526058197
vt 0.54356473684310913 0.16545872390270233
vt 0.53482621908187866 0.16545872390270233
vt 0.52574330568313599 0.16545872390270233
vt 0.51629531383514404 0.16545872390270233
vt 0.50645977258682251 0.16545872390270233
vt 0.55369740724563599 0.13950140774250031
vt 0.55348211526870728 0.13968746364116669
vt 0.54730236530303955 0.14775057137012482
vt 0.54582774639129639 0.15121105313301086
vt 0.54411721229553223 0.15804989635944366
vt 0.47394290566444397 0.16545872390270233
vt 0.47251513600349426 0.15257228910923004
vt 0.47135084867477417 0.14864163100719452
vt 0.47102281451225281 0.14775069057941437
vt 0.46655353903770447 0.139690101146698
vt 0.46116375923156738 0.13440573215484619
vt 0.4636995792388916 0.13004086911678314
vt 0.47149920463562012 0.12216415256261826
vt 0.4847627580165863 0.11630607396364212
vt 0.50645977258682251 0.11390788108110428
vt 0.52819418907165527 0.11635749042034149
vt 0.54141944646835327 0.12227138131856918
vt 0.54906666278839111 0.13004191219806671
vt 0.48956146836280823 0.16545872390270233
vt 0.45252525806427002 0.38603508472442627
vt 0.48463690280914307 0.25070390105247498
vt 0.48463690280914307 0.38603508472442627
vt 0.48463690280914307 0.31836950778961182
vt 0.45252525806427002 0.31836950778961182
vt 0.46794915199279785 0.38603508472442627
vt 0.45252525806427002 0.25070390105247498
vt 0.46794915199279785 0.25070390105247498
vt 0.87467062473297119 0.7431190013885498
vt 0.82462167739868164 0.72295314073562622
vt 0.70205140113830566 0.48717379570007324
vt 0.70600169897079468 0.46159392595291138
vt 0.71934545040130615 0.43816334009170532
vt 0.74038594961166382 0.42117837071418762
vt 0.76474863290786743 0.41329038143157959
vt 0.78964436054229736 0.41425824165344238
vt 0.81388992071151733 0.42437782883644104
vt 0.833088219165802 0.44270852208137512
vt 0.84424042701721191 0.46602010726928711
vt 0.89257943630218506 0.48261874914169312
vt 0.91787415742874146 0.52652072906494141
vt 0.95318728685379028 0.53065949678421021
vt 0.983265221118927 0.55235040187835693
vt 0.99853515625 0.58505898714065552
vt 0.99670326709747314 0.61964613199234009
vt 0.97793722152709961 0.65066850185394287
vt 0.94705629348754883 0.66858178377151489
vt 0.94199514389038086 0.69717180728912354
vt 0.92587113380432129 0.72182214260101318
vt 0.90132379531860352 0.73801380395889282
vt 0.69477719068527222 0.57742607593536377
vt 0.69008684158325195 0.58563196659088135
vt 0.68735575675964355 0.59468728303909302
vt 0.68673914670944214 0.60443127155303955
vt 0.68839037418365479 0.6140478253364563
vt 0.6922183632850647 0.62301731109619141
vt 0.69264847040176392 0.62375074625015259
vt 0.72873902320861816 0.56041985750198364
vt 0.71812999248504639 0.56167924404144287
vt 0.70891463756561279 0.56521862745285034
vt 0.70115607976913452 0.57051670551300049
vt 0.66765344142913818 0.60552680492401123
vt 0.64930546283721924 0.55715376138687134
vt 0.66330713033676147 0.51417666673660278
vt 0.73483890295028687 0.52286499738693237
vt 0.73014849424362183 0.53107088804244995
vt 0.72741740942001343 0.54012620449066162
vt 0.72680085897445679 0.54987019300460815
vt 0.76314640045166016 0.5061829686164856
vt 0.75819170475006104 0.50711816549301147
vt 0.74897629022598267 0.51065748929977417
vt 0.74121773242950439 0.51595556735992432
vt 0.82876706123352051 0.72412145137786865
vt 0.83843141794204712 0.72514212131500244
vt 0.84806793928146362 0.72388333082199097
vt 0.85715532302856445 0.72041130065917969
vt 0.86496239900588989 0.71511435508728027
vt 0.87138217687606812 0.70818901062011719
vt 0.87606948614120483 0.70002710819244385
vt 0.87881600856781006 0.69101798534393311
vt 0.87945878505706787 0.68113130331039429
vt 0.87752062082290649 0.6705816388130188
vt 0.77060937881469727 0.47414815425872803
vt 0.765919029712677 0.48235401511192322
vt 0.7631879448890686 0.49140936136245728
vt 0.76257133483886719 0.50115334987640381
vt 0.82879656553268433 0.46529063582420349
vt 0.82139801979064941 0.46091777086257935
vt 0.81326311826705933 0.45816317200660706
vt 0.80359870195388794 0.45714250206947327
vt 0.79396218061447144 0.45840135216712952
vt 0.78474682569503784 0.46194067597389221
vt 0.77698820829391479 0.46723875403404236
vt 0.91894537210464478 0.6215406060218811
vt 0.92390012741088867 0.62060540914535522
vt 0.93298745155334473 0.61713337898254395
vt 0.94079458713531494 0.61183643341064453
vt 0.94721436500549316 0.60491108894348145
vt 0.95190167427062988 0.59674924612045288
vt 0.95464819669723511 0.58774006366729736
vt 0.95529097318649292 0.57785338163375854
vt 0.95363974571228027 0.5682368278503418
vt 0.94981175661087036 0.55926734209060669
vt 0.94478636980056763 0.55227774381637573
vt 0.93843924999237061 0.54647296667098999
vt 0.90189170837402344 0.51941215991973877
vt 0.86534410715103149 0.49235141277313232
vt 0.88812965154647827 0.66932225227355957
vt 0.89721697568893433 0.66585022211074829
vt 0.90502405166625977 0.66055327653884888
vt 0.91144388914108276 0.65362793207168579
vt 0.91613113880157471 0.64546602964401245
vt 0.91887766122817993 0.63645690679550171
vt 0.91952043771743774 0.62657022476196289
vn 0.4434833824634552 -0.78537380695343018 0.43186852335929871
vn -0.00080186937702819705 0.0014200469013303518 0.99999868869781494
vn -0.21440714597702026 -0.11925540864467621 0.96943682432174683
vn -0.43419066071510315 -0.24355368316173553 0.86727160215377808
vn -0.63513046503067017 -0.35736179351806641 0.68476408720016479
vn -0.78571987152099609 -0.44286999106407166 0.43186852335929871
vn -0.66649532318115234 -0.60769343376159668 0.43184801936149597
vn -0.51335322856903076 -0.7416033148765564 0.43184834718704224
vn -0.32426130771636963 -0.84164738655090332 0.43183824419975281
vn -0.12012924998998642 -0.89389568567276001 0.43187904357910156
vn 0.090542308986186981 -0.89743256568908691 0.43176016211509705
vn 0.2728399932384491 -0.85974061489105225 0.43174576759338379
vn 0.36282524466514587 -0.64253461360931396 0.67491263151168823
vn 0.25190752744674683 -0.44610819220542908 0.85879570245742798
vn 0.12587255239486694 -0.22291028499603271 0.96667838096618652
vn 0.4434833824634552 -0.78537380695343018 0.43186852335929871
vn 0.80960935354232788 0.07406432181596756 0.58227759599685669
vn 0.65593457221984863 -0.11992552131414413 0.74522995948791504
vn 0.45733419060707092 -0.29396542906761169 0.83930313587188721
vn 0.63807862997055054 0.36158215999603271 0.67978972196578979
vn 0.43751627206802368 0.24867425858974457 0.86414152383804321
vn 0.21526271104812622 0.12336841970682144 0.96873223781585693
vn 0.49759158492088318 0.6233665943145752 0.60317224264144897
vn 0.25706517696380615 0.58276301622390747 0.77091163396835327
vn 0.0090988297015428543 0.49751672148704529 0.86740666627883911
vn -0.30973094701766968 0.54850888252258301 0.77666258811950684
vn -0.16160516440868378 0.28618991374969482 0.94444644451141357
vn -0.00080186937702819705 0.0014200469013303518 0.99999868869781494
vn 0.22005070745944977 0.87468123435974121 0.43186852335929871
vn 0.13309033215045929 0.81748956441879272 0.56035500764846802
vn -0.005590538028627634 0.72910070419311523 0.68438363075256348
vn -0.021129228174686432 0.71942371129989624 0.69425004720687866
vn -0.089744575321674347 0.67727464437484741 0.7302362322807312
vn 0.59527343511581421 -0.67763215303421021 0.43181499838829041
vn 0.72169017791748047 -0.54099971055984497 0.43183630704879761
vn 0.82750993967056274 -0.358795166015625 0.43184873461723328
vn 0.88825136423110962 -0.15697330236434937 0.43170461058616638
vn 0.9001697301864624 0.056582149118185043 0.43184825778007507
vn 0.86458635330200195 0.25686773657798767 0.43186730146408081
vn 0.78503286838531494 0.44409966468811035 0.43185517191886902
vn 0.66495651006698608 0.60936957597732544 0.43185827136039734
vn 0.51079714298248291 0.74338454008102417 0.4318166971206665
vn 0.32425135374069214 0.84164094924926758 0.43185824155807495
vn 0.12587255239486694 -0.22291028499603271 0.96667838096618652
vn 0.25190752744674683 -0.44610819220542908 0.85879570245742798
vn 0.36282524466514587 -0.64253461360931396 0.67491263151168823
vn 0.4434833824634552 -0.78537380695343018 0.43186852335929871
vn -0.00080186937702819705 0.0014200469013303518 0.99999868869781494
vn -0.00080186937702819705 0.0014200469013303518 0.99999868869781494
vn -0.00080186937702819705 0.0014200469013303518 0.99999868869781494
vn -0.00080186937702819705 0.0014200469013303518 0.99999868869781494
vn 0.4434833824634552 -0.78537380695343018 0.43186852335929871
vn 0.4434833824634552 -0.78537380695343018 0.43186852335929871
vn 0.12587255239486694 -0.22291028499603271 0.96667838096618652
vn 0.25190752744674683 -0.44610819220542908 0.85879570245742798
vn 0.36282524466514587 -0.64253461360931396 0.67491263151168823
vn 0.4434833824634552 -0.78537380695343018 0.43186852335929871
vn 0.36282524466514587 -0.64253461360931396 0.67491263151168823
vn 0.25190752744674683 -0.44610819220542908 0.85879570245742798
vn 0.12587255239486694 -0.22291028499603271 0.96667838096618652
vn 0.12100525200366974 0.99265187978744507 0
vn -0.86067861318588257 0.50914859771728516 0
vn -0.16127273440361023 0.98690986633300781 0
vn -0.44184049963951111 0.89709359407424927 0
vn -0.68406307697296143 0.72942286729812622 0
vn 0.12100525200366974 0.99265187978744507 0
vn 0.12100525200366974 0.99265187978744507 0
vn -0.68406307697296143 0.72942286729812622 0
vn -0.44184049963951111 0.89709359407424927 0
vn -0.16127273440361023 0.98690986633300781 0
vn -0.86067861318588257 0.50914859771728516 0
vn -0.86067861318588257 0.50914859771728516 0
vn 0 0 1
vn 0.88780546188354492 0.23205104470252991 0.39743399620056152
vn 0.65275275707244873 0.17061391472816467 0.73810887336730957
vn 0 0 1
vn 0.72261083126068115 0.56557917594909668 0.39743399620056152
vn 0.53129458427429199 0.41583815217018127 0.73810887336730957
vn 0 0 1
vn 0.43853497505187988 0.80606037378311157 0.39743399620056152
vn 0.32242977619171143 0.59265023469924927 0.73810887336730957
vn 0 0 1
vn 0.12100525200366974 0.99265187978744507 0
vn 0.11103814095258713 0.91088789701461792 0.39743399620056152
vn 0.08164002001285553 0.6697239875793457 0.73810887336730957
vn 0 0 1
vn 0.11859922111034393 0.97291427850723267 0.19842389225959778
vn 0.098421543836593628 0.80738919973373413 0.58175241947174072
vn 0.06207314133644104 0.50920945405960083 0.85840123891830444
vn 0.041175257414579391 0.33777624368667603 0.94032537937164307
vn 0.078453205525875092 -0.0095676379278302193 0.99687188863754272
vn 0.3799285888671875 -0.016354836523532867 0.92487120628356934
vn 0.67462801933288574 0.0085219051688909531 0.73810869455337524
vn 0.80314958095550537 0.025789596140384674 0.5952189564704895
vn 0.90666353702545166 0.041767634451389313 0.41978168487548828
vn 0.97461211681365967 0.053088221698999405 0.21751518547534943
vn 0.99836403131484985 0.057177741080522537 0
vn 0.97546929121017456 0.22013549506664276 0
vn 0.92322295904159546 0.38426467776298523 0
vn 0.84059017896652222 0.54167157411575317 0
vn 0.72940033674240112 0.68408709764480591 0
vn 0.59439891576766968 0.80417031049728394 0
vn 0.4426078200340271 0.89671528339385986 0
vn 0.28216201066970825 0.95936679840087891 0
vn 0 0 -1
vn -0.40276151895523071 0.82451766729354858 -0.39743399620056152
vn -0.29612758755683899 0.60622090101242065 -0.73810887336730957
vn 0 0 -1
vn -0.79415321350097656 0.45974656939506531 -0.39743399620056152
vn -0.58389562368392944 0.33802548050880432 -0.73810887336730957
vn 0 0 -1
vn -0.91734147071838379 -0.023040363565087318 -0.39743399620056152
vn -0.67446893453598022 -0.016940265893936157 -0.73810887336730957
vn 0 0 -1
vn -0.756355881690979 -0.51958829164505005 -0.39743399620056152
vn -0.55610537528991699 -0.38202369213104248 -0.73810887336730957
vn 0 0 -1
vn 0 0 -1
vn -0.56457668542861938 -0.82538062334060669 0
vn -0.54877066612243652 -0.80718123912811279 -0.21750687062740326
vn -0.50396436452865601 -0.75486981868743896 -0.4197516143321991
vn -0.43684685230255127 -0.67447537183761597 -0.59518718719482422
vn -0.35571193695068359 -0.57330286502838135 -0.73810082674026489
vn -0.18220946192741394 -0.3337550163269043 -0.92488229274749756
vn -0.032288681715726852 -0.072029553353786469 -0.9968796968460083
vn 0.011792168952524662 0.096735619008541107 -0.99524027109146118
vn 0.017799897119402885 0.38916942477226257 -0.92099422216415405
vn -0.0056968671269714832 0.67465561628341675 -0.73811066150665283
vn -0.023520467802882195 0.81005656719207764 -0.5858798623085022
vn -0.039797864854335785 0.91677713394165039 -0.39741140604019165
vn -0.049812842160463333 0.97746312618255615 -0.20514500141143799
vn -0.053426742553710938 0.99857175350189209 0
vn -0.34925180673599243 0.93702888488769531 0
vn -0.62529325485229492 0.78038990497589111 0
vn -0.83834594488143921 0.54513853788375854 0
vn -0.96290326118469238 0.26984691619873047 0
vn -0.99954742193222046 -0.030081721022725105 0
vn -0.93977636098861694 -0.34179005026817322 0
vn -0.78533720970153809 -0.61906826496124268 0
vn 0.0058400202542543411 0.047907896339893341 -0.99883466958999634
vn 0 0 -1
vn 0 0 -1
vn -0.88780546188354492 -0.23205104470252991 -0.39743399620056152
vn -0.65275275707244873 -0.17061391472816467 -0.73810887336730957
vn 0 0 -1
vn -0.72261083126068115 -0.56557917594909668 -0.39743399620056152
vn -0.53129458427429199 -0.41583815217018127 -0.73810887336730957
vn 0 0 -1
vn -0.43853497505187988 -0.80606037378311157 -0.39743399620056152
vn -0.32242977619171143 -0.59265023469924927 -0.73810887336730957
vn 0 0 -1
vn -0.11103814095258713 -0.91088789701461792 -0.39743399620056152
vn -0.08164002001285553 -0.6697239875793457 -0.73810887336730957
vn 0 0 -1
vn 0.4513469934463501 -0.79895687103271484 -0.39743399620056152
vn 0.33184975385665894 -0.58742749691009521 -0.73810887336730957
vn 0 0 -1
vn 0 0 -1
vn -0.078453205525875092 0.0095676379278302193 -0.99687188863754272
vn -0.3799285888671875 0.016354836523532867 -0.92487120628356934
vn -0.67462801933288574 -0.0085219051688909531 -0.73810869455337524
vn -0.80314958095550537 -0.025789596140384674 -0.5952189564704895
vn -0.90666353702545166 -0.041767634451389313 -0.41978168487548828
vn -0.97461211681365967 -0.053088221698999405 -0.21751518547534943
vn -0.99836403131484985 -0.057177741080522537 0
vn -0.93571025133132935 -0.35276952385902405 0
vn -0.86837601661682129 -0.49590635299682617 0
vn -0.77803528308868408 -0.62822055816650391 0
vn -0.66772365570068359 -0.74440926313400269 0
vn -0.54198527336120605 -0.84038800001144409 0
vn -0.26622763276100159 -0.96391016244888306 0
vn 0.033836554735898972 -0.99942737817764282 0
vn 0.19101101160049438 -0.98158788681030273 0
vn 0.34531813859939575 -0.93848568201065063 0
vn 0.49076145887374878 -0.87129396200180054 0
vn 0.62201422452926636 -0.78300595283508301 0
vn 0.8274957537651062 -0.56147193908691406 0
vn 0.81126344203948975 -0.54750722646713257 -0.20515228807926178
vn 0.76444637775421143 -0.50760650634765625 -0.39743849635124207
vn 0.68147587776184082 -0.43852481245994568 -0.58590668439865112
vn 0.57477575540542603 -0.35331013798713684 -0.73810893297195435
vn 0.34249010682106018 -0.18575817346572876 -0.9209747314453125
vn 0.088918954133987427 -0.039859659969806671 -0.99524098634719849
vn -0.049085266888141632 0.0059835431165993214 -0.99877667427062988
vn 0 0 -1
vn 0 0 -1
vn 0.011792168952524662 0.096735619008541107 -0.99524027109146118
vn 0 0 -1
vn 0.0065924664959311485 0.047997638583183289 -0.99882566928863525
vn 0.0058400202542543411 0.047907896339893341 -0.99883466958999634
vn 0 0 -1
vn 0 0 -1
vn 0 0 -1
vn -0.011809441260993481 -0.096832528710365295 -0.99523061513900757
vn -0.017805058509111404 -0.38918429613113403 -0.92098784446716309
vn 0.0056948317214846611 -0.67465782165527344 -0.73810869455337524
vn 0.023554475978016853 -0.81003820896148682 -0.5859038233757019
vn 0.039855495095252991 -0.91676408052444458 -0.39743578433990479
vn 0.04984724149107933 -0.97746002674102783 -0.20515163242816925
vn 0.053426742553710938 -0.99857175350189209 0
vn 0.29119011759757996 -0.95666521787643433 0
vn 0.518440842628479 -0.85511350631713867 0
vn 0.71357125043869019 -0.70058268308639526 0
vn 0.86067861318588257 -0.50914859771728516 0
vn 0.84136706590652466 -0.49395114183425903 -0.21934841573238373
vn 0.78619921207427979 -0.45109972357749939 -0.42237406969070435
vn 0.70227593183517456 -0.3877510130405426 -0.59704077243804932
vn 0.59789866209030151 -0.31258970499038696 -0.73810899257659912
vn 0.3678232729434967 -0.16488446295261383 -0.91516071557998657
vn 0.49418434500694275 -0.77319341897964478 -0.39743399620056152
vn 0.8274957537651062 -0.56147193908691406 0
vn -0.99836403131484985 -0.057177741080522537 0
vn -0.99836403131484985 -0.057177741080522537 0
vn -0.99836403131484985 -0.057177741080522537 0
vn -0.93571025133132935 -0.35276952385902405 0
vn -0.86837601661682129 -0.49590635299682617 0
vn -0.77803528308868408 -0.62822055816650391 0
vn -0.66772365570068359 -0.74440926313400269 0
vn -0.54198527336120605 -0.84038800001144409 0
vn -0.26622763276100159 -0.96391016244888306 0
vn 0.033836554735898972 -0.99942737817764282 0
vn 0.19101101160049438 -0.98158788681030273 0
vn 0.34531813859939575 -0.93848568201065063 0
vn 0.49076145887374878 -0.87129396200180054 0
vn 0.62201422452926636 -0.78300595283508301 0
vn 0.73504912853240967 -0.67801386117935181 0
vn 0.62201422452926636 -0.78300595283508301 0
vn 0.49076145887374878 -0.87129396200180054 0
vn 0.34531813859939575 -0.93848568201065063 0
vn 0.19101101160049438 -0.98158788681030273 0
vn 0.033836554735898972 -0.99942737817764282 0
vn -0.12029159814119339 -0.99273860454559326 0
vn -0.26622763276100159 -0.96391016244888306 0
vn -0.40627247095108032 -0.91375195980072021 0
vn -0.54198527336120605 -0.84038800001144409 0
vn -0.66772365570068359 -0.74440926313400269 0
vn -0.77803528308868408 -0.62822055816650391 0
vn -0.86837601661682129 -0.49590635299682617 0
vn -0.93571025133132935 -0.35276952385902405 0
vn -0.97883594036102295 -0.20464658737182617 0
vn 0.8274957537651062 -0.56147193908691406 0
vn 0.8274957537651062 -0.56147193908691406 0
vn 0 0 1
vn -0.8971826434135437 -0.19263827800750732 0.39743399620056152
vn -0.65964728593826294 -0.1416359543800354 0.73810887336730957
vn 0 0 1
vn -0.76510083675384521 -0.5066230297088623 0.39743399620056152
vn -0.56253504753112793 -0.37249106168746948 0.73810887336730957
vn 0 0 1
vn -0.52635228633880615 -0.75166445970535278 0.39743399620056152
vn -0.38699686527252197 -0.55265605449676514 0.73810887336730957
vn 0 0 1
vn -0.23191851377487183 -0.88784009218215942 0.39743399620056152
vn -0.1705164760351181 -0.6527782678604126 0.73810887336730957
vn 0 0 1
vn 0.082744024693965912 -0.91389256715774536 0.39743399620056152
vn 0.060836967080831528 -0.67193317413330078 0.73810887336730957
vn 0 0 1
vn 0.40320280194282532 -0.82430195808410645 0.39743399620056152
vn 0.29645204544067383 -0.60606229305267334 0.73810887336730957
vn 0 0 1
vn 0.67270725965499878 -0.62410831451416016 0.39743399620056152
vn 0.49460333585739136 -0.4588712751865387 0.73810887336730957
vn 0 0 1
vn 0 0 1
vn -0.078453205525875092 0.0095676379278302193 0.99687188863754272
vn -0.3799285888671875 0.016354836523532867 0.92487120628356934
vn -0.67462801933288574 -0.0085219051688909531 0.73810869455337524
vn -0.80314958095550537 -0.025789596140384674 0.5952189564704895
vn -0.90666353702545166 -0.041767634451389313 0.41978168487548828
vn -0.97461211681365967 -0.053088221698999405 0.21751518547534943
vn -0.99836403131484985 -0.057177741080522537 0
vn -0.97883594036102295 -0.20464658737182617 0
vn -0.93571025133132935 -0.35276952385902405 0
vn -0.86837601661682129 -0.49590635299682617 0
vn -0.77803528308868408 -0.62822055816650391 0
vn -0.66772365570068359 -0.74440926313400269 0
vn -0.54198527336120605 -0.84038800001144409 0
vn -0.40627247095108032 -0.91375195980072021 0
vn -0.26622763276100159 -0.96391016244888306 0
vn -0.12029159814119339 -0.99273860454559326 0
vn 0.033836554735898972 -0.99942737817764282 0
vn 0.19101101160049438 -0.98158788681030273 0
vn 0.34531813859939575 -0.93848568201065063 0
vn 0.49076145887374878 -0.87129396200180054 0
vn 0.62201422452926636 -0.78300595283508301 0
vn 0.73504912853240967 -0.67801386117935181 0
vn 0.8274957537651062 -0.56147193908691406 0
vn 0.81126344203948975 -0.54750722646713257 0.20515228807926178
vn 0.76444637775421143 -0.50760650634765625 0.39743849635124207
vn 0.68147587776184082 -0.43852481245994568 0.58590668439865112
vn 0.57477575540542603 -0.35331013798713684 0.73810893297195435
vn 0.34249010682106018 -0.18575817346572876 0.9209747314453125
vn 0.088918954133987427 -0.039859659969806671 0.99524098634719849
vn 0 0 -1
vn 0.048776909708976746 0.40013545751571655 -0.91515707969665527
vn 0 0 -1
vn 0.035441476851701736 0.19366668164730072 -0.98042702674865723
vn 0.023927051573991776 0.19628265500068665 -0.9802553653717041
vn 0 0 -1
vn 0 0 -1
vn 0 0 -1
vn -0.8274957537651062 0.56147193908691406 0
vn -0.81128281354904175 0.54748058319091797 -0.20514681935310364
vn -0.76448327302932739 0.50756627321243286 -0.39741894602775574
vn -0.6815037727355957 0.43850612640380859 -0.58588820695877075
vn -0.57477593421936035 0.35331010818481445 -0.73810881376266479
vn -0.34246799349784851 0.18575462698936462 -0.92098367214202881
vn -0.088926009833812714 0.039862275123596191 -0.99524027109146118
vn -0.044505711644887924 0.019143654033541679 -0.99882566928863525
vn 0.048776909708976746 0.40013545751571655 -0.91515707969665527
vn 0.041106197983026505 0.6734156608581543 -0.73812031745910645
vn 0.03401145339012146 0.76483428478240967 -0.64332866668701172
vn 0.018491879105567932 0.91744589805603027 -0.39743059873580933
vn 0.01119530014693737 0.9786030650138855 -0.20545250177383423
vn 0.0085159763693809509 0.99996376037597656 0
vn -0.23138625919818878 0.97286194562911987 0
vn -0.46448975801467896 0.88557851314544678 0
vn -0.6688154935836792 0.74342840909957886 0
vn 0.023927051573991776 0.19628265500068665 -0.9802553653717041
vn -0.4513469934463501 0.79895687103271484 -0.39743399620056152
vn -0.053426742553710938 0.99857175350189209 0
vn -0.56457668542861938 -0.82538062334060669 0
vn -0.56457668542861938 -0.82538062334060669 0
vn -0.053426742553710938 0.99857175350189209 0
vn -0.053426742553710938 0.99857175350189209 0
vn -0.34925180673599243 0.93702888488769531 0
vn -0.62529325485229492 0.78038990497589111 0
vn -0.83834594488143921 0.54513853788375854 0
vn -0.96290326118469238 0.26984691619873047 0
vn -0.99954742193222046 -0.030081721022725105 0
vn -0.93977636098861694 -0.34179005026817322 0
vn -0.78533720970153809 -0.61906826496124268 0
vn -0.56457668542861938 -0.82538062334060669 0
vn -0.78533720970153809 -0.61906826496124268 0
vn -0.93977636098861694 -0.34179005026817322 0
vn -0.99954742193222046 -0.030081721022725105 0
vn -0.96290326118469238 0.26984691619873047 0
vn -0.83834594488143921 0.54513853788375854 0
vn -0.62529325485229492 0.78038990497589111 0
vn -0.34925180673599243 0.93702888488769531 0
vn 0 0 -1
vn 0.22072567045688629 -0.89068871736526489 -0.39743399620056152
vn 0.16228701174259186 -0.65487265586853027 -0.73810887336730957
vn 0 0 -1
vn 0.6322251558303833 -0.66508466005325317 -0.39743399620056152
vn 0.46483913064002991 -0.48899886012077332 -0.73810887336730957
vn 0 0 -1
vn 0.8742680549621582 -0.27875012159347534 -0.39743399620056152
vn 0.6427994966506958 -0.20494908094406128 -0.73810887336730957
vn 0 0 -1
vn 0.90404057502746582 0.15734304487705231 -0.39743399620056152
vn 0.66468954086303711 0.11568537354469299 -0.73810887336730957
vn 0 0 -1
vn 0.71534067392349243 0.57474684715270996 -0.39743399620056152
vn 0.52594923973083496 0.42257863283157349 -0.73810887336730957
vn 0 0 -1
vn 0 0 -1
vn -0.048807166516780853 -0.40021440386772156 -0.91512089967727661
vn -0.041116155683994293 -0.67342722415924072 -0.73810923099517822
vn -0.030660217627882957 -0.80162370204925537 -0.59704214334487915
vn -0.019757332280278206 -0.90620577335357666 -0.4223751425743103
vn -0.011556207202374935 -0.97557812929153442 -0.21934860944747925
vn -0.0085159763693809509 -0.99996376037597656 0
vn 0.29738229513168335 -0.95475846529006958 0
vn 0.58836150169372559 -0.80859798192977905 0
vn 0.81695574522018433 -0.57670038938522339 0
vn 0.95408141613006592 -0.29954734444618225 0
vn 0.99998050928115845 0.0062475837767124176 0
vn 0.9449583888053894 0.32719051837921143 0
vn 0.78974062204360962 0.6134408712387085 0
vn 0.56457668542861938 0.82538062334060669 0
vn 0.54877066612243652 0.80718123912811279 -0.21750687062740326
vn 0.50396436452865601 0.75486981868743896 -0.4197516143321991
vn 0.43684685230255127 0.67447537183761597 -0.59518718719482422
vn 0.35571193695068359 0.57330286502838135 -0.73810082674026489
vn 0.18220946192741394 0.3337550163269043 -0.92488229274749756
vn 0.032288681715726852 0.072029553353786469 -0.9968796968460083
vn 0.053426742553710938 -0.99857175350189209 0
vn 0.86067861318588257 -0.50914859771728516 0
vn 0.053426742553710938 -0.99857175350189209 0
vn 0.053426742553710938 -0.99857175350189209 0
vn 0.29119011759757996 -0.95666521787643433 0
vn 0.518440842628479 -0.85511350631713867 0
vn 0.71357125043869019 -0.70058268308639526 0
vn 0.71357125043869019 -0.70058268308639526 0
vn 0.518440842628479 -0.85511350631713867 0
vn 0.29119011759757996 -0.95666521787643433 0
vn 0.86067861318588257 -0.50914859771728516 0
vn 0.86067861318588257 -0.50914859771728516 0
vn 0 0 1
vn 0 0 1
vn 0 0 1
vn -0.011809441260993481 -0.096832528710365295 0.99523061513900757
vn -0.017805058509111404 -0.38918429613113403 0.92098784446716309
vn 0.0056948317214846611 -0.67465782165527344 0.73810869455337524
vn 0.023554475978016853 -0.81003820896148682 0.5859038233757019
vn 0.039855495095252991 -0.91676408052444458 0.39743578433990479
vn 0.04984724149107933 -0.97746002674102783 0.20515163242816925
vn 0.053426742553710938 -0.99857175350189209 0
vn 0.29119011759757996 -0.95666521787643433 0
vn 0.518440842628479 -0.85511350631713867 0
vn 0.71357125043869019 -0.70058268308639526 0
vn 0.86067861318588257 -0.50914859771728516 0
vn 0.84136706590652466 -0.49395114183425903 0.21934841573238373
vn 0.78619921207427979 -0.45109972357749939 0.42237406969070435
vn 0.70227593183517456 -0.3877510130405426 0.59704077243804932
vn 0.59789866209030151 -0.31258970499038696 0.73810899257659912
vn 0.3678232729434967 -0.16488446295261383 0.91516071557998657
vn 0.49418434500694275 -0.77319341897964478 0.39743399620056152
vn 0.12100525200366974 0.99265187978744507 0
vn 0.12100525200366974 0.99265187978744507 0
vn 0.12100525200366974 0.99265187978744507 0
vn 0.99836403131484985 0.057177741080522537 0
vn 0.99836403131484985 0.057177741080522537 0
vn 0.99836403131484985 0.057177741080522537 0
vn 0.92322295904159546 0.38426467776298523 0
vn 0.72940033674240112 0.68408709764480591 0
vn 0.4426078200340271 0.89671528339385986 0
vn 0.28216201066970825 0.95936679840087891 0
vn 0.4426078200340271 0.89671528339385986 0
vn 0.59439891576766968 0.80417031049728394 0
vn 0.72940033674240112 0.68408709764480591 0
vn 0.84059017896652222 0.54167157411575317 0
vn 0.92322295904159546 0.38426467776298523 0
vn 0.97546929121017456 0.22013549506664276 0
vn 0 0 -1
vn 0.88780546188354492 0.23205104470252991 -0.39743399620056152
vn 0.65275275707244873 0.17061391472816467 -0.73810887336730957
vn 0 0 -1
vn 0.72261083126068115 0.56557917594909668 -0.39743399620056152
vn 0.53129458427429199 0.41583815217018127 -0.73810887336730957
vn 0 0 -1
vn 0.12100525200366974 0.99265187978744507 0
vn 0 0 -1
vn 0.11859922111034393 0.97291427850723267 -0.19842389225959778
vn 0.11103814095258713 0.91088789701461792 -0.39743399620056152
vn 0.098421543836593628 0.80738919973373413 -0.58175241947174072
vn 0.08164002001285553 0.6697239875793457 -0.73810887336730957
vn 0.06207314133644104 0.50920945405960083 -0.85840123891830444
vn 0.041175257414579391 0.33777624368667603 -0.94032537937164307
vn 0.078453205525875092 -0.0095676379278302193 -0.99687188863754272
vn 0.3799285888671875 -0.016354836523532867 -0.92487120628356934
vn 0.67462801933288574 0.0085219051688909531 -0.73810869455337524
vn 0.80314958095550537 0.025789596140384674 -0.5952189564704895
vn 0.90666353702545166 0.041767634451389313 -0.41978168487548828
vn 0.97461211681365967 0.053088221698999405 -0.21751518547534943
vn 0.99836403131484985 0.057177741080522537 0
vn 0.92322295904159546 0.38426467776298523 0
vn 0.72940033674240112 0.68408709764480591 0
vn 0.4426078200340271 0.89671528339385986 0
vn 0.12100525200366974 0.99265187978744507 0
vn 0 0 -1
vn 0 0 -1
vn 0 0 -1
vn -0.16127273440361023 0.98690986633300781 0
vn -0.44184049963951111 0.89709359407424927 0
vn -0.68406307697296143 0.72942286729812622 0
vn -0.86067861318588257 0.50914859771728516 0
vn 0.041175257414579391 0.33777624368667603 -0.94032537937164307
vn 0.06207314133644104 0.50920945405960083 -0.85840123891830444
vn 0.08164002001285553 0.6697239875793457 -0.73810887336730957
vn 0.098421543836593628 0.80738919973373413 -0.58175241947174072
vn 0.11103814095258713 0.91088789701461792 -0.39743399620056152
vn 0.11859922111034393 0.97291427850723267 -0.19842389225959778
vn -0.36783191561698914 0.16488558053970337 -0.91515707969665527
vn -0.18414413928985596 0.069672472774982452 -0.98042678833007812
vn -0.84376955032348633 0.49582445621490479 -0.20545323193073273
vn -0.79516768455505371 0.45799112319946289 -0.39743238687515259
vn -0.67250514030456543 0.36588093638420105 -0.64332568645477295
vn -0.59788942337036133 0.31259214878082275 -0.73811542987823486
vn -0.49418434500694275 0.77319341897964478 -0.39743399620056152
vn 0 0 1
vn 0.22072567045688629 -0.89068871736526489 0.39743399620056152
vn 0.16228701174259186 -0.65487265586853027 0.73810887336730957
vn 0 0 1
vn 0.6322251558303833 -0.66508466005325317 0.39743399620056152
vn 0.46483913064002991 -0.48899886012077332 0.73810887336730957
vn 0 0 1
vn 0.8742680549621582 -0.27875012159347534 0.39743399620056152
vn 0.6427994966506958 -0.20494908094406128 0.73810887336730957
vn 0 0 1
vn 0.90404057502746582 0.15734304487705231 0.39743399620056152
vn 0.66468954086303711 0.11568537354469299 0.73810887336730957
vn 0 0 1
vn 0.71534067392349243 0.57474684715270996 0.39743399620056152
vn 0.52594923973083496 0.42257863283157349 0.73810887336730957
vn 0 0 1
vn 0 0 1
vn -0.048807166516780853 -0.40021440386772156 0.91512089967727661
vn -0.041116155683994293 -0.67342722415924072 0.73810923099517822
vn -0.030660217627882957 -0.80162370204925537 0.59704214334487915
vn -0.019757332280278206 -0.90620577335357666 0.4223751425743103
vn -0.011556207202374935 -0.97557812929153442 0.21934860944747925
vn -0.0085159763693809509 -0.99996376037597656 0
vn 0.29738229513168335 -0.95475846529006958 0
vn 0.58836150169372559 -0.80859798192977905 0
vn 0.81695574522018433 -0.57670038938522339 0
vn 0.95408141613006592 -0.29954734444618225 0
vn 0.99998050928115845 0.0062475837767124176 0
vn 0.9449583888053894 0.32719051837921143 0
vn 0.78974062204360962 0.6134408712387085 0
vn 0.56457668542861938 0.82538062334060669 0
vn 0.54877066612243652 0.80718123912811279 0.21750687062740326
vn 0.50396436452865601 0.75486981868743896 0.4197516143321991
vn 0.43684685230255127 0.67447537183761597 0.59518718719482422
vn 0.35571193695068359 0.57330286502838135 0.73810082674026489
vn 0.18220946192741394 0.3337550163269043 0.92488229274749756
vn 0.032288681715726852 0.072029553353786469 0.9968796968460083
vn 0.0085159763693809509 0.99996376037597656 0
vn -0.8274957537651062 0.56147193908691406 0
vn -0.8274957537651062 0.56147193908691406 0
vn -0.8274957537651062 0.56147193908691406 0
vn 0.0085159763693809509 0.99996376037597656 0
vn 0.0085159763693809509 0.99996376037597656 0
vn -0.23138625919818878 0.97286194562911987 0
vn -0.46448975801467896 0.88557851314544678 0
vn -0.6688154935836792 0.74342840909957886 0
vn -0.6688154935836792 0.74342840909957886 0
vn -0.46448975801467896 0.88557851314544678 0
vn -0.23138625919818878 0.97286194562911987 0
vn 0.56457668542861938 0.82538062334060669 0
vn -0.0085159763693809509 -0.99996376037597656 0
vn -0.0085159763693809509 -0.99996376037597656 0
vn -0.0085159763693809509 -0.99996376037597656 0
vn 0.29738229513168335 -0.95475846529006958 0
vn 0.58836150169372559 -0.80859798192977905 0
vn 0.81695574522018433 -0.57670038938522339 0
vn 0.95408141613006592 -0.29954734444618225 0
vn 0.99998050928115845 0.0062475837767124176 0
vn 0.9449583888053894 0.32719051837921143 0
vn 0.78974062204360962 0.6134408712387085 0
vn 0.78974062204360962 0.6134408712387085 0
vn 0.9449583888053894 0.32719051837921143 0
vn 0.99998050928115845 0.0062475837767124176 0
vn 0.95408141613006592 -0.29954734444618225 0
vn 0.81695574522018433 -0.57670038938522339 0
vn 0.58836150169372559 -0.80859798192977905 0
vn 0.29738229513168335 -0.95475846529006958 0
vn 0.56457668542861938 0.82538062334060669 0
vn 0.56457668542861938 0.82538062334060669 0
vn 0 0 -1
vn 0 0 -1
vn 0 0 -1
vn 0 0 -1
vn 0 0 -1
vn 0 0 -1
vn 0 0 -1
vn 0 0 -1
vn 0 0 -1
vn 0 0 -1
vn 0 0 -1
vn 0 0 -1
vn 0 0 -1
vn 0 0 -1
vn 0 0 -1
vn 0 0 -1
vn 0 0 -1
vn 0 0 -1
vn 0 0 -1
vn 0 0 -1
vn 0 0 -1
vn 0 0 -1
vn 0 0 -1
vn 0 0 -1
vn 0 0 -1
vn 0 0 -1
vn 0 0 -1
vn 0 0 -1
vn 0 0 -1
vn 0 0 -1
vn -0.00080186937702819705 0.0014200469013303518 0.99999868869781494
vn -0.78571987152099609 -0.44286999106407166 0.43186852335929871
vn -0.45026987791061401 0.79739212989807129 0.40177458524703979
vn -0.13027124106884003 0.23070001602172852 0.96426492929458618
vn -0.25892937183380127 0.45854336023330688 0.85011386871337891
vn -0.37103107571601868 0.65706658363342285 0.65620076656341553
vn -0.63513046503067017 -0.35736179351806641 0.68476408720016479
vn -0.43419066071510315 -0.24355368316173553 0.86727160215377808
vn -0.21440714597702026 -0.11925540864467621 0.96943682432174683
vn -0.71050548553466797 0.55558216571807861 0.43186852335929871
vn -0.72167813777923584 0.54099148511886597 0.43186670541763306
vn -0.82751113176345825 0.35879531502723694 0.43184635043144226
vn -0.8881489634513855 0.15702353417873383 0.43189707398414612
vn -0.90038740634918213 -0.053490146994590759 0.43178850412368774
vn -0.86523926258087158 -0.25470495223999023 0.43184071779251099
vn -0.00080186937702819705 0.0014200469013303518 0.99999868869781494
vn -0.00080186937702819705 0.0014200469013303518 0.99999868869781494
vn -0.45026987791061401 0.79739212989807129 0.40177458524703979
vn -0.37103107571601868 0.65706658363342285 0.65620076656341553
vn -0.25892937183380127 0.45854336023330688 0.85011386871337891
vn -0.13027124106884003 0.23070001602172852 0.96426492929458618
vn -0.12806248664855957 0.2267884761095047 0.96548795700073242
vn -0.25457745790481567 0.4508364200592041 0.85553306341171265
vn -0.3655669093132019 0.64738994836807251 0.66876530647277832
vn -0.44562458992004395 0.78916573524475098 0.42265370488166809
vn -0.00080186937702819705 0.0014200469013303518 0.99999868869781494
vn -0.00080186937702819705 0.0014200469013303518 0.99999868869781494
vn -0.46475836634635925 0.82305014133453369 0.32647845149040222
vn -0.46105387806892395 0.81648975610733032 0.34752523899078369
vn -0.45479249954223633 0.80540138483047485 0.3801216185092926
vn -0.44885680079460144 0.79488968849182129 0.40826210379600525
vn -0.45510756969451904 0.80595934391021729 0.37855863571166992
vn -0.46505838632583618 0.82358145713806152 0.32470652461051941
vn -0.47452554106712341 0.8403470516204834 0.26199692487716675
vn -0.46649670600891113 0.82612860202789307 0.31605753302574158
vn -0.45719575881958008 0.80965733528137207 0.36800408363342285
vn -0.45071795582771301 0.79818570613861084 0.39969104528427124
vn -0.44686126708984375 0.79135578870773315 0.41721823811531067
vn -0.44405794143676758 0.78639131784439087 0.42941963672637939
vn -0.44370114803314209 0.78575944900512695 0.43094238638877869
vn -0.44363301992416382 0.78563880920410156 0.43123248219490051
vn -0.44426608085632324 0.78675991296768188 0.42852824926376343
vn -0.44759237766265869 0.79265052080154419 0.41396400332450867
vn -0.45170947909355164 0.79994159936904907 0.39503419399261475
vn -0.45816206932067871 0.81136858463287354 0.36299937963485718
vn -0.60620343685150146 0.68888574838638306 0.39743399620056152
vn -0.44570687413215637 0.50649845600128174 0.73810887336730957
vn 0 0 1
vn -0.91088789701461792 0.11103814095258713 0.39743399620056152
vn -0.6697239875793457 0.08164002001285553 0.73810887336730957
vn 0 0 1
vn -0.80037891864776611 -0.44882047176361084 0.39743399620056152
vn -0.58847302198410034 -0.32999211549758911 0.73810887336730957
vn 0 0 1
vn 0 0 1
vn -0.56457668542861938 -0.82538062334060669 0
vn -0.54877066612243652 -0.80718123912811279 0.21750687062740326
vn -0.50396436452865601 -0.75486981868743896 0.4197516143321991
vn -0.43684685230255127 -0.67447537183761597 0.59518718719482422
vn -0.35571193695068359 -0.57330286502838135 0.73810082674026489
vn -0.18220946192741394 -0.3337550163269043 0.92488229274749756
vn -0.032288681715726852 -0.072029553353786469 0.9968796968460083
vn 0.010726694017648697 0.50876498222351074 0.86083865165710449
vn -0.0056936023756861687 0.6746591329574585 0.73810750246047974
vn -0.023555062711238861 0.81003791093826294 0.58590424060821533
vn -0.03985556960105896 0.9167640209197998 0.39743581414222717
vn -0.049846116453409195 0.97746008634567261 0.20515142381191254
vn -0.053426742553710938 0.99857175350189209 0
vn -0.34925180673599243 0.93702888488769531 0
vn -0.62529325485229492 0.78038990497589111 0
vn -0.83834594488143921 0.54513853788375854 0
vn -0.96290326118469238 0.26984691619873047 0
vn -0.99954742193222046 -0.030081721022725105 0
vn -0.93977636098861694 -0.34179005026817322 0
vn -0.78533720970153809 -0.61906826496124268 0
vn 0 0 1
vn -0.030001511797308922 0.27478897571563721 0.96103638410568237
vn -0.01895439624786377 0.36037173867225647 0.93261617422103882
vn -0.00080868875375017524 0.45745864510536194 0.88923054933547974
vn 0.12100525200366974 0.99265187978744507 0
vn 0.08164002001285553 0.6697239875793457 0.73810887336730957
vn 0 0 1
vn -0.16127273440361023 0.98690986633300781 0
vn -0.44184049963951111 0.89709359407424927 0
vn -0.68406307697296143 0.72942286729812622 0
vn -0.86067861318588257 0.50914859771728516 0
vn 0.041175257414579391 0.33777624368667603 0.94032537937164307
vn 0.06207314133644104 0.50920945405960083 0.85840123891830444
vn 0.098421543836593628 0.80738919973373413 0.58175241947174072
vn 0.11103814095258713 0.91088789701461792 0.39743399620056152
vn 0.11859922111034393 0.97291427850723267 0.19842389225959778
vn 0 0 1
vn -0.84376436471939087 0.49583247303962708 0.20545510947704315
vn -0.79516088962554932 0.45799905061721802 0.39743679761886597
vn -0.67251032590866089 0.36587831377983093 0.64332181215286255
vn -0.59789878129959106 0.31258967518806458 0.73810893297195435
vn -0.5654900074005127 0.29018178582191467 0.77202045917510986
vn -0.11039704829454422 0.10677329450845718 0.98813557624816895
vn -0.44506099820137024 0.25485455989837646 0.85846948623657227
vn -0.30379068851470947 0.20436942577362061 0.93056130409240723
vn -0.19157186150550842 0.1535886824131012 0.9693867564201355
vn -0.30568805336952209 0.60145664215087891 0.73810887336730957
vn -0.8274957537651062 0.56147193908691406 0
vn -0.81127399206161499 0.54749268293380737 0.20514930784702301
vn -0.76447099447250366 0.50757968425750732 0.39742544293403625
vn -0.68150442838668823 0.43850570917129517 0.58588773012161255
vn -0.57479232549667358 0.35330536961555481 0.73809832334518433
vn -0.44120121002197266 0.25357118248939514 0.86083865165710449
vn 0.043566741049289703 0.63410276174545288 0.77202045917510986
vn 0.041116319596767426 0.67342740297317505 0.7381090521812439
vn 0.034017764031887054 0.76483899354934692 0.64332270622253418
vn 0.018477937206625938 0.91744309663772583 0.39743766188621521
vn 0.01118333637714386 0.97860258817672729 0.20545527338981628
vn 0.0085159763693809509 0.99996376037597656 0
vn -0.23138625919818878 0.97286194562911987 0
vn -0.46448975801467896 0.88557851314544678 0
vn -0.6688154935836792 0.74342840909957886 0
vn -0.34992113709449768 0.22215861082077026 0.91005533933639526
vn -0.24623799324035645 0.17989082634449005 0.95236867666244507
vn -0.16344550251960754 0.13863250613212585 0.97676330804824829
vn -0.06018495187163353 0.070336438715457916 0.99570608139038086
vn -0.023524358868598938 0.039596166461706161 0.99893879890441895
vn -0.022111844271421432 0.046532195061445236 0.9986720085144043
vn -0.026901371777057648 0.073154591023921967 0.99695771932601929
vn -0.034818254411220551 0.19125336408615112 0.98092293739318848
vn -0.028987010940909386 0.28461006283760071 0.95820504426956177
vn -0.012327475473284721 0.39943519234657288 0.91667854785919189
vn 0.016229424625635147 0.53176718950271606 0.84673506021499634
vn -0.00080186937702819705 0.0014200469013303518 0.99999868869781494
vn -0.78571987152099609 -0.44286999106407166 0.43186852335929871
vn -0.18578441441059113 0.32900944352149963 0.92587089538574219
vn -0.27319279313087463 0.48380270600318909 0.83144491910934448
vn -0.35038524866104126 0.62050443887710571 0.70157283544540405
vn -0.63513046503067017 -0.35736179351806641 0.68476408720016479
vn -0.43419066071510315 -0.24355368316173553 0.86727160215377808
vn -0.21440714597702026 -0.11925540864467621 0.96943682432174683
vn -0.5829651951789856 0.49475511908531189 0.64449119567871094
vn -0.66587281227111816 0.45256778597831726 0.59312373399734497
vn -0.81546837091445923 0.37965929508209229 0.43688684701919556
vn -0.81888669729232788 0.37803992629051208 0.43186852335929871
vn -0.88818693161010742 0.15700492262840271 0.43182569742202759
vn -0.90035408735275269 -0.053445599973201752 0.43186351656913757
vn -0.86523139476776123 -0.25469177961349487 0.43186423182487488
vn -0.00080186937702819705 0.0014200469013303518 0.99999868869781494
vn -0.00080186937702819705 0.0014200469013303518 0.99999868869781494
vn -0.35038524866104126 0.62050443887710571 0.70157283544540405
vn -0.27319279313087463 0.48380270600318909 0.83144491910934448
vn -0.18578441441059113 0.32900944352149963 0.92587089538574219
vn -0.093377247452735901 0.16536368429660797 0.98180216550827026
vn -0.18578441441059113 0.32900944352149963 0.92587089538574219
vn -0.27319279313087463 0.48380270600318909 0.83144491910934448
vn -0.00080186937702819705 0.0014200469013303518 0.99999868869781494
vn -0.35038524866104126 0.62050443887710571 0.70157283544540405
vn -0.35038524866104126 0.62050443887710571 0.70157283544540405
vn -0.35038524866104126 0.62050443887710571 0.70157283544540405
vn -0.00080186937702819705 0.0014200469013303518 0.99999868869781494
vn -0.21440714597702026 -0.11925540864467621 0.96943682432174683
vn -0.43419066071510315 -0.24355368316173553 0.86727160215377808
vn -0.63513046503067017 -0.35736179351806641 0.68476408720016479
vn -0.78571987152099609 -0.44286999106407166 0.43186852335929871
vn -0.66648554801940918 -0.60769343376159668 0.43186303973197937
vn -0.51334303617477417 -0.74160236120223999 0.43186211585998535
vn -0.32426780462265015 -0.8416515588760376 0.43182525038719177
vn -0.099202200770378113 -0.896465003490448 0.4318673312664032
vn -0.096049472689628601 -0.89437383413314819 0.43688669800758362
vn 0.043642941862344742 -0.80392783880233765 0.59312337636947632
vn 0.12258654087781906 -0.75472092628479004 0.64449113607406616
vn 0.35038524866104126 -0.62050443887710571 0.70157283544540405
vn 0.27285096049308777 -0.48319736123085022 0.83190906047821045
vn 0.18502095341682434 -0.32765740156173706 0.92650306224822998
vn 0.79750680923461914 0.093541435897350311 0.59601414203643799
vn 0.64039725065231323 -0.094652540981769562 0.76218909025192261
vn 0.44017958641052246 -0.26501286029815674 0.85791033506393433
vn 0.63815915584564209 0.36162745952606201 0.67968994379043579
vn 0.43759185075759888 0.24871684610843658 0.86409103870391846
vn 0.21530137956142426 0.12339023500680923 0.96872091293334961
vn 0.48003005981445312 0.65826034545898438 0.5798831582069397
vn 0.23402300477027893 0.62782233953475952 0.74234247207641602
vn -0.018004098907113075 0.54816341400146484 0.83617746829986572
vn -0.44562458992004395 0.78916573524475098 0.42265370488166809
vn -0.3655669093132019 0.64738994836807251 0.66876530647277832
vn -0.25457745790481567 0.4508364200592041 0.85553306341171265
vn -0.12806248664855957 0.2267884761095047 0.96548795700073242
vn -0.00080186937702819705 0.0014200469013303518 0.99999868869781494
vn -0.18281124532222748 0.88321548700332642 0.43186852335929871
vn 0.35038524866104126 -0.62050443887710571 0.70157283544540405
vn 0.47801846265792847 -0.55011904239654541 0.68473893404006958
vn 0.60184371471405029 -0.4850335419178009 0.63444983959197998
vn 0.66587281227111816 -0.45257002115249634 0.59312206506729126
vn 0.81546825170516968 -0.37965971231460571 0.43688669800758362
vn 0.81888729333877563 -0.37804001569747925 0.43186730146408081
vn 0.88823193311691284 -0.15698285400867462 0.43174111843109131
vn 0.90016680955886841 0.056578222662210464 0.43185484409332275
vn 0.86458957195281982 0.25687307119369507 0.43185770511627197
vn 0.78507232666015625 0.44412180781364441 0.43176069855690002
vn 0.66496396064758301 0.60936951637268066 0.43184685707092285
vn 0.51076012849807739 0.7433808445930481 0.43186691403388977
vn 0.3242468535900116 0.84163808822631836 0.43186730146408081
vn 0.12012867629528046 0.89389431476593018 0.43188205361366272
vn -0.090539976954460144 0.89738786220550537 0.43185365200042725
vn 0.092174477875232697 -0.16323366761207581 0.98227220773696899
vn 0.18502095341682434 -0.32765740156173706 0.92650306224822998
vn 0.27285096049308777 -0.48319736123085022 0.83190906047821045
vn 0.35038524866104126 -0.62050443887710571 0.70157283544540405
vn -0.00080186937702819705 0.0014200469013303518 0.99999868869781494
vn -0.00080186937702819705 0.0014200469013303518 0.99999868869781494
vn -0.00080186937702819705 0.0014200469013303518 0.99999868869781494
vn -0.00080186937702819705 0.0014200469013303518 0.99999868869781494
vn 0.35038524866104126 -0.62050443887710571 0.70157283544540405
vn 0.35038524866104126 -0.62050443887710571 0.70157283544540405
vn 0.18502095341682434 -0.32765740156173706 0.92650306224822998
vn 0.27285096049308777 -0.48319736123085022 0.83190906047821045
vn 0.35038524866104126 -0.62050443887710571 0.70157283544540405
vn 0.27285096049308777 -0.48319736123085022 0.83190906047821045
vn 0.18502095341682434 -0.32765740156173706 0.92650306224822998
vn 0.092174477875232697 -0.16323366761207581 0.98227220773696899
vn -0.00080186937702819705 0.0014200469013303518 0.99999868869781494
vn -0.78571987152099609 -0.44286999106407166 0.43186852335929871
vn -0.16160516440868378 0.28618991374969482 0.94444644451141357
vn -0.30973094701766968 0.54850888252258301 0.77666258811950684
vn -0.63513046503067017 -0.35736179351806641 0.68476408720016479
vn -0.43419066071510315 -0.24355368316173553 0.86727160215377808
vn -0.21440714597702026 -0.11925540864467621 0.96943682432174683
vn -0.45981720089912415 0.46577855944633484 0.75605452060699463
vn -0.60513901710510254 0.38965055346488953 0.69424718618392944
vn -0.62145054340362549 0.38134244084358215 0.68438082933425903
vn -0.75087541341781616 0.31694039702415466 0.5794263482093811
vn -0.7687612771987915 0.30823585391044617 0.56035411357879639
vn -0.86264693737030029 0.26330560445785522 0.43186852335929871
vn -0.88818472623825073 0.15700605511665344 0.43182986974716187
vn -0.90035766363143921 -0.053450446575880051 0.43185538053512573
vn -0.86523526906967163 -0.25469827651977539 0.43185263872146606
vn -0.00080186937702819705 0.0014200469013303518 0.99999868869781494
vn -0.00080186937702819705 0.0014200469013303518 0.99999868869781494
vn -0.30973094701766968 0.54850888252258301 0.77666258811950684
vn -0.16160516440868378 0.28618991374969482 0.94444644451141357
vn -0.16160516440868378 0.28618991374969482 0.94444644451141357
vn -0.00080186937702819705 0.0014200469013303518 0.99999868869781494
vn -0.00080186937702819705 0.0014200469013303518 0.99999868869781494
vn -0.30973094701766968 0.54850888252258301 0.77666258811950684
vn -0.30973094701766968 0.54850888252258301 0.77666258811950684
vn -0.00080186937702819705 0.0014200469013303518 0.99999868869781494
vn -0.21440714597702026 -0.11925540864467621 0.96943682432174683
vn -0.43419066071510315 -0.24355368316173553 0.86727160215377808
vn -0.63513046503067017 -0.35736179351806641 0.68476408720016479
vn -0.78571987152099609 -0.44286999106407166 0.43186852335929871
vn -0.66649144887924194 -0.60769343376159668 0.43185392022132874
vn -0.51334720849990845 -0.74160271883010864 0.43185651302337646
vn -0.32426580786705017 -0.84165030717849731 0.43182918429374695
vn -0.22005090117454529 -0.87468165159225464 0.4318675696849823
vn -0.13308747112751007 -0.81749087572097778 0.56035381555557251
vn -0.11639636009931564 -0.80667060613632202 0.57942593097686768
vn 0.0055938879959285259 -0.72910332679748535 0.68438076972961426
vn 0.021132364869117737 -0.71942633390426636 0.69424718618392944
vn 0.16137424111366272 -0.63430225849151611 0.75605487823486328
vn 0.30973094701766968 -0.54850888252258301 0.77666258811950684
vn 0.16083160042762756 -0.28481996059417725 0.94499248266220093
vn 0.79006731510162354 0.10474281758069992 0.60400539636611938
vn 0.63084167242050171 -0.079994805157184601 0.77177691459655762
vn 0.42982533574104309 -0.24799624085426331 0.86818665266036987
vn 0.63782483339309692 0.36143943667411804 0.68010365962982178
vn 0.437204509973526 0.24849860370159149 0.8643498420715332
vn 0.21510320901870728 0.12327844649553299 0.96877914667129517
vn 0.4911092221736908 0.63546645641326904 0.5958138108253479
vn 0.24865336716175079 0.59828698635101318 0.76172447204589844
vn -0.00049883645260706544 0.51498621702194214 0.85719829797744751
vn -0.35038524866104126 0.62050443887710571 0.70157283544540405
vn -0.27319279313087463 0.48380270600318909 0.83144491910934448
vn -0.18578441441059113 0.32900944352149963 0.92587089538574219
vn -0.093377247452735901 0.16536368429660797 0.98180216550827026
vn -0.00080186937702819705 0.0014200469013303518 0.99999868869781494
vn 0.099201977252960205 0.89646446704864502 0.43186852335929871
vn 0.096049889922142029 0.89437371492385864 0.43688684701919556
vn -0.04364410787820816 0.80392849445343018 0.59312236309051514
vn -0.10451174527406693 0.76586586236953735 0.63444995880126953
vn -0.22419615089893341 0.69344711303710938 0.68473875522613525
vn 0.30973094701766968 -0.54850888252258301 0.77666258811950684
vn 0.53360855579376221 -0.42663398385047913 0.73023653030395508
vn 0.60513842105865479 -0.38964653015136719 0.69425004720687866
vn 0.62145006656646729 -0.3813384473323822 0.6843835711479187
vn 0.76876139640808105 -0.30823445320129395 0.56035470962524414
vn 0.86264735460281372 -0.2633056640625 0.43186759948730469
vn 0.88819277286529541 -0.15700210630893707 0.43181470036506653
vn 0.9001806378364563 0.056596942245960236 0.43182355165481567
vn 0.86462235450744629 0.2569279670715332 0.43175935745239258
vn 0.78510242700576782 0.44413873553276062 0.43168848752975464
vn 0.66500753164291382 0.60936933755874634 0.43177995085716248
vn 0.51077163219451904 0.74338197708129883 0.43185135722160339
vn 0.32425752282142639 0.84164494276046753 0.43184584379196167
vn 0.16083160042762756 -0.28481996059417725 0.94499248266220093
vn 0.30973094701766968 -0.54850888252258301 0.77666258811950684
vn -0.00080186937702819705 0.0014200469013303518 0.99999868869781494
vn -0.00080186937702819705 0.0014200469013303518 0.99999868869781494
vn -0.00080186937702819705 0.0014200469013303518 0.99999868869781494
vn 0.30973094701766968 -0.54850888252258301 0.77666258811950684
vn 0.16083160042762756 -0.28481996059417725 0.94499248266220093
vn 0.30973094701766968 -0.54850888252258301 0.77666258811950684
vn 0.16083160042762756 -0.28481996059417725 0.94499248266220093
vn 0 0 1
vn 0 0 1
vn 0 0 1
vn 0 0 1
vn 0 0 1
vn 0 0 1
vn 0 0 1
vn 0 0 1
vn 0 0 1
vn 0 0 1
vn 0 0 1
vn 0 0 1
vn 0 0 1
vn 0 0 1
vn 0 0 1
vn 0 0 1
vn 0 0 1
vn 0 0 1
vn 0 0 1
vn 0 0 1
vn 0 0 1
vn 0 0 1
vn 0 0 1
vn 0 0 1
vn 0 0 1
vn 0 0 1
vn 0 0 1
vn 0 0 1
vn 0 0 1
vn 0 0 1
vn 0 0 1
vn 0 0 1
vn 0 0 1
vn 0 0 1
vn 0 0 1
vn 0 0 1
vn 0 0 1
vn 0 0 1
vn 0 0 1
vn 0 0 1
vn 0 0 1
vn 0 0 1
vn 0 0 1
vn 0 0 1
vn 0 0 1
vn 0 0 1
vn 0 0 1
vn 0 0 1
vn 0 0 1
vn 0 0 1
vn 0 0 1
vn 0 0 1
vn 0 0 1
vn 0 0 1
vn 0 0 1
vn 0 0 1
vn 0 0 1
vn 0 0 1
vn 0 0 1
vn 0 0 1
vn 0 0 1
vn 0 0 1
vn 0 0 1
vn 0 0 1
vn 0 0 1
vn 0 0 1
vn 0 0 1
vn 0 0 1
vn 0 0 1
vn 0 0 1
vn 0 0 1
vn 0 0 1
vn 0 0 1
vn 0 0 1
vn 0 0 1
vn 0 0 1
vn 0 0 1
vn 0 0 1
vn 0 0 1
vn 0 0 1
vn 0 0 1
vn 0 0 1
vn 0 0 1
vn 0 0 1
vn 0 0 1
vn 0 0 1
f 12/12/12 1/1/1 13/13/13
f 11/11/11 12/12/12 13/13/13
f 14/14/14 10/10/10 11/11/11
f 10/10/10 14/14/14 9/9/9
f 9/9/9 4/4/4 8/8/8
f 11/11/11 13/13/13 14/14/14
f 15/15/15 4/4/4 14/14/14
f 15/15/15 2/2/2 3/3/3
f 3/3/3 4/4/4 15/15/15
f 5/5/5 7/7/7 4/4/4
f 4/4/4 7/7/7 8/8/8
f 7/7/7 5/5/5 6/6/6
f 14/14/14 4/4/4 9/9/9
f 21/21/21 18/18/18 17/17/17 20/20/20
f 22/22/22 19/19/19 18/18/18 21/21/21
f 24/24/24 21/21/21 20/20/20 23/23/23
f 25/25/25 22/22/22 21/21/21 24/24/24
f 37/37/37 18/18/18 36/36/36
f 38/38/38 17/17/17 37/37/37
f 20/20/20 17/17/17 39/39/39
f 38/38/38 39/39/39 17/17/17
f 20/20/20 39/39/39 40/40/40
f 37/37/37 17/17/17 18/18/18
f 35/35/35 36/36/36 18/18/18
f 19/19/19 46/46/46 34/34/34
f 34/34/34 46/46/46 16/16/16
f 19/19/19 34/34/34 35/35/35
f 44/44/44 45/45/45 19/19/19
f 46/46/46 19/19/19 45/45/45
f 44/44/44 22/22/22 28/28/28
f 19/19/19 22/22/22 44/44/44
f 19/19/19 35/35/35 18/18/18
f 20/20/20 41/41/41 23/23/23
f 42/42/42 23/23/23 41/41/41
f 23/23/23 43/43/43 24/24/24
f 29/29/29 30/30/30 43/43/43
f 24/24/24 43/43/43 30/30/30
f 42/42/42 43/43/43 23/23/23
f 22/22/22 25/25/25 27/27/27 28/28/28
f 25/25/25 26/26/26 27/27/27
f 26/26/26 25/25/25 33/33/33
f 24/24/24 31/31/31 25/25/25
f 25/25/25 32/32/32 33/33/33
f 25/25/25 31/31/31 32/32/32
f 24/24/24 30/30/30 31/31/31
f 20/20/20 40/40/40 41/41/41
f 53/53/53 57/57/57 58/58/58
f 59/59/59 55/55/55 53/53/53
f 56/56/56 47/47/47 52/52/52
f 52/52/52 55/55/55 56/56/56
f 55/55/55 52/52/52 53/53/53
f 59/59/59 53/53/53 58/58/58
f 50/50/50 59/59/59 60/60/60
f 50/50/50 60/60/60 48/48/48
f 55/55/55 51/51/51 54/54/54
f 50/50/50 51/51/51 59/59/59
f 54/54/54 51/51/51 49/49/49
f 59/59/59 51/51/51 55/55/55
f 67/67/67 61/61/61 63/63/63
f 63/63/63 64/64/64 69/69/69 70/70/70
f 66/66/66 67/67/67 70/70/70
f 63/63/63 70/70/70 67/67/67
f 72/72/72 65/65/65 71/71/71
f 68/68/68 65/65/65 72/72/72
f 68/68/68 69/69/69 64/64/64 65/65/65
f 72/72/72 62/62/62 68/68/68
f 78/78/78 75/75/75 74/74/74 77/77/77
f 81/81/81 78/78/78 77/77/77 80/80/80
f 96/96/96 97/97/97 98/98/98
f 96/96/96 74/74/74 95/95/95
f 74/74/74 96/96/96 98/98/98
f 77/77/77 99/99/99 100/100/100
f 94/94/94 95/95/95 74/74/74
f 99/99/99 77/77/77 74/74/74
f 77/77/77 100/100/100 101/101/101
f 98/98/98 99/99/99 74/74/74
f 75/75/75 92/92/92 93/93/93
f 76/76/76 73/73/73 91/91/91
f 91/91/91 92/92/92 76/76/76
f 92/92/92 75/75/75 76/76/76
f 75/75/75 94/94/94 74/74/74
f 78/78/78 79/79/79 76/76/76 75/75/75
f 94/94/94 75/75/75 93/93/93
f 80/80/80 77/77/77 101/101/101 102/102/102
f 104/104/104 80/80/80 103/103/103
f 102/102/102 103/103/103 80/80/80
f 87/87/87 104/104/104 83/83/83
f 87/87/87 84/84/84 80/80/80
f 104/104/104 87/87/87 80/80/80
f 88/88/88 80/80/80 84/84/84
f 82/82/82 81/81/81 90/90/90 86/86/86
f 80/80/80 88/88/88 81/81/81
f 81/81/81 82/82/82 79/79/79 78/78/78
f 85/85/85 81/81/81 88/88/88
f 81/81/81 85/85/85 89/89/89
f 81/81/81 89/89/89 90/90/90
f 110/110/110 109/109/109 106/106/106 107/107/107
f 113/113/113 112/112/112 109/109/109 110/110/110
f 116/116/116 115/115/115 112/112/112 113/113/113
f 133/133/133 132/132/132 131/131/131
f 106/106/106 130/130/130 129/129/129
f 130/130/130 106/106/106 131/131/131
f 106/106/106 134/134/134 133/133/133
f 109/109/109 135/135/135 134/134/134 106/106/106
f 136/136/136 135/135/135 109/109/109
f 107/107/107 106/106/106 129/129/129
f 131/131/131 106/106/106 133/133/133
f 108/108/108 126/126/126 140/140/140
f 140/140/140 105/105/105 108/108/108
f 127/127/127 126/126/126 108/108/108
f 110/110/110 107/107/107 108/108/108 111/111/111
f 107/107/107 127/127/127 108/108/108
f 128/128/128 127/127/127 107/107/107
f 111/111/111 114/114/114 113/113/113 110/110/110
f 129/129/129 128/128/128 107/107/107
f 112/112/112 137/137/137 136/136/136
f 115/115/115 138/138/138 137/137/137 112/112/112
f 120/120/120 119/119/119 139/139/139
f 121/121/121 120/120/120 115/115/115
f 139/139/139 115/115/115 120/120/120
f 138/138/138 115/115/115 139/139/139
f 121/121/121 115/115/115 122/122/122
f 116/116/116 113/113/113 114/114/114 117/117/117
f 117/117/117 124/124/124 116/116/116
f 116/116/116 123/123/123 122/122/122
f 117/117/117 118/118/118 125/125/125
f 117/117/117 125/125/125 124/124/124
f 116/116/116 124/124/124 123/123/123
f 116/116/116 122/122/122 115/115/115
f 112/112/112 136/136/136 109/109/109
f 147/147/147 146/146/146 143/143/143 144/144/144
f 150/150/150 149/149/149 146/146/146 147/147/147
f 153/153/153 152/152/152 149/149/149 150/150/150
f 156/156/156 155/155/155 152/152/152 153/153/153
f 164/164/164 166/166/166 165/165/165
f 143/143/143 164/164/164 163/163/163
f 166/166/166 164/164/164 143/143/143
f 143/143/143 163/163/163 162/162/162
f 143/143/143 167/167/167 166/166/166
f 146/146/146 168/168/168 167/167/167
f 146/146/146 169/169/169 168/168/168
f 149/149/149 170/170/170 169/169/169 146/146/146
f 171/171/171 170/170/170 149/149/149
f 143/143/143 146/146/146 167/167/167
f 145/145/145 159/159/159 184/184/184
f 142/142/142 184/184/184 141/141/141
f 159/159/159 141/141/141 184/184/184
f 184/184/184 142/142/142 145/145/145
f 160/160/160 159/159/159 145/145/145
f 144/144/144 162/162/162 161/161/161
f 144/144/144 143/143/143 162/162/162
f 160/160/160 145/145/145 144/144/144
f 147/147/147 144/144/144 145/145/145 148/148/148
f 148/148/148 151/151/151 150/150/150 147/147/147
f 161/161/161 160/160/160 144/144/144
f 152/152/152 172/172/172 171/171/171
f 155/155/155 173/173/173 172/172/172 152/152/152
f 174/174/174 173/173/173 155/155/155
f 155/155/155 176/176/176 175/175/175
f 178/178/178 177/177/177 176/176/176
f 179/179/179 178/178/178 155/155/155
f 176/176/176 155/155/155 178/178/178
f 174/174/174 155/155/155 175/175/175
f 179/179/179 155/155/155 180/180/180
f 153/153/153 150/150/150 151/151/151 154/154/154
f 154/154/154 157/157/157 156/156/156 153/153/153
f 156/156/156 157/157/157 182/182/182
f 181/181/181 156/156/156 182/182/182
f 158/158/158 183/183/183 157/157/157
f 182/182/182 157/157/157 183/183/183
f 180/180/180 156/156/156 181/181/181
f 155/155/155 156/156/156 180/180/180
f 171/171/171 149/149/149 152/152/152
f 186/186/186 189/189/189 185/185/185
f 188/188/188 189/189/189 186/186/186
f 189/189/189 190/190/190 187/187/187
f 189/189/189 188/188/188 190/190/190
f 199/199/199 198/198/198 210/210/210
f 199/199/199 201/201/201 200/200/200
f 210/210/210 201/201/201 199/199/199
f 210/210/210 198/198/198 197/197/197
f 194/194/194 191/191/191 192/192/192
f 197/197/197 196/196/196 210/210/210
f 196/196/196 195/195/195 209/209/209
f 195/195/195 194/194/194 192/192/192
f 210/210/210 202/202/202 201/201/201
f 205/205/205 203/203/203 210/210/210
f 202/202/202 210/210/210 203/203/203
f 210/210/210 206/206/206 205/205/205
f 203/203/203 205/205/205 204/204/204
f 207/207/207 206/206/206 210/210/210
f 208/208/208 196/196/196 209/209/209
f 207/207/207 210/210/210 208/208/208
f 192/192/192 193/193/193 209/209/209
f 195/195/195 192/192/192 209/209/209
f 210/210/210 196/196/196 208/208/208
f 213/213/213 214/214/214 215/215/215
f 215/215/215 216/216/216 238/238/238 239/239/239
f 213/213/213 215/215/215 239/239/239
f 216/216/216 217/217/217 237/237/237 238/238/238
f 218/218/218 219/219/219 235/235/235 236/236/236
f 217/217/217 218/218/218 236/236/236 237/237/237
f 219/219/219 220/220/220 233/233/233 234/234/234
f 213/213/213 240/240/240 212/212/212
f 239/239/239 240/240/240 213/213/213
f 219/219/219 234/234/234 235/235/235
f 233/233/233 220/220/220 232/232/232
f 222/222/222 223/223/223 229/229/229 230/230/230
f 221/221/221 222/222/222 230/230/230 231/231/231
f 220/220/220 221/221/221 231/231/231 232/232/232
f 224/224/224 225/225/225 227/227/227 228/228/228
f 225/225/225 241/241/241 242/242/242
f 223/223/223 224/224/224 228/228/228 229/229/229
f 227/227/227 225/225/225 242/242/242
f 242/242/242 211/211/211 226/226/226
f 226/226/226 227/227/227 242/242/242
f 248/248/248 245/245/245 244/244/244 247/247/247
f 251/251/251 248/248/248 247/247/247 250/250/250
f 254/254/254 251/251/251 250/250/250 253/253/253
f 257/257/257 254/254/254 253/253/253 256/256/256
f 260/260/260 257/257/257 256/256/256 259/259/259
f 263/263/263 260/260/260 259/259/259 262/262/262
f 271/271/271 272/272/272 273/273/273
f 244/244/244 273/273/273 274/274/274
f 271/271/271 273/273/273 244/244/244
f 247/247/247 244/244/244 274/274/274 275/275/275
f 270/270/270 271/271/271 244/244/244
f 247/247/247 276/276/276 277/277/277
f 250/250/250 277/277/277 278/278/278
f 250/250/250 247/247/247 277/277/277
f 253/253/253 250/250/250 278/278/278 279/279/279
f 280/280/280 253/253/253 279/279/279
f 275/275/275 276/276/276 247/247/247
f 269/269/269 270/270/270 244/244/244
f 245/245/245 268/268/268 269/269/269
f 246/246/246 266/266/266 267/267/267
f 246/246/246 243/243/243 266/266/266
f 267/267/267 268/268/268 245/245/245
f 244/244/244 245/245/245 269/269/269
f 248/248/248 249/249/249 246/246/246 245/245/245
f 251/251/251 252/252/252 249/249/249 248/248/248
f 252/252/252 251/251/251 254/254/254 255/255/255
f 267/267/267 245/245/245 246/246/246
f 253/253/253 280/280/280 281/281/281
f 256/256/256 281/281/281 282/282/282
f 256/256/256 282/282/282 283/283/283
f 259/259/259 256/256/256 283/283/283 284/284/284
f 285/285/285 259/259/259 284/284/284
f 262/262/262 259/259/259 285/285/285 286/286/286
f 262/262/262 286/286/286 287/287/287
f 262/262/262 287/287/287 289/289/289
f 288/288/288 289/289/289 287/287/287
f 262/262/262 289/289/289 290/290/290
f 262/262/262 290/290/290 291/291/291
f 257/257/257 258/258/258 255/255/255 254/254/254
f 260/260/260 261/261/261 258/258/258 257/257/257
f 261/261/261 260/260/260 263/263/263 264/264/264
f 292/292/292 263/263/263 291/291/291
f 293/293/293 263/263/263 292/292/292
f 294/294/294 264/264/264 293/293/293
f 263/263/263 293/293/293 264/264/264
f 264/264/264 294/294/294 265/265/265
f 291/291/291 263/263/263 262/262/262
f 281/281/281 256/256/256 253/253/253
f 297/297/297 298/298/298 295/295/295
f 298/298/298 299/299/299 296/296/296
f 298/298/298 297/297/297 299/299/299
f 315/315/315 314/314/314 321/321/321
f 315/315/315 317/317/317 316/316/316
f 321/321/321 317/317/317 315/315/315
f 317/317/317 321/321/321 318/318/318
f 311/311/311 320/320/320 301/301/301
f 320/320/320 300/300/300 301/301/301
f 321/321/321 313/313/313 312/312/312
f 314/314/314 313/313/313 321/321/321
f 308/308/308 312/312/312 311/311/311
f 307/307/307 321/321/321 312/312/312
f 321/321/321 319/319/319 318/318/318
f 304/304/304 303/303/303 319/319/319
f 305/305/305 321/321/321 306/306/306
f 304/304/304 321/321/321 305/305/305
f 306/306/306 321/321/321 307/307/307
f 301/301/301 308/308/308 311/311/311
f 308/308/308 307/307/307 312/312/312
f 309/309/309 308/308/308 301/301/301
f 301/301/301 302/302/302 310/310/310
f 301/301/301 310/310/310 309/309/309
f 321/321/321 304/304/304 319/319/319
f 327/327/327 326/326/326 322/322/322
f 341/341/341 326/326/326 327/327/327
f 327/327/327 328/328/328 340/340/340 341/341/341
f 328/328/328 329/329/329 339/339/339 340/340/340
f 326/326/326 341/341/341 325/325/325
f 338/338/338 339/339/339 329/329/329 330/330/330
f 330/330/330 331/331/331 337/337/337 338/338/338
f 332/332/332 333/333/333 335/335/335 336/336/336
f 324/324/324 333/333/333 323/323/323
f 331/331/331 332/332/332 336/336/336 337/337/337
f 334/334/334 335/335/335 324/324/324
f 333/333/333 324/324/324 335/335/335
f 347/347/347 346/346/346 343/343/343 344/344/344
f 350/350/350 349/349/349 346/346/346 347/347/347
f 353/353/353 352/352/352 349/349/349 350/350/350
f 356/356/356 355/355/355 352/352/352 353/353/353
f 365/365/365 363/363/363 343/343/343
f 343/343/343 362/362/362 361/361/361
f 363/363/363 362/362/362 343/343/343
f 365/365/365 364/364/364 363/363/363
f 346/346/346 366/366/366 365/365/365 343/343/343
f 349/349/349 368/368/368 367/367/367 346/346/346
f 366/366/366 346/346/346 367/367/367
f 344/344/344 361/361/361 360/360/360
f 345/345/345 359/359/359 342/342/342
f 359/359/359 344/344/344 360/360/360
f 347/347/347 344/344/344 345/345/345 348/348/348
f 343/343/343 361/361/361 344/344/344
f 348/348/348 351/351/351 350/350/350 347/347/347
f 359/359/359 345/345/345 344/344/344
f 352/352/352 369/369/369 368/368/368 349/349/349
f 355/355/355 371/371/371 370/370/370 352/352/352
f 369/369/369 352/352/352 370/370/370
f 373/373/373 372/372/372 371/371/371
f 374/374/374 373/373/373 355/355/355
f 371/371/371 355/355/355 373/373/373
f 374/374/374 355/355/355 375/375/375
f 356/356/356 353/353/353 354/354/354 357/357/357
f 353/353/353 350/350/350 351/351/351 354/354/354
f 357/357/357 377/377/377 356/356/356
f 356/356/356 376/376/376 375/375/375
f 357/357/357 358/358/358 378/378/378
f 357/357/357 378/378/378 377/377/377
f 356/356/356 377/377/377 376/376/376
f 356/356/356 375/375/375 355/355/355
f 381/381/381 382/382/382 383/383/383
f 388/388/388 381/381/381 383/383/383
f 381/381/381 388/388/388 379/379/379
f 387/387/387 388/388/388 383/383/383 384/384/384
f 384/384/384 385/385/385 386/386/386 387/387/387
f 390/390/390 385/385/385 389/389/389
f 380/380/380 386/386/386 390/390/390
f 385/385/385 390/390/390 386/386/386
f 399/399/399 410/410/410 398/398/398
f 399/399/399 400/400/400 401/401/401
f 410/410/410 399/399/399 401/401/401
f 410/410/410 397/397/397 398/398/398
f 394/394/394 392/392/392 391/391/391
f 397/397/397 410/410/410 396/396/396
f 396/396/396 409/409/409 395/395/395
f 395/395/395 392/392/392 394/394/394
f 410/410/410 401/401/401 402/402/402
f 405/405/405 410/410/410 403/403/403
f 402/402/402 403/403/403 410/410/410
f 410/410/410 405/405/405 406/406/406
f 403/403/403 404/404/404 405/405/405
f 407/407/407 410/410/410 406/406/406
f 408/408/408 409/409/409 396/396/396
f 407/407/407 408/408/408 410/410/410
f 392/392/392 409/409/409 393/393/393
f 395/395/395 409/409/409 392/392/392
f 410/410/410 408/408/408 396/396/396
f 417/417/417 415/415/415 416/416/416
f 417/417/417 425/425/425 415/415/415
f 414/414/414 415/415/415 426/426/426
f 415/415/415 425/425/425 426/426/426
f 424/424/424 418/418/418 423/423/423
f 424/424/424 425/425/425 417/417/417
f 418/418/418 424/424/424 417/417/417
f 418/418/418 419/419/419 421/421/421 422/422/422
f 419/419/419 412/412/412 413/413/413
f 413/413/413 421/421/421 419/419/419
f 413/413/413 411/411/411 420/420/420
f 420/420/420 421/421/421 413/413/413
f 423/423/423 418/418/418 422/422/422
f 432/432/432 431/431/431 428/428/428 429/429/429
f 428/428/428 447/447/447 446/446/446
f 428/428/428 446/446/446 445/445/445
f 447/447/447 428/428/428 449/449/449
f 448/448/448 447/447/447 449/449/449
f 429/429/429 428/428/428 445/445/445
f 430/430/430 443/443/443 442/442/442
f 430/430/430 442/442/442 427/427/427
f 443/443/443 430/430/430 429/429/429
f 445/445/445 444/444/444 429/429/429
f 430/430/430 433/433/433 432/432/432 429/429/429
f 444/444/444 443/443/443 429/429/429
f 431/431/431 450/450/450 449/449/449 428/428/428
f 451/451/451 450/450/450 431/431/431
f 437/437/437 451/451/451 431/431/431
f 451/451/451 436/436/436 434/434/434
f 451/451/451 437/437/437 436/436/436
f 438/438/438 437/437/437 431/431/431
f 433/433/433 441/441/441 440/440/440 432/432/432
f 431/431/431 432/432/432 438/438/438
f 438/438/438 432/432/432 439/439/439
f 432/432/432 440/440/440 439/439/439
f 433/433/433 435/435/435 441/441/441
f 456/456/456 452/452/452 465/465/465
f 465/465/465 472/472/472 456/456/456
f 464/464/464 472/472/472 465/465/465
f 472/472/472 464/464/464 463/463/463
f 463/463/463 462/462/462 472/472/472
f 461/461/461 460/460/460 466/466/466
f 460/460/460 453/453/453 454/454/454
f 471/471/471 462/462/462 461/461/461
f 456/456/456 472/472/472 457/457/457
f 468/468/468 458/458/458 472/472/472
f 457/457/457 472/472/472 458/458/458
f 472/472/472 469/469/469 468/468/468
f 458/458/458 468/468/468 459/459/459
f 470/470/470 469/469/469 472/472/472
f 471/471/471 461/461/461 466/466/466
f 470/470/470 472/472/472 471/471/471
f 454/454/454 466/466/466 460/460/460
f 454/454/454 455/455/455 467/467/467
f 454/454/454 467/467/467 466/466/466
f 472/472/472 462/462/462 471/471/471
f 478/478/478 475/475/475 474/474/474 477/477/477
f 481/481/481 478/478/478 477/477/477 480/480/480
f 484/484/484 481/481/481 480/480/480 483/483/483
f 487/487/487 484/484/484 483/483/483 486/486/486
f 496/496/496 474/474/474 494/494/494
f 474/474/474 492/492/492 493/493/493
f 494/494/494 474/474/474 493/493/493
f 496/496/496 494/494/494 495/495/495
f 477/477/477 474/474/474 496/496/496 497/497/497
f 480/480/480 477/477/477 498/498/498 499/499/499
f 497/497/497 498/498/498 477/477/477
f 475/475/475 491/491/491 492/492/492
f 476/476/476 473/473/473 490/490/490
f 490/490/490 491/491/491 475/475/475
f 478/478/478 479/479/479 476/476/476 475/475/475
f 474/474/474 475/475/475 492/492/492
f 479/479/479 478/478/478 481/481/481 482/482/482
f 490/490/490 475/475/475 476/476/476
f 483/483/483 480/480/480 499/499/499 500/500/500
f 486/486/486 483/483/483 501/501/501 502/502/502
f 500/500/500 501/501/501 483/483/483
f 504/504/504 502/502/502 503/503/503
f 505/505/505 486/486/486 504/504/504
f 502/502/502 504/504/504 486/486/486
f 505/505/505 506/506/506 486/486/486
f 487/487/487 488/488/488 485/485/485 484/484/484
f 484/484/484 485/485/485 482/482/482 481/481/481
f 488/488/488 487/487/487 508/508/508
f 487/487/487 506/506/506 507/507/507
f 488/488/488 509/509/509 489/489/489
f 488/488/488 508/508/508 509/509/509
f 487/487/487 507/507/507 508/508/508
f 487/487/487 486/486/486 506/506/506
f 515/515/515 510/510/510 516/516/516
f 516/516/516 517/517/517 520/520/520 521/521/521
f 514/514/514 515/515/515 521/521/521
f 516/516/516 521/521/521 515/515/515
f 513/513/513 518/518/518 512/512/512
f 519/519/519 518/518/518 513/513/513
f 519/519/519 520/520/520 517/517/517 518/518/518
f 513/513/513 511/511/511 519/519/519
f 524/524/524 525/525/525 526/526/526
f 527/527/527 528/528/528 537/537/537 538/538/538
f 536/536/536 537/537/537 528/528/528 529/529/529
f 526/526/526 527/527/527 538/538/538 539/539/539
f 539/539/539 523/523/523 524/524/524
f 526/526/526 539/539/539 524/524/524
f 530/530/530 531/531/531 534/534/534 535/535/535
f 541/541/541 532/532/532 540/540/540
f 531/531/531 532/532/532 533/533/533 534/534/534
f 532/532/532 541/541/541 533/533/533
f 535/535/535 536/536/536 529/529/529 530/530/530
f 541/541/541 522/522/522 533/533/533
f 561/561/561 560/560/560 544/544/544
f 546/546/546 559/559/559 558/558/558
f 568/568/568 565/565/565 564/564/564
f 564/564/564 562/562/562 569/569/569
f 562/562/562 561/561/561 544/544/544
f 545/545/545 560/560/560 559/559/559
f 557/557/557 556/556/556 553/553/553
f 556/556/556 555/555/555 553/553/553
f 547/547/547 557/557/557 553/553/553
f 555/555/555 554/554/554 553/553/553
f 552/552/552 551/551/551 550/550/550
f 558/558/558 557/557/557 547/547/547
f 549/549/549 553/553/553 552/552/552
f 565/565/565 567/567/567 566/566/566
f 564/564/564 569/569/569 568/568/568
f 569/569/569 562/562/562 571/571/571
f 571/571/571 562/562/562 542/542/542
f 543/543/543 542/542/542 562/562/562
f 571/571/571 570/570/570 569/569/569
f 543/543/543 562/562/562 544/544/544
f 563/563/563 553/553/553 548/548/548
f 552/552/552 550/550/550 549/549/549
f 553/553/553 549/549/549 548/548/548
f 563/563/563 547/547/547 553/553/553
f 546/546/546 558/558/558 547/547/547
f 546/546/546 545/545/545 559/559/559
f 560/560/560 545/545/545 544/544/544
f 567/567/567 565/565/565 568/568/568
f 580/580/580 572/572/572 575/575/575
f 579/579/579 580/580/580 575/575/575
f 586/586/586 578/578/578 579/579/579
f 578/578/578 586/586/586 573/573/573
f 585/585/585 586/586/586 579/579/579
f 576/576/576 579/579/579 575/575/575
f 577/577/577 582/582/582 576/576/576
f 577/577/577 574/574/574 581/581/581
f 581/581/581 582/582/582 577/577/577
f 585/585/585 579/579/579 584/584/584
f 583/583/583 584/584/584 576/576/576
f 583/583/583 576/576/576 582/582/582
f 576/576/576 584/584/584 579/579/579
f 598/598/598 587/587/587 593/593/593
f 593/593/593 592/592/592 598/598/598
f 594/594/594 595/595/595 590/590/590 591/591/591
f 610/610/610 595/595/595 609/609/609
f 593/593/593 594/594/594 591/591/591 592/592/592
f 595/595/595 610/610/610 611/611/611
f 592/592/592 588/588/588 597/597/597
f 598/598/598 592/592/592 597/597/597
f 590/590/590 611/611/611 612/612/612
f 614/614/614 590/590/590 613/613/613
f 612/612/612 613/613/613 590/590/590
f 595/595/595 611/611/611 590/590/590
f 596/596/596 602/602/602 595/595/595
f 608/608/608 602/602/602 603/603/603
f 607/607/607 608/608/608 603/603/603
f 595/595/595 608/608/608 609/609/609
f 606/606/606 604/604/604 605/605/605
f 604/604/604 606/606/606 607/607/607
f 603/603/603 604/604/604 607/607/607
f 601/601/601 589/589/589 615/615/615
f 614/614/614 615/615/615 589/589/589
f 590/590/590 614/614/614 589/589/589
f 600/600/600 616/616/616 599/599/599
f 616/616/616 600/600/600 601/601/601
f 615/615/615 616/616/616 601/601/601
f 602/602/602 608/608/608 595/595/595
f 621/621/621 618/618/618 617/617/617 620/620/620
f 624/624/624 621/621/621 620/620/620 623/623/623
f 638/638/638 639/639/639 640/640/640
f 638/638/638 617/617/617 637/637/637
f 617/617/617 638/638/638 640/640/640
f 617/617/617 641/641/641 642/642/642
f 620/620/620 617/617/617 642/642/642 643/643/643
f 640/640/640 641/641/641 617/617/617
f 636/636/636 637/637/637 617/617/617
f 635/635/635 618/618/618 634/634/634
f 634/634/634 618/618/618 650/650/650
f 618/618/618 635/635/635 636/636/636
f 648/648/648 649/649/649 618/618/618
f 650/650/650 618/618/618 649/649/649
f 647/647/647 648/648/648 619/619/619
f 618/618/618 619/619/619 648/648/648
f 619/619/619 618/618/618 621/621/621 622/622/622
f 618/618/618 636/636/636 617/617/617
f 623/623/623 644/644/644 645/645/645
f 644/644/644 623/623/623 620/620/620
f 623/623/623 645/645/645 646/646/646
f 643/643/643 644/644/644 620/620/620
f 628/628/628 646/646/646 627/627/627
f 628/628/628 629/629/629 623/623/623
f 646/646/646 628/628/628 623/623/623
f 629/629/629 630/630/630 623/623/623
f 624/624/624 625/625/625 622/622/622 621/621/621
f 625/625/625 624/624/624 632/632/632
f 624/624/624 630/630/630 631/631/631
f 625/625/625 633/633/633 626/626/626
f 625/625/625 632/632/632 633/633/633
f 624/624/624 631/631/631 632/632/632
f 624/624/624 623/623/623 630/630/630
f 654/654/654 662/662/662 651/651/651
f 655/655/655 661/661/661 654/654/654
f 662/662/662 654/654/654 661/661/661
f 673/673/673 661/661/661 655/655/655
f 673/673/673 652/652/652 660/660/660
f 673/673/673 659/659/659 652/652/652
f 663/663/663 653/653/653 658/658/658
f 659/659/659 673/673/673 658/658/658
f 673/673/673 669/669/669 658/658/658
f 673/673/673 660/660/660 661/661/661
f 673/673/673 655/655/655 665/665/665
f 664/664/664 656/656/656 657/657/657
f 665/665/665 656/656/656 664/664/664
f 673/673/673 666/666/666 667/667/667
f 665/665/665 666/666/666 673/673/673
f 670/670/670 673/673/673 667/667/667
f 663/663/663 658/658/658 669/669/669
f 672/672/672 669/669/669 673/673/673
f 671/671/671 672/672/672 673/673/673
f 673/673/673 670/670/670 671/671/671
f 667/667/667 668/668/668 670/670/670
f 655/655/655 656/656/656 665/665/665
f 683/683/683 677/677/677 682/682/682
f 681/681/681 678/678/678 699/699/699
f 686/686/686 684/684/684 685/685/685
f 683/683/683 684/684/684 686/686/686
f 682/682/682 678/678/678 681/681/681
f 698/698/698 699/699/699 678/678/678
f 681/681/681 699/699/699 680/680/680
f 696/696/696 692/692/692 695/695/695
f 695/695/695 692/692/692 694/694/694
f 697/697/697 691/691/691 696/696/696
f 697/697/697 698/698/698 690/690/690
f 686/686/686 687/687/687 683/683/683
f 676/676/676 687/687/687 688/688/688
f 675/675/675 688/688/688 674/674/674
f 676/676/676 677/677/677 683/683/683
f 688/688/688 675/675/675 676/676/676
f 682/682/682 677/677/677 678/678/678
f 693/693/693 694/694/694 692/692/692
f 692/692/692 696/696/696 691/691/691
f 689/689/689 678/678/678 679/679/679
f 689/689/689 690/690/690 698/698/698
f 690/690/690 691/691/691 697/697/697
f 678/678/678 689/689/689 698/698/698
f 683/683/683 687/687/687 676/676/676
f 707/707/707 700/700/700 702/702/702
f 706/706/706 707/707/707 702/702/702
f 714/714/714 705/705/705 706/706/706
f 705/705/705 714/714/714 701/701/701
f 713/713/713 714/714/714 706/706/706
f 708/708/708 706/706/706 702/702/702
f 708/708/708 703/703/703 704/704/704
f 708/708/708 709/709/709 706/706/706
f 713/713/713 706/706/706 709/709/709
f 712/712/712 713/713/713 709/709/709
f 712/712/712 710/710/710 711/711/711
f 712/712/712 709/709/709 710/710/710
f 703/703/703 708/708/708 702/702/702
f 723/723/723 715/715/715 720/720/720
f 719/719/719 720/720/720 721/721/721
f 716/716/716 723/723/723 719/719/719
f 720/720/720 719/719/719 723/723/723
f 718/718/718 719/719/719 721/721/721 722/722/722
f 725/725/725 722/722/722 724/724/724
f 726/726/726 722/722/722 725/725/725
f 717/717/717 718/718/718 726/726/726
f 722/722/722 726/726/726 718/718/718
f 738/738/738 729/729/729 737/737/737
f 729/729/729 733/733/733 737/737/737
f 734/734/734 735/735/735 736/736/736
f 737/737/737 734/734/734 736/736/736
f 734/734/734 737/737/737 733/733/733
f 740/740/740 738/738/738 739/739/739
f 738/738/738 741/741/741 729/729/729
f 741/741/741 727/727/727 728/728/728
f 728/728/728 729/729/729 741/741/741
f 730/730/730 732/732/732 729/729/729
f 729/729/729 732/732/732 733/733/733
f 732/732/732 730/730/730 731/731/731
f 740/740/740 741/741/741 738/738/738
f 746/746/746 743/743/743 742/742/742 745/745/745
f 747/747/747 744/744/744 743/743/743 746/746/746
f 749/749/749 746/746/746 745/745/745 748/748/748
f 750/750/750 747/747/747 746/746/746 749/749/749
f 761/761/761 762/762/762 763/763/763
f 761/761/761 743/743/743 760/760/760
f 743/743/743 761/761/761 763/763/763
f 742/742/742 764/764/764 765/765/765
f 742/742/742 743/743/743 763/763/763
f 764/764/764 742/742/742 763/763/763
f 744/744/744 760/760/760 743/743/743
f 744/744/744 774/774/774 758/758/758
f 758/758/758 774/774/774 757/757/757
f 744/744/744 758/758/758 759/759/759
f 774/774/774 744/744/744 773/773/773
f 772/772/772 773/773/773 744/744/744
f 772/772/772 747/747/747 755/755/755
f 744/744/744 747/747/747 772/772/772
f 744/744/744 759/759/759 760/760/760
f 745/745/745 742/742/742 765/765/765
f 745/745/745 766/766/766 767/767/767
f 767/767/767 748/748/748 745/745/745
f 748/748/748 767/767/767 768/768/768
f 765/765/765 766/766/766 745/745/745
f 748/748/748 769/769/769 749/749/749
f 771/771/771 749/749/749 770/770/770
f 769/769/769 770/770/770 749/749/749
f 768/768/768 769/769/769 748/748/748
f 747/747/747 750/750/750 754/754/754 755/755/755
f 750/750/750 753/753/753 754/754/754
f 753/753/753 750/750/750 752/752/752
f 750/750/750 756/756/756 752/752/752
f 756/756/756 751/751/751 752/752/752
f 771/771/771 756/756/756 750/750/750
f 750/750/750 749/749/749 771/771/771
f 781/781/781 784/784/784 785/785/785
f 782/782/782 780/780/780 781/781/781
f 775/775/775 780/780/780 783/783/783
f 780/780/780 782/782/782 783/783/783
f 785/785/785 786/786/786 781/781/781
f 778/778/778 786/786/786 787/787/787
f 778/778/778 787/787/787 776/776/776
f 779/779/779 782/782/782 778/778/778
f 786/786/786 778/778/778 782/782/782
f 782/782/782 779/779/779 777/777/777
f 781/781/781 786/786/786 782/782/782
f 790/790/790 794/794/794 788/788/788
f 793/793/793 794/794/794 790/790/790
f 793/793/793 790/790/790 796/796/796
f 803/803/803 792/792/792 793/793/793
f 792/792/792 803/803/803 789/789/789
f 797/797/797 803/803/803 793/793/793
f 795/795/795 790/790/790 791/791/791
f 796/796/796 797/797/797 793/793/793
f 802/802/802 797/797/797 798/798/798
f 803/803/803 797/797/797 802/802/802
f 801/801/801 802/802/802 799/799/799
f 798/798/798 799/799/799 802/802/802
f 799/799/799 800/800/800 801/801/801
f 795/795/795 796/796/796 790/790/790
f 808/808/808 810/810/810 804/804/804
f 807/807/807 805/805/805 809/809/809
f 809/809/809 810/810/810 808/808/808
f 812/812/812 808/808/808 811/811/811
f 806/806/806 807/807/807 812/812/812
f 808/808/808 812/812/812 807/807/807
f 809/809/809 808/808/808 807/807/807
f 819/819/819 823/823/823 824/824/824
f 825/825/825 815/815/815 824/824/824
f 818/818/818 819/819/819 824/824/824
f 822/822/822 820/820/820 821/821/821
f 820/820/820 822/822/822 819/819/819
f 823/823/823 819/819/819 822/822/822
f 828/828/828 825/825/825 826/826/826
f 825/825/825 828/828/828 815/815/815
f 828/828/828 813/813/813 814/814/814
f 814/814/814 815/815/815 828/828/828
f 816/816/816 818/818/818 815/815/815
f 815/815/815 818/818/818 824/824/824
f 818/818/818 816/816/816 817/817/817
f 827/827/827 828/828/828 826/826/826
f 833/833/833 830/830/830 829/829/829 832/832/832
f 834/834/834 831/831/831 830/830/830 833/833/833
f 836/836/836 833/833/833 832/832/832 835/835/835
f 837/837/837 834/834/834 833/833/833 836/836/836
f 830/830/830 852/852/852 854/854/854
f 854/854/854 852/852/852 853/853/853
f 829/829/829 854/854/854 855/855/855
f 832/832/832 829/829/829 856/856/856
f 855/855/855 856/856/856 829/829/829
f 832/832/832 856/856/856 857/857/857
f 854/854/854 829/829/829 830/830/830
f 851/851/851 852/852/852 830/830/830
f 831/831/831 850/850/850 851/851/851
f 831/831/831 848/848/848 849/849/849
f 849/849/849 850/850/850 831/831/831
f 831/831/831 834/834/834 842/842/842 861/861/861
f 830/830/830 831/831/831 851/851/851
f 842/842/842 834/834/834 841/841/841
f 848/848/848 831/831/831 861/861/861
f 832/832/832 858/858/858 835/835/835
f 860/860/860 836/836/836 835/835/835
f 835/835/835 858/858/858 859/859/859
f 836/836/836 860/860/860 844/844/844
f 860/860/860 843/843/843 844/844/844
f 859/859/859 860/860/860 835/835/835
f 845/845/845 836/836/836 844/844/844
f 840/840/840 841/841/841 837/837/837
f 837/837/837 841/841/841 834/834/834
f 837/837/837 839/839/839 840/840/840
f 839/839/839 837/837/837 847/847/847
f 837/837/837 845/845/845 846/846/846
f 839/839/839 847/847/847 838/838/838
f 837/837/837 846/846/846 847/847/847
f 845/845/845 837/837/837 836/836/836
f 832/832/832 857/857/857 858/858/858
f 865/865/865 867/867/867 866/866/866
f 866/866/866 867/867/867 862/862/862
f 869/869/869 866/866/866 868/868/868
f 865/865/865 869/869/869 863/863/863
f 865/865/865 864/864/864 867/867/867
f 869/869/869 865/865/865 866/866/866
f 879/879/879 930/930/930 878/878/878
f 929/929/929 879/879/879 928/928/928
f 880/880/880 928/928/928 879/879/879
f 948/948/948 928/928/928 880/880/880
f 929/929/929 930/930/930 879/879/879
f 877/877/877 878/878/878 932/932/932
f 932/932/932 878/878/878 931/931/931
f 877/877/877 932/932/932 933/933/933
f 931/931/931 878/878/878 930/930/930
f 933/933/933 876/876/876 877/877/877
f 946/946/946 883/883/883 945/945/945
f 944/944/944 945/945/945 883/883/883
f 944/944/944 884/884/884 943/943/943
f 942/942/942 943/943/943 884/884/884
f 883/883/883 884/884/884 944/944/944
f 881/881/881 948/948/948 880/880/880
f 947/947/947 948/948/948 881/881/881
f 946/946/946 947/947/947 882/882/882
f 881/881/881 882/882/882 947/947/947
f 882/882/882 883/883/883 946/946/946
f 934/934/934 876/876/876 933/933/933
f 875/875/875 876/876/876 934/934/934
f 924/924/924 875/875/875 934/934/934
f 925/925/925 874/874/874 924/924/924
f 926/926/926 873/873/873 925/925/925
f 874/874/874 925/925/925 873/873/873
f 924/924/924 874/874/874 875/875/875
f 912/912/912 872/872/872 926/926/926
f 926/926/926 872/872/872 873/873/873
f 910/910/910 911/911/911 927/927/927
f 911/911/911 912/912/912 926/926/926
f 911/911/911 926/926/926 927/927/927
f 913/913/913 906/906/906 872/872/872
f 872/872/872 907/907/907 905/905/905
f 906/906/906 907/907/907 872/872/872
f 908/908/908 901/901/901 905/905/905
f 907/907/907 908/908/908 905/905/905
f 909/909/909 900/900/900 908/908/908
f 902/902/902 904/904/904 905/905/905
f 900/900/900 901/901/901 908/908/908
f 901/901/901 902/902/902 905/905/905
f 900/900/900 909/909/909 899/899/899
f 912/912/912 913/913/913 872/872/872
f 941/941/941 942/942/942 885/885/885
f 884/884/884 885/885/885 942/942/942
f 941/941/941 885/885/885 940/940/940
f 886/886/886 940/940/940 885/885/885
f 939/939/939 940/940/940 886/886/886
f 939/939/939 887/887/887 938/938/938
f 937/937/937 955/955/955 936/936/936
f 936/936/936 955/955/955 935/935/935
f 887/887/887 937/937/937 938/938/938
f 887/887/887 939/939/939 886/886/886
f 954/954/954 955/955/955 937/937/937
f 888/888/888 937/937/937 887/887/887
f 889/889/889 951/951/951 888/888/888
f 937/937/937 888/888/888 954/954/954
f 890/890/890 950/950/950 889/889/889
f 953/953/953 954/954/954 888/888/888
f 952/952/952 953/953/953 888/888/888
f 951/951/951 889/889/889 950/950/950
f 888/888/888 951/951/951 952/952/952
f 891/891/891 920/920/920 890/890/890
f 921/921/921 950/950/950 890/890/890
f 892/892/892 893/893/893 904/904/904
f 922/922/922 923/923/923 949/949/949
f 903/903/903 894/894/894 895/895/895
f 903/903/903 893/893/893 894/894/894
f 897/897/897 903/903/903 896/896/896
f 895/895/895 896/896/896 903/903/903
f 898/898/898 903/903/903 897/897/897
f 893/893/893 903/903/903 904/904/904
f 902/902/902 892/892/892 904/904/904
f 950/950/950 922/922/922 949/949/949
f 920/920/920 891/891/891 919/919/919
f 890/890/890 920/920/920 921/921/921
f 918/918/918 919/919/919 870/870/870
f 922/922/922 950/950/950 921/921/921
f 870/870/870 917/917/917 918/918/918
f 870/870/870 915/915/915 916/916/916
f 870/870/870 914/914/914 915/915/915
f 916/916/916 917/917/917 870/870/870
f 870/870/870 871/871/871 914/914/914
f 870/870/870 919/919/919 891/891/891
