# Rhino

o object_1
v -4288.50341796875 400.77679443359375 -24364.3671875
v -4240.55908203125 437.88949584960938 -24364.3671875
v -4281.08056640625 391.18798828125 -24364.3671875
v -4284.7919921875 395.98239135742188 -24364.3671875
v -4192.615234375 475.002197265625 -24364.3671875
v -4185.19287109375 465.41339111328125 -24364.3671875
v -4233.13671875 428.30068969726562 -24364.3671875
v -4175.60400390625 472.8359375 -24352.240234375
v -4183.0263671875 482.42474365234375 -24352.240234375
v -4183.0263671875 482.42474365234375 -24267.359375
v -4175.60400390625 472.8359375 -24267.359375
v -4192.615234375 475.002197265625 -24255.232421875
v -4281.08056640625 391.18798828125 -24255.232421875
v -4233.13671875 428.30068969726562 -24255.232421875
v -4185.19287109375 465.41339111328125 -24255.232421875
v -4288.50341796875 400.77679443359375 -24255.232421875
v -4284.7919921875 395.98239135742188 -24255.232421875
v -4240.55908203125 437.88949584960938 -24255.232421875
v -4298.091796875 393.354248046875 -24267.359375
v -4298.091796875 393.354248046875 -24352.240234375
v -4290.66943359375 383.76544189453125 -24352.240234375
v -4290.66943359375 383.76544189453125 -24267.359375
v -4294.380859375 388.55984497070312 -24267.359375
v -4294.380859375 388.55984497070312 -24352.240234375
v -4295.92578125 410.36557006835938 -24267.359375
v -4211.28076171875 475.88800048828125 -24296.2109375
v -4211.28076171875 475.88800048828125 -24323.388671875
v -4230.45849609375 461.04290771484375 -24347.640625
v -4247.98193359375 447.47830200195312 -24347.640625
v -4265.50537109375 433.91366577148438 -24347.640625
v -4200.03759765625 484.59100341796875 -24352.240234375
v -4284.6826171875 419.06857299804688 -24323.388671875
v -4284.6826171875 419.06857299804688 -24296.2109375
v -4200.03759765625 484.59100341796875 -24267.359375
v -4247.98193359375 447.47830200195312 -24267.359375
v -4265.50537109375 433.91366577148438 -24271.958984375
v -4247.98193359375 447.47830200195312 -24271.958984375
v -4230.45849609375 461.04290771484375 -24271.958984375
v -4295.92578125 410.36557006835938 -24352.240234375
v -4271.95361328125 428.92193603515625 -24352.240234375
v -4247.98193359375 447.47830200195312 -24352.240234375
v -4224.009765625 466.03463745117188 -24352.240234375
v -4211.62060546875 475.6248779296875 -24327.931640625
v -4212.62646484375 474.84619140625 -24332.314453125
v -4216.89697265625 471.54049682617188 -24340.537109375
v -4223.39892578125 466.50747680664062 -24345.9375
v -4226.865234375 463.8243408203125 -24347.2109375
v -4272.564453125 428.4490966796875 -24345.9375
v -4279.06640625 423.41610717773438 -24340.537109375
v -4283.3369140625 420.11038208007812 -24332.314453125
v -4226.865234375 463.8243408203125 -24272.388671875
v -4223.39892578125 466.50747680664062 -24273.66015625
v -4216.89697265625 471.54049682617188 -24279.060546875
v -4212.62646484375 474.84619140625 -24287.283203125
v -4211.62060546875 475.6248779296875 -24291.666015625
v -4283.3369140625 420.11038208007812 -24287.283203125
v -4279.06640625 423.41610717773438 -24279.060546875
v -4272.564453125 428.4490966796875 -24273.66015625
v -4273.658203125 381.59918212890625 -24352.240234375
v -4177.77001953125 455.8245849609375 -24352.240234375
v -4262.4150390625 390.30218505859375 -24323.388671875
v -4262.4150390625 390.30218505859375 -24296.2109375
v -4273.658203125 381.59918212890625 -24267.359375
v -4225.7138671875 418.71188354492188 -24352.240234375
v -4243.23779296875 405.14724731445312 -24271.958984375
v -4208.1904296875 432.27651977539062 -24271.958984375
v -4189.01318359375 447.12161254882812 -24296.2109375
v -4189.01318359375 447.12161254882812 -24323.388671875
v -4177.77001953125 455.8245849609375 -24267.359375
v -4225.7138671875 418.71188354492188 -24267.359375
v -4208.1904296875 432.27651977539062 -24347.640625
v -4243.23779296875 405.14724731445312 -24347.640625
v -4189.35302734375 446.85848999023438 -24327.931640625
v -4190.35888671875 446.07980346679688 -24332.314453125
v -4194.62939453125 442.77407836914062 -24340.537109375
v -4201.13134765625 437.74105834960938 -24345.9375
v -4204.59765625 435.05795288085938 -24347.2109375
v -4250.296875 399.68270874023438 -24345.9375
v -4256.798828125 394.64968872070312 -24340.537109375
v -4261.0693359375 391.343994140625 -24332.314453125
v -4201.13134765625 437.74105834960938 -24273.66015625
v -4194.62939453125 442.77407836914062 -24279.060546875
v -4190.35888671875 446.07980346679688 -24287.283203125
v -4261.0693359375 391.343994140625 -24287.283203125
v -4256.798828125 394.64968872070312 -24279.060546875
v -4250.296875 399.68270874023438 -24273.66015625
v -4258.08251953125 424.32485961914062 -24335.513671875
v -4223.03564453125 451.45413208007812 -24335.513671875
v -4240.55908203125 437.88949584960938 -24335.513671875
v -4250.66015625 414.73605346679688 -24335.513671875
v -4219.32421875 446.65972900390625 -24335.513671875
v -4215.61328125 441.86532592773438 -24335.513671875
v -4213.44677734375 458.87667846679688 -24323.388671875
v -4213.44677734375 458.87667846679688 -24296.2109375
v -4209.73583984375 454.082275390625 -24296.2109375
v -4206.0244140625 449.28787231445312 -24323.388671875
v -4209.73583984375 454.082275390625 -24323.388671875
v -4206.0244140625 449.28787231445312 -24296.2109375
v -4215.61328125 441.86532592773438 -24284.083984375
v -4258.08251953125 424.32485961914062 -24284.083984375
v -4254.37158203125 419.53045654296875 -24284.083984375
v -4250.66015625 414.73605346679688 -24284.083984375
v -4223.03564453125 451.45413208007812 -24284.083984375
v -4240.55908203125 437.88949584960938 -24284.083984375
v -4267.67138671875 416.90231323242188 -24296.2109375
v -4260.2490234375 407.31350708007812 -24296.2109375
v -4263.9599609375 412.10791015625 -24296.2109375
v -4267.67138671875 416.90231323242188 -24323.388671875
v -4260.2490234375 407.31350708007812 -24323.388671875
v -4288.50341796875 400.77679443359375 -24364.3671875
v -4293.751953125 407.55709838867188 -24360.814453125
v -4295.92578125 410.36557006835938 -24352.240234375
v -4240.55908203125 437.88949584960938 -24364.3671875
v -4245.8076171875 444.6697998046875 -24360.814453125
v -4247.98193359375 447.47830200195312 -24352.240234375
v -4192.615234375 475.002197265625 -24364.3671875
v -4197.86376953125 481.78250122070312 -24360.814453125
v -4200.03759765625 484.59100341796875 -24352.240234375
v -4247.46044921875 446.8050537109375 -24356.703125
v -4271.95361328125 428.92193603515625 -24352.240234375
v -4295.40478515625 409.69232177734375 -24356.703125
v -4269.77978515625 426.11343383789062 -24360.814453125
v -4271.4326171875 428.24868774414062 -24356.703125
v -4199.5166015625 483.91775512695312 -24356.703125
v -4224.009765625 466.03463745117188 -24352.240234375
v -4221.8359375 463.22613525390625 -24360.814453125
v -4223.48876953125 465.36138916015625 -24356.703125
v -4295.8955078125 410.3267822265625 -24353.330078125
v -4295.8017578125 410.20550537109375 -24354.447265625
v -4295.63916015625 409.99545288085938 -24355.576171875
v -4295.0966796875 409.29437255859375 -24357.810546875
v -4294.7158203125 408.80255126953125 -24358.875
v -4294.265625 408.2210693359375 -24359.8828125
v -4293.181640625 406.82058715820312 -24361.654296875
v -4292.56494140625 406.02386474609375 -24362.390625
v -4291.912109375 405.18087768554688 -24363.01171875
v -4291.2353515625 404.30636596679688 -24363.515625
v -4290.54541015625 403.41522216796875 -24363.8984375
v -4289.85400390625 402.52157592773438 -24364.1640625
v -4289.169921875 401.63836669921875 -24364.31640625
v -4193.2822265625 475.86380004882812 -24364.31640625
v -4193.9658203125 476.74700927734375 -24364.1640625
v -4194.65771484375 477.640625 -24363.8984375
v -4195.34716796875 478.53176879882812 -24363.515625
v -4196.0244140625 479.40628051757812 -24363.01171875
v -4196.6767578125 480.249267578125 -24362.390625
v -4197.29345703125 481.04598999023438 -24361.654296875
v -4198.3779296875 482.44650268554688 -24359.8828125
v -4198.82763671875 483.02798461914062 -24358.875
v -4199.20849609375 483.519775390625 -24357.810546875
v -4199.7509765625 484.22085571289062 -24355.576171875
v -4199.91357421875 484.430908203125 -24354.447265625
v -4200.0078125 484.55221557617188 -24353.330078125
v -4185.19287109375 465.41339111328125 -24364.3671875
v -4178.412109375 470.66192626953125 -24360.814453125
v -4175.60400390625 472.8359375 -24352.240234375
v -4192.615234375 475.002197265625 -24364.3671875
v -4189.08544921875 477.73440551757812 -24363.515625
v -4183.0263671875 482.42474365234375 -24352.240234375
v -4191.75341796875 475.66915893554688 -24364.31640625
v -4190.87060546875 476.35281372070312 -24364.1640625
v -4189.9765625 477.0445556640625 -24363.8984375
v -4188.2109375 478.41131591796875 -24363.01171875
v -4187.3681640625 479.06387329101562 -24362.390625
v -4186.5712890625 479.68060302734375 -24361.654296875
v -4185.8349609375 480.250732421875 -24360.814453125
v -4185.1708984375 480.76470947265625 -24359.8828125
v -4184.58935546875 481.21484375 -24358.875
v -4184.09765625 481.59552001953125 -24357.810546875
v -4183.69970703125 481.90359497070312 -24356.703125
v -4183.396484375 482.13821411132812 -24355.576171875
v -4183.1865234375 482.30081176757812 -24354.447265625
v -4183.06494140625 482.39471435546875 -24353.330078125
v -4175.7216796875 472.74456787109375 -24354.13671875
v -4176.0732421875 472.47265625 -24355.98828125
v -4176.64892578125 472.02691650390625 -24357.74609375
v -4177.43505859375 471.41836547851562 -24359.3671875
v -4179.556640625 469.7762451171875 -24362.05078125
v -4180.83935546875 468.78317260742188 -24363.044921875
v -4182.2294921875 467.70709228515625 -24363.7734375
v -4183.6923828125 466.57452392578125 -24364.216796875
v -4281.08056640625 391.18798828125 -24364.3671875
v -4275.83203125 384.40768432617188 -24360.814453125
v -4273.658203125 381.59918212890625 -24352.240234375
v -4233.13671875 428.30068969726562 -24364.3671875
v -4225.7138671875 418.71188354492188 -24352.240234375
v -4185.19287109375 465.41339111328125 -24364.3671875
v -4179.9443359375 458.63308715820312 -24360.814453125
v -4178.291015625 456.49783325195312 -24356.703125
v -4177.77001953125 455.8245849609375 -24352.240234375
v -4184.52587890625 464.55178833007812 -24364.31640625
v -4183.841796875 463.6685791015625 -24364.1640625
v -4183.150390625 462.77496337890625 -24363.8984375
v -4182.46044921875 461.88381958007812 -24363.515625
v -4181.78369140625 461.00930786132812 -24363.01171875
v -4181.130859375 460.16632080078125 -24362.390625
v -4180.51416015625 459.36959838867188 -24361.654296875
v -4179.43017578125 457.96908569335938 -24359.8828125
v -4178.97998046875 457.38760375976562 -24358.875
v -4178.59912109375 456.89581298828125 -24357.810546875
v -4178.056640625 456.19473266601562 -24355.576171875
v -4177.89404296875 455.98468017578125 -24354.447265625
v -4177.80029296875 455.86337280273438 -24353.330078125
v -4273.74951171875 381.71722412109375 -24354.13671875
v -4274.021484375 382.0684814453125 -24355.98828125
v -4274.46728515625 382.644287109375 -24357.74609375
v -4275.07568359375 383.43048095703125 -24359.3671875
v -4276.7177734375 385.55181884765625 -24362.05078125
v -4277.7109375 386.83474731445312 -24363.044921875
v -4278.787109375 388.22488403320312 -24363.7734375
v -4279.91943359375 389.68795776367188 -24364.216796875
v -4227.88818359375 421.5203857421875 -24360.814453125
v -4226.2353515625 419.3851318359375 -24356.703125
v -4288.50341796875 400.77679443359375 -24364.3671875
v -4298.091796875 393.354248046875 -24352.240234375
v -4284.7919921875 395.98239135742188 -24364.3671875
v -4294.380859375 388.55984497070312 -24352.240234375
v -4281.08056640625 391.18798828125 -24364.3671875
v -4284.6103515625 388.45578002929688 -24363.515625
v -4287.86083984375 385.939453125 -24360.814453125
v -4290.66943359375 383.76544189453125 -24352.240234375
v -4281.9423828125 390.52102661132812 -24364.31640625
v -4282.82568359375 389.83734130859375 -24364.1640625
v -4283.71923828125 389.14559936523438 -24363.8984375
v -4285.48486328125 387.77883911132812 -24363.01171875
v -4286.32763671875 387.12628173828125 -24362.390625
v -4287.12451171875 386.50955200195312 -24361.654296875
v -4288.52490234375 385.42547607421875 -24359.8828125
v -4289.1064453125 384.975341796875 -24358.875
v -4289.59814453125 384.59466552734375 -24357.810546875
v -4289.99609375 384.28659057617188 -24356.703125
v -4290.29931640625 384.05194091796875 -24355.576171875
v -4290.50927734375 383.88934326171875 -24354.447265625
v -4290.630859375 383.79547119140625 -24353.330078125
v -4297.97412109375 393.44561767578125 -24354.13671875
v -4297.62255859375 393.717529296875 -24355.98828125
v -4297.046875 394.16323852539062 -24357.74609375
v -4296.2607421875 394.77182006835938 -24359.3671875
v -4295.28369140625 395.52825927734375 -24360.814453125
v -4294.13916015625 396.41390991210938 -24362.05078125
v -4292.8564453125 397.40701293945312 -24363.044921875
v -4291.46630859375 398.48309326171875 -24363.7734375
v -4290.00341796875 399.61563110351562 -24364.216796875
v -4291.572265625 390.73385620117188 -24360.814453125
v -4293.70751953125 389.08099365234375 -24356.703125
v -4183.0263671875 482.42474365234375 -24352.240234375
v -4191.08349609375 487.03103637695312 -24352.240234375
v -4200.03759765625 484.59100341796875 -24352.240234375
v -4183.0263671875 482.42474365234375 -24267.359375
v -4200.03759765625 484.59100341796875 -24267.359375
v -4199.14599609375 485.21914672851562 -24352.240234375
v -4198.1689453125 485.78155517578125 -24352.240234375
v -4197.11279296875 486.26324462890625 -24352.240234375
v -4195.98681640625 486.64996337890625 -24352.240234375
v -4194.80419921875 486.92889404296875 -24352.240234375
v -4193.58056640625 487.08966064453125 -24352.240234375
v -4192.333984375 487.12490844726562 -24352.240234375
v -4189.84912109375 486.80850219726562 -24352.240234375
v -4188.65087890625 486.4619140625 -24352.240234375
v -4187.5068359375 485.99960327148438 -24352.240234375
v -4186.431640625 485.43316650390625 -24352.240234375
v -4185.43896484375 484.77667236328125 -24352.240234375
v -4184.537109375 484.04562377929688 -24352.240234375
v -4183.73193359375 483.25631713867188 -24352.240234375
v -4183.73193359375 483.25631713867188 -24267.359375
v -4184.537109375 484.04562377929688 -24267.359375
v -4185.43896484375 484.77667236328125 -24267.359375
v -4186.431640625 485.43316650390625 -24267.359375
v -4187.5068359375 485.99960327148438 -24267.359375
v -4188.65087890625 486.4619140625 -24267.359375
v -4189.84912109375 486.80850219726562 -24267.359375
v -4191.08349609375 487.03103637695312 -24267.359375
v -4192.333984375 487.12490844726562 -24267.359375
v -4193.58056640625 487.08966064453125 -24267.359375
v -4194.80419921875 486.92889404296875 -24267.359375
v -4195.98681640625 486.64996337890625 -24267.359375
v -4197.11279296875 486.26324462890625 -24267.359375
v -4198.1689453125 485.78155517578125 -24267.359375
v -4199.14599609375 485.21914672851562 -24267.359375
v -4175.60400390625 472.8359375 -24267.359375
v -4185.19287109375 465.41339111328125 -24255.232421875
v -4183.0263671875 482.42474365234375 -24267.359375
v -4185.8349609375 480.250732421875 -24258.783203125
v -4192.615234375 475.002197265625 -24255.232421875
v -4183.06494140625 482.39471435546875 -24266.26953125
v -4183.1865234375 482.30081176757812 -24265.15234375
v -4183.396484375 482.13821411132812 -24264.021484375
v -4183.69970703125 481.90359497070312 -24262.89453125
v -4184.09765625 481.59552001953125 -24261.7890625
v -4184.58935546875 481.21484375 -24260.72265625
v -4185.1708984375 480.76470947265625 -24259.71484375
v -4186.5712890625 479.68060302734375 -24257.9453125
v -4187.3681640625 479.06387329101562 -24257.208984375
v -4188.2109375 478.41131591796875 -24256.587890625
v -4189.08544921875 477.73440551757812 -24256.083984375
v -4189.9765625 477.0445556640625 -24255.701171875
v -4190.87060546875 476.35281372070312 -24255.435546875
v -4191.75341796875 475.66915893554688 -24255.28125
v -4184.3310546875 466.08035278320312 -24255.28125
v -4183.44775390625 466.7640380859375 -24255.435546875
v -4182.55419921875 467.45578002929688 -24255.701171875
v -4181.6630859375 468.14559936523438 -24256.083984375
v -4180.78857421875 468.82254028320312 -24256.587890625
v -4179.9453125 469.47509765625 -24257.208984375
v -4179.14892578125 470.091796875 -24257.9453125
v -4178.412109375 470.66192626953125 -24258.783203125
v -4177.74853515625 471.1759033203125 -24259.71484375
v -4177.1669921875 471.62603759765625 -24260.72265625
v -4176.67529296875 472.0067138671875 -24261.7890625
v -4176.27685546875 472.31478881835938 -24262.89453125
v -4175.97412109375 472.54940795898438 -24264.021484375
v -4175.76416015625 472.71200561523438 -24265.15234375
v -4175.642578125 472.805908203125 -24266.26953125
v -4175.60400390625 472.8359375 -24352.240234375
v -4177.77001953125 455.8245849609375 -24352.240234375
v -4175.60400390625 472.8359375 -24267.359375
v -4173.16357421875 463.88162231445312 -24267.359375
v -4174.76171875 459.23004150390625 -24267.359375
v -4177.77001953125 455.8245849609375 -24267.359375
v -4176.9384765625 456.53033447265625 -24352.240234375
v -4176.1494140625 457.33529663085938 -24352.240234375
v -4175.41796875 458.23709106445312 -24352.240234375
v -4174.76171875 459.23004150390625 -24352.240234375
v -4174.1953125 460.30496215820312 -24352.240234375
v -4173.73291015625 461.44931030273438 -24352.240234375
v -4173.38623046875 462.64752197265625 -24352.240234375
v -4173.16357421875 463.88162231445312 -24352.240234375
v -4173.06982421875 465.13211059570312 -24352.240234375
v -4173.10498046875 466.37893676757812 -24352.240234375
v -4173.26611328125 467.60263061523438 -24352.240234375
v -4173.544921875 468.78518676757812 -24352.240234375
v -4173.931640625 469.91098022460938 -24352.240234375
v -4174.4130859375 470.96722412109375 -24352.240234375
v -4174.9755859375 471.94430541992188 -24352.240234375
v -4174.9755859375 471.94430541992188 -24267.359375
v -4174.4130859375 470.96722412109375 -24267.359375
v -4173.931640625 469.91098022460938 -24267.359375
v -4173.544921875 468.78518676757812 -24267.359375
v -4173.26611328125 467.60263061523438 -24267.359375
v -4173.10498046875 466.37893676757812 -24267.359375
v -4173.06982421875 465.13211059570312 -24267.359375
v -4173.38623046875 462.64752197265625 -24267.359375
v -4173.73291015625 461.44931030273438 -24267.359375
v -4174.1953125 460.30496215820312 -24267.359375
v -4175.41796875 458.23709106445312 -24267.359375
v -4176.1494140625 457.33529663085938 -24267.359375
v -4176.9384765625 456.53033447265625 -24267.359375
v -4192.615234375 475.002197265625 -24255.232421875
v -4199.5166015625 483.91775512695312 -24262.89453125
v -4200.03759765625 484.59100341796875 -24267.359375
v -4240.55908203125 437.88949584960938 -24255.232421875
v -4247.98193359375 447.47830200195312 -24267.359375
v -4288.50341796875 400.77679443359375 -24255.232421875
v -4295.92578125 410.36557006835938 -24267.359375
v -4200.0078125 484.55221557617188 -24266.26953125
v -4199.91357421875 484.430908203125 -24265.15234375
v -4199.7509765625 484.22085571289062 -24264.021484375
v -4199.20849609375 483.519775390625 -24261.7890625
v -4198.82763671875 483.02798461914062 -24260.72265625
v -4198.3779296875 482.44650268554688 -24259.71484375
v -4197.86376953125 481.78250122070312 -24258.783203125
v -4197.29345703125 481.04598999023438 -24257.9453125
v -4196.6767578125 480.249267578125 -24257.208984375
v -4196.0244140625 479.40628051757812 -24256.587890625
v -4195.34716796875 478.53176879882812 -24256.083984375
v -4194.65771484375 477.640625 -24255.701171875
v -4193.9658203125 476.74700927734375 -24255.435546875
v -4193.2822265625 475.86380004882812 -24255.28125
v -4289.169921875 401.63836669921875 -24255.28125
v -4289.85400390625 402.52157592773438 -24255.435546875
v -4290.54541015625 403.41522216796875 -24255.701171875
v -4291.2353515625 404.30636596679688 -24256.083984375
v -4291.912109375 405.18087768554688 -24256.587890625
v -4292.56494140625 406.02386474609375 -24257.208984375
v -4293.181640625 406.82058715820312 -24257.9453125
v -4293.751953125 407.55709838867188 -24258.783203125
v -4294.265625 408.2210693359375 -24259.71484375
v -4294.7158203125 408.80255126953125 -24260.72265625
v -4295.0966796875 409.29437255859375 -24261.7890625
v -4295.40478515625 409.69232177734375 -24262.89453125
v -4295.63916015625 409.99545288085938 -24264.021484375
v -4295.8017578125 410.20550537109375 -24265.15234375
v -4295.8955078125 410.3267822265625 -24266.26953125
v -4245.8076171875 444.6697998046875 -24258.783203125
v -4247.46044921875 446.8050537109375 -24262.89453125
v -4281.08056640625 391.18798828125 -24255.232421875
v -4290.66943359375 383.76544189453125 -24267.359375
v -4284.7919921875 395.98239135742188 -24255.232421875
v -4294.380859375 388.55984497070312 -24267.359375
v -4288.50341796875 400.77679443359375 -24255.232421875
v -4298.091796875 393.354248046875 -24267.359375
v -4289.36474609375 400.10983276367188 -24255.28125
v -4290.248046875 399.4261474609375 -24255.435546875
v -4291.1416015625 398.73440551757812 -24255.701171875
v -4292.03271484375 398.04458618164062 -24256.083984375
v -4292.9072265625 397.36764526367188 -24256.587890625
v -4293.75048828125 396.715087890625 -24257.208984375
v -4294.546875 396.09835815429688 -24257.9453125
v -4295.28369140625 395.52825927734375 -24258.783203125
v -4295.947265625 395.01425170898438 -24259.71484375
v -4296.52880859375 394.56414794921875 -24260.72265625
v -4297.02099609375 394.18344116210938 -24261.7890625
v -4297.4189453125 393.87539672851562 -24262.89453125
v -4297.7216796875 393.6407470703125 -24264.021484375
v -4297.93212890625 393.4781494140625 -24265.15234375
v -4298.05322265625 393.38427734375 -24266.26953125
v -4290.630859375 383.79547119140625 -24266.26953125
v -4290.50927734375 383.88934326171875 -24265.15234375
v -4290.29931640625 384.05194091796875 -24264.021484375
v -4289.99609375 384.28659057617188 -24262.89453125
v -4289.59814453125 384.59466552734375 -24261.7890625
v -4289.1064453125 384.975341796875 -24260.72265625
v -4288.52490234375 385.42547607421875 -24259.71484375
v -4287.86083984375 385.939453125 -24258.783203125
v -4287.12451171875 386.50955200195312 -24257.9453125
v -4286.32763671875 387.12628173828125 -24257.208984375
v -4285.48486328125 387.77883911132812 -24256.587890625
v -4284.6103515625 388.45578002929688 -24256.083984375
v -4283.71923828125 389.14559936523438 -24255.701171875
v -4282.82568359375 389.83734130859375 -24255.435546875
v -4281.9423828125 390.52102661132812 -24255.28125
v -4185.19287109375 465.41339111328125 -24255.232421875
v -4179.9443359375 458.63308715820312 -24258.783203125
v -4177.77001953125 455.8245849609375 -24267.359375
v -4233.13671875 428.30068969726562 -24255.232421875
v -4225.7138671875 418.71188354492188 -24267.359375
v -4281.08056640625 391.18798828125 -24255.232421875
v -4273.658203125 381.59918212890625 -24267.359375
v -4177.861328125 455.94265747070312 -24265.4609375
v -4178.13330078125 456.29391479492188 -24263.611328125
v -4178.5791015625 456.86972045898438 -24261.853515625
v -4179.1875 457.6558837890625 -24260.23046875
v -4180.82958984375 459.77725219726562 -24257.548828125
v -4181.82275390625 461.0601806640625 -24256.5546875
v -4182.89892578125 462.45028686523438 -24255.826171875
v -4184.03173828125 463.91339111328125 -24255.380859375
v -4279.91943359375 389.68795776367188 -24255.380859375
v -4278.787109375 388.22488403320312 -24255.826171875
v -4277.7109375 386.83474731445312 -24256.5546875
v -4276.7177734375 385.55181884765625 -24257.548828125
v -4275.83203125 384.40768432617188 -24258.783203125
v -4275.07568359375 383.43048095703125 -24260.23046875
v -4274.46728515625 382.644287109375 -24261.853515625
v -4274.021484375 382.0684814453125 -24263.611328125
v -4273.74951171875 381.71722412109375 -24265.4609375
v -4227.88818359375 421.5203857421875 -24258.783203125
v -4226.2353515625 419.3851318359375 -24262.89453125
v -4298.091796875 393.354248046875 -24267.359375
v -4295.92578125 410.36557006835938 -24267.359375
v -4298.091796875 393.354248046875 -24352.240234375
v -4295.92578125 410.36557006835938 -24352.240234375
v -4298.72021484375 394.245849609375 -24352.240234375
v -4299.28271484375 395.22296142578125 -24352.240234375
v -4299.76416015625 396.27920532226562 -24352.240234375
v -4300.15087890625 397.40496826171875 -24352.240234375
v -4300.4296875 398.58755493164062 -24352.240234375
v -4300.5908203125 399.81121826171875 -24352.240234375
v -4300.6259765625 401.05807495117188 -24352.240234375
v -4300.5322265625 402.30856323242188 -24352.240234375
v -4300.3095703125 403.54266357421875 -24352.240234375
v -4299.962890625 404.74087524414062 -24352.240234375
v -4299.50048828125 405.88522338867188 -24352.240234375
v -4298.93408203125 406.96014404296875 -24352.240234375
v -4298.27783203125 407.95306396484375 -24352.240234375
v -4297.54638671875 408.8548583984375 -24352.240234375
v -4296.75732421875 409.65985107421875 -24352.240234375
v -4297.33447265625 409.08639526367188 -24267.359375
v -4298.525390625 407.60256958007812 -24267.359375
v -4299.4697265625 405.95071411132812 -24267.359375
v -4300.14453125 404.17141723632812 -24267.359375
v -4300.5322265625 402.30856323242188 -24267.359375
v -4300.62353515625 400.407958984375 -24267.359375
v -4300.41650390625 398.5164794921875 -24267.359375
v -4299.91650390625 396.68063354492188 -24267.359375
v -4299.13525390625 394.94564819335938 -24267.359375
v -4290.66943359375 383.76544189453125 -24267.359375
v -4273.658203125 381.59918212890625 -24267.359375
v -4290.66943359375 383.76544189453125 -24352.240234375
v -4277.708984375 379.54022216796875 -24352.240234375
v -4273.658203125 381.59918212890625 -24352.240234375
v -4289.9638671875 382.93386840820312 -24352.240234375
v -4289.15869140625 382.14456176757812 -24352.240234375
v -4288.2568359375 381.41351318359375 -24352.240234375
v -4287.26416015625 380.75698852539062 -24352.240234375
v -4286.18896484375 380.19058227539062 -24352.240234375
v -4285.044921875 379.728271484375 -24352.240234375
v -4283.8466796875 379.38165283203125 -24352.240234375
v -4282.6123046875 379.15914916992188 -24352.240234375
v -4281.36181640625 379.06527709960938 -24352.240234375
v -4280.115234375 379.10049438476562 -24352.240234375
v -4278.8916015625 379.26126098632812 -24352.240234375
v -4276.5830078125 379.92694091796875 -24352.240234375
v -4275.52685546875 380.40863037109375 -24352.240234375
v -4274.5498046875 380.97100830078125 -24352.240234375
v -4274.5498046875 380.97100830078125 -24267.359375
v -4275.52685546875 380.40863037109375 -24267.359375
v -4276.5830078125 379.92694091796875 -24267.359375
v -4277.708984375 379.54022216796875 -24267.359375
v -4278.8916015625 379.26126098632812 -24267.359375
v -4280.115234375 379.10049438476562 -24267.359375
v -4281.36181640625 379.06527709960938 -24267.359375
v -4282.6123046875 379.15914916992188 -24267.359375
v -4283.8466796875 379.38165283203125 -24267.359375
v -4285.044921875 379.728271484375 -24267.359375
v -4286.18896484375 380.19058227539062 -24267.359375
v -4287.26416015625 380.75698852539062 -24267.359375
v -4288.2568359375 381.41351318359375 -24267.359375
v -4289.15869140625 382.14456176757812 -24267.359375
v -4289.9638671875 382.93386840820312 -24267.359375
v -4230.45849609375 461.04290771484375 -24347.640625
v -4225.76806640625 454.98370361328125 -24336.365234375
v -4223.03564453125 451.45413208007812 -24335.513671875
v -4247.98193359375 447.47830200195312 -24347.640625
v -4240.55908203125 437.88949584960938 -24335.513671875
v -4265.50537109375 433.91366577148438 -24347.640625
v -4260.81494140625 427.85443115234375 -24336.365234375
v -4258.08251953125 424.32485961914062 -24335.513671875
v -4227.09765625 456.70120239257812 -24337.490234375
v -4228.2841796875 458.23443603515625 -24339.06640625
v -4229.24853515625 459.47991943359375 -24341.00390625
v -4229.93701171875 460.36968994140625 -24343.17578125
v -4264.98388671875 433.24041748046875 -24343.17578125
v -4264.29541015625 432.35064697265625 -24341.00390625
v -4263.3310546875 431.10516357421875 -24339.06640625
v -4262.14453125 429.57192993164062 -24337.490234375
v -4243.29150390625 441.4190673828125 -24336.365234375
v -4211.28076171875 475.88800048828125 -24296.2109375
v -4215.88720703125 467.83099365234375 -24296.2109375
v -4213.44677734375 458.87667846679688 -24296.2109375
v -4211.28076171875 475.88800048828125 -24323.388671875
v -4215.88720703125 467.83099365234375 -24323.388671875
v -4213.44677734375 458.87667846679688 -24323.388671875
v -4215.505859375 462.92739868164062 -24296.2109375
v -4215.94580078125 465.33364868164062 -24296.2109375
v -4215.31787109375 470.2633056640625 -24296.2109375
v -4214.2890625 472.48257446289062 -24296.2109375
v -4214.2890625 472.48257446289062 -24323.388671875
v -4215.31787109375 470.2633056640625 -24323.388671875
v -4215.94580078125 465.33364868164062 -24323.388671875
v -4215.505859375 462.92739868164062 -24323.388671875
v -4265.50537109375 433.91366577148438 -24271.958984375
v -4258.08251953125 424.32485961914062 -24284.083984375
v -4247.98193359375 447.47830200195312 -24271.958984375
v -4240.55908203125 437.88949584960938 -24284.083984375
v -4230.45849609375 461.04290771484375 -24271.958984375
v -4223.03564453125 451.45413208007812 -24284.083984375
v -4229.93701171875 460.36968994140625 -24276.421875
v -4229.24853515625 459.47991943359375 -24278.59375
v -4228.2841796875 458.23443603515625 -24280.533203125
v -4227.09765625 456.70120239257812 -24282.107421875
v -4225.76806640625 454.98370361328125 -24283.234375
v -4260.81494140625 427.85443115234375 -24283.234375
v -4262.14453125 429.57192993164062 -24282.107421875
v -4263.3310546875 431.10516357421875 -24280.533203125
v -4264.29541015625 432.35064697265625 -24278.59375
v -4264.98388671875 433.24041748046875 -24276.421875
v -4245.8076171875 444.6697998046875 -24280.533203125
v -4284.6826171875 419.06857299804688 -24323.388671875
v -4267.67138671875 416.90231323242188 -24323.388671875
v -4284.6826171875 419.06857299804688 -24296.2109375
v -4267.67138671875 416.90231323242188 -24296.2109375
v -4271.07666015625 419.9107666015625 -24323.388671875
v -4273.29638671875 420.93948364257812 -24323.388671875
v -4275.728515625 421.50860595703125 -24323.388671875
v -4278.2255859375 421.56723022460938 -24323.388671875
v -4280.6318359375 421.12753295898438 -24323.388671875
v -4280.6318359375 421.12753295898438 -24296.2109375
v -4278.2255859375 421.56723022460938 -24296.2109375
v -4275.728515625 421.50860595703125 -24296.2109375
v -4273.29638671875 420.93948364257812 -24296.2109375
v -4271.07666015625 419.9107666015625 -24296.2109375
v -4208.1904296875 432.27651977539062 -24347.640625
v -4215.61328125 441.86532592773438 -24335.513671875
v -4243.23779296875 405.14724731445312 -24347.640625
v -4250.66015625 414.73605346679688 -24335.513671875
v -4212.880859375 438.33572387695312 -24336.365234375
v -4211.55126953125 436.61822509765625 -24337.490234375
v -4210.36474609375 435.08502197265625 -24339.06640625
v -4209.400390625 433.83953857421875 -24341.00390625
v -4208.7119140625 432.94976806640625 -24343.17578125
v -4243.7587890625 405.82049560546875 -24343.17578125
v -4244.447265625 406.71026611328125 -24341.00390625
v -4245.41162109375 407.95574951171875 -24339.06640625
v -4246.5986328125 409.48898315429688 -24337.490234375
v -4247.927734375 411.20648193359375 -24336.365234375
v -4189.01318359375 447.12161254882812 -24296.2109375
v -4206.0244140625 449.28787231445312 -24296.2109375
v -4189.01318359375 447.12161254882812 -24323.388671875
v -4206.0244140625 449.28787231445312 -24323.388671875
v -4193.06396484375 445.06265258789062 -24323.388671875
v -4195.47021484375 444.6229248046875 -24323.388671875
v -4197.96728515625 444.68157958984375 -24323.388671875
v -4200.39990234375 445.25067138671875 -24323.388671875
v -4202.619140625 446.2794189453125 -24323.388671875
v -4202.619140625 446.2794189453125 -24296.2109375
v -4200.39990234375 445.25067138671875 -24296.2109375
v -4197.96728515625 444.68157958984375 -24296.2109375
v -4195.47021484375 444.6229248046875 -24296.2109375
v -4193.06396484375 445.06265258789062 -24296.2109375
v -4243.23779296875 405.14724731445312 -24271.958984375
v -4247.927734375 411.20648193359375 -24283.234375
v -4250.66015625 414.73605346679688 -24284.083984375
v -4208.1904296875 432.27651977539062 -24271.958984375
v -4215.61328125 441.86532592773438 -24284.083984375
v -4246.5986328125 409.48898315429688 -24282.107421875
v -4245.41162109375 407.95574951171875 -24280.533203125
v -4244.447265625 406.71026611328125 -24278.59375
v -4243.7587890625 405.82049560546875 -24276.421875
v -4208.7119140625 432.94976806640625 -24276.421875
v -4209.400390625 433.83953857421875 -24278.59375
v -4210.36474609375 435.08502197265625 -24280.533203125
v -4211.55126953125 436.61822509765625 -24282.107421875
v -4212.880859375 438.33572387695312 -24283.234375
v -4262.4150390625 390.30218505859375 -24323.388671875
v -4258.18994140625 403.26278686523438 -24323.388671875
v -4260.2490234375 407.31350708007812 -24323.388671875
v -4262.4150390625 390.30218505859375 -24296.2109375
v -4257.80908203125 398.35919189453125 -24296.2109375
v -4260.2490234375 407.31350708007812 -24296.2109375
v -4259.40673828125 393.70761108398438 -24296.2109375
v -4258.3779296875 395.9268798828125 -24296.2109375
v -4257.75 400.85650634765625 -24296.2109375
v -4258.18994140625 403.26278686523438 -24296.2109375
v -4257.75 400.85650634765625 -24323.388671875
v -4257.80908203125 398.35919189453125 -24323.388671875
v -4258.3779296875 395.9268798828125 -24323.388671875
v -4259.40673828125 393.70761108398438 -24323.388671875
v -4206.0244140625 449.28787231445312 -24323.388671875
v -4215.61328125 441.86532592773438 -24335.513671875
v -4219.32421875 446.65972900390625 -24335.513671875
v -4213.44677734375 458.87667846679688 -24323.388671875
v -4209.73583984375 454.082275390625 -24323.388671875
v -4223.03564453125 451.45413208007812 -24335.513671875
v -4219.505859375 454.1864013671875 -24334.662109375
v -4217.771484375 455.52902221679688 -24333.5234375
v -4216.2548828125 456.70291137695312 -24331.962890625
v -4215.021484375 457.65774536132812 -24330.044921875
v -4214.11962890625 458.35574340820312 -24327.8515625
v -4206.697265625 448.7669677734375 -24327.8515625
v -4207.59912109375 448.06893920898438 -24330.044921875
v -4208.83251953125 447.11410522460938 -24331.962890625
v -4210.34912109375 445.94024658203125 -24333.5234375
v -4212.08349609375 444.59759521484375 -24334.662109375
v -4267.67138671875 416.90231323242188 -24323.388671875
v -4258.08251953125 424.32485961914062 -24335.513671875
v -4260.2490234375 407.31350708007812 -24323.388671875
v -4266.99853515625 417.4232177734375 -24327.8515625
v -4266.0966796875 418.12124633789062 -24330.044921875
v -4264.86328125 419.07608032226562 -24331.962890625
v -4263.3466796875 420.24993896484375 -24333.5234375
v -4261.6123046875 421.59259033203125 -24334.662109375
v -4250.66015625 414.73605346679688 -24335.513671875
v -4254.18994140625 412.0037841796875 -24334.662109375
v -4255.92431640625 410.6611328125 -24333.5234375
v -4257.44091796875 409.48727416992188 -24331.962890625
v -4258.67431640625 408.53244018554688 -24330.044921875
v -4259.576171875 407.83441162109375 -24327.8515625
v -4206.0244140625 449.28787231445312 -24296.2109375
v -4209.73583984375 454.082275390625 -24296.2109375
v -4223.03564453125 451.45413208007812 -24284.083984375
v -4213.44677734375 458.87667846679688 -24296.2109375
v -4214.11962890625 458.35574340820312 -24291.748046875
v -4215.021484375 457.65774536132812 -24289.5546875
v -4216.2548828125 456.70291137695312 -24287.63671875
v -4217.771484375 455.52902221679688 -24286.076171875
v -4219.505859375 454.1864013671875 -24284.935546875
v -4215.61328125 441.86532592773438 -24284.083984375
v -4212.08349609375 444.59759521484375 -24284.935546875
v -4210.34912109375 445.94024658203125 -24286.076171875
v -4208.83251953125 447.11410522460938 -24287.63671875
v -4207.59912109375 448.06893920898438 -24289.5546875
v -4206.697265625 448.7669677734375 -24291.748046875
v -4215.794921875 449.39190673828125 -24284.935546875
v -4250.66015625 414.73605346679688 -24284.083984375
v -4254.37158203125 419.53045654296875 -24284.083984375
v -4263.9599609375 412.10791015625 -24296.2109375
v -4267.67138671875 416.90231323242188 -24296.2109375
v -4258.08251953125 424.32485961914062 -24284.083984375
v -4261.6123046875 421.59259033203125 -24284.935546875
v -4263.3466796875 420.24993896484375 -24286.076171875
v -4264.86328125 419.07608032226562 -24287.63671875
v -4266.0966796875 418.12124633789062 -24289.5546875
v -4266.99853515625 417.4232177734375 -24291.748046875
v -4260.2490234375 407.31350708007812 -24296.2109375
v -4259.576171875 407.83441162109375 -24291.748046875
v -4258.67431640625 408.53244018554688 -24289.5546875
v -4257.44091796875 409.48727416992188 -24287.63671875
v -4255.92431640625 410.6611328125 -24286.076171875
v -4254.18994140625 412.0037841796875 -24284.935546875
v -4261.15185546875 414.28192138671875 -24287.63671875
v -4288.50341796875 400.77679443359375 -24364.3671875
v -4298.091796875 393.354248046875 -24352.240234375
v -4292.01171875 401.01760864257812 -24363.845703125
v -4294.20556640625 399.65362548828125 -24362.8828125
v -4296.06201171875 398.37826538085938 -24361.4140625
v -4297.54345703125 397.22415161132812 -24359.5
v -4298.58251953125 396.2437744140625 -24357.23046875
v -4299.12890625 395.48501586914062 -24354.716796875
v -4292.919921875 403.09182739257812 -24363.29296875
v -4295.2158203125 401.96209716796875 -24362.26953125
v -4297.12255859375 400.80035400390625 -24360.76953125
v -4298.6015625 399.64093017578125 -24358.857421875
v -4299.58642578125 398.53704833984375 -24356.62109375
v -4300.029296875 397.54269409179688 -24354.169921875
v -4293.42236328125 405.18701171875 -24362.408203125
v -4295.775390625 404.29385375976562 -24361.283203125
v -4297.70947265625 403.24691772460938 -24359.736328125
v -4299.18701171875 402.08212280273438 -24357.826171875
v -4300.14208984375 400.853515625 -24355.642578125
v -4300.52783203125 399.62115478515625 -24353.291015625
v -4295.8544921875 406.54696655273438 -24359.966796875
v -4297.79248046875 405.61090087890625 -24358.353515625
v -4299.26953125 404.44094848632812 -24356.447265625
v -4300.220703125 403.091796875 -24354.333984375
v -4295.4453125 408.58218383789062 -24358.3984375
v -4297.36328125 407.746337890625 -24356.708984375
v -4298.841796875 406.57168579101562 -24354.8046875
v -4296.4501953125 409.54580688476562 -24354.884765625
v -4297.93017578125 408.3671875 -24352.984375
v -4289.169921875 401.63836669921875 -24364.31640625
v -4289.85400390625 402.52157592773438 -24364.1640625
v -4290.54541015625 403.41522216796875 -24363.8984375
v -4291.2353515625 404.30636596679688 -24363.515625
v -4291.912109375 405.18087768554688 -24363.01171875
v -4292.56494140625 406.02386474609375 -24362.390625
v -4293.181640625 406.82058715820312 -24361.654296875
v -4293.751953125 407.55709838867188 -24360.814453125
v -4294.265625 408.2210693359375 -24359.8828125
v -4294.7158203125 408.80255126953125 -24358.875
v -4295.0966796875 409.29437255859375 -24357.810546875
v -4295.40478515625 409.69232177734375 -24356.703125
v -4295.63916015625 409.99545288085938 -24355.576171875
v -4295.8017578125 410.20550537109375 -24354.447265625
v -4295.8955078125 410.3267822265625 -24353.330078125
v -4295.92578125 410.36557006835938 -24352.240234375
v -4296.75732421875 409.65985107421875 -24352.240234375
v -4297.54638671875 408.8548583984375 -24352.240234375
v -4298.27783203125 407.95306396484375 -24352.240234375
v -4298.93408203125 406.96014404296875 -24352.240234375
v -4299.50048828125 405.88522338867188 -24352.240234375
v -4299.962890625 404.74087524414062 -24352.240234375
v -4300.3095703125 403.54266357421875 -24352.240234375
v -4300.5322265625 402.30856323242188 -24352.240234375
v -4300.6259765625 401.05807495117188 -24352.240234375
v -4300.5908203125 399.81121826171875 -24352.240234375
v -4300.4296875 398.58755493164062 -24352.240234375
v -4300.15087890625 397.40496826171875 -24352.240234375
v -4299.76416015625 396.27920532226562 -24352.240234375
v -4299.28271484375 395.22296142578125 -24352.240234375
v -4298.72021484375 394.245849609375 -24352.240234375
v -4297.97412109375 393.44561767578125 -24354.13671875
v -4297.62255859375 393.717529296875 -24355.98828125
v -4297.046875 394.16323852539062 -24357.74609375
v -4296.2607421875 394.77182006835938 -24359.3671875
v -4295.28369140625 395.52825927734375 -24360.814453125
v -4294.13916015625 396.41390991210938 -24362.05078125
v -4292.8564453125 397.40701293945312 -24363.044921875
v -4291.46630859375 398.48309326171875 -24363.7734375
v -4290.00341796875 399.61563110351562 -24364.216796875
v -4192.615234375 475.002197265625 -24364.3671875
v -4200.03759765625 484.59100341796875 -24352.240234375
v -4192.37451171875 478.51089477539062 -24363.845703125
v -4193.73828125 480.704345703125 -24362.8828125
v -4195.013671875 482.56121826171875 -24361.4140625
v -4196.16796875 484.04232788085938 -24359.5
v -4197.1484375 485.08145141601562 -24357.23046875
v -4197.90673828125 485.62771606445312 -24354.716796875
v -4190.30029296875 479.4189453125 -24363.29296875
v -4191.4296875 481.7149658203125 -24362.26953125
v -4192.591796875 483.62155151367188 -24360.76953125
v -4193.7509765625 485.10037231445312 -24358.857421875
v -4194.85498046875 486.08541870117188 -24356.62109375
v -4195.84912109375 486.52853393554688 -24354.169921875
v -4188.205078125 479.9215087890625 -24362.408203125
v -4189.09814453125 482.27426147460938 -24361.283203125
v -4190.14501953125 484.20840454101562 -24359.736328125
v -4191.31005859375 485.6859130859375 -24357.826171875
v -4192.53857421875 486.64105224609375 -24355.642578125
v -4193.77099609375 487.02706909179688 -24353.291015625
v -4186.84521484375 482.35330200195312 -24359.966796875
v -4187.78125 484.29135131835938 -24358.353515625
v -4188.951171875 485.7686767578125 -24356.447265625
v -4190.30029296875 486.71957397460938 -24354.333984375
v -4184.8095703125 481.94451904296875 -24358.3984375
v -4185.6455078125 483.8624267578125 -24356.708984375
v -4186.8203125 485.3406982421875 -24354.8046875
v -4183.84619140625 482.94906616210938 -24354.884765625
v -4185.02490234375 484.42935180664062 -24352.984375
v -4200.0078125 484.55221557617188 -24353.330078125
v -4199.91357421875 484.430908203125 -24354.447265625
v -4199.7509765625 484.22085571289062 -24355.576171875
v -4199.5166015625 483.91775512695312 -24356.703125
v -4199.20849609375 483.519775390625 -24357.810546875
v -4198.82763671875 483.02798461914062 -24358.875
v -4198.3779296875 482.44650268554688 -24359.8828125
v -4197.86376953125 481.78250122070312 -24360.814453125
v -4197.29345703125 481.04598999023438 -24361.654296875
v -4196.6767578125 480.249267578125 -24362.390625
v -4196.0244140625 479.40628051757812 -24363.01171875
v -4195.34716796875 478.53176879882812 -24363.515625
v -4194.65771484375 477.640625 -24363.8984375
v -4193.9658203125 476.74700927734375 -24364.1640625
v -4193.2822265625 475.86380004882812 -24364.31640625
v -4191.75341796875 475.66915893554688 -24364.31640625
v -4190.87060546875 476.35281372070312 -24364.1640625
v -4189.9765625 477.0445556640625 -24363.8984375
v -4189.08544921875 477.73440551757812 -24363.515625
v -4188.2109375 478.41131591796875 -24363.01171875
v -4187.3681640625 479.06387329101562 -24362.390625
v -4186.5712890625 479.68060302734375 -24361.654296875
v -4185.8349609375 480.250732421875 -24360.814453125
v -4185.1708984375 480.76470947265625 -24359.8828125
v -4184.58935546875 481.21484375 -24358.875
v -4184.09765625 481.59552001953125 -24357.810546875
v -4183.69970703125 481.90359497070312 -24356.703125
v -4183.396484375 482.13821411132812 -24355.576171875
v -4183.1865234375 482.30081176757812 -24354.447265625
v -4183.06494140625 482.39471435546875 -24353.330078125
v -4183.0263671875 482.42474365234375 -24352.240234375
v -4183.73193359375 483.25631713867188 -24352.240234375
v -4184.537109375 484.04562377929688 -24352.240234375
v -4185.43896484375 484.77667236328125 -24352.240234375
v -4186.431640625 485.43316650390625 -24352.240234375
v -4187.5068359375 485.99960327148438 -24352.240234375
v -4188.65087890625 486.4619140625 -24352.240234375
v -4189.84912109375 486.80850219726562 -24352.240234375
v -4191.08349609375 487.03103637695312 -24352.240234375
v -4192.333984375 487.12490844726562 -24352.240234375
v -4193.58056640625 487.08966064453125 -24352.240234375
v -4194.80419921875 486.92889404296875 -24352.240234375
v -4195.98681640625 486.64996337890625 -24352.240234375
v -4197.11279296875 486.26324462890625 -24352.240234375
v -4198.1689453125 485.78155517578125 -24352.240234375
v -4199.14599609375 485.21914672851562 -24352.240234375
v -4175.86767578125 457.7186279296875 -24353.17578125
v -4177.3857421875 456.576171875 -24355.068359375
v -4173.93701171875 460.96221923828125 -24352.970703125
v -4174.958984375 459.52304077148438 -24355
v -4176.47900390625 458.3765869140625 -24356.88671875
v -4173.53369140625 462.99215698242188 -24354.53125
v -4174.5361328125 461.65289306640625 -24356.63671875
v -4176.05712890625 460.50177001953125 -24358.521484375
v -4178.02490234375 459.5908203125 -24360.099609375
v -4173.17626953125 466.5133056640625 -24353.4375
v -4173.6162109375 465.246337890625 -24355.845703125
v -4174.62255859375 464.01803588867188 -24358.017578125
v -4176.1435546875 462.86172485351562 -24359.8984375
v -4178.10693359375 461.8302001953125 -24361.404296875
v -4180.4169921875 460.973876953125 -24362.46484375
v -4173.6845703125 468.61669921875 -24354.32421875
v -4174.18212890625 467.5872802734375 -24356.83203125
v -4175.21630859375 466.47418212890625 -24359.05078125
v -4176.73583984375 465.3125 -24360.9296875
v -4178.6689453125 464.15573120117188 -24362.384765625
v -4180.9208984375 463.06048583984375 -24363.341796875
v -4174.59619140625 470.68905639648438 -24354.87109375
v -4175.19677734375 469.89364624023438 -24357.44140625
v -4176.28076171875 468.89410400390625 -24359.69140625
v -4177.79833984375 467.72711181640625 -24361.568359375
v -4179.6767578125 466.44696044921875 -24362.990234375
v -4181.82568359375 465.11630249023438 -24363.884765625
v -4175.60400390625 472.8359375 -24352.240234375
v -4185.19287109375 465.41339111328125 -24364.3671875
v -4184.52587890625 464.55178833007812 -24364.31640625
v -4183.841796875 463.6685791015625 -24364.1640625
v -4183.150390625 462.77496337890625 -24363.8984375
v -4182.46044921875 461.88381958007812 -24363.515625
v -4181.78369140625 461.00930786132812 -24363.01171875
v -4181.130859375 460.16632080078125 -24362.390625
v -4180.51416015625 459.36959838867188 -24361.654296875
v -4179.9443359375 458.63308715820312 -24360.814453125
v -4179.43017578125 457.96908569335938 -24359.8828125
v -4178.97998046875 457.38760375976562 -24358.875
v -4178.59912109375 456.89581298828125 -24357.810546875
v -4178.291015625 456.49783325195312 -24356.703125
v -4178.056640625 456.19473266601562 -24355.576171875
v -4177.89404296875 455.98468017578125 -24354.447265625
v -4177.80029296875 455.86337280273438 -24353.330078125
v -4177.77001953125 455.8245849609375 -24352.240234375
v -4176.9384765625 456.53033447265625 -24352.240234375
v -4176.1494140625 457.33529663085938 -24352.240234375
v -4175.41796875 458.23709106445312 -24352.240234375
v -4174.76171875 459.23004150390625 -24352.240234375
v -4174.1953125 460.30496215820312 -24352.240234375
v -4173.73291015625 461.44931030273438 -24352.240234375
v -4173.38623046875 462.64752197265625 -24352.240234375
v -4173.16357421875 463.88162231445312 -24352.240234375
v -4173.06982421875 465.13211059570312 -24352.240234375
v -4173.10498046875 466.37893676757812 -24352.240234375
v -4173.26611328125 467.60263061523438 -24352.240234375
v -4173.544921875 468.78518676757812 -24352.240234375
v -4173.931640625 469.91098022460938 -24352.240234375
v -4174.4130859375 470.96722412109375 -24352.240234375
v -4174.9755859375 471.94430541992188 -24352.240234375
v -4175.7216796875 472.74456787109375 -24354.13671875
v -4176.0732421875 472.47265625 -24355.98828125
v -4176.64892578125 472.02691650390625 -24357.74609375
v -4177.43505859375 471.41836547851562 -24359.3671875
v -4178.412109375 470.66192626953125 -24360.814453125
v -4179.556640625 469.7762451171875 -24362.05078125
v -4180.83935546875 468.78317260742188 -24363.044921875
v -4182.2294921875 467.70709228515625 -24363.7734375
v -4183.6923828125 466.57452392578125 -24364.216796875
v -4288.775390625 381.86306762695312 -24353.17578125
v -4289.91796875 383.38125610351562 -24355.068359375
v -4285.53173828125 379.93215942382812 -24352.970703125
v -4286.97119140625 380.95425415039062 -24355
v -4288.11767578125 382.47442626953125 -24356.88671875
v -4283.501953125 379.52920532226562 -24354.53125
v -4284.84130859375 380.53146362304688 -24356.63671875
v -4285.9921875 382.05258178710938 -24358.521484375
v -4286.9033203125 384.02035522460938 -24360.099609375
v -4279.98095703125 379.17153930664062 -24353.4375
v -4281.24755859375 379.61175537109375 -24355.845703125
v -4282.47607421875 380.61807250976562 -24358.017578125
v -4283.63232421875 382.13897705078125 -24359.8984375
v -4284.6640625 384.10235595703125 -24361.404296875
v -4285.52001953125 386.41220092773438 -24362.46484375
v -4277.87744140625 379.67984008789062 -24354.32421875
v -4278.90673828125 380.17742919921875 -24356.83203125
v -4280.02001953125 381.21160888671875 -24359.05078125
v -4281.181640625 382.731201171875 -24360.9296875
v -4282.33837890625 384.66433715820312 -24362.384765625
v -4283.43359375 386.91644287109375 -24363.341796875
v -4275.80517578125 380.591552734375 -24354.87109375
v -4276.6005859375 381.19210815429688 -24357.44140625
v -4277.60009765625 382.27621459960938 -24359.69140625
v -4278.76708984375 383.79348754882812 -24361.568359375
v -4280.046875 385.67233276367188 -24362.990234375
v -4281.3779296875 387.82089233398438 -24363.884765625
v -4273.658203125 381.59918212890625 -24352.240234375
v -4281.08056640625 391.18798828125 -24364.3671875
v -4281.9423828125 390.52102661132812 -24364.31640625
v -4282.82568359375 389.83734130859375 -24364.1640625
v -4283.71923828125 389.14559936523438 -24363.8984375
v -4284.6103515625 388.45578002929688 -24363.515625
v -4285.48486328125 387.77883911132812 -24363.01171875
v -4286.32763671875 387.12628173828125 -24362.390625
v -4287.12451171875 386.50955200195312 -24361.654296875
v -4287.86083984375 385.939453125 -24360.814453125
v -4288.52490234375 385.42547607421875 -24359.8828125
v -4289.1064453125 384.975341796875 -24358.875
v -4289.59814453125 384.59466552734375 -24357.810546875
v -4289.99609375 384.28659057617188 -24356.703125
v -4290.29931640625 384.05194091796875 -24355.576171875
v -4290.50927734375 383.88934326171875 -24354.447265625
v -4290.630859375 383.79547119140625 -24353.330078125
v -4290.66943359375 383.76544189453125 -24352.240234375
v -4289.9638671875 382.93386840820312 -24352.240234375
v -4289.15869140625 382.14456176757812 -24352.240234375
v -4288.2568359375 381.41351318359375 -24352.240234375
v -4287.26416015625 380.75698852539062 -24352.240234375
v -4286.18896484375 380.19058227539062 -24352.240234375
v -4285.044921875 379.728271484375 -24352.240234375
v -4283.8466796875 379.38165283203125 -24352.240234375
v -4282.6123046875 379.15914916992188 -24352.240234375
v -4281.36181640625 379.06527709960938 -24352.240234375
v -4280.115234375 379.10049438476562 -24352.240234375
v -4278.8916015625 379.26126098632812 -24352.240234375
v -4277.708984375 379.54022216796875 -24352.240234375
v -4276.5830078125 379.92694091796875 -24352.240234375
v -4275.52685546875 380.40863037109375 -24352.240234375
v -4274.5498046875 380.97100830078125 -24352.240234375
v -4273.74951171875 381.71722412109375 -24354.13671875
v -4274.021484375 382.0684814453125 -24355.98828125
v -4274.46728515625 382.644287109375 -24357.74609375
v -4275.07568359375 383.43048095703125 -24359.3671875
v -4275.83203125 384.40768432617188 -24360.814453125
v -4276.7177734375 385.55181884765625 -24362.05078125
v -4277.7109375 386.83474731445312 -24363.044921875
v -4278.787109375 388.22488403320312 -24363.7734375
v -4279.91943359375 389.68795776367188 -24364.216796875
v -4200.03759765625 484.59100341796875 -24267.359375
v -4192.615234375 475.002197265625 -24255.232421875
v -4197.86962890625 485.61007690429688 -24264.73046875
v -4197.07177734375 485.01083374023438 -24262.162109375
v -4196.0712890625 483.92733764648438 -24259.912109375
v -4194.904296875 482.4100341796875 -24258.03515625
v -4193.62548828125 480.530517578125 -24256.61328125
v -4192.296875 478.38067626953125 -24255.716796875
v -4195.79541015625 486.51815795898438 -24265.283203125
v -4194.763671875 486.02142333984375 -24262.775390625
v -4193.64892578125 484.98770141601562 -24260.556640625
v -4192.4873046875 483.46804809570312 -24258.677734375
v -4191.33203125 481.53448486328125 -24257.22265625
v -4190.2392578125 479.281494140625 -24256.263671875
v -4193.7001953125 487.02069091796875 -24266.16796875
v -4192.431640625 486.58074951171875 -24263.76171875
v -4191.20263671875 485.57455444335938 -24261.58984375
v -4190.04638671875 484.05361938476562 -24259.708984375
v -4189.015625 482.09011840820312 -24258.201171875
v -4188.1611328125 479.780029296875 -24257.142578125
v -4190.1787109375 486.6597900390625 -24265.078125
v -4188.83837890625 485.657470703125 -24262.97265625
v -4187.6875 484.13638305664062 -24261.087890625
v -4186.77734375 482.16864013671875 -24259.509765625
v -4188.1435546875 486.2509765625 -24266.646484375
v -4186.703125 485.22854614257812 -24264.619140625
v -4185.556640625 483.7083740234375 -24262.73046875
v -4184.90380859375 484.315185546875 -24266.44140625
v -4183.76123046875 482.79702758789062 -24264.55078125
v -4199.14599609375 485.21914672851562 -24267.359375
v -4198.1689453125 485.78155517578125 -24267.359375
v -4197.11279296875 486.26324462890625 -24267.359375
v -4195.98681640625 486.64996337890625 -24267.359375
v -4194.80419921875 486.92889404296875 -24267.359375
v -4193.58056640625 487.08966064453125 -24267.359375
v -4192.333984375 487.12490844726562 -24267.359375
v -4191.08349609375 487.03103637695312 -24267.359375
v -4189.84912109375 486.80850219726562 -24267.359375
v -4188.65087890625 486.4619140625 -24267.359375
v -4187.5068359375 485.99960327148438 -24267.359375
v -4186.431640625 485.43316650390625 -24267.359375
v -4185.43896484375 484.77667236328125 -24267.359375
v -4184.537109375 484.04562377929688 -24267.359375
v -4183.73193359375 483.25631713867188 -24267.359375
v -4183.0263671875 482.42474365234375 -24267.359375
v -4183.06494140625 482.39471435546875 -24266.26953125
v -4183.1865234375 482.30081176757812 -24265.15234375
v -4183.396484375 482.13821411132812 -24264.021484375
v -4183.69970703125 481.90359497070312 -24262.89453125
v -4184.09765625 481.59552001953125 -24261.7890625
v -4184.58935546875 481.21484375 -24260.72265625
v -4185.1708984375 480.76470947265625 -24259.71484375
v -4185.8349609375 480.250732421875 -24258.783203125
v -4186.5712890625 479.68060302734375 -24257.9453125
v -4187.3681640625 479.06387329101562 -24257.208984375
v -4188.2109375 478.41131591796875 -24256.587890625
v -4189.08544921875 477.73440551757812 -24256.083984375
v -4189.9765625 477.0445556640625 -24255.701171875
v -4190.87060546875 476.35281372070312 -24255.435546875
v -4191.75341796875 475.66915893554688 -24255.28125
v -4193.2822265625 475.86380004882812 -24255.28125
v -4193.9658203125 476.74700927734375 -24255.435546875
v -4194.65771484375 477.640625 -24255.701171875
v -4195.34716796875 478.53176879882812 -24256.083984375
v -4196.0244140625 479.40628051757812 -24256.587890625
v -4196.6767578125 480.249267578125 -24257.208984375
v -4197.29345703125 481.04598999023438 -24257.9453125
v -4197.86376953125 481.78250122070312 -24258.783203125
v -4198.3779296875 482.44650268554688 -24259.71484375
v -4198.82763671875 483.02798461914062 -24260.72265625
v -4199.20849609375 483.519775390625 -24261.7890625
v -4199.5166015625 483.91775512695312 -24262.89453125
v -4199.7509765625 484.22085571289062 -24264.021484375
v -4199.91357421875 484.430908203125 -24265.15234375
v -4200.0078125 484.55221557617188 -24266.26953125
v -4185.19287109375 465.41339111328125 -24255.232421875
v -4177.77001953125 455.8245849609375 -24267.359375
v -4181.7353515625 464.7672119140625 -24255.75390625
v -4179.9541015625 462.89700317382812 -24256.716796875
v -4178.47607421875 461.19699096679688 -24258.185546875
v -4177.33154296875 459.70849609375 -24260.099609375
v -4176.5712890625 458.49899291992188 -24262.369140625
v -4176.232421875 457.6275634765625 -24264.880859375
v -4180.33642578125 466.54763793945312 -24256.3046875
v -4178.39697265625 464.87850952148438 -24257.330078125
v -4176.84228515625 463.27603149414062 -24258.830078125
v -4175.701171875 461.78298950195312 -24260.7421875
v -4175.0244140625 460.46746826171875 -24262.978515625
v -4174.8447265625 459.393798828125 -24265.4296875
v -4179.3251953125 468.44998168945312 -24257.19140625
v -4177.27099609375 466.99569702148438 -24258.314453125
v -4175.6611328125 465.4974365234375 -24259.86328125
v -4174.52294921875 463.99954223632812 -24261.7734375
v -4173.90576171875 462.57073974609375 -24263.95703125
v -4173.84130859375 461.28097534179688 -24266.306640625
v -4176.6298828125 469.15707397460938 -24259.630859375
v -4174.98828125 467.76519775390625 -24261.244140625
v -4173.8515625 466.2623291015625 -24263.15234375
v -4173.26904296875 464.71792602539062 -24265.265625
v -4176.515625 471.22982788085938 -24261.201171875
v -4174.86865234375 469.93997192382812 -24262.890625
v -4173.73193359375 468.43231201171875 -24264.794921875
v -4175.3017578125 471.91091918945312 -24264.71484375
v -4174.1640625 470.39892578125 -24266.615234375
v -4184.3310546875 466.08035278320312 -24255.28125
v -4183.44775390625 466.7640380859375 -24255.435546875
v -4182.55419921875 467.45578002929688 -24255.701171875
v -4181.6630859375 468.14559936523438 -24256.083984375
v -4180.78857421875 468.82254028320312 -24256.587890625
v -4179.9453125 469.47509765625 -24257.208984375
v -4179.14892578125 470.091796875 -24257.9453125
v -4178.412109375 470.66192626953125 -24258.783203125
v -4177.74853515625 471.1759033203125 -24259.71484375
v -4177.1669921875 471.62603759765625 -24260.72265625
v -4176.67529296875 472.0067138671875 -24261.7890625
v -4176.27685546875 472.31478881835938 -24262.89453125
v -4175.97412109375 472.54940795898438 -24264.021484375
v -4175.76416015625 472.71200561523438 -24265.15234375
v -4175.642578125 472.805908203125 -24266.26953125
v -4175.60400390625 472.8359375 -24267.359375
v -4174.9755859375 471.94430541992188 -24267.359375
v -4174.4130859375 470.96722412109375 -24267.359375
v -4173.931640625 469.91098022460938 -24267.359375
v -4173.544921875 468.78518676757812 -24267.359375
v -4173.26611328125 467.60263061523438 -24267.359375
v -4173.10498046875 466.37893676757812 -24267.359375
v -4173.06982421875 465.13211059570312 -24267.359375
v -4173.16357421875 463.88162231445312 -24267.359375
v -4173.38623046875 462.64752197265625 -24267.359375
v -4173.73291015625 461.44931030273438 -24267.359375
v -4174.1953125 460.30496215820312 -24267.359375
v -4174.76171875 459.23004150390625 -24267.359375
v -4175.41796875 458.23709106445312 -24267.359375
v -4176.1494140625 457.33529663085938 -24267.359375
v -4176.9384765625 456.53033447265625 -24267.359375
v -4177.861328125 455.94265747070312 -24265.4609375
v -4178.13330078125 456.29391479492188 -24263.611328125
v -4178.5791015625 456.86972045898438 -24261.853515625
v -4179.1875 457.6558837890625 -24260.23046875
v -4179.9443359375 458.63308715820312 -24258.783203125
v -4180.82958984375 459.77725219726562 -24257.548828125
v -4181.82275390625 461.0601806640625 -24256.5546875
v -4182.89892578125 462.45028686523438 -24255.826171875
v -4184.03173828125 463.91339111328125 -24255.380859375
v -4291.18798828125 399.83612060546875 -24255.5703125
v -4290.8349609375 402.56661987304688 -24255.59375
v -4293.83251953125 397.482177734375 -24256.9765625
v -4293.74462890625 400.16168212890625 -24256.44140625
v -4293.38671875 402.89154052734375 -24256.462890625
v -4296.0166015625 397.76034545898438 -24258.33203125
v -4296.04150390625 400.45416259765625 -24257.865234375
v -4295.67919921875 403.1834716796875 -24257.884765625
v -4294.94970703125 405.78042602539062 -24258.388671875
v -4297.2607421875 395.4288330078125 -24260.896484375
v -4297.85595703125 397.99456787109375 -24260.16015625
v -4297.9755859375 400.70046997070312 -24259.7890625
v -4297.609375 403.42929077148438 -24259.802734375
v -4296.77734375 406.01315307617188 -24260.205078125
v -4295.52685546875 408.3206787109375 -24260.970703125
v -4298.498046875 395.58642578125 -24262.865234375
v -4299.23486328125 398.170166015625 -24262.3515625
v -4299.42578125 400.8851318359375 -24262.09375
v -4299.056640625 403.61358642578125 -24262.103515625
v -4298.1474609375 406.1876220703125 -24262.3828125
v -4296.75048828125 408.47650146484375 -24262.916015625
v -4299.263671875 395.68389892578125 -24265.052734375
v -4300.08740234375 398.27874755859375 -24264.7890625
v -4300.322265625 400.99929809570312 -24264.65625
v -4299.95166015625 403.7275390625 -24264.662109375
v -4298.99462890625 406.29550170898438 -24264.806640625
v -4297.5068359375 408.57284545898438 -24265.080078125
v -4298.091796875 393.354248046875 -24267.359375
v -4295.92578125 410.36557006835938 -24267.359375
v -4295.8955078125 410.3267822265625 -24266.26953125
v -4295.8017578125 410.20550537109375 -24265.15234375
v -4295.63916015625 409.99545288085938 -24264.021484375
v -4295.40478515625 409.69232177734375 -24262.89453125
v -4295.0966796875 409.29437255859375 -24261.7890625
v -4294.7158203125 408.80255126953125 -24260.72265625
v -4294.265625 408.2210693359375 -24259.71484375
v -4293.751953125 407.55709838867188 -24258.783203125
v -4293.181640625 406.82058715820312 -24257.9453125
v -4292.56494140625 406.02386474609375 -24257.208984375
v -4291.912109375 405.18087768554688 -24256.587890625
v -4291.2353515625 404.30636596679688 -24256.083984375
v -4290.54541015625 403.41522216796875 -24255.701171875
v -4289.85400390625 402.52157592773438 -24255.435546875
v -4289.169921875 401.63836669921875 -24255.28125
v -4288.50341796875 400.77679443359375 -24255.232421875
v -4289.36474609375 400.10983276367188 -24255.28125
v -4290.248046875 399.4261474609375 -24255.435546875
v -4291.1416015625 398.73440551757812 -24255.701171875
v -4292.03271484375 398.04458618164062 -24256.083984375
v -4292.9072265625 397.36764526367188 -24256.587890625
v -4293.75048828125 396.715087890625 -24257.208984375
v -4294.546875 396.09835815429688 -24257.9453125
v -4295.28369140625 395.52825927734375 -24258.783203125
v -4295.947265625 395.01425170898438 -24259.71484375
v -4296.52880859375 394.56414794921875 -24260.72265625
v -4297.02099609375 394.18344116210938 -24261.7890625
v -4297.4189453125 393.87539672851562 -24262.89453125
v -4297.7216796875 393.6407470703125 -24264.021484375
v -4297.93212890625 393.4781494140625 -24265.15234375
v -4298.05322265625 393.38427734375 -24266.26953125
v -4299.13525390625 394.94564819335938 -24267.359375
v -4299.91650390625 396.68063354492188 -24267.359375
v -4300.41650390625 398.5164794921875 -24267.359375
v -4300.62353515625 400.407958984375 -24267.359375
v -4300.5322265625 402.30856323242188 -24267.359375
v -4300.14453125 404.17141723632812 -24267.359375
v -4299.4697265625 405.95071411132812 -24267.359375
v -4298.525390625 407.60256958007812 -24267.359375
v -4297.33447265625 409.08639526367188 -24267.359375
v -4289.85107421875 383.26129150390625 -24264.66015625
v -4288.6435546875 381.7388916015625 -24266.609375
v -4288.88818359375 384.31356811523438 -24261.126953125
v -4288.0478515625 382.35284423828125 -24262.837890625
v -4286.84326171875 380.832275390625 -24264.791015625
v -4286.86376953125 383.91171264648438 -24259.5703125
v -4285.9189453125 381.93026733398438 -24261.19921875
v -4284.71875 380.41049194335938 -24263.158203125
v -4283.33544921875 379.44857788085938 -24265.32421875
v -4285.4970703125 386.33816528320312 -24257.16015625
v -4284.61572265625 383.9940185546875 -24258.259765625
v -4283.5546875 382.01681518554688 -24259.822265625
v -4282.35888671875 380.49688720703125 -24261.78125
v -4281.10205078125 379.53036499023438 -24264.021484375
v -4279.84814453125 379.16116333007812 -24266.421875
v -4283.40185546875 386.84451293945312 -24256.27734375
v -4282.28076171875 384.55819702148438 -24257.27734375
v -4281.099609375 382.610107421875 -24258.787109375
v -4279.90869140625 381.0889892578125 -24260.75
v -4278.7822265625 380.0909423828125 -24263.044921875
v -4277.77685546875 379.6617431640625 -24265.55078125
v -4281.33740234375 387.75277709960938 -24255.732421875
v -4279.98046875 385.57015991210938 -24256.66796875
v -4278.6806640625 383.67425537109375 -24258.1484375
v -4277.49462890625 382.15103149414062 -24260.111328125
v -4276.49658203125 381.09640502929688 -24262.44140625
v -4275.73583984375 380.55963134765625 -24265.01171875
v -4281.08056640625 391.18798828125 -24255.232421875
v -4290.66943359375 383.76544189453125 -24267.359375
v -4290.630859375 383.79547119140625 -24266.26953125
v -4290.50927734375 383.88934326171875 -24265.15234375
v -4290.29931640625 384.05194091796875 -24264.021484375
v -4289.99609375 384.28659057617188 -24262.89453125
v -4289.59814453125 384.59466552734375 -24261.7890625
v -4289.1064453125 384.975341796875 -24260.72265625
v -4288.52490234375 385.42547607421875 -24259.71484375
v -4287.86083984375 385.939453125 -24258.783203125
v -4287.12451171875 386.50955200195312 -24257.9453125
v -4286.32763671875 387.12628173828125 -24257.208984375
v -4285.48486328125 387.77883911132812 -24256.587890625
v -4284.6103515625 388.45578002929688 -24256.083984375
v -4283.71923828125 389.14559936523438 -24255.701171875
v -4282.82568359375 389.83734130859375 -24255.435546875
v -4281.9423828125 390.52102661132812 -24255.28125
v -4273.658203125 381.59918212890625 -24267.359375
v -4274.5498046875 380.97100830078125 -24267.359375
v -4275.52685546875 380.40863037109375 -24267.359375
v -4276.5830078125 379.92694091796875 -24267.359375
v -4277.708984375 379.54022216796875 -24267.359375
v -4278.8916015625 379.26126098632812 -24267.359375
v -4280.115234375 379.10049438476562 -24267.359375
v -4281.36181640625 379.06527709960938 -24267.359375
v -4282.6123046875 379.15914916992188 -24267.359375
v -4283.8466796875 379.38165283203125 -24267.359375
v -4285.044921875 379.728271484375 -24267.359375
v -4286.18896484375 380.19058227539062 -24267.359375
v -4287.26416015625 380.75698852539062 -24267.359375
v -4288.2568359375 381.41351318359375 -24267.359375
v -4289.15869140625 382.14456176757812 -24267.359375
v -4289.9638671875 382.93386840820312 -24267.359375
v -4279.91943359375 389.68795776367188 -24255.380859375
v -4278.787109375 388.22488403320312 -24255.826171875
v -4277.7109375 386.83474731445312 -24256.5546875
v -4276.7177734375 385.55181884765625 -24257.548828125
v -4275.83203125 384.40768432617188 -24258.783203125
v -4275.07568359375 383.43048095703125 -24260.23046875
v -4274.46728515625 382.644287109375 -24261.853515625
v -4274.021484375 382.0684814453125 -24263.611328125
v -4273.74951171875 381.71722412109375 -24265.4609375
v -4223.03564453125 451.45413208007812 -24335.513671875
v -4230.45849609375 461.04290771484375 -24347.640625
v -4219.505859375 454.1864013671875 -24334.662109375
v -4221.990234375 457.90780639648438 -24335.455078125
v -4223.720703125 461.7669677734375 -24337.96484375
v -4223.39892578125 466.50747680664062 -24345.9375
v -4216.2548828125 456.70291137695312 -24331.962890625
v -4218.51123046875 460.60101318359375 -24332.564453125
v -4219.517578125 465.02053833007812 -24334.474609375
v -4216.89697265625 471.54049682617188 -24340.537109375
v -4214.11962890625 458.35574340820312 -24327.8515625
v -4216.22607421875 462.36990356445312 -24328.166015625
v -4216.7568359375 467.15750122070312 -24329.158203125
v -4212.62646484375 474.84619140625 -24332.314453125
v -4213.44677734375 458.87667846679688 -24323.388671875
v -4211.28076171875 475.88800048828125 -24323.388671875
v -4224.17724609375 464.8284912109375 -24341.787109375
v -4226.865234375 463.8243408203125 -24347.2109375
v -4225.96142578125 460.032470703125 -24338.787109375
v -4227.00537109375 462.63919067382812 -24342.826171875
v -4211.62060546875 475.6248779296875 -24327.931640625
v -4215.38720703125 471.63247680664062 -24330.671875
v -4216.10693359375 467.660888671875 -24326.326171875
v -4214.56640625 472.26785278320312 -24327.095703125
v -4229.93701171875 460.36968994140625 -24343.17578125
v -4229.24853515625 459.47991943359375 -24341.00390625
v -4228.2841796875 458.23443603515625 -24339.06640625
v -4227.09765625 456.70120239257812 -24337.490234375
v -4225.76806640625 454.98370361328125 -24336.365234375
v -4217.771484375 455.52902221679688 -24333.5234375
v -4215.021484375 457.65774536132812 -24330.044921875
v -4215.505859375 462.92739868164062 -24323.388671875
v -4215.94580078125 465.33364868164062 -24323.388671875
v -4215.88720703125 467.83099365234375 -24323.388671875
v -4215.31787109375 470.2633056640625 -24323.388671875
v -4214.2890625 472.48257446289062 -24323.388671875
v -4258.08251953125 424.32485961914062 -24335.513671875
v -4265.50537109375 433.91366577148438 -24347.640625
v -4264.59228515625 424.93032836914062 -24335.455078125
v -4267.89453125 427.5726318359375 -24337.96484375
v -4270.744140625 428.78158569335938 -24341.787109375
v -4272.564453125 428.4490966796875 -24345.9375
v -4264.86328125 419.07608032226562 -24331.962890625
v -4268.07177734375 422.23712158203125 -24332.564453125
v -4272.09765625 424.31906127929688 -24334.474609375
v -4276.04931640625 424.67489624023438 -24337.380859375
v -4279.06640625 423.41610717773438 -24340.537109375
v -4270.35693359375 420.46823120117188 -24328.166015625
v -4274.8583984375 422.18209838867188 -24329.158203125
v -4279.53369140625 421.97760009765625 -24330.671875
v -4283.3369140625 420.11038208007812 -24332.314453125
v -4267.67138671875 416.90231323242188 -24323.388671875
v -4284.6826171875 419.06857299804688 -24323.388671875
v -4264.98388671875 433.24041748046875 -24343.17578125
v -4264.29541015625 432.35064697265625 -24341.00390625
v -4263.3310546875 431.10516357421875 -24339.06640625
v -4262.14453125 429.57192993164062 -24337.490234375
v -4260.81494140625 427.85443115234375 -24336.365234375
v -4271.07666015625 419.9107666015625 -24323.388671875
v -4273.29638671875 420.93948364257812 -24323.388671875
v -4275.728515625 421.50860595703125 -24323.388671875
v -4278.2255859375 421.56723022460938 -24323.388671875
v -4280.6318359375 421.12753295898438 -24323.388671875
v -4261.6123046875 421.59259033203125 -24334.662109375
v -4263.3466796875 420.24993896484375 -24333.5234375
v -4266.0966796875 418.12124633789062 -24330.044921875
v -4266.99853515625 417.4232177734375 -24327.8515625
v -4213.44677734375 458.87667846679688 -24296.2109375
v -4215.88720703125 467.83099365234375 -24296.2109375
v -4211.28076171875 475.88800048828125 -24296.2109375
v -4216.22607421875 462.36990356445312 -24291.43359375
v -4216.7568359375 467.15750122070312 -24290.439453125
v -4212.62646484375 474.84619140625 -24287.283203125
v -4216.2548828125 456.70291137695312 -24287.63671875
v -4218.51123046875 460.60101318359375 -24287.033203125
v -4219.517578125 465.02053833007812 -24285.125
v -4216.89697265625 471.54049682617188 -24279.060546875
v -4219.505859375 454.1864013671875 -24284.935546875
v -4221.990234375 457.90780639648438 -24284.14453125
v -4223.720703125 461.7669677734375 -24281.6328125
v -4223.39892578125 466.50747680664062 -24273.66015625
v -4223.03564453125 451.45413208007812 -24284.083984375
v -4225.76806640625 454.98370361328125 -24283.234375
v -4230.45849609375 461.04290771484375 -24271.958984375
v -4215.38720703125 471.63247680664062 -24288.92578125
v -4211.62060546875 475.6248779296875 -24291.666015625
v -4216.10693359375 467.660888671875 -24293.2734375
v -4214.56640625 472.26785278320312 -24292.50390625
v -4226.865234375 463.8243408203125 -24272.388671875
v -4224.17724609375 464.8284912109375 -24277.810546875
v -4225.96142578125 460.032470703125 -24280.810546875
v -4227.00537109375 462.63919067382812 -24276.7734375
v -4214.2890625 472.48257446289062 -24296.2109375
v -4215.31787109375 470.2633056640625 -24296.2109375
v -4215.94580078125 465.33364868164062 -24296.2109375
v -4215.505859375 462.92739868164062 -24296.2109375
v -4214.11962890625 458.35574340820312 -24291.748046875
v -4215.021484375 457.65774536132812 -24289.5546875
v -4217.771484375 455.52902221679688 -24286.076171875
v -4227.09765625 456.70120239257812 -24282.107421875
v -4228.2841796875 458.23443603515625 -24280.533203125
v -4229.24853515625 459.47991943359375 -24278.59375
v -4229.93701171875 460.36968994140625 -24276.421875
v -4258.08251953125 424.32485961914062 -24284.083984375
v -4263.3310546875 431.10516357421875 -24280.533203125
v -4265.50537109375 433.91366577148438 -24271.958984375
v -4264.59228515625 424.93032836914062 -24284.14453125
v -4267.89453125 427.5726318359375 -24281.6328125
v -4270.744140625 428.78158569335938 -24277.810546875
v -4272.564453125 428.4490966796875 -24273.66015625
v -4268.07177734375 422.23712158203125 -24287.033203125
v -4272.09765625 424.31906127929688 -24285.125
v -4276.04931640625 424.67489624023438 -24282.216796875
v -4279.06640625 423.41610717773438 -24279.060546875
v -4270.35693359375 420.46823120117188 -24291.43359375
v -4274.8583984375 422.18209838867188 -24290.439453125
v -4279.53369140625 421.97760009765625 -24288.92578125
v -4283.3369140625 420.11038208007812 -24287.283203125
v -4267.67138671875 416.90231323242188 -24296.2109375
v -4284.6826171875 419.06857299804688 -24296.2109375
v -4271.07666015625 419.9107666015625 -24296.2109375
v -4273.29638671875 420.93948364257812 -24296.2109375
v -4275.728515625 421.50860595703125 -24296.2109375
v -4278.2255859375 421.56723022460938 -24296.2109375
v -4280.6318359375 421.12753295898438 -24296.2109375
v -4261.6123046875 421.59259033203125 -24284.935546875
v -4263.3466796875 420.24993896484375 -24286.076171875
v -4264.86328125 419.07608032226562 -24287.63671875
v -4266.0966796875 418.12124633789062 -24289.5546875
v -4266.99853515625 417.4232177734375 -24291.748046875
v -4264.98388671875 433.24041748046875 -24276.421875
v -4264.29541015625 432.35064697265625 -24278.59375
v -4262.14453125 429.57192993164062 -24282.107421875
v -4260.81494140625 427.85443115234375 -24283.234375
v -4215.61328125 441.86532592773438 -24335.513671875
v -4208.1904296875 432.27651977539062 -24347.640625
v -4212.08349609375 444.59759521484375 -24334.662109375
v -4209.103515625 441.25985717773438 -24335.455078125
v -4205.80126953125 438.6175537109375 -24337.96484375
v -4201.13134765625 437.74105834960938 -24345.9375
v -4205.62451171875 443.95303344726562 -24332.564453125
v -4201.59814453125 441.87112426757812 -24334.474609375
v -4194.62939453125 442.77407836914062 -24340.537109375
v -4206.697265625 448.7669677734375 -24327.8515625
v -4203.33935546875 445.72195434570312 -24328.166015625
v -4198.83740234375 444.00808715820312 -24329.158203125
v -4190.35888671875 446.07980346679688 -24332.314453125
v -4206.0244140625 449.28787231445312 -24323.388671875
v -4189.01318359375 447.12161254882812 -24323.388671875
v -4202.95166015625 437.4085693359375 -24341.787109375
v -4204.59765625 435.05795288085938 -24347.2109375
v -4208.0419921875 436.883056640625 -24338.787109375
v -4205.77978515625 435.21926879882812 -24342.826171875
v -4193.06396484375 445.06265258789062 -24323.388671875
v -4189.35302734375 446.85848999023438 -24327.931640625
v -4194.162109375 444.21258544921875 -24330.671875
v -4198.18701171875 444.511474609375 -24326.326171875
v -4193.34130859375 444.84796142578125 -24327.095703125
v -4208.7119140625 432.94976806640625 -24343.17578125
v -4209.400390625 433.83953857421875 -24341.00390625
v -4210.36474609375 435.08502197265625 -24339.06640625
v -4211.55126953125 436.61822509765625 -24337.490234375
v -4212.880859375 438.33572387695312 -24336.365234375
v -4202.619140625 446.2794189453125 -24323.388671875
v -4200.39990234375 445.25067138671875 -24323.388671875
v -4197.96728515625 444.68157958984375 -24323.388671875
v -4195.47021484375 444.6229248046875 -24323.388671875
v -4210.34912109375 445.94024658203125 -24333.5234375
v -4208.83251953125 447.11410522460938 -24331.962890625
v -4207.59912109375 448.06893920898438 -24330.044921875
v -4250.66015625 414.73605346679688 -24335.513671875
v -4243.23779296875 405.14724731445312 -24347.640625
v -4251.70556640625 408.2823486328125 -24335.455078125
v -4249.97509765625 404.4232177734375 -24337.96484375
v -4249.51904296875 401.3616943359375 -24341.787109375
v -4250.296875 399.68270874023438 -24345.9375
v -4255.1845703125 405.58917236328125 -24332.564453125
v -4254.17822265625 401.16964721679688 -24334.474609375
v -4254.82421875 397.25497436523438 -24337.380859375
v -4256.798828125 394.64968872070312 -24340.537109375
v -4257.4697265625 403.82025146484375 -24328.166015625
v -4256.93896484375 399.03268432617188 -24329.158203125
v -4258.30859375 394.55767822265625 -24330.671875
v -4261.0693359375 391.343994140625 -24332.314453125
v -4260.2490234375 407.31350708007812 -24323.388671875
v -4258.18994140625 403.26278686523438 -24323.388671875
v -4257.80908203125 398.35919189453125 -24323.388671875
v -4262.4150390625 390.30218505859375 -24323.388671875
v -4243.7587890625 405.82049560546875 -24343.17578125
v -4244.447265625 406.71026611328125 -24341.00390625
v -4245.41162109375 407.95574951171875 -24339.06640625
v -4246.5986328125 409.48898315429688 -24337.490234375
v -4247.927734375 411.20648193359375 -24336.365234375
v -4254.18994140625 412.0037841796875 -24334.662109375
v -4255.92431640625 410.6611328125 -24333.5234375
v -4257.44091796875 409.48727416992188 -24331.962890625
v -4258.67431640625 408.53244018554688 -24330.044921875
v -4259.576171875 407.83441162109375 -24327.8515625
v -4257.75 400.85650634765625 -24323.388671875
v -4258.3779296875 395.9268798828125 -24323.388671875
v -4259.40673828125 393.70761108398438 -24323.388671875
v -4206.0244140625 449.28787231445312 -24296.2109375
v -4189.01318359375 447.12161254882812 -24296.2109375
v -4203.33935546875 445.72195434570312 -24291.43359375
v -4198.83740234375 444.00808715820312 -24290.439453125
v -4194.162109375 444.21258544921875 -24288.92578125
v -4190.35888671875 446.07980346679688 -24287.283203125
v -4208.83251953125 447.11410522460938 -24287.63671875
v -4205.62451171875 443.95303344726562 -24287.033203125
v -4201.59814453125 441.87112426757812 -24285.125
v -4197.646484375 441.51528930664062 -24282.216796875
v -4194.62939453125 442.77407836914062 -24279.060546875
v -4212.08349609375 444.59759521484375 -24284.935546875
v -4209.103515625 441.25985717773438 -24284.14453125
v -4205.80126953125 438.6175537109375 -24281.6328125
v -4202.95166015625 437.4085693359375 -24277.810546875
v -4201.13134765625 437.74105834960938 -24273.66015625
v -4215.61328125 441.86532592773438 -24284.083984375
v -4208.1904296875 432.27651977539062 -24271.958984375
v -4193.06396484375 445.06265258789062 -24296.2109375
v -4195.47021484375 444.6229248046875 -24296.2109375
v -4197.96728515625 444.68157958984375 -24296.2109375
v -4200.39990234375 445.25067138671875 -24296.2109375
v -4202.619140625 446.2794189453125 -24296.2109375
v -4206.697265625 448.7669677734375 -24291.748046875
v -4207.59912109375 448.06893920898438 -24289.5546875
v -4210.34912109375 445.94024658203125 -24286.076171875
v -4212.880859375 438.33572387695312 -24283.234375
v -4211.55126953125 436.61822509765625 -24282.107421875
v -4210.36474609375 435.08502197265625 -24280.533203125
v -4209.400390625 433.83953857421875 -24278.59375
v -4208.7119140625 432.94976806640625 -24276.421875
v -4250.66015625 414.73605346679688 -24284.083984375
v -4243.23779296875 405.14724731445312 -24271.958984375
v -4254.18994140625 412.0037841796875 -24284.935546875
v -4251.70556640625 408.2823486328125 -24284.14453125
v -4249.97509765625 404.4232177734375 -24281.6328125
v -4249.51904296875 401.3616943359375 -24277.810546875
v -4250.296875 399.68270874023438 -24273.66015625
v -4257.44091796875 409.48727416992188 -24287.63671875
v -4255.1845703125 405.58917236328125 -24287.033203125
v -4254.17822265625 401.16964721679688 -24285.125
v -4254.82421875 397.25497436523438 -24282.216796875
v -4256.798828125 394.64968872070312 -24279.060546875
v -4257.4697265625 403.82025146484375 -24291.43359375
v -4256.93896484375 399.03268432617188 -24290.439453125
v -4258.30859375 394.55767822265625 -24288.92578125
v -4261.0693359375 391.343994140625 -24287.283203125
v -4260.2490234375 407.31350708007812 -24296.2109375
v -4257.80908203125 398.35919189453125 -24296.2109375
v -4262.4150390625 390.30218505859375 -24296.2109375
v -4243.7587890625 405.82049560546875 -24276.421875
v -4244.447265625 406.71026611328125 -24278.59375
v -4245.41162109375 407.95574951171875 -24280.533203125
v -4246.5986328125 409.48898315429688 -24282.107421875
v -4247.927734375 411.20648193359375 -24283.234375
v -4258.18994140625 403.26278686523438 -24296.2109375
v -4257.75 400.85650634765625 -24296.2109375
v -4258.3779296875 395.9268798828125 -24296.2109375
v -4259.40673828125 393.70761108398438 -24296.2109375
v -4255.92431640625 410.6611328125 -24286.076171875
v -4258.67431640625 408.53244018554688 -24289.5546875
v -4259.576171875 407.83441162109375 -24291.748046875
vt 0.61420685052871704 0
vt 0.61420685052871704 0.17040868103504181
vt 0.57997864484786987 0
vt 0.59709274768829346 0
vt 0.61420685052871704 0.34081736207008362
vt 0.57997864484786987 0.34081736207008362
vt 0.57997864484786987 0.17040868103504181
vt 0.2966594398021698 0
vt 0.33088764548301697 0
vt 0.33088764548301697 0.23959754407405853
vt 0.2966594398021698 0.23959754407405853
vt 0.55888664722442627 0
vt 0.5246584415435791 0.34081736207008362
vt 0.5246584415435791 0.17040868103504181
vt 0.5246584415435791 0
vt 0.55888664722442627 0.34081736207008362
vt 0.54177254438400269 0.34081736207008362
vt 0.55888664722442627 0.17040868103504181
vt 0.053419101983308792 0.76946353912353516
vt 0.29155179858207703 0.76946353912353516
vt 0.29155179858207703 0.80369174480438232
vt 0.053419101983308792 0.80369174480438232
vt 0.053419101983308792 0.78657764196395874
vt 0.29155179858207703 0.78657764196395874
vt 0.29301664233207703 0.82001245021820068
vt 0.59387290477752686 0.73906838893890381
vt 0.59387290477752686 0.66282385587692261
vt 0.52570945024490356 0.59478592872619629
vt 0.46342533826828003 0.59478592872619629
vt 0.40114125609397888 0.59478592872619629
vt 0.63383400440216064 0.58187979459762573
vt 0.3329777717590332 0.66282385587692261
vt 0.3329777717590332 0.73906838893890381
vt 0.63383400440216064 0.82001245021820068
vt 0.46342533826828003 0.82001245021820068
vt 0.40114125609397888 0.80710631608963013
vt 0.46342533826828003 0.80710631608963013
vt 0.52570945024490356 0.80710631608963013
vt 0.29301664233207703 0.58187979459762573
vt 0.37822100520133972 0.58187979459762573
vt 0.46342533826828003 0.58187979459762573
vt 0.54862970113754272 0.58187979459762573
vt 0.59266471862792969 0.65007603168487549
vt 0.58908927440643311 0.63777875900268555
vt 0.57391059398651123 0.6147114634513855
vt 0.55080074071884155 0.59956073760986328
vt 0.53848075866699219 0.59599184989929199
vt 0.37604993581771851 0.59956073760986328
vt 0.35294008255004883 0.6147114634513855
vt 0.33776143193244934 0.63777875900268555
vt 0.53848075866699219 0.80590039491653442
vt 0.55080074071884155 0.80233150720596313
vt 0.57391059398651123 0.78718078136444092
vt 0.58908927440643311 0.76411348581314087
vt 0.59266471862792969 0.75181621313095093
vt 0.33776143193244934 0.76411348581314087
vt 0.35294008255004883 0.78718078136444092
vt 0.37604993581771851 0.80233150720596313
vt 0.29301664233207703 0.34228220582008362
vt 0.63383400440216064 0.34228220582008362
vt 0.3329777717590332 0.42322629690170288
vt 0.3329777717590332 0.49947085976600647
vt 0.29301664233207703 0.58041495084762573
vt 0.46342533826828003 0.34228220582008362
vt 0.40114125609397888 0.5675087571144104
vt 0.52570945024490356 0.5675087571144104
vt 0.59387290477752686 0.49947085976600647
vt 0.59387290477752686 0.42322629690170288
vt 0.63383400440216064 0.58041495084762573
vt 0.46342533826828003 0.58041495084762573
vt 0.52570945024490356 0.35518836975097656
vt 0.40114125609397888 0.35518836975097656
vt 0.59266471862792969 0.41047850251197815
vt 0.58908927440643311 0.39818120002746582
vt 0.57391059398651123 0.37511390447616577
vt 0.55080074071884155 0.35996320843696594
vt 0.53848075866699219 0.35639432072639465
vt 0.37604993581771851 0.35996320843696594
vt 0.35294008255004883 0.37511390447616577
vt 0.33776143193244934 0.39818120002746582
vt 0.55080074071884155 0.56273394823074341
vt 0.57391059398651123 0.54758322238922119
vt 0.58908927440643311 0.52451592683792114
vt 0.33776143193244934 0.52451592683792114
vt 0.35294008255004883 0.54758322238922119
vt 0.37604993581771851 0.56273394823074341
vt 0.053419101983308792 0.34228220582008362
vt 0.17852267622947693 0.34228220582008362
vt 0.11597089469432831 0.34228220582008362
vt 0.053419101983308792 0.37651044130325317
vt 0.17852267622947693 0.35939633846282959
vt 0.17852267622947693 0.37651044130325317
vt 0.86928892135620117 0
vt 0.86928892135620117 0.076713576912879944
vt 0.85217481851577759 0.076713576912879944
vt 0.835060715675354 0
vt 0.85217481851577759 0
vt 0.835060715675354 0.076713576912879944
vt 0.053419101983308792 0.42852422595024109
vt 0.17852267622947693 0.39429599046707153
vt 0.17852267622947693 0.4114101231098175
vt 0.17852267622947693 0.42852422595024109
vt 0.053419101983308792 0.39429599046707153
vt 0.11597089469432831 0.39429599046707153
vt 0.835060715675354 0.1706581711769104
vt 0.835060715675354 0.20488639175891876
vt 0.835060715675354 0.18777227401733398
vt 0.91177427768707275 0.1706581711769104
vt 0.91177427768707275 0.20488639175891876
vt 0.63529884815216064 0.73726963996887207
vt 0.63529884815216064 0.76372301578521729
vt 0.63529884815216064 0.79017633199691772
vt 0.80643999576568604 0.73726963996887207
vt 0.80643999576568604 0.76372301578521729
vt 0.80643999576568604 0.79017633199691772
vt 0.97758108377456665 0.73726963996887207
vt 0.97758108377456665 0.76372301578521729
vt 0.97758108377456665 0.79017633199691772
vt 0.80643999576568604 0.77694964408874512
vt 0.72086942195892334 0.79017633199691772
vt 0.63529884815216064 0.77694964408874512
vt 0.72086942195892334 0.76372301578521729
vt 0.72086942195892334 0.77694964408874512
vt 0.97758108377456665 0.77694964408874512
vt 0.89201050996780396 0.79017633199691772
vt 0.89201050996780396 0.76372301578521729
vt 0.89201050996780396 0.77694964408874512
vt 0.63529884815216064 0.78686964511871338
vt 0.63529884815216064 0.78356301784515381
vt 0.63529884815216064 0.78025633096694946
vt 0.63529884815216064 0.77364301681518555
vt 0.63529884815216064 0.7703363299369812
vt 0.63529884815216064 0.76702964305877686
vt 0.63529884815216064 0.76041632890701294
vt 0.63529884815216064 0.75710964202880859
vt 0.63529884815216064 0.75380295515060425
vt 0.63529884815216064 0.75049632787704468
vt 0.63529884815216064 0.74718964099884033
vt 0.63529884815216064 0.74388295412063599
vt 0.63529884815216064 0.74057632684707642
vt 0.97758108377456665 0.74057632684707642
vt 0.97758108377456665 0.74388295412063599
vt 0.97758108377456665 0.74718964099884033
vt 0.97758108377456665 0.75049632787704468
vt 0.97758108377456665 0.75380295515060425
vt 0.97758108377456665 0.75710964202880859
vt 0.97758108377456665 0.76041632890701294
vt 0.97758108377456665 0.76702964305877686
vt 0.97758108377456665 0.7703363299369812
vt 0.97758108377456665 0.77364301681518555
vt 0.97758108377456665 0.78025633096694946
vt 0.97758108377456665 0.78356301784515381
vt 0.97758108377456665 0.78686964511871338
vt 0.13975594937801361 0.17114110291004181
vt 0.11304639279842377 0.17114110291004181
vt 0.08633684366941452 0.17114110291004181
vt 0.13975594937801361 0.20536932349205017
vt 0.12640117108821869 0.20536932349205017
vt 0.08633684366941452 0.20536932349205017
vt 0.13641725480556488 0.20536932349205017
vt 0.13307856023311615 0.20536932349205017
vt 0.12973986566066742 0.20536932349205017
vt 0.12306247651576996 0.20536932349205017
vt 0.11972378194332123 0.20536932349205017
vt 0.1163850873708725 0.20536932349205017
vt 0.11304639279842377 0.20536932349205017
vt 0.10970769822597504 0.20536932349205017
vt 0.10636900365352631 0.20536932349205017
vt 0.10303030908107758 0.20536932349205017
vt 0.099691614508628845 0.20536932349205017
vt 0.096352919936180115 0.20536932349205017
vt 0.093014232814311981 0.20536932349205017
vt 0.089675538241863251 0.20536932349205017
vt 0.092094741761684418 0.17114110291004181
vt 0.097565501928329468 0.17114110291004181
vt 0.10283336043357849 0.17114110291004181
vt 0.10797150433063507 0.17114110291004181
vt 0.11812128126621246 0.17114110291004181
vt 0.12325942516326904 0.17114110291004181
vt 0.12852728366851807 0.17114110291004181
vt 0.13399805128574371 0.17114110291004181
vt 0.051954258233308792 0.34228220582008362
vt 0.025977129116654396 0.34228220582008362
vt 0 0.34228220582008362
vt 0.051954258233308792 0.51342332363128662
vt 0 0.51342332363128662
vt 0.051954258233308792 0.68456441164016724
vt 0.025977129116654396 0.68456441164016724
vt 0.012988564558327198 0.68456441164016724
vt 0 0.68456441164016724
vt 0.04870712012052536 0.68456441164016724
vt 0.04545997828245163 0.68456441164016724
vt 0.042212836444377899 0.68456441164016724
vt 0.038965694606304169 0.68456441164016724
vt 0.035718552768230438 0.68456441164016724
vt 0.032471410930156708 0.68456441164016724
vt 0.029224270954728127 0.68456441164016724
vt 0.022729989141225815 0.68456441164016724
vt 0.019482847303152084 0.68456441164016724
vt 0.016235705465078354 0.68456441164016724
vt 0.0097414236515760422 0.68456441164016724
vt 0.006494282279163599 0.68456441164016724
vt 0.0032471411395817995 0.68456441164016724
vt 0.0056000067852437496 0.34228220582008362
vt 0.010920749045908451 0.34228220582008362
vt 0.01604415662586689 0.34228220582008362
vt 0.021041406318545341 0.34228220582008362
vt 0.030912855640053749 0.34228220582008362
vt 0.03591010719537735 0.34228220582008362
vt 0.041033510118722916 0.34228220582008362
vt 0.046354252845048904 0.34228220582008362
vt 0.025977129116654396 0.51342332363128662
vt 0.012988564558327198 0.51342332363128662
vt 0.053419101983308792 0.25671166181564331
vt 0 0.25671166181564331
vt 0.053419101983308792 0.27382576465606689
vt 0 0.27382576465606689
vt 0.053419101983308792 0.29093989729881287
vt 0.040064327418804169 0.29093989729881287
vt 0.026709550991654396 0.29093989729881287
vt 0 0.29093989729881287
vt 0.05008041113615036 0.29093989729881287
vt 0.04674171656370163 0.29093989729881287
vt 0.043403021991252899 0.29093989729881287
vt 0.036725632846355438 0.29093989729881287
vt 0.033386938273906708 0.29093989729881287
vt 0.030048245564103127 0.29093989729881287
vt 0.023370858281850815 0.29093989729881287
vt 0.020032163709402084 0.29093989729881287
vt 0.016693469136953354 0.29093989729881287
vt 0.013354775495827198 0.29093989729881287
vt 0.010016081854701042 0.29093989729881287
vt 0.006677387747913599 0.29093989729881287
vt 0.0033386938739567995 0.29093989729881287
vt 0.0057578985579311848 0.25671166181564331
vt 0.011228658258914948 0.25671166181564331
vt 0.01649651862680912 0.25671166181564331
vt 0.021634666249155998 0.25671166181564331
vt 0.026709550991654396 0.25671166181564331
vt 0.031784441322088242 0.25671166181564331
vt 0.036922585219144821 0.25671166181564331
vt 0.042190447449684143 0.25671166181564331
vt 0.047661207616329193 0.25671166181564331
vt 0.026709550991654396 0.27382576465606689
vt 0.013354775495827198 0.27382576465606689
vt 0.053419101983308792 0.60866773128509521
vt 0.053419101983308792 0.63512104749679565
vt 0.053419101983308792 0.66157442331314087
vt 0.29155179858207703 0.60866773128509521
vt 0.29155179858207703 0.66157442331314087
vt 0.053419101983308792 0.65826773643493652
vt 0.053419101983308792 0.65496104955673218
vt 0.053419101983308792 0.65165442228317261
vt 0.053419101983308792 0.64834773540496826
vt 0.053419101983308792 0.64504104852676392
vt 0.053419101983308792 0.64173442125320435
vt 0.053419101983308792 0.638427734375
vt 0.053419101983308792 0.63181442022323608
vt 0.053419101983308792 0.62850773334503174
vt 0.053419101983308792 0.62520104646682739
vt 0.053419101983308792 0.62189435958862305
vt 0.053419101983308792 0.61858773231506348
vt 0.053419101983308792 0.61528104543685913
vt 0.053419101983308792 0.61197435855865479
vt 0.29155179858207703 0.61197435855865479
vt 0.29155179858207703 0.61528104543685913
vt 0.29155179858207703 0.61858773231506348
vt 0.29155179858207703 0.62189435958862305
vt 0.29155179858207703 0.62520104646682739
vt 0.29155179858207703 0.62850773334503174
vt 0.29155179858207703 0.63181442022323608
vt 0.29155179858207703 0.63512104749679565
vt 0.29155179858207703 0.638427734375
vt 0.29155179858207703 0.64173442125320435
vt 0.29155179858207703 0.64504104852676392
vt 0.29155179858207703 0.64834773540496826
vt 0.29155179858207703 0.65165442228317261
vt 0.29155179858207703 0.65496104955673218
vt 0.29155179858207703 0.65826773643493652
vt 0.052906699478626251 0.085570551455020905
vt 0 0.085570551455020905
vt 0.052906699478626251 0.11979877203702927
vt 0.026453349739313126 0.11979877203702927
vt 0 0.11979877203702927
vt 0.049600031226873398 0.11979877203702927
vt 0.046293362975120544 0.11979877203702927
vt 0.042986690998077393 0.11979877203702927
vt 0.039680022746324539 0.11979877203702927
vt 0.036373354494571686 0.11979877203702927
vt 0.033066686242818832 0.11979877203702927
vt 0.029760017991065979 0.11979877203702927
vt 0.023146681487560272 0.11979877203702927
vt 0.01984001137316227 0.11979877203702927
vt 0.016533343121409416 0.11979877203702927
vt 0.013226674869656563 0.11979877203702927
vt 0.0099200056865811348 0.11979877203702927
vt 0.0066133374348282814 0.11979877203702927
vt 0.0033066687174141407 0.11979877203702927
vt 0.0033066687174141407 0.085570551455020905
vt 0.0066133374348282814 0.085570551455020905
vt 0.0099200056865811348 0.085570551455020905
vt 0.013226674869656563 0.085570551455020905
vt 0.016533343121409416 0.085570551455020905
vt 0.01984001137316227 0.085570551455020905
vt 0.023146681487560272 0.085570551455020905
vt 0.026453349739313126 0.085570551455020905
vt 0.029760017991065979 0.085570551455020905
vt 0.033066686242818832 0.085570551455020905
vt 0.036373354494571686 0.085570551455020905
vt 0.039680022746324539 0.085570551455020905
vt 0.042986690998077393 0.085570551455020905
vt 0.046293362975120544 0.085570551455020905
vt 0.049600031226873398 0.085570551455020905
vt 0.76040244102478027 0.65224641561508179
vt 0.76040244102478027 0.70566552877426147
vt 0.99853515625 0.65224641561508179
vt 0.99853515625 0.67895597219467163
vt 0.99853515625 0.69231075048446655
vt 0.99853515625 0.70566552877426147
vt 0.76040244102478027 0.70232683420181274
vt 0.76040244102478027 0.69898813962936401
vt 0.76040244102478027 0.69564944505691528
vt 0.76040244102478027 0.69231075048446655
vt 0.76040244102478027 0.68897205591201782
vt 0.76040244102478027 0.68563336133956909
vt 0.76040244102478027 0.68229466676712036
vt 0.76040244102478027 0.67895597219467163
vt 0.76040244102478027 0.6756172776222229
vt 0.76040244102478027 0.67227858304977417
vt 0.76040244102478027 0.66893988847732544
vt 0.76040244102478027 0.66560119390487671
vt 0.76040244102478027 0.66226249933242798
vt 0.76040244102478027 0.65892380475997925
vt 0.76040244102478027 0.65558511018753052
vt 0.99853515625 0.65558511018753052
vt 0.99853515625 0.65892380475997925
vt 0.99853515625 0.66226249933242798
vt 0.99853515625 0.66560119390487671
vt 0.99853515625 0.66893988847732544
vt 0.99853515625 0.67227858304977417
vt 0.99853515625 0.6756172776222229
vt 0.99853515625 0.68229466676712036
vt 0.99853515625 0.68563336133956909
vt 0.99853515625 0.68897205591201782
vt 0.99853515625 0.69564944505691528
vt 0.99853515625 0.69898813962936401
vt 0.99853515625 0.70232683420181274
vt 0.63529884815216064 0.31015992164611816
vt 0.63529884815216064 0.35022425651550293
vt 0.63529884815216064 0.36357903480529785
vt 0.80643999576568604 0.31015992164611816
vt 0.80643999576568604 0.36357903480529785
vt 0.97758108377456665 0.31015992164611816
vt 0.97758108377456665 0.36357903480529785
vt 0.63529884815216064 0.36024034023284912
vt 0.63529884815216064 0.35690164566040039
vt 0.63529884815216064 0.35356295108795166
vt 0.63529884815216064 0.3468855619430542
vt 0.63529884815216064 0.34354686737060547
vt 0.63529884815216064 0.34020817279815674
vt 0.63529884815216064 0.33686947822570801
vt 0.63529884815216064 0.33353078365325928
vt 0.63529884815216064 0.33019208908081055
vt 0.63529884815216064 0.32685339450836182
vt 0.63529884815216064 0.32351469993591309
vt 0.63529884815216064 0.32017600536346436
vt 0.63529884815216064 0.31683731079101562
vt 0.63529884815216064 0.31349861621856689
vt 0.97758108377456665 0.31349861621856689
vt 0.97758108377456665 0.31683731079101562
vt 0.97758108377456665 0.32017600536346436
vt 0.97758108377456665 0.32351469993591309
vt 0.97758108377456665 0.32685339450836182
vt 0.97758108377456665 0.33019208908081055
vt 0.97758108377456665 0.33353078365325928
vt 0.97758108377456665 0.33686947822570801
vt 0.97758108377456665 0.34020817279815674
vt 0.97758108377456665 0.34354686737060547
vt 0.97758108377456665 0.3468855619430542
vt 0.97758108377456665 0.35022425651550293
vt 0.97758108377456665 0.35356295108795166
vt 0.97758108377456665 0.35690164566040039
vt 0.97758108377456665 0.36024034023284912
vt 0.80643999576568604 0.33686947822570801
vt 0.80643999576568604 0.35022425651550293
vt 0.052394293248653412 0
vt 0 0
vt 0.052394293248653412 0.017114110291004181
vt 0 0.017114110291004181
vt 0.052394293248653412 0.034228220582008362
vt 0 0.034228220582008362
vt 0.049119651317596436 0.034228220582008362
vt 0.045845005661249161 0.034228220582008362
vt 0.042570363730192184 0.034228220582008362
vt 0.03929571807384491 0.034228220582008362
vt 0.036021076142787933 0.034228220582008362
vt 0.032746434211730957 0.034228220582008362
vt 0.029471790418028831 0.034228220582008362
vt 0.026197146624326706 0.034228220582008362
vt 0.02292250283062458 0.034228220582008362
vt 0.019647859036922455 0.034228220582008362
vt 0.016373217105865479 0.034228220582008362
vt 0.013098573312163353 0.034228220582008362
vt 0.0098239295184612274 0.034228220582008362
vt 0.0065492866560816765 0.034228220582008362
vt 0.0032746433280408382 0.034228220582008362
vt 0.0032746433280408382 0
vt 0.0065492866560816765 0
vt 0.0098239295184612274 0
vt 0.013098573312163353 0
vt 0.016373217105865479 0
vt 0.019647859036922455 0
vt 0.02292250283062458 0
vt 0.026197146624326706 0
vt 0.029471790418028831 0
vt 0.032746434211730957 0
vt 0.036021076142787933 0
vt 0.03929571807384491 0
vt 0.042570363730192184 0
vt 0.045845005661249161 0
vt 0.049119651317596436 0
vt 0.63529884815216064 0.22513669729232788
vt 0.63529884815216064 0.25184625387191772
vt 0.63529884815216064 0.27855581045150757
vt 0.80643999576568604 0.22513669729232788
vt 0.80643999576568604 0.27855581045150757
vt 0.97758108377456665 0.22513669729232788
vt 0.97758108377456665 0.27855581045150757
vt 0.63529884815216064 0.27279791235923767
vt 0.63529884815216064 0.26732712984085083
vt 0.63529884815216064 0.26205927133560181
vt 0.63529884815216064 0.25692114233970642
vt 0.63529884815216064 0.24677136540412903
vt 0.63529884815216064 0.24163322150707245
vt 0.63529884815216064 0.23636534810066223
vt 0.63529884815216064 0.23089459538459778
vt 0.97758108377456665 0.23089459538459778
vt 0.97758108377456665 0.23636534810066223
vt 0.97758108377456665 0.24163322150707245
vt 0.97758108377456665 0.24677136540412903
vt 0.97758108377456665 0.25184625387191772
vt 0.97758108377456665 0.25692114233970642
vt 0.97758108377456665 0.26205927133560181
vt 0.97758108377456665 0.26732712984085083
vt 0.97758108377456665 0.27279791235923767
vt 0.80643999576568604 0.25184625387191772
vt 0.80643999576568604 0.26520103216171265
vt 0.053419101983308792 0.68906563520431519
vt 0.053419101983308792 0.74197232723236084
vt 0.29155179858207703 0.68906563520431519
vt 0.29155179858207703 0.74197232723236084
vt 0.29155179858207703 0.69237226247787476
vt 0.29155179858207703 0.6956789493560791
vt 0.29155179858207703 0.69898563623428345
vt 0.29155179858207703 0.70229232311248779
vt 0.29155179858207703 0.70559895038604736
vt 0.29155179858207703 0.70890563726425171
vt 0.29155179858207703 0.71221232414245605
vt 0.29155179858207703 0.71551895141601562
vt 0.29155179858207703 0.71882563829421997
vt 0.29155179858207703 0.72213232517242432
vt 0.29155179858207703 0.72543895244598389
vt 0.29155179858207703 0.72874563932418823
vt 0.29155179858207703 0.73205232620239258
vt 0.29155179858207703 0.73535901308059692
vt 0.29155179858207703 0.73866564035415649
vt 0.053419101983308792 0.73626965284347534
vt 0.053419101983308792 0.73085135221481323
vt 0.053419101983308792 0.72563403844833374
vt 0.053419101983308792 0.72054517269134521
vt 0.053419101983308792 0.71551895141601562
vt 0.053419101983308792 0.71049278974533081
vt 0.053419101983308792 0.70540392398834229
vt 0.053419101983308792 0.70018655061721802
vt 0.053419101983308792 0.69476830959320068
vt 0.76040244102478027 0.5680387020111084
vt 0.76040244102478027 0.62094545364379883
vt 0.99853515625 0.5680387020111084
vt 0.99853515625 0.60771876573562622
vt 0.99853515625 0.62094545364379883
vt 0.99853515625 0.57134538888931274
vt 0.99853515625 0.57465207576751709
vt 0.99853515625 0.57795876264572144
vt 0.99853515625 0.58126538991928101
vt 0.99853515625 0.58457207679748535
vt 0.99853515625 0.5878787636756897
vt 0.99853515625 0.59118539094924927
vt 0.99853515625 0.59449207782745361
vt 0.99853515625 0.59779876470565796
vt 0.99853515625 0.60110539197921753
vt 0.99853515625 0.60441207885742188
vt 0.99853515625 0.61102545261383057
vt 0.99853515625 0.61433207988739014
vt 0.99853515625 0.61763876676559448
vt 0.76040244102478027 0.61763876676559448
vt 0.76040244102478027 0.61433207988739014
vt 0.76040244102478027 0.61102545261383057
vt 0.76040244102478027 0.60771876573562622
vt 0.76040244102478027 0.60441207885742188
vt 0.76040244102478027 0.60110539197921753
vt 0.76040244102478027 0.59779876470565796
vt 0.76040244102478027 0.59449207782745361
vt 0.76040244102478027 0.59118539094924927
vt 0.76040244102478027 0.5878787636756897
vt 0.76040244102478027 0.58457207679748535
vt 0.76040244102478027 0.58126538991928101
vt 0.76040244102478027 0.57795876264572144
vt 0.76040244102478027 0.57465207576751709
vt 0.76040244102478027 0.57134538888931274
vt 0.63529884815216064 0.56581324338912964
vt 0.63529884815216064 0.60549330711364746
vt 0.63529884815216064 0.61871993541717529
vt 0.69711822271347046 0.56581324338912964
vt 0.69711822271347046 0.61871993541717529
vt 0.75893759727478027 0.56581324338912964
vt 0.75893759727478027 0.60549330711364746
vt 0.75893759727478027 0.61871993541717529
vt 0.63529884815216064 0.59887993335723877
vt 0.63529884815216064 0.59226661920547485
vt 0.63529884815216064 0.58565324544906616
vt 0.63529884815216064 0.57903993129730225
vt 0.75893759727478027 0.57903993129730225
vt 0.75893759727478027 0.58565324544906616
vt 0.75893759727478027 0.59226661920547485
vt 0.75893759727478027 0.59887993335723877
vt 0.69711822271347046 0.60549330711364746
vt 0.85970973968505859 0.48119038343429565
vt 0.85970973968505859 0.50764375925064087
vt 0.85970973968505859 0.53409707546234131
vt 0.93642330169677734 0.48119038343429565
vt 0.93642330169677734 0.50764375925064087
vt 0.93642330169677734 0.53409707546234131
vt 0.85970973968505859 0.5208703875541687
vt 0.85970973968505859 0.51425707340240479
vt 0.85970973968505859 0.50103038549423218
vt 0.85970973968505859 0.49441704154014587
vt 0.93642330169677734 0.49441704154014587
vt 0.93642330169677734 0.50103038549423218
vt 0.93642330169677734 0.51425707340240479
vt 0.93642330169677734 0.5208703875541687
vt 0.63529884815216064 0.39518317580223083
vt 0.63529884815216064 0.44808986783027649
vt 0.69711822271347046 0.39518317580223083
vt 0.69711822271347046 0.44808986783027649
vt 0.75893759727478027 0.39518317580223083
vt 0.75893759727478027 0.44808986783027649
vt 0.75893759727478027 0.40840983390808105
vt 0.75893759727478027 0.41502317786216736
vt 0.75893759727478027 0.42163652181625366
vt 0.75893759727478027 0.42824983596801758
vt 0.75893759727478027 0.43486317992210388
vt 0.63529884815216064 0.43486317992210388
vt 0.63529884815216064 0.42824983596801758
vt 0.63529884815216064 0.42163652181625366
vt 0.63529884815216064 0.41502317786216736
vt 0.63529884815216064 0.40840983390808105
vt 0.69711822271347046 0.42163652181625366
vt 0.85970973968505859 0.39518317580223083
vt 0.85970973968505859 0.44757744669914246
vt 0.93642330169677734 0.39518317580223083
vt 0.93642330169677734 0.44757744669914246
vt 0.85970973968505859 0.43447887897491455
vt 0.85970973968505859 0.42792961001396179
vt 0.85970973968505859 0.42138031125068665
vt 0.85970973968505859 0.4148310124874115
vt 0.85970973968505859 0.40828174352645874
vt 0.93642330169677734 0.40828174352645874
vt 0.93642330169677734 0.4148310124874115
vt 0.93642330169677734 0.42138031125068665
vt 0.93642330169677734 0.42792961001396179
vt 0.93642330169677734 0.43447887897491455
vt 0.63529884815216064 0.48049822449684143
vt 0.63529884815216064 0.5334048867225647
vt 0.75893759727478027 0.48049822449684143
vt 0.75893759727478027 0.5334048867225647
vt 0.63529884815216064 0.52017825841903687
vt 0.63529884815216064 0.51356488466262817
vt 0.63529884815216064 0.50695157051086426
vt 0.63529884815216064 0.50033819675445557
vt 0.63529884815216064 0.49372488260269165
vt 0.75893759727478027 0.49372488260269165
vt 0.75893759727478027 0.50033819675445557
vt 0.75893759727478027 0.50695157051086426
vt 0.75893759727478027 0.51356488466262817
vt 0.75893759727478027 0.52017825841903687
vt 0.17267368733882904 0
vt 0.17267368733882904 0.052906699478626251
vt 0.24938726425170898 0
vt 0.24938726425170898 0.052906699478626251
vt 0.24938726425170898 0.013226674869656563
vt 0.24938726425170898 0.01984001137316227
vt 0.24938726425170898 0.026453349739313126
vt 0.24938726425170898 0.033066686242818832
vt 0.24938726425170898 0.039680022746324539
vt 0.17267368733882904 0.039680022746324539
vt 0.17267368733882904 0.033066686242818832
vt 0.17267368733882904 0.026453349739313126
vt 0.17267368733882904 0.01984001137316227
vt 0.17267368733882904 0.013226674869656563
vt 0.63529884815216064 0.65112829208374023
vt 0.63529884815216064 0.691192626953125
vt 0.63529884815216064 0.70454740524291992
vt 0.75893759727478027 0.65112829208374023
vt 0.75893759727478027 0.70454740524291992
vt 0.63529884815216064 0.68451523780822754
vt 0.63529884815216064 0.67783784866333008
vt 0.63529884815216064 0.67116045951843262
vt 0.63529884815216064 0.66448307037353516
vt 0.75893759727478027 0.66448307037353516
vt 0.75893759727478027 0.67116045951843262
vt 0.75893759727478027 0.67783784866333008
vt 0.75893759727478027 0.68451523780822754
vt 0.75893759727478027 0.691192626953125
vt 0.17267368733882904 0.17031633853912354
vt 0.17267368733882904 0.2103806734085083
vt 0.17267368733882904 0.22373545169830322
vt 0.24938726425170898 0.17031633853912354
vt 0.24938726425170898 0.19702589511871338
vt 0.24938726425170898 0.22373545169830322
vt 0.24938726425170898 0.18367111682891846
vt 0.24938726425170898 0.19034850597381592
vt 0.24938726425170898 0.20370328426361084
vt 0.24938726425170898 0.2103806734085083
vt 0.17267368733882904 0.20370328426361084
vt 0.17267368733882904 0.19702589511871338
vt 0.17267368733882904 0.19034850597381592
vt 0.17267368733882904 0.18367111682891846
vt 0.08633684366941452 0.25671166181564331
vt 0.13975594937801361 0.25671166181564331
vt 0.13975594937801361 0.27382576465606689
vt 0.08633684366941452 0.29093989729881287
vt 0.08633684366941452 0.27382576465606689
vt 0.13975594937801361 0.29093989729881287
vt 0.12640126049518585 0.29093989729881287
vt 0.11965350806713104 0.29093989729881287
vt 0.11304639279842377 0.29093989729881287
vt 0.10643927752971649 0.29093989729881287
vt 0.099691525101661682 0.29093989729881287
vt 0.099691525101661682 0.25671166181564331
vt 0.10643927752971649 0.25671166181564331
vt 0.11304639279842377 0.25671166181564331
vt 0.11965350806713104 0.25671166181564331
vt 0.12640126049518585 0.25671166181564331
vt 0 0.17114110291004181
vt 0.052906699478626251 0.17114110291004181
vt 0 0.20536932349205017
vt 0.013226586394011974 0.17114110291004181
vt 0.019909609109163284 0.17114110291004181
vt 0.026453349739313126 0.17114110291004181
vt 0.032997090369462967 0.17114110291004181
vt 0.039680112153291702 0.17114110291004181
vt 0.052906699478626251 0.20536932349205017
vt 0.039680112153291702 0.20536932349205017
vt 0.032997090369462967 0.20536932349205017
vt 0.026453349739313126 0.20536932349205017
vt 0.019909609109163284 0.20536932349205017
vt 0.013226586394011974 0.20536932349205017
vt 0.13924354314804077 0
vt 0.13924354314804077 0.017114110291004181
vt 0.08633684366941452 0.034228220582008362
vt 0.13924354314804077 0.034228220582008362
vt 0.12601695954799652 0.034228220582008362
vt 0.11933393031358719 0.034228220582008362
vt 0.11279018968343735 0.034228220582008362
vt 0.10624644905328751 0.034228220582008362
vt 0.099563427269458771 0.034228220582008362
vt 0.08633684366941452 0
vt 0.099563427269458771 0
vt 0.10624644905328751 0
vt 0.11279018968343735 0
vt 0.11933393031358719 0
vt 0.12601695954799652 0
vt 0.099563516676425934 0.017114110291004181
vt 0.13924354314804077 0.085570551455020905
vt 0.13924354314804077 0.10268466174602509
vt 0.08633684366941452 0.10268466174602509
vt 0.08633684366941452 0.11979877203702927
vt 0.13924354314804077 0.11979877203702927
vt 0.12601695954799652 0.11979877203702927
vt 0.11933393031358719 0.11979877203702927
vt 0.11279018968343735 0.11979877203702927
vt 0.10624644905328751 0.11979877203702927
vt 0.099563427269458771 0.11979877203702927
vt 0.08633684366941452 0.085570551455020905
vt 0.099563427269458771 0.085570551455020905
vt 0.10624644905328751 0.085570551455020905
vt 0.11279018968343735 0.085570551455020905
vt 0.11933393031358719 0.085570551455020905
vt 0.12601695954799652 0.085570551455020905
vt 0.11279018968343735 0.10268466174602509
vt 0.68891012668609619 0.11256834864616394
vt 0.63529884815216064 0.11256834864616394
vt 0.68090915679931641 0.12038246542215347
vt 0.6731342077255249 0.12038246542215347
vt 0.66554868221282959 0.12038246542215347
vt 0.65798622369766235 0.12038246542215347
vt 0.65042376518249512 0.12038246542215347
vt 0.64286130666732788 0.12038246542215347
vt 0.68090915679931641 0.12811984121799469
vt 0.6731342077255249 0.12811984121799469
vt 0.66554868221282959 0.12811984121799469
vt 0.65798622369766235 0.12811984121799469
vt 0.65042376518249512 0.12811984121799469
vt 0.64286130666732788 0.12811984121799469
vt 0.68090915679931641 0.13585326075553894
vt 0.6731342077255249 0.13585326075553894
vt 0.66554868221282959 0.13585326075553894
vt 0.65798622369766235 0.13585326075553894
vt 0.65042376518249512 0.13585326075553894
vt 0.64286130666732788 0.13585326075553894
vt 0.6731342077255249 0.14364190399646759
vt 0.66554868221282959 0.14364190399646759
vt 0.65798622369766235 0.14364190399646759
vt 0.65042376518249512 0.14364190399646759
vt 0.6731342077255249 0.1514047384262085
vt 0.66554868221282959 0.1514047384262085
vt 0.65798622369766235 0.1514047384262085
vt 0.66554868221282959 0.15913817286491394
vt 0.65798622369766235 0.15913817286491394
vt 0.68877238035202026 0.11691223829984665
vt 0.68834501504898071 0.12132985144853592
vt 0.68761688470840454 0.12573273479938507
vt 0.68659085035324097 0.13003893196582794
vt 0.68528300523757935 0.13417966663837433
vt 0.68372058868408203 0.13811063766479492
vt 0.6819382905960083 0.14180813729763031
vt 0.67997491359710693 0.14526714384555817
vt 0.67787063121795654 0.14849807322025299
vt 0.67566454410552979 0.15151217579841614
vt 0.67339366674423218 0.15433712303638458
vt 0.67109143733978271 0.15699136257171631
vt 0.66878765821456909 0.15949954092502594
vt 0.66650813817977905 0.16188041865825653
vt 0.66427445411682129 0.16415341198444366
vt 0.66210448741912842 0.16633392870426178
vt 0.65993452072143555 0.16415341198444366
vt 0.65770089626312256 0.16188041865825653
vt 0.65542131662368774 0.15949954092502594
vt 0.6531175971031189 0.15699136257171631
vt 0.65081536769866943 0.15433712303638458
vt 0.64854443073272705 0.15151217579841614
vt 0.64633834362030029 0.14849807322025299
vt 0.6442340612411499 0.14526714384555817
vt 0.64227068424224854 0.14180813729763031
vt 0.6404883861541748 0.13811063766479492
vt 0.63892596960067749 0.13417966663837433
vt 0.63761818408966064 0.13003893196582794
vt 0.63659214973449707 0.12573273479938507
vt 0.63586395978927612 0.12132985144853592
vt 0.63543659448623657 0.11691223829984665
vt 0.64065998792648315 0.11256834864616394
vt 0.64602112770080566 0.11256834864616394
vt 0.65138226747512817 0.11256834864616394
vt 0.65674334764480591 0.11256834864616394
vt 0.66210448741912842 0.11256834864616394
vt 0.66746562719345093 0.11256834864616394
vt 0.67282676696777344 0.11256834864616394
vt 0.67818790674209595 0.11256834864616394
vt 0.68354898691177368 0.11256834864616394
vt 0.78879106044769287 0.11256834864616394
vt 0.73517978191375732 0.11256834864616394
vt 0.78079009056091309 0.12038246542215347
vt 0.77301514148712158 0.12038246542215347
vt 0.76542961597442627 0.12038246542215347
vt 0.75786715745925903 0.12038246542215347
vt 0.7503046989440918 0.12038246542215347
vt 0.74274224042892456 0.12038246542215347
vt 0.78079009056091309 0.12811984121799469
vt 0.77301514148712158 0.12811984121799469
vt 0.76542961597442627 0.12811984121799469
vt 0.75786715745925903 0.12811984121799469
vt 0.7503046989440918 0.12811984121799469
vt 0.74274224042892456 0.12811984121799469
vt 0.78079009056091309 0.13585326075553894
vt 0.77301514148712158 0.13585326075553894
vt 0.76542961597442627 0.13585326075553894
vt 0.75786715745925903 0.13585326075553894
vt 0.7503046989440918 0.13585326075553894
vt 0.74274224042892456 0.13585326075553894
vt 0.77301514148712158 0.14364190399646759
vt 0.76542961597442627 0.14364190399646759
vt 0.75786715745925903 0.14364190399646759
vt 0.7503046989440918 0.14364190399646759
vt 0.77301514148712158 0.1514047384262085
vt 0.76542961597442627 0.1514047384262085
vt 0.75786715745925903 0.1514047384262085
vt 0.76542961597442627 0.15913817286491394
vt 0.75786715745925903 0.15913817286491394
vt 0.73825067281723022 0.11256834864616394
vt 0.74142497777938843 0.11256834864616394
vt 0.74469369649887085 0.11256834864616394
vt 0.74804538488388062 0.11256834864616394
vt 0.75146663188934326 0.11256834864616394
vt 0.75494199991226196 0.11256834864616394
vt 0.75845432281494141 0.11256834864616394
vt 0.7619854211807251 0.11256834864616394
vt 0.76551651954650879 0.11256834864616394
vt 0.76902890205383301 0.11256834864616394
vt 0.77250421047210693 0.11256834864616394
vt 0.77592545747756958 0.11256834864616394
vt 0.77927720546722412 0.11256834864616394
vt 0.78254586458206177 0.11256834864616394
vt 0.78572016954421997 0.11256834864616394
vt 0.78865331411361694 0.11691223829984665
vt 0.78822594881057739 0.12132985144853592
vt 0.78749781847000122 0.12573273479938507
vt 0.78647172451019287 0.13003893196582794
vt 0.78516393899917603 0.13417966663837433
vt 0.78360152244567871 0.13811063766479492
vt 0.78181922435760498 0.14180813729763031
vt 0.77985584735870361 0.14526714384555817
vt 0.77775156497955322 0.14849807322025299
vt 0.77554547786712646 0.15151217579841614
vt 0.77327460050582886 0.15433712303638458
vt 0.77097237110137939 0.15699136257171631
vt 0.76866859197616577 0.15949954092502594
vt 0.76638907194137573 0.16188041865825653
vt 0.76415538787841797 0.16415341198444366
vt 0.7619854211807251 0.16633392870426178
vt 0.75981545448303223 0.16415341198444366
vt 0.75758183002471924 0.16188041865825653
vt 0.75530225038528442 0.15949954092502594
vt 0.7529984712600708 0.15699136257171631
vt 0.75069630146026611 0.15433712303638458
vt 0.74842536449432373 0.15151217579841614
vt 0.74621927738189697 0.14849807322025299
vt 0.74411499500274658 0.14526714384555817
vt 0.74215161800384521 0.14180813729763031
vt 0.74036931991577148 0.13811063766479492
vt 0.73880690336227417 0.13417966663837433
vt 0.73749911785125732 0.13003893196582794
vt 0.73647302389144897 0.12573273479938507
vt 0.7357448935508728 0.12132985144853592
vt 0.73531752824783325 0.11691223829984665
vt 0.76542961597442627 0.0078141195699572563
vt 0.75786715745925903 0.0078141195699572563
vt 0.77301514148712158 0.015551487915217876
vt 0.76542961597442627 0.015551487915217876
vt 0.75786715745925903 0.015551487915217876
vt 0.77301514148712158 0.023284910246729851
vt 0.76542961597442627 0.023284910246729851
vt 0.75786715745925903 0.023284910246729851
vt 0.7503046989440918 0.023284910246729851
vt 0.78079009056091309 0.031073551625013351
vt 0.77301514148712158 0.031073551625013351
vt 0.76542961597442627 0.031073551625013351
vt 0.75786715745925903 0.031073551625013351
vt 0.7503046989440918 0.031073551625013351
vt 0.74274224042892456 0.031073551625013351
vt 0.78079009056091309 0.038836397230625153
vt 0.77301514148712158 0.038836397230625153
vt 0.76542961597442627 0.038836397230625153
vt 0.75786715745925903 0.038836397230625153
vt 0.7503046989440918 0.038836397230625153
vt 0.74274224042892456 0.038836397230625153
vt 0.78079009056091309 0.046569820493459702
vt 0.77301514148712158 0.046569820493459702
vt 0.76542961597442627 0.046569820493459702
vt 0.75786715745925903 0.046569820493459702
vt 0.7503046989440918 0.046569820493459702
vt 0.74274224042892456 0.046569820493459702
vt 0.78879106044769287 0.054303240031003952
vt 0.73517978191375732 0.054303240031003952
vt 0.73531752824783325 0.049959346652030945
vt 0.7357448935508728 0.045541737228631973
vt 0.73647302389144897 0.04113885760307312
vt 0.73749911785125732 0.036832664161920547
vt 0.73880690336227417 0.032691918313503265
vt 0.74036931991577148 0.02876095287501812
vt 0.74215161800384521 0.025063449516892433
vt 0.74411499500274658 0.021604439243674278
vt 0.74621927738189697 0.018373517319560051
vt 0.74842536449432373 0.015359413810074329
vt 0.75069630146026611 0.012534462846815586
vt 0.7529984712600708 0.0098802326247096062
vt 0.75530225038528442 0.0073720528744161129
vt 0.75758183002471924 0.0049911723472177982
vt 0.75981545448303223 0.0027181822806596756
vt 0.7619854211807251 0.00053765584016218781
vt 0.76415538787841797 0.0027181822806596756
vt 0.76638907194137573 0.0049911723472177982
vt 0.76866859197616577 0.0073720528744161129
vt 0.77097237110137939 0.0098802326247096062
vt 0.77327460050582886 0.012534462846815586
vt 0.77554547786712646 0.015359413810074329
vt 0.77775156497955322 0.018373517319560051
vt 0.77985584735870361 0.021604439243674278
vt 0.78181922435760498 0.025063449516892433
vt 0.78360152244567871 0.02876095287501812
vt 0.78516393899917603 0.032691918313503265
vt 0.78647172451019287 0.036832664161920547
vt 0.78749781847000122 0.04113885760307312
vt 0.78822594881057739 0.045541737228631973
vt 0.78865331411361694 0.049959346652030945
vt 0.78342992067337036 0.054303240031003952
vt 0.77806878089904785 0.054303240031003952
vt 0.77270770072937012 0.054303240031003952
vt 0.76734656095504761 0.054303240031003952
vt 0.7619854211807251 0.054303240031003952
vt 0.75662428140640259 0.054303240031003952
vt 0.75126320123672485 0.054303240031003952
vt 0.74590206146240234 0.054303240031003952
vt 0.74054092168807983 0.054303240031003952
vt 0.90664398670196533 0.10869051516056061
vt 0.90664398670196533 0.11625297367572784
vt 0.91438138484954834 0.10110500454902649
vt 0.91438138484954834 0.10869051516056061
vt 0.91438138484954834 0.11625297367572784
vt 0.9221147894859314 0.10110500454902649
vt 0.9221147894859314 0.10869051516056061
vt 0.9221147894859314 0.11625297367572784
vt 0.9221147894859314 0.12381543219089508
vt 0.92990344762802124 0.093330070376396179
vt 0.92990344762802124 0.10110500454902649
vt 0.92990344762802124 0.10869051516056061
vt 0.92990344762802124 0.11625297367572784
vt 0.92990344762802124 0.12381543219089508
vt 0.92990344762802124 0.13137789070606232
vt 0.93766629695892334 0.093330070376396179
vt 0.93766629695892334 0.10110500454902649
vt 0.93766629695892334 0.10869051516056061
vt 0.93766629695892334 0.11625297367572784
vt 0.93766629695892334 0.12381543219089508
vt 0.93766629695892334 0.13137789070606232
vt 0.9453997015953064 0.093330070376396179
vt 0.9453997015953064 0.10110500454902649
vt 0.9453997015953064 0.10869051516056061
vt 0.9453997015953064 0.11625297367572784
vt 0.9453997015953064 0.12381543219089508
vt 0.9453997015953064 0.13137789070606232
vt 0.95313310623168945 0.0853290855884552
vt 0.95313310623168945 0.13894034922122955
vt 0.94878923892974854 0.13880260288715363
vt 0.94437164068222046 0.13837523758411407
vt 0.9399687647819519 0.13764709234237671
vt 0.93566256761550903 0.13662104308605194
vt 0.93152183294296265 0.13531322777271271
vt 0.92759084701538086 0.13375081121921539
vt 0.92389333248138428 0.13196851313114166
vt 0.92043435573577881 0.1300051361322403
vt 0.91720342636108398 0.1279008537530899
vt 0.91418927907943726 0.12569478154182434
vt 0.91136437654495239 0.12342386692762375
vt 0.90871012210845947 0.12112164497375488
vt 0.90620195865631104 0.11881789565086365
vt 0.90382105112075806 0.11653833836317062
vt 0.90154808759689331 0.11430468410253525
vt 0.8993675708770752 0.11213471740484238
vt 0.90154808759689331 0.10996475070714951
vt 0.90382105112075806 0.10773109644651413
vt 0.90620195865631104 0.10545153915882111
vt 0.90871012210845947 0.10314779728651047
vt 0.91136437654495239 0.100845567882061
vt 0.91418927907943726 0.09857466071844101
vt 0.91720342636108398 0.096368588507175446
vt 0.92043435573577881 0.094264298677444458
vt 0.92389333248138428 0.092300929129123688
vt 0.92759084701538086 0.090518616139888763
vt 0.93152183294296265 0.088956214487552643
vt 0.93566256761550903 0.087648391723632812
vt 0.9399687647819519 0.086622335016727448
vt 0.94437164068222046 0.085894189774990082
vt 0.94878923892974854 0.085466831922531128
vt 0.95313310623168945 0.090690210461616516
vt 0.95313310623168945 0.096051335334777832
vt 0.95313310623168945 0.10141246765851974
vt 0.95313310623168945 0.10677359253168106
vt 0.95313310623168945 0.11213471740484238
vt 0.95313310623168945 0.11749584972858429
vt 0.95313310623168945 0.12285697460174561
vt 0.95313310623168945 0.12821809947490692
vt 0.95313310623168945 0.13357922434806824
vt 0.8988298773765564 0
vt 0.8988298773765564 0.053611267358064651
vt 0.90664398670196533 0.0080009875819087029
vt 0.90664398670196533 0.01577591709792614
vt 0.90664398670196533 0.023361427709460258
vt 0.90664398670196533 0.030923888087272644
vt 0.90664398670196533 0.03848634660243988
vt 0.90664398670196533 0.046048808842897415
vt 0.91438138484954834 0.0080009875819087029
vt 0.91438138484954834 0.01577591709792614
vt 0.91438138484954834 0.023361427709460258
vt 0.91438138484954834 0.030923888087272644
vt 0.91438138484954834 0.03848634660243988
vt 0.91438138484954834 0.046048808842897415
vt 0.9221147894859314 0.0080009875819087029
vt 0.9221147894859314 0.01577591709792614
vt 0.9221147894859314 0.023361427709460258
vt 0.9221147894859314 0.030923888087272644
vt 0.9221147894859314 0.03848634660243988
vt 0.9221147894859314 0.046048808842897415
vt 0.92990344762802124 0.01577591709792614
vt 0.92990344762802124 0.023361427709460258
vt 0.92990344762802124 0.030923888087272644
vt 0.92990344762802124 0.03848634660243988
vt 0.93766629695892334 0.01577591709792614
vt 0.93766629695892334 0.023361427709460258
vt 0.93766629695892334 0.030923888087272644
vt 0.9453997015953064 0.023361427709460258
vt 0.9453997015953064 0.030923888087272644
vt 0.90317380428314209 0.00013774668332189322
vt 0.90759140253067017 0.0005651063984259963
vt 0.91199427843093872 0.001293252338655293
vt 0.91630047559738159 0.0023193040397018194
vt 0.92044121026992798 0.0036271268036216497
vt 0.92437219619750977 0.0051895328797399998
vt 0.92806965112686157 0.006971841212362051
vt 0.93152868747711182 0.0089352112263441086
vt 0.93475961685180664 0.011039500124752522
vt 0.93777370452880859 0.013245576992630959
vt 0.94059866666793823 0.015516483224928379
vt 0.94325292110443115 0.017818709835410118
vt 0.94576108455657959 0.020122457295656204
vt 0.94814193248748779 0.022402010858058929
vt 0.95041495561599731 0.024635663256049156
vt 0.95259547233581543 0.026805633679032326
vt 0.95041495561599731 0.028975600376725197
vt 0.94814193248748779 0.031209254637360573
vt 0.94576108455657959 0.033488810062408447
vt 0.94325292110443115 0.035792559385299683
vt 0.94059866666793823 0.038094785064458847
vt 0.93777370452880859 0.040365688502788544
vt 0.93475961685180664 0.042571768164634705
vt 0.93152868747711182 0.044676054269075394
vt 0.92806965112686157 0.046639423817396164
vt 0.92437219619750977 0.04842173308134079
vt 0.92044121026992798 0.049984142184257507
vt 0.91630047559738159 0.051291961222887039
vt 0.91199427843093872 0.052318014204502106
vt 0.90759140253067017 0.053046159446239471
vt 0.90317380428314209 0.053473517298698425
vt 0.8988298773765564 0.050540395081043243
vt 0.8988298773765564 0.047366075217723846
vt 0.8988298773765564 0.044097386300563812
vt 0.8988298773765564 0.040745656937360764
vt 0.8988298773765564 0.03732440248131752
vt 0.8988298773765564 0.033849082887172699
vt 0.8988298773765564 0.030336758121848106
vt 0.8988298773765564 0.026805633679032326
vt 0.8988298773765564 0.023274511098861694
vt 0.8988298773765564 0.019762186333537102
vt 0.8988298773765564 0.016286864876747131
vt 0.8988298773765564 0.012865608558058739
vt 0.8988298773765564 0.0095138810575008392
vt 0.8988298773765564 0.0062451898120343685
vt 0.8988298773765564 0.0030708732083439827
vt 0.68891012668609619 0
vt 0.63529884815216064 0
vt 0.68090915679931641 0.0078141195699572563
vt 0.6731342077255249 0.0078141195699572563
vt 0.66554868221282959 0.0078141195699572563
vt 0.65798622369766235 0.0078141195699572563
vt 0.65042376518249512 0.0078141195699572563
vt 0.64286130666732788 0.0078141195699572563
vt 0.68090915679931641 0.015551487915217876
vt 0.6731342077255249 0.015551487915217876
vt 0.66554868221282959 0.015551487915217876
vt 0.65798622369766235 0.015551487915217876
vt 0.65042376518249512 0.015551487915217876
vt 0.64286130666732788 0.015551487915217876
vt 0.68090915679931641 0.023284910246729851
vt 0.6731342077255249 0.023284910246729851
vt 0.66554868221282959 0.023284910246729851
vt 0.65798622369766235 0.023284910246729851
vt 0.65042376518249512 0.023284910246729851
vt 0.64286130666732788 0.023284910246729851
vt 0.6731342077255249 0.031073551625013351
vt 0.66554868221282959 0.031073551625013351
vt 0.65798622369766235 0.031073551625013351
vt 0.65042376518249512 0.031073551625013351
vt 0.6731342077255249 0.038836397230625153
vt 0.66554868221282959 0.038836397230625153
vt 0.65798622369766235 0.038836397230625153
vt 0.66554868221282959 0.046569820493459702
vt 0.65798622369766235 0.046569820493459702
vt 0.68877238035202026 0.0043438933789730072
vt 0.68834501504898071 0.0087615028023719788
vt 0.68761688470840454 0.013164382427930832
vt 0.68659085035324097 0.017470575869083405
vt 0.68528300523757935 0.021611321717500687
vt 0.68372058868408203 0.025542289018630981
vt 0.6819382905960083 0.029239790514111519
vt 0.67997491359710693 0.032698802649974823
vt 0.67787063121795654 0.03592972457408905
vt 0.67566454410552979 0.038943827152252197
vt 0.67339366674423218 0.041768778115510941
vt 0.67109143733978271 0.044423006474971771
vt 0.66878765821456909 0.046931188553571701
vt 0.66650813817977905 0.049312066286802292
vt 0.66427445411682129 0.051585059612989426
vt 0.66210448741912842 0.053765583783388138
vt 0.65993452072143555 0.051585059612989426
vt 0.65770089626312256 0.049312066286802292
vt 0.65542131662368774 0.046931188553571701
vt 0.6531175971031189 0.044423006474971771
vt 0.65081536769866943 0.041768778115510941
vt 0.64854443073272705 0.038943827152252197
vt 0.64633834362030029 0.03592972457408905
vt 0.6442340612411499 0.032698802649974823
vt 0.64227068424224854 0.029239790514111519
vt 0.6404883861541748 0.025542289018630981
vt 0.63892596960067749 0.021611321717500687
vt 0.63761818408966064 0.017470575869083405
vt 0.63659214973449707 0.013164382427930832
vt 0.63586395978927612 0.0087615028023719788
vt 0.63543659448623657 0.0043438933789730072
vt 0.64065998792648315 0
vt 0.64602112770080566 0
vt 0.65138226747512817 0
vt 0.65674334764480591 0
vt 0.66210448741912842 0
vt 0.66746562719345093 0
vt 0.67282676696777344 0
vt 0.67818790674209595 0
vt 0.68354898691177368 0
vt 0.79142075777053833 0.40299704670906067
vt 0.78363215923309326 0.40299704670906067
vt 0.79915422201156616 0.41073417663574219
vt 0.79142075777053833 0.41073417663574219
vt 0.78363215923309326 0.41073417663574219
vt 0.79915422201156616 0.41846734285354614
vt 0.79142075777053833 0.41846734285354614
vt 0.78363215923309326 0.41846734285354614
vt 0.77586930990219116 0.41846734285354614
vt 0.80689156055450439 0.42625576257705688
vt 0.79915422201156616 0.42625576257705688
vt 0.79142075777053833 0.42625576257705688
vt 0.78363215923309326 0.42625576257705688
vt 0.77586930990219116 0.42625576257705688
vt 0.76813584566116333 0.42625576257705688
vt 0.80689156055450439 0.43401837348937988
vt 0.79915422201156616 0.43401837348937988
vt 0.79142075777053833 0.43401837348937988
vt 0.78363215923309326 0.43401837348937988
vt 0.77586930990219116 0.43401837348937988
vt 0.76813584566116333 0.43401837348937988
vt 0.80689156055450439 0.44175153970718384
vt 0.79915422201156616 0.44175153970718384
vt 0.79142075777053833 0.44175153970718384
vt 0.78363215923309326 0.44175153970718384
vt 0.77586930990219116 0.44175153970718384
vt 0.76813584566116333 0.44175153970718384
vt 0.81470566987991333 0.44948473572731018
vt 0.76094013452529907 0.44948473572731018
vt 0.76107823848724365 0.44514095783233643
vt 0.76150685548782349 0.44072350859642029
vt 0.7622370719909668 0.43632075190544128
vt 0.76326608657836914 0.43201470375061035
vt 0.76457768678665161 0.42787405848503113
vt 0.76614457368850708 0.42394322156906128
vt 0.76793199777603149 0.42024585604667664
vt 0.76990103721618652 0.41678693890571594
vt 0.772011399269104 0.41355612874031067
vt 0.77422380447387695 0.41054210066795349
vt 0.77650123834609985 0.40771722793579102
vt 0.77881008386611938 0.40506309270858765
vt 0.78112047910690308 0.40255498886108398
vt 0.78340661525726318 0.40017417073249817
vt 0.78564667701721191 0.3979012668132782
vt 0.7878229022026062 0.39572080969810486
vt 0.78999912738800049 0.3979012668132782
vt 0.79223918914794922 0.40017417073249817
vt 0.79452532529830933 0.40255498886108398
vt 0.79683566093444824 0.40506309270858765
vt 0.79914456605911255 0.40771722793579102
vt 0.80142199993133545 0.41054210066795349
vt 0.8036344051361084 0.41355612874031067
vt 0.80574476718902588 0.41678693890571594
vt 0.80771380662918091 0.42024585604667664
vt 0.80950123071670532 0.42394322156906128
vt 0.81106811761856079 0.42787405848503113
vt 0.81237971782684326 0.43201470375061035
vt 0.81340873241424561 0.43632075190544128
vt 0.81413894891738892 0.44072350859642029
vt 0.81456756591796875 0.44514095783233643
vt 0.80932915210723877 0.44948473572731018
vt 0.80395257472991943 0.44948473572731018
vt 0.7985759973526001 0.44948473572731018
vt 0.79319947957992554 0.44948473572731018
vt 0.7878229022026062 0.44948473572731018
vt 0.78244632482528687 0.44948473572731018
vt 0.7770698070526123 0.44948473572731018
vt 0.77169322967529297 0.44948473572731018
vt 0.76631665229797363 0.44948473572731018
vt 0.79142075777053833 0.48942482471466064
vt 0.78363215923309326 0.48942482471466064
vt 0.79915422201156616 0.49716195464134216
vt 0.79142075777053833 0.49716195464134216
vt 0.78363215923309326 0.49716195464134216
vt 0.79915422201156616 0.50489515066146851
vt 0.79142075777053833 0.50489515066146851
vt 0.78363215923309326 0.50489515066146851
vt 0.77586930990219116 0.50489515066146851
vt 0.80689156055450439 0.51268351078033447
vt 0.79915422201156616 0.51268351078033447
vt 0.79142075777053833 0.51268351078033447
vt 0.78363215923309326 0.51268351078033447
vt 0.77586930990219116 0.51268351078033447
vt 0.76813584566116333 0.51268351078033447
vt 0.80689156055450439 0.52044612169265747
vt 0.79915422201156616 0.52044612169265747
vt 0.79142075777053833 0.52044612169265747
vt 0.78363215923309326 0.52044612169265747
vt 0.77586930990219116 0.52044612169265747
vt 0.76813584566116333 0.52044612169265747
vt 0.80689156055450439 0.5281793475151062
vt 0.79915422201156616 0.5281793475151062
vt 0.79142075777053833 0.5281793475151062
vt 0.78363215923309326 0.5281793475151062
vt 0.77586930990219116 0.5281793475151062
vt 0.76813584566116333 0.5281793475151062
vt 0.81470566987991333 0.53591251373291016
vt 0.7878229022026062 0.48214858770370483
vt 0.78999912738800049 0.48432904481887817
vt 0.79223918914794922 0.48660197854042053
vt 0.79452532529830933 0.48898276686668396
vt 0.79683566093444824 0.49149087071418762
vt 0.79914456605911255 0.49414503574371338
vt 0.80142199993133545 0.49696987867355347
vt 0.8036344051361084 0.49998390674591064
vt 0.80574476718902588 0.50321471691131592
vt 0.80771380662918091 0.50667363405227661
vt 0.80950123071670532 0.51037102937698364
vt 0.81106811761856079 0.5143018364906311
vt 0.81237971782684326 0.51844245195388794
vt 0.81340873241424561 0.52274852991104126
vt 0.81413894891738892 0.52715128660202026
vt 0.81456756591796875 0.53156876564025879
vt 0.76094013452529907 0.53591251373291016
vt 0.76107823848724365 0.53156876564025879
vt 0.76150685548782349 0.52715128660202026
vt 0.7622370719909668 0.52274852991104126
vt 0.76326608657836914 0.51844245195388794
vt 0.76457768678665161 0.5143018364906311
vt 0.76614457368850708 0.51037102937698364
vt 0.76793199777603149 0.50667363405227661
vt 0.76990103721618652 0.50321471691131592
vt 0.772011399269104 0.49998390674591064
vt 0.77422380447387695 0.49696987867355347
vt 0.77650123834609985 0.49414503574371338
vt 0.77881008386611938 0.49149087071418762
vt 0.78112047910690308 0.48898276686668396
vt 0.78340661525726318 0.48660197854042053
vt 0.78564667701721191 0.48432904481887817
vt 0.80932915210723877 0.53591251373291016
vt 0.80395257472991943 0.53591251373291016
vt 0.7985759973526001 0.53591251373291016
vt 0.79319947957992554 0.53591251373291016
vt 0.7878229022026062 0.53591251373291016
vt 0.78244632482528687 0.53591251373291016
vt 0.7770698070526123 0.53591251373291016
vt 0.77169322967529297 0.53591251373291016
vt 0.76631665229797363 0.53591251373291016
vt 0.22583724558353424 0.44630977511405945
vt 0.17292925715446472 0.44630977511405945
vt 0.22583724558353424 0.47194954752922058
vt 0.21261024475097656 0.47194954752922058
vt 0.19938324391841888 0.47194954752922058
vt 0.17292925715446472 0.47194954752922058
vt 0.22583724558353424 0.49973046779632568
vt 0.21261024475097656 0.49973046779632568
vt 0.19938324391841888 0.49973046779632568
vt 0.17292925715446472 0.49973046779632568
vt 0.22583724558353424 0.5275113582611084
vt 0.21261024475097656 0.5275113582611084
vt 0.19938324391841888 0.5275113582611084
vt 0.17292925715446472 0.5275113582611084
vt 0.22583724558353424 0.55315113067626953
vt 0.17292925715446472 0.55315113067626953
vt 0.1861562579870224 0.47194954752922058
vt 0.17292925715446472 0.45912966132164001
vt 0.19938324391841888 0.45912966132164001
vt 0.1861562579870224 0.45912966132164001
vt 0.17292925715446472 0.54033124446868896
vt 0.1861562579870224 0.5275113582611084
vt 0.19938324391841888 0.54033124446868896
vt 0.1861562579870224 0.54033124446868896
vt 0.1861562579870224 0.44630977511405945
vt 0.19276975095272064 0.44630977511405945
vt 0.19938324391841888 0.44630977511405945
vt 0.20599675178527832 0.44630977511405945
vt 0.21261024475097656 0.44630977511405945
vt 0.22583724558353424 0.48583999276161194
vt 0.22583724558353424 0.51362091302871704
vt 0.21261024475097656 0.55315113067626953
vt 0.20599675178527832 0.55315113067626953
vt 0.19938324391841888 0.55315113067626953
vt 0.19276975095272064 0.55315113067626953
vt 0.1861562579870224 0.55315113067626953
vt 0.35197964310646057 0.25671166181564331
vt 0.35197964310646057 0.310130774974823
vt 0.3776194155216217 0.27006644010543823
vt 0.3776194155216217 0.28342121839523315
vt 0.3776194155216217 0.29677599668502808
vt 0.3776194155216217 0.310130774974823
vt 0.40540033578872681 0.25671166181564331
vt 0.40540033578872681 0.27006644010543823
vt 0.40540033578872681 0.28342121839523315
vt 0.40540033578872681 0.29677599668502808
vt 0.40540033578872681 0.310130774974823
vt 0.43318125605583191 0.27006644010543823
vt 0.43318125605583191 0.28342121839523315
vt 0.43318125605583191 0.29677599668502808
vt 0.43318125605583191 0.310130774974823
vt 0.45882099866867065 0.25671166181564331
vt 0.45882099866867065 0.310130774974823
vt 0.35197964310646057 0.29677599668502808
vt 0.35197964310646057 0.29009860754013062
vt 0.35197964310646057 0.28342121839523315
vt 0.35197964310646057 0.27674382925033569
vt 0.35197964310646057 0.27006644010543823
vt 0.45882099866867065 0.27006644010543823
vt 0.45882099866867065 0.27674382925033569
vt 0.45882099866867065 0.28342121839523315
vt 0.45882099866867065 0.29009860754013062
vt 0.45882099866867065 0.29677599668502808
vt 0.3776194155216217 0.25671166181564331
vt 0.39150986075401306 0.25671166181564331
vt 0.41929078102111816 0.25671166181564331
vt 0.43318125605583191 0.25671166181564331
vt 0.16608217358589172 0.44630977511405945
vt 0.13962817192077637 0.44630977511405945
vt 0.11317417770624161 0.44630977511405945
vt 0.15285517275333405 0.47194954752922058
vt 0.13962817192077637 0.47194954752922058
vt 0.11317417770624161 0.47194954752922058
vt 0.16608217358589172 0.49973046779632568
vt 0.15285517275333405 0.49973046779632568
vt 0.13962817192077637 0.49973046779632568
vt 0.11317417770624161 0.49973046779632568
vt 0.16608217358589172 0.5275113582611084
vt 0.15285517275333405 0.5275113582611084
vt 0.13962817192077637 0.5275113582611084
vt 0.11317417770624161 0.5275113582611084
vt 0.16608217358589172 0.55315113067626953
vt 0.15285517275333405 0.55315113067626953
vt 0.11317417770624161 0.55315113067626953
vt 0.12640117108821869 0.47194954752922058
vt 0.11317417770624161 0.45912966132164001
vt 0.13962817192077637 0.45912966132164001
vt 0.12640117108821869 0.45912966132164001
vt 0.11317417770624161 0.54033124446868896
vt 0.12640117108821869 0.5275113582611084
vt 0.13962817192077637 0.54033124446868896
vt 0.12640117108821869 0.54033124446868896
vt 0.12640117108821869 0.44630977511405945
vt 0.13301467895507812 0.44630977511405945
vt 0.1462416797876358 0.44630977511405945
vt 0.15285517275333405 0.44630977511405945
vt 0.16608217358589172 0.47194954752922058
vt 0.16608217358589172 0.48583999276161194
vt 0.16608217358589172 0.51362091302871704
vt 0.1462416797876358 0.55315113067626953
vt 0.13962817192077637 0.55315113067626953
vt 0.13301467895507812 0.55315113067626953
vt 0.12640117108821869 0.55315113067626953
vt 0.35197964310646057 0.17114110291004181
vt 0.35197964310646057 0.19785065948963165
vt 0.35197964310646057 0.2245602160692215
vt 0.3776194155216217 0.18449588119983673
vt 0.3776194155216217 0.19785065948963165
vt 0.3776194155216217 0.21120543777942657
vt 0.3776194155216217 0.2245602160692215
vt 0.40540033578872681 0.18449588119983673
vt 0.40540033578872681 0.19785065948963165
vt 0.40540033578872681 0.21120543777942657
vt 0.40540033578872681 0.2245602160692215
vt 0.43318125605583191 0.18449588119983673
vt 0.43318125605583191 0.19785065948963165
vt 0.43318125605583191 0.21120543777942657
vt 0.43318125605583191 0.2245602160692215
vt 0.45882099866867065 0.17114110291004181
vt 0.45882099866867065 0.2245602160692215
vt 0.45882099866867065 0.18449588119983673
vt 0.45882099866867065 0.19117327034473419
vt 0.45882099866867065 0.19785065948963165
vt 0.45882099866867065 0.20452804863452911
vt 0.45882099866867065 0.21120543777942657
vt 0.3776194155216217 0.17114110291004181
vt 0.39150986075401306 0.17114110291004181
vt 0.40540033578872681 0.17114110291004181
vt 0.41929078102111816 0.17114110291004181
vt 0.43318125605583191 0.17114110291004181
vt 0.35197964310646057 0.21120543777942657
vt 0.35197964310646057 0.20452804863452911
vt 0.35197964310646057 0.19117327034473419
vt 0.35197964310646057 0.18449588119983673
vt 0.10632710158824921 0.44630977511405945
vt 0.053419101983308792 0.44630977511405945
vt 0.10632710158824921 0.47194954752922058
vt 0.093100100755691528 0.47194954752922058
vt 0.07987309992313385 0.47194954752922058
vt 0.053419101983308792 0.47194954752922058
vt 0.093100100755691528 0.49973046779632568
vt 0.07987309992313385 0.49973046779632568
vt 0.053419101983308792 0.49973046779632568
vt 0.10632710158824921 0.5275113582611084
vt 0.093100100755691528 0.5275113582611084
vt 0.07987309992313385 0.5275113582611084
vt 0.053419101983308792 0.5275113582611084
vt 0.10632710158824921 0.55315113067626953
vt 0.053419101983308792 0.55315113067626953
vt 0.066646099090576172 0.47194954752922058
vt 0.053419101983308792 0.45912966132164001
vt 0.07987309992313385 0.45912966132164001
vt 0.066646099090576172 0.45912966132164001
vt 0.066646099090576172 0.55315113067626953
vt 0.053419101983308792 0.54033124446868896
vt 0.066646099090576172 0.5275113582611084
vt 0.07987309992313385 0.54033124446868896
vt 0.066646099090576172 0.54033124446868896
vt 0.066646099090576172 0.44630977511405945
vt 0.073259599506855011 0.44630977511405945
vt 0.07987309992313385 0.44630977511405945
vt 0.086486600339412689 0.44630977511405945
vt 0.093100100755691528 0.44630977511405945
vt 0.093100100755691528 0.55315113067626953
vt 0.086486600339412689 0.55315113067626953
vt 0.07987309992313385 0.55315113067626953
vt 0.073259599506855011 0.55315113067626953
vt 0.10632710158824921 0.48583999276161194
vt 0.10632710158824921 0.49973046779632568
vt 0.10632710158824921 0.51362091302871704
vt 0.35197964310646057 0
vt 0.35197964310646057 0.053419101983308792
vt 0.3776194155216217 0.013354775495827198
vt 0.3776194155216217 0.026709550991654396
vt 0.3776194155216217 0.040064327418804169
vt 0.3776194155216217 0.053419101983308792
vt 0.40540033578872681 0.013354775495827198
vt 0.40540033578872681 0.026709550991654396
vt 0.40540033578872681 0.040064327418804169
vt 0.40540033578872681 0.053419101983308792
vt 0.43318125605583191 0.013354775495827198
vt 0.43318125605583191 0.026709550991654396
vt 0.43318125605583191 0.040064327418804169
vt 0.43318125605583191 0.053419101983308792
vt 0.45882099866867065 0
vt 0.45882099866867065 0.013354775495827198
vt 0.45882099866867065 0.026709550991654396
vt 0.45882099866867065 0.053419101983308792
vt 0.35197964310646057 0.040064327418804169
vt 0.35197964310646057 0.033386938273906708
vt 0.35197964310646057 0.026709550991654396
vt 0.35197964310646057 0.020032163709402084
vt 0.35197964310646057 0.013354775495827198
vt 0.3776194155216217 0
vt 0.39150986075401306 0
vt 0.40540033578872681 0
vt 0.41929078102111816 0
vt 0.43318125605583191 0
vt 0.45882099866867065 0.020032163709402084
vt 0.45882099866867065 0.033386938273906708
vt 0.45882099866867065 0.040064327418804169
vt 0.28610342741012573 0.44630977511405945
vt 0.23268432915210724 0.44630977511405945
vt 0.27274864912033081 0.47194954752922058
vt 0.25939387083053589 0.47194954752922058
vt 0.24603910744190216 0.47194954752922058
vt 0.23268432915210724 0.47194954752922058
vt 0.28610342741012573 0.49973046779632568
vt 0.27274864912033081 0.49973046779632568
vt 0.25939387083053589 0.49973046779632568
vt 0.24603910744190216 0.49973046779632568
vt 0.23268432915210724 0.49973046779632568
vt 0.28610342741012573 0.5275113582611084
vt 0.27274864912033081 0.5275113582611084
vt 0.25939387083053589 0.5275113582611084
vt 0.24603910744190216 0.5275113582611084
vt 0.23268432915210724 0.5275113582611084
vt 0.28610342741012573 0.55315113067626953
vt 0.23268432915210724 0.55315113067626953
vt 0.24603910744190216 0.44630977511405945
vt 0.25271648168563843 0.44630977511405945
vt 0.25939387083053589 0.44630977511405945
vt 0.26607125997543335 0.44630977511405945
vt 0.27274864912033081 0.44630977511405945
vt 0.28610342741012573 0.47194954752922058
vt 0.28610342741012573 0.48583999276161194
vt 0.28610342741012573 0.51362091302871704
vt 0.27274864912033081 0.55315113067626953
vt 0.26607125997543335 0.55315113067626953
vt 0.25939387083053589 0.55315113067626953
vt 0.25271648168563843 0.55315113067626953
vt 0.24603910744190216 0.55315113067626953
vt 0.35197964310646057 0.085570551455020905
vt 0.35197964310646057 0.13898965716362
vt 0.3776194155216217 0.085570551455020905
vt 0.3776194155216217 0.098925329744815826
vt 0.3776194155216217 0.11228010803461075
vt 0.3776194155216217 0.12563487887382507
vt 0.3776194155216217 0.13898965716362
vt 0.40540033578872681 0.085570551455020905
vt 0.40540033578872681 0.098925329744815826
vt 0.40540033578872681 0.11228010803461075
vt 0.40540033578872681 0.12563487887382507
vt 0.40540033578872681 0.13898965716362
vt 0.43318125605583191 0.098925329744815826
vt 0.43318125605583191 0.11228010803461075
vt 0.43318125605583191 0.12563487887382507
vt 0.43318125605583191 0.13898965716362
vt 0.45882099866867065 0.085570551455020905
vt 0.45882099866867065 0.11228010803461075
vt 0.45882099866867065 0.13898965716362
vt 0.35197964310646057 0.12563487887382507
vt 0.35197964310646057 0.11895749717950821
vt 0.35197964310646057 0.11228010803461075
vt 0.35197964310646057 0.10560271888971329
vt 0.35197964310646057 0.098925329744815826
vt 0.45882099866867065 0.098925329744815826
vt 0.45882099866867065 0.10560271888971329
vt 0.45882099866867065 0.11895749717950821
vt 0.45882099866867065 0.12563487887382507
vt 0.39150986075401306 0.085570551455020905
vt 0.41929078102111816 0.085570551455020905
vt 0.43318125605583191 0.085570551455020905
vn 0 0 -1
vn 0 0 -1
vn 0 0 -1
vn 0 0 -1
vn 0 0 -1
vn 0 0 -1
vn 0 0 -1
vn 0.79076546430587769 0.61211925745010376 0
vn 0.79076546430587769 0.61211925745010376 0
vn 0.79076546430587769 0.61211925745010376 0
vn 0.79076546430587769 0.61211925745010376 0
vn 0 0 1
vn 0 0 1
vn 0 0 1
vn 0 0 1
vn 0 0 1
vn 0 0 1
vn 0 0 1
vn -0.79076546430587769 -0.61211925745010376 0
vn -0.79076546430587769 -0.61211925745010376 0
vn -0.79076546430587769 -0.61211925745010376 0
vn -0.79076546430587769 -0.61211925745010376 0
vn -0.79076546430587769 -0.61211925745010376 0
vn -0.79076546430587769 -0.61211925745010376 0
vn -0.61211925745010376 0.79076546430587769 0
vn -0.61211925745010376 0.79076546430587769 0
vn -0.61211925745010376 0.79076546430587769 0
vn -0.61211925745010376 0.79076546430587769 0
vn -0.61211925745010376 0.79076546430587769 0
vn -0.61211925745010376 0.79076546430587769 0
vn -0.61211925745010376 0.79076546430587769 0
vn -0.61211925745010376 0.79076546430587769 0
vn -0.61211925745010376 0.79076546430587769 0
vn -0.61211925745010376 0.79076546430587769 0
vn -0.61211925745010376 0.79076546430587769 0
vn -0.61211925745010376 0.79076546430587769 0
vn -0.61211925745010376 0.79076546430587769 0
vn -0.61211925745010376 0.79076546430587769 0
vn -0.61211925745010376 0.79076546430587769 0
vn -0.61211925745010376 0.79076546430587769 0
vn -0.61211925745010376 0.79076546430587769 0
vn -0.61211925745010376 0.79076546430587769 0
vn -0.61211925745010376 0.79076546430587769 0
vn -0.61211925745010376 0.79076546430587769 0
vn -0.61211925745010376 0.79076546430587769 0
vn -0.61211925745010376 0.79076546430587769 0
vn -0.61211925745010376 0.79076546430587769 0
vn -0.61211925745010376 0.79076546430587769 0
vn -0.61211925745010376 0.79076546430587769 0
vn -0.61211925745010376 0.79076546430587769 0
vn -0.61211925745010376 0.79076546430587769 0
vn -0.61211925745010376 0.79076546430587769 0
vn -0.61211925745010376 0.79076546430587769 0
vn -0.61211925745010376 0.79076546430587769 0
vn -0.61211925745010376 0.79076546430587769 0
vn -0.61211925745010376 0.79076546430587769 0
vn -0.61211925745010376 0.79076546430587769 0
vn -0.61211925745010376 0.79076546430587769 0
vn 0.61211925745010376 -0.79076546430587769 0
vn 0.61211925745010376 -0.79076546430587769 0
vn 0.61211925745010376 -0.79076546430587769 0
vn 0.61211925745010376 -0.79076546430587769 0
vn 0.61211925745010376 -0.79076546430587769 0
vn 0.61211925745010376 -0.79076546430587769 0
vn 0.61211925745010376 -0.79076546430587769 0
vn 0.61211925745010376 -0.79076546430587769 0
vn 0.61211925745010376 -0.79076546430587769 0
vn 0.61211925745010376 -0.79076546430587769 0
vn 0.61211925745010376 -0.79076546430587769 0
vn 0.61211925745010376 -0.79076546430587769 0
vn 0.61211925745010376 -0.79076546430587769 0
vn 0.61211925745010376 -0.79076546430587769 0
vn 0.61211925745010376 -0.79076546430587769 0
vn 0.61211925745010376 -0.79076546430587769 0
vn 0.61211925745010376 -0.79076546430587769 0
vn 0.61211925745010376 -0.79076546430587769 0
vn 0.61211925745010376 -0.79076546430587769 0
vn 0.61211925745010376 -0.79076546430587769 0
vn 0.61211925745010376 -0.79076546430587769 0
vn 0.61211925745010376 -0.79076546430587769 0
vn 0.61211925745010376 -0.79076546430587769 0
vn 0.61211925745010376 -0.79076546430587769 0
vn 0.61211925745010376 -0.79076546430587769 0
vn 0.61211925745010376 -0.79076546430587769 0
vn 0.61211925745010376 -0.79076546430587769 0
vn 0.61211925745010376 -0.79076546430587769 0
vn 0 0 1
vn 0 0 1
vn 0 0 1
vn 0 0 1
vn 0 0 1
vn 0 0 1
vn -0.79076546430587769 -0.61211925745010376 0
vn -0.79076546430587769 -0.61211925745010376 0
vn -0.79076546430587769 -0.61211925745010376 0
vn -0.79076546430587769 -0.61211925745010376 0
vn -0.79076546430587769 -0.61211925745010376 0
vn -0.79076546430587769 -0.61211925745010376 0
vn 0 0 -1
vn 0 0 -1
vn 0 0 -1
vn 0 0 -1
vn 0 0 -1
vn 0 0 -1
vn 0.79076546430587769 0.61211925745010376 0
vn 0.79076546430587769 0.61211925745010376 0
vn 0.79076546430587769 0.61211925745010376 0
vn 0.79076546430587769 0.61211925745010376 0
vn 0.79076546430587769 0.61211925745010376 0
vn 0 0 -1
vn -0.43283367156982422 0.55915564298629761 -0.70710676908493042
vn -0.61211925745010376 0.79076546430587769 0
vn 0 0 -1
vn -0.43283367156982422 0.55915564298629761 -0.70710676908493042
vn -0.61211925745010376 0.79076546430587769 0
vn 0 0 -1
vn -0.43283367156982422 0.55915564298629761 -0.70710676908493042
vn -0.61211925745010376 0.79076546430587769 0
vn -0.56914132833480835 0.7352445125579834 -0.36809471249580383
vn -0.61211925745010376 0.79076546430587769 0
vn -0.56914132833480835 0.7352445125579834 -0.36809471249580383
vn -0.43283367156982422 0.55915564298629761 -0.70710676908493042
vn -0.56914132833480835 0.7352445125579834 -0.36809471249580383
vn -0.56914132833480835 0.7352445125579834 -0.36809471249580383
vn -0.61211925745010376 0.79076546430587769 0
vn -0.43283367156982422 0.55915564298629761 -0.70710676908493042
vn -0.56914132833480835 0.7352445125579834 -0.36809471249580383
vn -0.60964316129684448 0.78756678104400635 -0.089854441583156586
vn -0.60190016031265259 0.77756392955780029 -0.18196305632591248
vn -0.58849078416824341 0.76024109125137329 -0.27515822649002075
vn -0.54373574256896973 0.70242434740066528 -0.45929458737373352
vn -0.51234108209609985 0.66186714172363281 -0.54720973968505859
vn -0.47522073984146118 0.61391329765319824 -0.63029813766479492
vn -0.38581761717796326 0.49841800332069397 -0.77635318040847778
vn -0.33495762944221497 0.43271458148956299 -0.83699548244476318
vn -0.28114306926727295 0.36319431662559509 -0.88828402757644653
vn -0.22531785070896149 0.29107660055160522 -0.92978829145431519
vn -0.16842964291572571 0.21758560836315155 -0.96139895915985107
vn -0.11138308793306351 0.14389009773731232 -0.98330539464950562
vn -0.055001631379127502 0.071053788065910339 -0.99595493078231812
vn -0.055001631379127502 0.071053788065910339 -0.99595493078231812
vn -0.11138308793306351 0.14389009773731232 -0.98330539464950562
vn -0.16842964291572571 0.21758560836315155 -0.96139895915985107
vn -0.22531785070896149 0.29107660055160522 -0.92978829145431519
vn -0.28114306926727295 0.36319431662559509 -0.88828402757644653
vn -0.33495762944221497 0.43271458148956299 -0.83699548244476318
vn -0.38581761717796326 0.49841800332069397 -0.77635318040847778
vn -0.47522073984146118 0.61391329765319824 -0.63029813766479492
vn -0.51234108209609985 0.66186714172363281 -0.54720973968505859
vn -0.54373574256896973 0.70242434740066528 -0.45929458737373352
vn -0.58849078416824341 0.76024109125137329 -0.27515822649002075
vn -0.60190016031265259 0.77756392955780029 -0.18196305632591248
vn -0.60964316129684448 0.78756678104400635 -0.089854441583156586
vn 0 0 -1
vn 0.55915564298629761 0.43283367156982422 -0.70710676908493042
vn 0.79076546430587769 0.61211925745010376 0
vn 0 0 -1
vn 0.29107660055160522 0.22531785070896149 -0.92978829145431519
vn 0.79076546430587769 0.61211925745010376 0
vn 0.071053788065910339 0.055001631379127502 -0.99595493078231812
vn 0.14389009773731232 0.11138308793306351 -0.98330539464950562
vn 0.21758560836315155 0.16842964291572571 -0.96139895915985107
vn 0.36319431662559509 0.28114306926727295 -0.88828402757644653
vn 0.43271458148956299 0.33495762944221497 -0.83699548244476318
vn 0.49841800332069397 0.38581761717796326 -0.77635318040847778
vn 0.55915564298629761 0.43283367156982422 -0.70710676908493042
vn 0.61391329765319824 0.47522073984146118 -0.63029813766479492
vn 0.66186714172363281 0.51234108209609985 -0.54720973968505859
vn 0.70242434740066528 0.54373574256896973 -0.45929458737373352
vn 0.7352445125579834 0.56914132833480835 -0.36809471249580383
vn 0.76024109125137329 0.58849078416824341 -0.27515822649002075
vn 0.77756392955780029 0.60190016031265259 -0.18196305632591248
vn 0.78756678104400635 0.60964316129684448 -0.089854441583156586
vn 0.78102982044219971 0.6045830249786377 -0.15643446147441864
vn 0.75206267833709717 0.58215999603271484 -0.30901700258255005
vn 0.70457720756530762 0.54540222883224487 -0.45399048924446106
vn 0.63974273204803467 0.49521487951278687 -0.58778524398803711
vn 0.46480026841163635 0.35979467630386353 -0.80901700258255005
vn 0.35899999737739563 0.27789631485939026 -0.89100652933120728
vn 0.24435997009277344 0.18915525078773499 -0.95105654001235962
vn 0.12370297312736511 0.095756545662879944 -0.98768836259841919
vn 0 0 -1
vn 0.43283367156982422 -0.55915564298629761 -0.70710676908493042
vn 0.61211925745010376 -0.79076546430587769 0
vn 0 0 -1
vn 0.61211925745010376 -0.79076546430587769 0
vn 0 0 -1
vn 0.43283367156982422 -0.55915564298629761 -0.70710676908493042
vn 0.56914132833480835 -0.7352445125579834 -0.36809471249580383
vn 0.61211925745010376 -0.79076546430587769 0
vn 0.055001631379127502 -0.071053788065910339 -0.99595493078231812
vn 0.11138308793306351 -0.14389009773731232 -0.98330539464950562
vn 0.16842964291572571 -0.21758560836315155 -0.96139895915985107
vn 0.22531785070896149 -0.29107660055160522 -0.92978829145431519
vn 0.28114306926727295 -0.36319431662559509 -0.88828402757644653
vn 0.33495762944221497 -0.43271458148956299 -0.83699548244476318
vn 0.38581761717796326 -0.49841800332069397 -0.77635318040847778
vn 0.47522073984146118 -0.61391329765319824 -0.63029813766479492
vn 0.51234108209609985 -0.66186714172363281 -0.54720973968505859
vn 0.54373574256896973 -0.70242434740066528 -0.45929458737373352
vn 0.58849078416824341 -0.76024109125137329 -0.27515822649002075
vn 0.60190016031265259 -0.77756392955780029 -0.18196305632591248
vn 0.60964316129684448 -0.78756678104400635 -0.089854441583156586
vn 0.6045830249786377 -0.78102982044219971 -0.15643446147441864
vn 0.58215999603271484 -0.75206267833709717 -0.30901700258255005
vn 0.54540222883224487 -0.70457720756530762 -0.45399048924446106
vn 0.49521487951278687 -0.63974273204803467 -0.58778524398803711
vn 0.35979467630386353 -0.46480026841163635 -0.80901700258255005
vn 0.27789631485939026 -0.35899999737739563 -0.89100652933120728
vn 0.18915525078773499 -0.24435997009277344 -0.95105654001235962
vn 0.095756545662879944 -0.12370297312736511 -0.98768836259841919
vn 0.43283367156982422 -0.55915564298629761 -0.70710676908493042
vn 0.56914132833480835 -0.7352445125579834 -0.36809471249580383
vn 0 0 -1
vn -0.79076546430587769 -0.61211925745010376 0
vn 0 0 -1
vn -0.79076546430587769 -0.61211925745010376 0
vn 0 0 -1
vn -0.29107660055160522 -0.22531785070896149 -0.92978829145431519
vn -0.55915564298629761 -0.43283367156982422 -0.70710676908493042
vn -0.79076546430587769 -0.61211925745010376 0
vn -0.071053788065910339 -0.055001631379127502 -0.99595493078231812
vn -0.14389009773731232 -0.11138308793306351 -0.98330539464950562
vn -0.21758560836315155 -0.16842964291572571 -0.96139895915985107
vn -0.36319431662559509 -0.28114306926727295 -0.88828402757644653
vn -0.43271458148956299 -0.33495762944221497 -0.83699548244476318
vn -0.49841800332069397 -0.38581761717796326 -0.77635318040847778
vn -0.61391329765319824 -0.47522073984146118 -0.63029813766479492
vn -0.66186714172363281 -0.51234108209609985 -0.54720973968505859
vn -0.70242434740066528 -0.54373574256896973 -0.45929458737373352
vn -0.7352445125579834 -0.56914132833480835 -0.36809471249580383
vn -0.76024109125137329 -0.58849078416824341 -0.27515822649002075
vn -0.77756392955780029 -0.60190016031265259 -0.18196305632591248
vn -0.78756678104400635 -0.60964316129684448 -0.089854441583156586
vn -0.78102982044219971 -0.6045830249786377 -0.15643446147441864
vn -0.75206267833709717 -0.58215999603271484 -0.30901700258255005
vn -0.70457720756530762 -0.54540222883224487 -0.45399048924446106
vn -0.63974273204803467 -0.49521487951278687 -0.58778524398803711
vn -0.55915564298629761 -0.43283367156982422 -0.70710676908493042
vn -0.46480026841163635 -0.35979467630386353 -0.80901700258255005
vn -0.35899999737739563 -0.27789631485939026 -0.89100652933120728
vn -0.24435997009277344 -0.18915525078773499 -0.95105654001235962
vn -0.12370297312736511 -0.095756545662879944 -0.98768836259841919
vn -0.55915564298629761 -0.43283367156982422 -0.70710676908493042
vn -0.7352445125579834 -0.56914132833480835 -0.36809471249580383
vn 0.79076546430587769 0.61211925745010376 0
vn 0.12632195651531219 0.99198931455612183 0
vn -0.61211925745010376 0.79076546430587769 0
vn 0.79076546430587769 0.61211925745010376 0
vn -0.61211925745010376 0.79076546430587769 0
vn -0.53858935832977295 0.84256839752197266 0
vn -0.45801004767417908 0.8889470100402832 0
vn -0.37090519070625305 0.92867076396942139 0
vn -0.27806472778320312 0.96056234836578369 0
vn -0.18054142594337463 0.98356735706329346 0
vn -0.079626485705375671 0.99682474136352539 0
vn 0.023197267204523087 0.99973088502883911 0
vn 0.22809568047523499 0.97363871335983276 0
vn 0.32690954208374023 0.94505566358566284 0
vn 0.42128124833106995 0.90693002939224243 0
vn 0.50992661714553833 0.86021792888641357 0
vn 0.59181147813796997 0.80607640743255615 0
vn 0.66618084907531738 0.74579024314880371 0
vn 0.73256510496139526 0.68069696426391602 0
vn 0.73256510496139526 0.68069696426391602 0
vn 0.66618084907531738 0.74579024314880371 0
vn 0.59181147813796997 0.80607640743255615 0
vn 0.50992661714553833 0.86021792888641357 0
vn 0.42128124833106995 0.90693002939224243 0
vn 0.32690954208374023 0.94505566358566284 0
vn 0.22809568047523499 0.97363871335983276 0
vn 0.12632195651531219 0.99198931455612183 0
vn 0.023197267204523087 0.99973088502883911 0
vn -0.079626485705375671 0.99682474136352539 0
vn -0.18054142594337463 0.98356735706329346 0
vn -0.27806472778320312 0.96056234836578369 0
vn -0.37090519070625305 0.92867076396942139 0
vn -0.45801004767417908 0.8889470100402832 0
vn -0.53858935832977295 0.84256839752197266 0
vn 0.79076546430587769 0.61211925745010376 0
vn 0 0 1
vn 0.79076546430587769 0.61211925745010376 0
vn 0.55915564298629761 0.43283367156982422 0.70710676908493042
vn 0 0 1
vn 0.78756678104400635 0.60964316129684448 0.089854441583156586
vn 0.77756392955780029 0.60190016031265259 0.18196305632591248
vn 0.76024109125137329 0.58849078416824341 0.27515822649002075
vn 0.7352445125579834 0.56914132833480835 0.36809471249580383
vn 0.70242434740066528 0.54373574256896973 0.45929458737373352
vn 0.66186714172363281 0.51234108209609985 0.54720973968505859
vn 0.61391329765319824 0.47522073984146118 0.63029813766479492
vn 0.49841800332069397 0.38581761717796326 0.77635318040847778
vn 0.43271458148956299 0.33495762944221497 0.83699548244476318
vn 0.36319431662559509 0.28114306926727295 0.88828402757644653
vn 0.29107660055160522 0.22531785070896149 0.92978829145431519
vn 0.21758560836315155 0.16842964291572571 0.96139895915985107
vn 0.14389009773731232 0.11138308793306351 0.98330539464950562
vn 0.071053788065910339 0.055001631379127502 0.99595493078231812
vn 0.071053788065910339 0.055001631379127502 0.99595493078231812
vn 0.14389009773731232 0.11138308793306351 0.98330539464950562
vn 0.21758560836315155 0.16842964291572571 0.96139895915985107
vn 0.29107660055160522 0.22531785070896149 0.92978829145431519
vn 0.36319431662559509 0.28114306926727295 0.88828402757644653
vn 0.43271458148956299 0.33495762944221497 0.83699548244476318
vn 0.49841800332069397 0.38581761717796326 0.77635318040847778
vn 0.55915564298629761 0.43283367156982422 0.70710676908493042
vn 0.61391329765319824 0.47522073984146118 0.63029813766479492
vn 0.66186714172363281 0.51234108209609985 0.54720973968505859
vn 0.70242434740066528 0.54373574256896973 0.45929458737373352
vn 0.7352445125579834 0.56914132833480835 0.36809471249580383
vn 0.76024109125137329 0.58849078416824341 0.27515822649002075
vn 0.77756392955780029 0.60190016031265259 0.18196305632591248
vn 0.78756678104400635 0.60964316129684448 0.089854441583156586
vn 0.79076546430587769 0.61211925745010376 0
vn 0.61211925745010376 -0.79076546430587769 0
vn 0.79076546430587769 0.61211925745010376 0
vn 0.99198931455612183 -0.12632195651531219 0
vn 0.86021792888641357 -0.50992661714553833 0
vn 0.61211925745010376 -0.79076546430587769 0
vn 0.68069696426391602 -0.73256510496139526 0
vn 0.74579024314880371 -0.66618084907531738 0
vn 0.80607640743255615 -0.59181147813796997 0
vn 0.86021792888641357 -0.50992661714553833 0
vn 0.90693002939224243 -0.42128124833106995 0
vn 0.94505566358566284 -0.32690954208374023 0
vn 0.97363871335983276 -0.22809568047523499 0
vn 0.99198931455612183 -0.12632195651531219 0
vn 0.99973088502883911 -0.023197267204523087 0
vn 0.99682474136352539 0.079626485705375671 0
vn 0.98356735706329346 0.18054142594337463 0
vn 0.96056234836578369 0.27806472778320312 0
vn 0.92867076396942139 0.37090519070625305 0
vn 0.8889470100402832 0.45801004767417908 0
vn 0.84256839752197266 0.53858935832977295 0
vn 0.84256839752197266 0.53858935832977295 0
vn 0.8889470100402832 0.45801004767417908 0
vn 0.92867076396942139 0.37090519070625305 0
vn 0.96056234836578369 0.27806472778320312 0
vn 0.98356735706329346 0.18054142594337463 0
vn 0.99682474136352539 0.079626485705375671 0
vn 0.99973088502883911 -0.023197267204523087 0
vn 0.97363871335983276 -0.22809568047523499 0
vn 0.94505566358566284 -0.32690954208374023 0
vn 0.90693002939224243 -0.42128124833106995 0
vn 0.80607640743255615 -0.59181147813796997 0
vn 0.74579024314880371 -0.66618084907531738 0
vn 0.68069696426391602 -0.73256510496139526 0
vn 0 0 1
vn -0.56914132833480835 0.7352445125579834 0.36809471249580383
vn -0.61211925745010376 0.79076546430587769 0
vn 0 0 1
vn -0.61211925745010376 0.79076546430587769 0
vn 0 0 1
vn -0.61211925745010376 0.79076546430587769 0
vn -0.60964316129684448 0.78756678104400635 0.089854441583156586
vn -0.60190016031265259 0.77756392955780029 0.18196305632591248
vn -0.58849078416824341 0.76024109125137329 0.27515822649002075
vn -0.54373574256896973 0.70242434740066528 0.45929458737373352
vn -0.51234108209609985 0.66186714172363281 0.54720973968505859
vn -0.47522073984146118 0.61391329765319824 0.63029813766479492
vn -0.43283367156982422 0.55915564298629761 0.70710676908493042
vn -0.38581761717796326 0.49841800332069397 0.77635318040847778
vn -0.33495762944221497 0.43271458148956299 0.83699548244476318
vn -0.28114306926727295 0.36319431662559509 0.88828402757644653
vn -0.22531785070896149 0.29107660055160522 0.92978829145431519
vn -0.16842964291572571 0.21758560836315155 0.96139895915985107
vn -0.11138308793306351 0.14389009773731232 0.98330539464950562
vn -0.055001631379127502 0.071053788065910339 0.99595493078231812
vn -0.055001631379127502 0.071053788065910339 0.99595493078231812
vn -0.11138308793306351 0.14389009773731232 0.98330539464950562
vn -0.16842964291572571 0.21758560836315155 0.96139895915985107
vn -0.22531785070896149 0.29107660055160522 0.92978829145431519
vn -0.28114306926727295 0.36319431662559509 0.88828402757644653
vn -0.33495762944221497 0.43271458148956299 0.83699548244476318
vn -0.38581761717796326 0.49841800332069397 0.77635318040847778
vn -0.43283367156982422 0.55915564298629761 0.70710676908493042
vn -0.47522073984146118 0.61391329765319824 0.63029813766479492
vn -0.51234108209609985 0.66186714172363281 0.54720973968505859
vn -0.54373574256896973 0.70242434740066528 0.45929458737373352
vn -0.56914132833480835 0.7352445125579834 0.36809471249580383
vn -0.58849078416824341 0.76024109125137329 0.27515822649002075
vn -0.60190016031265259 0.77756392955780029 0.18196305632591248
vn -0.60964316129684448 0.78756678104400635 0.089854441583156586
vn -0.43283367156982422 0.55915564298629761 0.70710676908493042
vn -0.56914132833480835 0.7352445125579834 0.36809471249580383
vn 0 0 1
vn -0.79076546430587769 -0.61211925745010376 0
vn 0 0 1
vn -0.79076546430587769 -0.61211925745010376 0
vn 0 0 1
vn -0.79076546430587769 -0.61211925745010376 0
vn -0.071053788065910339 -0.055001631379127502 0.99595493078231812
vn -0.14389009773731232 -0.11138308793306351 0.98330539464950562
vn -0.21758560836315155 -0.16842964291572571 0.96139895915985107
vn -0.29107660055160522 -0.22531785070896149 0.92978829145431519
vn -0.36319431662559509 -0.28114306926727295 0.88828402757644653
vn -0.43271458148956299 -0.33495762944221497 0.83699548244476318
vn -0.49841800332069397 -0.38581761717796326 0.77635318040847778
vn -0.55915564298629761 -0.43283367156982422 0.70710676908493042
vn -0.61391329765319824 -0.47522073984146118 0.63029813766479492
vn -0.66186714172363281 -0.51234108209609985 0.54720973968505859
vn -0.70242434740066528 -0.54373574256896973 0.45929458737373352
vn -0.7352445125579834 -0.56914132833480835 0.36809471249580383
vn -0.76024109125137329 -0.58849078416824341 0.27515822649002075
vn -0.77756392955780029 -0.60190016031265259 0.18196305632591248
vn -0.78756678104400635 -0.60964316129684448 0.089854441583156586
vn -0.78756678104400635 -0.60964316129684448 0.089854441583156586
vn -0.77756392955780029 -0.60190016031265259 0.18196305632591248
vn -0.76024109125137329 -0.58849078416824341 0.27515822649002075
vn -0.7352445125579834 -0.56914132833480835 0.36809471249580383
vn -0.70242434740066528 -0.54373574256896973 0.45929458737373352
vn -0.66186714172363281 -0.51234108209609985 0.54720973968505859
vn -0.61391329765319824 -0.47522073984146118 0.63029813766479492
vn -0.55915564298629761 -0.43283367156982422 0.70710676908493042
vn -0.49841800332069397 -0.38581761717796326 0.77635318040847778
vn -0.43271458148956299 -0.33495762944221497 0.83699548244476318
vn -0.36319431662559509 -0.28114306926727295 0.88828402757644653
vn -0.29107660055160522 -0.22531785070896149 0.92978829145431519
vn -0.21758560836315155 -0.16842964291572571 0.96139895915985107
vn -0.14389009773731232 -0.11138308793306351 0.98330539464950562
vn -0.071053788065910339 -0.055001631379127502 0.99595493078231812
vn 0 0 1
vn 0.43283367156982422 -0.55915564298629761 0.70710676908493042
vn 0.61211925745010376 -0.79076546430587769 0
vn 0 0 1
vn 0.61211925745010376 -0.79076546430587769 0
vn 0 0 1
vn 0.61211925745010376 -0.79076546430587769 0
vn 0.6045830249786377 -0.78102982044219971 0.15643446147441864
vn 0.58215999603271484 -0.75206267833709717 0.30901700258255005
vn 0.54540222883224487 -0.70457720756530762 0.45399048924446106
vn 0.49521487951278687 -0.63974273204803467 0.58778524398803711
vn 0.35979467630386353 -0.46480026841163635 0.80901700258255005
vn 0.27789631485939026 -0.35899999737739563 0.89100652933120728
vn 0.18915525078773499 -0.24435997009277344 0.95105654001235962
vn 0.095756545662879944 -0.12370297312736511 0.98768836259841919
vn 0.095756545662879944 -0.12370297312736511 0.98768836259841919
vn 0.18915525078773499 -0.24435997009277344 0.95105654001235962
vn 0.27789631485939026 -0.35899999737739563 0.89100652933120728
vn 0.35979467630386353 -0.46480026841163635 0.80901700258255005
vn 0.43283367156982422 -0.55915564298629761 0.70710676908493042
vn 0.49521487951278687 -0.63974273204803467 0.58778524398803711
vn 0.54540222883224487 -0.70457720756530762 0.45399048924446106
vn 0.58215999603271484 -0.75206267833709717 0.30901700258255005
vn 0.6045830249786377 -0.78102982044219971 0.15643446147441864
vn 0.43283367156982422 -0.55915564298629761 0.70710676908493042
vn 0.56914132833480835 -0.7352445125579834 0.36809471249580383
vn -0.79076546430587769 -0.61211925745010376 0
vn -0.61211925745010376 0.79076546430587769 0
vn -0.79076546430587769 -0.61211925745010376 0
vn -0.61211925745010376 0.79076546430587769 0
vn -0.84256839752197266 -0.53858935832977295 0
vn -0.8889470100402832 -0.45801004767417908 0
vn -0.92867076396942139 -0.37090519070625305 0
vn -0.96056234836578369 -0.27806472778320312 0
vn -0.98356735706329346 -0.18054142594337463 0
vn -0.99682474136352539 -0.079626485705375671 0
vn -0.99973088502883911 0.023197267204523087 0
vn -0.99198931455612183 0.12632195651531219 0
vn -0.97363871335983276 0.22809568047523499 0
vn -0.94505566358566284 0.32690954208374023 0
vn -0.90693002939224243 0.42128124833106995 0
vn -0.86021792888641357 0.50992661714553833 0
vn -0.80607640743255615 0.59181147813796997 0
vn -0.74579024314880371 0.66618084907531738 0
vn -0.68069696426391602 0.73256510496139526 0
vn -0.7282860279083252 0.68527328968048096 0
vn -0.82651996612548828 0.56290739774703979 0
vn -0.90440225601196289 0.42668086290359497 0
vn -0.96001517772674561 0.27994802594184875 0
vn -0.99198931455612183 0.12632195651531219 0
vn -0.99953734874725342 -0.030414590612053871 0
vn -0.98247349262237549 -0.18640223145484924 0
vn -0.94121789932250977 -0.33780002593994141 0
vn -0.87678641080856323 -0.48088005185127258 0
vn -0.79076546430587769 -0.61211925745010376 0
vn 0.61211925745010376 -0.79076546430587769 0
vn -0.79076546430587769 -0.61211925745010376 0
vn 0.27806472778320312 -0.96056234836578369 0
vn 0.61211925745010376 -0.79076546430587769 0
vn -0.73256510496139526 -0.68069696426391602 0
vn -0.66618084907531738 -0.74579024314880371 0
vn -0.59181147813796997 -0.80607640743255615 0
vn -0.50992661714553833 -0.86021792888641357 0
vn -0.42128124833106995 -0.90693002939224243 0
vn -0.32690954208374023 -0.94505566358566284 0
vn -0.22809568047523499 -0.97363871335983276 0
vn -0.12632195651531219 -0.99198931455612183 0
vn -0.023197267204523087 -0.99973088502883911 0
vn 0.079626485705375671 -0.99682474136352539 0
vn 0.18054142594337463 -0.98356735706329346 0
vn 0.37090519070625305 -0.92867076396942139 0
vn 0.45801004767417908 -0.8889470100402832 0
vn 0.53858935832977295 -0.84256839752197266 0
vn 0.53858935832977295 -0.84256839752197266 0
vn 0.45801004767417908 -0.8889470100402832 0
vn 0.37090519070625305 -0.92867076396942139 0
vn 0.27806472778320312 -0.96056234836578369 0
vn 0.18054142594337463 -0.98356735706329346 0
vn 0.079626485705375671 -0.99682474136352539 0
vn -0.023197267204523087 -0.99973088502883911 0
vn -0.12632195651531219 -0.99198931455612183 0
vn -0.22809568047523499 -0.97363871335983276 0
vn -0.32690954208374023 -0.94505566358566284 0
vn -0.42128124833106995 -0.90693002939224243 0
vn -0.50992661714553833 -0.86021792888641357 0
vn -0.59181147813796997 -0.80607640743255615 0
vn -0.66618084907531738 -0.74579024314880371 0
vn -0.73256510496139526 -0.68069696426391602 0
vn -0.61211925745010376 0.79076546430587769 0
vn -0.22531785070896149 0.29107660055160522 0.92978829145431519
vn 0 0 1
vn -0.61211925745010376 0.79076546430587769 0
vn 0 0 1
vn -0.61211925745010376 0.79076546430587769 0
vn -0.22531785070896149 0.29107660055160522 0.92978829145431519
vn 0 0 1
vn -0.33495762944221497 0.43271458148956299 0.83699548244476318
vn -0.43283367156982422 0.55915564298629761 0.70710676908493042
vn -0.51234108209609985 0.66186714172363281 0.54720973968505859
vn -0.56914132833480835 0.7352445125579834 0.36809471249580383
vn -0.56914132833480835 0.7352445125579834 0.36809471249580383
vn -0.51234108209609985 0.66186714172363281 0.54720973968505859
vn -0.43283367156982422 0.55915564298629761 0.70710676908493042
vn -0.33495762944221497 0.43271458148956299 0.83699548244476318
vn -0.22531785070896149 0.29107660055160522 0.92978829145431519
vn -0.61211925745010376 0.79076546430587769 0
vn -0.99198931455612183 0.12632195651531219 0
vn -0.79076546430587769 -0.61211925745010376 0
vn -0.61211925745010376 0.79076546430587769 0
vn -0.99198931455612183 0.12632195651531219 0
vn -0.79076546430587769 -0.61211925745010376 0
vn -0.96056234836578369 -0.27806472778320312 0
vn -0.99682474136352539 -0.079626485705375671 0
vn -0.94505566358566284 0.32690954208374023 0
vn -0.86021792888641357 0.50992661714553833 0
vn -0.86021792888641357 0.50992661714553833 0
vn -0.94505566358566284 0.32690954208374023 0
vn -0.99682474136352539 -0.079626485705375671 0
vn -0.96056234836578369 -0.27806472778320312 0
vn -0.61211925745010376 0.79076546430587769 0
vn 0 0 -1
vn -0.61211925745010376 0.79076546430587769 0
vn 0 0 -1
vn -0.61211925745010376 0.79076546430587769 0
vn 0 0 -1
vn -0.56914132833480835 0.7352445125579834 -0.36809471249580383
vn -0.51234108209609985 0.66186714172363281 -0.54720973968505859
vn -0.43283367156982422 0.55915564298629761 -0.70710676908493042
vn -0.33495762944221497 0.43271458148956299 -0.83699548244476318
vn -0.22531785070896149 0.29107660055160522 -0.92978829145431519
vn -0.22531785070896149 0.29107660055160522 -0.92978829145431519
vn -0.33495762944221497 0.43271458148956299 -0.83699548244476318
vn -0.43283367156982422 0.55915564298629761 -0.70710676908493042
vn -0.51234108209609985 0.66186714172363281 -0.54720973968505859
vn -0.56914132833480835 0.7352445125579834 -0.36809471249580383
vn -0.43283367156982422 0.55915564298629761 -0.70710676908493042
vn -0.61211925745010376 0.79076546430587769 0
vn 0.79076546430587769 0.61211925745010376 0
vn -0.61211925745010376 0.79076546430587769 0
vn 0.79076546430587769 0.61211925745010376 0
vn 0.50992661714553833 0.86021792888641357 0
vn 0.32690954208374023 0.94505566358566284 0
vn 0.12632195651531219 0.99198931455612183 0
vn -0.079626485705375671 0.99682474136352539 0
vn -0.27806472778320312 0.96056234836578369 0
vn -0.27806472778320312 0.96056234836578369 0
vn -0.079626485705375671 0.99682474136352539 0
vn 0.12632195651531219 0.99198931455612183 0
vn 0.32690954208374023 0.94505566358566284 0
vn 0.50992661714553833 0.86021792888641357 0
vn 0.61211925745010376 -0.79076546430587769 0
vn 0 0 1
vn 0.61211925745010376 -0.79076546430587769 0
vn 0 0 1
vn 0.22531785070896149 -0.29107660055160522 0.92978829145431519
vn 0.33495762944221497 -0.43271458148956299 0.83699548244476318
vn 0.43283367156982422 -0.55915564298629761 0.70710676908493042
vn 0.51234108209609985 -0.66186714172363281 0.54720973968505859
vn 0.56914132833480835 -0.7352445125579834 0.36809471249580383
vn 0.56914132833480835 -0.7352445125579834 0.36809471249580383
vn 0.51234108209609985 -0.66186714172363281 0.54720973968505859
vn 0.43283367156982422 -0.55915564298629761 0.70710676908493042
vn 0.33495762944221497 -0.43271458148956299 0.83699548244476318
vn 0.22531785070896149 -0.29107660055160522 0.92978829145431519
vn 0.61211925745010376 -0.79076546430587769 0
vn -0.79076546430587769 -0.61211925745010376 0
vn 0.61211925745010376 -0.79076546430587769 0
vn -0.79076546430587769 -0.61211925745010376 0
vn 0.27806472778320312 -0.96056234836578369 0
vn 0.079626485705375671 -0.99682474136352539 0
vn -0.12632195651531219 -0.99198931455612183 0
vn -0.32690954208374023 -0.94505566358566284 0
vn -0.50992661714553833 -0.86021792888641357 0
vn -0.50992661714553833 -0.86021792888641357 0
vn -0.32690954208374023 -0.94505566358566284 0
vn -0.12632195651531219 -0.99198931455612183 0
vn 0.079626485705375671 -0.99682474136352539 0
vn 0.27806472778320312 -0.96056234836578369 0
vn 0.61211925745010376 -0.79076546430587769 0
vn 0.22531785070896149 -0.29107660055160522 -0.92978829145431519
vn 0 0 -1
vn 0.61211925745010376 -0.79076546430587769 0
vn 0 0 -1
vn 0.33495762944221497 -0.43271458148956299 -0.83699548244476318
vn 0.43283367156982422 -0.55915564298629761 -0.70710676908493042
vn 0.51234108209609985 -0.66186714172363281 -0.54720973968505859
vn 0.56914132833480835 -0.7352445125579834 -0.36809471249580383
vn 0.56914132833480835 -0.7352445125579834 -0.36809471249580383
vn 0.51234108209609985 -0.66186714172363281 -0.54720973968505859
vn 0.43283367156982422 -0.55915564298629761 -0.70710676908493042
vn 0.33495762944221497 -0.43271458148956299 -0.83699548244476318
vn 0.22531785070896149 -0.29107660055160522 -0.92978829145431519
vn 0.61211925745010376 -0.79076546430587769 0
vn 0.96056234836578369 0.27806472778320312 0
vn 0.79076546430587769 0.61211925745010376 0
vn 0.61211925745010376 -0.79076546430587769 0
vn 0.99198931455612183 -0.12632195651531219 0
vn 0.79076546430587769 0.61211925745010376 0
vn 0.86021792888641357 -0.50992661714553833 0
vn 0.94505566358566284 -0.32690954208374023 0
vn 0.99682474136352539 0.079626485705375671 0
vn 0.96056234836578369 0.27806472778320312 0
vn 0.99682474136352539 0.079626485705375671 0
vn 0.99198931455612183 -0.12632195651531219 0
vn 0.94505566358566284 -0.32690954208374023 0
vn 0.86021792888641357 -0.50992661714553833 0
vn -0.79076546430587769 -0.61211925745010376 0
vn 0 0 1
vn 0 0 1
vn -0.79076546430587769 -0.61211925745010376 0
vn -0.79076546430587769 -0.61211925745010376 0
vn 0 0 1
vn -0.29107463359832764 -0.22531634569168091 0.92978930473327637
vn -0.43414098024368286 -0.33606177568435669 0.83581346273422241
vn -0.55915564298629761 -0.43283367156982422 0.70710676908493042
vn -0.66093242168426514 -0.51161748170852661 0.54901355504989624
vn -0.7352452278137207 -0.5691419243812561 0.36809223890304565
vn -0.7352452278137207 -0.5691419243812561 0.36809223890304565
vn -0.66093242168426514 -0.51161748170852661 0.54901355504989624
vn -0.55915564298629761 -0.43283367156982422 0.70710676908493042
vn -0.43414098024368286 -0.33606177568435669 0.83581346273422241
vn -0.29107463359832764 -0.22531634569168091 0.92978930473327637
vn 0.79076546430587769 0.61211925745010376 0
vn 0 0 1
vn 0.79076546430587769 0.61211925745010376 0
vn 0.7352452278137207 0.5691419243812561 0.36809223890304565
vn 0.66093242168426514 0.51161748170852661 0.54901355504989624
vn 0.55915564298629761 0.43283367156982422 0.70710676908493042
vn 0.43414098024368286 0.33606177568435669 0.83581346273422241
vn 0.29107463359832764 0.22531634569168091 0.92978930473327637
vn 0 0 1
vn 0.29107463359832764 0.22531634569168091 0.92978930473327637
vn 0.43414098024368286 0.33606177568435669 0.83581346273422241
vn 0.55915564298629761 0.43283367156982422 0.70710676908493042
vn 0.66093242168426514 0.51161748170852661 0.54901355504989624
vn 0.7352452278137207 0.5691419243812561 0.36809223890304565
vn -0.79076546430587769 -0.61211925745010376 0
vn -0.79076546430587769 -0.61211925745010376 0
vn 0 0 -1
vn -0.79076546430587769 -0.61211925745010376 0
vn -0.7352452278137207 -0.5691419243812561 -0.36809223890304565
vn -0.66093242168426514 -0.51161748170852661 -0.54901355504989624
vn -0.55915564298629761 -0.43283367156982422 -0.70710676908493042
vn -0.43414098024368286 -0.33606177568435669 -0.83581346273422241
vn -0.29107463359832764 -0.22531634569168091 -0.92978930473327637
vn 0 0 -1
vn -0.29107463359832764 -0.22531634569168091 -0.92978930473327637
vn -0.43414098024368286 -0.33606177568435669 -0.83581346273422241
vn -0.55915564298629761 -0.43283367156982422 -0.70710676908493042
vn -0.66093242168426514 -0.51161748170852661 -0.54901355504989624
vn -0.7352452278137207 -0.5691419243812561 -0.36809223890304565
vn -0.29107660055160522 -0.22531785070896149 -0.92978829145431519
vn 0 0 -1
vn 0 0 -1
vn 0.79076546430587769 0.61211925745010376 0
vn 0.79076546430587769 0.61211925745010376 0
vn 0 0 -1
vn 0.29107463359832764 0.22531634569168091 -0.92978930473327637
vn 0.43414098024368286 0.33606177568435669 -0.83581346273422241
vn 0.55915564298629761 0.43283367156982422 -0.70710676908493042
vn 0.66093242168426514 0.51161748170852661 -0.54901355504989624
vn 0.7352452278137207 0.5691419243812561 -0.36809223890304565
vn 0.79076546430587769 0.61211925745010376 0
vn 0.7352452278137207 0.5691419243812561 -0.36809223890304565
vn 0.66093242168426514 0.51161748170852661 -0.54901355504989624
vn 0.55915564298629761 0.43283367156982422 -0.70710676908493042
vn 0.43414098024368286 0.33606177568435669 -0.83581346273422241
vn 0.29107463359832764 0.22531634569168091 -0.92978930473327637
vn 0.55915564298629761 0.43283367156982422 -0.70710676908493042
vn 0 0 -1
vn -0.79076546430587769 -0.61211925745010376 0
vn -0.2893545925617218 0.019861761480569839 -0.95701587200164795
vn -0.47024282813072205 -0.09262353926897049 -0.87766313552856445
vn -0.62337362766265869 -0.197800412774086 -0.75649207830429077
vn -0.74551922082901001 -0.29297634959220886 -0.59863674640655518
vn -0.83121168613433838 -0.37382680177688599 -0.41151022911071777
vn -0.87626093626022339 -0.43639850616455078 -0.20426240563392639
vn -0.36423984169960022 0.19091738760471344 -0.9115261435508728
vn -0.55358481407165527 0.097749292850494385 -0.82703620195388794
vn -0.71081829071044922 0.0019438199233263731 -0.7033730149269104
vn -0.83277195692062378 -0.093670472502708435 -0.54563421010971069
vn -0.91400617361068726 -0.18470463156700134 -0.36121591925621033
vn -0.95054882764816284 -0.26670742034912109 -0.15913550555706024
vn -0.40568491816520691 0.3637012243270874 -0.8385351300239563
vn -0.59971022605895996 0.29004552960395813 -0.74580240249633789
vn -0.75921428203582764 0.20370613038539886 -0.61814033985137939
vn -0.88106179237365723 0.10764902830123901 -0.46058857440948486
vn -0.95982855558395386 0.00632828613743186 -0.28051578998565674
vn -0.99166327714920044 -0.095301888883113861 -0.086726777255535126
vn -0.60622900724411011 0.47585231065750122 -0.63722127676010132
vn -0.76605397462844849 0.39865955710411072 -0.50421410799026489
vn -0.8878864049911499 0.30217459797859192 -0.3469124436378479
vn -0.9663044810295105 0.19091440737247467 -0.17264799773693085
vn -0.57251566648483276 0.64369380474090576 -0.50782293081283569
vn -0.73068100214004517 0.57476329803466797 -0.36844593286514282
vn -0.85259109735488892 0.47789186239242554 -0.21144218742847443
vn -0.65535867214202881 0.7231600284576416 -0.21804717183113098
vn -0.77743411064147949 0.62596285343170166 -0.061373516917228699
vn -0.055003002285957336 0.071057811379432678 -0.99595457315444946
vn -0.1113855242729187 0.14389665424823761 -0.98330414295196533
vn -0.1684308797121048 0.2175896018743515 -0.96139782667160034
vn -0.22532129287719727 0.29109153151512146 -0.92978280782699585
vn -0.2811439037322998 0.36320030689239502 -0.88828128576278687
vn -0.33495771884918213 0.4327164888381958 -0.836994469165802
vn -0.38581758737564087 0.49841833114624023 -0.77635300159454346
vn -0.43283367156982422 0.55915564298629761 -0.70710676908493042
vn -0.47521099448204041 0.61395174264907837 -0.63026803731918335
vn -0.51234084367752075 0.66186779737472534 -0.54720920324325562
vn -0.5437285304069519 0.70243936777114868 -0.4592801034450531
vn -0.5691409707069397 0.73524510860443115 -0.36809408664703369
vn -0.58848655223846436 0.76024681329727173 -0.27515152096748352
vn -0.60190004110336304 0.77756404876708984 -0.18196289241313934
vn -0.60964161157608032 0.78756815195083618 -0.089852407574653625
vn -0.61211925745010376 0.79076546430587769 0
vn -0.68069547414779663 0.73256653547286987 2.0751349438796751E-06
vn -0.74579012393951416 0.66618096828460693 1.5996801039364072E-07
vn -0.80607229471206665 0.59181708097457886 6.8455442487902474E-06
vn -0.86021757125854492 0.50992721319198608 6.5218506506425911E-07
vn -0.90692317485809326 0.42129606008529663 1.4898841982358135E-05
vn -0.94505542516708374 0.32691016793251038 5.7537278053132468E-07
vn -0.97362989187240601 0.2281334400177002 3.1233037589117885E-05
vn -0.99198931455612183 0.12632195651531219 0
vn -0.99973088502883911 0.023197595030069351 2.1850652842658747E-07
vn -0.99682492017745972 -0.079624630510807037 1.0940075299004093E-06
vn -0.98356842994689941 -0.18053559958934784 3.0123808301141253E-06
vn -0.96056652069091797 -0.27805033326148987 6.4333526097470894E-06
vn -0.92867225408554077 -0.37090140581130981 1.4536163917000522E-06
vn -0.88895010948181152 -0.45800399780273438 2.0787870198546443E-06
vn -0.84257054328918457 -0.53858596086502075 1.3788154547000886E-06
vn -0.78102982044219971 -0.6045830249786377 -0.15643446147441864
vn -0.75206267833709717 -0.58215999603271484 -0.30901700258255005
vn -0.70457720756530762 -0.54540222883224487 -0.45399048924446106
vn -0.63974273204803467 -0.49521487951278687 -0.58778524398803711
vn -0.55915564298629761 -0.43283367156982422 -0.70710676908493042
vn -0.46480026841163635 -0.35979467630386353 -0.80901700258255005
vn -0.35899999737739563 -0.27789631485939026 -0.89100652933120728
vn -0.24435997009277344 -0.18915525078773499 -0.95105654001235962
vn -0.12370297312736511 -0.095756545662879944 -0.98768836259841919
vn 0 0 -1
vn -0.61211925745010376 0.79076546430587769 0
vn 0.019861761480569839 0.2893545925617218 -0.95701587200164795
vn -0.09262353926897049 0.47024282813072205 -0.87766313552856445
vn -0.197800412774086 0.62337362766265869 -0.75649207830429077
vn -0.29297634959220886 0.74551922082901001 -0.59863674640655518
vn -0.37382680177688599 0.83121168613433838 -0.41151022911071777
vn -0.43639850616455078 0.87626093626022339 -0.20426240563392639
vn 0.19091738760471344 0.36423984169960022 -0.9115261435508728
vn 0.097749292850494385 0.55358481407165527 -0.82703620195388794
vn 0.0019438200397416949 0.71081829071044922 -0.7033730149269104
vn -0.093670472502708435 0.83277195692062378 -0.54563421010971069
vn -0.18470463156700134 0.91400617361068726 -0.36121591925621033
vn -0.26670742034912109 0.95054882764816284 -0.15913550555706024
vn 0.3637012243270874 0.40568491816520691 -0.8385351300239563
vn 0.29004552960395813 0.59971022605895996 -0.74580240249633789
vn 0.20370613038539886 0.75921428203582764 -0.61814033985137939
vn 0.10764902830123901 0.88106179237365723 -0.46058857440948486
vn 0.00632828613743186 0.95982855558395386 -0.28051578998565674
vn -0.095301888883113861 0.99166327714920044 -0.086726777255535126
vn 0.47585231065750122 0.60622900724411011 -0.63722127676010132
vn 0.39865955710411072 0.76605397462844849 -0.50421410799026489
vn 0.30217459797859192 0.8878864049911499 -0.3469124436378479
vn 0.19091440737247467 0.9663044810295105 -0.17264799773693085
vn 0.64369380474090576 0.57251566648483276 -0.50782293081283569
vn 0.57476329803466797 0.73068100214004517 -0.36844593286514282
vn 0.47789186239242554 0.85259109735488892 -0.21144218742847443
vn 0.7231600284576416 0.65535867214202881 -0.21804717183113098
vn 0.62596285343170166 0.77743411064147949 -0.061373516917228699
vn -0.60964316129684448 0.78756678104400635 -0.089854441583156586
vn -0.60190016031265259 0.77756392955780029 -0.18196305632591248
vn -0.58849078416824341 0.76024109125137329 -0.27515822649002075
vn -0.56914132833480835 0.7352445125579834 -0.36809471249580383
vn -0.54373574256896973 0.70242434740066528 -0.45929458737373352
vn -0.51234108209609985 0.66186714172363281 -0.54720973968505859
vn -0.47522073984146118 0.61391329765319824 -0.63029813766479492
vn -0.43283367156982422 0.55915564298629761 -0.70710676908493042
vn -0.38581761717796326 0.49841800332069397 -0.77635318040847778
vn -0.33495762944221497 0.43271458148956299 -0.83699548244476318
vn -0.28114306926727295 0.36319431662559509 -0.88828402757644653
vn -0.22531785070896149 0.29107660055160522 -0.92978829145431519
vn -0.16842964291572571 0.21758560836315155 -0.96139895915985107
vn -0.11138308793306351 0.14389009773731232 -0.98330539464950562
vn -0.055001631379127502 0.071053788065910339 -0.99595493078231812
vn 0.071057811379432678 0.055003002285957336 -0.99595457315444946
vn 0.14389665424823761 0.1113855242729187 -0.98330414295196533
vn 0.2175896018743515 0.1684308797121048 -0.96139782667160034
vn 0.29109153151512146 0.22532129287719727 -0.92978280782699585
vn 0.36320030689239502 0.2811439037322998 -0.88828128576278687
vn 0.4327164888381958 0.33495771884918213 -0.836994469165802
vn 0.49841833114624023 0.38581758737564087 -0.77635300159454346
vn 0.55915564298629761 0.43283367156982422 -0.70710676908493042
vn 0.61395174264907837 0.47521099448204041 -0.63026803731918335
vn 0.66186779737472534 0.51234084367752075 -0.54720920324325562
vn 0.70243936777114868 0.5437285304069519 -0.4592801034450531
vn 0.73524510860443115 0.5691409707069397 -0.36809408664703369
vn 0.76024681329727173 0.58848655223846436 -0.27515152096748352
vn 0.77756404876708984 0.60190004110336304 -0.18196289241313934
vn 0.78756815195083618 0.60964161157608032 -0.089852407574653625
vn 0.79076546430587769 0.61211925745010376 0
vn 0.73256653547286987 0.68069547414779663 2.0751317606482189E-06
vn 0.66618096828460693 0.74579012393951416 1.5996451452338079E-07
vn 0.59181708097457886 0.80607229471206665 6.8455406108114403E-06
vn 0.50992721319198608 0.86021757125854492 6.5218085865126341E-07
vn 0.42129606008529663 0.90692317485809326 1.4898837434884626E-05
vn 0.32691016793251038 0.94505542516708374 5.7536794884072151E-07
vn 0.2281334400177002 0.97362989187240601 3.1233033951139078E-05
vn 0.12632195651531219 0.99198931455612183 0
vn 0.023197595030069351 0.99973088502883911 2.1850112830179569E-07
vn -0.079624630510807037 0.99682492017745972 1.0940021866190364E-06
vn -0.18053559958934784 0.98356842994689941 3.0123751457722392E-06
vn -0.27805033326148987 0.96056652069091797 6.4333471527788788E-06
vn -0.37090140581130981 0.92867225408554077 1.4536113894791924E-06
vn -0.45800399780273438 0.88895010948181152 2.0787824723811354E-06
vn -0.53858596086502075 0.84257054328918457 1.3788104524792288E-06
vn 0.76900196075439453 -0.63456809520721436 -0.077196560800075531
vn 0.64380055665969849 -0.72878545522689819 -0.23322224617004395
vn 0.92823976278305054 -0.36707720160484314 -0.060210242867469788
vn 0.84395146369934082 -0.48576450347900391 -0.22754956781864166
vn 0.7185855507850647 -0.58030843734741211 -0.38324528932571411
vn 0.96147024631500244 -0.19967375695705414 -0.18895862996578217
vn 0.87881773710250854 -0.3101203441619873 -0.36263579130172729
vn 0.7533753514289856 -0.40504977107048035 -0.51803505420684814
vn 0.59109562635421753 -0.4801737368106842 -0.64810425043106079
vn 0.9909660816192627 0.090707994997501373 -0.09878385066986084
vn 0.95466369390487671 -0.013776685111224651 -0.29736742377281189
vn 0.87167614698410034 -0.11507219821214676 -0.47638121247291565
vn 0.74624943733215332 -0.21042968332767487 -0.63153082132339478
vn 0.58433383703231812 -0.29549792408943176 -0.75580090284347534
vn 0.39384645223617554 -0.36611741781234741 -0.84311509132385254
vn 0.94904875755310059 0.26416969299316406 -0.17181630432605743
vn 0.90801268815994263 0.17927393317222595 -0.37864738702774048
vn 0.82272863388061523 0.08748164027929306 -0.56166231632232666
vn 0.69740933179855347 -0.0083203809335827827 -0.71662473678588867
vn 0.53798925876617432 -0.10371556878089905 -0.83654683828353882
vn 0.35226348042488098 -0.19403944909572601 -0.9155648946762085
vn 0.87386220693588257 0.43507152795791626 -0.2169736921787262
vn 0.82433539628982544 0.3694756031036377 -0.42890438437461853
vn 0.73493218421936035 0.28704628348350525 -0.61439329385757446
vn 0.60980558395385742 0.19080628454685211 -0.76923996210098267
vn 0.45486167073249817 0.085236549377441406 -0.88647365570068359
vn 0.27767673134803772 -0.024500934407114983 -0.96036207675933838
vn 0.79076546430587769 0.61211925745010376 0
vn 0 0 -1
vn 0.055003002285957336 -0.071057811379432678 -0.99595457315444946
vn 0.1113855242729187 -0.14389665424823761 -0.98330414295196533
vn 0.1684308797121048 -0.2175896018743515 -0.96139782667160034
vn 0.22532129287719727 -0.29109153151512146 -0.92978280782699585
vn 0.2811439037322998 -0.36320030689239502 -0.88828128576278687
vn 0.33495771884918213 -0.4327164888381958 -0.836994469165802
vn 0.38581758737564087 -0.49841833114624023 -0.77635300159454346
vn 0.43283367156982422 -0.55915564298629761 -0.70710676908493042
vn 0.47521099448204041 -0.61395174264907837 -0.63026803731918335
vn 0.51234084367752075 -0.66186779737472534 -0.54720920324325562
vn 0.5437285304069519 -0.70243936777114868 -0.4592801034450531
vn 0.5691409707069397 -0.73524510860443115 -0.36809408664703369
vn 0.58848655223846436 -0.76024681329727173 -0.27515152096748352
vn 0.60190004110336304 -0.77756404876708984 -0.18196289241313934
vn 0.60964161157608032 -0.78756815195083618 -0.089852407574653625
vn 0.61211925745010376 -0.79076546430587769 0
vn 0.68069547414779663 -0.73256653547286987 2.0751347165059997E-06
vn 0.74579012393951416 -0.66618096828460693 1.5996815250218788E-07
vn 0.80607229471206665 -0.59181708097457886 6.8455451582849491E-06
vn 0.86021757125854492 -0.50992721319198608 6.5218625877605518E-07
vn 0.90692317485809326 -0.42129606008529663 1.4898843801347539E-05
vn 0.94505542516708374 -0.32691016793251038 5.7537545217201114E-07
vn 0.97362989187240601 -0.2281334400177002 3.1233041227096692E-05
vn 0.99198931455612183 -0.12632195651531219 0
vn 0.99973088502883911 -0.023197595030069351 2.1851097642411332E-07
vn 0.99682492017745972 0.079624630510807037 1.094012532121269E-06
vn 0.98356842994689941 0.18053559958934784 3.012385832334985E-06
vn 0.96056652069091797 0.27805033326148987 6.433358521462651E-06
vn 0.92867225408554077 0.37090140581130981 1.4536230992234778E-06
vn 0.88895010948181152 0.45800399780273438 2.0787940684385831E-06
vn 0.84257054328918457 0.53858596086502075 1.3788223895971896E-06
vn 0.78102982044219971 0.6045830249786377 -0.15643446147441864
vn 0.75206267833709717 0.58215999603271484 -0.30901700258255005
vn 0.70457720756530762 0.54540222883224487 -0.45399048924446106
vn 0.63974273204803467 0.49521487951278687 -0.58778524398803711
vn 0.55915564298629761 0.43283367156982422 -0.70710676908493042
vn 0.46480026841163635 0.35979467630386353 -0.80901700258255005
vn 0.35899999737739563 0.27789631485939026 -0.89100652933120728
vn 0.24435997009277344 0.18915525078773499 -0.95105654001235962
vn 0.12370297312736511 0.095756545662879944 -0.98768836259841919
vn -0.63456809520721436 -0.76900196075439453 -0.077196560800075531
vn -0.72878545522689819 -0.64380055665969849 -0.23322224617004395
vn -0.36707720160484314 -0.92823976278305054 -0.060210242867469788
vn -0.48576450347900391 -0.84395146369934082 -0.22754956781864166
vn -0.58030843734741211 -0.7185855507850647 -0.38324528932571411
vn -0.19967375695705414 -0.96147024631500244 -0.18895862996578217
vn -0.3101203441619873 -0.87881773710250854 -0.36263579130172729
vn -0.40504977107048035 -0.7533753514289856 -0.51803505420684814
vn -0.4801737368106842 -0.59109562635421753 -0.64810425043106079
vn 0.090707994997501373 -0.9909660816192627 -0.09878385066986084
vn -0.013776685111224651 -0.95466369390487671 -0.29736742377281189
vn -0.11507219821214676 -0.87167614698410034 -0.47638121247291565
vn -0.21042968332767487 -0.74624943733215332 -0.63153082132339478
vn -0.29549792408943176 -0.58433383703231812 -0.75580090284347534
vn -0.36611741781234741 -0.39384645223617554 -0.84311509132385254
vn 0.26416969299316406 -0.94904875755310059 -0.17181630432605743
vn 0.17927393317222595 -0.90801268815994263 -0.37864738702774048
vn 0.08748164027929306 -0.82272863388061523 -0.56166231632232666
vn -0.0083203809335827827 -0.69740933179855347 -0.71662473678588867
vn -0.10371556878089905 -0.53798925876617432 -0.83654683828353882
vn -0.19403944909572601 -0.35226348042488098 -0.9155648946762085
vn 0.43507152795791626 -0.87386220693588257 -0.2169736921787262
vn 0.3694756031036377 -0.82433539628982544 -0.42890438437461853
vn 0.28704628348350525 -0.73493218421936035 -0.61439329385757446
vn 0.19080628454685211 -0.60980558395385742 -0.76923996210098267
vn 0.085236549377441406 -0.45486167073249817 -0.88647365570068359
vn -0.024500934407114983 -0.27767673134803772 -0.96036207675933838
vn 0.61211925745010376 -0.79076546430587769 0
vn 0 0 -1
vn -0.071057811379432678 -0.055003002285957336 -0.99595457315444946
vn -0.14389665424823761 -0.1113855242729187 -0.98330414295196533
vn -0.2175896018743515 -0.1684308797121048 -0.96139782667160034
vn -0.29109153151512146 -0.22532129287719727 -0.92978280782699585
vn -0.36320030689239502 -0.2811439037322998 -0.88828128576278687
vn -0.4327164888381958 -0.33495771884918213 -0.836994469165802
vn -0.49841833114624023 -0.38581758737564087 -0.77635300159454346
vn -0.55915564298629761 -0.43283367156982422 -0.70710676908493042
vn -0.61395174264907837 -0.47521099448204041 -0.63026803731918335
vn -0.66186779737472534 -0.51234084367752075 -0.54720920324325562
vn -0.70243936777114868 -0.5437285304069519 -0.4592801034450531
vn -0.73524510860443115 -0.5691409707069397 -0.36809408664703369
vn -0.76024681329727173 -0.58848655223846436 -0.27515152096748352
vn -0.77756404876708984 -0.60190004110336304 -0.18196289241313934
vn -0.78756815195083618 -0.60964161157608032 -0.089852407574653625
vn -0.79076546430587769 -0.61211925745010376 0
vn -0.73256653547286987 -0.68069547414779663 2.0751340343849733E-06
vn -0.66618096828460693 -0.74579012393951416 1.5996765512227284E-07
vn -0.59181708097457886 -0.80607229471206665 6.8455447035375983E-06
vn -0.50992721319198608 -0.86021757125854492 6.5218591771554202E-07
vn -0.42129606008529663 -0.90692317485809326 1.4898842891852837E-05
vn -0.32691016793251038 -0.94505542516708374 5.7537369002602645E-07
vn -0.2281334400177002 -0.97362989187240601 3.1233041227096692E-05
vn -0.12632195651531219 -0.99198931455612183 0
vn -0.023197595030069351 -0.99973088502883911 2.1850905795872677E-07
vn 0.079624630510807037 -0.99682492017745972 1.0940107131318655E-06
vn 0.18053559958934784 -0.98356842994689941 3.012383785971906E-06
vn 0.27805033326148987 -0.96056652069091797 6.4333562477258965E-06
vn 0.37090140581130981 -0.92867225408554077 1.4536205981130479E-06
vn 0.45800399780273438 -0.88895010948181152 2.0787911125808023E-06
vn 0.53858596086502075 -0.84257054328918457 1.3788196611130843E-06
vn 0.6045830249786377 -0.78102982044219971 -0.15643446147441864
vn 0.58215999603271484 -0.75206267833709717 -0.30901700258255005
vn 0.54540222883224487 -0.70457720756530762 -0.45399048924446106
vn 0.49521487951278687 -0.63974273204803467 -0.58778524398803711
vn 0.43283367156982422 -0.55915564298629761 -0.70710676908493042
vn 0.35979467630386353 -0.46480026841163635 -0.80901700258255005
vn 0.27789631485939026 -0.35899999737739563 -0.89100652933120728
vn 0.18915525078773499 -0.24435997009277344 -0.95105654001235962
vn 0.095756545662879944 -0.12370297312736511 -0.98768836259841919
vn -0.61211925745010376 0.79076546430587769 0
vn 0 0 1
vn -0.43332809209823608 0.87480735778808594 0.21665386855602264
vn -0.3675352931022644 0.82538723945617676 0.4285484254360199
vn -0.28501045703887939 0.73603582382202148 0.61401981115341187
vn -0.18877491354942322 0.61090677976608276 0.76886731386184692
vn -0.083308979868888855 0.45590659976005554 0.88612008094787598
vn 0.026230458170175552 0.27861431241035461 0.96004480123519897
vn -0.26227244734764099 0.94969260692596436 0.17116409540176392
vn -0.17716245353221893 0.9087291955947876 0.37792155146598816
vn -0.085266217589378357 0.82348048686981201 0.56090068817138672
vn 0.010530945844948292 0.69815951585769653 0.71586483716964722
vn 0.10581319034099579 0.53870105743408203 0.83582574129104614
vn 0.19592154026031494 0.35290217399597168 0.91491794586181641
vn -0.089488610625267029 0.99113762378692627 0.098173096776008606
vn 0.015133771114051342 0.95485460758209229 0.29668772220611572
vn 0.11649609357118607 0.87187647819519043 0.47566801309585571
vn 0.21185044944286346 0.74644929170608521 0.63081920146942139
vn 0.29684609174728394 0.58452349901199341 0.75512558221817017
vn 0.36732706427574158 0.39401662349700928 0.84250921010971069
vn 0.2009405642747879 0.96137338876724243 0.18810659646987915
vn 0.31144952774047852 0.8787161111831665 0.36174184083938599
vn 0.40637603402137756 0.75327396392822266 0.51714301109313965
vn 0.4814322292804718 0.59099942445755005 0.64725780487060547
vn 0.36878207325935364 0.92766004800796509 0.058708231896162033
vn 0.48755326867103577 0.84334319829940796 0.22597362101078033
vn 0.58209329843521118 0.71797859668731689 0.38167279958724976
vn 0.63594996929168701 0.7680208683013916 0.075574867427349091
vn 0.7301642894744873 0.64282160997390747 0.23160411417484283
vn -0.53858596086502075 0.84257054328918457 -1.3788145452053868E-06
vn -0.45800399780273438 0.88895010948181152 -2.0787861103599425E-06
vn -0.37090140581130981 0.92867225408554077 -1.453616050639539E-06
vn -0.27805033326148987 0.96056652069091797 -6.4333517002523877E-06
vn -0.18053559958934784 0.98356842994689941 -3.0123796932457481E-06
vn -0.079624630510807037 0.99682492017745972 -1.0940070751530584E-06
vn 0.023197595030069351 0.99973088502883911 -2.1850611631180072E-07
vn 0.12632195651531219 0.99198931455612183 0
vn 0.2281334400177002 0.97362989187240601 -3.1233037589117885E-05
vn 0.32691016793251038 0.94505542516708374 -5.753731784352567E-07
vn 0.42129606008529663 0.90692317485809326 -1.4898842891852837E-05
vn 0.50992721319198608 0.86021757125854492 -6.5218586087212316E-07
vn 0.59181708097457886 0.80607229471206665 -6.8455451582849491E-06
vn 0.66618096828460693 0.74579012393951416 -1.5996856461697462E-07
vn 0.73256653547286987 0.68069547414779663 -2.0751356260007014E-06
vn 0.79076546430587769 0.61211925745010376 0
vn 0.78756815195083618 0.60964161157608032 0.089852407574653625
vn 0.77756404876708984 0.60190004110336304 0.18196289241313934
vn 0.76024681329727173 0.58848655223846436 0.27515152096748352
vn 0.73524510860443115 0.5691409707069397 0.36809408664703369
vn 0.70243936777114868 0.5437285304069519 0.4592801034450531
vn 0.66186779737472534 0.51234084367752075 0.54720920324325562
vn 0.61395174264907837 0.47521099448204041 0.63026803731918335
vn 0.55915564298629761 0.43283367156982422 0.70710676908493042
vn 0.49841833114624023 0.38581758737564087 0.77635300159454346
vn 0.4327164888381958 0.33495771884918213 0.836994469165802
vn 0.36320030689239502 0.2811439037322998 0.88828128576278687
vn 0.29109153151512146 0.22532129287719727 0.92978280782699585
vn 0.2175896018743515 0.1684308797121048 0.96139782667160034
vn 0.14389665424823761 0.1113855242729187 0.98330414295196533
vn 0.071057811379432678 0.055003002285957336 0.99595457315444946
vn -0.055001631379127502 0.071053788065910339 0.99595493078231812
vn -0.11138308793306351 0.14389009773731232 0.98330539464950562
vn -0.16842964291572571 0.21758560836315155 0.96139895915985107
vn -0.22531785070896149 0.29107660055160522 0.92978829145431519
vn -0.28114306926727295 0.36319431662559509 0.88828402757644653
vn -0.33495762944221497 0.43271458148956299 0.83699548244476318
vn -0.38581761717796326 0.49841800332069397 0.77635318040847778
vn -0.43283367156982422 0.55915564298629761 0.70710676908493042
vn -0.47522073984146118 0.61391329765319824 0.63029813766479492
vn -0.51234108209609985 0.66186714172363281 0.54720973968505859
vn -0.54373574256896973 0.70242434740066528 0.45929458737373352
vn -0.56914132833480835 0.7352445125579834 0.36809471249580383
vn -0.58849078416824341 0.76024109125137329 0.27515822649002075
vn -0.60190016031265259 0.77756392955780029 0.18196305632591248
vn -0.60964316129684448 0.78756678104400635 0.089854441583156586
vn 0 0 1
vn 0.61211925745010376 -0.79076546430587769 0
vn 0.28509774804115295 -0.053290184587240219 0.95701587200164795
vn 0.43202194571495056 -0.2075197845697403 0.87766313552856445
vn 0.55390626192092896 -0.34771767258644104 0.75649207830429077
vn 0.6483006477355957 -0.47046822309494019 0.59863674640655518
vn 0.71099549531936646 -0.57021462917327881 0.41151022911071777
vn 0.73892533779144287 -0.64207965135574341 0.20426240563392639
vn 0.40046307444572449 0.093538545072078705 0.9115261435508728
vn 0.56041538715362549 -0.044109784066677094 0.82703620195388794
vn 0.68862003087997437 -0.17626354098320007 0.7033730149269104
vn 0.78271877765655518 -0.29939037561416626 0.54563421010971069
vn 0.83854544162750244 -0.40787816047668457 0.36121591925621033
vn 0.8533703088760376 -0.4964221715927124 0.15913550555706024
vn 0.48388850688934326 0.25042113661766052 0.8385351300239563
vn 0.65326201915740967 0.13048945367336273 0.74580240249633789
vn 0.78603720664978027 0.0069306204095482826 0.61814033985137939
vn 0.87992215156555176 -0.11659828573465347 0.46058857440948486
vn 0.93078213930130005 -0.23442596197128296 0.28051578998565674
vn 0.93613028526306152 -0.34079107642173767 0.086726777255535126
vn 0.70613968372344971 0.30873259902000427 0.63722127676010132
vn 0.84151780605316162 0.19394806027412415 0.50421410799026489
vn 0.93528097867965698 0.070008710026741028 0.3469124436378479
vn 0.98331236839294434 -0.057353805750608444 0.17264799773693085
vn 0.71556669473648071 0.47966676950454712 0.50782293081283569
vn 0.85140889883041382 0.37329673767089844 0.36844593286514282
vn 0.94515037536621094 0.24896377325057983 0.21144218742847443
vn 0.81568169593811035 0.53583472967147827 0.21804717183113098
vn 0.90950155258178711 0.41114503145217896 0.061373516917228699
vn 0.071056127548217773 0.055005185306072235 0.99595457315444946
vn 0.14389410614967346 0.11138881742954254 0.98330414295196533
vn 0.21758781373500824 0.16843318939208984 0.96139782667160034
vn 0.29108366370201111 0.22533147037029266 0.92978280782699585
vn 0.36319661140441895 0.28114867210388184 0.88828128576278687
vn 0.43271514773368835 0.33495944738388062 0.836994469165802
vn 0.49841806292533875 0.38581794500350952 0.77635300159454346
vn 0.55915564298629761 0.43283367156982422 0.70710676908493042
vn 0.61391347646713257 0.47526037693023682 0.63026803731918335
vn 0.66186708211898804 0.51234173774719238 0.54720920324325562
vn 0.70242112874984741 0.54375207424163818 0.4592801034450531
vn 0.7352442741394043 0.56914198398590088 0.36809408664703369
vn 0.7602384090423584 0.58849740028381348 0.27515152096748352
vn 0.77756386995315552 0.60190027952194214 0.18196289241313934
vn 0.78756564855575562 0.60964494943618774 0.089852407574653625
vn 0.79076546430587769 0.61211925745010376 0
vn 0.84256726503372192 0.53859108686447144 -2.0751431293319911E-06
vn 0.88894695043563843 0.45801019668579102 -1.5997673585843586E-07
vn 0.92866814136505127 0.37091165781021118 -6.845553798484616E-06
vn 0.96056216955184937 0.27806538343429565 -6.521947852888843E-07
vn 0.98356443643569946 0.18055747449398041 -1.4898852896294557E-05
vn 0.99682474136352539 0.079627148807048798 -5.753839218414214E-07
vn 0.99973177909851074 -0.023158492520451546 -3.1233052141033113E-05
vn 0.99198931455612183 -0.12632195651531219 0
vn 0.97363877296447754 -0.22809536755084991 -2.1851893450275384E-07
vn 0.9450562596321106 -0.32690778374671936 -1.094020717573585E-06
vn 0.906932532787323 -0.42127588391304016 -3.012394017787301E-06
vn 0.86022555828094482 -0.50991374254226685 -6.4333667069149669E-06
vn 0.80607885122299194 -0.59180819988250732 -1.4536308299284428E-06
vn 0.74579477310180664 -0.66617578268051147 -2.0788013443961972E-06
vn 0.68069988489151001 -0.7325623631477356 -1.378828756060102E-06
vn 0.6045830249786377 -0.78102982044219971 0.15643446147441864
vn 0.58215999603271484 -0.75206267833709717 0.30901700258255005
vn 0.54540222883224487 -0.70457720756530762 0.45399048924446106
vn 0.49521487951278687 -0.63974273204803467 0.58778524398803711
vn 0.43283367156982422 -0.55915564298629761 0.70710676908493042
vn 0.35979467630386353 -0.46480026841163635 0.80901700258255005
vn 0.27789631485939026 -0.35899999737739563 0.89100652933120728
vn 0.18915525078773499 -0.24435997009277344 0.95105654001235962
vn 0.095756545662879944 -0.12370297312736511 0.98768836259841919
vn -0.22139741480350494 -0.077575087547302246 0.97209322452545166
vn -0.19230429828166962 0.14760471880435944 0.97017109394073486
vn -0.43948829174041748 -0.27169698476791382 0.85617220401763916
vn -0.4322337806224823 -0.050726752728223801 0.9003337025642395
vn -0.4027237594127655 0.1743999570608139 0.89855343103408813
vn -0.61962497234344482 -0.24875800311565399 0.74443560838699341
vn -0.62166190147399902 -0.026604585349559784 0.7828337550163269
vn -0.59177732467651367 0.19847443699836731 0.78128576278686523
vn -0.53163039684295654 0.41263866424560547 0.73966103792190552
vn -0.72220253944396973 -0.44103294610977173 0.53283530473709106
vn -0.77130377292633057 -0.22944290935993195 0.59367203712463379
vn -0.78116434812545776 -0.0062932195141911507 0.6242937445640564
vn -0.75096434354782104 0.2187456339597702 0.62305927276611328
vn -0.68233639001846313 0.43182986974716187 0.58986437320709229
vn -0.57921391725540161 0.62212789058685303 0.52675241231918335
vn -0.82427066564559937 -0.42803537845611572 0.37062594294548035
vn -0.88502556085586548 -0.21496133506298065 0.41294234991073608
vn -0.90075194835662842 0.0089353127405047417 0.43424198031425476
vn -0.87031549215316772 0.23394405841827393 0.43338331580162048
vn -0.79532885551452637 0.4462185800075531 0.41029384732246399
vn -0.68011683225631714 0.63497710227966309 0.36639484763145447
vn -0.88738137483596802 -0.41999873518943787 0.1901455819606781
vn -0.95534199476242065 -0.20600710809230804 0.21185554563999176
vn -0.97469526529312134 0.018351411446928978 0.22278310358524323
vn -0.94411265850067139 0.24334153532981873 0.22234258055686951
vn -0.86519426107406616 0.45511537790298462 0.21049676835536957
vn -0.74250710010528564 0.64292198419570923 0.18797487020492554
vn -0.79076546430587769 -0.61211925745010376 0
vn -0.61211925745010376 0.79076546430587769 0
vn -0.60964184999465942 0.78756731748580933 0.089858464896678925
vn -0.6018977165222168 0.77756422758102417 0.18196973204612732
vn -0.58848899602890015 0.76024109125137329 0.27516213059425354
vn -0.56913286447525024 0.7352440357208252 0.36810863018035889
vn -0.543731689453125 0.70242398977279663 0.45929986238479614
vn -0.51233959197998047 0.66186702251434326 0.54721128940582275
vn -0.4752204418182373 0.61391323804855347 0.63029837608337402
vn -0.43283367156982422 0.55915564298629761 0.70710676908493042
vn -0.38577449321746826 0.49841329455375671 0.77637761831283569
vn -0.3349568247795105 0.43271449208259583 0.83699589967727661
vn -0.28112241625785828 0.36319196224212646 0.88829147815704346
vn -0.22531695663928986 0.29107648134231567 0.92978852987289429
vn -0.16842013597488403 0.2175845205783844 0.96140086650848389
vn -0.1113828644156456 0.14389006793498993 0.98330539464950562
vn -0.054998748004436493 0.071053452789783478 0.99595510959625244
vn 0 0 1
vn -0.071050912141799927 -0.055002029985189438 0.99595510959625244
vn -0.14388987421989441 -0.11138311773538589 0.98330539464950562
vn -0.21757614612579346 -0.16843095421791077 0.96140086650848389
vn -0.29107567667961121 -0.22531798481941223 0.92978852987289429
vn -0.3631737232208252 -0.28114596009254456 0.88829147815704346
vn -0.43271377682685852 -0.33495774865150452 0.83699589967727661
vn -0.4983750581741333 -0.38582387566566467 0.77637761831283569
vn -0.55915564298629761 -0.43283367156982422 0.70710676908493042
vn -0.61391299962997437 -0.47522076964378357 0.63029837608337402
vn -0.66186565160751343 -0.51234132051467896 0.54721128940582275
vn -0.70242035388946533 -0.54373645782470703 0.45929986238479614
vn -0.73523616790771484 -0.56914299726486206 0.36810863018035889
vn -0.76023930311203003 -0.58849126100540161 0.27516213059425354
vn -0.77756166458129883 -0.60190105438232422 0.18196973204612732
vn -0.78756564855575562 -0.60964405536651611 0.089858464896678925
vn -0.87678641080856323 -0.48088005185127258 0
vn -0.94121789932250977 -0.33780002593994141 0
vn -0.98247349262237549 -0.18640223145484924 0
vn -0.99953734874725342 -0.030414590612053871 0
vn -0.99198931455612183 0.12632195651531219 0
vn -0.96001517772674561 0.27994802594184875 0
vn -0.90440225601196289 0.42668086290359497 0
vn -0.82651996612548828 0.56290739774703979 0
vn -0.7282860279083252 0.68527328968048096 0
vn -0.72329205274581909 -0.65369433164596558 0.2225586324930191
vn -0.62367630004882812 -0.77924257516860962 0.06171591579914093
vn -0.64387249946594238 -0.56691575050354004 0.5138431191444397
vn -0.57455307245254517 -0.7286112904548645 0.37284636497497559
vn -0.47523140907287598 -0.8540114164352417 0.21170647442340851
vn -0.47691622376441956 -0.60005748271942139 0.64224755764007568
vn -0.39898514747619629 -0.76346242427825928 0.50787395238876343
vn -0.30001068115234375 -0.88879364728927612 0.34646707773208618
vn -0.18596704304218292 -0.96811968088150024 0.16781090199947357
vn -0.36422449350357056 -0.39995333552360535 0.84105759859085083
vn -0.29151573777198792 -0.59326910972595215 0.75036680698394775
vn -0.20402167737483978 -0.75632393360137939 0.62156999111175537
vn -0.10543271154165268 -0.88166928291320801 0.45993825793266296
vn -0.0017556700622662902 -0.96137487888336182 0.27523666620254517
vn 0.10162451863288879 -0.99182242155075073 0.077205896377563477
vn -0.19141966104507446 -0.35819470882415771 0.91381347179412842
vn -0.098980821669101715 -0.54674267768859863 0.83142960071563721
vn -0.0015557693550363183 -0.7073976993560791 0.70681405067443848
vn 0.096632853150367737 -0.83283978700637817 0.54501378536224365
vn 0.18954439461231232 -0.91514688730239868 0.35577961802482605
vn 0.27245661616325378 -0.95054054260253906 0.14913120865821838
vn -0.021164994686841965 -0.28329288959503174 0.95879983901977539
vn 0.090712755918502808 -0.46328893303871155 0.88155233860015869
vn 0.1979222297668457 -0.61963933706283569 0.75952214002609253
vn 0.29571640491485596 -0.7452549934387207 0.59761762619018555
vn 0.37802132964134216 -0.83222836256027222 0.40558087825775146
vn 0.44076764583587646 -0.87649381160736084 0.19360403716564178
vn 0 0 1
vn -0.79076546430587769 -0.61211925745010376 0
vn -0.78756815195083618 -0.60964161157608032 0.089852407574653625
vn -0.77756404876708984 -0.60190004110336304 0.18196289241313934
vn -0.76024681329727173 -0.58848655223846436 0.27515152096748352
vn -0.73524510860443115 -0.5691409707069397 0.36809408664703369
vn -0.70243936777114868 -0.5437285304069519 0.4592801034450531
vn -0.66186779737472534 -0.51234084367752075 0.54720920324325562
vn -0.61395174264907837 -0.47521099448204041 0.63026803731918335
vn -0.55915564298629761 -0.43283367156982422 0.70710676908493042
vn -0.49841833114624023 -0.38581758737564087 0.77635300159454346
vn -0.4327164888381958 -0.33495771884918213 0.836994469165802
vn -0.36320030689239502 -0.2811439037322998 0.88828128576278687
vn -0.29109153151512146 -0.22532129287719727 0.92978280782699585
vn -0.2175896018743515 -0.1684308797121048 0.96139782667160034
vn -0.14389665424823761 -0.1113855242729187 0.98330414295196533
vn -0.071057811379432678 -0.055003002285957336 0.99595457315444946
vn 0.61211925745010376 -0.79076546430587769 0
vn 0.53858596086502075 -0.84257054328918457 -1.3788278465654003E-06
vn 0.45800399780273438 -0.88895010948181152 -2.0787995254067937E-06
vn 0.37090140581130981 -0.92867225408554077 -1.4536293519995525E-06
vn 0.27805033326148987 -0.96056652069091797 -6.4333653426729143E-06
vn 0.18053559958934784 -0.98356842994689941 -3.0123926535452483E-06
vn 0.079624630510807037 -0.99682492017745972 -1.0940196943920455E-06
vn -0.023197595030069351 -0.99973088502883911 -2.1851842291198409E-07
vn -0.12632195651531219 -0.99198931455612183 0
vn -0.2281334400177002 -0.97362989187240601 -3.1233048503054306E-05
vn -0.32691016793251038 -0.94505542516708374 -5.7538255759936874E-07
vn -0.42129606008529663 -0.90692317485809326 -1.4898851986799855E-05
vn -0.50992721319198608 -0.86021757125854492 -6.5219410316785797E-07
vn -0.59181708097457886 -0.80607229471206665 -6.8455524342425633E-06
vn -0.66618096828460693 -0.74579012393951416 -1.5997544267065678E-07
vn -0.73256653547286987 -0.68069547414779663 -2.0751419924636139E-06
vn 0.095756545662879944 -0.12370297312736511 0.98768836259841919
vn 0.18915525078773499 -0.24435997009277344 0.95105654001235962
vn 0.27789631485939026 -0.35899999737739563 0.89100652933120728
vn 0.35979467630386353 -0.46480026841163635 0.80901700258255005
vn 0.43283367156982422 -0.55915564298629761 0.70710676908493042
vn 0.49521487951278687 -0.63974273204803467 0.58778524398803711
vn 0.54540222883224487 -0.70457720756530762 0.45399048924446106
vn 0.58215999603271484 -0.75206267833709717 0.30901700258255005
vn 0.6045830249786377 -0.78102982044219971 0.15643446147441864
vn 0.00028621242381632328 0.00022155258920975029 0.99999994039535522
vn -0.61211925745010376 0.79076546430587769 0
vn -0.29115447402000427 -0.22537814080715179 0.92974931001663208
vn -0.49603524804115295 0.08153216540813446 0.86446607112884521
vn -0.63871484994888306 0.39980143308639526 0.65742087364196777
vn -0.61211925745010376 0.79076546430587769 0
vn -0.55915564298629761 -0.43283367156982422 0.70710676908493042
vn -0.74522018432617188 -0.11135238409042358 0.65745532512664795
vn -0.82821732759475708 0.25311678647994995 0.49998798966407776
vn -0.61211925745010376 0.79076546430587769 0
vn -0.73521363735198975 -0.56911742687225342 0.36819317936897278
vn -0.90891438722610474 -0.23807114362716675 0.3423401415348053
vn -0.95270675420761108 0.15674518048763275 0.26034748554229736
vn -0.61211925745010376 0.79076546430587769 0
vn -0.79076540470123291 -0.61211919784545898 -0.00036194350104779005
vn -0.61211925745010376 0.79076546430587769 0
vn -0.67631322145462036 0.65228980779647827 0.34222573041915894
vn -0.61211925745010376 0.79076546430587769 0
vn -0.53755843639373779 0.47808307409286499 0.69459879398345947
vn -0.62365812063217163 0.69304144382476807 0.36158549785614014
vn -0.61211925745010376 0.79076546430587769 0
vn -0.83976423740386963 0.52576494216918945 0.13552597165107727
vn -0.98209518194198608 0.13397409021854401 0.13243879377841949
vn -0.85506945848464966 0.51390951871871948 0.068943314254283905
vn -0.56903594732284546 0.73532605171203613 0.36809471249580383
vn -0.51218444108963013 0.66198837757110596 0.54720973968505859
vn -0.43263128399848938 0.55931228399276733 0.70710676908493042
vn -0.33471804857254028 0.43289998173713684 0.83699548244476318
vn -0.22505173087120056 0.29128256440162659 0.92978823184967041
vn -0.43408843874931335 -0.33602112531661987 0.835857093334198
vn -0.66096693277359009 -0.51164418458938599 0.54894715547561646
vn -0.96056228876113892 -0.27806469798088074 -0.00033653082209639251
vn -0.99682474136352539 -0.079626478254795074 -0.00030294508906081319
vn -0.99198925495147705 0.12632195651531219 -0.00025593271129764616
vn -0.94505560398101807 0.32690951228141785 -0.00019805901683866978
vn -0.8602178692817688 0.50992661714553833 -0.00013322949234861881
vn -0.00028621245292015374 -0.00022155260376166552 0.99999994039535522
vn -0.61211925745010376 0.79076546430587769 0
vn 0.045386277139186859 0.50063812732696533 0.86446607112884521
vn -0.2269672304391861 0.7185288667678833 0.65742087364196777
vn -0.46197468042373657 0.81820595264434814 0.34222573041915894
vn -0.61211925745010376 0.79076546430587769 0
vn 0.55915564298629761 0.43283367156982422 0.70710676908493042
vn 0.29456576704978943 0.69352972507476807 0.65745532512664795
vn -0.037470836192369461 0.86522132158279419 0.49998798966407776
vn -0.36333134770393372 0.89456641674041748 0.26027145981788635
vn -0.61211925745010376 0.79076546430587769 0
vn 0.45826542377471924 0.82024145126342773 0.3423401415348053
vn 0.087024673819541931 0.96158510446548462 0.26034748554229736
vn -0.29852363467216492 0.94473081827163696 0.13552597165107727
vn -0.61211925745010376 0.79076546430587769 0
vn 0.79076540470123291 0.61211919784545898 -0.00036194350104779005
vn -0.61211925745010376 0.79076546430587769 0
vn -0.56924664974212646 0.73516291379928589 0.36809471249580383
vn -0.5124976634979248 0.66174590587615967 0.54720973968505859
vn -0.43303602933883667 0.55899894237518311 0.70710676908493042
vn -0.33519715070724487 0.43252912163734436 0.83699548244476318
vn -0.22558395564556122 0.29087057709693909 0.92978823184967041
vn 0.50992661714553833 0.8602178692817688 -0.00033653082209639251
vn 0.32690951228141785 0.94505560398101807 -0.00030294508906081319
vn 0.12632195651531219 0.99198925495147705 -0.00025593271129764616
vn -0.079626478254795074 0.99682474136352539 -0.00019805901683866978
vn -0.27806472778320312 0.96056234836578369 -0.00013322949234861881
vn 0.29115447402000427 0.22537814080715179 0.92974931001663208
vn 0.43408843874931335 0.33602112531661987 0.835857093334198
vn 0.66096693277359009 0.51164418458938599 0.54894715547561646
vn 0.73521363735198975 0.56911742687225342 0.36819317936897278
vn -0.79076540470123291 -0.61211919784545898 0.00036194350104779005
vn -0.99198925495147705 0.12632195651531219 0.00025593271129764616
vn -0.61211925745010376 0.79076546430587769 0
vn -0.90891438722610474 -0.23807114362716675 -0.3423401415348053
vn -0.95270675420761108 0.15674518048763275 -0.26034748554229736
vn -0.61211925745010376 0.79076546430587769 0
vn -0.55915564298629761 -0.43283367156982422 -0.70710676908493042
vn -0.74522018432617188 -0.11135238409042358 -0.65745532512664795
vn -0.82821732759475708 0.25311678647994995 -0.49998798966407776
vn -0.61211925745010376 0.79076546430587769 0
vn -0.29115447402000427 -0.22537814080715179 -0.92974931001663208
vn -0.49603524804115295 0.08153216540813446 -0.86446607112884521
vn -0.63871484994888306 0.39980143308639526 -0.65742087364196777
vn -0.61211925745010376 0.79076546430587769 0
vn 0.00028621242381632328 0.00022155258920975029 -0.99999994039535522
vn -0.22505173087120056 0.29128256440162659 -0.92978823184967041
vn -0.61211925745010376 0.79076546430587769 0
vn -0.83976423740386963 0.52576494216918945 -0.13552597165107727
vn -0.61211925745010376 0.79076546430587769 0
vn -0.98209518194198608 0.13397409021854401 -0.13243879377841949
vn -0.85506945848464966 0.51390951871871948 -0.068943314254283905
vn -0.61211925745010376 0.79076546430587769 0
vn -0.67631322145462036 0.65228980779647827 -0.34222573041915894
vn -0.53755843639373779 0.47808307409286499 -0.69459879398345947
vn -0.62365812063217163 0.69304144382476807 -0.36158549785614014
vn -0.8602178692817688 0.50992661714553833 0.00013322949234861881
vn -0.94505560398101807 0.32690951228141785 0.00019805901683866978
vn -0.99682474136352539 -0.079626478254795074 0.00030294508906081319
vn -0.96056228876113892 -0.27806469798088074 0.00033653082209639251
vn -0.73521363735198975 -0.56911742687225342 -0.36819317936897278
vn -0.66096693277359009 -0.51164418458938599 -0.54894715547561646
vn -0.43408843874931335 -0.33602112531661987 -0.835857093334198
vn -0.33471804857254028 0.43289998173713684 -0.83699548244476318
vn -0.43263128399848938 0.55931228399276733 -0.70710676908493042
vn -0.51218444108963013 0.66198837757110596 -0.54720973968505859
vn -0.56903594732284546 0.73532605171203613 -0.36809471249580383
vn -0.00028621242381632328 -0.00022155258920975029 -0.99999994039535522
vn -0.43303602933883667 0.55899894237518311 -0.70710676908493042
vn -0.61211925745010376 0.79076546430587769 0
vn 0.045386277139186859 0.50063812732696533 -0.86446607112884521
vn -0.2269672304391861 0.7185288667678833 -0.65742087364196777
vn -0.46197468042373657 0.81820595264434814 -0.34222573041915894
vn -0.61211925745010376 0.79076546430587769 0
vn 0.29456576704978943 0.69352972507476807 -0.65745532512664795
vn -0.037470836192369461 0.86522132158279419 -0.49998798966407776
vn -0.36333134770393372 0.89456641674041748 -0.26027145981788635
vn -0.61211925745010376 0.79076546430587769 0
vn 0.45826542377471924 0.82024145126342773 -0.3423401415348053
vn 0.087024673819541931 0.96158510446548462 -0.26034748554229736
vn -0.29852363467216492 0.94473081827163696 -0.13552597165107727
vn -0.61211925745010376 0.79076546430587769 0
vn 0.79076540470123291 0.61211919784545898 0.00036194350104779005
vn -0.61211925745010376 0.79076546430587769 0
vn 0.50992661714553833 0.8602178692817688 0.00033653085120022297
vn 0.32690951228141785 0.94505560398101807 0.00030294508906081319
vn 0.12632195651531219 0.99198925495147705 0.00025593271129764616
vn -0.079626478254795074 0.99682474136352539 0.00019805901683866978
vn -0.27806472778320312 0.96056234836578369 0.00013322949234861881
vn 0.29115447402000427 0.22537814080715179 -0.92974931001663208
vn 0.43408843874931335 0.33602112531661987 -0.835857093334198
vn 0.55915564298629761 0.43283367156982422 -0.70710676908493042
vn 0.66096693277359009 0.51164418458938599 -0.54894715547561646
vn 0.73521363735198975 0.56911742687225342 -0.36819317936897278
vn -0.56924664974212646 0.73516291379928589 -0.36809471249580383
vn -0.5124976634979248 0.66174590587615967 -0.54720973968505859
vn -0.33519715070724487 0.43252912163734436 -0.83699548244476318
vn -0.22558395564556122 0.29087057709693909 -0.92978823184967041
vn 0.00028621242381632328 0.00022155257465783507 0.99999994039535522
vn 0.61211925745010376 -0.79076546430587769 0
vn -0.29115447402000427 -0.22537814080715179 0.92974931001663208
vn -0.045386277139186859 -0.50063812732696533 0.86446607112884521
vn 0.2269672304391861 -0.7185288667678833 0.65742087364196777
vn 0.61211925745010376 -0.79076546430587769 0
vn -0.29456576704978943 -0.69352972507476807 0.65745532512664795
vn 0.037470836192369461 -0.86522132158279419 0.49998798966407776
vn 0.61211925745010376 -0.79076546430587769 0
vn -0.73521363735198975 -0.56911742687225342 0.36819317936897278
vn -0.45826542377471924 -0.82024145126342773 0.3423401415348053
vn -0.087024673819541931 -0.96158510446548462 0.26034748554229736
vn 0.61211925745010376 -0.79076546430587769 0
vn -0.79076540470123291 -0.61211919784545898 -0.00036194350104779005
vn 0.61211925745010376 -0.79076546430587769 0
vn 0.46197468042373657 -0.81820595264434814 0.34222573041915894
vn 0.61211925745010376 -0.79076546430587769 0
vn 0.32810238003730774 -0.64021974802017212 0.69459879398345947
vn 0.51462215185165405 -0.77744448184967041 0.36158549785614014
vn 0.27806472778320312 -0.96056234836578369 -0.00013322949234861881
vn 0.61211925745010376 -0.79076546430587769 0
vn 0.29852363467216492 -0.94473081827163696 0.13552597165107727
vn -0.11643436551094055 -0.98432868719100952 0.13243879377841949
vn 0.28321081399917603 -0.95657640695571899 0.068943314254283905
vn 0.56924664974212646 -0.73516291379928589 0.36809471249580383
vn 0.5124976634979248 -0.66174590587615967 0.54720973968505859
vn 0.43303602933883667 -0.55899894237518311 0.70710676908493042
vn 0.33519715070724487 -0.43252912163734436 0.83699548244476318
vn 0.22558395564556122 -0.29087057709693909 0.92978823184967041
vn -0.50992661714553833 -0.8602178692817688 -0.00033653082209639251
vn -0.32690951228141785 -0.94505560398101807 -0.00030294508906081319
vn -0.12632195651531219 -0.99198925495147705 -0.00025593271129764616
vn 0.079626478254795074 -0.99682474136352539 -0.00019805901683866978
vn -0.43408843874931335 -0.33602112531661987 0.835857093334198
vn -0.55915564298629761 -0.43283367156982422 0.70710676908493042
vn -0.66096693277359009 -0.51164418458938599 0.54894715547561646
vn -0.00028621242381632328 -0.00022155258920975029 0.99999994039535522
vn 0.61211925745010376 -0.79076546430587769 0
vn 0.49603524804115295 -0.08153216540813446 0.86446607112884521
vn 0.63871484994888306 -0.39980143308639526 0.65742087364196777
vn 0.67631322145462036 -0.65228980779647827 0.34222573041915894
vn 0.61211925745010376 -0.79076546430587769 0
vn 0.74522018432617188 0.11135238409042358 0.65745532512664795
vn 0.82821732759475708 -0.25311678647994995 0.49998798966407776
vn 0.77495867013931274 -0.5759320855140686 0.26027145981788635
vn 0.61211925745010376 -0.79076546430587769 0
vn 0.90891438722610474 0.23807114362716675 0.3423401415348053
vn 0.95270675420761108 -0.15674518048763275 0.26034748554229736
vn 0.83976423740386963 -0.52576494216918945 0.13552597165107727
vn 0.61211925745010376 -0.79076546430587769 0
vn 0.79076540470123291 0.61211919784545898 -0.00036194350104779005
vn 0.96056228876113892 0.27806469798088074 -0.00033653082209639251
vn 0.99198925495147705 -0.12632195651531219 -0.00025593271129764616
vn 0.61211925745010376 -0.79076546430587769 0
vn 0.56903594732284546 -0.73532605171203613 0.36809471249580383
vn 0.51218444108963013 -0.66198837757110596 0.54720973968505859
vn 0.43263128399848938 -0.55931228399276733 0.70710676908493042
vn 0.33471804857254028 -0.43289998173713684 0.83699548244476318
vn 0.22505173087120056 -0.29128256440162659 0.92978823184967041
vn 0.29115447402000427 0.22537814080715179 0.92974931001663208
vn 0.43408843874931335 0.33602112531661987 0.835857093334198
vn 0.55915564298629761 0.43283367156982422 0.70710676908493042
vn 0.66096693277359009 0.51164418458938599 0.54894715547561646
vn 0.73521363735198975 0.56911742687225342 0.36819317936897278
vn 0.99682474136352539 0.079626478254795074 -0.00030294508906081319
vn 0.94505560398101807 -0.32690951228141785 -0.00019805901683866978
vn 0.8602178692817688 -0.50992661714553833 -0.00013322949234861881
vn -0.79076540470123291 -0.61211919784545898 0.00036194350104779005
vn 0.61211925745010376 -0.79076546430587769 0
vn -0.45826542377471924 -0.82024145126342773 -0.3423401415348053
vn -0.087024673819541931 -0.96158510446548462 -0.26034748554229736
vn 0.29852363467216492 -0.94473081827163696 -0.13552597165107727
vn 0.61211925745010376 -0.79076546430587769 0
vn -0.55915564298629761 -0.43283367156982422 -0.70710676908493042
vn -0.29456576704978943 -0.69352972507476807 -0.65745532512664795
vn 0.037470836192369461 -0.86522132158279419 -0.49998798966407776
vn 0.36333134770393372 -0.89456641674041748 -0.26027145981788635
vn 0.61211925745010376 -0.79076546430587769 0
vn -0.29115447402000427 -0.22537814080715179 -0.92974931001663208
vn -0.045386277139186859 -0.50063812732696533 -0.86446607112884521
vn 0.2269672304391861 -0.7185288667678833 -0.65742087364196777
vn 0.46197468042373657 -0.81820595264434814 -0.34222573041915894
vn 0.61211925745010376 -0.79076546430587769 0
vn 0.00028621242381632328 0.00022155257465783507 -0.99999994039535522
vn 0.61211925745010376 -0.79076546430587769 0
vn 0.27806472778320312 -0.96056234836578369 0.00013322949234861881
vn 0.079626478254795074 -0.99682474136352539 0.00019805901683866978
vn -0.12632195651531219 -0.99198925495147705 0.00025593271129764616
vn -0.32690951228141785 -0.94505560398101807 0.00030294508906081319
vn -0.50992661714553833 -0.8602178692817688 0.00033653082209639251
vn -0.73521363735198975 -0.56911742687225342 -0.36819317936897278
vn -0.66096693277359009 -0.51164418458938599 -0.54894715547561646
vn -0.43408843874931335 -0.33602112531661987 -0.835857093334198
vn 0.22558395564556122 -0.29087057709693909 -0.92978823184967041
vn 0.33519715070724487 -0.43252912163734436 -0.83699548244476318
vn 0.43303602933883667 -0.55899894237518311 -0.70710676908493042
vn 0.5124976634979248 -0.66174590587615967 -0.54720973968505859
vn 0.56924664974212646 -0.73516291379928589 -0.36809471249580383
vn -0.00028621242381632328 -0.00022155257465783507 -0.99999994039535522
vn 0.61211925745010376 -0.79076546430587769 0
vn 0.29115447402000427 0.22537814080715179 -0.92974931001663208
vn 0.49603524804115295 -0.08153216540813446 -0.86446607112884521
vn 0.63871484994888306 -0.39980143308639526 -0.65742087364196777
vn 0.67631322145462036 -0.65228980779647827 -0.34222573041915894
vn 0.61211925745010376 -0.79076546430587769 0
vn 0.55915564298629761 0.43283367156982422 -0.70710676908493042
vn 0.74522018432617188 0.11135238409042358 -0.65745532512664795
vn 0.82821732759475708 -0.25311678647994995 -0.49998798966407776
vn 0.77495867013931274 -0.5759320855140686 -0.26027145981788635
vn 0.61211925745010376 -0.79076546430587769 0
vn 0.90891438722610474 0.23807114362716675 -0.3423401415348053
vn 0.95270675420761108 -0.15674518048763275 -0.26034748554229736
vn 0.83976423740386963 -0.52576494216918945 -0.13552597165107727
vn 0.61211925745010376 -0.79076546430587769 0
vn 0.79076540470123291 0.61211919784545898 0.00036194350104779005
vn 0.99198925495147705 -0.12632195651531219 0.00025593271129764616
vn 0.61211925745010376 -0.79076546430587769 0
vn 0.56903594732284546 -0.73532605171203613 -0.36809471249580383
vn 0.51218444108963013 -0.66198837757110596 -0.54720973968505859
vn 0.43263128399848938 -0.55931228399276733 -0.70710676908493042
vn 0.33471804857254028 -0.43289998173713684 -0.83699548244476318
vn 0.22505173087120056 -0.29128256440162659 -0.92978823184967041
vn 0.96056228876113892 0.27806469798088074 0.00033653082209639251
vn 0.99682474136352539 0.079626478254795074 0.00030294508906081319
vn 0.94505560398101807 -0.32690951228141785 0.00019805901683866978
vn 0.8602178692817688 -0.50992661714553833 0.00013322949234861881
vn 0.43408843874931335 0.33602112531661987 -0.835857093334198
vn 0.66096693277359009 0.51164418458938599 -0.54894715547561646
vn 0.73521363735198975 0.56911742687225342 -0.36819317936897278
f 2/2/2 4/4/4 1/1/1
f 7/7/7 3/3/3 4/4/4
f 2/2/2 5/5/5 6/6/6 7/7/7
f 4/4/4 2/2/2 7/7/7
f 8/8/8 9/9/9 10/10/10 11/11/11
f 14/14/14 15/15/15 12/12/12 18/18/18
f 17/17/17 18/18/18 16/16/16
f 17/17/17 13/13/13 14/14/14
f 18/18/18 17/17/17 14/14/14
f 23/23/23 19/19/19 20/20/20 24/24/24
f 22/22/22 23/23/23 24/24/24 21/21/21
f 48/48/48 40/40/40 49/49/49
f 39/39/39 49/49/49 40/40/40
f 39/39/39 50/50/50 49/49/49
f 32/32/32 50/50/50 39/39/39
f 30/30/30 41/41/41 40/40/40
f 41/41/41 30/30/30 29/29/29
f 29/29/29 28/28/28 41/41/41
f 48/48/48 30/30/30 40/40/40
f 39/39/39 25/25/25 33/33/33
f 57/57/57 56/56/56 25/25/25
f 33/33/33 25/25/25 56/56/56
f 32/32/32 39/39/39 33/33/33
f 25/25/25 58/58/58 57/57/57
f 35/35/35 37/37/37 36/36/36
f 38/38/38 37/37/37 35/35/35
f 36/36/36 25/25/25 35/35/35
f 58/58/58 25/25/25 36/36/36
f 47/47/47 42/42/42 28/28/28
f 41/41/41 28/28/28 42/42/42
f 42/42/42 47/47/47 46/46/46
f 46/46/46 45/45/45 42/42/42
f 44/44/44 31/31/31 45/45/45
f 42/42/42 45/45/45 31/31/31
f 31/31/31 44/44/44 43/43/43
f 43/43/43 27/27/27 31/31/31
f 34/34/34 53/53/53 52/52/52
f 34/34/34 51/51/51 38/38/38
f 51/51/51 34/34/34 52/52/52
f 34/34/34 27/27/27 26/26/26
f 34/34/34 55/55/55 54/54/54
f 26/26/26 55/55/55 34/34/34
f 53/53/53 34/34/34 54/54/54
f 34/34/34 31/31/31 27/27/27
f 35/35/35 34/34/34 38/38/38
f 61/61/61 59/59/59 80/80/80
f 79/79/79 80/80/80 59/59/59
f 62/62/62 59/59/59 61/61/61
f 59/59/59 72/72/72 78/78/78
f 59/59/59 78/78/78 79/79/79
f 64/64/64 72/72/72 59/59/59
f 84/84/84 63/63/63 62/62/62
f 59/59/59 62/62/62 63/63/63
f 85/85/85 63/63/63 84/84/84
f 63/63/63 85/85/85 86/86/86
f 65/65/65 70/70/70 63/63/63
f 70/70/70 65/65/65 66/66/66
f 86/86/86 65/65/65 63/63/63
f 72/72/72 64/64/64 71/71/71
f 60/60/60 77/77/77 71/71/71
f 60/60/60 76/76/76 77/77/77
f 74/74/74 75/75/75 60/60/60
f 76/76/76 60/60/60 75/75/75
f 60/60/60 73/73/73 74/74/74
f 73/73/73 60/60/60 68/68/68
f 60/60/60 71/71/71 64/64/64
f 69/69/69 81/81/81 82/82/82
f 69/69/69 66/66/66 81/81/81
f 69/69/69 67/67/67 68/68/68
f 82/82/82 83/83/83 69/69/69
f 67/67/67 69/69/69 83/83/83
f 69/69/69 68/68/68 60/60/60
f 70/70/70 66/66/66 69/69/69
f 90/90/90 89/89/89 87/87/87
f 91/91/91 89/89/89 90/90/90
f 89/89/89 91/91/91 88/88/88
f 90/90/90 92/92/92 91/91/91
f 97/97/97 95/95/95 94/94/94 93/93/93
f 96/96/96 98/98/98 95/95/95 97/97/97
f 99/99/99 104/104/104 103/103/103
f 101/101/101 104/104/104 99/99/99
f 104/104/104 101/101/101 100/100/100
f 99/99/99 102/102/102 101/101/101
f 108/108/108 105/105/105 107/107/107
f 106/106/106 109/109/109 107/107/107
f 108/108/108 107/107/107 109/109/109
f 119/119/119 114/114/114 122/122/122 123/123/123
f 127/127/127 126/126/126 114/114/114 119/119/119
f 113/113/113 110/110/110 140/140/140
f 113/113/113 139/139/139 138/138/138
f 113/113/113 138/138/138 137/137/137
f 139/139/139 113/113/113 140/140/140
f 122/122/122 136/136/136 135/135/135
f 137/137/137 122/122/122 114/114/114
f 122/122/122 137/137/137 136/136/136
f 111/111/111 122/122/122 134/134/134
f 135/135/135 134/134/134 122/122/122
f 133/133/133 122/122/122 111/111/111
f 114/114/114 113/113/113 137/137/137
f 132/132/132 122/122/122 133/133/133
f 123/123/123 131/131/131 121/121/121
f 123/123/123 121/121/121 130/130/130
f 131/131/131 123/123/123 132/132/132
f 129/129/129 123/123/123 130/130/130
f 132/132/132 123/123/123 122/122/122
f 120/120/120 115/115/115 119/119/119 123/123/123
f 123/123/123 129/129/129 128/128/128 120/120/120
f 112/112/112 120/120/120 128/128/128
f 114/114/114 144/144/144 143/143/143 113/113/113
f 141/141/141 113/113/113 142/142/142
f 143/143/143 142/142/142 113/113/113
f 126/126/126 144/144/144 114/114/114
f 126/126/126 145/145/145 144/144/144
f 126/126/126 146/146/146 145/145/145
f 126/126/126 117/117/117 147/147/147
f 126/126/126 148/148/148 117/117/117
f 126/126/126 147/147/147 146/146/146
f 149/149/149 148/148/148 126/126/126
f 127/127/127 150/150/150 149/149/149 126/126/126
f 127/127/127 119/119/119 115/115/115 125/125/125
f 127/127/127 125/125/125 152/152/152
f 127/127/127 124/124/124 150/150/150
f 127/127/127 151/151/151 124/124/124
f 125/125/125 153/153/153 152/152/152
f 125/125/125 118/118/118 153/153/153
f 127/127/127 152/152/152 151/151/151
f 141/141/141 116/116/116 113/113/113
f 181/181/181 154/154/154 157/157/157 160/160/160
f 180/180/180 181/181/181 161/161/161 162/162/162
f 160/160/160 161/161/161 181/181/181
f 178/178/178 179/179/179 163/163/163 164/164/164
f 179/179/179 180/180/180 158/158/158 163/163/163
f 155/155/155 178/178/178 165/165/165 166/166/166
f 177/177/177 155/155/155 166/166/166 167/167/167
f 175/175/175 176/176/176 169/169/169 170/170/170
f 156/156/156 174/174/174 173/173/173 159/159/159
f 174/174/174 175/175/175 171/171/171 172/172/172
f 176/176/176 177/177/177 168/168/168 169/169/169
f 180/180/180 162/162/162 158/158/158
f 178/178/178 164/164/164 165/165/165
f 174/174/174 172/172/172 173/173/173
f 175/175/175 170/170/170 171/171/171
f 177/177/177 167/167/167 168/168/168
f 185/185/185 211/211/211 182/182/182
f 210/210/210 212/212/212 209/209/209
f 210/210/210 211/211/211 185/185/185
f 208/208/208 209/209/209 212/212/212
f 208/208/208 212/212/212 183/183/183
f 212/212/212 185/185/185 193/193/193 194/194/194
f 212/212/212 210/210/210 185/185/185
f 213/213/213 206/206/206 207/207/207
f 213/213/213 204/204/204 205/205/205
f 205/205/205 206/206/206 213/213/213
f 213/213/213 186/186/186 204/204/204
f 212/212/212 199/199/199 213/213/213
f 186/186/186 184/184/184 204/204/204
f 186/186/186 213/213/213 202/202/202 203/203/203
f 212/212/212 213/213/213 207/207/207
f 212/212/212 207/207/207 183/183/183
f 185/185/185 187/187/187 191/191/191
f 185/185/185 191/191/191 192/192/192
f 185/185/185 192/192/192 193/193/193
f 212/212/212 195/195/195 196/196/196
f 212/212/212 197/197/197 188/188/188
f 212/212/212 196/196/196 197/197/197
f 212/212/212 194/194/194 195/195/195
f 212/212/212 198/198/198 199/199/199
f 213/213/213 200/200/200 189/189/189
f 213/213/213 199/199/199 200/200/200
f 213/213/213 201/201/201 202/202/202
f 186/186/186 203/203/203 190/190/190
f 213/213/213 189/189/189 201/201/201
f 212/212/212 188/188/188 198/198/198
f 216/216/216 243/243/243 214/214/214
f 244/244/244 241/241/241 242/242/242
f 242/242/242 243/243/243 216/216/216
f 219/219/219 244/244/244 216/216/216
f 239/239/239 240/240/240 244/244/244
f 244/244/244 240/240/240 241/241/241
f 245/245/245 244/244/244 228/228/228 229/229/229
f 216/216/216 244/244/244 242/242/242
f 238/238/238 239/239/239 244/244/244
f 245/245/245 236/236/236 237/237/237
f 237/237/237 238/238/238 245/245/245
f 245/245/245 217/217/217 235/235/235 236/236/236
f 235/235/235 217/217/217 215/215/215
f 217/217/217 245/245/245 232/232/232 233/233/233
f 238/238/238 244/244/244 245/245/245
f 216/216/216 218/218/218 222/222/222
f 216/216/216 222/222/222 223/223/223
f 216/216/216 224/224/224 219/219/219
f 216/216/216 223/223/223 224/224/224
f 244/244/244 225/225/225 226/226/226
f 244/244/244 227/227/227 220/220/220
f 244/244/244 226/226/226 227/227/227
f 244/244/244 219/219/219 225/225/225
f 245/245/245 230/230/230 231/231/231
f 245/245/245 229/229/229 230/230/230
f 217/217/217 234/234/234 221/221/221
f 217/217/217 233/233/233 234/234/234
f 245/245/245 231/231/231 232/232/232
f 244/244/244 220/220/220 228/228/228
f 264/264/264 265/265/265 249/249/249 246/246/246
f 262/262/262 267/267/267 266/266/266 263/263/263
f 263/263/263 266/266/266 265/265/265 264/264/264
f 260/260/260 269/269/269 268/268/268 261/261/261
f 258/258/258 271/271/271 270/270/270 259/259/259
f 259/259/259 270/270/270 269/269/269 260/260/260
f 261/261/261 268/268/268 267/267/267 262/262/262
f 257/257/257 273/273/273 272/272/272 247/247/247
f 255/255/255 275/275/275 274/274/274 256/256/256
f 256/256/256 274/274/274 273/273/273 257/257/257
f 253/253/253 277/277/277 276/276/276 254/254/254
f 251/251/251 279/279/279 278/278/278 252/252/252
f 248/248/248 250/250/250 279/279/279 251/251/251
f 252/252/252 278/278/278 277/277/277 253/253/253
f 254/254/254 276/276/276 275/275/275 255/255/255
f 247/247/247 272/272/272 271/271/271 258/258/258
f 313/313/313 280/280/280 282/282/282 285/285/285
f 311/311/311 312/312/312 286/286/286 287/287/287
f 312/312/312 313/313/313 285/285/285 286/286/286
f 309/309/309 310/310/310 288/288/288 289/289/289
f 307/307/307 308/308/308 290/290/290 291/291/291
f 308/308/308 309/309/309 289/289/289 290/290/290
f 310/310/310 311/311/311 287/287/287 288/288/288
f 305/305/305 306/306/306 283/283/283 292/292/292
f 303/303/303 304/304/304 293/293/293 294/294/294
f 304/304/304 305/305/305 292/292/292 293/293/293
f 301/301/301 302/302/302 295/295/295 296/296/296
f 299/299/299 300/300/300 297/297/297 298/298/298
f 281/281/281 299/299/299 298/298/298 284/284/284
f 300/300/300 301/301/301 296/296/296 297/297/297
f 302/302/302 303/303/303 294/294/294 295/295/295
f 306/306/306 307/307/307 291/291/291 283/283/283
f 334/334/334 314/314/314 316/316/316 335/335/335
f 332/332/332 333/333/333 336/336/336 337/337/337
f 333/333/333 334/334/334 335/335/335 336/336/336
f 330/330/330 331/331/331 338/338/338 339/339/339
f 328/328/328 329/329/329 340/340/340 341/341/341
f 329/329/329 330/330/330 339/339/339 340/340/340
f 331/331/331 332/332/332 337/337/337 338/338/338
f 326/326/326 327/327/327 317/317/317 342/342/342
f 324/324/324 325/325/325 343/343/343 344/344/344
f 325/325/325 326/326/326 342/342/342 343/343/343
f 322/322/322 323/323/323 318/318/318 345/345/345
f 320/320/320 321/321/321 346/346/346 347/347/347
f 315/315/315 320/320/320 347/347/347 319/319/319
f 321/321/321 322/322/322 345/345/345 346/346/346
f 323/323/323 324/324/324 344/344/344 318/318/318
f 327/327/327 328/328/328 341/341/341 317/317/317
f 351/351/351 348/348/348 368/368/368
f 351/351/351 367/367/367 366/366/366
f 367/367/367 351/351/351 368/368/368
f 384/384/384 365/365/365 364/364/364
f 366/366/366 365/365/365 351/351/351
f 364/364/364 363/363/363 384/384/384
f 363/363/363 362/362/362 384/384/384
f 365/365/365 384/384/384 351/351/351
f 384/384/384 361/361/361 360/360/360
f 359/359/359 358/358/358 385/385/385
f 358/358/358 349/349/349 385/385/385
f 359/359/359 384/384/384 360/360/360
f 385/385/385 357/357/357 356/356/356
f 357/357/357 385/385/385 349/349/349
f 356/356/356 355/355/355 352/352/352
f 355/355/355 350/350/350 352/352/352
f 359/359/359 385/385/385 384/384/384
f 384/384/384 362/362/362 361/361/361
f 384/384/384 372/372/372 351/351/351
f 369/369/369 351/351/351 370/370/370
f 371/371/371 351/351/351 372/372/372
f 370/370/370 351/351/351 371/371/371
f 373/373/373 384/384/384 374/374/374
f 375/375/375 384/384/384 376/376/376
f 376/376/376 384/384/384 377/377/377
f 374/374/374 384/384/384 375/375/375
f 372/372/372 384/384/384 373/373/373
f 385/385/385 378/378/378 377/377/377 384/384/384
f 352/352/352 382/382/382 381/381/381 385/385/385
f 378/378/378 385/385/385 379/379/379
f 379/379/379 385/385/385 380/380/380
f 356/356/356 352/352/352 385/385/385
f 385/385/385 381/381/381 380/380/380
f 352/352/352 383/383/383 382/382/382
f 352/352/352 354/354/354 383/383/383
f 353/353/353 351/351/351 369/369/369
f 388/388/388 421/421/421 386/386/386
f 388/388/388 419/419/419 420/420/420
f 420/420/420 421/421/421 388/388/388
f 417/417/417 418/418/418 388/388/388
f 419/419/419 388/388/388 418/418/418
f 388/388/388 416/416/416 417/417/417
f 388/388/388 415/415/415 416/416/416
f 415/415/415 388/388/388 414/414/414
f 414/414/414 389/389/389 413/413/413
f 412/412/412 389/389/389 411/411/411
f 389/389/389 412/412/412 413/413/413
f 410/410/410 389/389/389 409/409/409
f 408/408/408 389/389/389 407/407/407
f 407/407/407 389/389/389 387/387/387
f 389/389/389 408/408/408 409/409/409
f 389/389/389 410/410/410 411/411/411
f 388/388/388 389/389/389 414/414/414
f 392/392/392 393/393/393 388/388/388
f 394/394/394 395/395/395 388/388/388
f 393/393/393 394/394/394 388/388/388
f 396/396/396 397/397/397 388/388/388
f 398/398/398 399/399/399 388/388/388
f 389/389/389 388/388/388 399/399/399 400/400/400
f 397/397/397 398/398/398 388/388/388
f 395/395/395 396/396/396 388/388/388
f 389/389/389 400/400/400 401/401/401
f 403/403/403 389/389/389 402/402/402
f 401/401/401 402/402/402 389/389/389
f 389/389/389 403/403/403 404/404/404
f 389/389/389 405/405/405 406/406/406
f 389/389/389 406/406/406 391/391/391
f 389/389/389 404/404/404 405/405/405
f 390/390/390 392/392/392 388/388/388
f 425/425/425 436/436/436 422/422/422
f 425/425/425 435/435/435 436/436/436
f 446/446/446 433/433/433 434/434/434
f 434/434/434 435/435/435 446/446/446
f 435/435/435 425/425/425 446/446/446
f 446/446/446 432/432/432 423/423/423
f 432/432/432 447/447/447 431/431/431
f 447/447/447 429/429/429 430/430/430
f 430/430/430 431/431/431 447/447/447
f 429/429/429 426/426/426 424/424/424
f 447/447/447 432/432/432 446/446/446
f 446/446/446 423/423/423 433/433/433
f 446/446/446 425/425/425 438/438/438 439/439/439
f 437/437/437 438/438/438 425/425/425
f 440/440/440 441/441/441 446/446/446
f 441/441/441 442/442/442 446/446/446
f 439/439/439 440/440/440 446/446/446
f 426/426/426 447/447/447 444/444/444 445/445/445
f 447/447/447 446/446/446 442/442/442 443/443/443
f 429/429/429 447/447/447 426/426/426
f 447/447/447 443/443/443 444/444/444
f 426/426/426 445/445/445 428/428/428
f 427/427/427 437/437/437 425/425/425
f 475/475/475 452/452/452 450/450/450 448/448/448
f 474/474/474 454/454/454 453/453/453 475/475/475
f 452/452/452 475/475/475 453/453/453
f 472/472/472 457/457/457 456/456/456 473/473/473
f 473/473/473 456/456/456 455/455/455 474/474/474
f 471/471/471 459/459/459 458/458/458 472/472/472
f 470/470/470 460/460/460 459/459/459 471/471/471
f 468/468/468 463/463/463 462/462/462 469/469/469
f 449/449/449 451/451/451 466/466/466 467/467/467
f 467/467/467 465/465/465 464/464/464 468/468/468
f 469/469/469 462/462/462 461/461/461 470/470/470
f 474/474/474 455/455/455 454/454/454
f 472/472/472 458/458/458 457/457/457
f 467/467/467 466/466/466 465/465/465
f 468/468/468 464/464/464 463/463/463
f 470/470/470 461/461/461 460/460/460
f 509/509/509 476/476/476 478/478/478 481/481/481
f 507/507/507 508/508/508 482/482/482 483/483/483
f 508/508/508 509/509/509 481/481/481 482/482/482
f 505/505/505 506/506/506 484/484/484 485/485/485
f 503/503/503 504/504/504 486/486/486 487/487/487
f 504/504/504 505/505/505 485/485/485 486/486/486
f 506/506/506 507/507/507 483/483/483 484/484/484
f 501/501/501 502/502/502 488/488/488 489/489/489
f 499/499/499 500/500/500 490/490/490 491/491/491
f 500/500/500 501/501/501 489/489/489 490/490/490
f 497/497/497 498/498/498 479/479/479 492/492/492
f 495/495/495 496/496/496 493/493/493 494/494/494
f 477/477/477 495/495/495 494/494/494 480/480/480
f 496/496/496 497/497/497 492/492/492 493/493/493
f 498/498/498 499/499/499 491/491/491 479/479/479
f 502/502/502 503/503/503 487/487/487 488/488/488
f 513/513/513 521/521/521 510/510/510
f 526/526/526 519/519/519 520/520/520
f 521/521/521 513/513/513 520/520/520
f 519/519/519 526/526/526 518/518/518
f 512/512/512 511/511/511 526/526/526 514/514/514
f 526/526/526 511/511/511 518/518/518
f 523/523/523 520/520/520 513/513/513
f 522/522/522 523/523/523 513/513/513
f 526/526/526 523/523/523 524/524/524
f 520/520/520 523/523/523 526/526/526
f 514/514/514 526/526/526 516/516/516 517/517/517
f 526/526/526 525/525/525 516/516/516
f 525/525/525 526/526/526 524/524/524
f 515/515/515 522/522/522 513/513/513
f 536/536/536 527/527/527 530/530/530 537/537/537
f 535/535/535 536/536/536 537/537/537 538/538/538
f 534/534/534 528/528/528 531/531/531 539/539/539
f 529/529/529 533/533/533 540/540/540 532/532/532
f 533/533/533 534/534/534 539/539/539 540/540/540
f 528/528/528 535/535/535 538/538/538 531/531/531
f 543/543/543 556/556/556 541/541/541
f 557/557/557 554/554/554 555/555/555
f 555/555/555 556/556/556 557/557/557
f 554/554/554 557/557/557 553/553/553
f 552/552/552 544/544/544 542/542/542
f 557/557/557 552/552/552 553/553/553
f 543/543/543 557/557/557 556/556/556
f 557/557/557 543/543/543 545/545/545 547/547/547
f 557/557/557 547/547/547 548/548/548
f 549/549/549 557/557/557 548/548/548
f 557/557/557 550/550/550 551/551/551
f 549/549/549 550/550/550 557/557/557
f 557/557/557 551/551/551 544/544/544
f 544/544/544 551/551/551 546/546/546
f 552/552/552 557/557/557 544/544/544
f 566/566/566 558/558/558 560/560/560 567/567/567
f 565/565/565 566/566/566 567/567/567 568/568/568
f 563/563/563 564/564/564 569/569/569 570/570/570
f 559/559/559 562/562/562 571/571/571 561/561/561
f 562/562/562 563/563/563 570/570/570 571/571/571
f 564/564/564 565/565/565 568/568/568 569/569/569
f 580/580/580 581/581/581 574/574/574 572/572/572
f 579/579/579 582/582/582 581/581/581 580/580/580
f 577/577/577 584/584/584 583/583/583 578/578/578
f 573/573/573 575/575/575 585/585/585 576/576/576
f 576/576/576 585/585/585 584/584/584 577/577/577
f 578/578/578 583/583/583 582/582/582 579/579/579
f 599/599/599 590/590/590 588/588/588 586/586/586
f 598/598/598 591/591/591 590/590/590 599/599/599
f 596/596/596 593/593/593 592/592/592 597/597/597
f 587/587/587 589/589/589 594/594/594 595/595/595
f 595/595/595 594/594/594 593/593/593 596/596/596
f 597/597/597 592/592/592 591/591/591 598/598/598
f 608/608/608 609/609/609 603/603/603 600/600/600
f 607/607/607 610/610/610 609/609/609 608/608/608
f 605/605/605 612/612/612 611/611/611 606/606/606
f 602/602/602 604/604/604 613/613/613 601/601/601
f 601/601/601 613/613/613 612/612/612 605/605/605
f 606/606/606 611/611/611 610/610/610 607/607/607
f 627/627/627 620/620/620 617/617/617 614/614/614
f 626/626/626 621/621/621 620/620/620 627/627/627
f 624/624/624 622/622/622 618/618/618 625/625/625
f 616/616/616 619/619/619 623/623/623 615/615/615
f 615/615/615 623/623/623 622/622/622 624/624/624
f 625/625/625 618/618/618 621/621/621 626/626/626
f 642/642/642 635/635/635 634/634/634 643/643/643
f 640/640/640 637/637/637 636/636/636 641/641/641
f 641/641/641 636/636/636 635/635/635 642/642/642
f 638/638/638 639/639/639 632/632/632
f 639/639/639 628/628/628 632/632/632
f 639/639/639 638/638/638 637/637/637 640/640/640
f 630/630/630 629/629/629 643/643/643
f 634/634/634 633/633/633 630/630/630
f 638/638/638 632/632/632 631/631/631
f 634/634/634 630/630/630 643/643/643
f 651/651/651 653/653/653 652/652/652 645/645/645
f 650/650/650 654/654/654 653/653/653 651/651/651
f 648/648/648 656/656/656 655/655/655 649/649/649
f 644/644/644 646/646/646 657/657/657 647/647/647
f 647/647/647 657/657/657 656/656/656 648/648/648
f 649/649/649 655/655/655 654/654/654 650/650/650
f 659/659/659 658/658/658 672/672/672
f 673/673/673 671/671/671 670/670/670
f 672/672/672 671/671/671 659/659/659
f 670/670/670 669/669/669 673/673/673
f 668/668/668 667/667/667 673/673/673
f 673/673/673 669/669/669 668/668/668
f 663/663/663 659/659/659 671/671/671
f 662/662/662 659/659/659 663/663/663
f 673/673/673 664/664/664 663/663/663
f 671/671/671 673/673/673 663/663/663
f 666/666/666 665/665/665 673/673/673
f 664/664/664 673/673/673 665/665/665
f 673/673/673 660/660/660 666/666/666
f 667/667/667 660/660/660 673/673/673
f 661/661/661 659/659/659 662/662/662
f 675/675/675 674/674/674 689/689/689
f 690/690/690 688/688/688 687/687/687
f 688/688/688 690/690/690 689/689/689
f 687/687/687 686/686/686 690/690/690
f 685/685/685 684/684/684 676/676/676
f 690/690/690 686/686/686 685/685/685
f 675/675/675 689/689/689 690/690/690
f 690/690/690 680/680/680 679/679/679 675/675/675
f 678/678/678 675/675/675 679/679/679
f 681/681/681 680/680/680 690/690/690
f 690/690/690 683/683/683 682/682/682
f 681/681/681 690/690/690 682/682/682
f 690/690/690 676/676/676 683/683/683
f 676/676/676 677/677/677 683/683/683
f 685/685/685 676/676/676 690/690/690
f 700/700/700 699/699/699 693/693/693 694/694/694
f 701/701/701 700/700/700 694/694/694 695/695/695
f 702/702/702 701/701/701 695/695/695 696/696/696
f 703/703/703 702/702/702 696/696/696 697/697/697
f 704/704/704 703/703/703 697/697/697 698/698/698
f 706/706/706 705/705/705 699/699/699 700/700/700
f 707/707/707 706/706/706 700/700/700 701/701/701
f 708/708/708 707/707/707 701/701/701 702/702/702
f 709/709/709 708/708/708 702/702/702 703/703/703
f 710/710/710 709/709/709 703/703/703 704/704/704
f 712/712/712 711/711/711 706/706/706 707/707/707
f 713/713/713 712/712/712 707/707/707 708/708/708
f 714/714/714 713/713/713 708/708/708 709/709/709
f 716/716/716 715/715/715 711/711/711 712/712/712
f 717/717/717 716/716/716 712/712/712 713/713/713
f 714/714/714 717/717/717 713/713/713
f 719/719/719 718/718/718 716/716/716 717/717/717
f 759/759/759 720/720/720 691/691/691
f 693/693/693 720/720/720 759/759/759
f 758/758/758 757/757/757 694/694/694
f 758/758/758 694/694/694 693/693/693
f 756/756/756 695/695/695 694/694/694 757/757/757
f 693/693/693 759/759/759 758/758/758
f 693/693/693 721/721/721 720/720/720
f 699/699/699 722/722/722 693/693/693
f 699/699/699 723/723/723 722/722/722
f 723/723/723 699/699/699 724/724/724
f 724/724/724 699/699/699 705/705/705
f 705/705/705 725/725/725 724/724/724
f 722/722/722 721/721/721 693/693/693
f 755/755/755 695/695/695 756/756/756
f 753/753/753 697/697/697 696/696/696 754/754/754
f 753/753/753 752/752/752 697/697/697
f 698/698/698 751/751/751 750/750/750
f 751/751/751 692/692/692 750/750/750
f 752/752/752 751/751/751 698/698/698
f 696/696/696 755/755/755 754/754/754
f 748/748/748 704/704/704 698/698/698
f 752/752/752 698/698/698 697/697/697
f 748/748/748 698/698/698 749/749/749
f 704/704/704 748/748/748 747/747/747
f 704/704/704 747/747/747 746/746/746
f 746/746/746 710/710/710 704/704/704
f 750/750/750 749/749/749 698/698/698
f 696/696/696 695/695/695 755/755/755
f 706/706/706 726/726/726 705/705/705
f 727/727/727 726/726/726 711/711/711
f 711/711/711 726/726/726 706/706/706
f 711/711/711 715/715/715 728/728/728
f 729/729/729 728/728/728 715/715/715
f 711/711/711 728/728/728 727/727/727
f 725/725/725 705/705/705 726/726/726
f 715/715/715 731/731/731 730/730/730
f 716/716/716 731/731/731 715/715/715
f 732/732/732 731/731/731 718/718/718
f 718/718/718 731/731/731 716/716/716
f 718/718/718 734/734/734 733/733/733
f 718/718/718 733/733/733 732/732/732
f 734/734/734 718/718/718 736/736/736
f 729/729/729 715/715/715 730/730/730
f 714/714/714 709/709/709 744/744/744
f 717/717/717 714/714/714 741/741/741
f 742/742/742 741/741/741 714/714/714
f 742/742/742 714/714/714 743/743/743
f 746/746/746 745/745/745 710/710/710
f 744/744/744 710/710/710 745/745/745
f 709/709/709 710/710/710 744/744/744
f 744/744/744 743/743/743 714/714/714
f 738/738/738 737/737/737 719/719/719
f 736/736/736 719/719/719 737/737/737
f 718/718/718 719/719/719 736/736/736
f 741/741/741 740/740/740 717/717/717
f 740/740/740 739/739/739 717/717/717
f 739/739/739 738/738/738 719/719/719
f 739/739/739 719/719/719 717/717/717
f 734/734/734 736/736/736 735/735/735
f 769/769/769 768/768/768 762/762/762 763/763/763
f 770/770/770 769/769/769 763/763/763 764/764/764
f 771/771/771 770/770/770 764/764/764 765/765/765
f 772/772/772 771/771/771 765/765/765 766/766/766
f 773/773/773 772/772/772 766/766/766 767/767/767
f 775/775/775 774/774/774 768/768/768 769/769/769
f 776/776/776 775/775/775 769/769/769 770/770/770
f 777/777/777 776/776/776 770/770/770 771/771/771
f 778/778/778 777/777/777 771/771/771 772/772/772
f 779/779/779 778/778/778 772/772/772 773/773/773
f 781/781/781 780/780/780 775/775/775 776/776/776
f 782/782/782 781/781/781 776/776/776 777/777/777
f 783/783/783 782/782/782 777/777/777 778/778/778
f 785/785/785 784/784/784 780/780/780 781/781/781
f 786/786/786 785/785/785 781/781/781 782/782/782
f 783/783/783 786/786/786 782/782/782
f 788/788/788 787/787/787 785/785/785 786/786/786
f 804/804/804 760/760/760 803/803/803
f 762/762/762 802/802/802 801/801/801
f 802/802/802 804/804/804 803/803/803
f 763/763/763 800/800/800 799/799/799
f 764/764/764 798/798/798 797/797/797
f 798/798/798 763/763/763 799/799/799
f 800/800/800 762/762/762 801/801/801
f 805/805/805 804/804/804 762/762/762
f 762/762/762 806/806/806 805/805/805
f 806/806/806 768/768/768 807/807/807
f 762/762/762 800/800/800 763/763/763
f 768/768/768 806/806/806 762/762/762
f 763/763/763 798/798/798 764/764/764
f 762/762/762 804/804/804 802/802/802
f 796/796/796 764/764/764 797/797/797
f 765/765/765 796/796/796 795/795/795
f 766/766/766 794/794/794 793/793/793
f 794/794/794 765/765/765 795/795/795
f 767/767/767 792/792/792 791/791/791
f 834/834/834 790/790/790 789/789/789
f 790/790/790 767/767/767 791/791/791
f 792/792/792 766/766/766 793/793/793
f 766/766/766 792/792/792 767/767/767
f 832/832/832 773/773/773 767/767/767
f 767/767/767 790/790/790 834/834/834
f 761/761/761 834/834/834 789/789/789
f 833/833/833 832/832/832 767/767/767
f 767/767/767 834/834/834 833/833/833
f 831/831/831 773/773/773 832/832/832
f 830/830/830 773/773/773 831/831/831
f 765/765/765 794/794/794 766/766/766
f 765/765/765 764/764/764 796/796/796
f 808/808/808 807/807/807 768/768/768
f 809/809/809 808/808/808 774/774/774
f 774/774/774 810/810/810 809/809/809
f 775/775/775 810/810/810 774/774/774
f 780/780/780 810/810/810 775/775/775
f 780/780/780 812/812/812 811/811/811
f 780/780/780 811/811/811 810/810/810
f 784/784/784 812/812/812 780/780/780
f 814/814/814 813/813/813 784/784/784
f 812/812/812 784/784/784 813/813/813
f 784/784/784 815/815/815 814/814/814
f 785/785/785 815/815/815 784/784/784
f 787/787/787 815/815/815 785/785/785
f 787/787/787 818/818/818 817/817/817
f 816/816/816 787/787/787 817/817/817
f 787/787/787 816/816/816 815/815/815
f 818/818/818 787/787/787 820/820/820
f 783/783/783 778/778/778 828/828/828
f 783/783/783 827/827/827 826/826/826
f 826/826/826 825/825/825 783/783/783
f 827/827/827 783/783/783 828/828/828
f 829/829/829 779/779/779 830/830/830
f 779/779/779 773/773/773 830/830/830
f 779/779/779 829/829/829 828/828/828
f 828/828/828 778/778/778 779/779/779
f 823/823/823 788/788/788 786/786/786
f 787/787/787 788/788/788 820/820/820
f 818/818/818 820/820/820 819/819/819
f 821/821/821 820/820/820 788/788/788
f 824/824/824 786/786/786 825/825/825
f 786/786/786 824/824/824 823/823/823
f 823/823/823 822/822/822 788/788/788
f 822/822/822 821/821/821 788/788/788
f 783/783/783 825/825/825 786/786/786
f 774/774/774 808/808/808 768/768/768
f 839/839/839 838/838/838 835/835/835 836/836/836
f 841/841/841 840/840/840 837/837/837 838/838/838
f 842/842/842 841/841/841 838/838/838 839/839/839
f 839/839/839 843/843/843 842/842/842
f 844/844/844 840/840/840 845/845/845
f 846/846/846 845/845/845 840/840/840 841/841/841
f 847/847/847 846/846/846 841/841/841 842/842/842
f 848/848/848 847/847/847 842/842/842 843/843/843
f 851/851/851 850/850/850 844/844/844 845/845/845
f 852/852/852 851/851/851 845/845/845 846/846/846
f 853/853/853 852/852/852 846/846/846 847/847/847
f 854/854/854 853/853/853 847/847/847 848/848/848
f 855/855/855 854/854/854 848/848/848 849/849/849
f 857/857/857 856/856/856 850/850/850 851/851/851
f 858/858/858 857/857/857 851/851/851 852/852/852
f 859/859/859 858/858/858 852/852/852 853/853/853
f 860/860/860 859/859/859 853/853/853 854/854/854
f 861/861/861 860/860/860 854/854/854 855/855/855
f 883/883/883 835/835/835 838/838/838
f 883/883/883 837/837/837 884/884/884
f 835/835/835 881/881/881 880/880/880
f 881/881/881 835/835/835 882/882/882
f 883/883/883 882/882/882 835/835/835
f 835/835/835 880/880/880 878/878/878
f 837/837/837 885/885/885 884/884/884
f 888/888/888 887/887/887 840/840/840
f 888/888/888 844/844/844 889/889/889
f 890/890/890 889/889/889 844/844/844
f 844/844/844 888/888/888 840/840/840
f 883/883/883 838/838/838 837/837/837
f 837/837/837 840/840/840 886/886/886
f 887/887/887 886/886/886 840/840/840
f 886/886/886 885/885/885 837/837/837
f 879/879/879 878/878/878 880/880/880
f 878/878/878 836/836/836 835/835/835
f 877/877/877 836/836/836 878/878/878
f 876/876/876 836/836/836 877/877/877
f 836/836/836 876/876/876 875/875/875
f 875/875/875 874/874/874 839/839/839
f 839/839/839 836/836/836 875/875/875
f 843/843/843 839/839/839 873/873/873
f 874/874/874 873/873/873 839/839/839
f 872/872/872 843/843/843 873/873/873
f 848/848/848 843/843/843 870/870/870
f 871/871/871 843/843/843 872/872/872
f 843/843/843 871/871/871 870/870/870
f 870/870/870 869/869/869 849/849/849
f 849/849/849 848/848/848 870/870/870
f 892/892/892 891/891/891 850/850/850
f 893/893/893 892/892/892 856/856/856
f 850/850/850 891/891/891 890/890/890
f 857/857/857 897/897/897 896/896/896 856/856/856
f 850/850/850 856/856/856 892/892/892
f 856/856/856 894/894/894 893/893/893
f 895/895/895 862/862/862 894/894/894
f 895/895/895 856/856/856 896/896/896
f 858/858/858 898/898/898 897/897/897 857/857/857
f 858/858/858 899/899/899 898/898/898
f 859/859/859 900/900/900 899/899/899 858/858/858
f 895/895/895 894/894/894 856/856/856
f 855/855/855 866/866/866 861/861/861
f 868/868/868 855/855/855 849/849/849
f 867/867/867 855/855/855 868/868/868
f 866/866/866 855/855/855 867/867/867
f 865/865/865 861/861/861 866/866/866
f 869/869/869 868/868/868 849/849/849
f 900/900/900 859/859/859 860/860/860 901/901/901
f 860/860/860 902/902/902 901/901/901
f 861/861/861 902/902/902 860/860/860
f 865/865/865 864/864/864 861/861/861
f 903/903/903 861/861/861 864/864/864
f 864/864/864 863/863/863 903/903/903
f 903/903/903 902/902/902 861/861/861
f 890/890/890 844/844/844 850/850/850
f 908/908/908 907/907/907 904/904/904 905/905/905
f 910/910/910 909/909/909 906/906/906 907/907/907
f 911/911/911 910/910/910 907/907/907 908/908/908
f 908/908/908 912/912/912 911/911/911
f 913/913/913 909/909/909 914/914/914
f 915/915/915 914/914/914 909/909/909 910/910/910
f 916/916/916 915/915/915 910/910/910 911/911/911
f 917/917/917 916/916/916 911/911/911 912/912/912
f 920/920/920 919/919/919 913/913/913 914/914/914
f 921/921/921 920/920/920 914/914/914 915/915/915
f 922/922/922 921/921/921 915/915/915 916/916/916
f 923/923/923 922/922/922 916/916/916 917/917/917
f 924/924/924 923/923/923 917/917/917 918/918/918
f 926/926/926 925/925/925 919/919/919 920/920/920
f 927/927/927 926/926/926 920/920/920 921/921/921
f 928/928/928 927/927/927 921/921/921 922/922/922
f 929/929/929 928/928/928 922/922/922 923/923/923
f 930/930/930 929/929/929 923/923/923 924/924/924
f 952/952/952 904/904/904 907/907/907
f 952/952/952 906/906/906 953/953/953
f 904/904/904 950/950/950 949/949/949
f 950/950/950 904/904/904 951/951/951
f 952/952/952 951/951/951 904/904/904
f 904/904/904 949/949/949 947/947/947
f 906/906/906 954/954/954 953/953/953
f 957/957/957 956/956/956 909/909/909
f 957/957/957 913/913/913 958/958/958
f 959/959/959 958/958/958 913/913/913
f 913/913/913 957/957/957 909/909/909
f 952/952/952 907/907/907 906/906/906
f 906/906/906 909/909/909 955/955/955
f 956/956/956 955/955/955 909/909/909
f 955/955/955 954/954/954 906/906/906
f 948/948/948 947/947/947 949/949/949
f 947/947/947 905/905/905 904/904/904
f 946/946/946 905/905/905 947/947/947
f 945/945/945 905/905/905 946/946/946
f 905/905/905 945/945/945 944/944/944
f 944/944/944 943/943/943 908/908/908
f 908/908/908 905/905/905 944/944/944
f 912/912/912 908/908/908 942/942/942
f 943/943/943 942/942/942 908/908/908
f 941/941/941 912/912/912 942/942/942
f 917/917/917 912/912/912 939/939/939
f 940/940/940 912/912/912 941/941/941
f 912/912/912 940/940/940 939/939/939
f 939/939/939 938/938/938 918/918/918
f 918/918/918 917/917/917 939/939/939
f 961/961/961 960/960/960 919/919/919
f 962/962/962 961/961/961 925/925/925
f 919/919/919 960/960/960 959/959/959
f 926/926/926 966/966/966 965/965/965 925/925/925
f 919/919/919 925/925/925 961/961/961
f 925/925/925 963/963/963 962/962/962
f 964/964/964 931/931/931 963/963/963
f 964/964/964 925/925/925 965/965/965
f 927/927/927 967/967/967 966/966/966 926/926/926
f 927/927/927 968/968/968 967/967/967
f 928/928/928 969/969/969 968/968/968 927/927/927
f 964/964/964 963/963/963 925/925/925
f 924/924/924 935/935/935 930/930/930
f 937/937/937 924/924/924 918/918/918
f 936/936/936 924/924/924 937/937/937
f 935/935/935 924/924/924 936/936/936
f 934/934/934 930/930/930 935/935/935
f 938/938/938 937/937/937 918/918/918
f 969/969/969 928/928/928 929/929/929 970/970/970
f 929/929/929 971/971/971 970/970/970
f 930/930/930 971/971/971 929/929/929
f 934/934/934 933/933/933 930/930/930
f 972/972/972 930/930/930 933/933/933
f 933/933/933 932/932/932 972/972/972
f 972/972/972 971/971/971 930/930/930
f 959/959/959 913/913/913 919/919/919
f 982/982/982 981/981/981 975/975/975 976/976/976
f 983/983/983 982/982/982 976/976/976 977/977/977
f 984/984/984 983/983/983 977/977/977 978/978/978
f 985/985/985 984/984/984 978/978/978 979/979/979
f 986/986/986 985/985/985 979/979/979 980/980/980
f 988/988/988 987/987/987 981/981/981 982/982/982
f 989/989/989 988/988/988 982/982/982 983/983/983
f 990/990/990 989/989/989 983/983/983 984/984/984
f 991/991/991 990/990/990 984/984/984 985/985/985
f 992/992/992 991/991/991 985/985/985 986/986/986
f 994/994/994 993/993/993 988/988/988 989/989/989
f 995/995/995 994/994/994 989/989/989 990/990/990
f 996/996/996 995/995/995 990/990/990 991/991/991
f 998/998/998 997/997/997 993/993/993 994/994/994
f 999/999/999 998/998/998 994/994/994 995/995/995
f 996/996/996 999/999/999 995/995/995
f 1001/1001/1001 1000/1000/1000 998/998/998 999/999/999
f 1002/1002/1002 973/973/973 1047/1047/1047
f 975/975/975 1046/1046/1046 1045/1045/1045
f 1046/1046/1046 1002/1002/1002 1047/1047/1047
f 976/976/976 1044/1044/1044 1043/1043/1043
f 977/977/977 1042/1042/1042 1041/1041/1041
f 1042/1042/1042 976/976/976 1043/1043/1043
f 1044/1044/1044 975/975/975 1045/1045/1045
f 1003/1003/1003 1002/1002/1002 975/975/975
f 975/975/975 1004/1004/1004 1003/1003/1003
f 1004/1004/1004 981/981/981 1005/1005/1005
f 975/975/975 1044/1044/1044 976/976/976
f 981/981/981 1004/1004/1004 975/975/975
f 976/976/976 1042/1042/1042 977/977/977
f 975/975/975 1002/1002/1002 1046/1046/1046
f 1040/1040/1040 977/977/977 1041/1041/1041
f 978/978/978 1040/1040/1040 1039/1039/1039
f 979/979/979 1038/1038/1038 1037/1037/1037
f 1038/1038/1038 978/978/978 1039/1039/1039
f 980/980/980 1036/1036/1036 1035/1035/1035
f 1032/1032/1032 1034/1034/1034 1033/1033/1033
f 1034/1034/1034 980/980/980 1035/1035/1035
f 1036/1036/1036 979/979/979 1037/1037/1037
f 979/979/979 1036/1036/1036 980/980/980
f 1030/1030/1030 986/986/986 980/980/980
f 980/980/980 1034/1034/1034 1032/1032/1032
f 974/974/974 1032/1032/1032 1033/1033/1033
f 1031/1031/1031 1030/1030/1030 980/980/980
f 980/980/980 1032/1032/1032 1031/1031/1031
f 1029/1029/1029 986/986/986 1030/1030/1030
f 1028/1028/1028 986/986/986 1029/1029/1029
f 978/978/978 1038/1038/1038 979/979/979
f 978/978/978 977/977/977 1040/1040/1040
f 1006/1006/1006 1005/1005/1005 981/981/981
f 1007/1007/1007 1006/1006/1006 987/987/987
f 987/987/987 1008/1008/1008 1007/1007/1007
f 988/988/988 1008/1008/1008 987/987/987
f 993/993/993 1008/1008/1008 988/988/988
f 993/993/993 1010/1010/1010 1009/1009/1009
f 993/993/993 1009/1009/1009 1008/1008/1008
f 997/997/997 1010/1010/1010 993/993/993
f 1012/1012/1012 1011/1011/1011 997/997/997
f 1010/1010/1010 997/997/997 1011/1011/1011
f 997/997/997 1013/1013/1013 1012/1012/1012
f 998/998/998 1013/1013/1013 997/997/997
f 1000/1000/1000 1013/1013/1013 998/998/998
f 1000/1000/1000 1016/1016/1016 1015/1015/1015
f 1014/1014/1014 1000/1000/1000 1015/1015/1015
f 1000/1000/1000 1014/1014/1014 1013/1013/1013
f 1016/1016/1016 1000/1000/1000 1018/1018/1018
f 996/996/996 991/991/991 1026/1026/1026
f 996/996/996 1025/1025/1025 1024/1024/1024
f 1024/1024/1024 1023/1023/1023 996/996/996
f 1025/1025/1025 996/996/996 1026/1026/1026
f 1027/1027/1027 992/992/992 1028/1028/1028
f 992/992/992 986/986/986 1028/1028/1028
f 992/992/992 1027/1027/1027 1026/1026/1026
f 1026/1026/1026 991/991/991 992/992/992
f 1021/1021/1021 1001/1001/1001 999/999/999
f 1000/1000/1000 1001/1001/1001 1018/1018/1018
f 1016/1016/1016 1018/1018/1018 1017/1017/1017
f 1019/1019/1019 1018/1018/1018 1001/1001/1001
f 1022/1022/1022 999/999/999 1023/1023/1023
f 999/999/999 1022/1022/1022 1021/1021/1021
f 1021/1021/1021 1020/1020/1020 1001/1001/1001
f 1020/1020/1020 1019/1019/1019 1001/1001/1001
f 996/996/996 1023/1023/1023 999/999/999
f 987/987/987 1006/1006/1006 981/981/981
f 1057/1057/1057 1056/1056/1056 1050/1050/1050 1051/1051/1051
f 1058/1058/1058 1057/1057/1057 1051/1051/1051 1052/1052/1052
f 1059/1059/1059 1058/1058/1058 1052/1052/1052 1053/1053/1053
f 1060/1060/1060 1059/1059/1059 1053/1053/1053 1054/1054/1054
f 1061/1061/1061 1060/1060/1060 1054/1054/1054 1055/1055/1055
f 1063/1063/1063 1062/1062/1062 1056/1056/1056 1057/1057/1057
f 1064/1064/1064 1063/1063/1063 1057/1057/1057 1058/1058/1058
f 1065/1065/1065 1064/1064/1064 1058/1058/1058 1059/1059/1059
f 1066/1066/1066 1065/1065/1065 1059/1059/1059 1060/1060/1060
f 1067/1067/1067 1066/1066/1066 1060/1060/1060 1061/1061/1061
f 1069/1069/1069 1068/1068/1068 1063/1063/1063 1064/1064/1064
f 1070/1070/1070 1069/1069/1069 1064/1064/1064 1065/1065/1065
f 1071/1071/1071 1070/1070/1070 1065/1065/1065 1066/1066/1066
f 1073/1073/1073 1072/1072/1072 1068/1068/1068 1069/1069/1069
f 1074/1074/1074 1073/1073/1073 1069/1069/1069 1070/1070/1070
f 1071/1071/1071 1074/1074/1074 1070/1070/1070
f 1076/1076/1076 1075/1075/1075 1073/1073/1073 1074/1074/1074
f 1116/1116/1116 1077/1077/1077 1048/1048/1048
f 1050/1050/1050 1077/1077/1077 1116/1116/1116
f 1115/1115/1115 1114/1114/1114 1051/1051/1051
f 1115/1115/1115 1051/1051/1051 1050/1050/1050
f 1113/1113/1113 1052/1052/1052 1051/1051/1051 1114/1114/1114
f 1050/1050/1050 1116/1116/1116 1115/1115/1115
f 1050/1050/1050 1078/1078/1078 1077/1077/1077
f 1056/1056/1056 1079/1079/1079 1050/1050/1050
f 1056/1056/1056 1080/1080/1080 1079/1079/1079
f 1080/1080/1080 1056/1056/1056 1081/1081/1081
f 1081/1081/1081 1056/1056/1056 1062/1062/1062
f 1062/1062/1062 1082/1082/1082 1081/1081/1081
f 1079/1079/1079 1078/1078/1078 1050/1050/1050
f 1112/1112/1112 1052/1052/1052 1113/1113/1113
f 1110/1110/1110 1054/1054/1054 1053/1053/1053 1111/1111/1111
f 1110/1110/1110 1109/1109/1109 1054/1054/1054
f 1055/1055/1055 1108/1108/1108 1107/1107/1107
f 1108/1108/1108 1049/1049/1049 1107/1107/1107
f 1109/1109/1109 1108/1108/1108 1055/1055/1055
f 1053/1053/1053 1112/1112/1112 1111/1111/1111
f 1105/1105/1105 1061/1061/1061 1055/1055/1055
f 1109/1109/1109 1055/1055/1055 1054/1054/1054
f 1105/1105/1105 1055/1055/1055 1106/1106/1106
f 1061/1061/1061 1105/1105/1105 1104/1104/1104
f 1061/1061/1061 1104/1104/1104 1103/1103/1103
f 1103/1103/1103 1067/1067/1067 1061/1061/1061
f 1107/1107/1107 1106/1106/1106 1055/1055/1055
f 1053/1053/1053 1052/1052/1052 1112/1112/1112
f 1063/1063/1063 1083/1083/1083 1062/1062/1062
f 1084/1084/1084 1083/1083/1083 1068/1068/1068
f 1068/1068/1068 1083/1083/1083 1063/1063/1063
f 1068/1068/1068 1072/1072/1072 1085/1085/1085
f 1086/1086/1086 1085/1085/1085 1072/1072/1072
f 1068/1068/1068 1085/1085/1085 1084/1084/1084
f 1082/1082/1082 1062/1062/1062 1083/1083/1083
f 1072/1072/1072 1088/1088/1088 1087/1087/1087
f 1073/1073/1073 1088/1088/1088 1072/1072/1072
f 1089/1089/1089 1088/1088/1088 1075/1075/1075
f 1075/1075/1075 1088/1088/1088 1073/1073/1073
f 1075/1075/1075 1091/1091/1091 1090/1090/1090
f 1075/1075/1075 1090/1090/1090 1089/1089/1089
f 1091/1091/1091 1075/1075/1075 1093/1093/1093
f 1086/1086/1086 1072/1072/1072 1087/1087/1087
f 1071/1071/1071 1066/1066/1066 1101/1101/1101
f 1074/1074/1074 1071/1071/1071 1098/1098/1098
f 1099/1099/1099 1098/1098/1098 1071/1071/1071
f 1099/1099/1099 1071/1071/1071 1100/1100/1100
f 1103/1103/1103 1102/1102/1102 1067/1067/1067
f 1101/1101/1101 1067/1067/1067 1102/1102/1102
f 1066/1066/1066 1067/1067/1067 1101/1101/1101
f 1101/1101/1101 1100/1100/1100 1071/1071/1071
f 1095/1095/1095 1094/1094/1094 1076/1076/1076
f 1093/1093/1093 1076/1076/1076 1094/1094/1094
f 1075/1075/1075 1076/1076/1076 1093/1093/1093
f 1098/1098/1098 1097/1097/1097 1074/1074/1074
f 1097/1097/1097 1096/1096/1096 1074/1074/1074
f 1096/1096/1096 1095/1095/1095 1076/1076/1076
f 1096/1096/1096 1076/1076/1076 1074/1074/1074
f 1091/1091/1091 1093/1093/1093 1092/1092/1092
f 1121/1121/1121 1120/1120/1120 1117/1117/1117 1118/1118/1118
f 1123/1123/1123 1122/1122/1122 1119/1119/1119 1120/1120/1120
f 1124/1124/1124 1123/1123/1123 1120/1120/1120 1121/1121/1121
f 1121/1121/1121 1125/1125/1125 1124/1124/1124
f 1128/1128/1128 1127/1127/1127 1122/1122/1122 1123/1123/1123
f 1129/1129/1129 1128/1128/1128 1123/1123/1123 1124/1124/1124
f 1130/1130/1130 1129/1129/1129 1124/1124/1124 1125/1125/1125
f 1133/1133/1133 1132/1132/1132 1126/1126/1126 1127/1127/1127
f 1134/1134/1134 1133/1133/1133 1127/1127/1127 1128/1128/1128
f 1135/1135/1135 1134/1134/1134 1128/1128/1128 1129/1129/1129
f 1136/1136/1136 1135/1135/1135 1129/1129/1129 1130/1130/1130
f 1137/1137/1137 1136/1136/1136 1130/1130/1130 1131/1131/1131
f 1139/1139/1139 1138/1138/1138 1132/1132/1132 1133/1133/1133
f 1140/1140/1140 1139/1139/1139 1133/1133/1133 1134/1134/1134
f 1141/1141/1141 1140/1140/1140 1134/1134/1134 1135/1135/1135
f 1142/1142/1142 1141/1141/1141 1135/1135/1135 1136/1136/1136
f 1143/1143/1143 1142/1142/1142 1136/1136/1136 1137/1137/1137
f 1119/1119/1119 1167/1167/1167 1166/1166/1166
f 1168/1168/1168 1167/1167/1167 1119/1119/1119
f 1120/1120/1120 1166/1166/1166 1165/1165/1165
f 1117/1117/1117 1164/1164/1164 1163/1163/1163
f 1165/1165/1165 1117/1117/1117 1120/1120/1120
f 1164/1164/1164 1117/1117/1117 1165/1165/1165
f 1162/1162/1162 1117/1117/1117 1163/1163/1163
f 1119/1119/1119 1166/1166/1166 1120/1120/1120
f 1170/1170/1170 1169/1169/1169 1122/1122/1122
f 1170/1170/1170 1126/1126/1126 1171/1171/1171
f 1172/1172/1172 1171/1171/1171 1126/1126/1126
f 1126/1126/1126 1170/1170/1170 1127/1127/1127
f 1168/1168/1168 1119/1119/1119 1122/1122/1122
f 1169/1169/1169 1168/1168/1168 1122/1122/1122
f 1122/1122/1122 1127/1127/1127 1170/1170/1170
f 1160/1160/1160 1162/1162/1162 1161/1161/1161
f 1160/1160/1160 1117/1117/1117 1162/1162/1162
f 1118/1118/1118 1159/1159/1159 1158/1158/1158
f 1158/1158/1158 1157/1157/1157 1118/1118/1118
f 1121/1121/1121 1118/1118/1118 1157/1157/1157
f 1118/1118/1118 1160/1160/1160 1159/1159/1159
f 1117/1117/1117 1160/1160/1160 1118/1118/1118
f 1121/1121/1121 1156/1156/1156 1155/1155/1155
f 1155/1155/1155 1125/1125/1125 1121/1121/1121
f 1121/1121/1121 1157/1157/1157 1156/1156/1156
f 1154/1154/1154 1125/1125/1125 1155/1155/1155
f 1153/1153/1153 1125/1125/1125 1154/1154/1154
f 1125/1125/1125 1153/1153/1153 1152/1152/1152
f 1152/1152/1152 1151/1151/1151 1131/1131/1131
f 1125/1125/1125 1152/1152/1152 1130/1130/1130
f 1174/1174/1174 1173/1173/1173 1132/1132/1132
f 1175/1175/1175 1174/1174/1174 1138/1138/1138
f 1132/1132/1132 1173/1173/1173 1172/1172/1172
f 1139/1139/1139 1179/1179/1179 1178/1178/1178 1138/1138/1138
f 1132/1132/1132 1138/1138/1138 1174/1174/1174
f 1138/1138/1138 1176/1176/1176 1175/1175/1175
f 1177/1177/1177 1144/1144/1144 1176/1176/1176
f 1177/1177/1177 1138/1138/1138 1178/1178/1178
f 1140/1140/1140 1180/1180/1180 1179/1179/1179 1139/1139/1139
f 1140/1140/1140 1181/1181/1181 1180/1180/1180
f 1141/1141/1141 1182/1182/1182 1181/1181/1181 1140/1140/1140
f 1177/1177/1177 1176/1176/1176 1138/1138/1138
f 1152/1152/1152 1131/1131/1131 1130/1130/1130
f 1137/1137/1137 1148/1148/1148 1143/1143/1143
f 1150/1150/1150 1137/1137/1137 1131/1131/1131
f 1149/1149/1149 1137/1137/1137 1150/1150/1150
f 1148/1148/1148 1137/1137/1137 1149/1149/1149
f 1147/1147/1147 1143/1143/1143 1148/1148/1148
f 1151/1151/1151 1150/1150/1150 1131/1131/1131
f 1142/1142/1142 1183/1183/1183 1182/1182/1182 1141/1141/1141
f 1142/1142/1142 1184/1184/1184 1183/1183/1183
f 1143/1143/1143 1184/1184/1184 1142/1142/1142
f 1147/1147/1147 1146/1146/1146 1143/1143/1143
f 1185/1185/1185 1143/1143/1143 1146/1146/1146
f 1146/1146/1146 1145/1145/1145 1185/1185/1185
f 1185/1185/1185 1184/1184/1184 1143/1143/1143
f 1172/1172/1172 1126/1126/1126 1132/1132/1132
f 1190/1190/1190 1189/1189/1189 1186/1186/1186 1187/1187/1187
f 1192/1192/1192 1191/1191/1191 1188/1188/1188 1189/1189/1189
f 1193/1193/1193 1192/1192/1192 1189/1189/1189 1190/1190/1190
f 1190/1190/1190 1194/1194/1194 1193/1193/1193
f 1197/1197/1197 1196/1196/1196 1191/1191/1191 1192/1192/1192
f 1198/1198/1198 1197/1197/1197 1192/1192/1192 1193/1193/1193
f 1199/1199/1199 1198/1198/1198 1193/1193/1193 1194/1194/1194
f 1202/1202/1202 1201/1201/1201 1195/1195/1195 1196/1196/1196
f 1203/1203/1203 1202/1202/1202 1196/1196/1196 1197/1197/1197
f 1204/1204/1204 1203/1203/1203 1197/1197/1197 1198/1198/1198
f 1205/1205/1205 1204/1204/1204 1198/1198/1198 1199/1199/1199
f 1206/1206/1206 1205/1205/1205 1199/1199/1199 1200/1200/1200
f 1208/1208/1208 1207/1207/1207 1201/1201/1201 1202/1202/1202
f 1209/1209/1209 1208/1208/1208 1202/1202/1202 1203/1203/1203
f 1210/1210/1210 1209/1209/1209 1203/1203/1203 1204/1204/1204
f 1211/1211/1211 1210/1210/1210 1204/1204/1204 1205/1205/1205
f 1212/1212/1212 1211/1211/1211 1205/1205/1205 1206/1206/1206
f 1188/1188/1188 1220/1220/1220 1219/1219/1219
f 1221/1221/1221 1220/1220/1220 1188/1188/1188
f 1189/1189/1189 1219/1219/1219 1218/1218/1218
f 1186/1186/1186 1217/1217/1217 1216/1216/1216
f 1218/1218/1218 1186/1186/1186 1189/1189/1189
f 1217/1217/1217 1186/1186/1186 1218/1218/1218
f 1215/1215/1215 1186/1186/1186 1216/1216/1216
f 1188/1188/1188 1219/1219/1219 1189/1189/1189
f 1223/1223/1223 1222/1222/1222 1191/1191/1191
f 1223/1223/1223 1195/1195/1195 1224/1224/1224
f 1225/1225/1225 1224/1224/1224 1195/1195/1195
f 1195/1195/1195 1223/1223/1223 1196/1196/1196
f 1221/1221/1221 1188/1188/1188 1191/1191/1191
f 1222/1222/1222 1221/1221/1221 1191/1191/1191
f 1191/1191/1191 1196/1196/1196 1223/1223/1223
f 1245/1245/1245 1215/1215/1215 1214/1214/1214
f 1245/1245/1245 1186/1186/1186 1215/1215/1215
f 1187/1187/1187 1244/1244/1244 1243/1243/1243
f 1243/1243/1243 1242/1242/1242 1187/1187/1187
f 1190/1190/1190 1187/1187/1187 1242/1242/1242
f 1187/1187/1187 1245/1245/1245 1244/1244/1244
f 1186/1186/1186 1245/1245/1245 1187/1187/1187
f 1190/1190/1190 1241/1241/1241 1240/1240/1240
f 1240/1240/1240 1194/1194/1194 1190/1190/1190
f 1190/1190/1190 1242/1242/1242 1241/1241/1241
f 1239/1239/1239 1194/1194/1194 1240/1240/1240
f 1238/1238/1238 1194/1194/1194 1239/1239/1239
f 1194/1194/1194 1238/1238/1238 1237/1237/1237
f 1237/1237/1237 1236/1236/1236 1200/1200/1200
f 1194/1194/1194 1237/1237/1237 1199/1199/1199
f 1227/1227/1227 1226/1226/1226 1201/1201/1201
f 1228/1228/1228 1227/1227/1227 1207/1207/1207
f 1201/1201/1201 1226/1226/1226 1225/1225/1225
f 1208/1208/1208 1248/1248/1248 1247/1247/1247 1207/1207/1207
f 1201/1201/1201 1207/1207/1207 1227/1227/1227
f 1207/1207/1207 1229/1229/1229 1228/1228/1228
f 1246/1246/1246 1213/1213/1213 1229/1229/1229
f 1246/1246/1246 1207/1207/1207 1247/1247/1247
f 1209/1209/1209 1249/1249/1249 1248/1248/1248 1208/1208/1208
f 1209/1209/1209 1250/1250/1250 1249/1249/1249
f 1210/1210/1210 1251/1251/1251 1250/1250/1250 1209/1209/1209
f 1246/1246/1246 1229/1229/1229 1207/1207/1207
f 1237/1237/1237 1200/1200/1200 1199/1199/1199
f 1206/1206/1206 1233/1233/1233 1212/1212/1212
f 1235/1235/1235 1206/1206/1206 1200/1200/1200
f 1234/1234/1234 1206/1206/1206 1235/1235/1235
f 1233/1233/1233 1206/1206/1206 1234/1234/1234
f 1232/1232/1232 1212/1212/1212 1233/1233/1233
f 1236/1236/1236 1235/1235/1235 1200/1200/1200
f 1211/1211/1211 1252/1252/1252 1251/1251/1251 1210/1210/1210
f 1211/1211/1211 1253/1253/1253 1252/1252/1252
f 1212/1212/1212 1253/1253/1253 1211/1211/1211
f 1232/1232/1232 1231/1231/1231 1212/1212/1212
f 1254/1254/1254 1212/1212/1212 1231/1231/1231
f 1231/1231/1231 1230/1230/1230 1254/1254/1254
f 1254/1254/1254 1253/1253/1253 1212/1212/1212
f 1225/1225/1225 1195/1195/1195 1201/1201/1201
f 1271/1271/1271 1274/1274/1274 1273/1273/1273 1259/1259/1259
f 1263/1263/1263 1259/1259/1259 1258/1258/1258 1262/1262/1262
f 1267/1267/1267 1263/1263/1263 1262/1262/1262 1266/1266/1266
f 1278/1278/1278 1276/1276/1276 1267/1267/1267 1277/1277/1277
f 1283/1283/1283 1255/1255/1255 1257/1257/1257 1258/1258/1258
f 1282/1282/1282 1273/1273/1273 1281/1281/1281
f 1282/1282/1282 1283/1283/1283 1258/1258/1258
f 1258/1258/1258 1257/1257/1257 1284/1284/1284
f 1258/1258/1258 1284/1284/1284 1262/1262/1262
f 1261/1261/1261 1262/1262/1262 1284/1284/1284
f 1285/1285/1285 1262/1262/1262 1261/1261/1261
f 1258/1258/1258 1273/1273/1273 1282/1282/1282
f 1274/1274/1274 1279/1279/1279 1280/1280/1280
f 1281/1281/1281 1273/1273/1273 1280/1280/1280
f 1256/1256/1256 1279/1279/1279 1274/1274/1274 1272/1272/1272
f 1273/1273/1273 1274/1274/1274 1280/1280/1280
f 1271/1271/1271 1260/1260/1260 1272/1272/1272 1274/1274/1274
f 1271/1271/1271 1264/1264/1264 1260/1260/1260
f 1263/1263/1263 1271/1271/1271 1259/1259/1259
f 1259/1259/1259 1273/1273/1273 1258/1258/1258
f 1266/1266/1266 1285/1285/1285 1265/1265/1265
f 1266/1266/1266 1265/1265/1265 1269/1269/1269 1286/1286/1286
f 1285/1285/1285 1266/1266/1266 1262/1262/1262
f 1286/1286/1286 1287/1287/1287 1266/1266/1266
f 1266/1266/1266 1287/1287/1287 1277/1277/1277
f 1266/1266/1266 1277/1277/1277 1267/1267/1267
f 1288/1288/1288 1277/1277/1277 1287/1287/1287
f 1276/1276/1276 1263/1263/1263 1267/1267/1267
f 1268/1268/1268 1276/1276/1276 1278/1278/1278 1275/1275/1275
f 1263/1263/1263 1276/1276/1276 1264/1264/1264
f 1276/1276/1276 1268/1268/1268 1264/1264/1264
f 1278/1278/1278 1289/1289/1289 1290/1290/1290
f 1275/1275/1275 1278/1278/1278 1290/1290/1290 1270/1270/1270
f 1278/1278/1278 1277/1277/1277 1288/1288/1288 1289/1289/1289
f 1271/1271/1271 1263/1263/1263 1264/1264/1264
f 1299/1299/1299 1298/1298/1298 1293/1293/1293 1294/1294/1294
f 1300/1300/1300 1299/1299/1299 1294/1294/1294 1295/1295/1295
f 1303/1303/1303 1302/1302/1302 1298/1298/1298 1299/1299/1299
f 1304/1304/1304 1303/1303/1303 1299/1299/1299 1300/1300/1300
f 1293/1293/1293 1318/1318/1318 1312/1312/1312
f 1291/1291/1291 1312/1312/1312 1318/1318/1318
f 1311/1311/1311 1293/1293/1293 1312/1312/1312
f 1298/1298/1298 1319/1319/1319 1318/1318/1318 1293/1293/1293
f 1319/1319/1319 1298/1298/1298 1297/1297/1297
f 1320/1320/1320 1297/1297/1297 1298/1298/1298
f 1294/1294/1294 1311/1311/1311 1310/1310/1310
f 1295/1295/1295 1309/1309/1309 1308/1308/1308
f 1309/1309/1309 1294/1294/1294 1310/1310/1310
f 1295/1295/1295 1308/1308/1308 1292/1292/1292 1296/1296/1296
f 1296/1296/1296 1301/1301/1301 1300/1300/1300 1295/1295/1295
f 1294/1294/1294 1309/1309/1309 1295/1295/1295
f 1294/1294/1294 1293/1293/1293 1311/1311/1311
f 1302/1302/1302 1321/1321/1321 1320/1320/1320
f 1313/1313/1313 1321/1321/1321 1302/1302/1302
f 1321/1321/1321 1313/1313/1313 1306/1306/1306
f 1303/1303/1303 1315/1315/1315 1314/1314/1314 1302/1302/1302
f 1302/1302/1302 1314/1314/1314 1313/1313/1313
f 1304/1304/1304 1300/1300/1300 1301/1301/1301 1305/1305/1305
f 1304/1304/1304 1317/1317/1317 1316/1316/1316 1303/1303/1303
f 1317/1317/1317 1304/1304/1304 1305/1305/1305 1307/1307/1307
f 1316/1316/1316 1315/1315/1315 1303/1303/1303
f 1320/1320/1320 1298/1298/1298 1302/1302/1302
f 1339/1339/1339 1342/1342/1342 1341/1341/1341 1326/1326/1326
f 1330/1330/1330 1326/1326/1326 1325/1325/1325 1329/1329/1329
f 1334/1334/1334 1330/1330/1330 1329/1329/1329 1333/1333/1333
f 1346/1346/1346 1344/1344/1344 1334/1334/1334 1345/1345/1345
f 1351/1351/1351 1350/1350/1350 1322/1322/1322
f 1349/1349/1349 1341/1341/1341 1323/1323/1323
f 1349/1349/1349 1350/1350/1350 1325/1325/1325
f 1325/1325/1325 1351/1351/1351 1352/1352/1352
f 1325/1325/1325 1352/1352/1352 1329/1329/1329
f 1328/1328/1328 1329/1329/1329 1352/1352/1352
f 1353/1353/1353 1329/1329/1329 1328/1328/1328
f 1325/1325/1325 1341/1341/1341 1349/1349/1349
f 1350/1350/1350 1351/1351/1351 1325/1325/1325
f 1342/1342/1342 1347/1347/1347 1348/1348/1348
f 1323/1323/1323 1341/1341/1341 1348/1348/1348
f 1324/1324/1324 1347/1347/1347 1342/1342/1342 1340/1340/1340
f 1341/1341/1341 1342/1342/1342 1348/1348/1348
f 1339/1339/1339 1327/1327/1327 1340/1340/1340 1342/1342/1342
f 1339/1339/1339 1331/1331/1331 1327/1327/1327
f 1330/1330/1330 1339/1339/1339 1326/1326/1326
f 1326/1326/1326 1341/1341/1341 1325/1325/1325
f 1333/1333/1333 1353/1353/1353 1332/1332/1332
f 1333/1333/1333 1332/1332/1332 1336/1336/1336 1337/1337/1337
f 1353/1353/1353 1333/1333/1333 1329/1329/1329
f 1354/1354/1354 1333/1333/1333 1337/1337/1337
f 1333/1333/1333 1345/1345/1345 1334/1334/1334
f 1345/1345/1345 1333/1333/1333 1354/1354/1354
f 1355/1355/1355 1345/1345/1345 1354/1354/1354
f 1344/1344/1344 1330/1330/1330 1334/1334/1334
f 1335/1335/1335 1344/1344/1344 1346/1346/1346 1343/1343/1343
f 1344/1344/1344 1335/1335/1335 1331/1331/1331
f 1344/1344/1344 1331/1331/1331 1330/1330/1330
f 1356/1356/1356 1357/1357/1357 1346/1346/1346
f 1357/1357/1357 1338/1338/1338 1343/1343/1343 1346/1346/1346
f 1346/1346/1346 1345/1345/1345 1355/1355/1355 1356/1356/1356
f 1339/1339/1339 1330/1330/1330 1331/1331/1331
f 1366/1366/1366 1362/1362/1362 1361/1361/1361 1365/1365/1365
f 1367/1367/1367 1363/1363/1363 1362/1362/1362 1366/1366/1366
f 1370/1370/1370 1366/1366/1366 1365/1365/1365 1369/1369/1369
f 1371/1371/1371 1367/1367/1367 1366/1366/1366 1370/1370/1370
f 1380/1380/1380 1388/1388/1388 1358/1358/1358
f 1361/1361/1361 1387/1387/1387 1388/1388/1388
f 1361/1361/1361 1380/1380/1380 1381/1381/1381
f 1362/1362/1362 1387/1387/1387 1361/1361/1361
f 1365/1365/1365 1361/1361/1361 1381/1381/1381 1382/1382/1382
f 1388/1388/1388 1380/1380/1380 1361/1361/1361
f 1362/1362/1362 1386/1386/1386 1359/1359/1359
f 1360/1360/1360 1385/1385/1385 1363/1363/1363 1364/1364/1364
f 1385/1385/1385 1386/1386/1386 1363/1363/1363
f 1386/1386/1386 1362/1362/1362 1363/1363/1363
f 1367/1367/1367 1368/1368/1368 1364/1364/1364 1363/1363/1363
f 1362/1362/1362 1359/1359/1359 1387/1387/1387
f 1365/1365/1365 1383/1383/1383 1369/1369/1369
f 1384/1384/1384 1369/1369/1369 1383/1383/1383
f 1369/1369/1369 1373/1373/1373 1375/1375/1375
f 1375/1375/1375 1376/1376/1376 1369/1369/1369
f 1373/1373/1373 1369/1369/1369 1384/1384/1384
f 1370/1370/1370 1369/1369/1369 1376/1376/1376
f 1368/1368/1368 1367/1367/1367 1371/1371/1371 1372/1372/1372
f 1371/1371/1371 1370/1370/1370 1377/1377/1377 1378/1378/1378
f 1372/1372/1372 1371/1371/1371 1379/1379/1379 1374/1374/1374
f 1371/1371/1371 1378/1378/1378 1379/1379/1379
f 1377/1377/1377 1370/1370/1370 1376/1376/1376
f 1365/1365/1365 1382/1382/1382 1383/1383/1383
f 1404/1404/1404 1393/1393/1393 1406/1406/1406 1407/1407/1407
f 1396/1396/1396 1395/1395/1395 1392/1392/1392 1393/1393/1393
f 1400/1400/1400 1399/1399/1399 1395/1395/1395 1396/1396/1396
f 1412/1412/1412 1411/1411/1411 1400/1400/1400 1410/1410/1410
f 1417/1417/1417 1392/1392/1392 1391/1391/1391 1389/1389/1389
f 1406/1406/1406 1416/1416/1416 1415/1415/1415
f 1416/1416/1416 1392/1392/1392 1417/1417/1417
f 1392/1392/1392 1422/1422/1422 1391/1391/1391
f 1392/1392/1392 1406/1406/1406 1393/1393/1393
f 1392/1392/1392 1416/1416/1416 1406/1406/1406
f 1422/1422/1422 1392/1392/1392 1395/1395/1395
f 1395/1395/1395 1423/1423/1423 1422/1422/1422
f 1414/1414/1414 1406/1406/1406 1415/1415/1415
f 1407/1407/1407 1414/1414/1414 1413/1413/1413
f 1407/1407/1407 1413/1413/1413 1390/1390/1390 1405/1405/1405
f 1414/1414/1414 1407/1407/1407 1406/1406/1406
f 1404/1404/1404 1396/1396/1396 1393/1393/1393
f 1404/1404/1404 1407/1407/1407 1405/1405/1405 1394/1394/1394
f 1404/1404/1404 1394/1394/1394 1397/1397/1397
f 1397/1397/1397 1396/1396/1396 1404/1404/1404
f 1399/1399/1399 1424/1424/1424 1423/1423/1423 1395/1395/1395
f 1424/1424/1424 1399/1399/1399 1398/1398/1398
f 1399/1399/1399 1418/1418/1418 1402/1402/1402 1398/1398/1398
f 1418/1418/1418 1399/1399/1399 1419/1419/1419
f 1399/1399/1399 1411/1411/1411 1419/1419/1419
f 1399/1399/1399 1400/1400/1400 1411/1411/1411
f 1420/1420/1420 1419/1419/1419 1411/1411/1411
f 1400/1400/1400 1396/1396/1396 1410/1410/1410
f 1401/1401/1401 1409/1409/1409 1412/1412/1412 1410/1410/1410
f 1410/1410/1410 1396/1396/1396 1397/1397/1397
f 1410/1410/1410 1397/1397/1397 1401/1401/1401
f 1408/1408/1408 1421/1421/1421 1412/1412/1412
f 1411/1411/1411 1412/1412/1412 1421/1421/1421
f 1408/1408/1408 1412/1412/1412 1409/1409/1409 1403/1403/1403
f 1421/1421/1421 1420/1420/1420 1411/1411/1411
f 1432/1432/1432 1428/1428/1428 1427/1427/1427 1431/1431/1431
f 1433/1433/1433 1429/1429/1429 1428/1428/1428 1432/1432/1432
f 1436/1436/1436 1432/1432/1432 1431/1431/1431 1435/1435/1435
f 1437/1437/1437 1433/1433/1433 1432/1432/1432 1436/1436/1436
f 1447/1447/1447 1425/1425/1425 1448/1448/1448
f 1427/1427/1427 1447/1447/1447 1448/1448/1448
f 1431/1431/1431 1449/1449/1449 1450/1450/1450
f 1449/1449/1449 1431/1431/1431 1427/1427/1427
f 1431/1431/1431 1450/1450/1450 1451/1451/1451
f 1448/1448/1448 1449/1449/1449 1427/1427/1427
f 1446/1446/1446 1447/1447/1447 1427/1427/1427
f 1428/1428/1428 1445/1445/1445 1446/1446/1446
f 1429/1429/1429 1443/1443/1443 1444/1444/1444
f 1444/1444/1444 1445/1445/1445 1428/1428/1428
f 1426/1426/1426 1443/1443/1443 1429/1429/1429 1430/1430/1430
f 1430/1430/1430 1429/1429/1429 1433/1433/1433 1434/1434/1434
f 1428/1428/1428 1429/1429/1429 1444/1444/1444
f 1428/1428/1428 1446/1446/1446 1427/1427/1427
f 1435/1435/1435 1451/1451/1451 1452/1452/1452
f 1452/1452/1452 1439/1439/1439 1440/1440/1440 1435/1435/1435
f 1440/1440/1440 1453/1453/1453 1435/1435/1435
f 1441/1441/1441 1436/1436/1436 1453/1453/1453
f 1453/1453/1453 1436/1436/1436 1435/1435/1435
f 1437/1437/1437 1438/1438/1438 1434/1434/1434 1433/1433/1433
f 1438/1438/1438 1437/1437/1437 1455/1455/1455 1442/1442/1442
f 1436/1436/1436 1454/1454/1454 1437/1437/1437
f 1437/1437/1437 1454/1454/1454 1455/1455/1455
f 1436/1436/1436 1441/1441/1441 1454/1454/1454
f 1451/1451/1451 1435/1435/1435 1431/1431/1431
f 1464/1464/1464 1463/1463/1463 1458/1458/1458 1459/1459/1459
f 1465/1465/1465 1464/1464/1464 1459/1459/1459 1460/1460/1460
f 1469/1469/1469 1468/1468/1468 1463/1463/1463 1464/1464/1464
f 1470/1470/1470 1469/1469/1469 1464/1464/1464 1465/1465/1465
f 1458/1458/1458 1456/1456/1456 1478/1478/1478
f 1479/1479/1479 1456/1456/1456 1458/1458/1458
f 1463/1463/1463 1462/1462/1462 1480/1480/1480
f 1477/1477/1477 1458/1458/1458 1478/1478/1478
f 1480/1480/1480 1458/1458/1458 1463/1463/1463
f 1463/1463/1463 1481/1481/1481 1462/1462/1462
f 1479/1479/1479 1458/1458/1458 1480/1480/1480
f 1459/1459/1459 1477/1477/1477 1476/1476/1476
f 1460/1460/1460 1475/1475/1475 1474/1474/1474
f 1475/1475/1475 1459/1459/1459 1476/1476/1476
f 1457/1457/1457 1461/1461/1461 1460/1460/1460 1474/1474/1474
f 1461/1461/1461 1466/1466/1466 1465/1465/1465 1460/1460/1460
f 1459/1459/1459 1475/1475/1475 1460/1460/1460
f 1459/1459/1459 1458/1458/1458 1477/1477/1477
f 1468/1468/1468 1467/1467/1467 1481/1481/1481
f 1468/1468/1468 1482/1482/1482 1472/1472/1472 1467/1467/1467
f 1469/1469/1469 1483/1483/1483 1468/1468/1468
f 1468/1468/1468 1483/1483/1483 1482/1482/1482
f 1484/1484/1484 1483/1483/1483 1469/1469/1469
f 1470/1470/1470 1465/1465/1465 1466/1466/1466 1471/1471/1471
f 1470/1470/1470 1485/1485/1485 1484/1484/1484 1469/1469/1469
f 1471/1471/1471 1473/1473/1473 1486/1486/1486 1470/1470/1470
f 1485/1485/1485 1470/1470/1470 1486/1486/1486
f 1481/1481/1481 1463/1463/1463 1468/1468/1468
f 1496/1496/1496 1495/1495/1495 1490/1490/1490 1491/1491/1491
f 1497/1497/1497 1496/1496/1496 1491/1491/1491 1492/1492/1492
f 1500/1500/1500 1499/1499/1499 1495/1495/1495 1496/1496/1496
f 1501/1501/1501 1500/1500/1500 1496/1496/1496 1497/1497/1497
f 1510/1510/1510 1490/1490/1490 1489/1489/1489 1487/1487/1487
f 1495/1495/1495 1494/1494/1494 1515/1515/1515
f 1509/1509/1509 1490/1490/1490 1510/1510/1510
f 1515/1515/1515 1490/1490/1490 1495/1495/1495
f 1495/1495/1495 1516/1516/1516 1494/1494/1494
f 1489/1489/1489 1490/1490/1490 1515/1515/1515
f 1491/1491/1491 1509/1509/1509 1508/1508/1508
f 1492/1492/1492 1507/1507/1507 1506/1506/1506
f 1507/1507/1507 1491/1491/1491 1508/1508/1508
f 1492/1492/1492 1506/1506/1506 1488/1488/1488 1493/1493/1493
f 1493/1493/1493 1498/1498/1498 1497/1497/1497 1492/1492/1492
f 1491/1491/1491 1507/1507/1507 1492/1492/1492
f 1491/1491/1491 1490/1490/1490 1509/1509/1509
f 1499/1499/1499 1517/1517/1517 1516/1516/1516
f 1503/1503/1503 1517/1517/1517 1499/1499/1499
f 1511/1511/1511 1499/1499/1499 1512/1512/1512
f 1504/1504/1504 1512/1512/1512 1500/1500/1500
f 1512/1512/1512 1499/1499/1499 1500/1500/1500
f 1503/1503/1503 1499/1499/1499 1511/1511/1511
f 1501/1501/1501 1497/1497/1497 1498/1498/1498 1502/1502/1502
f 1502/1502/1502 1505/1505/1505 1514/1514/1514 1501/1501/1501
f 1501/1501/1501 1513/1513/1513 1504/1504/1504 1500/1500/1500
f 1501/1501/1501 1514/1514/1514 1513/1513/1513
f 1516/1516/1516 1495/1495/1495 1499/1499/1499
