# Rhino

o object_1
v -4109.46826171875 300.7313232421875 -24436.986328125
v -4110.83837890625 301.92532348632812 -24442.8125
v -4109.8076171875 301.02716064453125 -24447.8828125
v -4105.79931640625 297.53421020507812 -24452.345703125
v -4102.51708984375 294.67410278320312 -24452.923828125
v -4110.12060546875 300.0263671875 -24436.953125
v -4111.501953125 301.22998046875 -24442.810546875
v -4110.46337890625 300.32510375976562 -24447.912109375
v -4106.4326171875 296.81298828125 -24452.388671875
v -4103.14453125 293.94796752929688 -24452.966796875
v -4110.83447265625 299.34320068359375 -24436.84375
v -4112.25 300.57687377929688 -24442.8046875
v -4111.1875 299.65103149414062 -24448.00390625
v -4107.087890625 296.07888793945312 -24452.529296875
v -4103.78271484375 293.19851684570312 -24453.1015625
v -4111.60498046875 298.694091796875 -24436.658203125
v -4113.08056640625 299.98001098632812 -24442.796875
v -4111.9765625 299.01773071289062 -24448.162109375
v -4107.7578125 295.34170532226562 -24452.76953125
v -4104.42138671875 292.43475341796875 -24453.3359375
v -4112.4248046875 298.09170532226562 -24436.388671875
v -4113.98779296875 299.45327758789062 -24442.783203125
v -4112.82275390625 298.43829345703125 -24448.390625
v -4108.43212890625 294.6124267578125 -24453.1171875
v -4105.05224609375 291.66729736328125 -24453.671875
v -4113.28466796875 297.54849243164062 -24436.03515625
v -4114.9619140625 299.010009765625 -24442.765625
v -4113.71728515625 297.92547607421875 -24448.689453125
v -4109.10107421875 293.90298461914062 -24453.572265625
v -4105.66357421875 290.90792846679688 -24454.11328125
v -4114.17236328125 297.0760498046875 -24435.599609375
v -4115.9921875 298.66180419921875 -24442.744140625
v -4114.6484375 297.490966796875 -24449.05859375
v -4109.75341796875 293.22561645507812 -24454.1328125
v -4106.24560546875 290.16915893554688 -24454.66015625
v -4115.07421875 296.68453979492188 -24435.087890625
v -4117.0634765625 298.4180908203125 -24442.71875
v -4115.60205078125 297.14468383789062 -24449.494140625
v -4110.3779296875 292.59237670898438 -24454.794921875
v -4106.787109375 289.46368408203125 -24455.3046875
v -4115.9755859375 296.38189697265625 -24434.501953125
v -4118.16015625 298.28533935546875 -24442.689453125
v -4116.5634765625 296.8941650390625 -24449.990234375
v -4110.96337890625 292.01443481445312 -24455.548828125
v -4107.27880859375 288.80361938476562 -24456.04296875
v -4116.86279296875 296.173583984375 -24433.853515625
v -4119.2646484375 298.26651000976562 -24442.658203125
v -4117.517578125 296.74417114257812 -24450.541015625
v -4111.5009765625 291.50149536132812 -24456.3828125
v -4107.7119140625 288.19998168945312 -24456.859375
v -4120.359375 298.36099243164062 -24442.623046875
v -4118.44873046875 296.6961669921875 -24451.13671875
v -4111.98193359375 291.0611572265625 -24457.283203125
v -4108.08056640625 287.661865234375 -24457.744140625
v -4121.42724609375 298.56466674804688 -24442.5859375
v -4119.3427734375 296.74850463867188 -24451.765625
v -4112.39990234375 290.6986083984375 -24458.234375
v -4108.38037109375 287.19619750976562 -24458.6796875
v -4108.60888671875 286.80740356445312 -24459.650390625
v -4108.76708984375 286.49722290039062 -24460.640625
v -4108.8203125 286.37155151367188 -24461.13671875
v -4108.85693359375 286.26510620117188 -24461.6328125
v -4108.87744140625 286.17745971679688 -24462.125
v -4108.8828125 286.108154296875 -24462.61328125
v -4108.873046875 286.0565185546875 -24463.09375
v -4108.849609375 286.0218505859375 -24463.568359375
v -4108.81201171875 286.00323486328125 -24464.04296875
v -4108.75927734375 286.000732421875 -24464.525390625
v -4108.69140625 286.0152587890625 -24465.013671875
v -4108.607421875 286.04757690429688 -24465.505859375
v -4108.5068359375 286.098388671875 -24466.001953125
v -4108.3896484375 286.16830444335938 -24466.498046875
v -4108.10400390625 286.36737060546875 -24467.486328125
v -4107.75048828125 286.64715576171875 -24468.45703125
v -4107.330078125 287.00772094726562 -24469.39453125
v -4106.84716796875 287.44650268554688 -24470.27734375
v -4106.30859375 287.95834350585938 -24471.095703125
v -4129.5634765625 309.3099365234375 -24442.068359375
v -4111.38720703125 293.4720458984375 -24471.501953125
v -4105.72216796875 288.53561401367188 -24471.83203125
v -4129.46826171875 310.40451049804688 -24442.04296875
v -4124.78759765625 306.32589721679688 -24461.0078125
v -4110.8427734375 294.17510986328125 -24472.150390625
v -4105.09716796875 289.16860961914062 -24472.478515625
v -4129.26416015625 311.47235107421875 -24442.021484375
v -4124.47998046875 307.30364990234375 -24461.373046875
v -4110.2587890625 294.91180419921875 -24472.69921875
v -4104.4453125 289.8460693359375 -24473.0234375
v -4128.9580078125 312.49801635742188 -24442.00390625
v -4124.09033203125 308.25640869140625 -24461.66796875
v -4109.64501953125 295.66949462890625 -24473.142578125
v -4103.7763671875 290.55584716796875 -24473.466796875
v -4128.56005859375 313.46829223632812 -24441.990234375
v -4123.62890625 309.171142578125 -24461.892578125
v -4109.01318359375 296.4356689453125 -24473.48046875
v -4103.1025390625 291.2855224609375 -24473.802734375
v -4121.271484375 307.77822875976562 -24420.47265625
v -4128.33056640625 313.92922973632812 -24441.986328125
v -4123.37451171875 309.6107177734375 -24461.978515625
v -4108.693359375 296.81820678710938 -24473.609375
v -4102.76708984375 291.65402221679688 -24473.931640625
v -4120.99462890625 308.19662475585938 -24420.390625
v -4128.08251953125 314.37258911132812 -24441.982421875
v -4123.10693359375 310.03692626953125 -24462.048828125
v -4108.373046875 297.19851684570312 -24473.71484375
v -4102.43359375 292.0230712890625 -24474.03515625
v -4120.7080078125 308.60250854492188 -24420.330078125
v -4127.81787109375 314.79745483398438 -24441.978515625
v -4122.8271484375 310.44869995117188 -24462.1015625
v -4108.05322265625 297.57534790039062 -24473.79296875
v -4102.103515625 292.39126586914062 -24474.115234375
v -4120.4130859375 308.99493408203125 -24420.28515625
v -4127.53759765625 315.20318603515625 -24441.9765625
v -4122.53662109375 310.84530639648438 -24462.138671875
v -4107.73486328125 297.94744873046875 -24473.849609375
v -4101.7783203125 292.75738525390625 -24474.169921875
v -4120.11083984375 309.37319946289062 -24420.259765625
v -4127.24462890625 315.58926391601562 -24441.974609375
v -4122.2373046875 311.22598266601562 -24462.16015625
v -4107.4189453125 298.31381225585938 -24473.8828125
v -4101.45849609375 293.1202392578125 -24474.203125
v -4119.80322265625 309.7366943359375 -24420.251953125
v -4126.93994140625 315.95529174804688 -24441.974609375
v -4121.93017578125 311.59030151367188 -24462.16796875
v -4107.1064453125 298.6734619140625 -24473.892578125
v -4101.14501953125 293.47872924804688 -24474.212890625
v -4119.4853515625 310.09133911132812 -24420.259765625
v -4126.61865234375 316.30740356445312 -24441.974609375
v -4121.611328125 311.94415283203125 -24462.16015625
v -4106.79296875 299.031982421875 -24473.8828125
v -4100.8330078125 293.83837890625 -24474.203125
v -4119.15185546875 310.44241333007812 -24420.28515625
v -4126.2763671875 316.65066528320312 -24441.9765625
v -4121.275390625 312.29275512695312 -24462.138671875
v -4106.4736328125 299.39492797851562 -24473.849609375
v -4100.51708984375 294.20486450195312 -24474.169921875
v -4118.80322265625 310.78842163085938 -24420.330078125
v -4125.9130859375 316.9833984375 -24441.978515625
v -4120.92236328125 312.6346435546875 -24462.1015625
v -4106.1484375 299.76126098632812 -24473.79296875
v -4100.19873046875 294.57720947265625 -24474.115234375
v -4118.4404296875 311.12789916992188 -24420.390625
v -4125.5283203125 317.3038330078125 -24441.982421875
v -4120.552734375 312.96817016601562 -24462.048828125
v -4105.81884765625 300.12979125976562 -24473.71484375
v -4099.87939453125 294.95431518554688 -24474.03515625
v -4118.06396484375 311.459228515625 -24420.47265625
v -4125.123046875 317.61026000976562 -24441.986328125
v -4120.1669921875 313.291748046875 -24461.978515625
v -4105.48583984375 300.49920654296875 -24473.609375
v -4099.5595703125 295.33502197265625 -24473.931640625
v -4117.67431640625 311.78085327148438 -24420.572265625
v -4124.69775390625 317.90084838867188 -24441.990234375
v -4119.76611328125 313.60366821289062 -24461.892578125
v -4105.15087890625 300.86822509765625 -24473.48046875
v -4099.240234375 295.71804809570312 -24473.802734375
v -4123.791015625 318.42770385742188 -24442.00390625
v -4118.92333984375 314.18606567382812 -24461.66796875
v -4104.478515625 301.59918212890625 -24473.142578125
v -4098.60986328125 296.48553466796875 -24473.466796875
v -4118.03271484375 314.70248413085938 -24461.373046875
v -4103.8115234375 302.31063842773438 -24472.69921875
v -4097.998046875 297.24490356445312 -24473.0234375
v -4117.1064453125 315.14096069335938 -24461.0078125
v -4103.16162109375 302.99014282226562 -24472.150390625
v -4097.416015625 297.98367309570312 -24472.478515625
v -4116.1572265625 315.49136352539062 -24460.576171875
v -4102.5400390625 303.62557983398438 -24471.501953125
v -4096.87451171875 298.68914794921875 -24471.83203125
v -4115.20068359375 315.74591064453125 -24460.08203125
v -4101.95654296875 304.20562744140625 -24470.759765625
v -4096.38330078125 299.34921264648438 -24471.095703125
v -4114.2509765625 315.89971923828125 -24459.537109375
v -4101.42138671875 304.72048950195312 -24469.9375
v -4095.94970703125 299.95285034179688 -24470.27734375
v -4113.32373046875 315.95111083984375 -24458.9453125
v -4100.9423828125 305.16253662109375 -24469.048828125
v -4095.581298828125 300.490966796875 -24469.39453125
v -4095.281494140625 300.95663452148438 -24468.45703125
v -4095.052734375 301.34542846679688 -24467.486328125
v -4094.894775390625 301.65557861328125 -24466.498046875
v -4094.841552734375 301.78128051757812 -24466.001953125
v -4094.804931640625 301.88772583007812 -24465.505859375
v -4094.784423828125 301.97537231445312 -24465.013671875
v -4094.779296875 302.044677734375 -24464.525390625
v -4094.788818359375 302.0963134765625 -24464.04296875
v -4094.8125 302.13095092773438 -24463.568359375
v -4094.85009765625 302.14959716796875 -24463.09375
v -4094.902587890625 302.152099609375 -24462.61328125
v -4094.970458984375 302.1375732421875 -24462.125
v -4095.054443359375 302.10525512695312 -24461.6328125
v -4095.155029296875 302.054443359375 -24461.13671875
v -4095.272216796875 301.98452758789062 -24460.640625
v -4095.557861328125 301.78546142578125 -24459.650390625
v -4095.91162109375 301.50567626953125 -24458.6796875
v -4105.97216796875 309.54525756835938 -24433.15625
v -4100.23291015625 304.54440307617188 -24457.283203125
v -4096.33203125 301.14511108398438 -24457.744140625
v -4105.96533203125 308.679931640625 -24433.853515625
v -4108.3671875 310.77285766601562 -24442.658203125
v -4106.6201171875 309.25051879882812 -24450.541015625
v -4100.603515625 304.00784301757812 -24456.3828125
v -4096.814453125 300.70632934570312 -24456.859375
v -4106.05029296875 307.77276611328125 -24434.501953125
v -4108.23486328125 309.67617797851562 -24442.689453125
v -4106.63818359375 308.2850341796875 -24449.990234375
v -4101.0380859375 303.40530395507812 -24455.548828125
v -4097.35302734375 300.19448852539062 -24456.04296875
v -4106.2265625 306.83807373046875 -24435.087890625
v -4108.21630859375 308.5716552734375 -24442.71875
v -4106.7548828125 307.2982177734375 -24449.494140625
v -4101.5302734375 302.74591064453125 -24454.794921875
v -4097.93994140625 299.61721801757812 -24455.3046875
v -4106.4912109375 305.89111328125 -24435.599609375
v -4108.31103515625 307.47686767578125 -24442.744140625
v -4106.96728515625 306.3060302734375 -24449.05859375
v -4102.072265625 302.0406494140625 -24454.1328125
v -4098.564453125 298.98422241210938 -24454.66015625
v -4106.83740234375 304.94732666015625 -24436.03515625
v -4108.5146484375 306.4088134765625 -24442.765625
v -4107.27001953125 305.32431030273438 -24448.689453125
v -4102.65380859375 301.30178833007812 -24453.572265625
v -4099.216796875 298.3067626953125 -24454.11328125
v -4107.25830078125 304.02139282226562 -24436.388671875
v -4108.82080078125 305.38296508789062 -24442.783203125
v -4107.65576171875 304.36798095703125 -24448.390625
v -4103.26513671875 300.5421142578125 -24453.1171875
v -4099.88525390625 297.59698486328125 -24453.671875
v -4107.74267578125 303.12664794921875 -24436.658203125
v -4109.21826171875 304.41253662109375 -24442.796875
v -4108.11376953125 303.45028686523438 -24448.162109375
v -4103.8955078125 299.77426147460938 -24452.76953125
v -4100.55908203125 296.8673095703125 -24453.3359375
v -4108.2802734375 302.27447509765625 -24436.84375
v -4109.69580078125 303.50814819335938 -24442.8046875
v -4108.63330078125 302.58230590820312 -24448.00390625
v -4104.5341796875 299.01016235351562 -24452.529296875
v -4101.228515625 296.1297607421875 -24453.1015625
v -4108.859375 301.47384643554688 -24436.953125
v -4110.24072265625 302.67745971679688 -24442.810546875
v -4109.2021484375 301.7725830078125 -24447.912109375
v -4105.17138671875 298.26046752929688 -24452.388671875
v -4101.88330078125 295.39544677734375 -24452.966796875
v -4109.46826171875 300.7313232421875 -24436.986328125
v -4110.83837890625 301.92532348632812 -24442.8125
v -4109.8076171875 301.02716064453125 -24447.8828125
v -4105.79931640625 297.53421020507812 -24452.345703125
v -4102.51708984375 294.67410278320312 -24452.923828125
v -4107.6494140625 297.8731689453125 -24433.94140625
v -4109.78662109375 300.37686157226562 -24436.978515625
v -4107.01025390625 298.58938598632812 -24433.986328125
v -4107.3251953125 298.23214721679688 -24433.974609375
v -4108.32275390625 297.15478515625 -24433.806640625
v -4110.4697265625 299.68130493164062 -24436.908203125
v -4107.982421875 297.51361083984375 -24433.88671875
v -4109.0234375 296.44476318359375 -24433.572265625
v -4111.212890625 299.01361083984375 -24436.76171875
v -4108.67041015625 296.79803466796875 -24433.703125
v -4109.74267578125 295.75460815429688 -24433.236328125
v -4112.00927734375 298.38626098632812 -24436.533203125
v -4109.38134765625 296.096435546875 -24433.41796875
v -4110.470703125 295.09640502929688 -24432.79296875
v -4112.8505859375 297.81195068359375 -24436.22265625
v -4110.1064453125 295.42074584960938 -24433.02734375
v -4111.1953125 294.48220825195312 -24432.248046875
v -4113.7255859375 297.30276489257812 -24435.828125
v -4110.833984375 294.78305053710938 -24432.533203125
v -4111.9052734375 293.92349243164062 -24431.60546875
v -4114.6220703125 296.86962890625 -24435.353515625
v -4111.55322265625 294.19525146484375 -24431.939453125
v -4112.58837890625 293.43045043945312 -24430.875
v -4115.52587890625 296.52169799804688 -24434.802734375
v -4112.2509765625 293.66818237304688 -24431.25
v -4113.23388671875 293.01141357421875 -24430.064453125
v -4116.421875 296.2657470703125 -24434.185546875
v -4112.91650390625 293.21124267578125 -24430.478515625
v -4102.33642578125 305.51776123046875 -24430.064453125
v -4105.95751953125 309.11865234375 -24433.509765625
v -4102.08203125 306.15570068359375 -24429.189453125
v -4102.19970703125 305.84463500976562 -24429.634765625
v -4102.6630859375 304.8212890625 -24430.875
v -4105.99609375 308.230712890625 -24434.185546875
v -4102.49072265625 305.17620849609375 -24430.478515625
v -4103.05810546875 304.0770263671875 -24431.60546875
v -4106.126953125 307.30789184570312 -24434.802734375
v -4102.8525390625 304.45437622070312 -24431.25
v -4103.51416015625 303.29727172851562 -24432.248046875
v -4106.34814453125 306.36514282226562 -24435.353515625
v -4103.27880859375 303.69076538085938 -24431.939453125
v -4104.0234375 302.49520874023438 -24432.79296875
v -4106.654296875 305.41787719726562 -24435.828125
v -4103.7626953125 302.898193359375 -24432.533203125
v -4104.576171875 301.68426513671875 -24433.236328125
v -4107.0390625 304.48123168945312 -24436.22265625
v -4104.294921875 302.09002685546875 -24433.02734375
v -4105.1611328125 300.8773193359375 -24433.572265625
v -4107.4931640625 303.56936645507812 -24436.533203125
v -4104.865234375 301.279541015625 -24433.41796875
v -4105.7685546875 300.0860595703125 -24433.806640625
v -4108.00537109375 302.69461059570312 -24436.76171875
v -4105.462890625 300.47903442382812 -24433.703125
v -4106.38818359375 299.32064819335938 -24433.94140625
v -4108.5654296875 301.86724853515625 -24436.908203125
v -4106.07763671875 299.69955444335938 -24433.88671875
v -4107.01025390625 298.58938598632812 -24433.986328125
v -4109.16064453125 301.09500122070312 -24436.978515625
v -4106.69921875 298.9503173828125 -24433.974609375
v -4103.8232421875 295.81222534179688 -24432.654296875
v -4104.45654296875 295.0909423828125 -24432.611328125
v -4105.111328125 294.35662841796875 -24432.4765625
v -4105.78076171875 293.61907958984375 -24432.244140625
v -4106.45458984375 292.88943481445312 -24431.908203125
v -4107.775390625 291.50222778320312 -24430.919921875
v -4108.98681640625 290.29196166992188 -24429.537109375
v -4110.0078125 289.34130859375 -24427.8359375
v -4110.7822265625 288.700927734375 -24425.9296875
v -4111.06787109375 288.50186157226562 -24424.939453125
v -4111.28515625 288.381103515625 -24423.947265625
v -4111.4375 288.33425903320312 -24422.966796875
v -4111.52734375 288.35537719726562 -24422.009765625
v -4111.560546875 288.44168090820312 -24421.0546875
v -4111.53515625 288.59860229492188 -24420.07421875
v -4111.4453125 288.83074951171875 -24419.08203125
v -4111.287109375 289.14089965820312 -24418.091796875
v -4110.7587890625 289.99530029296875 -24416.185546875
v -4109.95703125 291.13702392578125 -24414.484375
v -4108.923828125 292.50259399414062 -24413.1015625
v -4107.73046875 294.00076293945312 -24412.11328125
v -4107.099609375 294.76824951171875 -24411.77734375
v -4106.46044921875 295.531982421875 -24411.54296875
v -4105.82275390625 296.28146362304688 -24411.408203125
v -4105.19482421875 297.00762939453125 -24411.365234375
v -4104.5615234375 297.72894287109375 -24411.408203125
v -4103.90625 298.4632568359375 -24411.54296875
v -4103.2373046875 299.2008056640625 -24411.77734375
v -4102.5634765625 299.93045043945312 -24412.11328125
v -4101.24267578125 301.31765747070312 -24413.1015625
v -4100.03125 302.52789306640625 -24414.484375
v -4099.009765625 303.47857666015625 -24416.185546875
v -4098.23583984375 304.11895751953125 -24418.091796875
v -4097.9501953125 304.31802368164062 -24419.08203125
v -4097.732421875 304.43878173828125 -24420.07421875
v -4097.58056640625 304.48562622070312 -24421.0546875
v -4097.49072265625 304.4644775390625 -24422.009765625
v -4097.45703125 304.37820434570312 -24422.966796875
v -4097.48291015625 304.22128295898438 -24423.947265625
v -4097.57275390625 303.9891357421875 -24424.939453125
v -4097.73095703125 303.67898559570312 -24425.9296875
v -4098.25927734375 302.82455444335938 -24427.8359375
v -4099.06103515625 301.68283081054688 -24429.537109375
v -4100.09423828125 300.31729125976562 -24430.919921875
v -4101.28759765625 298.81912231445312 -24431.908203125
v -4101.91845703125 298.0516357421875 -24432.244140625
v -4102.55712890625 297.28787231445312 -24432.4765625
v -4103.1953125 296.53842163085938 -24432.611328125
v -4103.8232421875 295.81222534179688 -24432.654296875
v -4117.44287109375 317.90011596679688 -24430.9296875
v -4117.65478515625 317.88446044921875 -24430.884765625
v -4117.904296875 317.8642578125 -24430.84765625
v -4118.78466796875 317.78082275390625 -24430.822265625
v -4119.4072265625 317.71307373046875 -24430.908203125
v -4119.982421875 317.6470947265625 -24431.06640625
v -4121.041015625 317.5296630859375 -24431.591796875
v -4121.25390625 317.50909423828125 -24431.740234375
v -4121.40234375 317.49588012695312 -24431.85546875
v -4121.57275390625 317.48223876953125 -24431.998046875
v -4122.3271484375 317.45352172851562 -24432.830078125
v -4122.69970703125 317.47677612304688 -24433.4296875
v -4123.18212890625 317.63470458984375 -24434.748046875
v -4123.22705078125 317.67681884765625 -24434.982421875
v -4123.26953125 317.97317504882812 -24436.25390625
v -4123.12158203125 318.20944213867188 -24437.03515625
v -4123.00341796875 318.33087158203125 -24437.392578125
v -4122.56689453125 318.6531982421875 -24438.25
v -4122.34619140625 318.77838134765625 -24438.556640625
v -4122.01025390625 318.9398193359375 -24438.93359375
v -4121.63671875 319.08843994140625 -24439.267578125
v -4121.6123046875 319.09710693359375 -24439.287109375
v -4120.61328125 319.37411499023438 -24439.88671875
v -4119.8515625 319.49539184570312 -24440.15234375
v -4119.5390625 319.52621459960938 -24440.232421875
v -4118.44970703125 319.55862426757812 -24440.509765625
v -4117.3701171875 319.476806640625 -24440.79296875
v -4117.3671875 319.47647094726562 -24440.79296875
v -4116.31591796875 319.2852783203125 -24441.09375
v -4115.30322265625 318.99102783203125 -24441.41015625
v -4114.77099609375 318.78961181640625 -24441.58984375
v -4114.34423828125 318.60336303710938 -24441.740234375
v -4113.88818359375 318.37789916992188 -24441.904296875
v -4113.44873046875 318.13339233398438 -24442.064453125
v -4113.02734375 317.87142944335938 -24442.220703125
v -4112.66455078125 317.623046875 -24442.353515625
v -4112.6240234375 317.59371948242188 -24442.369140625
v -4112.2392578125 317.30197143554688 -24442.5078125
v -4111.87451171875 316.99795532226562 -24442.6328125
v -4111.5224609375 316.67739868164062 -24442.74609375
v -4111.17919921875 316.33505249023438 -24442.845703125
v -4110.84619140625 315.97116088867188 -24442.92578125
v -4110.525390625 315.58612060546875 -24442.982421875
v -4110.21875 315.18063354492188 -24443.0078125
v -4109.92822265625 314.75546264648438 -24442.99609375
v -4109.40283203125 313.84933471679688 -24442.82421875
v -4109.275390625 313.59481811523438 -24442.732421875
v -4109.11328125 313.2454833984375 -24442.572265625
v -4108.95458984375 312.87091064453125 -24442.345703125
v -4108.72607421875 312.27447509765625 -24441.83203125
v -4108.54736328125 311.78921508789062 -24441.197265625
v -4108.529296875 311.74246215820312 -24441.119140625
v -4108.40966796875 311.4632568359375 -24440.546875
v -4108.29833984375 311.27182006835938 -24439.935546875
v -4108.26220703125 311.22845458984375 -24439.73046875
v -4108.13916015625 311.1531982421875 -24438.9921875
v -4108.02685546875 311.19937133789062 -24438.25
v -4107.96923828125 311.28558349609375 -24437.806640625
v -4107.90283203125 311.90850830078125 -24436.34765625
v -4107.908203125 311.95904541015625 -24436.267578125
v -4107.912109375 311.99105834960938 -24436.21875
v -4108.09521484375 312.7103271484375 -24435.328125
v -4108.44970703125 313.46713256835938 -24434.63671875
v -4108.6767578125 313.8369140625 -24434.353515625
v -4108.93115234375 314.1968994140625 -24434.09765625
v -4109.208984375 314.54461669921875 -24433.869140625
v -4109.50732421875 314.878173828125 -24433.662109375
v -4109.822265625 315.19589233398438 -24433.470703125
v -4110.1513671875 315.49652099609375 -24433.296875
v -4110.49755859375 315.7843017578125 -24433.130859375
v -4110.7294921875 315.96246337890625 -24433.029296875
v -4110.86669921875 316.0625 -24432.970703125
v -4111.2568359375 316.32894897460938 -24432.814453125
v -4111.66748046875 316.58139038085938 -24432.66015625
v -4111.9990234375 316.76580810546875 -24432.54296875
v -4112.09765625 316.81765747070312 -24432.5078125
v -4112.54541015625 317.03564453125 -24432.35546875
v -4113.48779296875 317.408935546875 -24432.05078125
v -4114.482421875 317.68765258789062 -24431.744140625
v -4115.5166015625 317.86199951171875 -24431.439453125
v -4116.57763671875 317.92706298828125 -24431.14453125
v -4096.6787109375 303.55618286132812 -24461.84375
v -4096.6328125 303.48040771484375 -24461.6953125
v -4096.60009765625 303.40927124023438 -24461.529296875
v -4096.58740234375 303.30252075195312 -24461.201171875
v -4096.59912109375 303.27420043945312 -24461.080078125
v -4096.69189453125 303.22171020507812 -24460.701171875
v -4096.84814453125 303.2257080078125 -24460.37109375
v -4097.1103515625 303.29843139648438 -24460.017578125
v -4097.1767578125 303.32427978515625 -24459.947265625
v -4097.24560546875 303.35345458984375 -24459.880859375
v -4097.31640625 303.3858642578125 -24459.818359375
v -4097.388671875 303.42144775390625 -24459.759765625
v -4105.1044921875 311.02969360351562 -24461.232421875
v -4105.34228515625 311.18475341796875 -24461.455078125
v -4105.37841796875 311.20660400390625 -24461.494140625
v -4105.685546875 311.368896484375 -24461.86328125
v -4105.9228515625 311.4583740234375 -24462.21875
v -4105.95849609375 311.46844482421875 -24462.279296875
v -4106.19482421875 311.50210571289062 -24462.744140625
v -4106.33984375 311.48052978515625 -24463.1171875
v -4106.51318359375 311.3314208984375 -24463.83984375
v -4106.53466796875 311.266845703125 -24464.037109375
v -4106.5400390625 311.23812866210938 -24464.1171875
v -4106.45458984375 310.82772827148438 -24464.962890625
v -4106.29248046875 310.5511474609375 -24465.365234375
v -4106.29248046875 310.55099487304688 -24465.365234375
v -4106.16015625 310.37893676757812 -24465.57421875
v -4105.71435546875 309.9334716796875 -24465.990234375
v -4105.138671875 309.50357055664062 -24466.220703125
v -4105.017578125 309.42596435546875 -24466.2421875
v -4104.9599609375 309.39022827148438 -24466.25
v -4104.94189453125 309.37890625 -24466.251953125
v -4104.0625 308.9141845703125 -24466.162109375
v -4103.32958984375 308.55764770507812 -24465.9375
v -4102.86376953125 308.3104248046875 -24465.7890625
v -4101.8759765625 307.73876953125 -24465.458984375
v -4101.1572265625 307.28469848632812 -24465.19140625
v -4101.05859375 307.22000122070312 -24465.15234375
v -4100.986328125 307.1719970703125 -24465.123046875
v -4100.4560546875 306.8118896484375 -24464.90234375
v -4099.78125 306.32955932617188 -24464.587890625
v -4099.576171875 306.17742919921875 -24464.482421875
v -4099.1435546875 305.84756469726562 -24464.248046875
v -4098.55322265625 305.37631225585938 -24463.8828125
v -4098.34521484375 305.20370483398438 -24463.740234375
v -4098.02099609375 304.92660522460938 -24463.49609375
v -4097.54931640625 304.501708984375 -24463.083984375
v -4097.33642578125 304.29812622070312 -24462.865234375
v -4097.14697265625 304.10769653320312 -24462.642578125
v -4097.00244140625 303.95474243164062 -24462.44921875
v -4096.8330078125 303.76071166992188 -24462.177734375
v -4097.5048828125 303.48199462890625 -24459.673828125
v -4097.93505859375 303.73388671875 -24459.40625
v -4098.4140625 304.05667114257812 -24459.173828125
v -4098.8876953125 304.41671752929688 -24458.9921875
v -4099.75341796875 305.17874145507812 -24458.763671875
v -4099.79931640625 305.22314453125 -24458.755859375
v -4100.2568359375 305.6868896484375 -24458.693359375
v -4100.69677734375 306.17074584960938 -24458.673828125
v -4101.009765625 306.5362548828125 -24458.69140625
v -4101.6279296875 307.29995727539062 -24458.802734375
v -4102.169921875 307.99481201171875 -24459.001953125
v -4102.36474609375 308.24468994140625 -24459.09765625
v -4102.5966796875 308.5386962890625 -24459.2265625
v -4102.71142578125 308.68215942382812 -24459.294921875
v -4102.9814453125 309.01263427734375 -24459.47265625
v -4103.341796875 309.4320068359375 -24459.73828125
v -4103.6865234375 309.80633544921875 -24460.013671875
v -4104.0224609375 310.14212036132812 -24460.296875
v -4104.31494140625 310.41094970703125 -24460.548828125
v -4104.35302734375 310.4443359375 -24460.58203125
v -4104.6875 310.72174072265625 -24460.873046875
v -4105.03466796875 310.98098754882812 -24461.173828125
v -4106.91455078125 311.56884765625 -24452.580078125
v -4106.85498046875 311.04135131835938 -24451.802734375
v -4106.859375 311.0009765625 -24451.72265625
v -4106.87255859375 310.93060302734375 -24451.5703125
v -4106.9833984375 310.72659301757812 -24450.916015625
v -4107.16796875 310.68826293945312 -24450.24609375
v -4107.28515625 310.74264526367188 -24449.90625
v -4107.30419921875 310.755859375 -24449.85546875
v -4107.5673828125 311.04006958007812 -24449.228515625
v -4107.84814453125 311.50357055664062 -24448.728515625
v -4107.8603515625 311.52609252929688 -24448.7109375
v -4108.20703125 312.21945190429688 -24448.341796875
v -4108.35791015625 312.529541015625 -24448.259765625
v -4108.72607421875 313.25991821289062 -24448.2265625
v -4108.90625 313.593505859375 -24448.28515625
v -4109.05126953125 313.84991455078125 -24448.36328125
v -4109.22607421875 314.1434326171875 -24448.49609375
v -4109.47265625 314.5301513671875 -24448.75
v -4109.64501953125 314.78317260742188 -24448.984375
v -4109.712890625 314.8780517578125 -24449.0859375
v -4109.9609375 315.19979858398438 -24449.439453125
v -4110.22119140625 315.50006103515625 -24449.787109375
v -4110.490234375 315.7779541015625 -24450.1328125
v -4110.7666015625 316.03277587890625 -24450.48046875
v -4111.052734375 316.26800537109375 -24450.8359375
v -4111.35205078125 316.48562622070312 -24451.2109375
v -4111.66259765625 316.68246459960938 -24451.607421875
v -4111.9208984375 316.824462890625 -24451.94921875
v -4111.98193359375 316.85501098632812 -24452.033203125
v -4112.11474609375 316.9180908203125 -24452.216796875
v -4112.3056640625 316.99905395507812 -24452.490234375
v -4112.63037109375 317.109619140625 -24452.990234375
v -4113.24853515625 317.20062255859375 -24454.1640625
v -4113.59716796875 317.11306762695312 -24455.2109375
v -4113.6962890625 317.00241088867188 -24455.806640625
v -4113.712890625 316.94155883789062 -24456.06640625
v -4113.62158203125 316.6641845703125 -24456.982421875
v -4113.2578125 316.31637573242188 -24457.802734375
v -4112.9541015625 316.11849975585938 -24458.154296875
v -4112.58056640625 315.91696166992188 -24458.42578125
v -4112.2939453125 315.78076171875 -24458.55859375
v -4111.7490234375 315.5472412109375 -24458.6796875
v -4111.18701171875 315.3250732421875 -24458.654296875
v -4111.02392578125 315.26199340820312 -24458.62109375
v -4110.07958984375 314.88735961914062 -24458.21875
v -4109.68359375 314.71401977539062 -24457.93359375
v -4109.32763671875 314.5423583984375 -24457.615234375
v -4109.0078125 314.36917114257812 -24457.26953125
v -4108.72021484375 314.1922607421875 -24456.904296875
v -4108.46142578125 314.0101318359375 -24456.52734375
v -4108.45263671875 314.00332641601562 -24456.513671875
v -4108.22900390625 313.82177734375 -24456.142578125
v -4108.01708984375 313.622802734375 -24455.74609375
v -4107.8203125 313.40829467773438 -24455.3359375
v -4107.63916015625 313.17666625976562 -24454.9140625
v -4107.47314453125 312.926513671875 -24454.484375
v -4107.322265625 312.65646362304688 -24454.048828125
v -4107.185546875 312.36538696289062 -24453.61328125
v -4106.95556640625 311.71701049804688 -24452.755859375
v -4125.11083984375 306.44244384765625 -24425.1328125
v -4125.0166015625 306.52545166015625 -24424.97265625
v -4124.61669921875 306.73773193359375 -24424.326171875
v -4124.185546875 306.77383422851562 -24423.666015625
v -4124.072265625 306.75466918945312 -24423.49609375
v -4123.640625 306.57241821289062 -24422.853515625
v -4123.2802734375 306.27194213867188 -24422.318359375
v -4123.21826171875 306.204345703125 -24422.228515625
v -4122.8857421875 305.73574829101562 -24421.740234375
v -4122.60986328125 305.15521240234375 -24421.345703125
v -4122.576171875 305.06536865234375 -24421.298828125
v -4122.330078125 304.18447875976562 -24420.99609375
v -4122.265625 303.82162475585938 -24420.943359375
v -4125.12353515625 306.429931640625 -24425.15625
v -4125.12060546875 306.43307495117188 -24425.150390625
v -4125.1171875 306.43621826171875 -24425.14453125
v -4125.11376953125 306.4393310546875 -24425.138671875
v -4117.6015625 294.2857666015625 -24428.376953125
v -4117.3291015625 294.23159790039062 -24428.71484375
v -4117.11572265625 294.2198486328125 -24429.0234375
v -4116.61376953125 294.37063598632812 -24430.02734375
v -4116.5634765625 294.41143798828125 -24430.169921875
v -4116.43896484375 294.56704711914062 -24430.626953125
v -4116.3642578125 294.77603149414062 -24431.12890625
v -4116.35302734375 294.8699951171875 -24431.33203125
v -4116.3994140625 295.20870971679688 -24432
v -4116.55517578125 295.53121948242188 -24432.5859375
v -4116.84130859375 295.86972045898438 -24433.181640625
v -4117.1572265625 296.12493896484375 -24433.623046875
v -4117.67822265625 296.42935180664062 -24434.134765625
v -4118.12548828125 296.62966918945312 -24434.447265625
v -4118.5625 296.79531860351562 -24434.673828125
v -4118.826171875 296.88616943359375 -24434.775390625
v -4119.7734375 297.1864013671875 -24434.96875
v -4119.884765625 297.2208251953125 -24434.97265625
v -4120.00439453125 297.25778198242188 -24434.974609375
v -4120.515625 297.4189453125 -24434.931640625
v -4120.953125 297.56369018554688 -24434.826171875
v -4121.8369140625 297.88861083984375 -24434.3828125
v -4121.8427734375 297.89089965820312 -24434.376953125
v -4122.23291015625 298.05880737304688 -24434.078125
v -4122.599609375 298.239990234375 -24433.763671875
v -4122.94384765625 298.43423461914062 -24433.44140625
v -4123.265625 298.64105224609375 -24433.11328125
v -4123.56201171875 298.85650634765625 -24432.7890625
v -4123.56640625 298.85980224609375 -24432.78515625
v -4123.84619140625 299.08975219726562 -24432.45703125
v -4124.111328125 299.33450317382812 -24432.12890625
v -4124.36474609375 299.59872436523438 -24431.79296875
v -4124.60595703125 299.8826904296875 -24431.455078125
v -4124.833984375 300.1866455078125 -24431.111328125
v -4125.04638671875 300.51040649414062 -24430.767578125
v -4125.24267578125 300.85354614257812 -24430.421875
v -4125.57958984375 301.5947265625 -24429.73046875
v -4125.666015625 301.8360595703125 -24429.517578125
v -4125.82861328125 302.39981079101562 -24429.0390625
v -4125.97265625 303.2523193359375 -24428.33984375
v -4126.0009765625 303.7747802734375 -24427.916015625
v -4125.9931640625 304.12930297851562 -24427.62109375
v -4125.86669921875 305.00033569335938 -24426.859375
v -4125.56201171875 305.8233642578125 -24426.0078125
v -4122.19091796875 303.26510620117188 -24420.921875
v -4122.14501953125 302.845947265625 -24420.9453125
v -4122.0361328125 301.662841796875 -24421.1796875
v -4121.92822265625 300.58721923828125 -24421.587890625
v -4121.8984375 300.3499755859375 -24421.703125
v -4121.78466796875 299.6029052734375 -24422.1171875
v -4121.5849609375 298.70233154296875 -24422.724609375
v -4121.318359375 297.88177490234375 -24423.37890625
v -4120.98046875 297.13961791992188 -24424.05859375
v -4120.7861328125 296.79791259765625 -24424.400390625
v -4120.5751953125 296.4759521484375 -24424.744140625
v -4120.349609375 296.17391967773438 -24425.083984375
v -4120.11083984375 295.89208984375 -24425.419921875
v -4119.86083984375 295.63076782226562 -24425.75390625
v -4119.6005859375 295.3902587890625 -24426.083984375
v -4119.36279296875 295.19384765625 -24426.375
v -4119.328125 295.16693115234375 -24426.416015625
v -4119.03955078125 294.9586181640625 -24426.755859375
v -4118.73583984375 294.767822265625 -24427.103515625
v -4118.41943359375 294.597412109375 -24427.458984375
v -4118.09228515625 294.4505615234375 -24427.82421875
v -4117.75732421875 294.33071899414062 -24428.201171875
v -4127.56591796875 311.08294677734375 -24432.078125
v -4127.47265625 311.203857421875 -24431.927734375
v -4127.31396484375 311.376708984375 -24431.658203125
v -4126.90771484375 311.63946533203125 -24430.896484375
v -4126.82861328125 311.65875244140625 -24430.73046875
v -4126.474609375 311.5595703125 -24429.85546875
v -4126.2490234375 311.13986206054688 -24429.03515625
v -4126.171875 310.63113403320312 -24428.505859375
v -4126.166015625 310.10775756835938 -24428.15625
v -4126.16748046875 310.06655883789062 -24428.134765625
v -4126.2763671875 308.869140625 -24427.779296875
v -4126.31787109375 308.56585693359375 -24427.76171875
v -4126.38623046875 308.11471557617188 -24427.783203125
v -4126.44287109375 307.76846313476562 -24427.83984375
v -4126.63232421875 306.75582885742188 -24428.23046875
v -4126.697265625 306.4554443359375 -24428.42578125
v -4126.8251953125 301.78787231445312 -24442.44921875
v -4126.9384765625 301.91506958007812 -24442.5234375
v -4127.259765625 302.30056762695312 -24442.66015625
v -4127.56640625 302.7059326171875 -24442.689453125
v -4127.8564453125 303.13092041015625 -24442.619140625
v -4128.3359375 303.95208740234375 -24442.2421875
v -4128.37841796875 304.033447265625 -24442.19140625
v -4128.69677734375 304.72708129882812 -24441.646484375
v -4128.79833984375 304.98788452148438 -24441.3984375
v -4129.0859375 305.96505737304688 -24440.28125
v -4129.2080078125 306.86337280273438 -24439.0078125
v -4129.2109375 306.93328857421875 -24438.900390625
v -4129.15576171875 307.86630249023438 -24437.353515625
v -4129.0283203125 308.42861938476562 -24436.349609375
v -4128.921875 308.7510986328125 -24435.763671875
v -4128.853515625 308.9271240234375 -24435.443359375
v -4128.53515625 309.59158325195312 -24434.259765625
v -4128.03857421875 310.40457153320312 -24432.962890625
v -4126.80712890625 305.8199462890625 -24428.876953125
v -4126.85986328125 304.88473510742188 -24429.533203125
v -4126.80078125 303.97369384765625 -24430.208984375
v -4126.64697265625 303.11312866210938 -24430.931640625
v -4126.6201171875 303.00128173828125 -24431.03515625
v -4126.4287109375 302.35763549804688 -24431.685546875
v -4126.4169921875 302.3245849609375 -24431.720703125
v -4126.12890625 301.62570190429688 -24432.6015625
v -4125.96923828125 301.3145751953125 -24433.083984375
v -4125.80322265625 301.03143310546875 -24433.603515625
v -4125.6337890625 300.7781982421875 -24434.171875
v -4125.46484375 300.5574951171875 -24434.802734375
v -4125.4111328125 300.49325561523438 -24435.02734375
v -4125.3037109375 300.37350463867188 -24435.529296875
v -4125.2900390625 300.35916137695312 -24435.6015625
v -4125.16162109375 300.235595703125 -24436.42578125
v -4125.08642578125 300.18447875976562 -24437.845703125
v -4125.09326171875 300.19284057617188 -24438.06640625
v -4125.24658203125 300.33062744140625 -24439.384765625
v -4125.40625 300.46279907226562 -24440.048828125
v -4125.45166015625 300.50051879882812 -24440.203125
v -4125.8681640625 300.85125732421875 -24441.23828125
v -4126.24853515625 301.19680786132812 -24441.859375
v -4126.60205078125 301.54830932617188 -24442.265625
v -4126.6982421875 301.64938354492188 -24442.3515625
v -4123.904296875 300.88583374023438 -24460.15625
v -4124.00048828125 301.53384399414062 -24460.662109375
v -4124.05859375 301.85446166992188 -24460.828125
v -4124.2109375 302.57632446289062 -24461.048828125
v -4124.3369140625 303.08517456054688 -24461.09765625
v -4124.5732421875 303.87332153320312 -24460.998046875
v -4124.72802734375 304.29507446289062 -24460.8515625
v -4124.9169921875 304.72320556640625 -24460.615234375
v -4125.05859375 304.99114990234375 -24460.41015625
v -4125.09912109375 305.05999755859375 -24460.34765625
v -4125.14013671875 305.12646484375 -24460.28125
v -4125.1904296875 305.2042236328125 -24460.19921875
v -4125.2275390625 305.25750732421875 -24460.138671875
v -4125.26416015625 305.30874633789062 -24460.076171875
v -4125.369140625 305.44058227539062 -24459.896484375
v -4125.4755859375 305.5552978515625 -24459.705078125
v -4125.69140625 305.73031616210938 -24459.294921875
v -4125.97412109375 305.84466552734375 -24458.716796875
v -4126.23876953125 305.82199096679688 -24458.119140625
v -4126.44384765625 305.6898193359375 -24457.591796875
v -4126.53515625 305.58279418945312 -24457.326171875
v -4126.64404296875 305.38555908203125 -24456.958984375
v -4126.71533203125 305.17678833007812 -24456.658203125
v -4126.77587890625 304.81155395507812 -24456.248046875
v -4126.78466796875 304.59930419921875 -24456.056640625
v -4123.08642578125 298.79232788085938 -24449.060546875
v -4123.05810546875 298.77777099609375 -24449.05078125
v -4122.9912109375 298.74337768554688 -24449.03125
v -4122.5947265625 298.54592895507812 -24448.97265625
v -4122.17333984375 298.3447265625 -24449.015625
v -4121.77001953125 298.15408325195312 -24449.16015625
v -4121.4560546875 298.001953125 -24449.349609375
v -4121.4033203125 297.9754638671875 -24449.390625
v -4120.94287109375 297.72299194335938 -24449.876953125
v -4120.7041015625 297.55758666992188 -24450.298828125
v -4120.55078125 297.40744018554688 -24450.763671875
v -4120.52001953125 297.36282348632812 -24450.921875
v -4126.7587890625 303.93722534179688 -24455.47265625
v -4126.64208984375 303.108642578125 -24454.66015625
v -4126.4375 302.34225463867188 -24453.8046875
v -4126.1494140625 301.64328002929688 -24452.921875
v -4125.9833984375 301.333740234375 -24452.5
v -4125.974609375 301.3192138671875 -24452.48046875
v -4125.857421875 301.12771606445312 -24452.2109375
v -4125.7802734375 301.0115966796875 -24452.04296875
v -4125.56689453125 300.71994018554688 -24451.6171875
v -4125.33447265625 300.44357299804688 -24451.203125
v -4125.08349609375 300.18185424804688 -24450.810546875
v -4124.8154296875 299.93402099609375 -24450.439453125
v -4124.52490234375 299.69503784179688 -24450.09375
v -4124.2060546875 299.46041870117188 -24449.76953125
v -4123.85693359375 299.22994995117188 -24449.478515625
v -4123.47509765625 299.00296020507812 -24449.234375
v -4120.484375 297.15524291992188 -24451.822265625
v -4120.59912109375 297.04666137695312 -24452.568359375
v -4120.65966796875 297.02609252929688 -24452.810546875
v -4120.83056640625 297.0089111328125 -24453.345703125
v -4121.06298828125 297.03915405273438 -24453.91796875
v -4121.306640625 297.11318969726562 -24454.431640625
v -4121.5537109375 297.22286987304688 -24454.90234375
v -4121.79833984375 297.36224365234375 -24455.33984375
v -4122.03662109375 297.52664184570312 -24455.751953125
v -4122.265625 297.71212768554688 -24456.14453125
v -4122.37158203125 297.80776977539062 -24456.32421875
v -4122.48681640625 297.91921997070312 -24456.5234375
v -4122.7021484375 298.15005493164062 -24456.90234375
v -4122.90869140625 298.40362548828125 -24457.279296875
v -4123.10302734375 298.67864990234375 -24457.65625
v -4123.283203125 298.97384643554688 -24458.03515625
v -4123.44580078125 299.28775024414062 -24458.416015625
v -4123.7099609375 299.96575927734375 -24459.1875
v -4123.87890625 300.701171875 -24459.966796875
v -4116.7421875 297.9774169921875 -24416.34765625
v -4116.6748046875 298.0474853515625 -24416.2578125
v -4116.65771484375 298.0643310546875 -24416.236328125
v -4116.47998046875 298.21551513671875 -24416.01953125
v -4116.28369140625 298.344482421875 -24415.806640625
v -4116.07080078125 298.4503173828125 -24415.59765625
v -4115.84326171875 298.53213500976562 -24415.392578125
v -4115.75390625 298.55645751953125 -24415.31640625
v -4115.5634765625 298.59539794921875 -24415.162109375
v -4115.30810546875 298.6220703125 -24414.966796875
v -4115.04541015625 298.62136840820312 -24414.779296875
v -4114.77880859375 298.59320068359375 -24414.6015625
v -4114.50927734375 298.537353515625 -24414.431640625
v -4114.3759765625 298.49945068359375 -24414.3515625
v -4114.11279296875 298.404541015625 -24414.201171875
v -4113.5595703125 298.11087036132812 -24413.9140625
v -4113.3056640625 297.92782592773438 -24413.796875
v -4112.810546875 297.45925903320312 -24413.59765625
v -4112.5888671875 297.1868896484375 -24413.52734375
v -4112.2392578125 296.63766479492188 -24413.453125
v -4112.09033203125 296.33416748046875 -24413.443359375
v -4112.087890625 296.3284912109375 -24413.443359375
v -4111.86669921875 295.72097778320312 -24413.484375
v -4111.76806640625 295.31405639648438 -24413.5546875
v -4111.70947265625 294.9300537109375 -24413.65234375
v -4111.68212890625 294.47244262695312 -24413.8125
v -4111.70068359375 294.04791259765625 -24414.009765625
v -4111.7236328125 293.86111450195312 -24414.11328125
v -4111.7373046875 293.77691650390625 -24414.1640625
v -4111.84814453125 293.32498168945312 -24414.482421875
v -4112.01416015625 292.93002319335938 -24414.8515625
v -4112.08837890625 292.80105590820312 -24414.99609375
v -4112.18310546875 292.66259765625 -24415.173828125
v -4112.6689453125 289.98480224609375 -24425.48828125
v -4112.40673828125 290.11669921875 -24426.25390625
v -4112.3203125 290.23345947265625 -24426.61328125
v -4112.26611328125 290.36270141601562 -24426.921875
v -4112.2294921875 290.55023193359375 -24427.2890625
v -4112.22509765625 290.7135009765625 -24427.556640625
v -4112.3359375 291.25811767578125 -24428.271484375
v -4112.3671875 291.3404541015625 -24428.36328125
v -4112.376953125 291.3638916015625 -24428.388671875
v -4112.4052734375 291.43032836914062 -24428.458984375
v -4112.5595703125 291.72076416015625 -24428.744140625
v -4112.859375 292.1278076171875 -24429.08984375
v -4112.865234375 292.13427734375 -24429.09375
v -4113.208984375 292.47433471679688 -24429.3359375
v -4113.61572265625 292.7835693359375 -24429.513671875
v -4113.66259765625 292.81460571289062 -24429.52734375
v -4113.8408203125 292.92532348632812 -24429.576171875
v -4114.51025390625 293.26443481445312 -24429.6484375
v -4114.7021484375 293.34442138671875 -24429.642578125
v -4114.77587890625 293.37344360351562 -24429.63671875
v -4114.77734375 293.37405395507812 -24429.63671875
v -4115.8779296875 293.729248046875 -24429.349609375
v -4116.31689453125 293.84130859375 -24429.1171875
v -4116.51318359375 293.8875732421875 -24428.984375
v -4116.58984375 293.9051513671875 -24428.927734375
v -4116.810546875 293.95382690429688 -24428.7421875
v -4117.47265625 294.08303833007812 -24427.939453125
v -4117.5927734375 294.10211181640625 -24427.724609375
v -4117.71044921875 294.11795043945312 -24427.474609375
v -4117.88330078125 294.13018798828125 -24426.970703125
v -4117.96630859375 294.12130737304688 -24426.568359375
v -4117.98583984375 294.11392211914062 -24426.423828125
v -4117.990234375 294.11123657226562 -24426.380859375
v -4118.02587890625 294.090576171875 -24425.99609375
v -4118.037109375 294.08514404296875 -24425.859375
v -4118.07470703125 294.07449340820312 -24425.306640625
v -4118.1005859375 294.0830078125 -24424.767578125
v -4118.11767578125 294.1119384765625 -24424.236328125
v -4118.12744140625 294.1636962890625 -24423.705078125
v -4118.130859375 294.24041748046875 -24423.17578125
v -4118.12841796875 294.34384155273438 -24422.650390625
v -4118.12060546875 294.47518920898438 -24422.130859375
v -4118.1064453125 294.63497924804688 -24421.619140625
v -4118.0546875 295.03805541992188 -24420.62109375
v -4117.95849609375 295.54241943359375 -24419.662109375
v -4117.7958984375 296.12753295898438 -24418.744140625
v -4117.54248046875 296.76580810546875 -24417.869140625
v -4117.17236328125 297.42453002929688 -24417.03515625
v -4117.05419921875 297.594482421875 -24416.82421875
v -4112.44970703125 292.3280029296875 -24415.673828125
v -4112.87939453125 291.84335327148438 -24416.578125
v -4113.25537109375 291.4439697265625 -24417.5390625
v -4113.4150390625 291.26864624023438 -24418.0390625
v -4113.5478515625 291.11093139648438 -24418.53515625
v -4113.73681640625 290.82742309570312 -24419.541015625
v -4113.7880859375 290.7003173828125 -24420.041015625
v -4113.81103515625 290.58181762695312 -24420.537109375
v -4113.8056640625 290.4716796875 -24421.02734375
v -4113.77392578125 290.3701171875 -24421.5078125
v -4113.71728515625 290.2777099609375 -24421.98046875
v -4113.63916015625 290.19537353515625 -24422.443359375
v -4113.56298828125 290.13787841796875 -24422.802734375
v -4113.53955078125 290.12283325195312 -24422.904296875
v -4113.4189453125 290.06082153320312 -24423.369140625
v -4113.27783203125 290.01190185546875 -24423.841796875
v -4113.119140625 289.97891235351562 -24424.31640625
v -4112.9443359375 289.96490478515625 -24424.794921875
v -4112.75634765625 289.97311401367188 -24425.275390625
v -4106.61279296875 311.93450927734375 -24423.46484375
v -4106.6376953125 311.9986572265625 -24423.658203125
v -4106.63330078125 312.05612182617188 -24423.916015625
v -4106.568359375 312.08108520507812 -24424.236328125
v -4106.48388671875 312.06460571289062 -24424.453125
v -4106.361328125 312.01416015625 -24424.66796875
v -4106.21044921875 311.93161010742188 -24424.8515625
v -4106.1630859375 311.90261840820312 -24424.896484375
v -4105.88037109375 311.70974731445312 -24425.087890625
v -4105.818359375 311.66366577148438 -24425.11328125
v -4105.47265625 311.39266967773438 -24425.169921875
v -4100.7236328125 307.21426391601562 -24421.73828125
v -4100.7060546875 307.19622802734375 -24421.7109375
v -4100.57177734375 307.05014038085938 -24421.4453125
v -4100.49609375 306.95220947265625 -24421.21875
v -4100.43408203125 306.8389892578125 -24420.8828125
v -4100.42333984375 306.78341674804688 -24420.666015625
v -4100.43701171875 306.73284912109375 -24420.416015625
v -4100.45654296875 306.71087646484375 -24420.2734375
v -4100.48095703125 306.6954345703125 -24420.150390625
v -4100.63916015625 306.6693115234375 -24419.685546875
v -4100.64892578125 306.66943359375 -24419.6640625
v -4100.69189453125 306.6712646484375 -24419.578125
v -4100.89794921875 306.70034790039062 -24419.25
v -4101.18017578125 306.77310180664062 -24418.9375
v -4101.34423828125 306.82748413085938 -24418.798828125
v -4101.509765625 306.88986206054688 -24418.685546875
v -4101.642578125 306.94500732421875 -24418.609375
v -4102.24462890625 307.2520751953125 -24418.4140625
v -4102.4267578125 307.36456298828125 -24418.40234375
v -4102.55859375 307.45291137695312 -24418.40625
v -4102.92041015625 307.72946166992188 -24418.48828125
v -4103.23046875 308.02175903320312 -24418.669921875
v -4103.42578125 308.22900390625 -24418.83203125
v -4103.6591796875 308.4786376953125 -24419.037109375
v -4104.77880859375 309.6951904296875 -24420.1796875
v -4105.28955078125 310.26531982421875 -24420.814453125
v -4105.84130859375 310.90255737304688 -24421.630859375
v -4105.89306640625 310.96429443359375 -24421.716796875
v -4106.52978515625 311.79379272460938 -24423.130859375
v -4105.306640625 311.2564697265625 -24425.15625
v -4105.18896484375 311.15863037109375 -24425.138671875
v -4104.37890625 310.46609497070312 -24424.89453125
v -4104.009765625 310.14501953125 -24424.7265625
v -4103.5966796875 309.78488159179688 -24424.5
v -4103.193359375 309.43338012695312 -24424.24609375
v -4102.74365234375 309.04171752929688 -24423.921875
v -4102.43896484375 308.77621459960938 -24423.673828125
v -4102.12548828125 308.50274658203125 -24423.3984375
v -4101.37109375 307.83160400390625 -24422.609375
v -4101.15087890625 307.62850952148438 -24422.33984375
v -4100.798828125 307.28988647460938 -24421.853515625
v -4108.95849609375 312.8741455078125 -24442.5859375
v -4122.45263671875 298.87017822265625 -24442.546875
v -4124.75146484375 300.00942993164062 -24442.451171875
v -4124.32666015625 299.74484252929688 -24442.470703125
v -4125.1572265625 300.2890625 -24442.431640625
v -4112.30810546875 299.30673217773438 -24413.16796875
v -4122.02734375 306.45880126953125 -24420.8359375
v -4112.0029296875 299.70175170898438 -24413.041015625
v -4111.69384765625 300.09213256835938 -24412.939453125
v -4111.3828125 300.47659301757812 -24412.861328125
v -4121.53662109375 307.34832763671875 -24420.572265625
v -4122.455078125 305.53912353515625 -24421.1796875
v -4123.4228515625 299.26751708984375 -24442.509765625
v -4123.88330078125 299.49697875976562 -24442.490234375
v -4125.54296875 300.58206176757812 -24442.412109375
v -4125.90869140625 300.88677978515625 -24442.39453125
v -4126.2607421875 301.20748901367188 -24442.375
v -4126.603515625 301.54962158203125 -24442.35546875
v -4113.03369140625 290.21478271484375 -24460.22265625
v -4128.37890625 304.03421020507812 -24442.240234375
v -4128.82177734375 305.0081787109375 -24442.201171875
v -4129.16943359375 306.03790283203125 -24442.1640625
v -4122.81689453125 318.87118530273438 -24442.021484375
v -4113.14892578125 290.14346313476562 -24460.724609375
v -4113.248046875 290.0911865234375 -24461.224609375
v -4113.330078125 290.05740356445312 -24461.72265625
v -4113.396484375 290.04141235351562 -24462.216796875
v -4113.447265625 290.04238891601562 -24462.703125
v -4113.48291015625 290.05950927734375 -24463.181640625
v -4113.5048828125 290.09262084960938 -24463.66015625
v -4113.5126953125 290.14266967773438 -24464.146484375
v -4113.505859375 290.21035766601562 -24464.638671875
v -4113.4833984375 290.29629516601562 -24465.134765625
v -4129.41259765625 307.109130859375 -24442.12890625
v -4129.544921875 308.20559692382812 -24442.09765625
v -4113.44482421875 290.40106201171875 -24465.634765625
v -4113.3896484375 290.5250244140625 -24466.134765625
v -4113.2275390625 290.83169555664062 -24467.130859375
v -4112.99462890625 291.217041015625 -24468.107421875
v -4112.69140625 291.67929077148438 -24469.048828125
v -4112.31884765625 292.21414184570312 -24469.9375
v -4111.8818359375 292.81475830078125 -24470.759765625
v -4110.13232421875 301.94174194335938 -24412.775390625
v -4110.75830078125 301.22360229492188 -24412.775390625
v -4111.0703125 300.85409545898438 -24412.806640625
v -4109.47802734375 302.66253662109375 -24412.861328125
v -4109.80908203125 302.30157470703125 -24412.806640625
v -4110.447265625 301.58425903320312 -24412.765625
v -4108.44580078125 303.7392578125 -24413.16796875
v -4109.1396484375 303.02337646484375 -24412.939453125
v -4108.79541015625 303.38278198242188 -24413.041015625
v -4116.0078125 312.93795776367188 -24421.1796875
v -4115.12841796875 313.41729736328125 -24421.607421875
v -4114.23486328125 313.81597900390625 -24422.111328125
v -4112.46142578125 314.34054565429688 -24423.32421875
v -4111.60986328125 314.45794677734375 -24424.015625
v -4110.79931640625 314.47830200195312 -24424.748046875
v -4110.04052734375 314.40499877929688 -24425.505859375
v -4109.34130859375 314.24395751953125 -24426.28125
v -4109.0166015625 314.13302612304688 -24426.669921875
v -4113.3408203125 314.12564086914062 -24422.685546875
v -4121.787109375 319.21957397460938 -24442.04296875
v -4120.7158203125 319.46347045898438 -24442.068359375
v -4119.61962890625 319.59646606445312 -24442.09765625
v -4108.708984375 314.00332641601562 -24427.056640625
v -4118.51513671875 319.615478515625 -24442.12890625
v -4117.4208984375 319.52114868164062 -24442.1640625
v -4116.35302734375 319.317626953125 -24442.201171875
v -4115.32763671875 319.01223754882812 -24442.240234375
v -4114.35791015625 318.614990234375 -24442.279296875
v -4113.89697265625 318.38555908203125 -24442.298828125
v -4113.45361328125 318.13775634765625 -24442.318359375
v -4101.419921875 307.75732421875 -24424.654296875
v -4101.3701171875 307.47018432617188 -24425.62890625
v -4101.529296875 307.96945190429688 -24423.697265625
v -4101.36962890625 307.297607421875 -24426.119140625
v -4107.02197265625 312.63897705078125 -24429.70703125
v -4107.22216796875 312.88674926757812 -24429.32421875
v -4101.46728515625 307.87252807617188 -24424.171875
v -4101.38720703125 307.62332153320312 -24425.138671875
v -4106.8359375 312.37112426757812 -24430.09375
v -4106.6640625 312.08319091796875 -24430.484375
v -4107.43359375 313.11453247070312 -24428.947265625
v -4107.65625 313.322509765625 -24428.57421875
v -4106.50830078125 311.77545166015625 -24430.873046875
v -4106.25 311.10211181640625 -24431.65234375
v -4106.06884765625 310.35614013671875 -24432.416015625
v -4108.4189453125 313.85614013671875 -24427.443359375
v -4108.14697265625 313.69268798828125 -24427.82421875
v -4107.892578125 313.51437377929688 -24428.203125
v -4113.029296875 317.87319946289062 -24442.3359375
v -4108.6103515625 311.84423828125 -24442.623046875
v -4100.17626953125 305.80975341796875 -24467.130859375
v -4099.89453125 306.01229858398438 -24466.134765625
v -4099.779296875 306.08395385742188 -24465.634765625
v -4099.6806640625 306.136474609375 -24465.134765625
v -4099.5986328125 306.17044067382812 -24464.638671875
v -4103.8232421875 295.81222534179688 -24432.654296875
v -4104.45654296875 295.0909423828125 -24432.611328125
v -4105.111328125 294.35662841796875 -24432.4765625
v -4105.78076171875 293.61907958984375 -24432.244140625
v -4106.45458984375 292.88943481445312 -24431.908203125
v -4107.775390625 291.50222778320312 -24430.919921875
v -4108.98681640625 290.29196166992188 -24429.537109375
v -4110.0078125 289.34130859375 -24427.8359375
v -4110.7822265625 288.700927734375 -24425.9296875
v -4111.06787109375 288.50186157226562 -24424.939453125
v -4111.28515625 288.381103515625 -24423.947265625
v -4111.4375 288.33425903320312 -24422.966796875
v -4111.52734375 288.35537719726562 -24422.009765625
v -4111.560546875 288.44168090820312 -24421.0546875
v -4111.53515625 288.59860229492188 -24420.07421875
v -4111.4453125 288.83074951171875 -24419.08203125
v -4111.287109375 289.14089965820312 -24418.091796875
v -4110.7587890625 289.99530029296875 -24416.185546875
v -4109.95703125 291.13702392578125 -24414.484375
v -4108.923828125 292.50259399414062 -24413.1015625
v -4107.73046875 294.00076293945312 -24412.11328125
v -4107.099609375 294.76824951171875 -24411.77734375
v -4106.46044921875 295.531982421875 -24411.54296875
v -4105.82275390625 296.28146362304688 -24411.408203125
v -4105.19482421875 297.00762939453125 -24411.365234375
v -4104.5615234375 297.72894287109375 -24411.408203125
v -4103.90625 298.4632568359375 -24411.54296875
v -4103.2373046875 299.2008056640625 -24411.77734375
v -4102.5634765625 299.93045043945312 -24412.11328125
v -4101.24267578125 301.31765747070312 -24413.1015625
v -4100.03125 302.52789306640625 -24414.484375
v -4099.009765625 303.47857666015625 -24416.185546875
v -4098.23583984375 304.11895751953125 -24418.091796875
v -4097.9501953125 304.31802368164062 -24419.08203125
v -4097.732421875 304.43878173828125 -24420.07421875
v -4097.58056640625 304.48562622070312 -24421.0546875
v -4097.49072265625 304.4644775390625 -24422.009765625
v -4097.45703125 304.37820434570312 -24422.966796875
v -4097.48291015625 304.22128295898438 -24423.947265625
v -4097.57275390625 303.9891357421875 -24424.939453125
v -4097.73095703125 303.67898559570312 -24425.9296875
v -4098.25927734375 302.82455444335938 -24427.8359375
v -4099.06103515625 301.68283081054688 -24429.537109375
v -4100.09423828125 300.31729125976562 -24430.919921875
v -4101.28759765625 298.81912231445312 -24431.908203125
v -4101.91845703125 298.0516357421875 -24432.244140625
v -4102.55712890625 297.28787231445312 -24432.4765625
v -4103.1953125 296.53842163085938 -24432.611328125
v -4102.51708984375 294.67410278320312 -24452.923828125
v -4103.14453125 293.94796752929688 -24452.966796875
v -4103.78271484375 293.19851684570312 -24453.1015625
v -4104.42138671875 292.43475341796875 -24453.3359375
v -4105.05224609375 291.66729736328125 -24453.671875
v -4105.66357421875 290.90792846679688 -24454.11328125
v -4106.24560546875 290.16915893554688 -24454.66015625
v -4106.787109375 289.46368408203125 -24455.3046875
v -4107.27880859375 288.80361938476562 -24456.04296875
v -4107.7119140625 288.19998168945312 -24456.859375
v -4108.08056640625 287.661865234375 -24457.744140625
v -4108.38037109375 287.19619750976562 -24458.6796875
v -4108.60888671875 286.80740356445312 -24459.650390625
v -4108.76708984375 286.49722290039062 -24460.640625
v -4108.8203125 286.37155151367188 -24461.13671875
v -4108.85693359375 286.26510620117188 -24461.6328125
v -4108.87744140625 286.17745971679688 -24462.125
v -4108.8828125 286.108154296875 -24462.61328125
v -4108.873046875 286.0565185546875 -24463.09375
v -4108.849609375 286.0218505859375 -24463.568359375
v -4108.81201171875 286.00323486328125 -24464.04296875
v -4108.75927734375 286.000732421875 -24464.525390625
v -4108.69140625 286.0152587890625 -24465.013671875
v -4108.607421875 286.04757690429688 -24465.505859375
v -4108.5068359375 286.098388671875 -24466.001953125
v -4108.3896484375 286.16830444335938 -24466.498046875
v -4108.10400390625 286.36737060546875 -24467.486328125
v -4107.75048828125 286.64715576171875 -24468.45703125
v -4107.330078125 287.00772094726562 -24469.39453125
v -4106.84716796875 287.44650268554688 -24470.27734375
v -4106.30859375 287.95834350585938 -24471.095703125
v -4105.72216796875 288.53561401367188 -24471.83203125
v -4105.09716796875 289.16860961914062 -24472.478515625
v -4104.4453125 289.8460693359375 -24473.0234375
v -4103.7763671875 290.55584716796875 -24473.466796875
v -4103.1025390625 291.2855224609375 -24473.802734375
v -4102.76708984375 291.65402221679688 -24473.931640625
v -4102.43359375 292.0230712890625 -24474.03515625
v -4102.103515625 292.39126586914062 -24474.115234375
v -4101.7783203125 292.75738525390625 -24474.169921875
v -4101.45849609375 293.1202392578125 -24474.203125
v -4101.14501953125 293.47872924804688 -24474.212890625
v -4100.8330078125 293.83837890625 -24474.203125
v -4100.51708984375 294.20486450195312 -24474.169921875
v -4100.19873046875 294.57720947265625 -24474.115234375
v -4099.87939453125 294.95431518554688 -24474.03515625
v -4099.5595703125 295.33502197265625 -24473.931640625
v -4099.240234375 295.71804809570312 -24473.802734375
v -4098.60986328125 296.48553466796875 -24473.466796875
v -4097.998046875 297.24490356445312 -24473.0234375
v -4097.416015625 297.98367309570312 -24472.478515625
v -4096.87451171875 298.68914794921875 -24471.83203125
v -4096.38330078125 299.34921264648438 -24471.095703125
v -4095.94970703125 299.95285034179688 -24470.27734375
v -4095.581298828125 300.490966796875 -24469.39453125
v -4095.281494140625 300.95663452148438 -24468.45703125
v -4095.052734375 301.34542846679688 -24467.486328125
v -4094.894775390625 301.65557861328125 -24466.498046875
v -4094.841552734375 301.78128051757812 -24466.001953125
v -4094.804931640625 301.88772583007812 -24465.505859375
v -4094.784423828125 301.97537231445312 -24465.013671875
v -4094.779296875 302.044677734375 -24464.525390625
v -4094.788818359375 302.0963134765625 -24464.04296875
v -4094.8125 302.13095092773438 -24463.568359375
v -4094.85009765625 302.14959716796875 -24463.09375
v -4094.902587890625 302.152099609375 -24462.61328125
v -4094.970458984375 302.1375732421875 -24462.125
v -4095.054443359375 302.10525512695312 -24461.6328125
v -4095.155029296875 302.054443359375 -24461.13671875
v -4095.272216796875 301.98452758789062 -24460.640625
v -4095.557861328125 301.78546142578125 -24459.650390625
v -4095.91162109375 301.50567626953125 -24458.6796875
v -4096.33203125 301.14511108398438 -24457.744140625
v -4096.814453125 300.70632934570312 -24456.859375
v -4097.35302734375 300.19448852539062 -24456.04296875
v -4097.93994140625 299.61721801757812 -24455.3046875
v -4098.564453125 298.98422241210938 -24454.66015625
v -4099.216796875 298.3067626953125 -24454.11328125
v -4099.88525390625 297.59698486328125 -24453.671875
v -4100.55908203125 296.8673095703125 -24453.3359375
v -4101.228515625 296.1297607421875 -24453.1015625
v -4101.88330078125 295.39544677734375 -24452.966796875
v -4117.44287109375 317.90011596679688 -24430.9296875
v -4120.693359375 317.23348999023438 -24431.505859375
v -4120.0546875 316.86077880859375 -24431.396484375
v -4119.3994140625 316.54513549804688 -24431.384765625
v -4118.7509765625 316.29183959960938 -24431.4609375
v -4122.2314453125 317.30703735351562 -24432.783203125
v -4121.80322265625 316.74832153320312 -24432.634765625
v -4121.28173828125 316.21823120117188 -24432.548828125
v -4120.69677734375 315.75332641601562 -24432.53515625
v -4120.0791015625 315.373291015625 -24432.587890625
v -4119.45166015625 315.08303833007812 -24432.703125
v -4122.65185546875 316.92672729492188 -24433.82421875
v -4122.2958984375 316.30227661132812 -24433.85546875
v -4121.83837890625 315.71432495117188 -24433.927734375
v -4121.30419921875 315.20364379882812 -24434.0390625
v -4120.72119140625 314.79165649414062 -24434.1796875
v -4120.1142578125 314.48306274414062 -24434.345703125
v -4122.9833984375 316.99026489257812 -24434.958984375
v -4122.68505859375 316.37680053710938 -24435.1875
v -4122.2783203125 315.79852294921875 -24435.43359375
v -4121.78369140625 315.29547119140625 -24435.6796875
v -4121.22900390625 314.88882446289062 -24435.91796875
v -4120.6376953125 314.58331298828125 -24436.13671875
v -4122.94970703125 317.77737426757812 -24437.2578125
v -4122.57763671875 317.38082885742188 -24437.7734375
v -4122.10986328125 317.021484375 -24438.232421875
v -4121.57421875 316.71517944335938 -24438.6171875
v -4120.994140625 316.46725463867188 -24438.921875
v -4119.8515625 319.49539184570312 -24440.15234375
v -4120.1689453125 318.14743041992188 -24440.0234375
v -4120.35498046875 316.86322021484375 -24439.5234375
v -4120.39453125 315.74887084960938 -24438.693359375
v -4120.28466796875 314.89651489257812 -24437.599609375
v -4120.03369140625 314.37655639648438 -24436.333984375
v -4117.65478515625 317.88446044921875 -24430.884765625
v -4117.904296875 317.8642578125 -24430.84765625
v -4118.78466796875 317.78082275390625 -24430.822265625
v -4119.4072265625 317.71307373046875 -24430.908203125
v -4119.982421875 317.6470947265625 -24431.06640625
v -4121.041015625 317.5296630859375 -24431.591796875
v -4121.25390625 317.50909423828125 -24431.740234375
v -4121.40234375 317.49588012695312 -24431.85546875
v -4121.57275390625 317.48223876953125 -24431.998046875
v -4122.3271484375 317.45352172851562 -24432.830078125
v -4122.69970703125 317.47677612304688 -24433.4296875
v -4123.18212890625 317.63470458984375 -24434.748046875
v -4123.22705078125 317.67681884765625 -24434.982421875
v -4123.26953125 317.97317504882812 -24436.25390625
v -4123.12158203125 318.20944213867188 -24437.03515625
v -4123.00341796875 318.33087158203125 -24437.392578125
v -4122.56689453125 318.6531982421875 -24438.25
v -4122.34619140625 318.77838134765625 -24438.556640625
v -4122.01025390625 318.9398193359375 -24438.93359375
v -4121.63671875 319.08843994140625 -24439.267578125
v -4121.6123046875 319.09710693359375 -24439.287109375
v -4120.61328125 319.37411499023438 -24439.88671875
v -4119.61572265625 314.23995971679688 -24434.853515625
v -4119.091796875 314.58047485351562 -24433.439453125
v -4118.51611328125 315.3634033203125 -24432.240234375
v -4117.947265625 316.50888061523438 -24431.373046875
v -4117.857421875 317.85107421875 -24430.857421875
v -4117.53466796875 317.76278686523438 -24430.939453125
v -4120.03369140625 314.37655639648438 -24436.333984375
v -4108.29833984375 311.27182006835938 -24439.935546875
v -4116.1220703125 313.34164428710938 -24437.53515625
v -4112.2099609375 312.30673217773438 -24438.734375
v -4108.26220703125 311.22845458984375 -24439.73046875
v -4108.13916015625 311.1531982421875 -24438.9921875
v -4108.02685546875 311.19937133789062 -24438.25
v -4107.96923828125 311.28558349609375 -24437.806640625
v -4107.90283203125 311.90850830078125 -24436.34765625
v -4107.908203125 311.95904541015625 -24436.267578125
v -4107.912109375 311.99105834960938 -24436.21875
v -4108.09521484375 312.7103271484375 -24435.328125
v -4108.44970703125 313.46713256835938 -24434.63671875
v -4108.6767578125 313.8369140625 -24434.353515625
v -4108.93115234375 314.1968994140625 -24434.09765625
v -4109.208984375 314.54461669921875 -24433.869140625
v -4109.50732421875 314.878173828125 -24433.662109375
v -4109.822265625 315.19589233398438 -24433.470703125
v -4110.1513671875 315.49652099609375 -24433.296875
v -4110.49755859375 315.7843017578125 -24433.130859375
v -4110.7294921875 315.96246337890625 -24433.029296875
v -4110.86669921875 316.0625 -24432.970703125
v -4111.2568359375 316.32894897460938 -24432.814453125
v -4111.66748046875 316.58139038085938 -24432.66015625
v -4111.9990234375 316.76580810546875 -24432.54296875
v -4112.09765625 316.81765747070312 -24432.5078125
v -4112.54541015625 317.03564453125 -24432.35546875
v -4113.48779296875 317.408935546875 -24432.05078125
v -4114.482421875 317.68765258789062 -24431.744140625
v -4115.5166015625 317.86199951171875 -24431.439453125
v -4116.57763671875 317.92706298828125 -24431.14453125
v -4117.44287109375 317.90011596679688 -24430.9296875
v -4117.947265625 316.50888061523438 -24431.373046875
v -4118.51611328125 315.3634033203125 -24432.240234375
v -4119.091796875 314.58047485351562 -24433.439453125
v -4119.61572265625 314.23995971679688 -24434.853515625
v -4120.03369140625 314.37655639648438 -24436.333984375
v -4114.50244140625 314.97763061523438 -24441.12890625
v -4117.44189453125 315.7552490234375 -24440.2265625
v -4114.462890625 313.61407470703125 -24439.82421875
v -4117.40185546875 314.39166259765625 -24438.921875
v -4111.56298828125 314.20004272460938 -24442.03125
v -4111.5234375 312.83645629882812 -24440.7265625
v -4120.28466796875 314.89651489257812 -24437.599609375
v -4120.39453125 315.74887084960938 -24438.693359375
v -4120.35498046875 316.86322021484375 -24439.5234375
v -4120.1689453125 318.14743041992188 -24440.0234375
v -4119.8515625 319.49539184570312 -24440.15234375
v -4108.29833984375 311.27182006835938 -24439.935546875
v -4112.2099609375 312.30673217773438 -24438.734375
v -4116.1220703125 313.34164428710938 -24437.53515625
v -4119.5390625 319.52621459960938 -24440.232421875
v -4118.44970703125 319.55862426757812 -24440.509765625
v -4117.3701171875 319.476806640625 -24440.79296875
v -4117.3671875 319.47647094726562 -24440.79296875
v -4116.31591796875 319.2852783203125 -24441.09375
v -4115.30322265625 318.99102783203125 -24441.41015625
v -4114.77099609375 318.78961181640625 -24441.58984375
v -4114.34423828125 318.60336303710938 -24441.740234375
v -4113.88818359375 318.37789916992188 -24441.904296875
v -4113.44873046875 318.13339233398438 -24442.064453125
v -4113.02734375 317.87142944335938 -24442.220703125
v -4112.66455078125 317.623046875 -24442.353515625
v -4112.6240234375 317.59371948242188 -24442.369140625
v -4112.2392578125 317.30197143554688 -24442.5078125
v -4111.87451171875 316.99795532226562 -24442.6328125
v -4111.5224609375 316.67739868164062 -24442.74609375
v -4111.17919921875 316.33505249023438 -24442.845703125
v -4110.84619140625 315.97116088867188 -24442.92578125
v -4110.525390625 315.58612060546875 -24442.982421875
v -4110.21875 315.18063354492188 -24443.0078125
v -4109.92822265625 314.75546264648438 -24442.99609375
v -4109.40283203125 313.84933471679688 -24442.82421875
v -4109.275390625 313.59481811523438 -24442.732421875
v -4109.11328125 313.2454833984375 -24442.572265625
v -4108.95458984375 312.87091064453125 -24442.345703125
v -4108.72607421875 312.27447509765625 -24441.83203125
v -4108.54736328125 311.78921508789062 -24441.197265625
v -4108.529296875 311.74246215820312 -24441.119140625
v -4108.40966796875 311.4632568359375 -24440.546875
v -4117.09375 319.40420532226562 -24440.876953125
v -4115.0439453125 318.86187744140625 -24441.505859375
v -4097.388671875 303.42144775390625 -24459.759765625
v -4097.30615234375 303.342529296875 -24460.078125
v -4097.1103515625 303.29843139648438 -24460.017578125
v -4097.20947265625 303.31890869140625 -24460.048828125
v -4097.1767578125 303.32427978515625 -24459.947265625
v -4097.24560546875 303.35345458984375 -24459.880859375
v -4097.31640625 303.3858642578125 -24459.818359375
v -4097.3623046875 303.39129638671875 -24459.865234375
v -4097.3349609375 303.364990234375 -24459.97265625
v -4107.98974609375 309.36337280273438 -24464.15625
v -4107.43505859375 310.4415283203125 -24464.2109375
v -4107.98974609375 309.36337280273438 -24464.15625
v -4107.619140625 310.41073608398438 -24463.66796875
v -4106.83154296875 311.21218872070312 -24463.087890625
v -4107.98974609375 309.36337280273438 -24464.15625
v -4107.8388671875 310.12298583984375 -24463.220703125
v -4107.2451171875 310.67105102539062 -24462.248046875
v -4106.31005859375 310.8828125 -24461.439453125
v -4107.98974609375 309.36337280273438 -24464.15625
v -4108.03955078125 309.65625 -24462.978515625
v -4107.62255859375 309.7933349609375 -24461.79296875
v -4106.80224609375 309.73825073242188 -24460.845703125
v -4107.98974609375 309.36337280273438 -24464.15625
v -4108.1845703125 309.09237670898438 -24462.98828125
v -4107.89453125 308.73297119140625 -24461.8125
v -4107.15673828125 308.35556030273438 -24460.869140625
v -4107.98974609375 309.36337280273438 -24464.15625
v -4108.23095703125 308.59201049804688 -24463.25
v -4107.98193359375 307.7919921875 -24462.302734375
v -4107.27099609375 307.12850952148438 -24461.509765625
v -4107.98974609375 309.36337280273438 -24464.15625
v -4108.17431640625 308.25479125976562 -24463.697265625
v -4107.8759765625 307.15780639648438 -24463.14453125
v -4107.13232421875 306.30157470703125 -24462.607421875
v -4107.98974609375 309.36337280273438 -24464.15625
v -4108.02294921875 308.15347290039062 -24464.24609375
v -4107.59130859375 306.96731567382812 -24464.17578125
v -4106.76171875 306.05316162109375 -24463.953125
v -4107.98974609375 309.36337280273438 -24464.15625
v -4107.81591796875 308.3199462890625 -24464.75
v -4107.2021484375 307.2803955078125 -24465.125
v -4106.25390625 306.46142578125 -24465.19140625
v -4107.98974609375 309.36337280273438 -24464.15625
v -4107.6015625 308.7064208984375 -24465.099609375
v -4106.79931640625 308.00714111328125 -24465.78125
v -4105.728515625 307.40908813476562 -24466.046875
v -4107.98974609375 309.36337280273438 -24464.15625
v -4107.4228515625 309.23849487304688 -24465.220703125
v -4106.46240234375 309.00772094726562 -24466.009765625
v -4105.28955078125 308.71383666992188 -24466.345703125
v -4107.98974609375 309.36337280273438 -24464.15625
v -4107.3251953125 309.78619384765625 -24465.080078125
v -4106.279296875 310.03768920898438 -24465.7421875
v -4107.98974609375 309.36337280273438 -24464.15625
v -4107.3310546875 310.21542358398438 -24464.71484375
v -4107.43505859375 310.4415283203125 -24464.2109375
v -4104.0625 308.9141845703125 -24466.162109375
v -4104.30078125 307.97610473632812 -24466.18359375
v -4104.615234375 307.0980224609375 -24465.923828125
v -4104.9755859375 306.36370849609375 -24465.40625
v -4105.34716796875 305.84329223632812 -24464.6796875
v -4105.6953125 305.58639526367188 -24463.8125
v -4105.98583984375 305.61749267578125 -24462.890625
v -4105.1044921875 311.02969360351562 -24461.232421875
v -4105.34228515625 311.18475341796875 -24461.455078125
v -4105.37841796875 311.20660400390625 -24461.494140625
v -4105.685546875 311.368896484375 -24461.86328125
v -4105.9228515625 311.4583740234375 -24462.21875
v -4105.95849609375 311.46844482421875 -24462.279296875
v -4106.19482421875 311.50210571289062 -24462.744140625
v -4106.33984375 311.48052978515625 -24463.1171875
v -4106.51318359375 311.3314208984375 -24463.83984375
v -4106.53466796875 311.266845703125 -24464.037109375
v -4106.5400390625 311.23812866210938 -24464.1171875
v -4106.5400390625 311.23812866210938 -24464.1171875
v -4106.45458984375 310.82772827148438 -24464.962890625
v -4106.29248046875 310.5511474609375 -24465.365234375
v -4106.29248046875 310.55099487304688 -24465.365234375
v -4106.16015625 310.37893676757812 -24465.57421875
v -4105.71435546875 309.9334716796875 -24465.990234375
v -4105.138671875 309.50357055664062 -24466.220703125
v -4105.017578125 309.42596435546875 -24466.2421875
v -4104.9599609375 309.39022827148438 -24466.25
v -4104.94189453125 309.37890625 -24466.251953125
v -4106.201171875 305.96206665039062 -24461.947265625
v -4106.2978515625 306.59072875976562 -24461.138671875
v -4106.265625 307.43588256835938 -24460.5546875
v -4106.107421875 308.40667724609375 -24460.2578125
v -4105.8408203125 309.39883422851562 -24460.279296875
v -4105.494140625 310.3056640625 -24460.615234375
v -4105.1044921875 311.02969360351562 -24461.232421875
v -4105.98583984375 305.61749267578125 -24462.890625
v -4097.30615234375 303.342529296875 -24460.078125
v -4103.0927734375 304.85916137695312 -24461.953125
v -4100.19921875 304.10086059570312 -24461.015625
v -4097.388671875 303.42144775390625 -24459.759765625
v -4097.5048828125 303.48199462890625 -24459.673828125
v -4097.93505859375 303.73388671875 -24459.40625
v -4098.4140625 304.05667114257812 -24459.173828125
v -4098.8876953125 304.41671752929688 -24458.9921875
v -4099.75341796875 305.17874145507812 -24458.763671875
v -4099.79931640625 305.22314453125 -24458.755859375
v -4100.2568359375 305.6868896484375 -24458.693359375
v -4100.69677734375 306.17074584960938 -24458.673828125
v -4101.009765625 306.5362548828125 -24458.69140625
v -4101.6279296875 307.29995727539062 -24458.802734375
v -4102.169921875 307.99481201171875 -24459.001953125
v -4102.36474609375 308.24468994140625 -24459.09765625
v -4102.5966796875 308.5386962890625 -24459.2265625
v -4102.71142578125 308.68215942382812 -24459.294921875
v -4102.9814453125 309.01263427734375 -24459.47265625
v -4103.341796875 309.4320068359375 -24459.73828125
v -4103.6865234375 309.80633544921875 -24460.013671875
v -4104.0224609375 310.14212036132812 -24460.296875
v -4104.31494140625 310.41094970703125 -24460.548828125
v -4104.35302734375 310.4443359375 -24460.58203125
v -4104.6875 310.72174072265625 -24460.873046875
v -4105.03466796875 310.98098754882812 -24461.173828125
v -4097.3349609375 303.364990234375 -24459.97265625
v -4097.3623046875 303.39129638671875 -24459.865234375
v -4105.494140625 310.3056640625 -24460.615234375
v -4105.8408203125 309.39883422851562 -24460.279296875
v -4106.107421875 308.40667724609375 -24460.2578125
v -4106.265625 307.43588256835938 -24460.5546875
v -4106.2978515625 306.59072875976562 -24461.138671875
v -4106.201171875 305.96206665039062 -24461.947265625
v -4097.30615234375 303.342529296875 -24460.078125
v -4096.6787109375 303.55618286132812 -24461.84375
v -4097.12353515625 303.2891845703125 -24460.6875
v -4096.9111328125 303.36138916015625 -24461.283203125
v -4097.1103515625 303.29843139648438 -24460.017578125
v -4097.20947265625 303.31890869140625 -24460.048828125
v -4096.6328125 303.48040771484375 -24461.6953125
v -4096.60009765625 303.40927124023438 -24461.529296875
v -4096.58740234375 303.30252075195312 -24461.201171875
v -4096.59912109375 303.27420043945312 -24461.080078125
v -4096.69189453125 303.22171020507812 -24460.701171875
v -4096.84814453125 303.2257080078125 -24460.37109375
v -4105.98583984375 305.61749267578125 -24462.890625
v -4097.30615234375 303.342529296875 -24460.078125
v -4100.81005859375 304.95269775390625 -24463.68359375
v -4104.0625 308.9141845703125 -24466.162109375
v -4102.97998046875 305.52145385742188 -24464.384765625
v -4102.51513671875 306.36734008789062 -24465.13671875
v -4096.6787109375 303.55618286132812 -24461.84375
v -4096.9111328125 303.36138916015625 -24461.283203125
v -4097.12353515625 303.2891845703125 -24460.6875
v -4105.6953125 305.58639526367188 -24463.8125
v -4105.34716796875 305.84329223632812 -24464.6796875
v -4104.9755859375 306.36370849609375 -24465.40625
v -4104.615234375 307.0980224609375 -24465.923828125
v -4104.30078125 307.97610473632812 -24466.18359375
v -4100.19921875 304.10086059570312 -24461.015625
v -4103.0927734375 304.85916137695312 -24461.953125
v -4103.32958984375 308.55764770507812 -24465.9375
v -4102.86376953125 308.3104248046875 -24465.7890625
v -4101.8759765625 307.73876953125 -24465.458984375
v -4101.1572265625 307.28469848632812 -24465.19140625
v -4101.05859375 307.22000122070312 -24465.15234375
v -4100.986328125 307.1719970703125 -24465.123046875
v -4100.4560546875 306.8118896484375 -24464.90234375
v -4099.78125 306.32955932617188 -24464.587890625
v -4099.576171875 306.17742919921875 -24464.482421875
v -4099.1435546875 305.84756469726562 -24464.248046875
v -4098.55322265625 305.37631225585938 -24463.8828125
v -4098.34521484375 305.20370483398438 -24463.740234375
v -4098.02099609375 304.92660522460938 -24463.49609375
v -4097.54931640625 304.501708984375 -24463.083984375
v -4097.33642578125 304.29812622070312 -24462.865234375
v -4097.14697265625 304.10769653320312 -24462.642578125
v -4097.00244140625 303.95474243164062 -24462.44921875
v -4096.8330078125 303.76071166992188 -24462.177734375
v -4109.154296875 310.33453369140625 -24448.90625
v -4108.23876953125 311.06057739257812 -24448.701171875
v -4109.154296875 310.33453369140625 -24448.90625
v -4108.05810546875 310.77676391601562 -24449.005859375
v -4109.154296875 310.33453369140625 -24448.90625
v -4108.04931640625 310.44873046875 -24449.3203125
v -4109.154296875 310.33453369140625 -24448.90625
v -4108.52490234375 309.85894775390625 -24449.791015625
v -4108.0146484375 309.76275634765625 -24450.96484375
v -4107.76416015625 310.11654663085938 -24452.173828125
v -4109.154296875 310.33453369140625 -24448.90625
v -4108.93701171875 309.68698120117188 -24449.875
v -4108.806640625 309.43243408203125 -24451.126953125
v -4108.8056640625 309.68218994140625 -24452.38671875
v -4109.154296875 310.33453369140625 -24448.90625
v -4109.38720703125 309.63671875 -24449.8359375
v -4109.67138671875 309.33590698242188 -24451.05078125
v -4109.9423828125 309.55526733398438 -24452.287109375
v -4109.154296875 310.33453369140625 -24448.90625
v -4110.13134765625 309.91226196289062 -24449.4296875
v -4111.1005859375 309.86520385742188 -24450.26953125
v -4111.822265625 310.251220703125 -24451.2578125
v -4109.154296875 310.33453369140625 -24448.90625
v -4110.31201171875 310.19610595703125 -24449.123046875
v -4111.44775390625 310.41043090820312 -24449.681640625
v -4112.2783203125 310.96817016601562 -24450.486328125
v -4109.154296875 310.33453369140625 -24448.90625
v -4110.3212890625 310.52410888671875 -24448.80859375
v -4111.46533203125 311.04058837890625 -24449.078125
v -4112.3017578125 311.7967529296875 -24449.69140625
v -4109.154296875 310.33453369140625 -24448.90625
v -4109.845703125 311.1138916015625 -24448.337890625
v -4110.5517578125 312.17352294921875 -24448.173828125
v -4111.10009765625 313.2864990234375 -24448.50390625
v -4109.154296875 310.33453369140625 -24448.90625
v -4109.43310546875 311.28585815429688 -24448.25390625
v -4109.75927734375 312.50384521484375 -24448.013671875
v -4110.05859375 313.72085571289062 -24448.291015625
v -4109.154296875 310.33453369140625 -24448.90625
v -4108.98291015625 311.33612060546875 -24448.29296875
v -4108.89501953125 312.60040283203125 -24448.087890625
v -4109.154296875 310.33453369140625 -24448.90625
v -4108.5634765625 311.25698852539062 -24448.451171875
v -4108.23876953125 311.06057739257812 -24448.701171875
v -4107.85205078125 309.88726806640625 -24451.583984375
v -4107.41552734375 310.276611328125 -24450.591796875
v -4107.142578125 310.4954833984375 -24451.142578125
v -4111.5048828125 310.00848388671875 -24450.759765625
v -4111.001953125 309.75509643554688 -24451.890625
v -4109.81298828125 309.38198852539062 -24451.685546875
v -4110.47705078125 309.48785400390625 -24450.75
v -4110.7666015625 309.56185913085938 -24451.330078125
v -4112.04150390625 310.57040405273438 -24451.734375
v -4110.0537109375 309.83438110351562 -24452.8203125
v -4111.173828125 310.04571533203125 -24452.40234375
v -4110.20751953125 311.61996459960938 -24448.1953125
v -4111.150390625 311.65969848632812 -24448.548828125
v -4110.91455078125 310.74319458007812 -24448.89453125
v -4110.1572265625 310.84640502929688 -24448.533203125
v -4110.67138671875 311.22232055664062 -24448.484375
v -4110.85498046875 312.7408447265625 -24448.28125
v -4111.8876953125 312.61087036132812 -24448.99609375
v -4111.9365234375 311.3997802734375 -24449.349609375
v -4111.56396484375 312.13262939453125 -24448.72265625
v -4111.27783203125 313.7803955078125 -24448.8203125
v -4112.54833984375 312.20489501953125 -24450.076171875
v -4112.11083984375 313.06585693359375 -24449.33984375
v -4109.64501953125 314.78317260742188 -24448.984375
v -4110.59619140625 314.5711669921875 -24449.001953125
v -4111.4521484375 314.16265869140625 -24449.2265625
v -4112.1318359375 313.59628295898438 -24449.634765625
v -4112.5712890625 312.92581176757812 -24450.189453125
v -4112.728515625 312.21475219726562 -24450.8359375
v -4112.58837890625 311.53054809570312 -24451.515625
v -4112.16455078125 310.93801879882812 -24452.1640625
v -4106.91455078125 311.56884765625 -24452.580078125
v -4106.85498046875 311.04135131835938 -24451.802734375
v -4106.859375 311.0009765625 -24451.72265625
v -4106.87255859375 310.93060302734375 -24451.5703125
v -4106.9833984375 310.72659301757812 -24450.916015625
v -4107.16796875 310.68826293945312 -24450.24609375
v -4107.28515625 310.74264526367188 -24449.90625
v -4107.30419921875 310.755859375 -24449.85546875
v -4107.5673828125 311.04006958007812 -24449.228515625
v -4107.84814453125 311.50357055664062 -24448.728515625
v -4107.84814453125 311.50357055664062 -24448.728515625
v -4107.8603515625 311.52609252929688 -24448.7109375
v -4108.20703125 312.21945190429688 -24448.341796875
v -4108.35791015625 312.529541015625 -24448.259765625
v -4108.72607421875 313.25991821289062 -24448.2265625
v -4108.90625 313.593505859375 -24448.28515625
v -4109.05126953125 313.84991455078125 -24448.36328125
v -4109.22607421875 314.1434326171875 -24448.49609375
v -4109.47265625 314.5301513671875 -24448.75
v -4111.44140625 310.46853637695312 -24452.751953125
v -4110.51806640625 310.21954345703125 -24453.16796875
v -4109.494140625 310.21807861328125 -24453.3671875
v -4108.48095703125 310.46432495117188 -24453.328125
v -4107.5888671875 310.93148803710938 -24453.056640625
v -4112.16455078125 310.93801879882812 -24452.1640625
v -4113.2578125 316.31637573242188 -24457.802734375
v -4109.64501953125 314.78317260742188 -24448.984375
v -4112.58837890625 311.53054809570312 -24451.515625
v -4112.728515625 312.21475219726562 -24450.8359375
v -4112.5712890625 312.92581176757812 -24450.189453125
v -4112.1318359375 313.59628295898438 -24449.634765625
v -4111.4521484375 314.16265869140625 -24449.2265625
v -4110.59619140625 314.5711669921875 -24449.001953125
v -4112.89306640625 314.52359008789062 -24455.923828125
v -4112.52880859375 312.73080444335938 -24454.04296875
v -4109.712890625 314.8780517578125 -24449.0859375
v -4109.9609375 315.19979858398438 -24449.439453125
v -4110.22119140625 315.50006103515625 -24449.787109375
v -4110.490234375 315.7779541015625 -24450.1328125
v -4110.7666015625 316.03277587890625 -24450.48046875
v -4111.052734375 316.26800537109375 -24450.8359375
v -4111.35205078125 316.48562622070312 -24451.2109375
v -4111.66259765625 316.68246459960938 -24451.607421875
v -4111.9208984375 316.824462890625 -24451.94921875
v -4111.98193359375 316.85501098632812 -24452.033203125
v -4112.11474609375 316.9180908203125 -24452.216796875
v -4112.3056640625 316.99905395507812 -24452.490234375
v -4112.63037109375 317.109619140625 -24452.990234375
v -4113.24853515625 317.20062255859375 -24454.1640625
v -4113.59716796875 317.11306762695312 -24455.2109375
v -4113.6962890625 317.00241088867188 -24455.806640625
v -4113.712890625 316.94155883789062 -24456.06640625
v -4113.62158203125 316.6641845703125 -24456.982421875
v -4106.91455078125 311.56884765625 -24452.580078125
v -4112.16455078125 310.93801879882812 -24452.1640625
v -4112.52880859375 312.73080444335938 -24454.04296875
v -4112.89306640625 314.52359008789062 -24455.923828125
v -4113.2578125 316.31637573242188 -24457.802734375
v -4112.9541015625 316.11849975585938 -24458.154296875
v -4112.58056640625 315.91696166992188 -24458.42578125
v -4112.2939453125 315.78076171875 -24458.55859375
v -4111.7490234375 315.5472412109375 -24458.6796875
v -4111.18701171875 315.3250732421875 -24458.654296875
v -4111.02392578125 315.26199340820312 -24458.62109375
v -4110.07958984375 314.88735961914062 -24458.21875
v -4109.68359375 314.71401977539062 -24457.93359375
v -4109.32763671875 314.5423583984375 -24457.615234375
v -4109.0078125 314.36917114257812 -24457.26953125
v -4108.72021484375 314.1922607421875 -24456.904296875
v -4108.46142578125 314.0101318359375 -24456.52734375
v -4108.45263671875 314.00332641601562 -24456.513671875
v -4108.22900390625 313.82177734375 -24456.142578125
v -4108.01708984375 313.622802734375 -24455.74609375
v -4107.8203125 313.40829467773438 -24455.3359375
v -4107.63916015625 313.17666625976562 -24454.9140625
v -4107.47314453125 312.926513671875 -24454.484375
v -4107.322265625 312.65646362304688 -24454.048828125
v -4107.185546875 312.36538696289062 -24453.61328125
v -4106.95556640625 311.71701049804688 -24452.755859375
v -4107.5888671875 310.93148803710938 -24453.056640625
v -4108.48095703125 310.46432495117188 -24453.328125
v -4109.494140625 310.21807861328125 -24453.3671875
v -4110.51806640625 310.21954345703125 -24453.16796875
v -4111.44140625 310.46853637695312 -24452.751953125
v -4122.265625 303.82162475585938 -24420.943359375
v -4122.43212890625 305.12161254882812 -24421.8515625
v -4122.5595703125 305.26394653320312 -24421.689453125
v -4122.9814453125 305.99578857421875 -24423.001953125
v -4123.10595703125 306.13351440429688 -24422.83203125
v -4123.951171875 306.50408935546875 -24424.087890625
v -4124.07080078125 306.63909912109375 -24423.912109375
v -4125.103515625 306.43215942382812 -24425.14453125
v -4125.10693359375 306.43731689453125 -24425.138671875
v -4125.11083984375 306.44244384765625 -24425.1328125
v -4125.0166015625 306.52545166015625 -24424.97265625
v -4124.61669921875 306.73773193359375 -24424.326171875
v -4124.185546875 306.77383422851562 -24423.666015625
v -4124.072265625 306.75466918945312 -24423.49609375
v -4123.640625 306.57241821289062 -24422.853515625
v -4123.2802734375 306.27194213867188 -24422.318359375
v -4123.21826171875 306.204345703125 -24422.228515625
v -4122.8857421875 305.73574829101562 -24421.740234375
v -4122.60986328125 305.15521240234375 -24421.345703125
v -4122.576171875 305.06536865234375 -24421.298828125
v -4122.330078125 304.18447875976562 -24420.99609375
v -4122.23876953125 304.59811401367188 -24421.6328125
v -4122.4404296875 305.28399658203125 -24422.38671875
v -4122.85791015625 305.83831787109375 -24423.16015625
v -4123.466796875 306.22808837890625 -24423.90625
v -4124.23046875 306.4300537109375 -24424.58203125
v -4117.6015625 294.2857666015625 -24428.376953125
v -4116.560546875 294.8411865234375 -24429.9296875
v -4116.650390625 295.08206176757812 -24429.625
v -4116.7705078125 295.31805419921875 -24429.34375
v -4116.365234375 295.18865966796875 -24431.77734375
v -4116.33935546875 295.4647216796875 -24431.49609375
v -4116.3505859375 295.74911499023438 -24431.201171875
v -4116.4013671875 296.02902221679688 -24430.91015625
v -4116.4873046875 296.29571533203125 -24430.626953125
v -4116.60595703125 296.54666137695312 -24430.357421875
v -4116.66796875 296.02978515625 -24432.73828125
v -4116.658203125 296.35089111328125 -24432.5078125
v -4116.68359375 296.67385864257812 -24432.2578125
v -4116.74462890625 296.98370361328125 -24432
v -4116.83837890625 297.27120971679688 -24431.740234375
v -4116.9609375 297.53411865234375 -24431.484375
v -4117.35009765625 296.5909423828125 -24433.6875
v -4117.37646484375 296.94207763671875 -24433.5078125
v -4117.43310546875 297.290771484375 -24433.302734375
v -4117.51904296875 297.62063598632812 -24433.078125
v -4117.62939453125 297.9219970703125 -24432.841796875
v -4117.76171875 298.19293212890625 -24432.599609375
v -4118.4033203125 297.173828125 -24434.37890625
v -4118.5048828125 297.53262329101562 -24434.2109375
v -4118.625 297.87030029296875 -24434.015625
v -4118.759765625 298.17709350585938 -24433.80078125
v -4118.90576171875 298.451171875 -24433.5703125
v -4119.97607421875 297.68435668945312 -24434.71484375
v -4120.140625 297.98709106445312 -24434.515625
v -4120.3037109375 298.25885009765625 -24434.29296875
v -4121.8369140625 297.88861083984375 -24434.3828125
v -4121.109375 298.26406860351562 -24434.255859375
v -4120.361328125 298.52774047851562 -24434.015625
v -4119.6220703125 298.66961669921875 -24433.669921875
v -4117.3291015625 294.23159790039062 -24428.71484375
v -4117.11572265625 294.2198486328125 -24429.0234375
v -4116.61376953125 294.37063598632812 -24430.02734375
v -4116.5634765625 294.41143798828125 -24430.169921875
v -4116.43896484375 294.56704711914062 -24430.626953125
v -4116.3642578125 294.77603149414062 -24431.12890625
v -4116.35302734375 294.8699951171875 -24431.33203125
v -4116.3994140625 295.20870971679688 -24432
v -4116.55517578125 295.53121948242188 -24432.5859375
v -4116.84130859375 295.86972045898438 -24433.181640625
v -4117.1572265625 296.12493896484375 -24433.623046875
v -4117.67822265625 296.42935180664062 -24434.134765625
v -4118.12548828125 296.62966918945312 -24434.447265625
v -4118.5625 296.79531860351562 -24434.673828125
v -4118.826171875 296.88616943359375 -24434.775390625
v -4119.7734375 297.1864013671875 -24434.96875
v -4119.884765625 297.2208251953125 -24434.97265625
v -4120.00439453125 297.25778198242188 -24434.974609375
v -4120.515625 297.4189453125 -24434.931640625
v -4120.953125 297.56369018554688 -24434.826171875
v -4118.7314453125 298.66525268554688 -24433.091796875
v -4117.95556640625 298.4525146484375 -24432.400390625
v -4117.34375 298.044677734375 -24431.634765625
v -4116.93310546875 297.46707153320312 -24430.84375
v -4116.74951171875 296.75567626953125 -24430.078125
v -4116.80419921875 295.95468139648438 -24429.384765625
v -4117.09423828125 295.11395263671875 -24428.806640625
v -4119.603515625 299.60076904296875 -24424.9453125
v -4120.01318359375 301.85409545898438 -24427.26171875
v -4119.6220703125 298.66961669921875 -24433.669921875
v -4125.103515625 306.43215942382812 -24425.14453125
v -4118.64306640625 299.91348266601562 -24429.392578125
v -4119.5185546875 300.85354614257812 -24426.033203125
v -4118.2333984375 297.66012573242188 -24427.076171875
v -4118.1484375 298.91290283203125 -24428.1640625
v -4121.3837890625 303.79473876953125 -24425.130859375
v -4120.9736328125 301.54141235351562 -24422.814453125
v -4120.88916015625 302.794189453125 -24423.900390625
v -4121.44921875 301.25714111328125 -24430.828125
v -4123.2763671875 303.84466552734375 -24427.986328125
v -4122.265625 303.82162475585938 -24420.943359375
v -4122.19091796875 303.26510620117188 -24420.921875
v -4122.14501953125 302.845947265625 -24420.9453125
v -4122.0361328125 301.662841796875 -24421.1796875
v -4121.92822265625 300.58721923828125 -24421.587890625
v -4121.8984375 300.3499755859375 -24421.703125
v -4121.78466796875 299.6029052734375 -24422.1171875
v -4121.5849609375 298.70233154296875 -24422.724609375
v -4121.318359375 297.88177490234375 -24423.37890625
v -4120.98046875 297.13961791992188 -24424.05859375
v -4120.7861328125 296.79791259765625 -24424.400390625
v -4120.5751953125 296.4759521484375 -24424.744140625
v -4120.349609375 296.17391967773438 -24425.083984375
v -4120.11083984375 295.89208984375 -24425.419921875
v -4119.86083984375 295.63076782226562 -24425.75390625
v -4119.6005859375 295.3902587890625 -24426.083984375
v -4119.36279296875 295.19384765625 -24426.375
v -4119.328125 295.16693115234375 -24426.416015625
v -4119.03955078125 294.9586181640625 -24426.755859375
v -4118.73583984375 294.767822265625 -24427.103515625
v -4118.41943359375 294.597412109375 -24427.458984375
v -4118.09228515625 294.4505615234375 -24427.82421875
v -4117.75732421875 294.33071899414062 -24428.201171875
v -4117.6015625 294.2857666015625 -24428.376953125
v -4124.23046875 306.4300537109375 -24424.58203125
v -4123.466796875 306.22808837890625 -24423.90625
v -4122.85791015625 305.83831787109375 -24423.16015625
v -4122.4404296875 305.28399658203125 -24422.38671875
v -4122.23876953125 304.59811401367188 -24421.6328125
v -4117.09423828125 295.11395263671875 -24428.806640625
v -4116.80419921875 295.95468139648438 -24429.384765625
v -4116.74951171875 296.75567626953125 -24430.078125
v -4116.93310546875 297.46707153320312 -24430.84375
v -4117.34375 298.044677734375 -24431.634765625
v -4117.95556640625 298.4525146484375 -24432.400390625
v -4118.7314453125 298.66525268554688 -24433.091796875
v -4125.103515625 306.43215942382812 -24425.14453125
v -4125.11083984375 306.44244384765625 -24425.1328125
v -4125.12353515625 306.429931640625 -24425.15625
v -4125.11376953125 306.43106079101562 -24425.150390625
v -4125.10693359375 306.43731689453125 -24425.138671875
v -4125.12060546875 306.43307495117188 -24425.150390625
v -4125.1171875 306.43621826171875 -24425.14453125
v -4125.11376953125 306.4393310546875 -24425.138671875
v -4119.6220703125 298.66961669921875 -24433.669921875
v -4125.103515625 306.43215942382812 -24425.14453125
v -4125.12353515625 306.429931640625 -24425.15625
v -4125.11376953125 306.43106079101562 -24425.150390625
v -4120.361328125 298.52774047851562 -24434.015625
v -4121.109375 298.26406860351562 -24434.255859375
v -4121.8369140625 297.88861083984375 -24434.3828125
v -4123.2763671875 303.84466552734375 -24427.986328125
v -4121.44921875 301.25714111328125 -24430.828125
v -4121.8427734375 297.89089965820312 -24434.376953125
v -4122.23291015625 298.05880737304688 -24434.078125
v -4122.599609375 298.239990234375 -24433.763671875
v -4122.94384765625 298.43423461914062 -24433.44140625
v -4123.265625 298.64105224609375 -24433.11328125
v -4123.56201171875 298.85650634765625 -24432.7890625
v -4123.56640625 298.85980224609375 -24432.78515625
v -4123.84619140625 299.08975219726562 -24432.45703125
v -4124.111328125 299.33450317382812 -24432.12890625
v -4124.36474609375 299.59872436523438 -24431.79296875
v -4124.60595703125 299.8826904296875 -24431.455078125
v -4124.833984375 300.1866455078125 -24431.111328125
v -4125.04638671875 300.51040649414062 -24430.767578125
v -4125.24267578125 300.85354614257812 -24430.421875
v -4125.57958984375 301.5947265625 -24429.73046875
v -4125.666015625 301.8360595703125 -24429.517578125
v -4125.82861328125 302.39981079101562 -24429.0390625
v -4125.97265625 303.2523193359375 -24428.33984375
v -4126.0009765625 303.7747802734375 -24427.916015625
v -4125.9931640625 304.12930297851562 -24427.62109375
v -4125.86669921875 305.00033569335938 -24426.859375
v -4125.56201171875 305.8233642578125 -24426.0078125
v -4121.42529296875 309.13433837890625 -24434.427734375
v -4120.99267578125 309.87567138671875 -24433.435546875
v -4120.8916015625 310.48187255859375 -24432.212890625
v -4121.16259765625 310.85821533203125 -24430.91015625
v -4121.759765625 310.95846557617188 -24429.70703125
v -4123.40087890625 311.824462890625 -24433.59765625
v -4122.9306640625 312.13211059570312 -24432.3515625
v -4122.61474609375 312.03338623046875 -24431.0078125
v -4122.49267578125 311.55194091796875 -24429.7578125
v -4122.5546875 310.80792236328125 -24428.7578125
v -4124.81396484375 312.22064208984375 -24433.009765625
v -4124.12744140625 312.46759033203125 -24431.853515625
v -4123.466796875 312.27227783203125 -24430.65234375
v -4122.92333984375 311.67257690429688 -24429.578125
v -4122.5546875 310.80792236328125 -24428.7578125
v -4126.08349609375 312.12924194335938 -24432.072265625
v -4125.20263671875 312.39016723632812 -24431.05859375
v -4124.232421875 312.2171630859375 -24430.087890625
v -4123.31005859375 311.64474487304688 -24429.29296875
v -4122.5546875 310.80792236328125 -24428.7578125
v -4125.068359375 311.3018798828125 -24428.685546875
v -4123.732421875 311.18252563476562 -24428.5859375
v -4122.5546875 310.80792236328125 -24428.7578125
v -4125.01171875 310.58108520507812 -24428.064453125
v -4123.70361328125 310.81851196289062 -24428.271484375
v -4122.5546875 310.80792236328125 -24428.7578125
v -4125.7646484375 309.02920532226562 -24427.6015625
v -4124.6328125 309.82376098632812 -24427.626953125
v -4123.51220703125 310.43603515625 -24428.048828125
v -4124.33984375 306.21136474609375 -24427.826171875
v -4123.7255859375 307.37896728515625 -24427.462890625
v -4123.18115234375 308.64859008789062 -24427.52734375
v -4122.77880859375 309.84255981445312 -24428
v -4122.5546875 310.80792236328125 -24428.7578125
v -4122.92626953125 305.81521606445312 -24428.4140625
v -4122.52880859375 307.04348754882812 -24427.9609375
v -4122.32861328125 308.40969848632812 -24427.8828125
v -4122.3486328125 309.721923828125 -24428.1796875
v -4122.5546875 310.80792236328125 -24428.7578125
v -4121.65673828125 305.9066162109375 -24429.353515625
v -4121.45361328125 307.12091064453125 -24428.755859375
v -4121.56298828125 308.46481323242188 -24428.447265625
v -4121.9619140625 309.749755859375 -24428.46484375
v -4122.5546875 310.80792236328125 -24428.7578125
v -4120.72412109375 306.47171020507812 -24430.498046875
v -4120.6640625 307.59942626953125 -24429.7265625
v -4121.00048828125 308.80557250976562 -24429.138671875
v -4121.677734375 309.92184448242188 -24428.8125
v -4122.5546875 310.80792236328125 -24428.7578125
v -4120.2705078125 307.42440795898438 -24431.67578125
v -4120.27978515625 308.40615844726562 -24430.72265625
v -4120.72705078125 309.38006591796875 -24429.849609375
v -4121.53955078125 310.21197509765625 -24429.171875
v -4121.42529296875 309.13433837890625 -24434.427734375
v -4120.99267578125 309.87567138671875 -24433.435546875
v -4120.8916015625 310.48187255859375 -24432.212890625
v -4121.16259765625 310.85821533203125 -24430.91015625
v -4121.759765625 310.95846557617188 -24429.70703125
v -4122.5546875 310.80792236328125 -24428.7578125
v -4123.6748046875 311.53375244140625 -24434.142578125
v -4122.05859375 311.00103759765625 -24433.748046875
v -4121.17529296875 309.51095581054688 -24433.97265625
v -4122.2822265625 310.67904663085938 -24434.296875
v -4122.75 312.13458251953125 -24431.681640625
v -4121.8056640625 311.53683471679688 -24431.09765625
v -4120.98095703125 310.70294189453125 -24431.560546875
v -4121.7939453125 311.434814453125 -24432.4765625
v -4121.76416015625 311.5296630859375 -24431.791015625
v -4122.52880859375 311.83474731445312 -24430.359375
v -4122.08447265625 311.30117797851562 -24429.802734375
v -4121.42724609375 310.94308471679688 -24430.28515625
v -4121.9150390625 311.45797729492188 -24430.427734375
v -4122.50341796875 311.20297241210938 -24429.220703125
v -4122.5546875 310.80792236328125 -24428.7578125
v -4122.1416015625 310.9102783203125 -24429.1953125
v -4122.3017578125 311.07931518554688 -24429.2421875
v -4125.9921875 311.91165161132812 -24430.087890625
v -4125.66455078125 312.31106567382812 -24431.572265625
v -4126.5380859375 311.7818603515625 -24430.498046875
v -4125.7392578125 311.24343872070312 -24428.8515625
v -4124.794921875 311.87640380859375 -24429.396484375
v -4124.720703125 312.35845947265625 -24430.55859375
v -4125.40625 311.94332885742188 -24429.716796875
v -4124.64990234375 305.70748901367188 -24428.150390625
v -4125.681640625 307.03482055664062 -24427.677734375
v -4126.04248046875 306.56219482421875 -24427.99609375
v -4124.03125 306.7686767578125 -24427.595703125
v -4124.86181640625 308.07626342773438 -24427.3359375
v -4125.2880859375 307.53988647460938 -24427.455078125
v -4123.43994140625 308.01107788085938 -24427.439453125
v -4123.990234375 309.1451416015625 -24427.4375
v -4125.208984375 309.44271850585938 -24427.560546875
v -4124.42578125 308.61599731445312 -24427.330078125
v -4122.95849609375 309.2664794921875 -24427.71875
v -4123.1875 310.09332275390625 -24427.955078125
v -4124.060546875 310.15814208984375 -24427.79296875
v -4123.57275390625 309.64324951171875 -24427.650390625
v -4122.64453125 310.35989379882812 -24428.353515625
v -4122.5546875 310.80792236328125 -24428.7578125
v -4123.00634765625 310.65261840820312 -24428.376953125
v -4122.84619140625 310.48358154296875 -24428.330078125
v -4120.896484375 310.20050048828125 -24432.84765625
v -4120.35986328125 309.41836547851562 -24431.595703125
v -4120.22021484375 307.90475463867188 -24431.201171875
v -4120.36474609375 308.6197509765625 -24432.70703125
v -4120.30859375 309.02423095703125 -24432.166015625
v -4120.98095703125 310.70294189453125 -24431.560546875
v -4120.78369140625 310.10086059570312 -24430.470703125
v -4120.4501953125 308.9022216796875 -24430.267578125
v -4120.51953125 309.78030395507812 -24431.025390625
v -4121.17529296875 309.51095581054688 -24433.97265625
v -4120.42578125 306.96661376953125 -24432.146484375
v -4120.5234375 308.20730590820312 -24433.216796875
v -4123.15185546875 312.02566528320312 -24433.001953125
v -4120.896484375 310.20050048828125 -24432.84765625
v -4121.89501953125 311.25445556640625 -24433.140625
v -4121.42724609375 310.94308471679688 -24430.28515625
v -4121.568359375 310.57598876953125 -24429.486328125
v -4121.0966796875 309.82150268554688 -24429.48046875
v -4121.1396484375 310.368408203125 -24429.951171875
v -4122.1416015625 310.9102783203125 -24429.1953125
v -4122.5546875 310.80792236328125 -24428.7578125
v -4122.033203125 310.54208374023438 -24428.931640625
v -4122.04736328125 310.72161865234375 -24429.0859375
v -4122.48583984375 310.26751708984375 -24434.75
v -4123.818359375 311.118408203125 -24434.6328125
v -4125.23779296875 311.56893920898438 -24434.08984375
v -4126.5478515625 311.55654907226562 -24433.197265625
v -4127.56591796875 311.08294677734375 -24432.078125
v -4127.47265625 311.203857421875 -24431.927734375
v -4127.31396484375 311.376708984375 -24431.658203125
v -4126.90771484375 311.63946533203125 -24430.896484375
v -4126.82861328125 311.65875244140625 -24430.73046875
v -4126.474609375 311.5595703125 -24429.85546875
v -4126.2490234375 311.13986206054688 -24429.03515625
v -4126.171875 310.63113403320312 -24428.505859375
v -4126.166015625 310.10775756835938 -24428.15625
v -4126.16748046875 310.06655883789062 -24428.134765625
v -4126.2763671875 308.869140625 -24427.779296875
v -4126.31787109375 308.56585693359375 -24427.76171875
v -4126.38623046875 308.11471557617188 -24427.783203125
v -4126.44287109375 307.76846313476562 -24427.83984375
v -4126.63232421875 306.75582885742188 -24428.23046875
v -4126.697265625 306.4554443359375 -24428.42578125
v -4125.47900390625 305.55908203125 -24428.423828125
v -4124.130859375 305.00048828125 -24428.8203125
v -4122.82275390625 304.8502197265625 -24429.5625
v -4121.71923828125 305.12722778320312 -24430.560546875
v -4120.96044921875 305.79653930664062 -24431.68359375
v -4120.6416015625 306.77365112304688 -24432.79296875
v -4120.8037109375 307.93515014648438 -24433.748046875
v -4126.697265625 306.4554443359375 -24428.42578125
v -4123.3671875 302.88754272460938 -24436.591796875
v -4126.8251953125 301.78787231445312 -24442.44921875
v -4121.42529296875 309.13433837890625 -24434.427734375
v -4123.84326171875 301.88726806640625 -24435.35546875
v -4122.01708984375 304.72415161132812 -24434.5859375
v -4123.47265625 303.130615234375 -24432.146484375
v -4122.49365234375 303.723876953125 -24433.349609375
v -4126.80712890625 305.8199462890625 -24428.876953125
v -4126.85986328125 304.88473510742188 -24429.533203125
v -4126.80078125 303.97369384765625 -24430.208984375
v -4126.64697265625 303.11312866210938 -24430.931640625
v -4126.6201171875 303.00128173828125 -24431.03515625
v -4126.4287109375 302.35763549804688 -24431.685546875
v -4126.4169921875 302.3245849609375 -24431.720703125
v -4126.12890625 301.62570190429688 -24432.6015625
v -4125.96923828125 301.3145751953125 -24433.083984375
v -4125.80322265625 301.03143310546875 -24433.603515625
v -4125.6337890625 300.7781982421875 -24434.171875
v -4125.46484375 300.5574951171875 -24434.802734375
v -4125.4111328125 300.49325561523438 -24435.02734375
v -4125.3037109375 300.37350463867188 -24435.529296875
v -4125.2900390625 300.35916137695312 -24435.6015625
v -4125.16162109375 300.235595703125 -24436.42578125
v -4125.08642578125 300.18447875976562 -24437.845703125
v -4125.09326171875 300.19284057617188 -24438.06640625
v -4125.24658203125 300.33062744140625 -24439.384765625
v -4125.40625 300.46279907226562 -24440.048828125
v -4125.45166015625 300.50051879882812 -24440.203125
v -4125.8681640625 300.85125732421875 -24441.23828125
v -4126.24853515625 301.19680786132812 -24441.859375
v -4126.60205078125 301.54830932617188 -24442.265625
v -4126.6982421875 301.64938354492188 -24442.3515625
v -4120.8037109375 307.93515014648438 -24433.748046875
v -4120.6416015625 306.77365112304688 -24432.79296875
v -4120.96044921875 305.79653930664062 -24431.68359375
v -4121.71923828125 305.12722778320312 -24430.560546875
v -4122.82275390625 304.8502197265625 -24429.5625
v -4124.130859375 305.00048828125 -24428.8203125
v -4125.47900390625 305.55908203125 -24428.423828125
v -4125.025390625 304.2366943359375 -24439.775390625
v -4123.2255859375 306.68551635742188 -24437.1015625
v -4121.42529296875 309.13433837890625 -24434.427734375
v -4127.56591796875 311.08294677734375 -24432.078125
v -4126.5478515625 311.55654907226562 -24433.197265625
v -4125.23779296875 311.56893920898438 -24434.08984375
v -4123.818359375 311.118408203125 -24434.6328125
v -4122.48583984375 310.26751708984375 -24434.75
v -4126.8251953125 301.78787231445312 -24442.44921875
v -4126.9384765625 301.91506958007812 -24442.5234375
v -4127.259765625 302.30056762695312 -24442.66015625
v -4127.56640625 302.7059326171875 -24442.689453125
v -4127.8564453125 303.13092041015625 -24442.619140625
v -4128.3359375 303.95208740234375 -24442.2421875
v -4128.37841796875 304.033447265625 -24442.19140625
v -4128.69677734375 304.72708129882812 -24441.646484375
v -4128.79833984375 304.98788452148438 -24441.3984375
v -4129.0859375 305.96505737304688 -24440.28125
v -4129.2080078125 306.86337280273438 -24439.0078125
v -4129.2109375 306.93328857421875 -24438.900390625
v -4129.15576171875 307.86630249023438 -24437.353515625
v -4129.0283203125 308.42861938476562 -24436.349609375
v -4128.921875 308.7510986328125 -24435.763671875
v -4128.853515625 308.9271240234375 -24435.443359375
v -4128.53515625 309.59158325195312 -24434.259765625
v -4128.03857421875 310.40457153320312 -24432.962890625
v -4123.2255859375 306.68551635742188 -24437.1015625
v -4125.025390625 304.2366943359375 -24439.775390625
v -4126.78466796875 304.59930419921875 -24456.056640625
v -4125.73095703125 305.475341796875 -24456.244140625
v -4125.76953125 305.75897216796875 -24456.779296875
v -4125.77490234375 305.94277954101562 -24457.369140625
v -4125.7451171875 306.01345825195312 -24457.986328125
v -4125.68115234375 305.96649169921875 -24458.603515625
v -4125.58837890625 305.807373046875 -24459.1875
v -4124.55810546875 305.64410400390625 -24456.310546875
v -4124.66064453125 305.91854858398438 -24456.841796875
v -4124.7724609375 306.08697509765625 -24457.42578125
v -4124.88916015625 306.13662719726562 -24458.03515625
v -4125.0048828125 306.06381225585938 -24458.642578125
v -4125.11328125 305.87567138671875 -24459.21484375
v -4125.2099609375 305.59121704101562 -24459.72265625
v -4123.4521484375 305.48529052734375 -24456.677734375
v -4123.61474609375 305.76837158203125 -24457.1875
v -4123.82763671875 305.9512939453125 -24457.73828125
v -4124.08154296875 306.02072143554688 -24458.302734375
v -4124.36669921875 305.97222900390625 -24458.853515625
v -4124.666015625 305.8114013671875 -24459.36328125
v -4124.9619140625 305.55560302734375 -24459.8046875
v -4122.560546875 305.02474975585938 -24457.2890625
v -4122.771484375 305.3328857421875 -24457.767578125
v -4123.0654296875 305.55776977539062 -24458.26171875
v -4123.4306640625 305.6845703125 -24458.748046875
v -4123.8525390625 305.70657348632812 -24459.20703125
v -4124.30517578125 305.625 -24459.611328125
v -4124.76171875 305.45233154296875 -24459.943359375
v -4121.99658203125 304.29678344726562 -24458.091796875
v -4122.23779296875 304.64450073242188 -24458.52734375
v -4122.58349609375 304.93569946289062 -24458.947265625
v -4123.01904296875 305.15322875976562 -24459.3359375
v -4123.52685546875 305.28665161132812 -24459.669921875
v -4124.07666015625 305.33041381835938 -24459.935546875
v -4124.63525390625 305.2890625 -24460.123046875
v -4121.88525390625 303.45065307617188 -24458.921875
v -4122.1328125 303.84439086914062 -24459.310546875
v -4122.48828125 304.21267700195312 -24459.65625
v -4122.93798828125 304.53567504882812 -24459.939453125
v -4123.462890625 304.798583984375 -24460.1484375
v -4124.03173828125 304.98797607421875 -24460.271484375
v -4124.6103515625 305.09930419921875 -24460.30859375
v -4122.2158203125 302.60287475585938 -24459.666015625
v -4122.4453125 303.042724609375 -24460.013671875
v -4122.77099609375 303.48825073242188 -24460.29296875
v -4123.17919921875 303.91690063476562 -24460.482421875
v -4123.65380859375 304.30953979492188 -24460.578125
v -4124.16552734375 304.64486694335938 -24460.572265625
v -4124.6845703125 304.9091796875 -24460.474609375
v -4122.93701171875 301.865234375 -24460.228515625
v -4123.12744140625 302.34521484375 -24460.546875
v -4123.38720703125 302.85794067382812 -24460.7734375
v -4123.70556640625 303.37850952148438 -24460.89453125
v -4124.06982421875 303.884033203125 -24460.90234375
v -4124.45751953125 304.34634399414062 -24460.80078125
v -4124.84619140625 304.7437744140625 -24460.6015625
v -4123.904296875 300.88583374023438 -24460.15625
v -4124.00048828125 301.53384399414062 -24460.662109375
v -4124.05859375 301.85446166992188 -24460.828125
v -4124.2109375 302.57632446289062 -24461.048828125
v -4124.3369140625 303.08517456054688 -24461.09765625
v -4124.5732421875 303.87332153320312 -24460.998046875
v -4124.72802734375 304.29507446289062 -24460.8515625
v -4124.9169921875 304.72320556640625 -24460.615234375
v -4125.05859375 304.99114990234375 -24460.41015625
v -4125.09912109375 305.05999755859375 -24460.34765625
v -4125.14013671875 305.12646484375 -24460.28125
v -4125.1904296875 305.2042236328125 -24460.19921875
v -4125.2275390625 305.25750732421875 -24460.138671875
v -4125.26416015625 305.30874633789062 -24460.076171875
v -4125.369140625 305.44058227539062 -24459.896484375
v -4125.4755859375 305.5552978515625 -24459.705078125
v -4125.69140625 305.73031616210938 -24459.294921875
v -4125.97412109375 305.84466552734375 -24458.716796875
v -4126.23876953125 305.82199096679688 -24458.119140625
v -4126.44384765625 305.6898193359375 -24457.591796875
v -4126.53515625 305.58279418945312 -24457.326171875
v -4126.64404296875 305.38555908203125 -24456.958984375
v -4126.71533203125 305.17678833007812 -24456.658203125
v -4126.77587890625 304.81155395507812 -24456.248046875
v -4126.05908203125 304.97576904296875 -24455.837890625
v -4125.248046875 305.208984375 -24455.771484375
v -4124.40966796875 305.28228759765625 -24455.865234375
v -4123.6044921875 305.19036865234375 -24456.109375
v -4122.8896484375 304.93984985351562 -24456.486328125
v -4122.31640625 304.54864501953125 -24456.970703125
v -4121.92529296875 304.04470825195312 -24457.52734375
v -4121.7451171875 303.46408081054688 -24458.115234375
v -4121.7880859375 302.84823608398438 -24458.693359375
v -4122.05078125 302.24127197265625 -24459.22265625
v -4122.515625 301.6865234375 -24459.66015625
v -4123.1484375 301.22369384765625 -24459.98046875
v -4120.94287109375 297.72299194335938 -24449.876953125
v -4120.97900390625 298.04183959960938 -24450.185546875
v -4120.52001953125 297.36282348632812 -24450.921875
v -4120.7060546875 297.72125244140625 -24450.54296875
v -4120.7041015625 297.55758666992188 -24450.298828125
v -4120.55078125 297.40744018554688 -24450.763671875
v -4123.66015625 302.03530883789062 -24452.482421875
v -4121.123046875 299.62454223632812 -24455.271484375
v -4123.33056640625 300.412841796875 -24450.779296875
v -4124.8828125 301.8988037109375 -24452.375
v -4124.55322265625 300.27633666992188 -24450.673828125
v -4123.98974609375 303.65780639648438 -24454.18359375
v -4126.3330078125 303.05410766601562 -24454.3046875
v -4125.212890625 303.52127075195312 -24454.076171875
v -4121.56787109375 298.74899291992188 -24456.021484375
v -4121.45263671875 301.24703979492188 -24456.974609375
v -4121.89794921875 300.3714599609375 -24457.72265625
v -4120.97900390625 298.04183959960938 -24450.185546875
v -4120.7060546875 297.72125244140625 -24450.54296875
v -4120.52001953125 297.36282348632812 -24450.921875
v -4126.78466796875 304.59930419921875 -24456.056640625
v -4126.7587890625 303.93722534179688 -24455.47265625
v -4126.64208984375 303.108642578125 -24454.66015625
v -4126.4375 302.34225463867188 -24453.8046875
v -4126.1494140625 301.64328002929688 -24452.921875
v -4125.9833984375 301.333740234375 -24452.5
v -4125.974609375 301.3192138671875 -24452.48046875
v -4125.857421875 301.12771606445312 -24452.2109375
v -4125.7802734375 301.0115966796875 -24452.04296875
v -4125.56689453125 300.71994018554688 -24451.6171875
v -4125.33447265625 300.44357299804688 -24451.203125
v -4125.08349609375 300.18185424804688 -24450.810546875
v -4124.8154296875 299.93402099609375 -24450.439453125
v -4124.52490234375 299.69503784179688 -24450.09375
v -4124.2060546875 299.46041870117188 -24449.76953125
v -4123.85693359375 299.22994995117188 -24449.478515625
v -4123.47509765625 299.00296020507812 -24449.234375
v -4123.08642578125 298.79232788085938 -24449.060546875
v -4120.484375 297.15524291992188 -24451.822265625
v -4120.59912109375 297.04666137695312 -24452.568359375
v -4120.65966796875 297.02609252929688 -24452.810546875
v -4120.83056640625 297.0089111328125 -24453.345703125
v -4121.06298828125 297.03915405273438 -24453.91796875
v -4121.306640625 297.11318969726562 -24454.431640625
v -4121.5537109375 297.22286987304688 -24454.90234375
v -4121.79833984375 297.36224365234375 -24455.33984375
v -4122.03662109375 297.52664184570312 -24455.751953125
v -4122.265625 297.71212768554688 -24456.14453125
v -4122.37158203125 297.80776977539062 -24456.32421875
v -4122.48681640625 297.91921997070312 -24456.5234375
v -4122.7021484375 298.15005493164062 -24456.90234375
v -4122.90869140625 298.40362548828125 -24457.279296875
v -4123.10302734375 298.67864990234375 -24457.65625
v -4123.283203125 298.97384643554688 -24458.03515625
v -4123.44580078125 299.28775024414062 -24458.416015625
v -4123.7099609375 299.96575927734375 -24459.1875
v -4123.87890625 300.701171875 -24459.966796875
v -4123.904296875 300.88583374023438 -24460.15625
v -4123.1484375 301.22369384765625 -24459.98046875
v -4122.515625 301.6865234375 -24459.66015625
v -4122.05078125 302.24127197265625 -24459.22265625
v -4121.7880859375 302.84823608398438 -24458.693359375
v -4121.7451171875 303.46408081054688 -24458.115234375
v -4121.92529296875 304.04470825195312 -24457.52734375
v -4122.31640625 304.54864501953125 -24456.970703125
v -4122.8896484375 304.93984985351562 -24456.486328125
v -4123.6044921875 305.19036865234375 -24456.109375
v -4124.40966796875 305.28228759765625 -24455.865234375
v -4125.248046875 305.208984375 -24455.771484375
v -4126.05908203125 304.97576904296875 -24455.837890625
v -4122.27294921875 298.69769287109375 -24449.30859375
v -4121.55322265625 298.4412841796875 -24449.693359375
v -4121.638671875 301.28680419921875 -24453.587890625
v -4121.14794921875 300.51571655273438 -24454.41796875
v -4123.08642578125 298.79232788085938 -24449.060546875
v -4120.97900390625 298.04183959960938 -24450.185546875
v -4123.05810546875 298.77777099609375 -24449.05078125
v -4122.9912109375 298.74337768554688 -24449.03125
v -4122.5947265625 298.54592895507812 -24448.97265625
v -4122.17333984375 298.3447265625 -24449.015625
v -4121.77001953125 298.15408325195312 -24449.16015625
v -4121.4560546875 298.001953125 -24449.349609375
v -4121.4033203125 297.9754638671875 -24449.390625
v -4120.94287109375 297.72299194335938 -24449.876953125
v -4121.55322265625 298.4412841796875 -24449.693359375
v -4122.27294921875 298.69769287109375 -24449.30859375
v -4114.5234375 298.69631958007812 -24416.5390625
v -4114.50927734375 298.537353515625 -24414.431640625
v -4115.1416015625 298.73150634765625 -24415.994140625
v -4115.1171875 298.7342529296875 -24415.470703125
v -4115.70556640625 298.59329223632812 -24415.955078125
v -4116.7421875 297.9774169921875 -24416.34765625
v -4114.92041015625 298.680419921875 -24416.529296875
v -4115.3125 298.62142944335938 -24416.51171875
v -4115.69580078125 298.52011108398438 -24416.484375
v -4116.064453125 298.37774658203125 -24416.447265625
v -4116.4150390625 298.19607543945312 -24416.40234375
v -4114.51025390625 298.631103515625 -24414.69921875
v -4114.51123046875 298.70260620117188 -24414.970703125
v -4114.5126953125 298.75201416015625 -24415.2421875
v -4114.51416015625 298.77978515625 -24415.513671875
v -4114.51611328125 298.78683471679688 -24415.78125
v -4114.5185546875 298.7742919921875 -24416.041015625
v -4114.52099609375 298.74359130859375 -24416.294921875
v -4116.6748046875 298.0474853515625 -24416.2578125
v -4116.65771484375 298.0643310546875 -24416.236328125
v -4116.47998046875 298.21551513671875 -24416.01953125
v -4116.28369140625 298.344482421875 -24415.806640625
v -4116.07080078125 298.4503173828125 -24415.59765625
v -4115.84326171875 298.53213500976562 -24415.392578125
v -4115.75390625 298.55645751953125 -24415.31640625
v -4115.5634765625 298.59539794921875 -24415.162109375
v -4115.30810546875 298.6220703125 -24414.966796875
v -4115.04541015625 298.62136840820312 -24414.779296875
v -4114.77880859375 298.59320068359375 -24414.6015625
v -4112.6689453125 289.98480224609375 -24425.48828125
v -4111.97216796875 291.02362060546875 -24427.52734375
v -4111.73486328125 291.03302001953125 -24426.939453125
v -4111.59619140625 291.09649658203125 -24426.34765625
v -4112.45068359375 292.19412231445312 -24428.8125
v -4111.98388671875 292.29043579101562 -24428.369140625
v -4111.60791015625 292.40524291992188 -24427.849609375
v -4111.33984375 292.53140258789062 -24427.2890625
v -4111.18359375 292.6619873046875 -24426.712890625
v -4113.46728515625 293.33065795898438 -24429.427734375
v -4113.09326171875 293.76162719726562 -24429.166015625
v -4112.7578125 294.17822265625 -24428.794921875
v -4112.48681640625 294.54983520507812 -24428.333984375
v -4112.29345703125 294.85720825195312 -24427.814453125
v -4112.1796875 295.09197998046875 -24427.26171875
v -4114.0283203125 293.70712280273438 -24429.5078125
v -4113.82080078125 294.24981689453125 -24429.271484375
v -4113.6337890625 294.76617431640625 -24428.921875
v -4113.48193359375 295.21774291992188 -24428.478515625
v -4113.373046875 295.58157348632812 -24427.96875
v -4113.30712890625 295.84878540039062 -24427.423828125
v -4114.6943359375 293.84609985351562 -24429.533203125
v -4114.68408203125 294.42999267578125 -24429.302734375
v -4114.67333984375 294.98318481445312 -24428.958984375
v -4114.6630859375 295.46426391601562 -24428.521484375
v -4114.6533203125 295.84893798828125 -24428.015625
v -4114.6455078125 296.12811279296875 -24427.474609375
v -4115.97509765625 294.05734252929688 -24429.203125
v -4116.22802734375 294.53439331054688 -24428.83984375
v -4116.42919921875 294.95443725585938 -24428.384765625
v -4116.5693359375 295.2960205078125 -24427.8671875
v -4116.646484375 295.55044555664062 -24427.318359375
v -4117.990234375 294.11123657226562 -24426.380859375
v -4113.6689453125 293.1094970703125 -24429.51953125
v -4113.0966796875 292.77398681640625 -24429.302734375
v -4113.35693359375 292.64187622070312 -24429.416015625
v -4113.27587890625 293.54800415039062 -24429.310546875
v -4112.6123046875 293.03976440429688 -24429.005859375
v -4112.70458984375 292.1551513671875 -24428.99609375
v -4112.84814453125 292.90658569335938 -24429.166015625
v -4112.91796875 293.97467041015625 -24428.9921875
v -4112.17822265625 293.30886840820312 -24428.6015625
v -4112.20703125 292.23974609375 -24428.6015625
v -4112.3857421875 293.17572021484375 -24428.814453125
v -4112.61279296875 294.3712158203125 -24428.57421875
v -4111.82861328125 293.56222534179688 -24428.115234375
v -4111.78271484375 292.34600830078125 -24428.1171875
v -4111.9912109375 293.43856811523438 -24428.3671875
v -4112.3798828125 294.71224975585938 -24428.080078125
v -4111.57958984375 293.7861328125 -24427.57421875
v -4111.4599609375 292.46734619140625 -24427.572265625
v -4111.69091796875 293.67843627929688 -24427.849609375
v -4112.2265625 294.98388671875 -24427.541015625
v -4111.43359375 293.97293090820312 -24427.013671875
v -4111.248046875 292.5965576171875 -24427.001953125
v -4111.494140625 293.88449096679688 -24427.294921875
v -4112.15087890625 295.18161010742188 -24426.984375
v -4111.14453125 292.7269287109375 -24426.4296875
v -4111.3974609375 294.05117797851562 -24426.732421875
v -4117.45458984375 295.01321411132812 -24426.59375
v -4116.6669921875 295.71792602539062 -24426.765625
v -4115.69873046875 296.16140747070312 -24426.87890625
v -4114.638671875 296.30337524414062 -24426.923828125
v -4112.40673828125 290.11669921875 -24426.25390625
v -4112.3203125 290.23345947265625 -24426.61328125
v -4112.26611328125 290.36270141601562 -24426.921875
v -4112.2294921875 290.55023193359375 -24427.2890625
v -4112.22509765625 290.7135009765625 -24427.556640625
v -4112.3359375 291.25811767578125 -24428.271484375
v -4112.3671875 291.3404541015625 -24428.36328125
v -4112.376953125 291.3638916015625 -24428.388671875
v -4112.4052734375 291.43032836914062 -24428.458984375
v -4112.5595703125 291.72076416015625 -24428.744140625
v -4112.859375 292.1278076171875 -24429.08984375
v -4112.865234375 292.13427734375 -24429.09375
v -4113.208984375 292.47433471679688 -24429.3359375
v -4113.61572265625 292.7835693359375 -24429.513671875
v -4113.66259765625 292.81460571289062 -24429.52734375
v -4113.8408203125 292.92532348632812 -24429.576171875
v -4114.51025390625 293.26443481445312 -24429.6484375
v -4114.7021484375 293.34442138671875 -24429.642578125
v -4114.77587890625 293.37344360351562 -24429.63671875
v -4114.77734375 293.37405395507812 -24429.63671875
v -4115.8779296875 293.729248046875 -24429.349609375
v -4116.31689453125 293.84130859375 -24429.1171875
v -4116.51318359375 293.8875732421875 -24428.984375
v -4116.58984375 293.9051513671875 -24428.927734375
v -4116.810546875 293.95382690429688 -24428.7421875
v -4117.47265625 294.08303833007812 -24427.939453125
v -4117.5927734375 294.10211181640625 -24427.724609375
v -4117.71044921875 294.11795043945312 -24427.474609375
v -4117.88330078125 294.13018798828125 -24426.970703125
v -4117.96630859375 294.12130737304688 -24426.568359375
v -4117.98583984375 294.11392211914062 -24426.423828125
v -4113.38671875 296.06222534179688 -24426.880859375
v -4112.30224609375 295.406005859375 -24426.7421875
v -4111.52392578125 294.41928100585938 -24426.5234375
v -4111.1533203125 293.22927856445312 -24426.25390625
v -4111.2373046875 291.98934936523438 -24425.966796875
v -4111.76513671875 290.85931396484375 -24425.701171875
v -4114.638671875 296.30337524414062 -24426.923828125
v -4114.5234375 298.69631958007812 -24416.5390625
v -4114.60009765625 297.10101318359375 -24423.4609375
v -4114.56201171875 297.898681640625 -24420
v -4112.18310546875 292.66259765625 -24415.173828125
v -4112.44970703125 292.3280029296875 -24415.673828125
v -4112.87939453125 291.84335327148438 -24416.578125
v -4113.25537109375 291.4439697265625 -24417.5390625
v -4113.4150390625 291.26864624023438 -24418.0390625
v -4113.5478515625 291.11093139648438 -24418.53515625
v -4113.73681640625 290.82742309570312 -24419.541015625
v -4113.7880859375 290.7003173828125 -24420.041015625
v -4113.81103515625 290.58181762695312 -24420.537109375
v -4113.8056640625 290.4716796875 -24421.02734375
v -4113.77392578125 290.3701171875 -24421.5078125
v -4113.71728515625 290.2777099609375 -24421.98046875
v -4113.63916015625 290.19537353515625 -24422.443359375
v -4113.56298828125 290.13787841796875 -24422.802734375
v -4113.53955078125 290.12283325195312 -24422.904296875
v -4113.4189453125 290.06082153320312 -24423.369140625
v -4113.27783203125 290.01190185546875 -24423.841796875
v -4113.119140625 289.97891235351562 -24424.31640625
v -4112.9443359375 289.96490478515625 -24424.794921875
v -4112.75634765625 289.97311401367188 -24425.275390625
v -4112.6689453125 289.98480224609375 -24425.48828125
v -4113.6826171875 298.58551025390625 -24416.521484375
v -4112.89208984375 298.28363037109375 -24416.4609375
v -4112.197265625 297.80789184570312 -24416.359375
v -4111.6376953125 297.18545532226562 -24416.22265625
v -4111.24462890625 296.45181274414062 -24416.056640625
v -4111.04150390625 295.64874267578125 -24415.875
v -4111.0390625 294.82211303710938 -24415.68359375
v -4111.23828125 294.01898193359375 -24415.49609375
v -4111.626953125 293.28521728515625 -24415.32421875
v -4111.76513671875 290.85931396484375 -24425.701171875
v -4111.2373046875 291.98934936523438 -24425.966796875
v -4111.1533203125 293.22927856445312 -24426.25390625
v -4111.52392578125 294.41928100585938 -24426.5234375
v -4112.30224609375 295.406005859375 -24426.7421875
v -4113.38671875 296.06222534179688 -24426.880859375
v -4112.18310546875 292.66259765625 -24415.173828125
v -4111.47412109375 293.65866088867188 -24414.986328125
v -4111.53759765625 293.79296875 -24414.572265625
v -4111.0771484375 294.78704833984375 -24415.251953125
v -4111.14990234375 294.89633178710938 -24414.830078125
v -4111.2578125 294.99740600585938 -24414.470703125
v -4111.41650390625 295.10806274414062 -24414.103515625
v -4111.62255859375 295.22259521484375 -24413.75390625
v -4111.1044921875 295.99990844726562 -24415.529296875
v -4111.17626953125 296.082275390625 -24415.103515625
v -4111.28369140625 296.14434814453125 -24414.734375
v -4111.44091796875 296.1983642578125 -24414.35546875
v -4111.6455078125 296.23989868164062 -24413.986328125
v -4111.89404296875 296.26748657226562 -24413.640625
v -4111.54541015625 297.10202026367188 -24415.779296875
v -4111.607421875 297.15994262695312 -24415.34765625
v -4111.70068359375 297.18655395507812 -24414.970703125
v -4111.83740234375 297.1890869140625 -24414.578125
v -4112.01513671875 297.164306640625 -24414.1953125
v -4112.2314453125 297.11148071289062 -24413.83203125
v -4112.32177734375 297.97808837890625 -24415.97265625
v -4112.3671875 298.01657104492188 -24415.537109375
v -4112.43505859375 298.0150146484375 -24415.15234375
v -4112.53564453125 297.97662353515625 -24414.751953125
v -4112.66650390625 297.89913940429688 -24414.357421875
v -4112.826171875 297.7823486328125 -24413.978515625
v -4113.35205078125 298.55438232421875 -24416.09375
v -4113.37451171875 298.580078125 -24415.654296875
v -4113.4091796875 298.55996704101562 -24415.267578125
v -4113.4619140625 298.49465942382812 -24414.861328125
v -4113.53076171875 298.38247680664062 -24414.4609375
v -4113.615234375 298.22366333007812 -24414.072265625
v -4114.5234375 298.69631958007812 -24416.5390625
v -4114.52099609375 298.74359130859375 -24416.294921875
v -4114.5185546875 298.7742919921875 -24416.041015625
v -4114.51611328125 298.78683471679688 -24415.78125
v -4114.51416015625 298.77978515625 -24415.513671875
v -4114.5126953125 298.75201416015625 -24415.2421875
v -4114.51123046875 298.70260620117188 -24414.970703125
v -4114.51025390625 298.631103515625 -24414.69921875
v -4114.50927734375 298.537353515625 -24414.431640625
v -4114.3759765625 298.49945068359375 -24414.3515625
v -4114.11279296875 298.404541015625 -24414.201171875
v -4113.5595703125 298.11087036132812 -24413.9140625
v -4113.3056640625 297.92782592773438 -24413.796875
v -4112.810546875 297.45925903320312 -24413.59765625
v -4112.5888671875 297.1868896484375 -24413.52734375
v -4112.2392578125 296.63766479492188 -24413.453125
v -4112.09033203125 296.33416748046875 -24413.443359375
v -4112.087890625 296.3284912109375 -24413.443359375
v -4111.86669921875 295.72097778320312 -24413.484375
v -4111.76806640625 295.31405639648438 -24413.5546875
v -4111.70947265625 294.9300537109375 -24413.65234375
v -4111.68212890625 294.47244262695312 -24413.8125
v -4111.70068359375 294.04791259765625 -24414.009765625
v -4111.7236328125 293.86111450195312 -24414.11328125
v -4111.7373046875 293.77691650390625 -24414.1640625
v -4111.84814453125 293.32498168945312 -24414.482421875
v -4112.01416015625 292.93002319335938 -24414.8515625
v -4112.08837890625 292.80105590820312 -24414.99609375
v -4111.626953125 293.28521728515625 -24415.32421875
v -4111.23828125 294.01898193359375 -24415.49609375
v -4111.0390625 294.82211303710938 -24415.68359375
v -4111.04150390625 295.64874267578125 -24415.875
v -4111.24462890625 296.45181274414062 -24416.056640625
v -4111.6376953125 297.18545532226562 -24416.22265625
v -4112.197265625 297.80789184570312 -24416.359375
v -4112.89208984375 298.28363037109375 -24416.4609375
v -4113.6826171875 298.58551025390625 -24416.521484375
v -4114.638671875 296.30337524414062 -24426.923828125
v -4114.5234375 298.69631958007812 -24416.5390625
v -4116.7421875 297.9774169921875 -24416.34765625
v -4116.4150390625 298.19607543945312 -24416.40234375
v -4116.064453125 298.37774658203125 -24416.447265625
v -4115.69580078125 298.52011108398438 -24416.484375
v -4115.3125 298.62142944335938 -24416.51171875
v -4114.92041015625 298.680419921875 -24416.529296875
v -4115.69873046875 296.16140747070312 -24426.87890625
v -4116.6669921875 295.71792602539062 -24426.765625
v -4117.45458984375 295.01321411132812 -24426.59375
v -4117.990234375 294.11123657226562 -24426.380859375
v -4114.56201171875 297.898681640625 -24420
v -4114.60009765625 297.10101318359375 -24423.4609375
v -4118.02587890625 294.090576171875 -24425.99609375
v -4118.037109375 294.08514404296875 -24425.859375
v -4118.07470703125 294.07449340820312 -24425.306640625
v -4118.1005859375 294.0830078125 -24424.767578125
v -4118.11767578125 294.1119384765625 -24424.236328125
v -4118.12744140625 294.1636962890625 -24423.705078125
v -4118.130859375 294.24041748046875 -24423.17578125
v -4118.12841796875 294.34384155273438 -24422.650390625
v -4118.12060546875 294.47518920898438 -24422.130859375
v -4118.1064453125 294.63497924804688 -24421.619140625
v -4118.0546875 295.03805541992188 -24420.62109375
v -4117.95849609375 295.54241943359375 -24419.662109375
v -4117.7958984375 296.12753295898438 -24418.744140625
v -4117.54248046875 296.76580810546875 -24417.869140625
v -4117.17236328125 297.42453002929688 -24417.03515625
v -4117.05419921875 297.594482421875 -24416.82421875
v -4105.47265625 311.39266967773438 -24425.169921875
v -4106.4697265625 311.669921875 -24424.02734375
v -4106.52978515625 311.8671875 -24424.1328125
v -4106.568359375 312.08108520507812 -24424.236328125
v -4106.48388671875 312.06460571289062 -24424.453125
v -4106.361328125 312.01416015625 -24424.66796875
v -4106.21044921875 311.93161010742188 -24424.8515625
v -4106.1630859375 311.90261840820312 -24424.896484375
v -4105.88037109375 311.70974731445312 -24425.087890625
v -4105.818359375 311.66366577148438 -24425.11328125
v -4106.06982421875 311.45648193359375 -24424.666015625
v -4101.8896484375 305.3975830078125 -24419.548828125
v -4101.21044921875 305.88912963867188 -24419.470703125
v -4101.1533203125 305.74948120117188 -24419.75390625
v -4100.6103515625 306.34649658203125 -24420.099609375
v -4101.8896484375 305.3975830078125 -24419.548828125
v -4101.21533203125 305.57687377929688 -24420.01953125
v -4100.72802734375 306.02188110351562 -24420.59765625
v -4100.53759765625 306.65322875976562 -24421.166015625
v -4101.8896484375 305.3975830078125 -24419.548828125
v -4101.64453125 305.23873901367188 -24420.337890625
v -4101.53466796875 305.38604736328125 -24421.1953125
v -4101.58984375 305.82412719726562 -24421.9453125
v -4102.24658203125 305.0728759765625 -24420.23828125
v -4102.66650390625 305.0740966796875 -24421.0078125
v -4103.06591796875 305.41732788085938 -24421.701171875
v -4101.8896484375 305.3975830078125 -24419.548828125
v -4102.50048828125 305.09097290039062 -24420.041015625
v -4103.14404296875 305.108154296875 -24420.63671875
v -4103.68798828125 305.46176147460938 -24421.216796875
v -4101.8896484375 305.3975830078125 -24419.548828125
v -4102.66845703125 305.17636108398438 -24419.779296875
v -4103.46044921875 305.26870727539062 -24420.14453125
v -4104.10107421875 305.67111206054688 -24420.576171875
v -4101.8896484375 305.3975830078125 -24419.548828125
v -4102.72607421875 305.31597900390625 -24419.494140625
v -4103.568359375 305.53131103515625 -24419.609375
v -4104.24169921875 306.01351928710938 -24419.876953125
v -4101.8896484375 305.3975830078125 -24419.548828125
v -4102.66357421875 305.48861694335938 -24419.23046875
v -4103.451171875 305.85592651367188 -24419.111328125
v -4104.0888671875 306.43685913085938 -24419.2265625
v -4101.8896484375 305.3975830078125 -24419.548828125
v -4102.4912109375 305.66796875 -24419.025390625
v -4103.126953125 306.19320678710938 -24418.7265625
v -4103.66552734375 306.87664794921875 -24418.724609375
v -4101.8896484375 305.3975830078125 -24419.548828125
v -4102.23486328125 305.82672119140625 -24418.912109375
v -4102.64453125 306.49176025390625 -24418.51171875
v -4103.03662109375 307.26596069335938 -24418.447265625
v -4101.8896484375 305.3975830078125 -24419.548828125
v -4101.93310546875 305.94073486328125 -24418.90625
v -4102.07763671875 306.70614624023438 -24418.50390625
v -4101.8896484375 305.3975830078125 -24419.548828125
v -4101.6328125 305.99261474609375 -24419.01171875
v -4101.21044921875 305.88912963867188 -24419.470703125
v -4101.755859375 305.28427124023438 -24419.919921875
v -4101.38818359375 305.39752197265625 -24420.224609375
v -4101.54345703125 305.4515380859375 -24419.76171875
v -4101.8896484375 305.3975830078125 -24419.548828125
v -4101.62890625 305.36282348632812 -24419.86328125
v -4101.56982421875 305.27206420898438 -24420.767578125
v -4101.05224609375 305.68460083007812 -24420.982421875
v -4100.94091796875 305.76776123046875 -24420.30078125
v -4101.19384765625 305.50482177734375 -24420.599609375
v -4102.05322265625 305.20223999023438 -24419.869140625
v -4101.9462890625 305.124755859375 -24420.34375
v -4101.8896484375 305.3975830078125 -24419.548828125
v -4101.90478515625 305.2279052734375 -24419.921875
v -4102.45263671875 305.02886962890625 -24420.62109375
v -4102.1015625 305.17166137695312 -24421.205078125
v -4102.01171875 305.10491943359375 -24420.7734375
v -4102.875 305.20721435546875 -24421.375
v -4102.3291015625 305.5445556640625 -24421.95703125
v -4101.5419921875 305.57452392578125 -24421.595703125
v -4102.20947265625 305.32211303710938 -24421.60546875
v -4103.22998046875 305.68557739257812 -24421.97265625
v -4101.67138671875 306.11514282226562 -24422.23046875
v -4102.4521484375 305.8199462890625 -24422.244140625
v -4101.541015625 305.60598754882812 -24419.490234375
v -4101.37890625 305.9744873046875 -24419.208984375
v -4101.75 305.65716552734375 -24419.263671875
v -4101.8896484375 305.3975830078125 -24419.548828125
v -4101.62451171875 305.64822387695312 -24419.361328125
v -4100.93359375 306.2255859375 -24419.494140625
v -4101.552734375 306.3773193359375 -24418.8203125
v -4101.1806640625 306.35073852539062 -24419.111328125
v -4101.5126953125 305.53692626953125 -24419.630859375
v -4101.1669921875 305.82492065429688 -24419.611328125
v -4101.541015625 305.60598754882812 -24419.490234375
v -4101.8896484375 305.3975830078125 -24419.548828125
v -4101.51953125 305.57421875 -24419.560546875
v -4100.849609375 306.0208740234375 -24419.912109375
v -4100.63671875 306.48834228515625 -24419.830078125
v -4100.93359375 306.2255859375 -24419.494140625
v -4100.86962890625 306.13143920898438 -24419.703125
v -4103.23046875 308.02175903320312 -24418.669921875
v -4103.8193359375 307.69296264648438 -24418.8671875
v -4104.2763671875 307.31271362304688 -24419.2421875
v -4104.55322265625 306.92068481445312 -24419.755859375
v -4104.62158203125 306.557861328125 -24420.353515625
v -4104.47412109375 306.26211547851562 -24420.97265625
v -4100.7236328125 307.21426391601562 -24421.73828125
v -4100.7060546875 307.19622802734375 -24421.7109375
v -4100.57177734375 307.05014038085938 -24421.4453125
v -4100.49609375 306.95220947265625 -24421.21875
v -4100.43408203125 306.8389892578125 -24420.8828125
v -4100.42333984375 306.78341674804688 -24420.666015625
v -4100.43701171875 306.73284912109375 -24420.416015625
v -4100.45654296875 306.71087646484375 -24420.2734375
v -4100.48095703125 306.6954345703125 -24420.150390625
v -4100.63916015625 306.6693115234375 -24419.685546875
v -4100.64892578125 306.66943359375 -24419.6640625
v -4100.69189453125 306.6712646484375 -24419.578125
v -4100.69189453125 306.6712646484375 -24419.578125
v -4100.89794921875 306.70034790039062 -24419.25
v -4101.18017578125 306.77310180664062 -24418.9375
v -4101.34423828125 306.82748413085938 -24418.798828125
v -4101.509765625 306.88986206054688 -24418.685546875
v -4101.642578125 306.94500732421875 -24418.609375
v -4102.24462890625 307.2520751953125 -24418.4140625
v -4102.4267578125 307.36456298828125 -24418.40234375
v -4102.55859375 307.45291137695312 -24418.40625
v -4102.92041015625 307.72946166992188 -24418.48828125
v -4104.1259765625 306.06430053710938 -24421.55078125
v -4103.6142578125 305.98513793945312 -24422.025390625
v -4102.99169921875 306.0328369140625 -24422.34765625
v -4102.3232421875 306.20248413085938 -24422.484375
v -4101.6796875 306.476318359375 -24422.419921875
v -4101.126953125 306.82574462890625 -24422.162109375
v -4100.7236328125 307.21426391601562 -24421.73828125
v -4104.47412109375 306.26211547851562 -24420.97265625
v -4106.4697265625 311.669921875 -24424.02734375
v -4105.47216796875 308.96600341796875 -24422.5
v -4105.47265625 311.39266967773438 -24425.169921875
v -4105.306640625 311.2564697265625 -24425.15625
v -4105.18896484375 311.15863037109375 -24425.138671875
v -4104.37890625 310.46609497070312 -24424.89453125
v -4104.009765625 310.14501953125 -24424.7265625
v -4103.5966796875 309.78488159179688 -24424.5
v -4103.193359375 309.43338012695312 -24424.24609375
v -4102.74365234375 309.04171752929688 -24423.921875
v -4102.43896484375 308.77621459960938 -24423.673828125
v -4102.12548828125 308.50274658203125 -24423.3984375
v -4101.37109375 307.83160400390625 -24422.609375
v -4101.15087890625 307.62850952148438 -24422.33984375
v -4100.798828125 307.28988647460938 -24421.853515625
v -4106.06982421875 311.45648193359375 -24424.666015625
v -4101.126953125 306.82574462890625 -24422.162109375
v -4101.6796875 306.476318359375 -24422.419921875
v -4102.3232421875 306.20248413085938 -24422.484375
v -4102.99169921875 306.0328369140625 -24422.34765625
v -4103.6142578125 305.98513793945312 -24422.025390625
v -4104.1259765625 306.06430053710938 -24421.55078125
v -4106.4697265625 311.669921875 -24424.02734375
v -4106.568359375 312.08108520507812 -24424.236328125
v -4106.61279296875 311.93450927734375 -24423.46484375
v -4106.56298828125 311.79342651367188 -24423.748046875
v -4106.52978515625 311.8671875 -24424.1328125
v -4106.6376953125 311.9986572265625 -24423.658203125
v -4106.63330078125 312.05612182617188 -24423.916015625
v -4104.47412109375 306.26211547851562 -24420.97265625
v -4106.4697265625 311.669921875 -24424.02734375
v -4103.23046875 308.02175903320312 -24418.669921875
v -4106.61279296875 311.93450927734375 -24423.46484375
v -4106.56298828125 311.79342651367188 -24423.748046875
v -4104.62158203125 306.557861328125 -24420.353515625
v -4104.55322265625 306.92068481445312 -24419.755859375
v -4104.2763671875 307.31271362304688 -24419.2421875
v -4103.8193359375 307.69296264648438 -24418.8671875
v -4105.47216796875 308.96600341796875 -24422.5
v -4103.42578125 308.22900390625 -24418.83203125
v -4103.6591796875 308.4786376953125 -24419.037109375
v -4104.77880859375 309.6951904296875 -24420.1796875
v -4105.28955078125 310.26531982421875 -24420.814453125
v -4105.84130859375 310.90255737304688 -24421.630859375
v -4105.89306640625 310.96429443359375 -24421.716796875
v -4106.52978515625 311.79379272460938 -24423.130859375
vt 0.80025047063827515 0.29968780279159546
vt 0.66271418333053589 0.29968780279159546
vt 0.5448259711265564 0.29968780279159546
vt 0.38764163851737976 0.29968780279159546
vt 0.28940144181251526 0.29968780279159546
vt 0.80025047063827515 0.30818343162536621
vt 0.66271418333053589 0.30818343162536621
vt 0.5448259711265564 0.30818343162536621
vt 0.38764163851737976 0.30818343162536621
vt 0.28940144181251526 0.30818343162536621
vt 0.80025047063827515 0.31667909026145935
vt 0.66271418333053589 0.31667909026145935
vt 0.5448259711265564 0.31667909026145935
vt 0.38764163851737976 0.31667909026145935
vt 0.28940144181251526 0.31667909026145935
vt 0.80025047063827515 0.32517474889755249
vt 0.66271418333053589 0.32517474889755249
vt 0.5448259711265564 0.32517474889755249
vt 0.38764163851737976 0.32517474889755249
vt 0.28940144181251526 0.32517474889755249
vt 0.80025047063827515 0.33367037773132324
vt 0.66271418333053589 0.33367037773132324
vt 0.5448259711265564 0.33367037773132324
vt 0.38764163851737976 0.33367037773132324
vt 0.28940144181251526 0.33367037773132324
vt 0.80025047063827515 0.34216603636741638
vt 0.66271418333053589 0.34216603636741638
vt 0.5448259711265564 0.34216603636741638
vt 0.38764163851737976 0.34216603636741638
vt 0.28940144181251526 0.34216603636741638
vt 0.80025047063827515 0.35066169500350952
vt 0.66271418333053589 0.35066169500350952
vt 0.5448259711265564 0.35066169500350952
vt 0.38764163851737976 0.35066169500350952
vt 0.28940144181251526 0.35066169500350952
vt 0.80025047063827515 0.35915732383728027
vt 0.66271418333053589 0.35915732383728027
vt 0.5448259711265564 0.35915732383728027
vt 0.38764163851737976 0.35915732383728027
vt 0.28940144181251526 0.35915732383728027
vt 0.80025047063827515 0.36765298247337341
vt 0.66271418333053589 0.36765298247337341
vt 0.5448259711265564 0.36765298247337341
vt 0.38764163851737976 0.36765298247337341
vt 0.28940144181251526 0.36765298247337341
vt 0.80025047063827515 0.37614861130714417
vt 0.66271418333053589 0.37614861130714417
vt 0.5448259711265564 0.37614861130714417
vt 0.38764163851737976 0.37614861130714417
vt 0.28940144181251526 0.37614861130714417
vt 0.66271418333053589 0.3846442699432373
vt 0.5448259711265564 0.3846442699432373
vt 0.38764163851737976 0.3846442699432373
vt 0.28940144181251526 0.3846442699432373
vt 0.66271418333053589 0.39313992857933044
vt 0.5448259711265564 0.39313992857933044
vt 0.38764163851737976 0.39313992857933044
vt 0.28940144181251526 0.39313992857933044
vt 0.28940144181251526 0.4016355574131012
vt 0.28940144181251526 0.41013121604919434
vt 0.28940144181251526 0.41437903046607971
vt 0.28940144181251526 0.41862687468528748
vt 0.28940144181251526 0.42287468910217285
vt 0.28940144181251526 0.42712250351905823
vt 0.28940144181251526 0.4313703179359436
vt 0.28940144181251526 0.43561816215515137
vt 0.28940144181251526 0.43986597657203674
vt 0.28940144181251526 0.44411379098892212
vt 0.28940144181251526 0.44836163520812988
vt 0.28940144181251526 0.45260944962501526
vt 0.28940144181251526 0.45685726404190063
vt 0.28940144181251526 0.4611051082611084
vt 0.28940144181251526 0.46960073709487915
vt 0.28940144181251526 0.47809639573097229
vt 0.28940144181251526 0.48659205436706543
vt 0.28940144181251526 0.49508768320083618
vt 0.28940144181251526 0.50358331203460693
vt 0.66271418333053589 0.51207900047302246
vt 0.38764163851737976 0.51207900047302246
vt 0.28940144181251526 0.51207900047302246
vt 0.66271418333053589 0.52057462930679321
vt 0.5448259711265564 0.52057462930679321
vt 0.38764163851737976 0.52057462930679321
vt 0.28940144181251526 0.52057462930679321
vt 0.66271418333053589 0.52907025814056396
vt 0.5448259711265564 0.52907025814056396
vt 0.38764163851737976 0.52907025814056396
vt 0.28940144181251526 0.52907025814056396
vt 0.66271418333053589 0.53756594657897949
vt 0.5448259711265564 0.53756594657897949
vt 0.38764163851737976 0.53756594657897949
vt 0.28940144181251526 0.53756594657897949
vt 0.66271418333053589 0.54606157541275024
vt 0.5448259711265564 0.54606157541275024
vt 0.38764163851737976 0.54606157541275024
vt 0.28940144181251526 0.54606157541275024
vt 0.80025047063827515 0.55030941963195801
vt 0.66271418333053589 0.55030941963195801
vt 0.5448259711265564 0.55030941963195801
vt 0.38764163851737976 0.55030941963195801
vt 0.28940144181251526 0.55030941963195801
vt 0.80025047063827515 0.554557204246521
vt 0.66271418333053589 0.554557204246521
vt 0.5448259711265564 0.554557204246521
vt 0.38764163851737976 0.554557204246521
vt 0.28940144181251526 0.554557204246521
vt 0.80025047063827515 0.55880504846572876
vt 0.66271418333053589 0.55880504846572876
vt 0.5448259711265564 0.55880504846572876
vt 0.38764163851737976 0.55880504846572876
vt 0.28940144181251526 0.55880504846572876
vt 0.80025047063827515 0.56305289268493652
vt 0.66271418333053589 0.56305289268493652
vt 0.5448259711265564 0.56305289268493652
vt 0.38764163851737976 0.56305289268493652
vt 0.28940144181251526 0.56305289268493652
vt 0.80025047063827515 0.56730067729949951
vt 0.66271418333053589 0.56730067729949951
vt 0.5448259711265564 0.56730067729949951
vt 0.38764163851737976 0.56730067729949951
vt 0.28940144181251526 0.56730067729949951
vt 0.80025047063827515 0.57154852151870728
vt 0.66271418333053589 0.57154852151870728
vt 0.5448259711265564 0.57154852151870728
vt 0.38764163851737976 0.57154852151870728
vt 0.28940144181251526 0.57154852151870728
vt 0.80025047063827515 0.57579636573791504
vt 0.66271418333053589 0.57579636573791504
vt 0.5448259711265564 0.57579636573791504
vt 0.38764163851737976 0.57579636573791504
vt 0.28940144181251526 0.57579636573791504
vt 0.80025047063827515 0.58004415035247803
vt 0.66271418333053589 0.58004415035247803
vt 0.5448259711265564 0.58004415035247803
vt 0.38764163851737976 0.58004415035247803
vt 0.28940144181251526 0.58004415035247803
vt 0.80025047063827515 0.58429199457168579
vt 0.66271418333053589 0.58429199457168579
vt 0.5448259711265564 0.58429199457168579
vt 0.38764163851737976 0.58429199457168579
vt 0.28940144181251526 0.58429199457168579
vt 0.80025047063827515 0.58853983879089355
vt 0.66271418333053589 0.58853983879089355
vt 0.5448259711265564 0.58853983879089355
vt 0.38764163851737976 0.58853983879089355
vt 0.28940144181251526 0.58853983879089355
vt 0.80025047063827515 0.59278762340545654
vt 0.66271418333053589 0.59278762340545654
vt 0.5448259711265564 0.59278762340545654
vt 0.38764163851737976 0.59278762340545654
vt 0.28940144181251526 0.59278762340545654
vt 0.80025047063827515 0.59703546762466431
vt 0.66271418333053589 0.59703546762466431
vt 0.5448259711265564 0.59703546762466431
vt 0.38764163851737976 0.59703546762466431
vt 0.28940144181251526 0.59703546762466431
vt 0.66271418333053589 0.60553109645843506
vt 0.5448259711265564 0.60553109645843506
vt 0.38764163851737976 0.60553109645843506
vt 0.28940144181251526 0.60553109645843506
vt 0.5448259711265564 0.61402678489685059
vt 0.38764163851737976 0.61402678489685059
vt 0.28940144181251526 0.61402678489685059
vt 0.5448259711265564 0.62252241373062134
vt 0.38764163851737976 0.62252241373062134
vt 0.28940144181251526 0.62252241373062134
vt 0.5448259711265564 0.63101804256439209
vt 0.38764163851737976 0.63101804256439209
vt 0.28940144181251526 0.63101804256439209
vt 0.5448259711265564 0.63951367139816284
vt 0.38764163851737976 0.63951367139816284
vt 0.28940144181251526 0.63951367139816284
vt 0.5448259711265564 0.64800935983657837
vt 0.38764163851737976 0.64800935983657837
vt 0.28940144181251526 0.64800935983657837
vt 0.5448259711265564 0.65650498867034912
vt 0.38764163851737976 0.65650498867034912
vt 0.28940144181251526 0.65650498867034912
vt 0.28940144181251526 0.66500061750411987
vt 0.28940144181251526 0.6734963059425354
vt 0.28940144181251526 0.68199193477630615
vt 0.28940144181251526 0.68623977899551392
vt 0.28940144181251526 0.6904875636100769
vt 0.28940144181251526 0.69473540782928467
vt 0.28940144181251526 0.69898325204849243
vt 0.28940144181251526 0.70323103666305542
vt 0.28940144181251526 0.70747888088226318
vt 0.28940144181251526 0.71172672510147095
vt 0.28940144181251526 0.71597450971603394
vt 0.28940144181251526 0.7202223539352417
vt 0.28940144181251526 0.72447019815444946
vt 0.28940144181251526 0.72871798276901245
vt 0.28940144181251526 0.73296582698822021
vt 0.28940144181251526 0.74146145582199097
vt 0.28940144181251526 0.74995714426040649
vt 0.80025047063827515 0.75845277309417725
vt 0.38764163851737976 0.75845277309417725
vt 0.28940144181251526 0.75845277309417725
vt 0.80025047063827515 0.766948401927948
vt 0.66271418333053589 0.766948401927948
vt 0.5448259711265564 0.766948401927948
vt 0.38764163851737976 0.766948401927948
vt 0.28940144181251526 0.766948401927948
vt 0.80025047063827515 0.77544403076171875
vt 0.66271418333053589 0.77544403076171875
vt 0.5448259711265564 0.77544403076171875
vt 0.38764163851737976 0.77544403076171875
vt 0.28940144181251526 0.77544403076171875
vt 0.80025047063827515 0.78393971920013428
vt 0.66271418333053589 0.78393971920013428
vt 0.5448259711265564 0.78393971920013428
vt 0.38764163851737976 0.78393971920013428
vt 0.28940144181251526 0.78393971920013428
vt 0.80025047063827515 0.79243534803390503
vt 0.66271418333053589 0.79243534803390503
vt 0.5448259711265564 0.79243534803390503
vt 0.38764163851737976 0.79243534803390503
vt 0.28940144181251526 0.79243534803390503
vt 0.80025047063827515 0.80093097686767578
vt 0.66271418333053589 0.80093097686767578
vt 0.5448259711265564 0.80093097686767578
vt 0.38764163851737976 0.80093097686767578
vt 0.28940144181251526 0.80093097686767578
vt 0.80025047063827515 0.80942666530609131
vt 0.66271418333053589 0.80942666530609131
vt 0.5448259711265564 0.80942666530609131
vt 0.38764163851737976 0.80942666530609131
vt 0.28940144181251526 0.80942666530609131
vt 0.80025047063827515 0.81792229413986206
vt 0.66271418333053589 0.81792229413986206
vt 0.5448259711265564 0.81792229413986206
vt 0.38764163851737976 0.81792229413986206
vt 0.28940144181251526 0.81792229413986206
vt 0.80025047063827515 0.82641792297363281
vt 0.66271418333053589 0.82641792297363281
vt 0.5448259711265564 0.82641792297363281
vt 0.38764163851737976 0.82641792297363281
vt 0.28940144181251526 0.82641792297363281
vt 0.80025047063827515 0.83491361141204834
vt 0.66271418333053589 0.83491361141204834
vt 0.5448259711265564 0.83491361141204834
vt 0.38764163851737976 0.83491361141204834
vt 0.28940144181251526 0.83491361141204834
vt 0.80025047063827515 0.84340924024581909
vt 0.66271418333053589 0.84340924024581909
vt 0.5448259711265564 0.84340924024581909
vt 0.38764163851737976 0.84340924024581909
vt 0.28940144181251526 0.84340924024581909
vt 0.89939278364181519 0.30818343162536621
vt 0.80025047063827515 0.30393561720848083
vt 0.89939278364181519 0.29968780279159546
vt 0.89939278364181519 0.30393561720848083
vt 0.89939278364181519 0.31667909026145935
vt 0.80025047063827515 0.31243127584457397
vt 0.89939278364181519 0.31243127584457397
vt 0.89939278364181519 0.32517474889755249
vt 0.80025047063827515 0.32092690467834473
vt 0.89939278364181519 0.32092690467834473
vt 0.89939278364181519 0.33367037773132324
vt 0.80025047063827515 0.32942256331443787
vt 0.89939278364181519 0.32942256331443787
vt 0.89939278364181519 0.34216603636741638
vt 0.80025047063827515 0.33791822195053101
vt 0.89939278364181519 0.33791822195053101
vt 0.89939278364181519 0.35066169500350952
vt 0.80025047063827515 0.34641385078430176
vt 0.89939278364181519 0.34641385078430176
vt 0.89939278364181519 0.35915732383728027
vt 0.80025047063827515 0.3549095094203949
vt 0.89939278364181519 0.3549095094203949
vt 0.89939278364181519 0.36765298247337341
vt 0.80025047063827515 0.36340513825416565
vt 0.89939278364181519 0.36340513825416565
vt 0.89939278364181519 0.37614861130714417
vt 0.80025047063827515 0.37190079689025879
vt 0.89939278364181519 0.37190079689025879
vt 0.89939278364181519 0.766948401927948
vt 0.80025047063827515 0.76270061731338501
vt 0.89939278364181519 0.75845277309417725
vt 0.89939278364181519 0.76270061731338501
vt 0.89939278364181519 0.77544403076171875
vt 0.80025047063827515 0.77119624614715576
vt 0.89939278364181519 0.77119624614715576
vt 0.89939278364181519 0.78393971920013428
vt 0.80025047063827515 0.77969187498092651
vt 0.89939278364181519 0.77969187498092651
vt 0.89939278364181519 0.79243534803390503
vt 0.80025047063827515 0.78818750381469727
vt 0.89939278364181519 0.78818750381469727
vt 0.89939278364181519 0.80093097686767578
vt 0.80025047063827515 0.79668319225311279
vt 0.89939278364181519 0.79668319225311279
vt 0.89939278364181519 0.80942666530609131
vt 0.80025047063827515 0.80517882108688354
vt 0.89939278364181519 0.80517882108688354
vt 0.89939278364181519 0.81792229413986206
vt 0.80025047063827515 0.8136744499206543
vt 0.89939278364181519 0.8136744499206543
vt 0.89939278364181519 0.82641792297363281
vt 0.80025047063827515 0.82217013835906982
vt 0.89939278364181519 0.82217013835906982
vt 0.89939278364181519 0.83491361141204834
vt 0.80025047063827515 0.83066576719284058
vt 0.89939278364181519 0.83066576719284058
vt 0.89939278364181519 0.84340924024581909
vt 0.80025047063827515 0.83916139602661133
vt 0.89939278364181519 0.83916139602661133
vt 0.99853515625 0.29968780279159546
vt 0.99853509664535522 0.30818301439285278
vt 0.99853485822677612 0.31667822599411011
vt 0.99853450059890747 0.32517346739768982
vt 0.99853396415710449 0.33366873860359192
vt 0.99853265285491943 0.35065937042236328
vt 0.99853092432022095 0.36765012145042419
vt 0.99852883815765381 0.38464170694351196
vt 0.99852657318115234 0.40163335204124451
vt 0.99852532148361206 0.41012915968894958
vt 0.99852406978607178 0.41862502694129944
vt 0.99852281808853149 0.4271208643913269
vt 0.99852156639099121 0.43561673164367676
vt 0.99852025508880615 0.44411227107048035
vt 0.99851900339126587 0.45260784029960632
vt 0.99851775169372559 0.46110343933105469
vt 0.99851655960083008 0.46959897875785828
vt 0.99851423501968384 0.48659005761146545
vt 0.9985121488571167 0.50358116626739502
vt 0.99851042032241821 0.5205729603767395
vt 0.99850910902023315 0.53756481409072876
vt 0.99850857257843018 0.54606074094772339
vt 0.99850821495056152 0.55455666780471802
vt 0.99850797653198242 0.56305259466171265
vt 0.99850791692733765 0.57154852151870728
vt 0.99850797653198242 0.58004409074783325
vt 0.99850821495056152 0.58853960037231445
vt 0.99850857257843018 0.59703516960144043
vt 0.99850910902023315 0.60553067922592163
vt 0.99851042032241821 0.62252175807952881
vt 0.9985121488571167 0.63951283693313599
vt 0.99851423501968384 0.65650469064712524
vt 0.99851655960083008 0.6734965443611145
vt 0.99851775169372559 0.68199247121810913
vt 0.99851900339126587 0.69048839807510376
vt 0.99852025508880615 0.69898438453674316
vt 0.99852156639099121 0.70748031139373779
vt 0.99852281808853149 0.71597576141357422
vt 0.99852406978607178 0.72447127103805542
vt 0.99852532148361206 0.73296672105789185
vt 0.99852657318115234 0.74146217107772827
vt 0.99852883815765381 0.75845301151275635
vt 0.99853092432022095 0.77544385194778442
vt 0.99853265285491943 0.79243534803390503
vt 0.99853396415710449 0.80942672491073608
vt 0.99853450059890747 0.81792241334915161
vt 0.99853485822677612 0.82641804218292236
vt 0.99853509664535522 0.83491367101669312
vt 0.99853515625 0.84340924024581909
vt 0.73403191566467285 0.64116877317428589
vt 0.73382288217544556 0.63951367139816284
vt 0.73350930213928223 0.63758838176727295
vt 0.73186242580413818 0.63101804256439209
vt 0.73020291328430176 0.6265450119972229
vt 0.72828972339630127 0.62252241373062134
vt 0.72365826368331909 0.61540734767913818
vt 0.7225116491317749 0.61402678489685059
vt 0.72165828943252563 0.61307549476623535
vt 0.72062289714813232 0.61200171709060669
vt 0.71501028537750244 0.6074947714805603
vt 0.7112346887588501 0.60553109645843506
vt 0.70336520671844482 0.60383075475692749
vt 0.70201027393341064 0.60385113954544067
vt 0.69482618570327759 0.60553109645843506
vt 0.69052666425704956 0.60790950059890747
vt 0.688579261302948 0.60937714576721191
vt 0.68398040533065796 0.61402678489685059
vt 0.68236219882965088 0.61615729331970215
vt 0.68038171529769897 0.61924242973327637
vt 0.67864978313446045 0.62252241373062134
vt 0.67855125665664673 0.62273025512695312
vt 0.67553830146789551 0.63101804256439209
vt 0.67432504892349243 0.63706684112548828
vt 0.67399215698242188 0.63951367139816284
vt 0.67284250259399414 0.64800935983657837
vt 0.67160934209823608 0.65650498867034912
vt 0.67160600423812866 0.65652686357498169
vt 0.67019873857498169 0.66500061750411987
vt 0.66856139898300171 0.6734963059425354
vt 0.66756784915924072 0.67814898490905762
vt 0.6667015552520752 0.68199193477630615
vt 0.66570496559143066 0.68623977899551392
vt 0.66467964649200439 0.6904875636100769
vt 0.66364133358001709 0.69473540782928467
vt 0.66271418333053589 0.69854533672332764
vt 0.66260850429534912 0.69898325204849243
vt 0.66160213947296143 0.70323103666305542
vt 0.66064560413360596 0.70747888088226318
vt 0.65974873304367065 0.71172672510147095
vt 0.65893149375915527 0.71597450971603394
vt 0.65824228525161743 0.7202223539352417
vt 0.65774303674697876 0.72447019815444946
vt 0.65751326084136963 0.72871798276901245
vt 0.65765559673309326 0.73296582698822021
vt 0.65964609384536743 0.74146145582199097
vt 0.66073369979858398 0.74373418092727661
vt 0.66271418333053589 0.74678134918212891
vt 0.66560059785842896 0.74995714426040649
vt 0.6724398136138916 0.75479745864868164
vt 0.68126428127288818 0.75845277309417725
vt 0.68236219882965088 0.75878322124481201
vt 0.69049549102783203 0.76061183214187622
vt 0.6991276741027832 0.76156824827194214
vt 0.70201027393341064 0.76169067621231079
vt 0.71210289001464844 0.76136761903762817
vt 0.72165828943252563 0.75988876819610596
vt 0.7269628643989563 0.75845277309417725
vt 0.74130630493164062 0.75054562091827393
vt 0.7419162392616272 0.74995714426040649
vt 0.74228060245513916 0.74958640336990356
vt 0.74741101264953613 0.74146145582199097
vt 0.74912357330322266 0.73296582698822021
vt 0.74917817115783691 0.72871798276901245
vt 0.74888771772384644 0.72447019815444946
vt 0.74835050106048584 0.7202223539352417
vt 0.7476423978805542 0.71597450971603394
vt 0.7468222975730896 0.71172672510147095
vt 0.74593603610992432 0.70747888088226318
vt 0.74500173330307007 0.70323103666305542
vt 0.74438589811325073 0.70052868127822876
vt 0.74402874708175659 0.69898325204849243
vt 0.74303960800170898 0.69473540782928467
vt 0.74205464124679565 0.6904875636100769
vt 0.74130630493164062 0.68719905614852905
vt 0.74109160900115967 0.68623977899551392
vt 0.74016541242599487 0.68199193477630615
vt 0.73846781253814697 0.6734963059425354
vt 0.73701602220535278 0.66500061750411987
vt 0.73580753803253174 0.65650498867034912
vt 0.73478609323501587 0.64800935983657837
vt 0.33170735836029053 0.7231786847114563
vt 0.33010607957839966 0.72447019815444946
vt 0.32869753241539001 0.72589510679244995
vt 0.32694333791732788 0.72871798276901245
vt 0.32663866877555847 0.72974520921707153
vt 0.32687219977378845 0.73296582698822021
vt 0.32869753241539001 0.735759437084198
vt 0.33277592062950134 0.73871380090713501
vt 0.3339175283908844 0.73928600549697876
vt 0.33513066172599792 0.73982346057891846
vt 0.3364100456237793 0.74032533168792725
vt 0.33775049448013306 0.7407909631729126
vt 0.47256889939308167 0.69815152883529663
vt 0.47408732771873474 0.69520562887191772
vt 0.47428807616233826 0.69473540782928467
vt 0.47563216090202332 0.6904875636100769
vt 0.47615641355514526 0.68683385848999023
vt 0.47618836164474487 0.68623977899551392
vt 0.47597780823707581 0.68199193477630615
vt 0.47530841827392578 0.67887896299362183
vt 0.4729188084602356 0.6734963059425354
vt 0.47201582789421082 0.67215657234191895
vt 0.47162309288978577 0.67163652181625366
vt 0.46623378992080688 0.66678667068481445
vt 0.46262678503990173 0.66500061750411987
vt 0.46262496709823608 0.66499990224838257
vt 0.46034392714500427 0.66427391767501831
vt 0.4542044997215271 0.66355615854263306
vt 0.44780656695365906 0.66446119546890259
vt 0.44658574461936951 0.66481524705886841
vt 0.44601568579673767 0.66500061750411987
vt 0.44583401083946228 0.66506242752075195
vt 0.43785524368286133 0.66916996240615845
vt 0.43137273192405701 0.6734963059425354
vt 0.42693769931793213 0.67622274160385132
vt 0.41669899225234985 0.68199193477630615
vt 0.40847355127334595 0.68623977899551392
vt 0.40728968381881714 0.68682944774627686
vt 0.40640935301780701 0.68726474046707153
vt 0.39973840117454529 0.6904875636100769
vt 0.39058735966682434 0.69473540782928467
vt 0.38764163851737976 0.69607192277908325
vt 0.38114646077156067 0.69898325204849243
vt 0.37158513069152832 0.70323103666305542
vt 0.36799359321594238 0.70483493804931641
vt 0.36212357878684998 0.70747888088226318
vt 0.35287508368492126 0.71172672510147095
vt 0.348345547914505 0.71387046575546265
vt 0.34406435489654541 0.71597450971603394
vt 0.34060710668563843 0.71776455640792847
vt 0.33622974157333374 0.7202223539352417
vt 0.33993789553642273 0.74146145582199097
vt 0.348345547914505 0.74341917037963867
vt 0.35807427763938904 0.74484515190124512
vt 0.36799359321594238 0.74562102556228638
vt 0.38663703203201294 0.74550658464431763
vt 0.38764163851737976 0.74544352293014526
vt 0.39766359329223633 0.74448168277740479
vt 0.40728968381881714 0.74294602870941162
vt 0.41405588388442993 0.74146145582199097
vt 0.42693769931793213 0.73752129077911377
vt 0.43734955787658691 0.73296582698822021
vt 0.44082170724868774 0.73109245300292969
vt 0.44473797082901001 0.72871798276901245
vt 0.44658574461936951 0.727489173412323
vt 0.45069485902786255 0.72447019815444946
vt 0.45563656091690063 0.7202223539352417
vt 0.45982196927070618 0.71597450971603394
vt 0.46342688798904419 0.71172672510147095
vt 0.46623378992080688 0.70796835422515869
vt 0.46657869219779968 0.70747888088226318
vt 0.46942314505577087 0.70323103666305542
vt 0.47206979990005493 0.69898325204849243
vt 0.54050236940383911 0.7432522177696228
vt 0.54426860809326172 0.74995714426040649
vt 0.5448259711265564 0.75052565336227417
vt 0.54596918821334839 0.75155359506607056
vt 0.5519903302192688 0.75513410568237305
vt 0.55985510349273682 0.75736260414123535
vt 0.56447398662567139 0.75787770748138428
vt 0.56521362066268921 0.75791490077972412
vt 0.57490110397338867 0.75732159614562988
vt 0.58378338813781738 0.75486373901367188
vt 0.58412200212478638 0.75472509860992432
vt 0.59213078022003174 0.74995714426040649
vt 0.59458053112030029 0.74757856130599976
vt 0.59833204746246338 0.74146145582199097
vt 0.59920734167098999 0.73841404914855957
vt 0.59953141212463379 0.7359466552734375
vt 0.59951108694076538 0.73296582698822021
vt 0.59875959157943726 0.72871798276901245
vt 0.59771054983139038 0.72567284107208252
vt 0.59721750020980835 0.72447019815444946
vt 0.59557384252548218 0.7202223539352417
vt 0.594046950340271 0.71597450971603394
vt 0.59259569644927979 0.71172672510147095
vt 0.59118479490280151 0.70747888088226318
vt 0.58975803852081299 0.70323103666305542
vt 0.58825868368148804 0.69898325204849243
vt 0.58665221929550171 0.69473540782928467
vt 0.58524328470230103 0.69128996133804321
vt 0.58489871025085449 0.6904875636100769
vt 0.58412200212478638 0.68873637914657593
vt 0.58294945955276489 0.68623977899551392
vt 0.58074116706848145 0.68199193477630615
vt 0.57513546943664551 0.6734963059425354
vt 0.56956028938293457 0.6676257848739624
vt 0.56607246398925781 0.66500061750411987
vt 0.56447398662567139 0.66403627395629883
vt 0.5582999587059021 0.66161429882049561
vt 0.55167663097381592 0.66125047206878662
vt 0.54819118976593018 0.66204434633255005
vt 0.5448259711265564 0.6635623574256897
vt 0.54266780614852905 0.66500061750411987
vt 0.53925395011901855 0.66824948787689209
vt 0.53645598888397217 0.67222541570663452
vt 0.53576081991195679 0.6734963059425354
vt 0.53268921375274658 0.68199193477630615
vt 0.53189122676849365 0.68623977899551392
vt 0.53144848346710205 0.6904875636100769
vt 0.53129798173904419 0.69473540782928467
vt 0.53139162063598633 0.69898325204849243
vt 0.53168976306915283 0.70323103666305542
vt 0.53170418739318848 0.70338708162307739
vt 0.53215861320495605 0.70747888088226318
vt 0.5327802300453186 0.71172672510147095
vt 0.53354793787002563 0.71597450971603394
vt 0.53444498777389526 0.7202223539352417
vt 0.53545117378234863 0.72447019815444946
vt 0.53654187917709351 0.72871798276901245
vt 0.5376889705657959 0.73296582698822021
vt 0.54002302885055542 0.74146145582199097
vt 0.77052497863769531 0.51941573619842529
vt 0.77135807275772095 0.52057462930679321
vt 0.77507084608078003 0.52444857358932495
vt 0.77940076589584351 0.52723836898803711
vt 0.78060239553451538 0.52777272462844849
vt 0.78547799587249756 0.52907025814056396
vt 0.79000025987625122 0.52916228771209717
vt 0.79082727432250977 0.52907025814056396
vt 0.79562675952911377 0.52787238359451294
vt 0.80025047063827515 0.52557730674743652
vt 0.8008798360824585 0.52516788244247437
vt 0.80616110563278198 0.52057462930679321
vt 0.80793851613998413 0.5184141993522644
vt 0.77041316032409668 0.5192490816116333
vt 0.77044099569320679 0.51929086446762085
vt 0.77046895027160645 0.51933252811431885
vt 0.7704969048500061 0.51937419176101685
vt 0.84922933578491211 0.40817856788635254
vt 0.85018336772918701 0.40463244915008545
vt 0.85045814514160156 0.4016355574131012
vt 0.84792190790176392 0.39313992857933044
vt 0.84715473651885986 0.39206182956695557
vt 0.84406262636184692 0.38886022567749023
vt 0.83954650163650513 0.38576489686965942
vt 0.83738851547241211 0.3846442699432373
vt 0.82895076274871826 0.38154846429824829
vt 0.81989848613739014 0.37969568371772766
vt 0.8092009425163269 0.37883278727531433
vt 0.80025047063827515 0.3790249228477478
vt 0.78861778974533081 0.38048556447029114
vt 0.78060239553451538 0.38239109516143799
vt 0.77405107021331787 0.3846442699432373
vt 0.77061468362808228 0.38615238666534424
vt 0.76095438003540039 0.39233815670013428
vt 0.76006579399108887 0.39313992857933044
vt 0.75916939973831177 0.39401444792747498
vt 0.75594484806060791 0.39796715974807739
vt 0.75396859645843506 0.4016355574131012
vt 0.75231170654296875 0.41007062792778015
vt 0.75231236219406128 0.41013121604919434
vt 0.75245934724807739 0.41437903046607971
vt 0.75276345014572144 0.41862687468528748
vt 0.75316917896270752 0.42287468910217285
vt 0.75363451242446899 0.42712250351905823
vt 0.75412070751190186 0.43130752444267273
vt 0.754128098487854 0.4313703179359436
vt 0.7546272873878479 0.43561816215515137
vt 0.75512534379959106 0.43986597657203674
vt 0.75561982393264771 0.44411379098892212
vt 0.75610244274139404 0.44836163520812988
vt 0.75656783580780029 0.45260944962501526
vt 0.75701433420181274 0.45685726404190063
vt 0.75744348764419556 0.4611051082611084
vt 0.75827407836914062 0.46960073709487915
vt 0.75853163003921509 0.47221231460571289
vt 0.75914168357849121 0.47809639573097229
vt 0.76017957925796509 0.48659205436706543
vt 0.76095438003540039 0.49166464805603027
vt 0.76157253980636597 0.49508768320083618
vt 0.76357275247573853 0.50358331203460693
vt 0.76656574010848999 0.51207900047302246
vt 0.81036007404327393 0.51487839221954346
vt 0.81201636791229248 0.51207900047302246
vt 0.81609022617340088 0.50358331203460693
vt 0.81924706697463989 0.49508768320083618
vt 0.81989848613739014 0.49310722947120667
vt 0.82189667224884033 0.48659205436706543
vt 0.82431489229202271 0.47809639573097229
vt 0.82670754194259644 0.46960073709487915
vt 0.8292238712310791 0.4611051082611084
vt 0.8305591344833374 0.45685726404190063
vt 0.83195430040359497 0.45260944962501526
vt 0.83341050148010254 0.44836163520812988
vt 0.83492481708526611 0.44411379098892212
vt 0.83649015426635742 0.43986597657203674
vt 0.83809542655944824 0.43561816215515137
vt 0.83954650163650513 0.43189778923988342
vt 0.83975660800933838 0.4313703179359436
vt 0.84148824214935303 0.42712250351905823
vt 0.84326815605163574 0.42287468910217285
vt 0.84506404399871826 0.41862687468528748
vt 0.84683108329772949 0.41437903046607971
vt 0.84850901365280151 0.41013121604919434
vt 0.71948027610778809 0.53625190258026123
vt 0.72024977207183838 0.53756594657897949
vt 0.72165828943252563 0.53958332538604736
vt 0.72590619325637817 0.54356050491333008
vt 0.72687274217605591 0.5441277027130127
vt 0.7321668267250061 0.54547291994094849
vt 0.73751509189605713 0.54404038190841675
vt 0.74130630493164062 0.54119449853897095
vt 0.74410057067871094 0.53784126043319702
vt 0.74428880214691162 0.53756594657897949
vt 0.74832677841186523 0.52907025814056396
vt 0.74897992610931396 0.52679347991943359
vt 0.74970132112503052 0.52331805229187012
vt 0.75004839897155762 0.52057462930679321
vt 0.74987292289733887 0.51207900047302246
vt 0.74937939643859863 0.50937485694885254
vt 0.66186267137527466 0.44691154360771179
vt 0.66123223304748535 0.44836163520812988
vt 0.66005235910415649 0.45260944962501526
vt 0.65974366664886475 0.45685726404190063
vt 0.66019386053085327 0.4611051082611084
vt 0.66271418333053589 0.46885779500007629
vt 0.66305965185165405 0.46960073709487915
vt 0.66657495498657227 0.47580656409263611
vt 0.66813361644744873 0.47809639573097229
vt 0.67494547367095947 0.48659205436706543
vt 0.68236219882965088 0.49446594715118408
vt 0.68297916650772095 0.49508768320083618
vt 0.69164520502090454 0.50358331203460693
vt 0.69713068008422852 0.50892746448516846
vt 0.70029497146606445 0.51207900047302246
vt 0.70201027393341064 0.51382577419281006
vt 0.70826518535614014 0.52057462930679321
vt 0.71499049663543701 0.52907025814056396
vt 0.74817466735839844 0.50358331203460693
vt 0.7466614842414856 0.49508768320083618
vt 0.74518054723739624 0.48659205436706543
vt 0.74345201253890991 0.47809639573097229
vt 0.74318259954452515 0.47694149613380432
vt 0.74130630493164062 0.46997597813606262
vt 0.74119091033935547 0.46960073709487915
vt 0.73806053400039673 0.4611051082611084
vt 0.73603010177612305 0.45685726404190063
vt 0.73358356952667236 0.45260944962501526
vt 0.73060160875320435 0.44836163520812988
vt 0.72689956426620483 0.44411379098892212
vt 0.72549039125442505 0.44273087382316589
vt 0.72214972972869873 0.43986597657203674
vt 0.72165828943252563 0.4394879937171936
vt 0.71561777591705322 0.43561816215515137
vt 0.70393496751785278 0.4313703179359436
vt 0.70201027393341064 0.43099841475486755
vt 0.69003021717071533 0.43045076727867126
vt 0.68380546569824219 0.4313703179359436
vt 0.68236219882965088 0.43171387910842896
vt 0.67271238565444946 0.43561816215515137
vt 0.66704481840133667 0.43986597657203674
vt 0.66345798969268799 0.44411379098892212
vt 0.66271418333053589 0.44530454277992249
vt 0.52930295467376709 0.48014375567436218
vt 0.52943766117095947 0.48659205436706543
vt 0.52994102239608765 0.48940178751945496
vt 0.53180742263793945 0.49508768320083618
vt 0.53364092111587524 0.49866369366645813
vt 0.53730612993240356 0.50358331203460693
vt 0.53974318504333496 0.5058978796005249
vt 0.54267072677612305 0.50797510147094727
vt 0.5448259711265564 0.50909423828125
vt 0.54543411731719971 0.50935274362564087
vt 0.54604649543762207 0.50958859920501709
vt 0.54679983854293823 0.5098455548286438
vt 0.54734176397323608 0.51000821590423584
vt 0.5478857159614563 0.51015299558639526
vt 0.54941141605377197 0.51046127080917358
vt 0.55094248056411743 0.5106271505355835
vt 0.55398941040039062 0.51052814722061157
vt 0.55790513753890991 0.50952106714248657
vt 0.56155645847320557 0.50756216049194336
vt 0.56447398662567139 0.50509476661682129
vt 0.56582975387573242 0.50358331203460693
vt 0.56757926940917969 0.50115233659744263
vt 0.56888234615325928 0.49882975220680237
vt 0.57040899991989136 0.49508768320083618
vt 0.57099747657775879 0.49302887916564941
vt 0.59557074308395386 0.41465294361114502
vt 0.59553647041320801 0.41437903046607971
vt 0.59543293714523315 0.41373416781425476
vt 0.59422165155410767 0.41013121604919434
vt 0.59183710813522339 0.40666890144348145
vt 0.58841067552566528 0.40369153022766113
vt 0.58482331037521362 0.4016355574131012
vt 0.58412200212478638 0.4013151228427887
vt 0.57638657093048096 0.39898550510406494
vt 0.57042157649993896 0.3983498215675354
vt 0.56447398662567139 0.39859092235565186
vt 0.56259799003601074 0.39885827898979187
vt 0.57266008853912354 0.48659205436706543
vt 0.5751529335975647 0.47809639573097229
vt 0.57804375886917114 0.46960073709487915
vt 0.58130371570587158 0.4611051082611084
vt 0.5829545259475708 0.45705252885818481
vt 0.5830351710319519 0.45685726404190063
vt 0.58412200212478638 0.45423945784568787
vt 0.58480280637741089 0.45260944962501526
vt 0.58657628297805786 0.44836163520812988
vt 0.58832067251205444 0.44411379098892212
vt 0.58999621868133545 0.43986597657203674
vt 0.59155857563018799 0.43561816215515137
vt 0.59298241138458252 0.4313703179359436
vt 0.59421902894973755 0.42712250351905823
vt 0.59516346454620361 0.42287468910217285
vt 0.59567177295684814 0.41862687468528748
vt 0.55306416749954224 0.4016355574131012
vt 0.54661744832992554 0.40526354312896729
vt 0.5448259711265564 0.40665599703788757
vt 0.5413135290145874 0.41013121604919434
vt 0.53827238082885742 0.41437903046607971
vt 0.5361289381980896 0.41862687468528748
vt 0.53459721803665161 0.42287468910217285
vt 0.53349852561950684 0.42712250351905823
vt 0.53271102905273438 0.4313703179359436
vt 0.53214728832244873 0.43561816215515137
vt 0.53193610906600952 0.43763861060142517
vt 0.53173589706420898 0.43986597657203674
vt 0.53142768144607544 0.44411379098892212
vt 0.53118956089019775 0.44836163520812988
vt 0.53099191188812256 0.45260944962501526
vt 0.53080880641937256 0.45685726404190063
vt 0.53061795234680176 0.4611051082611084
vt 0.53014564514160156 0.46960073709487915
vt 0.52948999404907227 0.47809639573097229
vt 0.87855476140975952 0.51087182760238647
vt 0.87884259223937988 0.51184022426605225
vt 0.87892031669616699 0.51207900047302246
vt 0.87979620695114136 0.5143437385559082
vt 0.88089120388031006 0.51652121543884277
vt 0.8821987509727478 0.51860165596008301
vt 0.88371378183364868 0.52057462930679321
vt 0.88433557748794556 0.52128589153289795
vt 0.88571709394454956 0.52270638942718506
vt 0.88767677545547485 0.52441811561584473
vt 0.88981175422668457 0.52596777677536011
vt 0.89211511611938477 0.52734684944152832
vt 0.89458048343658447 0.52854615449905396
vt 0.89585816860198975 0.52907025814056396
vt 0.89849066734313965 0.52996480464935303
vt 0.90460658073425293 0.53121548891067505
vt 0.90772867202758789 0.53146779537200928
vt 0.91460293531417847 0.5312228798866272
vt 0.91813868284225464 0.53069919347763062
vt 0.924613356590271 0.52907025814056396
vt 0.92790275812149048 0.52790766954421997
vt 0.92796272039413452 0.52788430452346802
vt 0.93404650688171387 0.52508312463760376
vt 0.93778669834136963 0.52288419008255005
vt 0.94107317924499512 0.52057462930679321
vt 0.94465851783752441 0.51750808954238892
vt 0.94761073589324951 0.51431912183761597
vt 0.94877314567565918 0.5127941370010376
vt 0.94926559925079346 0.51207900047302246
vt 0.95149952173233032 0.50789189338684082
vt 0.95267069339752197 0.50358331203460693
vt 0.95281559228897095 0.5019831657409668
vt 0.95278280973434448 0.50011289119720459
vt 0.95485460758209229 0.4082411527633667
vt 0.95519465208053589 0.4016355574131012
vt 0.95420569181442261 0.39862737059593201
vt 0.95271795988082886 0.39607948064804077
vt 0.95013856887817383 0.39313992857933044
vt 0.94761073589324951 0.39103579521179199
vt 0.93778669834136963 0.38585245609283447
vt 0.93613684177398682 0.38525250554084778
vt 0.93565952777862549 0.38508930802345276
vt 0.93428736925125122 0.3846442699432373
vt 0.92796272039413452 0.38299891352653503
vt 0.91813868284225464 0.38151291012763977
vt 0.91797292232513428 0.38149744272232056
vt 0.9087672233581543 0.38109022378921509
vt 0.89947718381881714 0.38154551386833191
vt 0.89849066734313965 0.38164505362510681
vt 0.89488524198532104 0.38209539651870728
vt 0.88297176361083984 0.3846442699432373
vt 0.87997078895568848 0.38558530807495117
vt 0.87886619567871094 0.38596782088279724
vt 0.87884259223937988 0.38597622513771057
vt 0.86497557163238525 0.39313992857933044
vt 0.86079883575439453 0.39679953455924988
vt 0.85919457674026489 0.39861562848091125
vt 0.8586115837097168 0.399364173412323
vt 0.85709750652313232 0.4016355574131012
vt 0.85432451963424683 0.41013121604919434
vt 0.85425108671188354 0.41213658452033997
vt 0.85441106557846069 0.41437903046607971
vt 0.85540658235549927 0.41862687468528748
vt 0.85674643516540527 0.42178070545196533
vt 0.85733765363693237 0.42287468910217285
vt 0.8575282096862793 0.42320266366004944
vt 0.85919457674026489 0.42608541250228882
vt 0.85977542400360107 0.42712250351905823
vt 0.86203920841217041 0.4313703179359436
vt 0.86410272121429443 0.43561816215515137
vt 0.86598443984985352 0.43986597657203674
vt 0.86769622564315796 0.44411379098892212
vt 0.8692169189453125 0.44836163520812988
vt 0.8705328106880188 0.45260944962501526
vt 0.87163960933685303 0.45685726404190063
vt 0.8725433349609375 0.4611051082611084
vt 0.87381410598754883 0.46960073709487915
vt 0.87457078695297241 0.47809639573097229
vt 0.87512069940567017 0.48659205436706543
vt 0.87579774856567383 0.49508768320083618
vt 0.87693792581558228 0.50358331203460693
vt 0.87735259532928467 0.50578987598419189
vt 0.95220452547073364 0.49508768320083618
vt 0.95057690143585205 0.48659205436706543
vt 0.94859063625335693 0.47809639573097229
vt 0.94761073589324951 0.47380658984184265
vt 0.94674044847488403 0.46960073709487915
vt 0.94544720649719238 0.4611051082611084
vt 0.94510692358016968 0.45685726404190063
vt 0.94500082731246948 0.45260944962501526
vt 0.94513589143753052 0.44836163520812988
vt 0.94550645351409912 0.44411379098892212
vt 0.94609552621841431 0.43986597657203674
vt 0.94687676429748535 0.43561816215515137
vt 0.94761073589324951 0.43230029940605164
vt 0.94783556461334229 0.4313703179359436
vt 0.94896179437637329 0.42712250351905823
vt 0.95022177696228027 0.42287468910217285
vt 0.95157021284103394 0.41862687468528748
vt 0.9529498815536499 0.41437903046607971
vt 0.95429116487503052 0.41013121604919434
vt 0.84090781211853027 0.68358170986175537
vt 0.83954650163650513 0.68462115526199341
vt 0.83810311555862427 0.68623977899551392
vt 0.83691078424453735 0.6886177659034729
vt 0.8365323543548584 0.6904875636100769
vt 0.83660125732421875 0.69260323047637939
vt 0.83718311786651611 0.69473540782928467
vt 0.83744287490844727 0.69533473253250122
vt 0.83954650163650513 0.69840508699417114
vt 0.84011822938919067 0.69898325204849243
vt 0.84388083219528198 0.70161330699920654
vt 0.9275549054145813 0.69828218221664429
vt 0.92796272039413452 0.69810777902603149
vt 0.93126344680786133 0.69635063409805298
vt 0.93344485759735107 0.69473540782928467
vt 0.93585503101348877 0.6921849250793457
vt 0.93693631887435913 0.6904875636100769
vt 0.93778669834136963 0.6884458065032959
vt 0.93807488679885864 0.68727433681488037
vt 0.93821573257446289 0.68623977899551392
vt 0.93778669834136963 0.68217670917510986
vt 0.93773055076599121 0.68199193477630615
vt 0.93745434284210205 0.681202232837677
vt 0.93580383062362671 0.67812979221343994
vt 0.93306493759155273 0.67498499155044556
vt 0.93132317066192627 0.6734963059425354
vt 0.92948657274246216 0.67218202352523804
vt 0.92796272039413452 0.67124295234680176
vt 0.9205474853515625 0.66806185245513916
vt 0.91813868284225464 0.6674237847328186
vt 0.91633188724517822 0.6670575737953186
vt 0.91106677055358887 0.66653162240982056
vt 0.90600347518920898 0.66683065891265869
vt 0.90258097648620605 0.66733938455581665
vt 0.89849066734313965 0.66797685623168945
vt 0.87884259223937988 0.67150747776031494
vt 0.86964219808578491 0.6734963059425354
vt 0.85919457674026489 0.67617720365524292
vt 0.85816550254821777 0.6764758825302124
vt 0.84365391731262207 0.68199193477630615
vt 0.84596431255340576 0.70259213447570801
vt 0.84750193357467651 0.70323103666305542
vt 0.85919457674026489 0.70654720067977905
vt 0.86503833532333374 0.70747888088226318
vt 0.87188214063644409 0.70810872316360474
vt 0.87884259223937988 0.70830100774765015
vt 0.88690763711929321 0.70800459384918213
vt 0.89254820346832275 0.70747888088226318
vt 0.89849066734313965 0.70664441585540771
vt 0.91351765394210815 0.70323103666305542
vt 0.91813868284225464 0.70179730653762817
vt 0.9258430004119873 0.69898325204849243
vt 0.66271418333053589 0.74995714426040649
vt 0.66271418333053589 0.4016355574131012
vt 0.66271418333053589 0.42287468910217285
vt 0.66271418333053589 0.41862687468528748
vt 0.66271418333053589 0.42712250351905823
vt 0.90765082836151123 0.54606157541275024
vt 0.80025047063827515 0.53756594657897949
vt 0.9076506495475769 0.55030941963195801
vt 0.90765047073364258 0.554557204246521
vt 0.90765035152435303 0.55880504846572876
vt 0.80025047063827515 0.54606157541275024
vt 0.80025047063827515 0.52907025814056396
vt 0.66271418333053589 0.41013121604919434
vt 0.66271418333053589 0.41437903046607971
vt 0.66271418333053589 0.4313703179359436
vt 0.66271418333053589 0.43561816215515137
vt 0.66271418333053589 0.43986597657203674
vt 0.66271418333053589 0.44411379098892212
vt 0.38764163851737976 0.41013121604919434
vt 0.66271418333053589 0.46960073709487915
vt 0.66271418333053589 0.47809639573097229
vt 0.66271418333053589 0.48659205436706543
vt 0.66271418333053589 0.61402678489685059
vt 0.38764163851737976 0.41437903046607971
vt 0.38764163851737976 0.41862687468528748
vt 0.38764163851737976 0.42287468910217285
vt 0.38764163851737976 0.42712250351905823
vt 0.38764163851737976 0.4313703179359436
vt 0.38764163851737976 0.43561816215515137
vt 0.38764163851737976 0.43986597657203674
vt 0.38764163851737976 0.44411379098892212
vt 0.38764163851737976 0.44836163520812988
vt 0.38764163851737976 0.45260944962501526
vt 0.66271418333053589 0.49508768320083618
vt 0.66271418333053589 0.50358331203460693
vt 0.38764163851737976 0.45685726404190063
vt 0.38764163851737976 0.4611051082611084
vt 0.38764163851737976 0.46960073709487915
vt 0.38764163851737976 0.47809639573097229
vt 0.38764163851737976 0.48659205436706543
vt 0.38764163851737976 0.49508768320083618
vt 0.38764163851737976 0.50358331203460693
vt 0.9076501727104187 0.57579636573791504
vt 0.9076501727104187 0.56730067729949951
vt 0.90765023231506348 0.56305289268493652
vt 0.90765035152435303 0.58429199457168579
vt 0.90765023231506348 0.58004415035247803
vt 0.9076501727104187 0.57154852151870728
vt 0.90765082836151123 0.59703546762466431
vt 0.90765047073364258 0.58853983879089355
vt 0.9076506495475769 0.59278762340545654
vt 0.80025047063827515 0.61402678489685059
vt 0.80025047063827515 0.62252241373062134
vt 0.80025047063827515 0.63101804256439209
vt 0.80025047063827515 0.64800935983657837
vt 0.80025047063827515 0.65650498867034912
vt 0.80025047063827515 0.66500061750411987
vt 0.80025047063827515 0.6734963059425354
vt 0.80025047063827515 0.68199193477630615
vt 0.80025047063827515 0.68623977899551392
vt 0.80025047063827515 0.63951367139816284
vt 0.66271418333053589 0.62252241373062134
vt 0.66271418333053589 0.63101804256439209
vt 0.66271418333053589 0.63951367139816284
vt 0.80025047063827515 0.6904875636100769
vt 0.66271418333053589 0.64800935983657837
vt 0.66271418333053589 0.65650498867034912
vt 0.66271418333053589 0.66500061750411987
vt 0.66271418333053589 0.6734963059425354
vt 0.66271418333053589 0.68199193477630615
vt 0.66271418333053589 0.68623977899551392
vt 0.66271418333053589 0.6904875636100769
vt 0.9076656699180603 0.7202223539352417
vt 0.90766692161560059 0.72871798276901245
vt 0.90766441822052002 0.71172672510147095
vt 0.90766757726669312 0.73296582698822021
vt 0.80025047063827515 0.7202223539352417
vt 0.80025047063827515 0.71597450971603394
vt 0.90766507387161255 0.71597450971603394
vt 0.90766632556915283 0.72447019815444946
vt 0.80025047063827515 0.72447019815444946
vt 0.80025047063827515 0.72871798276901245
vt 0.80025047063827515 0.71172672510147095
vt 0.80025047063827515 0.70747888088226318
vt 0.80025047063827515 0.73296582698822021
vt 0.80025047063827515 0.74146145582199097
vt 0.80025047063827515 0.74995714426040649
vt 0.80025047063827515 0.69473540782928467
vt 0.80025047063827515 0.69898325204849243
vt 0.80025047063827515 0.70323103666305542
vt 0.66271418333053589 0.69473540782928467
vt 0.66271418333053589 0.75845277309417725
vt 0.38764163851737976 0.6734963059425354
vt 0.38764163851737976 0.68199193477630615
vt 0.38764163851737976 0.68623977899551392
vt 0.38764163851737976 0.6904875636100769
vt 0.38764163851737976 0.69473540782928467
vt 0.73323458433151245 0.29650133848190308
vt 0.72543561458587646 0.29615315794944763
vt 0.71744096279144287 0.29506435990333557
vt 0.70935201644897461 0.2931787371635437
vt 0.70128548145294189 0.29045781493186951
vt 0.68573892116546631 0.28247061371803284
vt 0.67186033725738525 0.27129030227661133
vt 0.66058576107025146 0.2575262188911438
vt 0.6525312066078186 0.24210774898529053
vt 0.6497873067855835 0.2341076135635376
vt 0.64788579940795898 0.22608521580696106
vt 0.64678782224655151 0.21815632283687592
vt 0.64643669128417969 0.21042148768901825
vt 0.64678776264190674 0.20268701016902924
vt 0.64788568019866943 0.19475848972797394
vt 0.64978700876235962 0.18673644959926605
vt 0.65253061056137085 0.17873667180538177
vt 0.66058444976806641 0.16331875324249268
vt 0.67185807228088379 0.14955496788024902
vt 0.68573695421218872 0.13837368786334991
vt 0.70128399133682251 0.13038572669029236
vt 0.70935088396072388 0.12766455113887787
vt 0.71744024753570557 0.12577876448631287
vt 0.72543525695800781 0.12468983978033066
vt 0.73323458433151245 0.12434162199497223
vt 0.74103361368179321 0.12468980997800827
vt 0.74902826547622681 0.12577863037586212
vt 0.75711721181869507 0.1276642382144928
vt 0.76518374681472778 0.13038516044616699
vt 0.78073024749755859 0.13837237656116486
vt 0.79460883140563965 0.14955268800258636
vt 0.80588340759277344 0.16331674158573151
vt 0.81393802165985107 0.17873522639274597
vt 0.81668186187744141 0.1867353618144989
vt 0.81858342885971069 0.19475777447223663
vt 0.81968140602111816 0.20268665254116058
vt 0.82003253698348999 0.21042148768901825
vt 0.81968146562576294 0.21815596520900726
vt 0.81858354806900024 0.22608448565006256
vt 0.81668221950531006 0.23410652577877045
vt 0.81393855810165405 0.24210630357265472
vt 0.8058847188949585 0.25752422213554382
vt 0.79461115598678589 0.27128800749778748
vt 0.78073227405548096 0.28246930241584778
vt 0.76518517732620239 0.29045724868774414
vt 0.75711828470230103 0.29317843914031982
vt 0.74902898073196411 0.29506421089172363
vt 0.74103397130966187 0.29615312814712524
vt 0.46473324298858643 0.21042148768901825
vt 0.46438214182853699 0.21815614402294159
vt 0.4632841944694519 0.22608484327793121
vt 0.46138277649879456 0.23410707712173462
vt 0.45863902568817139 0.24210703372955322
vt 0.45503652095794678 0.24995750188827515
vt 0.45058479905128479 0.257525235414505
vt 0.44532117247581482 0.26467746496200562
vt 0.43931072950363159 0.27128913998603821
vt 0.43264389038085938 0.27724987268447876
vt 0.4254319965839386 0.28246995806694031
vt 0.4178011417388916 0.2868848443031311
vt 0.40988516807556152 0.29045754671096802
vt 0.40181848406791687 0.29317861795425415
vt 0.39776909351348877 0.29422390460968018
vt 0.39372932910919189 0.29506427049636841
vt 0.38971340656280518 0.2957051694393158
vt 0.38573449850082397 0.29615315794944763
vt 0.38180479407310486 0.296415776014328
vt 0.37793532013893127 0.29650133848190308
vt 0.37406584620475769 0.296415776014328
vt 0.37013614177703857 0.29615315794944763
vt 0.36615723371505737 0.2957051694393158
vt 0.36214131116867065 0.29506427049636841
vt 0.35810154676437378 0.29422390460968018
vt 0.35405218601226807 0.29317861795425415
vt 0.34598547220230103 0.29045754671096802
vt 0.33806949853897095 0.2868848443031311
vt 0.33043864369392395 0.28246995806694031
vt 0.32322674989700317 0.27724987268447876
vt 0.31655991077423096 0.27128913998603821
vt 0.31054946780204773 0.26467746496200562
vt 0.30528584122657776 0.257525235414505
vt 0.30083411931991577 0.24995750188827515
vt 0.29723164439201355 0.24210703372955322
vt 0.29448786377906799 0.23410704731941223
vt 0.29343384504318237 0.23009118437767029
vt 0.29258644580841064 0.22608484327793121
vt 0.29194024205207825 0.22210213541984558
vt 0.29148849844932556 0.21815614402294159
vt 0.29122370481491089 0.21425895392894745
vt 0.29113739728927612 0.21042148768901825
vt 0.29122370481491089 0.20658402144908905
vt 0.29148849844932556 0.20268683135509491
vt 0.29194024205207825 0.19874085485935211
vt 0.29258644580841064 0.19475813210010529
vt 0.29343384504318237 0.19075179100036621
vt 0.29448786377906799 0.18673592805862427
vt 0.29723164439201355 0.17873594164848328
vt 0.30083411931991577 0.17088547348976135
vt 0.30528584122657776 0.16331775486469269
vt 0.31054946780204773 0.15616551041603088
vt 0.31655991077423096 0.14955383539199829
vt 0.32322674989700317 0.14359311759471893
vt 0.33043864369392395 0.13837303221225739
vt 0.33806949853897095 0.1339581161737442
vt 0.34598547220230103 0.13038544356822968
vt 0.35405218601226807 0.12766435742378235
vt 0.35810154676437378 0.12661907076835632
vt 0.36214131116867065 0.1257786899805069
vt 0.36615723371505737 0.1251378059387207
vt 0.37013614177703857 0.12468982487916946
vt 0.37406584620475769 0.12442720681428909
vt 0.37793532013893127 0.12434162199497223
vt 0.38180479407310486 0.12442720681428909
vt 0.38573449850082397 0.12468982487916946
vt 0.38971340656280518 0.1251378059387207
vt 0.39372932910919189 0.1257786899805069
vt 0.39776909351348877 0.12661907076835632
vt 0.40181848406791687 0.12766435742378235
vt 0.40988516807556152 0.13038544356822968
vt 0.4178011417388916 0.1339581161737442
vt 0.4254319965839386 0.13837303221225739
vt 0.43264389038085938 0.14359311759471893
vt 0.43931072950363159 0.14955383539199829
vt 0.44532117247581482 0.15616551041603088
vt 0.45058479905128479 0.16331775486469269
vt 0.45503652095794678 0.17088547348976135
vt 0.45863902568817139 0.17873594164848328
vt 0.46138277649879456 0.18673591315746307
vt 0.4632841944694519 0.19475813210010529
vt 0.46438214182853699 0.20268683135509491
vt 0.063571237027645111 0.19130538403987885
vt 0.087315239012241364 0.2078351229429245
vt 0.081379242241382599 0.2078351229429245
vt 0.075443238019943237 0.2078351229429245
vt 0.069507233798503876 0.2078351229429245
vt 0.098776258528232574 0.22309368848800659
vt 0.093168258666992188 0.22309368848800659
vt 0.087315239012241364 0.22309368848800659
vt 0.081379242241382599 0.22309368848800659
vt 0.075443238019943237 0.22309368848800659
vt 0.069507233798503876 0.22309368848800659
vt 0.098776258528232574 0.23835225403308868
vt 0.093168258666992188 0.23835225403308868
vt 0.087315239012241364 0.23835225403308868
vt 0.081379242241382599 0.23835225403308868
vt 0.075443238019943237 0.23835225403308868
vt 0.069507233798503876 0.23835225403308868
vt 0.098776258528232574 0.25361081957817078
vt 0.093168258666992188 0.25361081957817078
vt 0.087315239012241364 0.25361081957817078
vt 0.081379242241382599 0.25361081957817078
vt 0.075443238019943237 0.25361081957817078
vt 0.069507233798503876 0.25361081957817078
vt 0.093168258666992188 0.28163245320320129
vt 0.087315239012241364 0.28163245320320129
vt 0.081379242241382599 0.28163245320320129
vt 0.075443238019943237 0.28163245320320129
vt 0.069507233798503876 0.28163245320320129
vt 0.063571237027645111 0.30965408682823181
vt 0.063571237027645111 0.2984454333782196
vt 0.063571237027645111 0.2872367799282074
vt 0.063571237027645111 0.27602812647819519
vt 0.063571237027645111 0.26481947302818298
vt 0.063571237027645111 0.25361081957817078
vt 0.065422892570495605 0.19187374413013458
vt 0.067537419497966766 0.19257655739784241
vt 0.074522048234939575 0.19539041817188263
vt 0.079164870083332062 0.19780202209949493
vt 0.083337441086769104 0.20047679543495178
vt 0.090921312570571899 0.20722353458404541
vt 0.092454396188259125 0.20903104543685913
vt 0.093527853488922119 0.21042464673519135
vt 0.094758547842502594 0.21217682957649231
vt 0.10018990188837051 0.22309368848800659
vt 0.10267195105552673 0.23199665546417236
vt 0.10433030128479004 0.25361081957817078
vt 0.10409903526306152 0.25739839673042297
vt 0.10054880380630493 0.27544581890106201
vt 0.096812501549720764 0.28412801027297974
vt 0.0947585329413414 0.28758576512336731
vt 0.088906668126583099 0.29486224055290222
vt 0.086427450180053711 0.29720845818519592
vt 0.082966417074203491 0.29999813437461853
vt 0.07938934862613678 0.30242288112640381
vt 0.079164870083332062 0.30256208777427673
vt 0.070251777768135071 0.30713889002799988
vt 0.063571237027645111 0.24114973843097687
vt 0.063571237027645111 0.22868865728378296
vt 0.063571237027645111 0.21622756123542786
vt 0.063571237027645111 0.20376646518707275
vt 0.06709878146648407 0.19257655739784241
vt 0.064009875059127808 0.19257655739784241
vt 0.066612645983695984 0
vt 0.066612645983695984 0.10287822037935257
vt 0.066612645983695984 0.034292742609977722
vt 0.066612645983695984 0.068585485219955444
vt 0.064906597137451172 0.10275901854038239
vt 0.058906648308038712 0.10213050991296768
vt 0.052949689328670502 0.10117074102163315
vt 0.049378544092178345 0.10040606558322906
vt 0.037269294261932373 0.096294797956943512
vt 0.036583945155143738 0.095970213413238525
vt 0.036161139607429504 0.095763958990573883
vt 0.028189325705170631 0.090890668332576752
vt 0.021618956699967384 0.085117749869823456
vt 0.018802179023623466 0.082014217972755432
vt 0.016243506222963333 0.078794039785861969
vt 0.013918306678533554 0.075478754937648773
vt 0.011808997020125389 0.072089210152626038
vt 0.009902377612888813 0.068645238876342773
vt 0.0081881191581487656 0.065165378153324127
vt 0.006630895659327507 0.061601303517818451
vt 0.0057096383534371853 0.059261802583932877
vt 0.0052077630534768105 0.057898610830307007
vt 0.0039297998882830143 0.054066214710474014
vt 0.0028083587531000376 0.05011441558599472
vt 0.002055042190477252 0.046980239450931549
vt 0.0018551105167716742 0.046054590493440628
vt 0.0010820900788530707 0.041899118572473526
vt 0.00012044450704706833 0.033355478197336197
vt 0 0.02460000291466713
vt 0.00076955719850957394 0.015758741647005081
vt 0.0024442770518362522 0.0069622411392629147
vt 0.0044412496499717236 0
vt 0.016875529661774635 0
vt 0.02930980920791626 0
vt 0.041744086891412735 0
vt 0.05417836457490921 0
vt 0.2630729079246521 0.7306816577911377
vt 0.21153908967971802 0.76104480028152466
vt 0.23730599880218506 0.76104480028152466
vt 0.21153908967971802 0.74586325883865356
vt 0.23730599880218506 0.74586325883865356
vt 0.18577218055725098 0.76104480028152466
vt 0.18577218055725098 0.74586325883865356
vt 0.2630729079246521 0.74183374643325806
vt 0.2630729079246521 0.75298583507537842
vt 0.2630729079246521 0.76413798332214355
vt 0.2630729079246521 0.77529007196426392
vt 0.2630729079246521 0.78644216060638428
vt 0.16019468009471893 0.7306816577911377
vt 0.19448742270469666 0.7306816577911377
vt 0.22878016531467438 0.7306816577911377
vt 0.26059421896934509 0.78732073307037354
vt 0.25182041525840759 0.78981000185012817
vt 0.24286928772926331 0.79140496253967285
vt 0.24284610152244568 0.79140788316726685
vt 0.23385818302631378 0.79209089279174805
vt 0.22491228580474854 0.79188352823257446
vt 0.22008699178695679 0.79140794277191162
vt 0.21616007387638092 0.79083240032196045
vt 0.21189650893211365 0.79001367092132568
vt 0.20772846043109894 0.78901475667953491
vt 0.20367087423801422 0.78784692287445068
vt 0.20013697445392609 0.78666645288467407
vt 0.19973753392696381 0.78652304410934448
vt 0.19594192504882812 0.78505390882492065
vt 0.19229589402675629 0.78345131874084473
vt 0.18874751031398773 0.78169107437133789
vt 0.18525202572345734 0.77973771095275879
vt 0.18183428049087524 0.77758145332336426
vt 0.17852199077606201 0.77520924806594849
vt 0.17534545063972473 0.77260404825210571
vt 0.17233762145042419 0.76974201202392578
vt 0.16697341203689575 0.76308798789978027
vt 0.16571755707263947 0.76104485988616943
vt 0.16417410969734192 0.75807589292526245
vt 0.16275575757026672 0.75462621450424194
vt 0.16103269159793854 0.74829655885696411
vt 0.16018669307231903 0.74179619550704956
vt 0.16013747453689575 0.74105769395828247
vt 0.1600080132484436 0.73586887121200562
vt 0.24045155942440033 0.79140794277191162
vt 0.22248093783855438 0.79140794277191162
vt 0 0.67219287157058716
vt 0.0025297235697507858 0.67219287157058716
vt 0.0025297235697507858 0.67390036582946777
vt 0.0025297235697507858 0.67304658889770508
vt 0.001871196087449789 0.67352312803268433
vt 0.0012301021488383412 0.67311191558837891
vt 0.00060640223091468215 0.67266809940338135
vt 0.00084324117051437497 0.67219287157058716
vt 0.0016864823410287499 0.67219287157058716
vt 0 0.74041682481765747
vt 0 0.75073772668838501
vt 0.012287095189094543 0.74041682481765747
vt 0.012287095189094543 0.75073772668838501
vt 0.012287095189094543 0.7606692910194397
vt 0.024582924321293831 0.74041682481765747
vt 0.024582924321293831 0.75073772668838501
vt 0.024582924321293831 0.7606692910194397
vt 0.024582924321293831 0.77054405212402344
vt 0.036625217646360397 0.74041682481765747
vt 0.036625217646360397 0.75073772668838501
vt 0.036625217646360397 0.7606692910194397
vt 0.036625217646360397 0.77054405212402344
vt 0.049088388681411743 0.74041682481765747
vt 0.049088388681411743 0.75073772668838501
vt 0.049088388681411743 0.7606692910194397
vt 0.049088388681411743 0.77054405212402344
vt 0.061208143830299377 0.74041682481765747
vt 0.061208143830299377 0.75073772668838501
vt 0.061208143830299377 0.7606692910194397
vt 0.061208143830299377 0.77054405212402344
vt 0.073250435292720795 0.74041682481765747
vt 0.073250435292720795 0.75073772668838501
vt 0.073250435292720795 0.7606692910194397
vt 0.073250435292720795 0.77054405212402344
vt 0.085629023611545563 0.74041682481765747
vt 0.085629023611545563 0.75073772668838501
vt 0.085629023611545563 0.7606692910194397
vt 0.085629023611545563 0.77054405212402344
vt 0.097833357751369476 0.74041682481765747
vt 0.097833357751369476 0.75073772668838501
vt 0.097833357751369476 0.7606692910194397
vt 0.097833357751369476 0.77054405212402344
vt 0.10987564921379089 0.74041682481765747
vt 0.10987564921379089 0.75073772668838501
vt 0.10987564921379089 0.7606692910194397
vt 0.10987564921379089 0.77054405212402344
vt 0.12216965854167938 0.74041682481765747
vt 0.12216965854167938 0.75073772668838501
vt 0.12216965854167938 0.7606692910194397
vt 0.12216965854167938 0.77054405212402344
vt 0.13445857167243958 0.74041682481765747
vt 0.13445857167243958 0.75073772668838501
vt 0.13445857167243958 0.7606692910194397
vt 0.14650087058544159 0.74041682481765747
vt 0.14650087058544159 0.75073772668838501
vt 0.1585431694984436 0.75073772668838501
vt 0.12622548639774323 0.78041887283325195
vt 0.11839983612298965 0.78041887283325195
vt 0.11057418584823608 0.78041887283325195
vt 0.10274853557348251 0.78041887283325195
vt 0.094922877848148346 0.78041887283325195
vt 0.087097227573394775 0.78041887283325195
vt 0.079271584749221802 0.78041887283325195
vt 0.021101601421833038 0.78041887283325195
vt 0.019817909225821495 0.77755206823348999
vt 0.019605198875069618 0.77711671590805054
vt 0.017549898475408554 0.77339190244674683
vt 0.01551558542996645 0.77041834592819214
vt 0.015153317712247372 0.76995080709457397
vt 0.012208869680762291 0.76672464609146118
vt 0.0095118721947073936 0.76449906826019287
vt 0.0030425048898905516 0.76110243797302246
vt 0.00090459524653851986 0.76041775941848755
vt 0 0.76017981767654419
vt 0.1585431694984436 0.76017981767654419
vt 0.14748741686344147 0.75934505462646484
vt 0.1416977196931839 0.76041692495346069
vt 0.14169514179229736 0.76041769981384277
vt 0.13872525095939636 0.76149910688400269
vt 0.13291670382022858 0.76537299156188965
vt 0.12922851741313934 0.77041834592819214
vt 0.12871271371841431 0.77148514986038208
vt 0.12848851084709167 0.77199560403823853
vt 0.1284191906452179 0.77215999364852905
vt 0.070961587131023407 0.78041887283325195
vt 0.062651589512825012 0.78041887283325195
vt 0.054341591894626617 0.78041887283325195
vt 0.046031594276428223 0.78041887283325195
vt 0.037721596658229828 0.78041887283325195
vt 0.029411599040031433 0.78041887283325195
vt 0 0.19130538403987885
vt 0.05758342519402504 0.19130538403987885
vt 0.05758342519402504 0.26770174503326416
vt 0.05758342519402504 0.21677084267139435
vt 0.05758342519402504 0.24223630130290985
vt 0.054880719631910324 0.26770174503326416
vt 0.053893920034170151 0.26692301034927368
vt 0.05053270235657692 0.26385140419006348
vt 0.047109365463256836 0.2601906955242157
vt 0.043860651552677155 0.25636866688728333
vt 0.037965301424264908 0.24893505871295929
vt 0.037647277116775513 0.24852333962917328
vt 0.034436870366334915 0.2443327009677887
vt 0.031248100101947784 0.24012498557567596
vt 0.028912728652358055 0.23701924085617065
vt 0.024155100807547569 0.23060800135135651
vt 0.019884977489709854 0.22469721734523773
vt 0.018347298726439476 0.22251419723033905
vt 0.016529461368918419 0.21988523006439209
vt 0.015637554228305817 0.21857355535030365
vt 0.013566015288233757 0.2154632955789566
vt 0.010893096216022968 0.21129494905471802
vt 0.0084529072046279907 0.2073022723197937
vt 0.0062101427465677261 0.20343723893165588
vt 0.0043730251491069794 0.20010058581829071
vt 0.0041421186178922653 0.19966864585876465
vt 0.002200328977778554 0.19590689241886139
vt 0.00035073264734819531 0.19206759333610535
vt 0.056682523339986801 0.26770174503326416
vt 0.055781621485948563 0.26770174503326416
vt 0.0082262037321925163 0.19130538403987885
vt 0.016452407464385033 0.19130538403987885
vt 0.024678610265254974 0.19130538403987885
vt 0.032904814928770065 0.19130538403987885
vt 0.041131019592285156 0.19130538403987885
vt 0.049357220530509949 0.19130538403987885
vt 0.047341663390398026 0.67116934061050415
vt 0.047341663390398026 0.68648898601531982
vt 0.047341663390398026 0.67627590894699097
vt 0.047341663390398026 0.68138241767883301
vt 0.04561326652765274 0.67116934061050415
vt 0.046477466821670532 0.67116934061050415
vt 0.046469438821077347 0.68539124727249146
vt 0.045678909868001938 0.6841505765914917
vt 0.044578723609447479 0.68159234523773193
vt 0.044321190565824509 0.68062645196914673
vt 0.044000577181577682 0.67746710777282715
vt 0.044370550662279129 0.6745416522026062
vt 0.88046067953109741 0
vt 0.80406427383422852 0
vt 0.84226244688034058 0.018934404477477074
vt 0.88046067953109741 0.044860679656267166
vt 0.86136156320571899 0.018934404477477074
vt 0.86136156320571899 0.028401607647538185
vt 0.80406427383422852 0.014721320010721684
vt 0.80406427383422852 0.0098142130300402641
vt 0.80406427383422852 0.0049071065150201321
vt 0.88046067953109741 0.0074767800979316235
vt 0.88046067953109741 0.014953560195863247
vt 0.88046067953109741 0.022430339828133583
vt 0.88046067953109741 0.029907120391726494
vt 0.88046067953109741 0.037383899092674255
vt 0.82952976226806641 0
vt 0.85499519109725952 0
vt 0.87371885776519775 0.043622292578220367
vt 0.86937975883483887 0.04268612340092659
vt 0.86004364490509033 0.040356051176786423
vt 0.85311400890350342 0.038376256823539734
vt 0.85215318202972412 0.038085691630840302
vt 0.85144436359405518 0.037868846207857132
vt 0.84622108936309814 0.036206036806106567
vt 0.83944988250732422 0.033871818333864212
vt 0.83735948801040649 0.033107638359069824
vt 0.83289366960525513 0.03139728307723999
vt 0.82665431499481201 0.028802614659070969
vt 0.82440686225891113 0.027797596529126167
vt 0.82083976268768311 0.026107022538781166
vt 0.81546807289123535 0.023275056853890419
vt 0.81293857097625732 0.021776948124170303
vt 0.81060242652893066 0.020260009914636612
vt 0.80874967575073242 0.018934404477477074
vt 0.80643749237060547 0.017060853540897369
vt 0.19867800176143646 0.4160706102848053
vt 0.18901050090789795 0.4160706102848053
vt 0.19867800176143646 0.42603212594985962
vt 0.18901050090789795 0.42603212594985962
vt 0.19867800176143646 0.43599364161491394
vt 0.18901050090789795 0.43599364161491394
vt 0.19867800176143646 0.45591670274734497
vt 0.18901050090789795 0.45591670274734497
vt 0.17934300005435944 0.45591670274734497
vt 0.16967549920082092 0.45591670274734497
vt 0.19867800176143646 0.46587821841239929
vt 0.18901050090789795 0.46587821841239929
vt 0.17934300005435944 0.46587821841239929
vt 0.16967549920082092 0.46587821841239929
vt 0.19867800176143646 0.475839763879776
vt 0.18901050090789795 0.475839763879776
vt 0.17934300005435944 0.475839763879776
vt 0.16967549920082092 0.475839763879776
vt 0.19867800176143646 0.49576279520988464
vt 0.18901050090789795 0.49576279520988464
vt 0.17934300005435944 0.49576279520988464
vt 0.16967549920082092 0.49576279520988464
vt 0.19867800176143646 0.50572431087493896
vt 0.18901050090789795 0.50572431087493896
vt 0.17934300005435944 0.50572431087493896
vt 0.16967549920082092 0.50572431087493896
vt 0.19867800176143646 0.51568585634231567
vt 0.18901050090789795 0.51568585634231567
vt 0.17934300005435944 0.51568585634231567
vt 0.16967549920082092 0.51568585634231567
vt 0.19867800176143646 0.53560888767242432
vt 0.18901050090789795 0.53560888767242432
vt 0.17934300005435944 0.53560888767242432
vt 0.16967549920082092 0.53560888767242432
vt 0.19867800176143646 0.54557043313980103
vt 0.18901050090789795 0.54557043313980103
vt 0.17934300005435944 0.54557043313980103
vt 0.16967549920082092 0.54557043313980103
vt 0.19867800176143646 0.55553197860717773
vt 0.18901050090789795 0.55553197860717773
vt 0.17934300005435944 0.55553197860717773
vt 0.19867800176143646 0.56549346446990967
vt 0.18901050090789795 0.56549346446990967
vt 0.18901050090789795 0.57545500993728638
vt 0.17450925707817078 0.45591670274734497
vt 0.17934300005435944 0.44595518708229065
vt 0.17450925707817078 0.44595518708229065
vt 0.17450925707817078 0.49576279520988464
vt 0.16967549920082092 0.48580127954483032
vt 0.17450925707817078 0.475839763879776
vt 0.17934300005435944 0.48580127954483032
vt 0.17450925707817078 0.48580127954483032
vt 0.16484175622463226 0.49576279520988464
vt 0.16484175622463226 0.475839763879776
vt 0.16484175622463226 0.48580127954483032
vt 0.18417675793170929 0.53560888767242432
vt 0.17934300005435944 0.52564740180969238
vt 0.18417675793170929 0.51568585634231567
vt 0.18901050090789795 0.52564740180969238
vt 0.18417675793170929 0.52564740180969238
vt 0.17450925707817078 0.53560888767242432
vt 0.16967549920082092 0.52564740180969238
vt 0.17450925707817078 0.51568585634231567
vt 0.17450925707817078 0.52564740180969238
vt 0.16484175622463226 0.53560888767242432
vt 0.16484175622463226 0.51568585634231567
vt 0.16484175622463226 0.52564740180969238
vt 0.1600080132484436 0.5506521463394165
vt 0.1600080132484436 0.54281079769134521
vt 0.1600080132484436 0.53496944904327393
vt 0.1600080132484436 0.52712815999984741
vt 0.1600080132484436 0.51928681135177612
vt 0.1600080132484436 0.51144546270370483
vt 0.1600080132484436 0.50360411405563354
vt 0.1600080132484436 0.49576279520988464
vt 0.1600080132484436 0.4453645646572113
vt 0.16770291328430176 0.44456416368484497
vt 0.16839362680912018 0.44444122910499573
vt 0.16967551410198212 0.44417905807495117
vt 0.17474468052387238 0.44250190258026123
vt 0.1793430894613266 0.43923601508140564
vt 0.18142656981945038 0.43650209903717041
vt 0.18172270059585571 0.43599390983581543
vt 0.18449687957763672 0.42719578742980957
vt 0.1845298558473587 0.4160706102848053
vt 0.1845298558473587 0.57545500993728638
vt 0.18446747958660126 0.57500851154327393
vt 0.18123756349086761 0.56488549709320068
vt 0.17934304475784302 0.56198996305465698
vt 0.17432849109172821 0.55718618631362915
vt 0.17178037762641907 0.55553191900253296
vt 0.16967558860778809 0.55438905954360962
vt 0.16705536842346191 0.55317068099975586
vt 0.16309553384780884 0.5516432523727417
vt 0.1600080132484436 0.48736310005187988
vt 0.1600080132484436 0.47896340489387512
vt 0.1600080132484436 0.47056367993354797
vt 0.1600080132484436 0.46216398477554321
vt 0.1600080132484436 0.45376428961753845
vt 0.35333716869354248 0.064811065793037415
vt 0.28940144181251526 0.064811065793037415
vt 0.35333716869354248 0.11973156034946442
vt 0.35333716869354248 0.07265685498714447
vt 0.35333716869354248 0.080502636730670929
vt 0.35333716869354248 0.088348418474197388
vt 0.35333716869354248 0.096194207668304443
vt 0.35333716869354248 0.1040399894118309
vt 0.35333716869354248 0.11188577115535736
vt 0.31071335077285767 0.064811065793037415
vt 0.33202525973320007 0.064811065793037415
vt 0.35214495658874512 0.11934756487607956
vt 0.34802305698394775 0.11790616065263748
vt 0.34403398633003235 0.11634209752082825
vt 0.34016996622085571 0.11466830968856812
vt 0.3364240825176239 0.11289412528276443
vt 0.33272308111190796 0.11099052429199219
vt 0.32899591326713562 0.10891751945018768
vt 0.3252398669719696 0.10665995627641678
vt 0.32216858863830566 0.10467977821826935
vt 0.32144969701766968 0.10419779270887375
vt 0.319875568151474 0.10311654210090637
vt 0.31761765480041504 0.10150071233510971
vt 0.31373101472854614 0.098522432148456573
vt 0.30568915605545044 0.091369509696960449
vt 0.29969072341918945 0.084745436906814575
vt 0.29671603441238403 0.080774858593940735
vt 0.29552432894706726 0.078985467553138733
vt 0.29183167219161987 0.072167359292507172
vt 0.20014284551143646 0.56966716051101685
vt 0.24828632175922394 0.56966716051101685
vt 0.24828632175922394 0.59097909927368164
vt 0.24828632175922394 0.61229097843170166
vt 0.24828632175922394 0.63360291719436646
vt 0.24446189403533936 0.63420438766479492
vt 0.24059580266475677 0.63425260782241821
vt 0.23797819018363953 0.63394570350646973
vt 0.23348493874073029 0.63272905349731445
vt 0.22925457358360291 0.63071674108505249
vt 0.22807560861110687 0.629993736743927
vt 0.22148354351520538 0.62449824810028076
vt 0.21876831352710724 0.62143373489379883
vt 0.21632802486419678 0.61821848154067993
vt 0.21411855518817902 0.61488395929336548
vt 0.21211127936840057 0.61145609617233276
vt 0.21028654277324677 0.60795760154724121
vt 0.21022288501262665 0.60782819986343384
vt 0.20863069593906403 0.60440868139266968
vt 0.20710815489292145 0.60076069831848145
vt 0.20569567382335663 0.59695786237716675
vt 0.20440369844436646 0.59300965070724487
vt 0.20324543118476868 0.58892744779586792
vt 0.20223604142665863 0.58472496271133423
vt 0.20139239728450775 0.5804179310798645
vt 0.20027264952659607 0.5715630054473877
vt 0.20816676318645477 0.56966716051101685
vt 0.21619066596031189 0.56966716051101685
vt 0.2242145836353302 0.56966716051101685
vt 0.23223848640918732 0.56966716051101685
vt 0.24026240408420563 0.56966716051101685
vt 0.86489981412887573 0.046325523406267166
vt 0.87774908542633057 0.048081796616315842
vt 0.87774908542633057 0.049778033047914505
vt 0.89036166667938232 0.048081796616315842
vt 0.89036166667938232 0.049778033047914505
vt 0.90295624732971191 0.048081796616315842
vt 0.90295624732971191 0.049778033047914505
vt 0.9155508279800415 0.046325523406267166
vt 0.9155508279800415 0.046384572982788086
vt 0.9155508279800415 0.046443622559309006
vt 0.91419804096221924 0.0472576804459095
vt 0.90861046314239502 0.049899425357580185
vt 0.90255105495452881 0.051751740276813507
vt 0.90091526508331299 0.052106071263551712
vt 0.89439743757247925 0.05298895388841629
vt 0.88846564292907715 0.053114637732505798
vt 0.88738906383514404 0.053070232272148132
vt 0.88117372989654541 0.052396722137928009
vt 0.87519758939743042 0.051011867821216583
vt 0.87438023090362549 0.050758115947246552
vt 0.86737924814224243 0.047795355319976807
vt 0.87334167957305908 0.046325523406267166
vt 0.88178348541259766 0.046325523406267166
vt 0.89022535085678101 0.046325523406267166
vt 0.89866715669631958 0.046325523406267166
vt 0.90710902214050293 0.046325523406267166
vt 0.28940144181251526 0.022175060585141182
vt 0.30234807729721069 0.012439468875527382
vt 0.30234807729721069 0.015684666112065315
vt 0.30234807729721069 0.018929863348603249
vt 0.31535384058952332 0.0029781826306134462
vt 0.31535384058952332 0.0060086273588240147
vt 0.31535384058952332 0.0091942725703120232
vt 0.31535384058952332 0.012439468875527382
vt 0.31535384058952332 0.015684666112065315
vt 0.31535384058952332 0.018929863348603249
vt 0.32786521315574646 0.0029781826306134462
vt 0.32786521315574646 0.0060086273588240147
vt 0.32786521315574646 0.0091942725703120232
vt 0.32786521315574646 0.012439468875527382
vt 0.32786521315574646 0.015684666112065315
vt 0.32786521315574646 0.018929863348603249
vt 0.34022834897041321 0.0029781826306134462
vt 0.34022834897041321 0.0060086273588240147
vt 0.34022834897041321 0.0091942725703120232
vt 0.34022834897041321 0.012439468875527382
vt 0.34022834897041321 0.015684666112065315
vt 0.34022834897041321 0.018929863348603249
vt 0.35259145498275757 0.0060086273588240147
vt 0.35259145498275757 0.0091942725703120232
vt 0.35259145498275757 0.012439468875527382
vt 0.35259145498275757 0.015684666112065315
vt 0.35259145498275757 0.018929863348603249
vt 0.36547300219535828 0.012439468875527382
vt 0.36547300219535828 0.015684666112065315
vt 0.36547300219535828 0.018929863348603249
vt 0.37791451811790466 0.022175060585141182
vt 0.37123751640319824 0.022175060585141182
vt 0.36456051468849182 0.022175060585141182
vt 0.3578835129737854 0.022175060585141182
vt 0.29120442271232605 0.018919253721833229
vt 0.2929534912109375 0.016336869448423386
vt 0.2994779646396637 0.0096968505531549454
vt 0.30053284764289856 0.0089160352945327759
vt 0.30410918593406677 0.0066690011881291866
vt 0.30843454599380493 0.0045905611477792263
vt 0.31030932068824768 0.0038582421839237213
vt 0.31701385974884033 0.001876245834864676
vt 0.32359665632247925 0.00068356614792719483
vt 0.33099633455276489 3.8794245483586565E-05
vt 0.33706295490264893 0
vt 0.34497877955436707 0.00062679266557097435
vt 0.35056957602500916 0.0016019991599023342
vt 0.35530591011047363 0.0028601964004337788
vt 0.3578835129737854 0.0037511629052460194
vt 0.36577808856964111 0.0077460911124944687
vt 0.36658886075019836 0.0083011314272880554
vt 0.3674321174621582 0.0089160343632102013
vt 0.37078827619552612 0.01182061992585659
vt 0.3733670711517334 0.014708029106259346
vt 0.34932324290275574 0.022175060585141182
vt 0.34076300263404846 0.022175060585141182
vt 0.3322027325630188 0.022175060585141182
vt 0.32364249229431152 0.022175060585141182
vt 0.31508222222328186 0.022175060585141182
vt 0.3065219521522522 0.022175060585141182
vt 0.29796171188354492 0.022175060585141182
vt 0.54097014665603638 0.051858816295862198
vt 0.56760334968566895 0.051858816295862198
vt 0.59423649311065674 0
vt 0.59423649311065674 0.1037176325917244
vt 0.56760334968566895 0.025929408147931099
vt 0.55428671836853027 0.051858816295862198
vt 0.54097014665603638 0.025929408147931099
vt 0.55428671836853027 0.025929408147931099
vt 0.56760334968566895 0.077788226306438446
vt 0.54097014665603638 0.077788226306438446
vt 0.55428671836853027 0.077788226306438446
vt 0.59423649311065674 0.034572545439004898
vt 0.59423649311065674 0.069145090878009796
vt 0.54443079233169556 0.1037176325917244
vt 0.5409700870513916 0.1008189395070076
vt 0.53852778673171997 0.098457321524620056
vt 0.5322648286819458 0.090965792536735535
vt 0.52729612588882446 0.083056740462779999
vt 0.52629268169403076 0.081163361668586731
vt 0.52336829900741577 0.074828706681728363
vt 0.52037996053695679 0.066388167440891266
vt 0.51828461885452271 0.057846833020448685
vt 0.51704883575439453 0.049317721277475357
vt 0.51674109697341919 0.045092474669218063
vt 0.51663154363632202 0.040911193937063217
vt 0.516712486743927 0.03678666427731514
vt 0.5169750452041626 0.032731004059314728
vt 0.51740986108779907 0.028755679726600647
vt 0.51800680160522461 0.024871405214071274
vt 0.51866644620895386 0.021497858688235283
vt 0.51877099275588989 0.021018547937273979
vt 0.51971912384033203 0.017140265554189682
vt 0.52085894346237183 0.013252461329102516
vt 0.52219820022583008 0.0093730753287672997
vt 0.52374601364135742 0.0055224313400685787
vt 0.52551227807998657 0.0017227580538019538
vt 0.5264013409614563 0
vt 0.58593553304672241 0.1037176325917244
vt 0.57763457298278809 0.1037176325917244
vt 0.56933361291885376 0.1037176325917244
vt 0.56103265285491943 0.1037176325917244
vt 0.55273175239562988 0.1037176325917244
vt 0.53488075733184814 0
vt 0.54336011409759521 0
vt 0.55183953046798706 0
vt 0.56031894683837891 0
vt 0.56879830360412598 0
vt 0.57727771997451782 0
vt 0.58575707674026489 0
vt 0 0.67116934061050415
vt 0 0.67130690813064575
vt 0.00016787626373115927 0.67116934061050415
vt 8.3938131865579635E-05 0.67116934061050415
vt 0 0.67123812437057495
vt 0.00012597251043189317 0.6712038516998291
vt 8.4024926763959229E-05 0.67123830318450928
vt 4.203393473289907E-05 0.6712726354598999
vt 0.21228626370429993 0.19130538403987885
vt 0.10856863111257553 0.19130538403987885
vt 0.10856863111257553 0.19149100780487061
vt 0.10856863111257553 0.19139818847179413
vt 0.21228626370429993 0.19802477955818176
vt 0.21228626370429993 0.20474417507648468
vt 0.21228626370429993 0.2114635705947876
vt 0.14314118027687073 0.19130538403987885
vt 0.17771372199058533 0.19130538403987885
vt 0.212232306599617 0.2114909440279007
vt 0.20841096341609955 0.21329358220100403
vt 0.20453283190727234 0.21487340331077576
vt 0.20062264800071716 0.21624144911766052
vt 0.19670212268829346 0.21740642189979553
vt 0.19284805655479431 0.21836328506469727
vt 0.1927904486656189 0.21837621927261353
vt 0.18890450894832611 0.21915894746780396
vt 0.1849873811006546 0.21977117657661438
vt 0.18097944557666779 0.22021877765655518
vt 0.17689177393913269 0.22049139440059662
vt 0.17273604869842529 0.22057914733886719
vt 0.16852453351020813 0.22047324478626251
vt 0.16426996886730194 0.22016580402851105
vt 0.1556842178106308 0.21892024576663971
vt 0.15303745865821838 0.21836328506469727
vt 0.14708626270294189 0.21680048108100891
vt 0.13858407735824585 0.21377268433570862
vt 0.13359668850898743 0.21151408553123474
vt 0.13028241693973541 0.20978973805904388
vt 0.12227851152420044 0.20474828779697418
vt 0.11465652287006378 0.19839154183864594
vt 0.28375425934791565 0
vt 0.2724989652633667 0
vt 0.26162147521972656 0
vt 0.25089648365974426 0
vt 0.24017152190208435 0
vt 0.2724989652633667 0.026719460263848305
vt 0.26162147521972656 0.026719460263848305
vt 0.25089648365974426 0.026719460263848305
vt 0.24017152190208435 0.026719460263848305
vt 0.22944653034210205 0.026719460263848305
vt 0.2724989652633667 0.040079191327095032
vt 0.26162147521972656 0.040079191327095032
vt 0.25089648365974426 0.040079191327095032
vt 0.24017152190208435 0.040079191327095032
vt 0.22944653034210205 0.040079191327095032
vt 0.2724989652633667 0.053438920527696609
vt 0.26162147521972656 0.053438920527696609
vt 0.25089648365974426 0.053438920527696609
vt 0.24017152190208435 0.053438920527696609
vt 0.22944653034210205 0.053438920527696609
vt 0.25089648365974426 0.080158382654190063
vt 0.24017152190208435 0.080158382654190063
vt 0.22944653034210205 0.080158382654190063
vt 0.25089648365974426 0.093518108129501343
vt 0.24017152190208435 0.093518108129501343
vt 0.22944653034210205 0.093518108129501343
vt 0.26162147521972656 0.10687784105539322
vt 0.25089648365974426 0.10687784105539322
vt 0.24017152190208435 0.10687784105539322
vt 0.2724989652633667 0.13359729945659637
vt 0.26162147521972656 0.13359729945659637
vt 0.25089648365974426 0.13359729945659637
vt 0.24017152190208435 0.13359729945659637
vt 0.22944653034210205 0.13359729945659637
vt 0.2724989652633667 0.14695702493190765
vt 0.26162147521972656 0.14695702493190765
vt 0.25089648365974426 0.14695702493190765
vt 0.24017152190208435 0.14695702493190765
vt 0.22944653034210205 0.14695702493190765
vt 0.2724989652633667 0.16031676530838013
vt 0.26162147521972656 0.16031676530838013
vt 0.25089648365974426 0.16031676530838013
vt 0.24017152190208435 0.16031676530838013
vt 0.22944653034210205 0.16031676530838013
vt 0.2724989652633667 0.17367649078369141
vt 0.26162147521972656 0.17367649078369141
vt 0.25089648365974426 0.17367649078369141
vt 0.24017152190208435 0.17367649078369141
vt 0.22944653034210205 0.17367649078369141
vt 0.2724989652633667 0.18703621625900269
vt 0.26162147521972656 0.18703621625900269
vt 0.25089648365974426 0.18703621625900269
vt 0.24017152190208435 0.18703621625900269
vt 0.28375425934791565 0.21375568211078644
vt 0.2724989652633667 0.21375568211078644
vt 0.26162147521972656 0.21375568211078644
vt 0.25089648365974426 0.21375568211078644
vt 0.24017152190208435 0.21375568211078644
vt 0.22944653034210205 0.21375568211078644
vt 0.27812659740447998 0.026719460263848305
vt 0.2724989652633667 0.013359730131924152
vt 0.27812659740447998 0
vt 0.27812659740447998 0.013359730131924152
vt 0.25625899434089661 0.026719460263848305
vt 0.25089648365974426 0.013359730131924152
vt 0.25625899434089661 0
vt 0.26162147521972656 0.013359730131924152
vt 0.25625899434089661 0.013359730131924152
vt 0.24553400278091431 0.026719460263848305
vt 0.24017152190208435 0.013359730131924152
vt 0.24553400278091431 0
vt 0.24553400278091431 0.013359730131924152
vt 0.2348090261220932 0.026719460263848305
vt 0.22944653034210205 0.013359730131924152
vt 0.2348090261220932 0
vt 0.2348090261220932 0.013359730131924152
vt 0.26162147521972656 0.066798649728298187
vt 0.26706022024154663 0.053438920527696609
vt 0.26706022024154663 0.066798649728298187
vt 0.25625899434089661 0.080158382654190063
vt 0.25089648365974426 0.066798649728298187
vt 0.25625899434089661 0.053438920527696609
vt 0.25625899434089661 0.066798649728298187
vt 0.27812659740447998 0.13359729945659637
vt 0.2724989652633667 0.1202375665307045
vt 0.27812659740447998 0.1202375665307045
vt 0.26706022024154663 0.13359729945659637
vt 0.26162147521972656 0.1202375665307045
vt 0.26706022024154663 0.1202375665307045
vt 0.25625899434089661 0.13359729945659637
vt 0.25089648365974426 0.1202375665307045
vt 0.25625899434089661 0.10687784105539322
vt 0.25625899434089661 0.1202375665307045
vt 0.24553400278091431 0.13359729945659637
vt 0.24017152190208435 0.1202375665307045
vt 0.24553400278091431 0.10687784105539322
vt 0.24553400278091431 0.1202375665307045
vt 0.2348090261220932 0.13359729945659637
vt 0.22944653034210205 0.1202375665307045
vt 0.2348090261220932 0.10687784105539322
vt 0.2348090261220932 0.1202375665307045
vt 0.26706022024154663 0.21375568211078644
vt 0.26162147521972656 0.20039594173431396
vt 0.26706022024154663 0.18703621625900269
vt 0.2724989652633667 0.20039594173431396
vt 0.26706022024154663 0.20039594173431396
vt 0.25625899434089661 0.21375568211078644
vt 0.25089648365974426 0.20039594173431396
vt 0.25625899434089661 0.18703621625900269
vt 0.25625899434089661 0.20039594173431396
vt 0.27812659740447998 0.21375568211078644
vt 0.27812659740447998 0.18703621625900269
vt 0.27812659740447998 0.20039594173431396
vt 0.26706022024154663 0.026719460263848305
vt 0.26706022024154663 0
vt 0.26706022024154663 0.013359730131924152
vt 0.24553400278091431 0.21375568211078644
vt 0.24017152190208435 0.20039594173431396
vt 0.24553400278091431 0.18703621625900269
vt 0.24553400278091431 0.20039594173431396
vt 0.2348090261220932 0.21375568211078644
vt 0.22944653034210205 0.20039594173431396
vt 0.2348090261220932 0.18703621625900269
vt 0.2348090261220932 0.20039594173431396
vt 0.28375425934791565 0.012748927809298038
vt 0.28375425934791565 0.025497855618596077
vt 0.28375425934791565 0.03824678435921669
vt 0.28375425934791565 0.050995711237192154
vt 0.28375425934791565 0.063744641840457916
vt 0.28183791041374207 0.063841059803962708
vt 0.27875629067420959 0.064183108508586884
vt 0.27152672410011292 0.066263161599636078
vt 0.27017733454704285 0.066941551864147186
vt 0.26419433951377869 0.072103753685951233
vt 0.26051363348960876 0.080158382654190063
vt 0.25975140929222107 0.087691247463226318
vt 0.26058265566825867 0.094053596258163452
vt 0.26069322228431702 0.094502545893192291
vt 0.26571908593177795 0.10489587485790253
vt 0.26740801334381104 0.10687784105539322
vt 0.27017718553543091 0.1094760000705719
vt 0.27251723408699036 0.11123333126306534
vt 0.28073421120643616 0.11547647416591644
vt 0.28375425934791565 0.11652299016714096
vt 0.28375425934791565 0.12867707014083862
vt 0.28375425934791565 0.14083115756511688
vt 0.28375425934791565 0.15298524498939514
vt 0.28375425934791565 0.1651393324136734
vt 0.28375425934791565 0.17729341983795166
vt 0.28375425934791565 0.18944750726222992
vt 0.28375425934791565 0.20160159468650818
vt 0 0.4160706102848053
vt 0.049334321171045303 0.48691567778587341
vt 0.098668642342090607 0.51376092433929443
vt 0 0.51376092433929443
vt 0.049334321171045303 0.47349309921264648
vt 0.024667160585522652 0.48691567778587341
vt 0.024667160585522652 0.46007049083709717
vt 0.024667160585522652 0.47349309921264648
vt 0.0059455959126353264 0.41840633749961853
vt 0.01425215695053339 0.4225214421749115
vt 0.022145694121718407 0.4272579550743103
vt 0.02969764918088913 0.43248140811920166
vt 0.030701590701937675 0.43322527408599854
vt 0.036662589758634567 0.43787878751754761
vt 0.036979738622903824 0.43813779950141907
vt 0.04409424215555191 0.44425302743911743
vt 0.047640219330787659 0.44751954078674316
vt 0.0512242391705513 0.45096635818481445
vt 0.054902199655771255 0.45464926958084106
vt 0.058765910565853119 0.45866432785987854
vt 0.060089100152254105 0.46007046103477478
vt 0.062985360622406006 0.46319678425788879
vt 0.063387431204319 0.46363559365272522
vt 0.067955151200294495 0.46869006752967834
vt 0.075563482940196991 0.47733089327812195
vt 0.076726317405700684 0.47867438197135925
vt 0.083675578236579895 0.48691567778587341
vt 0.087175674736499786 0.49132293462753296
vt 0.087981455028057098 0.49238109588623047
vt 0.093312233686447144 0.50016689300537109
vt 0.096326962113380432 0.50592958927154541
vt 0.09805162250995636 0.51080477237701416
vt 0.098360240459442139 0.51208192110061646
vt 0 0.50154960155487061
vt 0 0.48933833837509155
vt 0 0.47712704539299011
vt 0 0.46491575241088867
vt 0 0.45270445942878723
vt 0 0.44049316644668579
vt 0 0.42828187346458435
vt 0.06577908992767334 0.51376092433929443
vt 0.03288954496383667 0.51376092433929443
vt 0.10856863111257553 0.2973446249961853
vt 0.10856863111257553 0.36119183897972107
vt 0.10856863111257553 0.34842240810394287
vt 0.10856863111257553 0.33565294742584229
vt 0.10856863111257553 0.32288351655006409
vt 0.10856863111257553 0.3101140558719635
vt 0.20723727345466614 0.2973446249961853
vt 0.2074151337146759 0.29881846904754639
vt 0.20741894841194153 0.30298784375190735
vt 0.20669503509998322 0.30700388550758362
vt 0.20527550578117371 0.31092342734336853
vt 0.20095090568065643 0.31793022155761719
vt 0.20042158663272858 0.31859478354454041
vt 0.1952415257692337 0.32410708069801331
vt 0.19299811124801636 0.32612308859825134
vt 0.18323281407356262 0.33348965644836426
vt 0.17243093252182007 0.34006571769714355
vt 0.17151921987533569 0.34056982398033142
vt 0.15843543410301208 0.34713926911354065
vt 0.14982420206069946 0.35086962580680847
vt 0.14470501244068146 0.35287639498710632
vt 0.14187367260456085 0.35391667485237122
vt 0.13111332058906555 0.35737401247024536
vt 0.11836142838001251 0.36022770404815674
vt 0.1414581835269928 0.2973446249961853
vt 0.17434772849082947 0.2973446249961853
vt 0.28940144181251526 0.023639904335141182
vt 0.29966345429420471 0.028793008998036385
vt 0.29966345429420471 0.033784735947847366
vt 0.29966345429420471 0.038673270493745804
vt 0.29966345429420471 0.043493572622537613
vt 0.29966345429420471 0.048313874751329422
vt 0.29966345429420471 0.053134173154830933
vt 0.30948030948638916 0.028793008998036385
vt 0.30948030948638916 0.033784735947847366
vt 0.30948030948638916 0.038673270493745804
vt 0.30948030948638916 0.043493572622537613
vt 0.30948030948638916 0.048313874751329422
vt 0.30948030948638916 0.053134173154830933
vt 0.30948030948638916 0.057954471558332443
vt 0.31920361518859863 0.028793008998036385
vt 0.31920361518859863 0.033784735947847366
vt 0.31920361518859863 0.038673270493745804
vt 0.31920361518859863 0.043493572622537613
vt 0.31920361518859863 0.048313874751329422
vt 0.31920361518859863 0.053134173154830933
vt 0.31920361518859863 0.057954471558332443
vt 0.32892692089080811 0.028793008998036385
vt 0.32892692089080811 0.033784735947847366
vt 0.32892692089080811 0.038673270493745804
vt 0.32892692089080811 0.043493572622537613
vt 0.32892692089080811 0.048313874751329422
vt 0.32892692089080811 0.053134173154830933
vt 0.32892692089080811 0.057954471558332443
vt 0.33904018998146057 0.028793008998036385
vt 0.33904018998146057 0.033784735947847366
vt 0.33904018998146057 0.038673270493745804
vt 0.33904018998146057 0.043493572622537613
vt 0.33904018998146057 0.048313874751329422
vt 0.33904018998146057 0.053134173154830933
vt 0.33904018998146057 0.057954471558332443
vt 0.34887850284576416 0.028793008998036385
vt 0.34887850284576416 0.033784735947847366
vt 0.34887850284576416 0.038673270493745804
vt 0.34887850284576416 0.043493572622537613
vt 0.34887850284576416 0.048313874751329422
vt 0.34887850284576416 0.053134173154830933
vt 0.34887850284576416 0.057954471558332443
vt 0.35860180854797363 0.028793008998036385
vt 0.35860180854797363 0.033784735947847366
vt 0.35860180854797363 0.038673270493745804
vt 0.35860180854797363 0.043493572622537613
vt 0.35860180854797363 0.048313874751329422
vt 0.35860180854797363 0.053134173154830933
vt 0.35860180854797363 0.057954471558332443
vt 0.36832511425018311 0.028793008998036385
vt 0.36832511425018311 0.033784735947847366
vt 0.36832511425018311 0.038673270493745804
vt 0.36832511425018311 0.043493572622537613
vt 0.36832511425018311 0.048313874751329422
vt 0.36832511425018311 0.053134173154830933
vt 0.36832511425018311 0.057954471558332443
vt 0.37854263186454773 0.023639904335141182
vt 0.37809410691261292 0.030772984027862549
vt 0.37784627079963684 0.033741801977157593
vt 0.37717735767364502 0.039798129349946976
vt 0.37656626105308533 0.043843697756528854
vt 0.37516212463378906 0.050232503563165665
vt 0.37385094165802002 0.053945600986480713
vt 0.37095996737480164 0.058162782341241837
vt 0.36459094285964966 0.06112091988325119
vt 0.35990491509437561 0.061880547553300858
vt 0.35087907314300537 0.062509007751941681
vt 0.33079820871353149 0.062753915786743164
vt 0.31802868843078613 0.062420379370450974
vt 0.31071725487709045 0.06185096874833107
vt 0.30259546637535095 0.059924319386482239
vt 0.2995932400226593 0.057914089411497116
vt 0.29683509469032288 0.053945768624544144
vt 0.29488414525985718 0.048841837793588638
vt 0.29348063468933105 0.043843697756528854
vt 0.29241803288459778 0.039414644241333008
vt 0.29191035032272339 0.037111066281795502
vt 0.29121392965316772 0.033741801977157593
vt 0.29063645005226135 0.030748369172215462
vt 0.28981578350067139 0.026140723377466202
vt 0.29625844955444336 0.023639904335141182
vt 0.30311545729637146 0.023639904335141182
vt 0.30997249484062195 0.023639904335141182
vt 0.31682950258255005 0.023639904335141182
vt 0.32368651032447815 0.023639904335141182
vt 0.33054351806640625 0.023639904335141182
vt 0.33740055561065674 0.023639904335141182
vt 0.34425756335258484 0.023639904335141182
vt 0.35111457109451294 0.023639904335141182
vt 0.35797157883644104 0.023639904335141182
vt 0.36482861638069153 0.023639904335141182
vt 0.37168562412261963 0.023639904335141182
vt 0 0.71349149942398071
vt 0 0.71711033582687378
vt 0.0085477130487561226 0.71711033582687378
vt 0.0042738565243780613 0.71711033582687378
vt 0.0037919718306511641 0.71474838256835938
vt 0.0074099353514611721 0.71645873785018921
vt 0.14488963782787323 0.022450700402259827
vt 0.14488963782787323 0.062004372477531433
vt 0.16417689621448517 0.022450700402259827
vt 0.14488963782787323 0.012562285177409649
vt 0.16417689621448517 0.012562285177409649
vt 0.12560237944126129 0.022450700402259827
vt 0.12560237944126129 0.0026738683227449656
vt 0.12560237944126129 0.012562285177409649
vt 0.14488963782787323 0.071892790496349335
vt 0.12560237944126129 0.062004372477531433
vt 0.12560237944126129 0.071892790496349335
vt 0.18346415460109711 0.04222753643989563
vt 0.18346415460109711 0.046633671969175339
vt 0.18346415460109711 0.051039807498455048
vt 0.10631512105464935 0.0014575516106560826
vt 0.1134103387594223 0.00047505914699286222
vt 0.12287500500679016 0
vt 0.13235010206699371 0.00044948438880965114
vt 0.14169257879257202 0.0017666182247921824
vt 0.1460535079240799 0.0026738604065030813
vt 0.14626152813434601 0.0027218211907893419
vt 0.14902955293655396 0.0034010387025773525
vt 0.15073166787624359 0.0038571401964873075
vt 0.15507891774177551 0.0051593603566288948
vt 0.15927879512310028 0.0066162757575511932
vt 0.16330675780773163 0.0082173449918627739
vt 0.16713839769363403 0.0099543826654553413
vt 0.17081469297409058 0.011858254671096802
vt 0.17436181008815765 0.013976484537124634
vt 0.17772620916366577 0.01633518747985363
vt 0.18084341287612915 0.018973745405673981
vt 0.18346415460109711 0.021752914413809776
vt 0.17941105365753174 0.057254347950220108
vt 0.17553453147411346 0.062004376202821732
vt 0.1741814911365509 0.063473105430603027
vt 0.17096155881881714 0.066657796502113342
vt 0.16719518601894379 0.069923490285873413
vt 0.16352096199989319 0.072723120450973511
vt 0.15989378094673157 0.07517695426940918
vt 0.15629342198371887 0.077352344989776611
vt 0.15271179378032684 0.079290851950645447
vt 0.14914698898792267 0.081019319593906403
vt 0.14743983745574951 0.081781119108200073
vt 0.14553485810756683 0.082583270967006683
vt 0.14181014895439148 0.084011487662792206
vt 0.13797371089458466 0.085296653211116791
vt 0.13402839004993439 0.086429111659526825
vt 0.12997879087924957 0.087397456169128418
vt 0.1258314847946167 0.088189080357551575
vt 0.11727948486804962 0.089191444218158722
vt 0.10846512764692307 0.089345827698707581
vt 0.10631512105464935 0.089249096810817719
vt 0.10631512105464935 0.082495898008346558
vt 0.10631512105464935 0.075742706656455994
vt 0.10631512105464935 0.068989507853984833
vt 0.10631512105464935 0.062236309051513672
vt 0.10631512105464935 0.055483113974332809
vt 0.10631512105464935 0.048729922622442245
vt 0.10631512105464935 0.041976727545261383
vt 0.10631512105464935 0.035223528742790222
vt 0.10631512105464935 0.02847033366560936
vt 0.10631512105464935 0.021717138588428497
vt 0.10631512105464935 0.01496394257992506
vt 0.10631512105464935 0.0082107475027441978
vt 0.18346415460109711 0.028577787801623344
vt 0.18346415460109711 0.035402663052082062
vt 0.14488963782787323 0.04222753643989563
vt 0.14488963782787323 0.052115954458713531
vt 0.044000577181577682 0.73305875062942505
vt 0.0648045614361763 0.73305875062942505
vt 0.044208884239196777 0.73288559913635254
vt 0.044709514826536179 0.73248988389968872
vt 0.047804493457078934 0.73058205842971802
vt 0.0513797327876091 0.72925174236297607
vt 0.055159799754619598 0.72858309745788574
vt 0.058420438319444656 0.72849220037460327
vt 0.059006817638874054 0.72851830720901489
vt 0.0648045614361763 0.72941654920578003
vt 0.057869903743267059 0.73305875062942505
vt 0.05093524232506752 0.73305875062942505
vt 0.061199299991130829 0.68301248550415039
vt 0.061199299991130829 0.70042896270751953
vt 0.066297776997089386 0.68762612342834473
vt 0.066297776997089386 0.69193160533905029
vt 0.071039319038391113 0.68762612342834473
vt 0.080394238233566284 0.68301248550415039
vt 0.06439846009016037 0.68301248550415039
vt 0.067597612738609314 0.68301248550415039
vt 0.070796772837638855 0.68301248550415039
vt 0.073995925486087799 0.68301248550415039
vt 0.07719508558511734 0.68301248550415039
vt 0.061199299991130829 0.69825190305709839
vt 0.061199299991130829 0.69607484340667725
vt 0.061199299991130829 0.6938977837562561
vt 0.061199299991130829 0.69172072410583496
vt 0.061199299991130829 0.68954366445541382
vt 0.061199299991130829 0.68736660480499268
vt 0.061199299991130829 0.68518954515457153
vt 0.079736478626728058 0.68393403291702271
vt 0.079571858048439026 0.68416017293930054
vt 0.077953845262527466 0.68628907203674316
vt 0.076278716325759888 0.68832015991210938
vt 0.07453155517578125 0.69026261568069458
vt 0.072696186602115631 0.69212299585342407
vt 0.071980319917201996 0.69280171394348145
vt 0.070442408323287964 0.6941763162612915
vt 0.068343676626682281 0.69588112831115723
vt 0.066117279231548309 0.69749277830123901
vt 0.063742980360984802 0.69901019334793091
vt 0.71445459127426147 0
vt 0.72982186079025269 0.013689985498785973
vt 0.72469943761825562 0.013689985498785973
vt 0.71957701444625854 0.013689985498785973
vt 0.74002748727798462 0.027379970997571945
vt 0.73494428396224976 0.027379970997571945
vt 0.72982186079025269 0.027379970997571945
vt 0.72469943761825562 0.027379970997571945
vt 0.71957701444625854 0.027379970997571945
vt 0.7449684739112854 0.049874354153871536
vt 0.74002748727798462 0.049874354153871536
vt 0.73494428396224976 0.049874354153871536
vt 0.72982186079025269 0.049874354153871536
vt 0.72469943761825562 0.049874354153871536
vt 0.71957701444625854 0.049874354153871536
vt 0.7449684739112854 0.061121545732021332
vt 0.74002748727798462 0.061121545732021332
vt 0.73494428396224976 0.061121545732021332
vt 0.72982186079025269 0.061121545732021332
vt 0.72469943761825562 0.061121545732021332
vt 0.71957701444625854 0.061121545732021332
vt 0.7449684739112854 0.072368733584880829
vt 0.74002748727798462 0.072368733584880829
vt 0.73494428396224976 0.072368733584880829
vt 0.72982186079025269 0.072368733584880829
vt 0.72469943761825562 0.072368733584880829
vt 0.71957701444625854 0.072368733584880829
vt 0.74002748727798462 0.089698873460292816
vt 0.73494428396224976 0.089698873460292816
vt 0.72982186079025269 0.089698873460292816
vt 0.72469943761825562 0.089698873460292816
vt 0.71957701444625854 0.089698873460292816
vt 0.71445459127426147 0.1070290133357048
vt 0.74746912717819214 0.049874354153871536
vt 0.7449684739112854 0.038627162575721741
vt 0.74746912717819214 0.038627162575721741
vt 0.74249798059463501 0.049874354153871536
vt 0.74002748727798462 0.038627162575721741
vt 0.74249798059463501 0.027379970997571945
vt 0.74249798059463501 0.038627162575721741
vt 0.73748588562011719 0.049874354153871536
vt 0.73494428396224976 0.038627162575721741
vt 0.73748588562011719 0.027379970997571945
vt 0.73748588562011719 0.038627162575721741
vt 0.73238307237625122 0.049874354153871536
vt 0.72982186079025269 0.038627162575721741
vt 0.73238307237625122 0.027379970997571945
vt 0.73238307237625122 0.038627162575721741
vt 0.72726064920425415 0.049874354153871536
vt 0.72469943761825562 0.038627162575721741
vt 0.72726064920425415 0.027379970997571945
vt 0.72726064920425415 0.038627162575721741
vt 0.72213822603225708 0.049874354153871536
vt 0.71957701444625854 0.038627162575721741
vt 0.72213822603225708 0.027379970997571945
vt 0.72213822603225708 0.038627162575721741
vt 0.71701580286026001 0.049874354153871536
vt 0.71701580286026001 0.027379970997571945
vt 0.71701580286026001 0.038627162575721741
vt 0.71445459127426147 0.098363950848579407
vt 0.71445459127426147 0.089698873460292816
vt 0.71445459127426147 0.081033810973167419
vt 0.71445459127426147 0.072368733584880829
vt 0.7207646369934082 0.0032371820416301489
vt 0.72355455160140991 0.004885589238256216
vt 0.72591942548751831 0.0064253783784806728
vt 0.72869479656219482 0.0084377434104681015
vt 0.73074966669082642 0.010099564678966999
vt 0.73640722036361694 0.015684375539422035
vt 0.73716998100280762 0.016583584249019623
vt 0.73738425970077515 0.016843998804688454
vt 0.73798578977584839 0.017594538629055023
vt 0.74053001403808594 0.021139645949006081
vt 0.74394142627716064 0.027266472578048706
vt 0.74399441480636597 0.027379969134926796
vt 0.74670553207397461 0.034497886896133423
vt 0.74884909391403198 0.044012639671564102
vt 0.74902641773223877 0.04520358145236969
vt 0.74956285953521729 0.049874342978000641
vt 0.74960798025131226 0.067820213735103607
vt 0.74909579753875732 0.072368770837783813
vt 0.74884939193725586 0.073987811803817749
vt 0.74884378910064697 0.074021972715854645
vt 0.74287551641464233 0.090827338397502899
vt 0.73964196443557739 0.094863124191761017
vt 0.73804265260696411 0.096390604972839355
vt 0.73738425970077515 0.096954569220542908
vt 0.73538655042648315 0.098479308187961578
vt 0.72778433561325073 0.10259771347045898
vt 0.72591942548751831 0.10335295647382736
vt 0.72377973794937134 0.10414303839206696
vt 0.7195122241973877 0.10554420948028564
vt 0.71609121561050415 0.10656113177537918
vt 0.71483808755874634 0.10692009329795837
vt 0.71445459127426147 0.06203034520149231
vt 0.71445459127426147 0.05169195681810379
vt 0.71445459127426147 0.041353564709424973
vt 0.71445459127426147 0.031015172600746155
vt 0.71445459127426147 0.020676782354712486
vt 0.71445459127426147 0.010338391177356243
vt 0.2867315411567688 0.49867016077041626
vt 0.20014284551143646 0.49867016077041626
vt 0.25786864757537842 0.49867016077041626
vt 0.22900573909282684 0.49867016077041626
vt 0.20014284551143646 0.43042287230491638
vt 0.20472954213619232 0.42771881818771362
vt 0.21281401813030243 0.42371708154678345
vt 0.22118835151195526 0.42047539353370667
vt 0.22547897696495056 0.41915258765220642
vt 0.22970068454742432 0.41807457804679871
vt 0.23819842934608459 0.41659405827522278
vt 0.24239690601825714 0.41621312499046326
vt 0.24654056131839752 0.4160706102848053
vt 0.25061562657356262 0.4161592423915863
vt 0.2546103298664093 0.41646707057952881
vt 0.25851491093635559 0.41697806119918823
vt 0.26232144236564636 0.41767370700836182
vt 0.26526519656181335 0.41834366321563721
vt 0.26609140634536743 0.41855213046073914
vt 0.26988440752029419 0.41962268948554993
vt 0.27368983626365662 0.42088267207145691
vt 0.27749642729759216 0.42232856154441833
vt 0.2812921404838562 0.42395669221878052
vt 0.28506425023078918 0.42576423287391663
vt 0.2867315411567688 0.42662590742111206
vt 0.20014284551143646 0.49184542894363403
vt 0.20014284551143646 0.48502072691917419
vt 0.20014284551143646 0.47819596529006958
vt 0.20014284551143646 0.47137126326560974
vt 0.20014284551143646 0.46454653143882751
vt 0.20014284551143646 0.45772179961204529
vt 0.20014284551143646 0.45089706778526306
vt 0.20014284551143646 0.44407233595848083
vt 0.20014284551143646 0.43724760413169861
vt 0.2867315411567688 0.43691793084144592
vt 0.2867315411567688 0.44720998406410217
vt 0.2867315411567688 0.45750200748443604
vt 0.2867315411567688 0.46779406070709229
vt 0.2867315411567688 0.47808608412742615
vt 0.2867315411567688 0.4883781373500824
vt 0.82792973518371582 0.046325523406267166
vt 0.82426553964614868 0.055879607796669006
vt 0.82053112983703613 0.055879607796669006
vt 0.82426553964614868 0.065960228443145752
vt 0.82053112983703613 0.065960228443145752
vt 0.81733381748199463 0.065960228443145752
vt 0.81401616334915161 0.065960228443145752
vt 0.81069850921630859 0.065960228443145752
vt 0.82426553964614868 0.076206110417842865
vt 0.82053112983703613 0.076206110417842865
vt 0.81733381748199463 0.076206110417842865
vt 0.81401616334915161 0.076206110417842865
vt 0.81069850921630859 0.076206110417842865
vt 0.80738085508346558 0.076206110417842865
vt 0.82426553964614868 0.086185656487941742
vt 0.82053112983703613 0.086185656487941742
vt 0.81733381748199463 0.086185656487941742
vt 0.81401616334915161 0.086185656487941742
vt 0.81069850921630859 0.086185656487941742
vt 0.80738085508346558 0.086185656487941742
vt 0.82426553964614868 0.095947794616222382
vt 0.82053112983703613 0.095947794616222382
vt 0.81733381748199463 0.095947794616222382
vt 0.81401616334915161 0.095947794616222382
vt 0.81069850921630859 0.095947794616222382
vt 0.80738085508346558 0.095947794616222382
vt 0.82426553964614868 0.10570994019508362
vt 0.82053112983703613 0.10570994019508362
vt 0.81733381748199463 0.10570994019508362
vt 0.81401616334915161 0.10570994019508362
vt 0.81069850921630859 0.10570994019508362
vt 0.80738085508346558 0.10570994019508362
vt 0.82792973518371582 0.11547207832336426
vt 0.82571536302566528 0.11547207832336426
vt 0.82350093126296997 0.11547207832336426
vt 0.82128655910491943 0.11547207832336426
vt 0.8190721869468689 0.11547207832336426
vt 0.81685775518417358 0.11547207832336426
vt 0.81464338302612305 0.11547207832336426
vt 0.81242895126342773 0.11547207832336426
vt 0.8102145791053772 0.11547207832336426
vt 0.8095395565032959 0.11413080245256424
vt 0.80828952789306641 0.11133233457803726
vt 0.80603891611099243 0.10458251088857651
vt 0.80521911382675171 0.10098758339881897
vt 0.80418187379837036 0.09278348833322525
vt 0.80406427383422852 0.088486932218074799
vt 0.80458694696426392 0.080711483955383301
vt 0.80521899461746216 0.076890364289283752
vt 0.80523282289505005 0.076821833848953247
vt 0.8070719838142395 0.07009483128786087
vt 0.80866122245788574 0.066176183521747589
vt 0.81040006875991821 0.062831930816173553
vt 0.81278091669082642 0.05920526385307312
vt 0.81532913446426392 0.056101541966199875
vt 0.81657439470291138 0.054791819304227829
vt 0.8171648383140564 0.054209250956773758
vt 0.82071816921234131 0.051121126860380173
vt 0.82459086179733276 0.048359684646129608
vt 0.82610195875167847 0.047406241297721863
vt 0.82792973518371582 0.053240176290273666
vt 0.82792973518371582 0.060154832899570465
vt 0.82792973518371582 0.067069485783576965
vt 0.82792973518371582 0.073984146118164062
vt 0.82792973518371582 0.080898799002170563
vt 0.82792973518371582 0.08781345933675766
vt 0.82792973518371582 0.09472811222076416
vt 0.82792973518371582 0.10164276510477066
vt 0.82792973518371582 0.10855741798877716
vt 0.24975116550922394 0.56966716051101685
vt 0.24975116550922394 0.65625590085983276
vt 0.26819527149200439 0.65625590085983276
vt 0.26512125134468079 0.65625590085983276
vt 0.26204723119735718 0.65625590085983276
vt 0.25897321105003357 0.65625590085983276
vt 0.25589919090270996 0.65625590085983276
vt 0.25282517075538635 0.65625590085983276
vt 0.25806543231010437 0.56966716051101685
vt 0.266379714012146 0.56966716051101685
vt 0.27469396591186523 0.56966716051101685
vt 0.28300824761390686 0.56966716051101685
vt 0.24975116550922394 0.62739294767379761
vt 0.24975116550922394 0.59853005409240723
vt 0.28388747572898865 0.572670578956604
vt 0.28418296575546265 0.5737450122833252
vt 0.28527653217315674 0.5781015157699585
vt 0.28618091344833374 0.58237582445144653
vt 0.28690671920776367 0.58663100004196167
vt 0.28745278716087341 0.59093058109283447
vt 0.28780123591423035 0.5952608585357666
vt 0.28793659806251526 0.59960883855819702
vt 0.28784728050231934 0.60396260023117065
vt 0.28752642869949341 0.60831129550933838
vt 0.28618580102920532 0.61695587635040283
vt 0.28395062685012817 0.62547695636749268
vt 0.28089743852615356 0.6338191032409668
vt 0.27710431814193726 0.64193260669708252
vt 0.27261525392532349 0.64977294206619263
vt 0.27133488655090332 0.65176010131835938
vt 0.061199299991130829 0.67116934061050415
vt 0.073672011494636536 0.67116934061050415
vt 0.073672011494636536 0.6731029748916626
vt 0.073672011494636536 0.67503660917282104
vt 0.071847431361675262 0.67553752660751343
vt 0.069797113537788391 0.67570465803146362
vt 0.067754507064819336 0.67547404766082764
vt 0.067185670137405396 0.67533636093139648
vt 0.064300119876861572 0.67406338453292847
vt 0.063757382333278656 0.67369639873504639
vt 0.067435652017593384 0.67116934061050415
vt 0.10856863111257553 0.24574089050292969
vt 0.10856863111257553 0.2529008686542511
vt 0.1154119074344635 0.2529008686542511
vt 0.1154119074344635 0.2597908079624176
vt 0.12225517630577087 0.24574089050292969
vt 0.12225517630577087 0.2529008686542511
vt 0.12225517630577087 0.2597908079624176
vt 0.12225517630577087 0.26664131879806519
vt 0.13594171404838562 0.24574089050292969
vt 0.13594171404838562 0.2529008686542511
vt 0.13594171404838562 0.2597908079624176
vt 0.13594171404838562 0.26664131879806519
vt 0.14962826669216156 0.2529008686542511
vt 0.14962826669216156 0.2597908079624176
vt 0.14962826669216156 0.26664131879806519
vt 0.15647153556346893 0.24574089050292969
vt 0.15647153556346893 0.2529008686542511
vt 0.15647153556346893 0.2597908079624176
vt 0.15647153556346893 0.26664131879806519
vt 0.16331480443477631 0.24574089050292969
vt 0.16331480443477631 0.2529008686542511
vt 0.16331480443477631 0.2597908079624176
vt 0.16331480443477631 0.26664131879806519
vt 0.17015807330608368 0.24574089050292969
vt 0.17015807330608368 0.2529008686542511
vt 0.17015807330608368 0.2597908079624176
vt 0.17015807330608368 0.26664131879806519
vt 0.17700134217739105 0.24574089050292969
vt 0.17700134217739105 0.2529008686542511
vt 0.17700134217739105 0.2597908079624176
vt 0.17700134217739105 0.26664131879806519
vt 0.18384461104869843 0.24574089050292969
vt 0.18384461104869843 0.2529008686542511
vt 0.18384461104869843 0.2597908079624176
vt 0.18384461104869843 0.26664131879806519
vt 0.1906878799200058 0.24574089050292969
vt 0.1906878799200058 0.2529008686542511
vt 0.1906878799200058 0.2597908079624176
vt 0.1906878799200058 0.26664131879806519
vt 0.19753114879131317 0.24574089050292969
vt 0.19753114879131317 0.2529008686542511
vt 0.19753114879131317 0.2597908079624176
vt 0.20437443256378174 0.24574089050292969
vt 0.20437443256378174 0.2529008686542511
vt 0.21806097030639648 0.2529008686542511
vt 0.13594171404838562 0.24932087957859039
vt 0.12909844517707825 0.2529008686542511
vt 0.12225517630577087 0.24932087957859039
vt 0.12909844517707825 0.24574089050292969
vt 0.12909844517707825 0.24932087957859039
vt 0.13594171404838562 0.25634583830833435
vt 0.12909844517707825 0.2597908079624176
vt 0.12225517630577087 0.25634583830833435
vt 0.12909844517707825 0.25634583830833435
vt 0.14962826669216156 0.24932087957859039
vt 0.14278498291969299 0.2529008686542511
vt 0.14278498291969299 0.24574089050292969
vt 0.14278498291969299 0.24932087957859039
vt 0.14962826669216156 0.25634583830833435
vt 0.14278498291969299 0.2597908079624176
vt 0.14278498291969299 0.25634583830833435
vt 0.14962826669216156 0.2632160484790802
vt 0.14278498291969299 0.26664131879806519
vt 0.13594171404838562 0.2632160484790802
vt 0.14278498291969299 0.2632160484790802
vt 0.14962826669216156 0.27006655931472778
vt 0.13594171404838562 0.27006655931472778
vt 0.14278498291969299 0.27006655931472778
vt 0.21806097030639648 0.24932087957859039
vt 0.21121770143508911 0.2529008686542511
vt 0.20437443256378174 0.24932087957859039
vt 0.21121770143508911 0.24574089050292969
vt 0.21121770143508911 0.24932087957859039
vt 0.21806097030639648 0.25634583830833435
vt 0.20437443256378174 0.25634583830833435
vt 0.21121770143508911 0.25634583830833435
vt 0.1154119074344635 0.24932087957859039
vt 0.11199027299880981 0.2529008686542511
vt 0.10856863111257553 0.24932087957859039
vt 0.11199027299880981 0.24574089050292969
vt 0.11199027299880981 0.24932087957859039
vt 0.1154119074344635 0.25634583830833435
vt 0.11199027299880981 0.2597908079624176
vt 0.10856863111257553 0.25634583830833435
vt 0.11199027299880981 0.25634583830833435
vt 0.19159457087516785 0.27349179983139038
vt 0.18593861162662506 0.27349179983139038
vt 0.18028266727924347 0.27349179983139038
vt 0.17462670803070068 0.27349179983139038
vt 0.16897076368331909 0.27349179983139038
vt 0.16331480443477631 0.27349179983139038
vt 0.12372002005577087 0.27349179983139038
vt 0.12358065694570541 0.27319055795669556
vt 0.12225519865751266 0.27067846059799194
vt 0.12108457088470459 0.26887461543083191
vt 0.11920509487390518 0.26655405759811401
vt 0.11788589507341385 0.26524481177330017
vt 0.11618483066558838 0.26385423541069031
vt 0.11513765156269073 0.26313579082489014
vt 0.11416194587945938 0.26254701614379883
vt 0.1097722128033638 0.26066264510154724
vt 0.10954875499010086 0.26059472560882568
vt 0.10856863111257553 0.26032403111457825
vt 0.21806097030639648 0.26032403111457825
vt 0.21385942399501801 0.25961634516716003
vt 0.20899613201618195 0.25961634516716003
vt 0.20656120777130127 0.25994873046875
vt 0.20437443256378174 0.2604643702507019
vt 0.20279867947101593 0.26098549365997314
vt 0.19725686311721802 0.26427933573722839
vt 0.19597713649272919 0.26554661989212036
vt 0.19513191282749176 0.2665540874004364
vt 0.19310136139392853 0.26979890465736389
vt 0.15765839815139771 0.27349179983139038
vt 0.1520020067691803 0.27349179983139038
vt 0.1463456004858017 0.27349179983139038
vt 0.14068920910358429 0.27349179983139038
vt 0.13503281772136688 0.27349179983139038
vt 0.12937641143798828 0.27349179983139038
vt 0.91789895296096802 0.082986339926719666
vt 0.91789895296096802 0.12115518748760223
vt 0.86489981412887573 0.12115518748760223
vt 0.89139938354492188 0.12115518748760223
vt 0.86489981412887573 0.10897847265005112
vt 0.86628168821334839 0.10796154290437698
vt 0.86729776859283447 0.10726830363273621
vt 0.87490266561508179 0.10289116203784943
vt 0.87862670421600342 0.10103017091751099
vt 0.88293582201004028 0.098989382386207581
vt 0.88727444410324097 0.097006015479564667
vt 0.89226692914962769 0.094767875969409943
vt 0.89574980735778809 0.093215346336364746
vt 0.89942330121994019 0.091573871672153473
vt 0.90881609916687012 0.087301880121231079
vt 0.91176128387451172 0.085927121341228485
vt 0.9167667031288147 0.0835375115275383
vt 0.86489981412887573 0.11506682634353638
vt 0.91789895296096802 0.088439032435417175
vt 0.91789895296096802 0.093891724944114685
vt 0.91789895296096802 0.099344417452812195
vt 0.91789895296096802 0.1047971099615097
vt 0.91789895296096802 0.11024980247020721
vt 0.91789895296096802 0.11570249497890472
vt 0 0.68489736318588257
vt 0 0.68874049186706543
vt 0.0049014976248145103 0.68489736318588257
vt 0.0024507488124072552 0.68489736318588257
vt 0 0.68681889772415161
vt 0.0038434804882854223 0.68615859746932983
vt 0.0022659201640635729 0.68752336502075195
vt 0.91789895296096802 0.054579481482505798
vt 0.86489981412887573 0.054579481482505798
vt 0.91789895296096802 0.081521496176719666
vt 0.86489981412887573 0.059462286531925201
vt 0.86489981412887573 0.0570208840072155
vt 0.91789895296096802 0.059967886656522751
vt 0.91789895296096802 0.065356291830539703
vt 0.91789895296096802 0.070744693279266357
vt 0.91789895296096802 0.076133094727993011
vt 0.89139938354492188 0.054579481482505798
vt 0.91540014743804932 0.080657705664634705
vt 0.91236019134521484 0.079613037407398224
vt 0.89703941345214844 0.074290215969085693
vt 0.88951420783996582 0.071519613265991211
vt 0.88074594736099243 0.067996382713317871
vt 0.87987077236175537 0.067618586122989655
vt 0.86732470989227295 0.061157003045082092
vn 0.61922377347946167 -0.53954684734344482 -0.57048326730728149
vn 0.75394153594970703 -0.65693777799606323 0.0022168296854943037
vn 0.65260237455368042 -0.56863313913345337 0.50076591968536377
vn 0.25850287079811096 -0.22522839903831482 0.93938726186752319
vn -0.064221233129501343 0.055941510945558548 0.99636650085449219
vn 0.55716663599014282 -0.60468584299087524 -0.56914001703262329
vn 0.69184756278991699 -0.72204071283340454 0.0020333884749561548
vn 0.5905948281288147 -0.63381338119506836 0.4994780421257019
vn 0.19760219752788544 -0.29137483239173889 0.93597757816314697
vn -0.12298714369535446 -0.012024295516312122 0.99233543872833252
vn 0.48729312419891357 -0.66596376895904541 -0.56483423709869385
vn 0.62180376052856445 -0.78317171335220337 0.0014781767968088388
vn 0.52085590362548828 -0.6952093243598938 0.49537172913551331
vn 0.1313788890838623 -0.355833500623703 0.92526865005493164
vn -0.18268281221389771 -0.082172319293022156 0.9797319769859314
vn 0.41001400351524353 -0.72223830223083496 -0.5570102334022522
vn 0.54406309127807617 -0.83904409408569336 0.0005801469087600708
vn 0.44375112652778625 -0.75163578987121582 0.48798421025276184
vn 0.06054212898015976 -0.41772165894508362 0.90655571222305298
vn -0.24250134825706482 -0.15366141498088837 0.9579046368598938
vn 0.32614916563034058 -0.77242928743362427 -0.54495847225189209
vn 0.45917639136314392 -0.88834494352340698 -0.00058300688397139311
vn 0.36001145839691162 -0.80193597078323364 0.47674992680549622
vn -0.013777737505733967 -0.47622975707054138 0.87921291589736938
vn -0.30152598023414612 -0.22549746930599213 0.92640864849090576
vn 0.23687653243541718 -0.81560498476028442 -0.52789962291717529
vn 0.36797010898590088 -0.92983567714691162 -0.0018934485269710422
vn 0.27069175243377686 -0.84507060050964355 0.46106573939323425
vn -0.090117886662483215 -0.53067433834075928 0.84277129173278809
vn -0.35877430438995361 -0.29657790064811707 0.88505512475967407
vn 0.14368313550949097 -0.85100746154785156 -0.5051153302192688
vn 0.27154365181922913 -0.9624207615852356 -0.0032107867300510406
vn 0.17713698744773865 -0.88015812635421753 0.440390944480896
vn -0.16678404808044434 -0.5804780125617981 0.79701215028762817
vn -0.41323617100715637 -0.36572936177253723 0.8339531421661377
vn 0.048268798738718033 -0.87807250022888184 -0.47608697414398193
vn 0.17123454809188843 -0.98522049188613892 -0.0043938304297626019
vn 0.080907545983791351 -0.9065127968788147 0.41435310244560242
vn -0.24199579656124115 -0.62514680624008179 0.74204415082931519
vn -0.46392619609832764 -0.43176528811454773 0.77353167533874512
vn -0.047568529844284058 -0.89643973112106323 -0.44060534238815308
vn 0.06856314092874527 -0.99763256311416626 -0.0053206495940685272
vn -0.016313763335347176 -0.92367398738861084 0.38283184170722961
vn -0.31403517723083496 -0.66425067186355591 0.67834573984146118
vn -0.50993806123733521 -0.49354839324951172 0.70453757047653198
vn -0.14205014705657959 -0.90595799684524536 -0.39882561564445496
vn -0.034841727465391159 -0.99937540292739868 -0.0059024649672210217
vn -0.11282232403755188 -0.93142604827880859 0.34600093960762024
vn -0.3813742995262146 -0.69741988182067871 0.60676115751266479
vn -0.55049622058868408 -0.55005347728729248 0.62800884246826172
vn -0.13732756674289703 -0.99050694704055786 -0.0060896002687513828
vn -0.20698703825473785 -0.92980831861495972 0.30432355403900146
vn -0.44276505708694458 -0.72436016798019409 0.52845191955566406
vn -0.5849987268447876 -0.60042309761047363 0.5452234148979187
vn -0.23730617761611938 -0.97141718864440918 -0.005870242603123188
vn -0.29733267426490784 -0.91911232471466064 0.25850683450698853
vn -0.49728810787200928 -0.74487864971160889 0.44481495022773743
vn -0.61304676532745361 -0.64401096105575562 0.45762822031974792
vn -0.63445621728897095 -0.68040519952774048 0.36676162481307983
vn -0.64925473928451538 -0.70943647623062134 0.27416819334030151
vn -0.65423882007598877 -0.72120624780654907 0.22766886651515961
vn -0.65766376256942749 -0.73116934299468994 0.18130022287368774
vn -0.65958398580551147 -0.7393684983253479 0.135215163230896
vn -0.66006028652191162 -0.74586254358291626 0.089495852589607239
vn -0.6591605544090271 -0.75068557262420654 0.044480498880147934
vn -0.65694993734359741 -0.75393420457839966 0
vn -0.65342956781387329 -0.75567936897277832 -0.044480517506599426
vn -0.64852935075759888 -0.75591015815734863 -0.089495934545993805
vn -0.6421625018119812 -0.75454896688461304 -0.13521535694599152
vn -0.63430452346801758 -0.75152367353439331 -0.18130055069923401
vn -0.62490546703338623 -0.74676626920700073 -0.22766940295696259
vn -0.61393046379089355 -0.74021673202514648 -0.27416893839836121
vn -0.58720242977142334 -0.72158032655715942 -0.36676296591758728
vn -0.55408650636672974 -0.69538670778274536 -0.45763030648231506
vn -0.51475399732589722 -0.66163176298141479 -0.5452263355255127
vn -0.46958723664283752 -0.62055450677871704 -0.62801265716552734
vn -0.41917148232460022 -0.57263898849487305 -0.70454233884811401
vn -0.99921441078186035 0.034664802253246307 0.019205957651138306
vn -0.51511722803115845 -0.38715910911560059 -0.7646973729133606
vn -0.36427325010299683 -0.51859909296035767 -0.77353733777999878
vn -0.99033117294311523 0.13712944090366364 0.020969023928046227
vn -0.85885041952133179 0.022562110796570778 -0.51172935962677002
vn -0.46714708209037781 -0.31875330209732056 -0.82472413778305054
vn -0.30580168962478638 -0.45934382081031799 -0.83395957946777344
vn -0.97122728824615479 0.23709098994731903 0.022480586543679237
vn -0.83118277788162231 0.11506150662899017 -0.54396331310272217
vn -0.41488578915596008 -0.24768392741680145 -0.87551265954971313
vn -0.24475881457328796 -0.39592638611793518 -0.88506239652633667
vn -0.9425923228263855 0.33310237526893616 0.023716755211353302
vn -0.79558819532394409 0.20500856637954712 -0.57009726762771606
vn -0.35935595631599426 -0.17510770261287689 -0.91662454605102539
vn -0.1821863204240799 -0.32948684692382812 -0.92641597986221313
vn -0.90536224842071533 0.42392304539680481 0.024665689095854759
vn -0.753040611743927 0.29119575023651123 -0.59002953767776489
vn -0.30160632729530334 -0.10216698795557022 -0.94794279336929321
vn -0.11910954862833023 -0.26118803024291992 -0.95791113376617432
vn -0.66398495435714722 0.27549639344215393 0.6951444149017334
vn -0.8838578462600708 0.4670853316783905 0.025032017379999161
vn -0.72948884963989258 0.33257400989532471 -0.59769600629806519
vn -0.27220806479454041 -0.065883219242095947 -0.959980309009552
vn -0.087671965360641479 -0.22668111324310303 -0.97001510858535767
vn -0.63840466737747192 0.31493321061134338 0.70232230424880981
vn -0.86064118146896362 0.50858169794082642 0.025327060371637344
vn -0.70462542772293091 0.37263551354408264 -0.6038590669631958
vn -0.24264487624168396 -0.029916949570178986 -0.96965378522872925
vn -0.056473493576049805 -0.19213980436325073 -0.97974133491516113
vn -0.6118241548538208 0.35312086343765259 0.70779716968536377
vn -0.8358643651008606 0.54834103584289551 0.025552427396178246
vn -0.67859208583831787 0.4112999439239502 -0.60855984687805176
vn -0.21302697062492371 0.0056240158155560493 -0.97703015804290771
vn -0.02561059407889843 -0.15768365561962128 -0.98715752363204956
vn -0.58434188365936279 0.39003589749336243 0.71162950992584229
vn -0.80964499711990356 0.586356520652771 0.025710316374897957
vn -0.65149301290512085 0.44854885339736938 -0.61185026168823242
vn -0.18341885507106781 0.040686614811420441 -0.9821925163269043
vn 0.0048679704777896404 -0.12337950617074966 -0.9923475980758667
vn -0.55621743202209473 0.42545410990715027 0.71387040615081787
vn -0.78225922584533691 0.62241846323013306 0.0258027333766222
vn -0.62359267473220825 0.48416242003440857 -0.61377429962158203
vn -0.15405142307281494 0.075021795928478241 -0.9852105975151062
vn 0.034743718802928925 -0.089487224817276001 -0.99538177251815796
vn -0.52739894390106201 0.45955565571784973 0.71460402011871338
vn -0.75368261337280273 0.65673071146011353 0.025832980871200562
vn -0.59484761953353882 0.51832789182662964 -0.61440420150756836
vn -0.12482605874538422 0.10876873880624771 -0.98619866371154785
vn 0.064135551452636719 -0.05588531494140625 -0.99637514352798462
vn -0.49756151437759399 0.49276924133300781 0.71387040615081787
vn -0.72360330820083618 0.68973362445831299 0.0258027333766222
vn -0.56493681669235229 0.55147755146026611 -0.61377429962158203
vn -0.095395550131797791 0.14233691990375519 -0.9852105975151062
vn 0.093399621546268463 -0.022172067314386368 -0.99538177251815796
vn -0.46632480621337891 0.52547562122344971 0.71162950992584229
vn -0.6916278600692749 0.72179627418518066 0.025710316374897957
vn -0.53347593545913696 0.58398860692977905 -0.61185026168823242
vn -0.065401770174503326 0.17612633109092712 -0.9821925163269043
vn 0.12288510799407959 0.012060273438692093 -0.9923475980758667
vn -0.43351751565933228 0.55775058269500732 0.70779716968536377
vn -0.65755766630172729 0.75297081470489502 0.025552427396178246
vn -0.50028544664382935 0.61592966318130493 -0.60855984687805176
vn -0.034720353782176971 0.21025370061397552 -0.97703015804290771
vn 0.15269610285758972 0.046946115791797638 -0.98715752363204956
vn -0.3993261456489563 0.58930641412734985 0.70232230424880981
vn -0.62156260013580322 0.78295499086380005 0.025327060371637344
vn -0.46554690599441528 0.64700871706008911 -0.6038590669631958
vn -0.0035664078313857317 0.2444562166929245 -0.96965378522872925
vn 0.1826050877571106 0.082233481109142303 -0.97974133491516113
vn -0.36376050114631653 0.62004238367080688 0.6951444149017334
vn -0.58363336324691772 0.81163138151168823 0.025032017379999161
vn -0.42926439642906189 0.67712002992630005 -0.59769600629806519
vn 0.028016332536935806 0.27866271138191223 -0.959980309009552
vn 0.2125525027513504 0.11786491423845291 -0.97001510858535767
vn -0.32688510417938232 0.64981085062026978 0.68621569871902466
vn -0.5438196063041687 0.83883959054946899 0.024665689095854759
vn -0.39149799942970276 0.70611220598220825 -0.59002953767776489
vn 0.059936147183179855 0.31274932622909546 -0.94794279336929321
vn 0.24243313074111938 0.15372850000858307 -0.95791113376617432
vn -0.45894750952720642 0.88814675807952881 0.023716755211353302
vn -0.3119434118270874 0.76005285978317261 -0.57009726762771606
vn 0.12428869307041168 0.37993648648262024 -0.91662454605102539
vn 0.30145850777626038 0.22555755078792572 -0.92641597986221313
vn -0.22771292924880981 0.80762040615081787 -0.54396331310272217
vn 0.18858392536640167 0.44487485289573669 -0.87551265954971313
vn 0.35871109366416931 0.29663264751434326 -0.88506239652633667
vn -0.13986943662166595 0.84768486022949219 -0.51172935962677002
vn 0.25183373689651489 0.50636923313140869 -0.82472413778305054
vn 0.41317933797836304 0.36577898263931274 -0.83395957946777344
vn -0.049654647707939148 0.87928026914596558 -0.47370949387550354
vn 0.31303220987319946 0.5632483959197998 -0.7646973729133606
vn 0.4638763964176178 0.43180865049362183 -0.77353733777999878
vn 0.04156840592622757 0.9016680121421814 -0.43042632937431335
vn 0.37121051549911499 0.61443012952804565 -0.69618844985961914
vn 0.50989603996276855 0.49358499050140381 -0.70454233884811401
vn 0.13238038122653961 0.91438382863998413 -0.38259333372116089
vn 0.42548850178718567 0.65898030996322632 -0.62024551630020142
vn 0.55046230554580688 0.5500829815864563 -0.62801265716552734
vn 0.22138065099716187 0.91726624965667725 -0.33107897639274597
vn 0.47512266039848328 0.69616490602493286 -0.53815698623657227
vn 0.58497285842895508 0.60044568777084351 -0.5452263355255127
vn 0.61302828788757324 0.64402705430984497 -0.45763030648231506
vn 0.63444423675537109 0.68041563034057617 -0.36676296591758728
vn 0.64924800395965576 0.70944231748580933 -0.27416893839836121
vn 0.65423417091369629 0.7212103009223938 -0.22766940295696259
vn 0.65766078233718872 0.73117196559906006 -0.18130055069923401
vn 0.65958237648010254 0.73936992883682251 -0.13521535694599152
vn 0.66005957126617432 0.74586319923400879 -0.089495934545993805
vn 0.65916037559509277 0.75068575143814087 -0.044480517506599426
vn 0.65694993734359741 0.75393420457839966 0
vn 0.65342938899993896 0.75567948818206787 0.044480498880147934
vn 0.64852863550186157 0.75591081380844116 0.089495852589607239
vn 0.64216083288192749 0.75455039739608765 0.135215163230896
vn 0.63430154323577881 0.75152629613876343 0.18130022287368774
vn 0.62490081787109375 0.74677032232284546 0.22766886651515961
vn 0.61392366886138916 0.74022263288497925 0.27416819334030151
vn 0.58719044923782349 0.72159081697463989 0.36676162481307983
vn 0.55406802892684937 0.69540280103683472 0.45762822031974792
vn 0.86620646715164185 0.3553892970085144 -0.35126176476478577
vn 0.65696179866790771 0.53771722316741943 0.52845191955566406
vn 0.5147281289100647 0.66165429353713989 0.5452234148979187
vn 0.87799936532974243 0.26467949151992798 -0.39882561564445496
vn 0.98520779609680176 0.17126210033893585 -0.0059024649672210217
vn 0.90722721815109253 0.23921145498752594 0.34600093960762024
vn 0.63867521286010742 0.47321754693984985 0.60676115751266479
vn 0.46955335140228271 0.62058407068252563 0.62800884246826172
vn 0.88149887323379517 0.16978412866592407 -0.44060534238815308
vn 0.99763065576553345 0.068591371178627014 -0.0053206495940685272
vn 0.91275370121002197 0.14254991710186005 0.38283184170722961
vn 0.61503219604492188 0.40197315812110901 0.67834573984146118
vn 0.41912946105003357 0.57267558574676514 0.70453757047653198
vn 0.87641817331314087 0.072334997355937958 -0.47608697414398193
vn 0.99938422441482544 -0.034812703728675842 -0.0043938304297626019
vn 0.90905708074569702 0.043894834816455841 0.41435310244560242
vn 0.58615356683731079 0.32526066899299622 0.74204415082931519
vn 0.36422345042228699 0.51864248514175415 0.77353167533874512
vn 0.86266356706619263 -0.025885283946990967 -0.5051153302192688
vn 0.99052459001541138 -0.13729806244373322 -0.0032107867300510406
vn 0.8961176872253418 -0.055035684257745743 0.440390944480896
vn 0.5521964430809021 0.24464415013790131 0.79701215028762817
vn 0.30574476718902588 0.45939335227012634 0.8339531421661377
vn 0.84034609794616699 -0.12304635345935822 -0.52789962291717529
vn 0.97144037485122681 -0.23727630078792572 -0.0018934485269710422
vn 0.87416166067123413 -0.15251162648200989 0.46106573939323425
vn 0.51335173845291138 0.16188430786132812 0.84277129173278809
vn 0.24469594657421112 0.39598152041435242 0.88505512475967407
vn 0.80979198217391968 -0.21738716959953308 -0.54495847225189209
vn 0.94281995296478271 -0.33330202102661133 -0.00058300688397139311
vn 0.84365463256835938 -0.24689345061779022 0.47674992680549622
vn 0.4698651134967804 0.078812353312969208 0.87921291589736938
vn 0.18211758136749268 0.32954546809196472 0.92640864849090576
vn 0.77154862880706787 -0.30733099579811096 -0.5570102334022522
vn 0.90559816360473633 -0.42413628101348877 0.0005801469087600708
vn 0.8052859902381897 -0.33672824501991272 0.48798421025276184
vn 0.42207679152488708 -0.0028143383096903563 0.90655571222305298
vn 0.11903375387191772 0.2612464427947998 0.9579046368598938
vn 0.72637778520584106 -0.39158347249031067 -0.56483423709869385
vn 0.86088883876800537 -0.50879096984863281 0.0014781767968088388
vn 0.7599407434463501 -0.42082881927490234 0.49537172913551331
vn 0.37046357989311218 -0.081453189253807068 0.92526865005493164
vn 0.056402269750833511 0.19220843911170959 0.9797319769859314
vn 0.67523729801177979 -0.46918463706970215 -0.56914001703262329
vn 0.80991721153259277 -0.58654069900512695 0.0020333884749561548
vn 0.70866495370864868 -0.49831280112266541 0.4994780421257019
vn 0.31567278504371643 -0.15587370097637177 0.93597757816314697
vn -0.0049175722524523735 0.12347566336393356 0.99233543872833252
vn 0.61920249462127686 -0.53957122564315796 -0.57048326730728149
vn 0.75392317771911621 -0.65695887804031372 0.0022168296854943037
vn 0.65258252620697021 -0.56865596771240234 0.50076591968536377
vn 0.25848177075386047 -0.22525261342525482 0.93938726186752319
vn -0.064221233129501343 0.055941510945558548 0.99636650085449219
vn 0.31623157858848572 -0.39474409818649292 -0.86265558004379272
vn 0.5891842246055603 -0.57252556085586548 -0.57015472650527954
vn 0.37755361199378967 -0.3289647102355957 -0.86558389663696289
vn 0.34769436717033386 -0.36210036277770996 -0.86486530303955078
vn 0.24868372082710266 -0.45804864168167114 -0.85343295335769653
vn 0.5231965184211731 -0.63587391376495361 -0.56738847494125366
vn 0.28321284055709839 -0.42676126956939697 -0.85887444019317627
vn 0.17552788555622101 -0.51791614294052124 -0.83722925186157227
vn 0.44953998923301697 -0.6947944164276123 -0.56140404939651489
vn 0.21275326609611511 -0.4884675145149231 -0.84624791145324707
vn 0.097810178995132446 -0.5734635591506958 -0.81337118148803711
vn 0.3688427209854126 -0.74815380573272705 -0.55156224966049194
vn 0.13716253638267517 -0.54627668857574463 -0.82629793882369995
vn 0.016926571726799011 -0.62394922971725464 -0.78128153085708618
vn 0.28210487961769104 -0.794944167137146 -0.53710389137268066
vn 0.057667568325996399 -0.59937822818756104 -0.79838603734970093
vn -0.065465070307254791 -0.66876393556594849 -0.74058699607849121
vn 0.19066955149173737 -0.83431673049926758 -0.51726269721984863
vn -0.024189159274101257 -0.64709728956222534 -0.76202362775802612
vn -0.14757919311523438 -0.70741826295852661 -0.69121617078781128
vn 0.096143469214439392 -0.86560899019241333 -0.49140363931655884
vn -0.10666829347610474 -0.68888670206069946 -0.71697765588760376
vn -0.22764453291893005 -0.73952853679656982 -0.63346308469772339
vn 0.0002904952852986753 -0.88835757970809937 -0.4591522216796875
vn -0.18797405064105988 -0.7243112325668335 -0.66335439682006836
vn -0.30403131246566772 -0.76481395959854126 -0.56800055503845215
vn -0.095086857676506042 -0.9023061990737915 -0.42047834396362305
vn -0.26639163494110107 -0.75303786993026733 -0.60163897275924683
vn 0.7160184383392334 0.40582382678985596 -0.56800055503845215
vn 0.87311428785324097 0.3106529712677002 -0.37572085857391357
vn 0.7243800163269043 0.4789716899394989 -0.49584242701530457
vn 0.72097396850585938 0.44322255253791809 -0.53268218040466309
vn 0.70142316818237305 0.32669562101364136 -0.63346308469772339
vn 0.88080805540084839 0.21765823662281036 -0.42047834396362305
vn 0.70950353145599365 0.36692681908607483 -0.60163897275924683
vn 0.68057054281234741 0.24298962950706482 -0.69121617078781128
vn 0.88004148006439209 0.1212693527340889 -0.4591522216796875
vn 0.69177722930908203 0.28531605005264282 -0.66335439682006836
vn 0.65351575613021851 0.15635865926742554 -0.74058699607849121
vn 0.87062275409698486 0.023205196484923363 -0.49140363931655884
vn 0.66781127452850342 0.19992779195308685 -0.71697765588760376
vn 0.62039649486541748 0.068609826266765594 -0.78128153085708618
vn 0.85255920886993408 -0.07471359521150589 -0.51726269721984863
vn 0.63770079612731934 0.11250625550746918 -0.76202362775802612
vn 0.58145332336425781 -0.018421126529574394 -0.81337118148803711
vn 0.82606840133666992 -0.17067639529705048 -0.53710389137268066
vn 0.60163134336471558 0.024889888241887093 -0.79838603734970093
vn 0.53706276416778564 -0.10300857573747635 -0.83722925186157227
vn 0.79158681631088257 -0.26300084590911865 -0.55156224966049194
vn 0.55990684032440186 -0.06112341582775116 -0.82629793882369995
vn 0.48776853084564209 -0.18366818130016327 -0.85343295335769653
vn 0.7497713565826416 -0.35024046897888184 -0.56140404939651489
vn 0.51298481225967407 -0.14391337335109711 -0.84624791145324707
vn 0.43430227041244507 -0.25924289226531982 -0.86265558004379272
vn 0.70148378610610962 -0.43126648664474487 -0.56738847494125366
vn 0.46150019764900208 -0.22215370833873749 -0.85887444019317627
vn 0.3775324821472168 -0.32898896932601929 -0.86558389663696289
vn 0.64776057004928589 -0.50530171394348145 -0.57015472650527954
vn 0.40627071261405945 -0.29487648606300354 -0.86486530303955078
vn 0.068126462399959564 -0.05934438481926918 -0.9959101676940918
vn 0.0087966527789831161 -0.12684449553489685 -0.99188363552093506
vn -0.052615337073802948 -0.19548608362674713 -0.9792940616607666
vn -0.11540518701076508 -0.26437646150588989 -0.95748978853225708
vn -0.1787085086107254 -0.33247664570808411 -0.9260251522064209
vn -0.30291515588760376 -0.46181207895278931 -0.83364981412887573
vn -0.41697341203689575 -0.57450962066650391 -0.70432370901107788
vn -0.51324063539505005 -0.6629212498664856 -0.54508662223815918
vn -0.5862966775894165 -0.72235429286956787 -0.36668851971626282
vn -0.61328989267349243 -0.74076491594314575 -0.27412191033363342
vn -0.63390266895294189 -0.75186836719512939 -0.18127696216106415
vn -0.64834016561508179 -0.7560727596282959 -0.089493013918399811
vn -0.65694898366928101 -0.75393503904342651 -1.4798505617363844E-05
vn -0.66023093461990356 -0.7457156777381897 0.089460738003253937
vn -0.65799593925476074 -0.73088383674621582 0.18124614655971527
vn -0.64973723888397217 -0.70902222394943237 0.27409669756889343
vn -0.63507705926895142 -0.67987322807312012 0.36667364835739136
vn -0.58585888147354126 -0.59968888759613037 0.54510790109634399
vn -0.51098710298538208 -0.49265673756599426 0.70440155267715454
vn -0.41442075371742249 -0.36471667885780334 0.83380883932113647
vn -0.30280011892318726 -0.22440235316753387 0.92625898122787476
vn -0.24380737543106079 -0.1525418758392334 0.9577520489692688
vn -0.18400080502033234 -0.081024244427680969 0.97958093881607056
vn -0.12429250776767731 -0.010837330482900143 0.99218642711639404
vn -0.065545544028282166 0.057113923132419586 0.99621373414993286
vn -0.0062747285701334476 0.12460323423147202 0.9921867847442627
vn 0.055079024285078049 0.19335068762302399 0.97958248853683472
vn 0.11773747205734253 0.26237761974334717 0.95775562524795532
vn 0.18084700405597687 0.33064553141593933 0.92626559734344482
vn 0.30456319451332092 0.46041148900985718 0.8338240385055542
vn 0.41808348894119263 0.5735742449760437 0.70442801713943481
vn 0.51387155055999756 0.66239571571350098 0.54513108730316162
vn 0.58657306432723999 0.72212898731231689 0.36669033765792847
vn 0.61344414949417114 0.74064183235168457 0.27410933375358582
vn 0.6339716911315918 0.75181561708450317 0.18125452101230621
vn 0.64835929870605469 0.75605970621109009 0.089464858174324036
vn 0.65695095062255859 0.7539333701133728 -1.4798505617363844E-05
vn 0.66024649143218994 0.74569857120513916 -0.089488893747329712
vn 0.65805768966674805 0.73082268238067627 -0.18126858770847321
vn 0.64988023042678833 0.70888632535934448 -0.27410927414894104
vn 0.63533800840377808 0.67963027954101562 -0.3666718602180481
vn 0.58646577596664429 0.5991358757019043 -0.54506337642669678
vn 0.51206547021865845 0.49168521165847778 -0.70429724454879761
vn 0.41603359580039978 0.36327585577964783 -0.83363461494445801
vn 0.30490657687187195 0.22253456711769104 -0.92601853609085083
vn 0.24610653519630432 0.15050505101680756 -0.95748621225357056
vn 0.18645322322845459 0.078875936567783356 -0.97929251194000244
vn 0.12685775756835938 0.0086458045989274979 -0.99188321828842163
vn 0.068126462399959564 -0.05934438481926918 -0.9959101676940918
vn -0.00018243506201542914 0.95679974555969238 0.29074773192405701
vn -0.019521782174706459 0.95489871501922607 0.29628923535346985
vn -0.042106226086616516 0.9522864818572998 0.30228719115257263
vn -0.11963465064764023 0.9402574896812439 0.31875288486480713
vn -0.17276304960250854 0.92944908142089844 0.3260020911693573
vn -0.22065316140651703 0.91807687282562256 0.32931298017501831
vn -0.30547350645065308 0.89470446109771729 0.32586786150932312
vn -0.32199648022651672 0.88977587223052979 0.32344576716423035
vn -0.33340421319007874 0.88632696866989136 0.3213505744934082
vn -0.34629261493682861 0.8824009895324707 0.31851211190223694
vn -0.40103617310523987 0.86594492197036743 0.29884684085845947
vn -0.42599087953567505 0.85942906141281128 0.2826896607875824
vn -0.45231607556343079 0.85779082775115967 0.24414151906967163
vn -0.45353695750236511 0.85914885997772217 0.23699676990509033
vn -0.44319906830787659 0.87442326545715332 0.19737905263900757
vn -0.42191401124000549 0.89008057117462158 0.17246785759925842
vn -0.4078252911567688 0.89876943826675415 0.1609099805355072
vn -0.36043304204940796 0.92326802015304565 0.13290676474571228
vn -0.3376941978931427 0.9332122802734375 0.12279030680656433
vn -0.30397149920463562 0.94628643989562988 0.1101967915892601
vn -0.26712596416473389 0.95857071876525879 0.098923429846763611
vn -0.26475772261619568 0.95929449796676636 0.098271861672401428
vn -0.16833572089672089 0.98269355297088623 0.077307410538196564
vn -0.095987141132354736 0.99312174320220947 0.067049406468868256
vn -0.066415578126907349 0.99576038122177124 0.063641205430030823
vn 0.036446556448936462 0.99797630310058594 0.05210525169968605
vn 0.13845711946487427 0.98952221870422363 0.040931772440671921
vn 0.13871809840202332 0.98948681354522705 0.040903467684984207
vn 0.23802970349788666 0.970786452293396 0.030258161947131157
vn 0.33373096585273743 0.94244575500488281 0.020484443753957748
vn 0.38405027985572815 0.92317855358123779 0.01570768840610981
vn 0.42433339357376099 0.90542447566986084 0.012154453434050083
vn 0.46742171049118042 0.88399165868759155 0.0086992820724844933
vn 0.50886553525924683 0.86082655191421509 0.005791256669908762
vn 0.54859089851379395 0.83608371019363403 0.0034646557178348303
vn 0.58274918794631958 0.81264984607696533 0.0018837501993402839
vn 0.58658713102340698 0.80988425016403198 0.0017325830413028598
vn 0.62264031171798706 0.78250795602798462 0.00059055956080555916
vn 0.65694993734359741 0.75393420457839966 0
vn 0.68995249271392822 0.723854660987854 -9.362595301354304E-05
vn 0.72201412916183472 0.69187825918197632 0.00025395548436790705
vn 0.75318485498428345 0.65780818462371826 0.00095399538986384869
vn 0.78316235542297363 0.6218145489692688 0.0018526139901950955
vn 0.81183087825775146 0.58388638496398926 0.0027117496356368065
vn 0.83903378248214722 0.54407000541687012 0.0031813227105885744
vn 0.88834512233734131 0.45917582511901855 0.00073636055458337069
vn 0.90026456117630005 0.43534111976623535 -0.001345159369520843
vn 0.91527837514877319 0.40278172492980957 -0.0056868703104555607
vn 0.92970234155654907 0.36808919906616211 -0.012802960351109505
vn 0.94881117343902588 0.31425154209136963 -0.031675867736339569
vn 0.96009677648544312 0.27357661724090576 -0.058052033185958862
vn 0.96091145277023315 0.26995855569839478 -0.061412829905748367
vn 0.96420890092849731 0.25067812204360962 -0.086380861699581146
vn 0.96364402770996094 0.24237427115440369 -0.11244960129261017
vn 0.96269470453262329 0.24206607043743134 -0.12092520296573639
vn 0.95663702487945557 0.25033792853355408 -0.14891782402992249
vn 0.94673514366149902 0.27245593070983887 -0.17164026200771332
vn 0.93902212381362915 0.29194077849388123 -0.18168105185031891
vn 0.90223097801208496 0.38772040605545044 -0.18881769478321075
vn 0.89956372976303101 0.39435097575187683 -0.1878095269203186
vn 0.89788073301315308 0.39849874377250671 -0.18710687756538391
vn 0.85990899801254272 0.48395428061485291 -0.16231058537960052
vn 0.81632369756698608 0.56385886669158936 -0.1252150684595108
vn 0.79269403219223022 0.60056155920028687 -0.10469939559698105
vn 0.76782083511352539 0.63518261909484863 -0.083631359040737152
vn 0.74173510074615479 0.66778510808944702 -0.062386129051446915
vn 0.71446478366851807 0.69845646619796753 -0.041213914752006531
vn 0.68622744083404541 0.72710049152374268 -0.02041391097009182
vn 0.65694993734359741 0.75393420457839966 0
vn 0.62628591060638428 0.77933132648468018 0.02021515928208828
vn 0.60587871074676514 0.79486984014511108 0.033058531582355499
vn 0.59382337331771851 0.80357891321182251 0.040432032197713852
vn 0.55936211347579956 0.82669812440872192 0.060697842389345169
vn 0.52308124303817749 0.84843951463699341 0.080848045647144318
vn 0.49373972415924072 0.86425554752349854 0.096350766718387604
vn 0.48498407006263733 0.86868846416473389 0.10085046291351318
vn 0.44513797760009766 0.88729602098464966 0.12065640091896057
vn 0.36069047451019287 0.91895401477813721 0.1594550758600235
vn 0.27071371674537659 0.94230645895004272 0.19690766930580139
vn 0.17643238604068756 0.95643162727355957 0.23261594772338867
vn 0.07922065258026123 0.9607042670249939 0.2660290002822876
vn 0.65139615535736084 0.73995494842529297 0.16777878999710083
vn 0.64948499202728271 0.73829597234725952 0.18190176784992218
vn 0.64727222919464111 0.73622602224349976 0.19750925898551941
vn 0.6426735520362854 0.73128378391265869 0.22846169769763947
vn 0.64096730947494507 0.72916907072067261 0.23973612487316132
vn 0.63572996854782104 0.72122138738632202 0.2751128077507019
vn 0.63173657655715942 0.71235054731369019 0.30572143197059631
vn 0.62894809246063232 0.70020455121994019 0.33784294128417969
vn 0.62871354818344116 0.69740140438079834 0.34402114152908325
vn 0.62863081693649292 0.69459366798400879 0.34980413317680359
vn 0.62870204448699951 0.69179350137710571 0.35518378019332886
vn 0.62892818450927734 0.68901371955871582 0.36015200614929199
vn 0.61352914571762085 0.78528296947479248 -0.083142265677452087
vn 0.59772360324859619 0.79417943954467773 -0.10956944525241852
vn 0.59512758255004883 0.79553335905075073 -0.11379723250865936
vn 0.57082390785217285 0.80683833360671997 -0.1522236168384552
vn 0.54884803295135498 0.81503820419311523 -0.18568398058414459
vn 0.54519778490066528 0.81622046232223511 -0.19116353988647461
vn 0.51857799291610718 0.82330322265625 -0.23075681924819946
vn 0.49868649244308472 0.8267856240272522 -0.26026397943496704
vn 0.46426713466644287 0.8287011981010437 -0.31258651614189148
vn 0.45585045218467712 0.82821732759475708 -0.32596993446350098
vn 0.45262521505355835 0.82790815830230713 -0.33120763301849365
vn 0.42469045519828796 0.82081359624862671 -0.38197264075279236
vn 0.41674152016639709 0.81506437063217163 -0.40248799324035645
vn 0.41673904657363892 0.81506145000457764 -0.40249645709991455
vn 0.41475173830986023 0.81147181987762451 -0.41169708967208862
vn 0.41860735416412354 0.80276274681091309 -0.42466434836387634
vn 0.43425858020782471 0.79585480690002441 -0.42194145917892456
vn 0.43842265009880066 0.79482138156890869 -0.41957658529281616
vn 0.44048959016799927 0.79437077045440674 -0.4182630181312561
vn 0.44116449356079102 0.79423147439956665 -0.41781601309776306
vn 0.4783441424369812 0.79004532098770142 -0.38342577219009399
vn 0.51153898239135742 0.78751033544540405 -0.34373730421066284
vn 0.53110784292221069 0.78534853458404541 -0.3180442750453949
vn 0.56852340698242188 0.77978271245956421 -0.26214516162872314
vn 0.59229028224945068 0.77518582344055176 -0.21972525119781494
vn 0.59531760215759277 0.7745317816734314 -0.21376964449882507
vn 0.59750914573669434 0.77404791116714478 -0.20936262607574463
vn 0.61256420612335205 0.77046740055084229 -0.1764795333147049
vn 0.62918144464492798 0.76586014032363892 -0.13262338936328888
vn 0.63364261388778687 0.76446002721786499 -0.11873467266559601
vn 0.64209198951721191 0.76151943206787109 -0.088351696729660034
vn 0.6512831449508667 0.75754964351654053 -0.044144943356513977
vn 0.65382808446884155 0.7561454176902771 -0.027440620586276054
vn 0.65694993734359741 0.75393420457839966 0
vn 0.65934205055236816 0.75052744150161743 0.044459257274866104
vn 0.65936851501464844 0.74881666898727417 0.067132420837879181
vn 0.65865999460220337 0.74708271026611328 0.089635170996189117
vn 0.65751171112060547 0.74552518129348755 0.10895176231861115
vn 0.6551859974861145 0.74320077896118164 0.13558724522590637
vn 0.6295396089553833 0.68468946218490601 0.36726042628288269
vn 0.63379347324371338 0.66945260763168335 0.38747778534889221
vn 0.64142680168151855 0.65397614240646362 0.40110704302787781
vn 0.65128612518310547 0.64042973518371582 0.40703335404396057
vn 0.67320823669433594 0.62206542491912842 0.39978152513504028
vn 0.6744573712348938 0.62138211727142334 0.39873740077018738
vn 0.68692344427108765 0.616615891456604 0.38460502028465271
vn 0.69842749834060669 0.61598140001296997 0.36437058448791504
vn 0.70578759908676147 0.61824947595596313 0.34587776660919189
vn 0.71656566858291626 0.62993186712265015 0.29953211545944214
vn 0.71986377239227295 0.647910475730896 0.24901449680328369
vn 0.71927362680435181 0.65592944622039795 0.22891482710838318
vn 0.71724075078964233 0.66630876064300537 0.20395654439926147
vn 0.71568650007247925 0.67172867059707642 0.19124187529087067
vn 0.71057641506195068 0.68506312370300293 0.16052936017513275
vn 0.70070314407348633 0.70353883504867554 0.11852523684501648
vn 0.68818569183349609 0.721355140209198 0.077764049172401428
vn 0.67352193593978882 0.73817163705825806 0.038351736962795258
vn 0.65893596410751343 0.75218647718429565 0.0043391077779233456
vn 0.65694993734359741 0.75393420457839966 0
vn 0.63844418525695801 0.76873701810836792 -0.037846818566322327
vn 0.61783367395401001 0.7826572060585022 -0.075691990554332733
vn 0.8424304723739624 0.48866426944732666 0.2269759327173233
vn 0.86923223733901978 0.42078065872192383 0.25957447290420532
vn 0.87157309055328369 0.41458162665367126 0.26169142127037048
vn 0.87587541341781616 0.40317308902740479 0.26512962579727173
vn 0.89230847358703613 0.36074623465538025 0.27138116955757141
vn 0.90623444318771362 0.32996612787246704 0.26431328058242798
vn 0.91213983297348022 0.32038012146949768 0.25565105676651001
vn 0.91295468807220459 0.31934735178947449 0.25402948260307312
vn 0.92024356126785278 0.31810927391052246 0.22794364392757416
vn 0.92003446817398071 0.33878916501998901 0.19687160849571228
vn 0.91984075307846069 0.34008118510246277 0.19554466009140015
vn 0.90817219018936157 0.38684922456741333 0.15990911424160004
vn 0.89988797903060913 0.41081628203392029 0.14639556407928467
vn 0.87362909317016602 0.47199895977973938 0.11827586591243744
vn 0.85837650299072266 0.50184053182601929 0.10651712119579315
vn 0.84516412019729614 0.52550077438354492 0.097706764936447144
vn 0.82824438810348511 0.55347168445587158 0.087637796998023987
vn 0.80256617069244385 0.59195941686630249 0.073970600962638855
vn 0.78318899869918823 0.61843967437744141 0.064399830996990204
vn 0.77534252405166626 0.62862849235534668 0.060582328587770462
vn 0.74699383974075317 0.66320288181304932 0.046499405056238174
vn 0.71768766641616821 0.695648193359375 0.031591545790433884
vn 0.687691330909729 0.72582489252090454 0.016087163239717484
vn 0.65694993734359741 0.75393420457839966 0
vn 0.62512338161468506 0.78034430742263794 -0.016838671639561653
vn 0.59182256460189819 0.80532228946685791 -0.034670572727918625
vn 0.5568917989730835 0.82885062694549561 -0.053648848086595535
vn 0.52754437923431396 0.84664946794509888 -0.069868788123130798
vn 0.52057403326034546 0.85062414407730103 -0.073764599859714508
vn 0.50520420074462891 0.8590548038482666 -0.082422919571399689
vn 0.48294326663017273 0.87046676874160767 -0.095149129629135132
vn 0.4441598653793335 0.88814854621887207 -0.11795859038829803
vn 0.36424431204795837 0.91585749387741089 -0.16891153156757355
vn 0.30876225233078003 0.92757606506347656 -0.21040073037147522
vn 0.28473538160324097 0.93008881807327271 -0.23207874596118927
vn 0.27625396847724915 0.93039184808731079 -0.24094544351100922
vn 0.25759944319725037 0.92814606428146362 -0.26867717504501343
vn 0.2614859938621521 0.92189145088195801 -0.2859041690826416
vn 0.27372673153877258 0.91745162010192871 -0.28871479630470276
vn 0.29297420382499695 0.91228169202804565 -0.28619611263275146
vn 0.30973902344703674 0.90830224752426147 -0.28115618228912354
vn 0.34499281644821167 0.90019410848617554 -0.26576411724090576
vn 0.38501650094985962 0.89034920930862427 -0.24298276007175446
vn 0.39728400111198425 0.88706803321838379 -0.2351078987121582
vn 0.4736483097076416 0.86245310306549072 -0.17841516435146332
vn 0.50866180658340454 0.84805643558502197 -0.14853782951831818
vn 0.54175519943237305 0.83216756582260132 -0.11831484735012054
vn 0.57304412126541138 0.81477600336074829 -0.088093318045139313
vn 0.60265934467315674 0.7958795428276062 -0.058116208761930466
vn 0.63054627180099487 0.77561897039413452 -0.028750399127602577
vn 0.63153982162475586 0.7748490571975708 -0.027684848755598068
vn 0.65694993734359741 0.75393420457839966 0
vn 0.682273268699646 0.73054599761962891 0.02838459238409996
vn 0.70684987306594849 0.70509183406829834 0.056646175682544708
vn 0.73075711727142334 0.67735087871551514 0.084792599081993103
vn 0.75379323959350586 0.64740568399429321 0.11252391338348389
vn 0.77588284015655518 0.61521017551422119 0.13972191512584686
vn 0.79690271615982056 0.58078163862228394 0.16624912619590759
vn 0.83511167764663696 0.50556188821792603 0.21678495407104492
vn -0.87000727653503418 0.016804678365588188 0.49275237321853638
vn -0.86528307199478149 0.028167882934212685 0.50049155950546265
vn -0.84608668088912964 0.063950583338737488 0.52919524908065796
vn -0.8271755576133728 0.085961103439331055 0.55532985925674438
vn -0.82255703210830688 0.08937738835811615 0.5616152286529541
vn -0.80660682916641235 0.093646220862865448 0.58362299203872681
vn -0.79580926895141602 0.085531711578369141 0.5994763970375061
vn -0.79425078630447388 0.082880787551403046 0.60191065073013306
vn -0.78776568174362183 0.0604533851146698 0.61300128698348999
vn -0.78573691844940186 0.026864245533943176 0.61797720193862915
vn -0.78579467535018921 0.021280646324157715 0.61812126636505127
vn -0.78980869054794312 -0.037598956376314163 0.61219978332519531
vn -0.79276937246322632 -0.063755825161933899 0.6061781644821167
vn -0.87065339088439941 0.015154188498854637 0.49166348576545715
vn -0.87049221992492676 0.015568255446851254 0.49193590879440308
vn -0.870330810546875 0.015981363132596016 0.49220818281173706
vn -0.87016916275024414 0.016393505036830902 0.49248033761978149
vn -0.49776351451873779 -0.83295214176177979 -0.24170684814453125
vn -0.47232088446617126 -0.83797436952590942 -0.27333477139472961
vn -0.44941666722297668 -0.84164160490036011 -0.29943960905075073
vn -0.37592610716819763 -0.85062921047210693 -0.36757251620292664
vn -0.3654644787311554 -0.85181170701980591 -0.37530320882797241
vn -0.33252212405204773 -0.85577994585037231 -0.39632022380828857
vn -0.29726269841194153 -0.86086136102676392 -0.41298016905784607
vn -0.28339293599128723 -0.86323040723800659 -0.41775792837142944
vn -0.24052353203296661 -0.8726581335067749 -0.42498964071273804
vn -0.2082955539226532 -0.88328051567077637 -0.42003393173217773
vn -0.18381133675575256 -0.89628815650939941 -0.40358516573905945
vn -0.1734507828950882 -0.90718096494674683 -0.3833242654800415
vn -0.17415823042392731 -0.9205397367477417 -0.34967911243438721
vn -0.18537768721580505 -0.92846405506134033 -0.3218533992767334
vn -0.20283493399620056 -0.93342548608779907 -0.29593056440353394
vn -0.21580307185649872 -0.93514746427536011 -0.28094172477722168
vn -0.27385899424552917 -0.93368524312973022 -0.23072314262390137
vn -0.28171995282173157 -0.93271642923355103 -0.22510872781276703
vn -0.29033771157264709 -0.93148952722549438 -0.21916027367115021
vn -0.3295154869556427 -0.92395728826522827 -0.19422279298305511
vn -0.36594176292419434 -0.91437822580337524 -0.17320258915424347
vn -0.44784685969352722 -0.88468223810195923 -0.12950107455253601
vn -0.44842100143432617 -0.88443523645401001 -0.12920090556144714
vn -0.4878000020980835 -0.86623466014862061 -0.10811431705951691
vn -0.52543193101882935 -0.84639108180999756 -0.086852699518203735
vn -0.5612146258354187 -0.82508385181427002 -0.065381892025470734
vn -0.59512388706207275 -0.80244565010070801 -0.043686956167221069
vn -0.62651669979095459 -0.77909064292907715 -0.022239197045564651
vn -0.62697267532348633 -0.77873289585113525 -0.021917013451457024
vn -0.65694993734359741 -0.75393420457839966 0
vn -0.68544811010360718 -0.7277795672416687 0.022310484200716019
vn -0.7127830982208252 -0.69992184638977051 0.045273631811141968
vn -0.73899036645889282 -0.67017668485641479 0.06896662712097168
vn -0.76380676031112671 -0.63868021965026855 0.093203224241733551
vn -0.78712946176528931 -0.60541009902954102 0.11792266368865967
vn -0.80882072448730469 -0.57039642333984375 0.14302799105644226
vn -0.8467058539390564 -0.4954584538936615 0.19393335282802582
vn -0.85675650835037231 -0.47116899490356445 0.20968563854694366
vn -0.87638115882873535 -0.41455078125 0.24516060948371887
vn -0.89679807424545288 -0.32873257994651794 0.29612177610397339
vn -0.9041602611541748 -0.27574142813682556 0.32628342509269714
vn -0.9069632887840271 -0.23944161832332611 0.34653332829475403
vn -0.90592515468597412 -0.14850077033042908 0.39654397964477539
vn -0.89263665676116943 -0.058203645050525665 0.44700351357460022
vn -0.79783535003662109 -0.10530100762844086 0.59360802173614502
vn -0.80163997411727905 -0.13749341666698456 0.58178085088729858
vn -0.81060421466827393 -0.23155805468559265 0.53786766529083252
vn -0.81409740447998047 -0.32036086916923523 0.48436999320983887
vn -0.81398558616638184 -0.34029430150985718 0.47077307105064392
vn -0.81095945835113525 -0.40352985262870789 0.42368438839912415
vn -0.80072051286697388 -0.48047950863838196 0.35775148868560791
vn -0.78342127799987793 -0.55060285329818726 0.28824925422668457
vn -0.75952762365341187 -0.61334878206253052 0.21661269664764404
vn -0.74533802270889282 -0.64182579517364502 0.18036326766014099
vn -0.72981810569763184 -0.6682966947555542 0.14403146505355835
vn -0.71309345960617065 -0.69274234771728516 0.10773015022277832
vn -0.69526821374893188 -0.71518367528915405 0.071515567600727081
vn -0.67655253410339355 -0.73553085327148438 0.035651389509439468
vn -0.65694993734359741 -0.75393420457839966 0
vn -0.63889729976654053 -0.76865160465240479 -0.03138340637087822
vn -0.6362571120262146 -0.77064275741577148 -0.035868972539901733
vn -0.61420488357543945 -0.78581923246383667 -0.07239147275686264
vn -0.59064245223999023 -0.7994416356086731 -0.10970208048820496
vn -0.56565755605697632 -0.81134021282196045 -0.14750814437866211
vn -0.5391879677772522 -0.82145732641220093 -0.18569928407669067
vn -0.51117759943008423 -0.82975172996520996 -0.22407478094100952
vn -0.90414494276046753 0.2806684672832489 0.32209795713424683
vn -0.89774352312088013 0.2940233051776886 0.32803481817245483
vn -0.88715887069702148 0.31396454572677612 0.338194340467453
vn -0.86253875494003296 0.35018399357795715 0.36523696780204773
vn -0.85827821493148804 0.35471963882446289 0.3708537220954895
vn -0.84294003248214722 0.36094552278518677 0.39896166324615479
vn -0.84074807167053223 0.33817556500434875 0.42282381653785706
vn -0.84750819206237793 0.30274692177772522 0.43597489595413208
vn -0.85746955871582031 0.26290693879127502 0.44229614734649658
vn -0.85831606388092041 0.25966665148735046 0.44256839156150818
vn -0.88376742601394653 0.16088162362575531 0.43939986824989319
vn -0.89004641771316528 0.13456544280052185 0.43555662035942078
vn -0.89894735813140869 0.09457898885011673 0.42772480845451355
vn -0.90535038709640503 0.063080698251724243 0.41995418071746826
vn -0.92114353179931641 -0.033362992107868195 0.38779056072235107
vn -0.92481333017349243 -0.063603438436985016 0.37506657838821411
vn -0.74266725778579712 -0.6696581244468689 0.0018445265013724566
vn -0.75318002700805664 -0.65781241655349731 0.0016223682323470712
vn -0.78316718339920044 -0.62181031703948975 0.0010299165733158588
vn -0.81184136867523193 -0.58387726545333862 0.00097043480491265655
vn -0.8390423059463501 -0.54406261444091797 0.0019617080688476562
vn -0.88425540924072266 -0.46693563461303711 0.0079696625471115112
vn -0.88826435804367065 -0.45924630761146545 0.0089002382010221481
vn -0.91914796829223633 -0.39342847466468811 0.01952042430639267
vn -0.92933112382888794 -0.36841252446174622 0.024817820638418198
vn -0.96059954166412354 -0.27313801646232605 0.051420748233795166
vn -0.97944009304046631 -0.18258899450302124 0.085781127214431763
vn -0.98048186302185059 -0.17538021504878998 0.088865742087364197
vn -0.98779577016830444 -0.077160447835922241 0.13529901206493378
vn -0.98573535680770874 -0.015955843031406403 0.1675446480512619
vn -0.982136070728302 0.019783904775977135 0.18712908029556274
vn -0.97939687967300415 0.039464820176362991 0.19805124402046204
vn -0.96412056684494019 0.11429053544998169 0.23960220813751221
vn -0.93536067008972168 0.20583926141262054 0.28762930631637573
vn -0.92933773994445801 -0.12809944152832031 0.34629747271537781
vn -0.92676573991775513 -0.22218672931194305 0.30288326740264893
vn -0.9137578010559082 -0.31395530700683594 0.25783476233482361
vn -0.89096987247467041 -0.40183952450752258 0.21141839027404785
vn -0.88715016841888428 -0.41343379020690918 0.20502950251102448
vn -0.86073035001754761 -0.48108038306236267 0.16644787788391113
vn -0.85914152860641479 -0.48462280631065369 0.1643671989440918
vn -0.81906783580780029 -0.56146746873855591 0.11782254278659821
vn -0.79618149995803833 -0.5975225567817688 0.095193713903427124
vn -0.77154362201690674 -0.631938636302948 0.073307856917381287
vn -0.74524176120758057 -0.6647295355796814 0.052434373646974564
vn -0.71731221675872803 -0.69597536325454712 0.032885998487472534
vn -0.70789378881454468 -0.70580697059631348 0.026888240128755569
vn -0.68794310092926025 -0.7256055474281311 0.015194280073046684
vn -0.68525636196136475 -0.72817254066467285 0.013728470541536808
vn -0.65694993734359741 -0.75393420457839966 0
vn -0.62364286184310913 -0.78163433074951172 -0.010830208659172058
vn -0.6205594539642334 -0.78407824039459229 -0.011280846782028675
vn -0.61558157205581665 -0.78802025318145752 -0.009131304919719696
vn -0.62294310331344604 -0.78224414587020874 -0.0060029407031834126
vn -0.62572199106216431 -0.78002887964248657 -0.0051953550428152084
vn -0.65694993734359741 -0.75393420457839966 0
vn -0.68992054462432861 -0.72388249635696411 0.0019467661622911692
vn -0.72199469804763794 -0.69189518690109253 0.0021608343813568354
vn -0.73085343837738037 -0.68253135681152344 0.0020531951449811459
vn -0.84576451778411865 -0.42599332332611084 -0.32126638293266296
vn -0.85638481378555298 -0.36394655704498291 -0.36626207828521729
vn -0.86011028289794922 -0.33541736006736755 -0.38432469964027405
vn -0.86625212430953979 -0.27491456270217896 -0.41716808080673218
vn -0.86943387985229492 -0.23479273915290833 -0.43469196557998657
vn -0.87373238801956177 -0.17655171453952789 -0.45323419570922852
vn -0.87627589702606201 -0.14748369157314301 -0.45868188142776489
vn -0.87956178188323975 -0.11996187269687653 -0.46041309833526611
vn -0.88228702545166016 -0.10407362133264542 -0.45906245708465576
vn -0.88311254978179932 -0.10020945221185684 -0.45833432674407959
vn -0.88396990299224854 -0.09658561646938324 -0.45745864510536194
vn -0.88506144285202026 -0.092491261661052704 -0.45619255304336548
vn -0.88587236404418945 -0.089790970087051392 -0.45515686273574829
vn -0.88670825958251953 -0.087285265326499939 -0.45401513576507568
vn -0.8891715407371521 -0.08134421706199646 -0.45028558373451233
vn -0.8918192982673645 -0.076989814639091492 -0.44579240679740906
vn -0.89759117364883423 -0.073183208703994751 -0.43471169471740723
vn -0.90582907199859619 -0.078362926840782166 -0.41633272171020508
vn -0.9139171838760376 -0.094971194863319397 -0.39463376998901367
vn -0.92007201910018921 -0.11871173977851868 -0.37332966923713684
vn -0.9225725531578064 -0.13399365544319153 -0.36180877685546875
vn -0.92507630586624146 -0.1592075377702713 -0.34479963779449463
vn -0.92599451541900635 -0.18372811377048492 -0.3298153281211853
vn -0.92485809326171875 -0.22384759783744812 -0.30745700001716614
vn -0.92298406362533569 -0.24608680605888367 -0.29587447643280029
vn -0.48014843463897705 -0.87383109331130981 0.076659291982650757
vn -0.47756221890449524 -0.87515556812286377 0.077698811888694763
vn -0.47145414352416992 -0.87823855876922607 0.080175064504146576
vn -0.43687567114830017 -0.89449542760848999 0.094960607588291168
vn -0.40323770046234131 -0.9082944393157959 0.11135783046483994
vn -0.37443843483924866 -0.91833126544952393 0.12831039726734161
vn -0.35500246286392212 -0.92391061782836914 0.14269697666168213
vn -0.35204970836639404 -0.92464232444763184 0.14525023102760315
vn -0.33241340517997742 -0.92782419919967651 0.16924428939819336
vn -0.32986223697662354 -0.9260789155960083 0.1832176148891449
vn -0.33672553300857544 -0.9216124415397644 0.19299338757991791
vn -0.3408949077129364 -0.91964578628540039 0.19504436850547791
vn -0.9129067063331604 -0.31469577550888062 -0.25993835926055908
vn -0.89088010787963867 -0.40191712975502014 -0.21164897084236145
vn -0.8594394326210022 -0.48436328768730164 -0.16357271373271942
vn -0.81929695606231689 -0.561268150806427 -0.11717750132083893
vn -0.79733103513717651 -0.59585076570510864 -0.096047215163707733
vn -0.79623061418533325 -0.59747993946075439 -0.09504988044500351
vn -0.78111350536346436 -0.61899805068969727 -0.081872589886188507
vn -0.77136152982711792 -0.63209736347198486 -0.073853388428688049
vn -0.74483597278594971 -0.66508311033248901 -0.053701307624578476
vn -0.71677529811859131 -0.69644320011138916 -0.034642178565263748
vn -0.68748319149017334 -0.72600626945495605 -0.016784444451332092
vn -0.65694993734359741 -0.75393420457839966 0
vn -0.62487304210662842 -0.78056246042251587 0.015999121591448784
vn -0.59087890386581421 -0.80614453554153442 0.031512796878814697
vn -0.5548291802406311 -0.83064788579940796 0.046782851219177246
vn -0.51700806617736816 -0.85373139381408691 0.062010951340198517
vn -0.37613821029663086 -0.90549349784851074 0.19647292792797089
vn -0.41592022776603699 -0.89033776521682739 0.18522697687149048
vn -0.43017661571502686 -0.88475936651229858 0.17930124700069427
vn -0.46397110819816589 -0.87088584899902344 0.16213785111904144
vn -0.5023236870765686 -0.85357940196990967 0.13810525834560394
vn -0.53787583112716675 -0.83554798364639282 0.11202275007963181
vn -0.57093733549118042 -0.8166118860244751 0.084709063172340393
vn -0.6017499566078186 -0.79667192697525024 0.056664068251848221
vn -0.63032436370849609 -0.77581232786178589 0.028397010639309883
vn -0.65694993734359741 -0.75393420457839966 0
vn -0.66901504993438721 -0.74312508106231689 -0.013564769178628922
vn -0.68204885721206665 -0.73074156045913696 -0.028742155060172081
vn -0.70593780279159546 -0.70588654279708862 -0.058103229850530624
vn -0.72866266965866089 -0.67917591333389282 -0.088152274489402771
vn -0.74999457597732544 -0.65071558952331543 -0.11864786595106125
vn -0.76983344554901123 -0.62048125267028809 -0.14953093230724335
vn -0.78804028034210205 -0.58850365877151489 -0.18070952594280243
vn -0.81894522905349731 -0.51964795589447021 -0.24350515007972717
vn -0.84162813425064087 -0.44483304023742676 -0.30624449253082275
vn -0.66098117828369141 -0.27510851621627808 0.69815409183502197
vn -0.65659624338150024 -0.26687240600585938 0.70545059442520142
vn -0.65548437833786011 -0.2648485004901886 0.70724505186080933
vn -0.64434951543807983 -0.2458837479352951 0.72412353754043579
vn -0.63259285688400269 -0.22809340059757233 0.74013489484786987
vn -0.6203080415725708 -0.21155937016010284 0.75528842210769653
vn -0.6075977087020874 -0.19637051224708557 0.76958668231964111
vn -0.60273993015289307 -0.19103966653347015 0.77473115921020508
vn -0.59257054328918457 -0.1806984543800354 0.78498929738998413
vn -0.57937264442443848 -0.16887205839157104 0.79737669229507446
vn -0.56633758544921875 -0.1589273065328598 0.80870503187179565
vn -0.5535997748374939 -0.15091437101364136 0.81899458169937134
vn -0.54129660129547119 -0.14488959312438965 0.82825416326522827
vn -0.53541254997253418 -0.14266128838062286 0.83245491981506348
vn -0.52427786588668823 -0.13977453112602234 0.83999752998352051
vn -0.50309854745864868 -0.14057537913322449 0.85271942615509033
vn -0.49459949135780334 -0.14441168308258057 0.85703945159912109
vn -0.48094815015792847 -0.15977194905281067 0.8620682954788208
vn -0.47651848196983337 -0.17103192210197449 0.86236780881881714
vn -0.47286152839660645 -0.19716624915599823 0.85879421234130859
vn -0.47322645783424377 -0.2131330668926239 0.85476958751678467
vn -0.47324720025062561 -0.21344089508056641 0.85468125343322754
vn -0.47809910774230957 -0.24799798429012299 0.84256649017333984
vn -0.48403450846672058 -0.27285897731781006 0.83141958713531494
vn -0.49148237705230713 -0.29754865169525146 0.81848025321960449
vn -0.50260978937149048 -0.32849091291427612 0.79967314004898071
vn -0.51516884565353394 -0.3587605357170105 0.77839058637619019
vn -0.52144241333007812 -0.37264803051948547 0.76761400699615479
vn -0.52443385124206543 -0.37904113531112671 0.76242834329605103
vn -0.54231637716293335 -0.41482234001159668 0.73062670230865479
vn -0.56114637851715088 -0.44892743229866028 0.69539839029312134
vn -0.56818944215774536 -0.4609275758266449 0.68169385194778442
vn -0.57640266418457031 -0.47446224093437195 0.66531610488891602
vn -0.58077746629714966 -0.76089918613433838 -0.28936123847961426
vn -0.55184578895568848 -0.75238883495330811 -0.35969057679176331
vn -0.53615659475326538 -0.74806350469589233 -0.39107173681259155
vn -0.52136117219924927 -0.74444574117660522 -0.41711273789405823
vn -0.50219327211380005 -0.74060463905334473 -0.44643780589103699
vn -0.48682504892349243 -0.73832792043685913 -0.4667690098285675
vn -0.44069251418113708 -0.73663133382797241 -0.51299548149108887
vn -0.43423110246658325 -0.73709899187088013 -0.51781117916107178
vn -0.43241450190544128 -0.73726588487625122 -0.51909220218658447
vn -0.42731738090515137 -0.73782068490982056 -0.52251362800598145
vn -0.40606594085693359 -0.74168658256530762 -0.53386467695236206
vn -0.37957298755645752 -0.75116550922393799 -0.54006916284561157
vn -0.37919008731842041 -0.75135564804077148 -0.5400736927986145
vn -0.36127883195877075 -0.76317077875137329 -0.53576856851577759
vn -0.35012391209602356 -0.77712911367416382 -0.52295655012130737
vn -0.34937480092048645 -0.77870362997055054 -0.52111214399337769
vn -0.34740671515464783 -0.78456944227218628 -0.51357507705688477
vn -0.35058078169822693 -0.8046867847442627 -0.47913697361946106
vn -0.35413184762001038 -0.80976676940917969 -0.46783372759819031
vn -0.3557659387588501 -0.81161832809448242 -0.46336406469345093
vn -0.35580283403396606 -0.81165772676467896 -0.46326678991317749
vn -0.39712586998939514 -0.83215677738189697 -0.38704797625541687
vn -0.42199933528900146 -0.8358120322227478 -0.35119053721427917
vn -0.4346887469291687 -0.83640545606613159 -0.33387362957000732
vn -0.43996062874794006 -0.83644086122512817 -0.32680478692054749
vn -0.45605543255805969 -0.83585661649703979 -0.30554398894309998
vn -0.5155404806137085 -0.82594984769821167 -0.22808964550495148
vn -0.5291067361831665 -0.82213819026947021 -0.21008309721946716
vn -0.54392093420028687 -0.817332923412323 -0.19004443287849426
vn -0.57081353664398193 -0.80684727430343628 -0.15221498906612396
vn -0.58962333202362061 -0.79807627201080322 -0.12417179346084595
vn -0.59588807821273804 -0.79487067461013794 -0.11444629728794098
vn -0.59773951768875122 -0.79389464855194092 -0.11152894049882889
vn -0.61338233947753906 -0.78511607646942139 -0.085760213434696198
vn -0.61873012781143188 -0.7818760871887207 -0.076438426971435547
vn -0.6390039324760437 -0.76824933290481567 -0.038300987333059311
vn -0.65694993734359741 -0.75393420457839966 0
vn -0.67290389537811279 -0.73871016502380371 0.038828521966934204
vn -0.6870996356010437 -0.72230148315429688 0.078579172492027283
vn -0.69959145784378052 -0.70450752973556519 0.11933546513319016
vn -0.7102888822555542 -0.68531376123428345 0.16073192656040192
vn -0.71919304132461548 -0.66460752487182617 0.2026282399892807
vn -0.72628903388977051 -0.64231151342391968 0.24482670426368713
vn -0.7349623441696167 -0.59282767772674561 0.32921978831291199
vn -0.73607432842254639 -0.53680902719497681 0.41234779357910156
vn -0.72922760248184204 -0.47474709153175354 0.4927903413772583
vn -0.71390414237976074 -0.40766540169715881 0.56934154033660889
vn -0.68953579664230347 -0.33705312013626099 0.64104253053665161
vn -0.68164873123168945 -0.31834149360656738 0.65879720449447632
vn -0.59754437208175659 -0.50905752182006836 0.61951690912246704
vn -0.62846148014068604 -0.56255131959915161 0.53718912601470947
vn -0.65221357345581055 -0.60988247394561768 0.45017868280410767
vn -0.6612173318862915 -0.63147681951522827 0.40500450134277344
vn -0.66803115606307983 -0.65114927291870117 0.36019301414489746
vn -0.67575526237487793 -0.68634492158889771 0.2688596248626709
vn -0.67670029401779175 -0.70163416862487793 0.22312822937965393
vn -0.67583060264587402 -0.71533942222595215 0.17760202288627625
vn -0.67327618598937988 -0.72743767499923706 0.13241459429264069
vn -0.6691739559173584 -0.73792117834091187 0.087626978754997253
vn -0.66369509696960449 -0.7467343807220459 0.043550215661525726
vn -0.65694993734359741 -0.75393420457839966 0
vn -0.65080708265304565 -0.75848245620727539 -0.033978484570980072
vn -0.64893835783004761 -0.75959283113479614 -0.043563153594732285
vn -0.63958156108856201 -0.76370692253112793 -0.087676487863063812
vn -0.62881147861480713 -0.766182541847229 -0.13251578807830811
vn -0.61665606498718262 -0.76690191030502319 -0.1777547299861908
vn -0.60306739807128906 -0.76579511165618896 -0.22331047058105469
vn -0.58798766136169434 -0.76282232999801636 -0.2690216600894928
vn 0.52316701412200928 0.82571399211883545 0.21093276143074036
vn 0.52902650833129883 0.82455193996429443 0.20061154663562775
vn 0.53858047723770142 0.82198649644851685 0.18511967360973358
vn 0.55301451683044434 0.8170396089553833 0.16316014528274536
vn 0.56444984674453735 0.81239235401153564 0.1463388204574585
vn 0.57730817794799805 0.80648493766784668 0.12766085565090179
vn 0.59006452560424805 0.79994511604309082 0.10914056748151779
vn 0.59360408782958984 0.79801207780838013 0.10397554934024811
vn 0.611350417137146 0.78753602504730225 0.077702179551124573
vn 0.61460864543914795 0.78546738624572754 0.072781875729560852
vn 0.62898343801498413 0.77577215433120728 0.05057070404291153
vn 0.63364505767822266 0.76793879270553589 0.093616053462028503
vn 0.63323819637298584 0.768047034740448 0.09546305239200592
vn 0.62897932529449463 0.76900565624237061 0.11408448964357376
vn 0.62483459711074829 0.76964783668518066 0.13123996555805206
vn 0.61783128976821899 0.77018791437149048 0.15841424465179443
vn 0.61282408237457275 0.77024096250534058 0.17656590044498444
vn 0.60640031099319458 0.77000230550765991 0.19843150675296783
vn 0.60250377655029297 0.76972663402557373 0.21097426116466522
vn 0.59892451763153076 0.76940500736236572 0.22204795479774475
vn 0.58347570896148682 0.76752251386642456 0.26545307040214539
vn 0.58271515369415283 0.76741653680801392 0.26742270588874817
vn 0.57940548658370972 0.76694780588150024 0.27582669258117676
vn 0.56554889678955078 0.76493453979492188 0.30826869606971741
vn 0.54946631193161011 0.76276481151580811 0.34099364280700684
vn 0.54102915525436401 0.76181399822235107 0.35626789927482605
vn 0.53305268287658691 0.76109820604324341 0.36957323551177979
vn 0.52700060606002808 0.76070821285247803 0.37893718481063843
vn 0.50309723615646362 0.76117557287216187 0.4092736542224884
vn 0.49706664681434631 0.76212376356124878 0.41483980417251587
vn 0.49308979511260986 0.76308304071426392 0.41781178116798401
vn 0.48433342576026917 0.76706963777542114 0.42074373364448547
vn 0.4804513156414032 0.77253037691116333 0.41516661643981934
vn 0.47965031862258911 0.77672439813613892 0.40820920467376709
vn 0.47891074419021606 0.78168118000030518 0.39952346682548523
vn 0.47928020358085632 0.80390101671218872 0.35218411684036255
vn 0.48243963718414307 0.8128666877746582 0.32634294033050537
vn 0.48967099189758301 0.82121759653091431 0.29295727610588074
vn 0.49066701531410217 0.82189905643463135 0.28935763239860535
vn 0.51470935344696045 0.82667440176010132 0.22734056413173676
vn 0.63412398099899292 0.7720714807510376 0.042336985468864441
vn 0.63739567995071411 0.76965069770812988 0.036940179765224457
vn 0.65311318635940552 0.75721508264541626 0.0082779508084058762
vn 0.65694993734359741 0.75393420457839966 0
vn 0.65927994251251221 0.75187551975250244 -0.0057582207955420017
vn 0.65982598066329956 0.75137966871261597 -0.00763681810349226
vn 0.65867048501968384 0.75241518020629883 -0.0049529070965945721
vn 0.65694993734359741 0.75393420457839966 0
vn 0.65444999933242798 0.75606262683868408 0.0080348458141088486
vn 0.64538604021072388 0.76268815994262695 0.04223274439573288
vn 0.64190071821212769 0.76467400789260864 0.056895524263381958
vn 0.63527637720108032 0.76745831966400146 0.086207196116447449
vn 0.92980861663818359 0.36799654364585876 -0.005870242603123188
vn -0.33332949876785278 -0.94279569387435913 -0.0052642957307398319
vn -0.54857319593429565 -0.83609920740127563 -0.0023728900123387575
vn -0.50881564617156982 -0.86087000370025635 -0.0030784257687628269
vn -0.58658552169799805 -0.80988568067550659 -0.0016185432905331254
vn -0.40337243676185608 -0.013492146506905556 0.91493642330169678
vn -0.73328757286071777 0.15072222054004669 0.6630023717880249
vn -0.37527918815612793 0.023928822949528694 0.92660290002822876
vn -0.34676498174667358 0.060809176415205002 0.93597877025604248
vn -0.31794697046279907 0.097047202289104462 0.94312858581542969
vn -0.6884276270866394 0.2348945140838623 0.68621569871902466
vn -0.77190464735031128 0.063408881425857544 0.63256818056106567
vn -0.42415645718574524 -0.90557867288589478 -0.004314763005822897
vn -0.46731972694396973 -0.88408052921295166 -0.0037283541169017553
vn -0.62264317274093628 -0.78250545263290405 -0.0008268622332252562
vn -0.65694993734359741 -0.75393420457839966 0
vn -0.68994617462158203 -0.72386014461517334 0.00086805492173880339
vn -0.72200095653533936 -0.69188976287841797 0.0017858622595667839
vn -0.58372753858566284 -0.76653438806533813 0.26774466037750244
vn -0.88827717304229736 -0.45923516154289246 0.0081706847995519638
vn -0.92974656820297241 -0.36805060505867004 0.010490084998309612
vn -0.96231174468994141 -0.27164676785469055 0.012812613509595394
vn -0.3677574098110199 0.92965000867843628 0.022480586543679237
vn -0.60052406787872314 -0.76801121234893799 0.22255246341228485
vn -0.61541551351547241 -0.76798290014266968 0.17738677561283112
vn -0.62844574451446533 -0.76650124788284302 0.13240781426429749
vn -0.63968187570571899 -0.76361948251724243 0.0877060666680336
vn -0.64914047718048096 -0.75941669940948486 0.043622352182865143
vn -0.65694993734359741 -0.75393420457839966 0
vn -0.6632506251335144 -0.74712163209915161 -0.043678928166627884
vn -0.66809952259063721 -0.7388574481010437 -0.087935857474803925
vn -0.67145180702209473 -0.72902733087539673 -0.1329345703125
vn -0.67321586608886719 -0.71761780977249146 -0.17833979427814484
vn -0.98509269952774048 -0.17136242985725403 0.01507785078138113
vn -0.99748748540878296 -0.068716101348400116 0.017226936295628548
vn -0.67333221435546875 -0.70456892251968384 -0.22406765818595886
vn -0.67174291610717773 -0.68984103202819824 -0.26996439695358276
vn -0.66327375173568726 -0.65529459714889526 -0.36146494746208191
vn -0.64757174253463745 -0.61392706632614136 -0.45138055086135864
vn -0.62460404634475708 -0.56591236591339111 -0.53815698623657227
vn -0.59456086158752441 -0.5116569995880127 -0.62024551630020142
vn -0.55785679817199707 -0.4517936110496521 -0.69618844985961914
vn -0.20120273530483246 0.23453338444232941 0.95105814933776855
vn -0.25985866785049438 0.16721819341182709 0.95105814933776855
vn -0.28889879584312439 0.13259775936603546 0.94813257455825806
vn -0.1396401971578598 0.30167707800865173 0.94312858581542969
vn -0.17088159918785095 0.2680375874042511 0.94813257455825806
vn -0.2307405024766922 0.20105859637260437 0.95201587677001953
vn -0.041829641908407211 0.40142452716827393 0.91493642330169678
vn -0.10768629610538483 0.33518257737159729 0.93597877025604248
vn -0.075054533779621124 0.3684750497341156 0.92660290002822876
vn -0.16843491792678833 0.75596773624420166 0.63256818056106567
vn -0.084304213523864746 0.79926729202270508 0.59503328800201416
vn 0.0015542072942480445 0.83465868234634399 0.55076533555984497
vn 0.1732601672410965 0.87876266241073608 0.44469889998435974
vn 0.2564985454082489 0.88666576147079468 0.38474968075752258
vn 0.33638304471969604 0.88508522510528564 0.32166844606399536
vn 0.4118884801864624 0.87434232234954834 0.25665813684463501
vn 0.48218879103660583 0.85501140356063843 0.19091741740703583
vn 0.51520347595214844 0.84235644340515137 0.15811723470687866
vn 0.087850064039230347 0.86133986711502075 0.50037586688995361
vn -0.27135014533996582 0.96225225925445557 0.020969023928046227
vn -0.17106480896472931 0.9850725531578064 0.019205957651138306
vn -0.068419992923736572 0.99750787019729614 0.017226936295628548
vn 0.54669386148452759 0.82786434888839722 0.12556460499763489
vn 0.034956876188516617 0.9992750883102417 0.01507785078138113
vn 0.13741512596607208 0.99043065309524536 0.012812613509595394
vn 0.23736822605133057 0.9713631272315979 0.010490084998309612
vn 0.33336949348449707 0.94276082515716553 0.0081706847995519638
vn 0.42417886853218079 0.90555912256240845 0.005912847351282835
vn 0.46733519434928894 0.88406705856323242 0.0048235086724162102
vn 0.50882542133331299 0.86086148023605347 0.003769388422369957
vn 0.68726205825805664 0.71525090932846069 -0.12683454155921936
vn 0.70202481746673584 0.67956733703613281 -0.21295395493507385
vn 0.6680600643157959 0.74293088912963867 -0.041826367378234863
vn 0.70757460594177246 0.6586187481880188 -0.2560458779335022
vn 0.72644156217575073 0.68111133575439453 -0.091487623751163483
vn 0.7041473388671875 0.70744669437408447 -0.060791965574026108
vn 0.67816674709320068 0.73008525371551514 -0.084055967628955841
vn 0.6952328085899353 0.69843310117721558 -0.16983091831207275
vn 0.74766057729721069 0.65274947881698608 -0.12215470522642136
vn 0.76771998405456543 0.62232297658920288 -0.15270926058292389
vn 0.68099516630172729 0.73165971040725708 -0.030325347557663918
vn 0.65694993734359741 0.75393420457839966 0
vn 0.78650575876235962 0.58984106779098511 -0.18301966786384583
vn 0.81976521015167236 0.51893389225006104 -0.24226561188697815
vn 0.84658604860305786 0.44051358103752136 -0.29873040318489075
vn 0.57662761211395264 0.81165355443954468 0.093375883996486664
vn 0.60502070188522339 0.79382199048995972 0.061616972088813782
vn 0.6317373514175415 0.77458113431930542 0.030528463423252106
vn 0.54857861995697021 0.8360944390296936 0.0027556940913200378
vn 0.96239930391311646 0.27157047390937805 -0.0060896002687513828
vn 0.55837279558181763 0.74670135974884033 -0.36146494746208191
vn 0.59143549203872681 0.75981795787811279 -0.26996439695358276
vn 0.60580736398696899 0.76340758800506592 -0.22406765818595886
vn 0.61874938011169434 0.76507782936096191 -0.17833979427814484
vn 0.63029301166534424 0.76489156484603882 -0.1329345703125
vn 0.75119531154632568 -0.65456336736679077 0.085161305963993073
vn 0.75119531154632568 -0.65456336736679077 0.085161305963993073
vn 0.75119531154632568 -0.65456336736679077 0.085161305963993073
vn 0.75119531154632568 -0.65456336736679077 0.085161305963993073
vn 0.75119531154632568 -0.65456336736679077 0.085161305963993073
vn 0.75119531154632568 -0.65456336736679077 0.085161305963993073
vn 0.75119531154632568 -0.65456336736679077 0.085161305963993073
vn 0.75119531154632568 -0.65456336736679077 0.085161305963993073
vn 0.75119531154632568 -0.65456336736679077 0.085161305963993073
vn 0.75119531154632568 -0.65456336736679077 0.085161305963993073
vn 0.75119531154632568 -0.65456336736679077 0.085161305963993073
vn 0.75119531154632568 -0.65456336736679077 0.085161305963993073
vn 0.75119531154632568 -0.65456336736679077 0.085161305963993073
vn 0.75119531154632568 -0.65456336736679077 0.085161305963993073
vn 0.75119531154632568 -0.65456336736679077 0.085161305963993073
vn 0.75119531154632568 -0.65456336736679077 0.085161305963993073
vn 0.75119531154632568 -0.65456336736679077 0.085161305963993073
vn 0.75119531154632568 -0.65456336736679077 0.085161305963993073
vn 0.75119531154632568 -0.65456336736679077 0.085161305963993073
vn 0.75119531154632568 -0.65456336736679077 0.085161305963993073
vn 0.75119531154632568 -0.65456336736679077 0.085161305963993073
vn 0.75119531154632568 -0.65456336736679077 0.085161305963993073
vn 0.75119531154632568 -0.65456336736679077 0.085161305963993073
vn 0.75119531154632568 -0.65456336736679077 0.085161305963993073
vn 0.75119531154632568 -0.65456336736679077 0.085161305963993073
vn 0.75119531154632568 -0.65456336736679077 0.085161305963993073
vn 0.75119531154632568 -0.65456336736679077 0.085161305963993073
vn 0.75119531154632568 -0.65456336736679077 0.085161305963993073
vn 0.75119531154632568 -0.65456336736679077 0.085161305963993073
vn 0.75119531154632568 -0.65456336736679077 0.085161305963993073
vn 0.75119531154632568 -0.65456336736679077 0.085161305963993073
vn 0.75119531154632568 -0.65456336736679077 0.085161305963993073
vn 0.75119531154632568 -0.65456336736679077 0.085161305963993073
vn 0.75119531154632568 -0.65456336736679077 0.085161305963993073
vn 0.75119531154632568 -0.65456336736679077 0.085161305963993073
vn 0.75119531154632568 -0.65456336736679077 0.085161305963993073
vn 0.75119531154632568 -0.65456336736679077 0.085161305963993073
vn 0.75119531154632568 -0.65456336736679077 0.085161305963993073
vn 0.75119531154632568 -0.65456336736679077 0.085161305963993073
vn 0.75119531154632568 -0.65456336736679077 0.085161305963993073
vn 0.75119531154632568 -0.65456336736679077 0.085161305963993073
vn 0.75119531154632568 -0.65456336736679077 0.085161305963993073
vn 0.75119531154632568 -0.65456336736679077 0.085161305963993073
vn 0.75119531154632568 -0.65456336736679077 0.085161305963993073
vn 0.75119531154632568 -0.65456336736679077 0.085161305963993073
vn 0.75119531154632568 -0.65456336736679077 0.085161305963993073
vn 0.75119531154632568 -0.65456336736679077 0.085161305963993073
vn 0.75119531154632568 -0.65456336736679077 0.085161305963993073
vn 0.75119531154632568 -0.65456336736679077 0.085161305963993073
vn 0.75119531154632568 -0.65456336736679077 0.085161305963993073
vn 0.75119531154632568 -0.65456336736679077 0.085161305963993073
vn 0.75119531154632568 -0.65456336736679077 0.085161305963993073
vn 0.75119531154632568 -0.65456336736679077 0.085161305963993073
vn 0.75119531154632568 -0.65456336736679077 0.085161305963993073
vn 0.75119531154632568 -0.65456336736679077 0.085161305963993073
vn 0.75119531154632568 -0.65456336736679077 0.085161305963993073
vn 0.75119531154632568 -0.65456336736679077 0.085161305963993073
vn 0.75119531154632568 -0.65456336736679077 0.085161305963993073
vn 0.75119531154632568 -0.65456336736679077 0.085161305963993073
vn 0.75119531154632568 -0.65456336736679077 0.085161305963993073
vn 0.75119531154632568 -0.65456336736679077 0.085161305963993073
vn 0.75119531154632568 -0.65456336736679077 0.085161305963993073
vn 0.75119531154632568 -0.65456336736679077 0.085161305963993073
vn 0.75119531154632568 -0.65456336736679077 0.085161305963993073
vn 0.75119531154632568 -0.65456336736679077 0.085161305963993073
vn 0.75119531154632568 -0.65456336736679077 0.085161305963993073
vn 0.75119531154632568 -0.65456336736679077 0.085161305963993073
vn 0.75119531154632568 -0.65456336736679077 0.085161305963993073
vn 0.75119531154632568 -0.65456336736679077 0.085161305963993073
vn 0.75119531154632568 -0.65456336736679077 0.085161305963993073
vn 0.75119531154632568 -0.65456336736679077 0.085161305963993073
vn 0.75119531154632568 -0.65456336736679077 0.085161305963993073
vn 0.75119531154632568 -0.65456336736679077 0.085161305963993073
vn 0.75119531154632568 -0.65456336736679077 0.085161305963993073
vn 0.75119531154632568 -0.65456336736679077 0.085161305963993073
vn 0.75119531154632568 -0.65456336736679077 0.085161305963993073
vn 0.75119531154632568 -0.65456336736679077 0.085161305963993073
vn 0.75119531154632568 -0.65456336736679077 0.085161305963993073
vn 0.75119531154632568 -0.65456336736679077 0.085161305963993073
vn 0.75119531154632568 -0.65456336736679077 0.085161305963993073
vn 0.75119531154632568 -0.65456336736679077 0.085161305963993073
vn 0.75119531154632568 -0.65456336736679077 0.085161305963993073
vn 0.75119531154632568 -0.65456336736679077 0.085161305963993073
vn 0.75119531154632568 -0.65456336736679077 0.085161305963993073
vn 0.75119531154632568 -0.65456336736679077 0.085161305963993073
vn 0.75119531154632568 -0.65456336736679077 0.085161305963993073
vn 0.75119531154632568 -0.65456336736679077 0.085161305963993073
vn 0.75119531154632568 -0.65456336736679077 0.085161305963993073
vn 0.75119531154632568 -0.65456336736679077 0.085161305963993073
vn 0.75119531154632568 -0.65456336736679077 0.085161305963993073
vn 0.75119531154632568 -0.65456336736679077 0.085161305963993073
vn 0.75119531154632568 -0.65456336736679077 0.085161305963993073
vn 0.75119531154632568 -0.65456336736679077 0.085161305963993073
vn 0.75119531154632568 -0.65456336736679077 0.085161305963993073
vn 0.75119531154632568 -0.65456336736679077 0.085161305963993073
vn 0.75119531154632568 -0.65456336736679077 0.085161305963993073
vn 0.75119531154632568 -0.65456336736679077 0.085161305963993073
vn 0.75119531154632568 -0.65456336736679077 0.085161305963993073
vn 0.75119531154632568 -0.65456336736679077 0.085161305963993073
vn 0.75119531154632568 -0.65456336736679077 0.085161305963993073
vn 0.75119531154632568 -0.65456336736679077 0.085161305963993073
vn 0.75119531154632568 -0.65456336736679077 0.085161305963993073
vn 0.75119531154632568 -0.65456336736679077 0.085161305963993073
vn 0.75119531154632568 -0.65456336736679077 0.085161305963993073
vn 0.75119531154632568 -0.65456336736679077 0.085161305963993073
vn 0.75119531154632568 -0.65456336736679077 0.085161305963993073
vn 0.75119531154632568 -0.65456336736679077 0.085161305963993073
vn 0.75119531154632568 -0.65456336736679077 0.085161305963993073
vn 0.75119531154632568 -0.65456336736679077 0.085161305963993073
vn 0.75119531154632568 -0.65456336736679077 0.085161305963993073
vn 0.75119531154632568 -0.65456336736679077 0.085161305963993073
vn 0.75119531154632568 -0.65456336736679077 0.085161305963993073
vn 0.75119531154632568 -0.65456336736679077 0.085161305963993073
vn 0.75119531154632568 -0.65456336736679077 0.085161305963993073
vn 0.75119531154632568 -0.65456336736679077 0.085161305963993073
vn 0.75119531154632568 -0.65456336736679077 0.085161305963993073
vn 0.75119531154632568 -0.65456336736679077 0.085161305963993073
vn 0.75119531154632568 -0.65456336736679077 0.085161305963993073
vn 0.75119531154632568 -0.65456336736679077 0.085161305963993073
vn 0.75119531154632568 -0.65456336736679077 0.085161305963993073
vn 0.75119531154632568 -0.65456336736679077 0.085161305963993073
vn 0.75119531154632568 -0.65456336736679077 0.085161305963993073
vn 0.75119531154632568 -0.65456336736679077 0.085161305963993073
vn 0.75119531154632568 -0.65456336736679077 0.085161305963993073
vn 0.75119531154632568 -0.65456336736679077 0.085161305963993073
vn 0.75119531154632568 -0.65456336736679077 0.085161305963993073
vn 0.75119531154632568 -0.65456336736679077 0.085161305963993073
vn 0.75119531154632568 -0.65456336736679077 0.085161305963993073
vn 0.75119531154632568 -0.65456336736679077 0.085161305963993073
vn 0.75119531154632568 -0.65456336736679077 0.085161305963993073
vn -0.23547269403934479 0.21058829128742218 -0.94879144430160522
vn 0.43635565042495728 0.34838214516639709 -0.82959246635437012
vn 0.30437728762626648 0.42542368173599243 -0.85227292776107788
vn 0.16891737282276154 0.49067172408103943 -0.85481470823287964
vn 0.03483833372592926 0.54302775859832764 -0.83899170160293579
vn 0.75436121225357056 0.33318093419075012 -0.56562322378158569
vn 0.66578429937362671 0.44867381453514099 -0.59617370367050171
vn 0.55805426836013794 0.55824375152587891 -0.61395382881164551
vn 0.43712919950485229 0.65434598922729492 -0.61704897880554199
vn 0.3093864917755127 0.73290187120437622 -0.60591655969619751
vn 0.17973785102367401 0.79289788007736206 -0.58224332332611084
vn 0.84118926525115967 0.41179251670837402 -0.35046765208244324
vn 0.76761633157730103 0.54086965322494507 -0.34383887052536011
vn 0.67309921979904175 0.66240215301513672 -0.32887813448905945
vn 0.56262308359146118 0.76796454191207886 -0.30608126521110535
vn 0.44217565655708313 0.85312533378601074 -0.27687156200408936
vn 0.31671521067619324 0.91691321134567261 -0.24282018840312958
vn 0.90977674722671509 0.39865866303443909 -0.11566118150949478
vn 0.84805589914321899 0.5254662036895752 -0.068457461893558502
vn 0.76397591829299927 0.64500010013580322 -0.017765536904335022
vn 0.66175371408462524 0.74898195266723633 0.033288117498159409
vn 0.54706895351409912 0.83303922414779663 0.082226239144802094
vn 0.42491686344146729 0.89619362354278564 0.12760359048843384
vn 0.90281230211257935 0.23596076667308807 0.35951703786849976
vn 0.82583701610565186 0.31793084740638733 0.46573936939239502
vn 0.72923332452774048 0.39220663905143738 0.56070733070373535
vn 0.61847132444381714 0.45552372932434082 0.64030563831329346
vn 0.49857127666473389 0.50677120685577393 0.70328491926193237
vn 0.26235702633857727 -0.11916655302047729 0.95758450031280518
vn 0.32795330882072449 0.15946723520755768 0.93113738298416138
vn 0.3664478063583374 0.42492279410362244 0.82774186134338379
vn 0.37465941905975342 0.65526312589645386 0.65594249963760376
vn 0.35190945863723755 0.83145308494567871 0.42993664741516113
vn 0.30007806420326233 0.93893247842788696 0.16840119659900665
vn -0.19172804057598114 0.21382711827754974 -0.95787179470062256
vn -0.14008504152297974 0.2179981917142868 -0.96584314107894897
vn 0.041883014142513275 0.23523882031440735 -0.97103476524353027
vn 0.17053307592868805 0.24925078451633453 -0.95330607891082764
vn 0.28945419192314148 0.26289090514183044 -0.92038285732269287
vn 0.50821232795715332 0.28716051578521729 -0.81194770336151123
vn 0.55224448442459106 0.29141384363174438 -0.78109151124954224
vn 0.5829852819442749 0.29414424300193787 -0.75736868381500244
vn 0.61814421415328979 0.29696324467658997 -0.72781217098236084
vn 0.77406328916549683 0.30289942026138306 -0.55594784021377563
vn 0.85115134716033936 0.29807978868484497 -0.43207618594169617
vn 0.95083129405975342 0.26544401049613953 -0.15955986082553864
vn 0.9600711464881897 0.25674670934677124 -0.11110585927963257
vn 0.96890377998352051 0.19548162817955017 0.15169826149940491
vn 0.93831121921539307 0.14664863049983978 0.31315523386001587
vn 0.91394031047821045 0.12154435366392136 0.38722094893455505
vn 0.8236541748046875 0.054917842149734497 0.5644269585609436
vn 0.77799069881439209 0.029046455398201942 0.62760400772094727
vn 0.70856958627700806 -0.0043229530565440655 0.70562773942947388
vn 0.63137525320053101 -0.035046231001615524 0.7746850848197937
vn 0.62638354301452637 -0.036837540566921234 0.77864408493041992
vn 0.41984286904335022 -0.094098888337612152 0.90270555019378662
vn 0.2136056125164032 0.96716690063476562 -0.13769820332527161
vn 0.10535147786140442 0.89677786827087402 -0.42975631356239319
vn -0.013645505532622337 0.73494309186935425 -0.67799150943756104
vn -0.13125103712081909 0.49816498160362244 -0.85709089040756226
vn -0.14978249371051788 0.22072498500347137 -0.96376639604568481
vn -0.21653071045875549 0.23897416889667511 -0.9465758204460144
vn 0.30007806420326233 0.93893247842788696 0.16840119659900665
vn 0.30007806420326233 0.93893247842788696 0.16840119659900665
vn 0.30007806420326233 0.93893247842788696 0.16840119659900665
vn 0.30007806420326233 0.93893247842788696 0.16840119659900665
vn 0.28985610604286194 0.94864362478256226 0.12672294676303864
vn 0.24959178268909454 0.96811771392822266 -0.02126077376306057
vn 0.20371223986148834 0.96456283330917358 -0.16768988966941833
vn 0.17383269965648651 0.95150905847549438 -0.25379660725593567
vn 0.063142374157905579 0.84839540719985962 -0.52558380365371704
vn 0.056589331477880478 0.83997029066085815 -0.53967362642288208
vn 0.052537728101015091 0.83464163541793823 -0.5482819676399231
vn -0.024483663961291313 0.71636712551116943 -0.69729381799697876
vn -0.087331920862197876 0.59593850374221802 -0.79826712608337402
vn -0.11361235380172729 0.53886139392852783 -0.83469796180725098
vn -0.13696879148483276 0.48454195261001587 -0.86397838592529297
vn -0.15767946839332581 0.43334317207336426 -0.88732796907424927
vn -0.17597874999046326 0.3855452835559845 -0.90575182437896729
vn -0.19207300245761871 0.34135478734970093 -0.92010045051574707
vn -0.20614811778068542 0.30091503262519836 -0.9311031699180603
vn -0.21858532726764679 0.26366788148880005 -0.93952101469039917
vn -0.22577850520610809 0.24142824113368988 -0.94378834962844849
vn -0.22964376211166382 0.22925455868244171 -0.94588905572891235
vn -0.23931095004081726 0.19808712601661682 -0.95052182674407959
vn -0.24758031964302063 0.17055858671665192 -0.95373672246932983
vn -0.2530193030834198 0.1519850492477417 -0.9554484486579895
vn -0.25444686412811279 0.14704567193984985 -0.95584225654602051
vn -0.25990241765975952 0.12791234254837036 -0.95712548494338989
vn -0.26654478907585144 0.10404019057750702 -0.95819073915481567
vn -0.26736524701118469 0.10104542970657349 -0.95828264951705933
vn -0.2620789110660553 0.12016186118125916 -0.95753628015518188
vn -0.25022080540657043 0.16158951818943024 -0.95460903644561768
vn -0.23547269403934479 0.21058829128742218 -0.94879144430160522
vn -0.13125103712081909 0.49816498160362244 -0.85709089040756226
vn -0.013645505532622337 0.73494309186935425 -0.67799150943756104
vn 0.10535147786140442 0.89677786827087402 -0.42975631356239319
vn 0.2136056125164032 0.96716690063476562 -0.13769820332527161
vn 0.30007806420326233 0.93893247842788696 0.16840119659900665
vn 0.37183642387390137 0.49320903420448303 0.78643661737442017
vn 0.37183642387390137 0.49320903420448303 0.78643661737442017
vn 0.36363750696182251 0.77506941556930542 0.51675450801849365
vn 0.36363750696182251 0.77506941556930542 0.51675450801849365
vn 0.37183642387390137 0.49320903420448303 0.78643661737442017
vn 0.36363750696182251 0.77506941556930542 0.51675450801849365
vn 0.35190945863723755 0.83145308494567871 0.42993664741516113
vn 0.37465941905975342 0.65526312589645386 0.65594249963760376
vn 0.3664478063583374 0.42492279410362244 0.82774186134338379
vn 0.32795330882072449 0.15946723520755768 0.93113738298416138
vn 0.26235702633857727 -0.11916655302047729 0.95758450031280518
vn 0.30007806420326233 0.93893247842788696 0.16840119659900665
vn 0.30007806420326233 0.93893247842788696 0.16840119659900665
vn 0.30007806420326233 0.93893247842788696 0.16840119659900665
vn 0.25618359446525574 -0.14099937677383423 0.95628923177719116
vn 0.23798514902591705 -0.20242452621459961 0.94994074106216431
vn 0.22580119967460632 -0.24135720729827881 0.94380110502243042
vn 0.22577841579914093 -0.24142850935459137 0.94378829002380371
vn 0.22044225037097931 -0.25797730684280396 0.94066619873046875
vn 0.22206978499889374 -0.25296095013618469 0.94164526462554932
vn 0.22577807307243347 -0.24142956733703613 0.94378811120986938
vn 0.23022055625915527 -0.22742417454719543 0.94619065523147583
vn 0.23645135760307312 -0.20741689205169678 0.94924652576446533
vn 0.24391001462936401 -0.18287982046604156 0.95239847898483276
vn 0.25242292881011963 -0.15404045581817627 0.95527702569961548
vn 0.26079392433166504 -0.12474602460861206 0.95730090141296387
vn 0.26179438829421997 -0.12117899954319 0.95748597383499146
vn 0.27183422446250916 -0.084547512233257294 0.95862293243408203
vn 0.28233802318572998 -0.044450771063566208 0.95828461647033691
vn 0.29331514239311218 -0.00032534581259824336 0.95601576566696167
vn 0.30478432774543762 0.048639446496963501 0.95117861032485962
vn 0.3165404200553894 0.10254155099391937 0.94302034378051758
vn 0.32833507657051086 0.16146621108055115 0.93065822124481201
vn 0.33986258506774902 0.22546891868114471 0.91304826736450195
vn 0.35074657201766968 0.2945919930934906 0.88892769813537598
vn 0.36854186654090881 0.44842937588691711 0.81430214643478394
vn 0.37183639407157898 0.49320849776268005 0.78643691539764404
vn 0.37477126717567444 0.55579036474227905 0.74205362796783447
vn 0.37540605664253235 0.62436562776565552 0.68500936031341553
vn 0.36881476640701294 0.7369036078453064 0.56652337312698364
vn 0.35178190469741821 0.83193731307983398 0.42910352349281311
vn 0.34920746088027954 0.84129291772842407 0.41265037655830383
vn 0.32758408784866333 0.89819633960723877 0.29314160346984863
vn 0.22577807307243347 -0.24142959713935852 0.94378811120986938
vn 0.22577807307243347 -0.24142959713935852 0.94378811120986938
vn 0.31012952327728271 0.92798060178756714 -0.20657128095626831
vn 0.28375190496444702 0.95315849781036377 -0.10475584119558334
vn 0.22125411033630371 0.96722924709320068 -0.12455599755048752
vn 0.25285190343856812 0.96068733930587769 -0.11465486884117126
vn 0.24248944222927094 0.95898061990737915 -0.14681649208068848
vn 0.26443612575531006 0.94967281818389893 -0.16791395843029022
vn 0.28701061010360718 0.93933087587356567 -0.18783621490001678
vn 0.30172562599182129 0.93759638071060181 -0.17284289002418518
vn 0.2929292619228363 0.94599264860153198 -0.13888970017433167
vn 0.92308151721954346 -0.24193964898586273 0.29897439479827881
vn 0.74607157707214355 -0.58591467142105103 0.31635609269142151
vn 0.92308151721954346 -0.24193964898586273 0.29897439479827881
vn 0.80475568771362305 -0.5760958194732666 0.14311514794826508
vn 0.55351889133453369 -0.83178949356079102 -0.041750464588403702
vn 0.92308151721954346 -0.24193964898586273 0.29897439479827881
vn 0.87490779161453247 -0.48428887128829956 0.00081405538367107511
vn 0.68544209003448486 -0.65914374589920044 -0.30935204029083252
vn 0.38707754015922546 -0.72670245170593262 -0.56751608848571777
vn 0.92308151721954346 -0.24193964898586273 0.29897439479827881
vn 0.93897378444671631 -0.33537766337394714 -0.076485611498355865
vn 0.80592018365859985 -0.37911161780357361 -0.45471644401550293
vn 0.54417979717254639 -0.36154332756996155 -0.75706988573074341
vn 0.92308151721954346 -0.24193964898586273 0.29897439479827881
vn 0.98511141538619995 -0.15548062324523926 -0.073356866836547852
vn 0.89268344640731812 -0.040809690952301025 -0.44883275032043457
vn 0.65731823444366455 0.079599052667617798 -0.74939757585525513
vn 0.92308151721954346 -0.24193964898586273 0.29897439479827881
vn 0.99994087219238281 0.0041639269329607487 0.010046878829598427
vn 0.92057061195373535 0.25940680503845215 -0.29198944568634033
vn 0.69368284940719604 0.47107839584350586 -0.54487544298171997
vn 0.92308151721954346 -0.24193964898586273 0.29897439479827881
vn 0.98193132877349854 0.11175315082073212 0.15271592140197754
vn 0.88670307397842407 0.46173164248466492 -0.023695914074778557
vn 0.64951992034912109 0.73490798473358154 -0.19502334296703339
vn 0.92308151721954346 -0.24193964898586273 0.29897439479827881
vn 0.93367987871170044 0.14407515525817871 0.32784786820411682
vn 0.79596483707427979 0.52251416444778442 0.30564513802528381
vn 0.53119814395904541 0.81416779756546021 0.23443411290645599
vn 0.92308151721954346 -0.24193964898586273 0.29897439479827881
vn 0.86760872602462769 0.090957567095756531 0.48885762691497803
vn 0.67171603441238403 0.42262491583824158 0.608428955078125
vn 0.36917892098426819 0.68391323089599609 0.62926119565963745
vn 0.92308151721954346 -0.24193964898586273 0.29897439479827881
vn 0.79925543069839478 -0.032341286540031433 0.60012060403823853
vn 0.54317551851272583 0.1907576322555542 0.81766247749328613
vn 0.20156337320804596 0.38156053423881531 0.90209966897964478
vn 0.92308151721954346 -0.24193964898586273 0.29897439479827881
vn 0.74216234683990479 -0.20209559798240662 0.63902455568313599
vn 0.43581017851829529 -0.12847059965133667 0.89082252979278564
vn 0.061560042202472687 -0.034709908068180084 0.99749964475631714
vn 0.92308151721954346 -0.24193964898586273 0.29897439479827881
vn 0.71107310056686401 -0.37683340907096863 0.59360897541046143
vn 0.37734591960906982 -0.45707044005393982 0.80541706085205078
vn 0.92308151721954346 -0.24193964898586273 0.29897439479827881
vn 0.7128106951713562 -0.51377475261688232 0.47742685675621033
vn 0.74607157707214355 -0.58591467142105103 0.31635609269142151
vn -0.32992836833000183 -0.098626814782619476 0.93883973360061646
vn -0.25386586785316467 0.20066657662391663 0.94619506597518921
vn -0.15358045697212219 0.48081311583518982 0.86326807737350464
vn -0.038641005754470825 0.71508234739303589 0.6979714035987854
vn 0.079985424876213074 0.88112115859985352 0.46607702970504761
vn 0.19097994267940521 0.96308684349060059 0.18971134722232819
vn 0.28375190496444702 0.95315849781036377 -0.10475584119558334
vn 0.0025008136872202158 -0.77356362342834473 -0.63371372222900391
vn 0.078337095677852631 -0.82303917407989502 -0.56255650520324707
vn 0.08988470584154129 -0.8300057053565979 -0.55046463012695312
vn 0.18793782591819763 -0.88178521394729614 -0.43259012699127197
vn 0.26353251934051514 -0.91033285856246948 -0.31913116574287415
vn 0.27504393458366394 -0.91354763507843018 -0.29963573813438416
vn 0.35037395358085632 -0.92428678274154663 -0.15143322944641113
vn 0.39664366841316223 -0.91739952564239502 -0.032432690262794495
vn 0.45189666748046875 -0.86982113122940063 0.19799132645130157
vn 0.45878654718399048 -0.84922772645950317 0.26139459013938904
vn 0.46046513319015503 -0.84006303548812866 0.28682041168212891
vn 0.46046513319015503 -0.84006303548812866 0.28682041168212891
vn 0.43326807022094727 -0.70913130044937134 0.5562477707862854
vn 0.38152846693992615 -0.62088501453399658 0.68479037284851074
vn 0.38149726390838623 -0.62084054946899414 0.68484801054000854
vn 0.33926686644554138 -0.56594395637512207 0.75140231847763062
vn 0.19706782698631287 -0.42381936311721802 0.88404834270477295
vn 0.013367363251745701 -0.28667065501213074 0.95793592929840088
vn -0.025179324671626091 -0.26191043853759766 0.96476364135742188
vn -0.043534688651561737 -0.25050970911979675 0.96713477373123169
vn -0.049431361258029938 -0.24689792096614838 0.96777993440628052
vn 0.35246831178665161 0.84322494268417358 -0.40587899088859558
vn 0.3833005428314209 0.64265954494476318 -0.66337722539901733
vn 0.37293466925621033 0.37301954627037048 -0.84957408905029297
vn 0.32248488068580627 0.063286446034908295 -0.94445663690567017
vn 0.23737362027168274 -0.25324884057044983 -0.93782663345336914
vn 0.12674885988235474 -0.5425642728805542 -0.83039671182632446
vn 0.0025008136872202158 -0.77356362342834473 -0.63371372222900391
vn 0.28375190496444702 0.95315849781036377 -0.10475584119558334
vn 0.28375190496444702 0.95315849781036377 -0.10475584119558334
vn 0.28375190496444702 0.95315849781036377 -0.10475584119558334
vn 0.28375190496444702 0.95315849781036377 -0.10475584119558334
vn 0.31012952327728271 0.92798060178756714 -0.20657128095626831
vn 0.31887140870094299 0.91606330871582031 -0.24320568144321442
vn 0.34483805298805237 0.86487358808517456 -0.36480185389518738
vn 0.36487346887588501 0.79667168855667114 -0.48185223340988159
vn 0.3775632381439209 0.71810847520828247 -0.58460772037506104
vn 0.38422572612762451 0.5456199049949646 -0.74476140737533569
vn 0.38397735357284546 0.53536051511764526 -0.7522968053817749
vn 0.37799665331840515 0.42722287774085999 -0.82133984565734863
vn 0.36588317155838013 0.31283345818519592 -0.87650710344314575
vn 0.35321906208992004 0.2257189154624939 -0.90790265798568726
vn 0.31802192330360413 0.042981602251529694 -0.94710856676101685
vn 0.27659034729003906 -0.12254942953586578 -0.95314186811447144
vn 0.25962537527084351 -0.18153274059295654 -0.9484938383102417
vn 0.23830600082874298 -0.25035816431045532 -0.93836617469787598
vn 0.22737720608711243 -0.28366455435752869 -0.93157607316970825
vn 0.20089994370937347 -0.35955488681793213 -0.91124063730239868
vn 0.16472280025482178 -0.4537520706653595 -0.87577134370803833
vn 0.13003925979137421 -0.53524118661880493 -0.83462965488433838
vn 0.097060061991214752 -0.60565364360809326 -0.789786696434021
vn 0.069451034069061279 -0.65971952676773071 -0.74829584360122681
vn 0.065951205790042877 -0.66626852750778198 -0.74278980493545532
vn 0.036325991153717041 -0.71903574466705322 -0.69402307271957397
vn 0.0079006534069776535 -0.76526337862014771 -0.64366883039474487
vn 0.2929292619228363 0.94599264860153198 -0.13888970017433167
vn 0.30172562599182129 0.93759638071060181 -0.17284289002418518
vn 0.12674885988235474 -0.5425642728805542 -0.83039671182632446
vn 0.23737362027168274 -0.25324884057044983 -0.93782663345336914
vn 0.32248488068580627 0.063286446034908295 -0.94445663690567017
vn 0.37293466925621033 0.37301954627037048 -0.84957408905029297
vn 0.3833005428314209 0.64265954494476318 -0.66337722539901733
vn 0.35246831178665161 0.84322494268417358 -0.40587899088859558
vn 0.28375190496444702 0.95315849781036377 -0.10475584119558334
vn 0.083605647087097168 0.88499438762664795 0.45803388953208923
vn 0.22541238367557526 0.9701770544052124 0.089139021933078766
vn 0.15776596963405609 0.94713860750198364 0.27935346961021423
vn 0.22125411033630371 0.96722924709320068 -0.12455599755048752
vn 0.25285190343856812 0.96068733930587769 -0.11465486884117126
vn 0.06885954737663269 0.90917092561721802 0.41069042682647705
vn 0.058453351259231567 0.93186038732528687 0.35807737708091736
vn 0.054385680705308914 0.96591895818710327 0.25306683778762817
vn 0.05810687318444252 0.97495496273040771 0.21467745304107666
vn 0.087794899940490723 0.99170607328414917 0.093867376446723938
vn 0.13756486773490906 0.9904252290725708 -0.011565656401216984
vn 0.28375190496444702 0.95315849781036377 -0.10475584119558334
vn 0.28375190496444702 0.95315849781036377 -0.10475584119558334
vn 0.017060033977031708 0.80234783887863159 0.59661287069320679
vn -0.32992836833000183 -0.098626814782619476 0.93883973360061646
vn 0.017060033977031708 0.80234783887863159 0.59661287069320679
vn -0.13127541542053223 0.53247231245040894 0.83620572090148926
vn 0.083605647087097168 0.88499438762664795 0.45803388953208923
vn 0.15776596963405609 0.94713860750198364 0.27935346961021423
vn 0.22541238367557526 0.9701770544052124 0.089139021933078766
vn 0.19097994267940521 0.96308684349060059 0.18971134722232819
vn 0.079985424876213074 0.88112115859985352 0.46607702970504761
vn -0.038641005754470825 0.71508234739303589 0.6979714035987854
vn -0.15358045697212219 0.48081311583518982 0.86326807737350464
vn -0.25386586785316467 0.20066657662391663 0.94619506597518921
vn 0.28375190496444702 0.95315849781036377 -0.10475584119558334
vn 0.28375190496444702 0.95315849781036377 -0.10475584119558334
vn -0.31934440135955811 -0.048934511840343475 0.94637441635131836
vn -0.31078264117240906 -0.011276470497250557 0.95041412115097046
vn -0.2874678373336792 0.082403801381587982 0.9542388916015625
vn -0.26554012298583984 0.16143098473548889 0.95048856735229492
vn -0.2621675431728363 0.17295065522193909 0.94939786195755005
vn -0.25962585210800171 0.18153113126754761 0.94849401712417603
vn -0.23945274949073792 0.24678996205329895 0.93901920318603516
vn -0.20923589169979095 0.3363492488861084 0.91819906234741211
vn -0.19890321791172028 0.3650248646736145 0.90950226783752441
vn -0.17506873607635498 0.42783403396606445 0.88674062490463257
vn -0.13727021217346191 0.51890707015991211 0.84373712539672852
vn -0.1221778616309166 0.55262547731399536 0.82442563772201538
vn -0.096325233578681946 0.60714888572692871 0.78872787952423096
vn -0.052022442221641541 0.69166839122772217 0.72033917903900146
vn -0.028257038444280624 0.73259246349334717 0.68008071184158325
vn -0.0040821805596351624 0.77114874124526978 0.6366419792175293
vn 0.017060043290257454 0.80234783887863159 0.59661281108856201
vn 0.046838518232107162 0.84228634834289551 0.53699147701263428
vn -0.13892582058906555 0.68345367908477783 -0.71665245294570923
vn -0.42809325456619263 0.45407202839851379 -0.7813800573348999
vn -0.13892582058906555 0.68345367908477783 -0.71665245294570923
vn -0.48517659306526184 0.54374313354492188 -0.68479710817337036
vn -0.13892582058906555 0.68345367908477783 -0.71665245294570923
vn -0.48806142807006836 0.64737844467163086 -0.5854034423828125
vn -0.13892582058906555 0.68345367908477783 -0.71665245294570923
vn -0.33779683709144592 0.83370739221572876 -0.43683549761772156
vn -0.49900266528129578 0.86409246921539307 -0.065883100032806396
vn -0.57811444997787476 0.75232023000717163 0.31590813398361206
vn -0.13892582058906555 0.68345367908477783 -0.71665245294570923
vn -0.20752382278442383 0.88803422451019287 -0.41027927398681641
vn -0.24874933063983917 0.96845376491546631 -0.014868871308863163
vn -0.2490515261888504 0.88954693078994751 0.38298770785331726
vn -0.13892582058906555 0.68345367908477783 -0.71665245294570923
vn -0.0653223916888237 0.90390998125076294 -0.4227052628993988
vn 0.024418391287326813 0.99895095825195312 -0.038739051669836044
vn 0.11014195531606674 0.92964828014373779 0.35160034894943237
vn -0.13892582058906555 0.68345367908477783 -0.71665245294570923
vn 0.16975004971027374 0.81686240434646606 -0.55129003524780273
vn 0.47599053382873535 0.8317333459854126 -0.28574934601783752
vn 0.7039228081703186 0.70977061986923218 0.026801764965057373
vn -0.13892582058906555 0.68345367908477783 -0.71665245294570923
vn 0.22683340311050415 0.7271912693977356 -0.64787304401397705
vn 0.58564716577529907 0.65947586297988892 -0.47128438949584961
vn 0.84811246395111084 0.48326593637466431 -0.21716181933879852
vn -0.13892582058906555 0.68345367908477783 -0.71665245294570923
vn 0.22971823811531067 0.62355601787567139 -0.74726665019989014
vn 0.59118890762329102 0.46039336919784546 -0.66221868991851807
vn 0.85539942979812622 0.22148853540420532 -0.46822503209114075
vn -0.13892582058906555 0.68345367908477783 -0.71665245294570923
vn 0.079453632235527039 0.43722701072692871 -0.89583462476730347
vn 0.302531898021698 0.10245697945356369 -0.94761651754379272
vn 0.47583875060081482 -0.24916888773441315 -0.84350007772445679
vn -0.13892582058906555 0.68345367908477783 -0.71665245294570923
vn -0.050819378346204758 0.38290020823478699 -0.92239081859588623
vn 0.052278552204370499 -0.0019043307984247804 -0.99863070249557495
vn 0.14677581191062927 -0.38639557361602783 -0.91057968139648438
vn -0.13892582058906555 0.68345367908477783 -0.71665245294570923
vn -0.19302080571651459 0.36702445149421692 -0.90996485948562622
vn -0.22088916599750519 -0.032401531934738159 -0.97476053237915039
vn -0.13892582058906555 0.68345367908477783 -0.71665245294570923
vn -0.32550176978111267 0.39201667904853821 -0.86044842004776001
vn -0.42809325456619263 0.45407202839851379 -0.7813800573348999
vn -0.55040591955184937 0.82476282119750977 0.12969046831130981
vn -0.68824279308319092 0.7017551064491272 -0.18401528894901276
vn -0.77440768480300903 0.63260561227798462 -0.0101414630189538
vn 0.60368412733078003 0.78645962476730347 -0.13056309521198273
vn 0.44478204846382141 0.86651921272277832 0.22652448713779449
vn 0.069162540137767792 0.98439353704452515 0.16182062029838562
vn 0.27891317009925842 0.95094114542007446 -0.13385963439941406
vn 0.37040558457374573 0.92756474018096924 0.049227312207221985
vn 0.77324134111404419 0.60893118381500244 0.17691978812217712
vn 0.14528344571590424 0.84146463871002197 0.52041327953338623
vn 0.49918487668037415 0.77470201253890991 0.38813820481300354
vn 0.19386206567287445 0.27734366059303284 -0.9410090446472168
vn 0.49177202582359314 0.26479434967041016 -0.82948428392410278
vn 0.41724550724029541 0.5543404221534729 -0.72014784812927246
vn 0.17796534299850464 0.52173405885696411 -0.8343392014503479
vn 0.34030961990356445 0.40297192335128784 -0.84958988428115845
vn 0.39836281538009644 -0.076777786016464233 -0.91400885581970215
vn 0.72467422485351562 -0.035708364099264145 -0.68816578388214111
vn 0.74004334211349487 0.34690806269645691 -0.57618623971939087
vn 0.6223645806312561 0.11537938565015793 -0.7741769552230835
vn 0.53202915191650391 -0.40520328283309937 -0.74347513914108276
vn 0.93343669176101685 0.092544414103031158 -0.34659993648529053
vn 0.79518717527389526 -0.17945632338523865 -0.57920008897781372
vn 0.016145948320627213 -0.72201061248779297 -0.69169354438781738
vn 0.31660887598991394 -0.65503525733947754 -0.68606674671173096
vn 0.58705878257751465 -0.52596569061279297 -0.61540400981903076
vn 0.80185824632644653 -0.34703698754310608 -0.48640385270118713
vn 0.94064527750015259 -0.1352107971906662 -0.31129485368728638
vn 0.99026352167129517 0.089432738721370697 -0.10667658597230911
vn 0.94600945711135864 0.30559846758842468 0.10805413126945496
vn 0.81207805871963501 0.49279490113258362 0.31254184246063232
vn -0.84658735990524292 0.2934969961643219 0.44401499629020691
vn -0.86532020568847656 0.46014928817749023 0.19870477914810181
vn -0.86387598514556885 0.47290128469467163 0.17344336211681366
vn -0.85974365472793579 0.49513435363769531 0.12523110210895538
vn -0.82473975419998169 0.55958795547485352 -0.081643268465995789
vn -0.76639854907989502 0.57170510292053223 -0.29289346933364868
vn -0.729500412940979 0.55453109741210938 -0.40040537714958191
vn -0.72345322370529175 0.55035704374313354 -0.41680043935775757
vn -0.64019680023193359 0.46055001020431519 -0.61485099792480469
vn -0.55156582593917847 0.3141140341758728 -0.77272731065750122
vn -0.55156582593917847 0.3141140341758728 -0.77272731065750122
vn -0.54775691032409668 0.30700084567070007 -0.77827560901641846
vn -0.43817082047462463 0.087950624525547028 -0.89457869529724121
vn -0.39056211709976196 -0.010016415268182755 -0.92052209377288818
vn -0.2741701602935791 -0.24076227843761444 -0.93105542659759521
vn -0.21729826927185059 -0.34615352749824524 -0.9126659631729126
vn -0.17142361402511597 -0.4271608293056488 -0.88777673244476318
vn -0.1162312924861908 -0.51990014314651489 -0.84628254175186157
vn -0.038401935249567032 -0.64207422733306885 -0.76568007469177246
vn 0.58369886875152588 0.64111542701721191 0.49826362729072571
vn 0.29190158843994141 0.71977967023849487 0.62984979152679443
vn -0.031610414385795593 0.72024077177047729 0.69300359487533569
vn -0.3516879677772522 0.6424487829208374 0.68086349964141846
vn -0.63355511426925659 0.49485558271408081 0.59474855661392212
vn 0.81207805871963501 0.49279490113258362 0.31254184246063232
vn 0.81207805871963501 0.49279490113258362 0.31254184246063232
vn 0.016145948320627213 -0.72201061248779297 -0.69169354438781738
vn 0.94600945711135864 0.30559846758842468 0.10805413126945496
vn 0.99026352167129517 0.089432738721370697 -0.10667658597230911
vn 0.94064527750015259 -0.1352107971906662 -0.31129485368728638
vn 0.80185824632644653 -0.34703698754310608 -0.48640385270118713
vn 0.58705878257751465 -0.52596569061279297 -0.61540400981903076
vn 0.31660887598991394 -0.65503525733947754 -0.68606674671173096
vn 0.81207805871963501 0.49279490113258362 0.31254184246063232
vn 0.81207805871963501 0.49279490113258362 0.31254184246063232
vn 0.031124042347073555 -0.7202991247177124 -0.69296497106552124
vn 0.087255030870437622 -0.71240764856338501 -0.69632023572921753
vn 0.14783890545368195 -0.70124709606170654 -0.69742107391357422
vn 0.21204537153244019 -0.68635612726211548 -0.6956666111946106
vn 0.27909070253372192 -0.66731595993041992 -0.69050544500350952
vn 0.34950196743011475 -0.64326512813568115 -0.68121826648712158
vn 0.42393094301223755 -0.61296528577804565 -0.66675043106079102
vn 0.5017547607421875 -0.57532685995101929 -0.64594203233718872
vn 0.56677073240280151 -0.53855746984481812 -0.62347960472106934
vn 0.58208906650543213 -0.52910268306732178 -0.61743229627609253
vn 0.6156805157661438 -0.50720417499542236 -0.60306006669998169
vn 0.66377997398376465 -0.47277581691741943 -0.57955080270767212
vn 0.74525368213653564 -0.40440705418586731 -0.53014326095581055
vn 0.89721894264221191 -0.21943923830986023 -0.38320308923721313
vn 0.97499310970306396 -0.03235943615436554 -0.21986652910709381
vn 0.99011200666427612 0.081657379865646362 -0.11406238377094269
vn 0.98902159929275513 0.13255403935909271 -0.065312124788761139
vn 0.94018596410751343 0.31832611560821533 0.12132108211517334
vn -0.84658735990524292 0.2934969961643219 0.44401499629020691
vn 0.81207805871963501 0.49279490113258362 0.31254184246063232
vn 0.81207805871963501 0.49279490113258362 0.31254184246063232
vn 0.81207805871963501 0.49279490113258362 0.31254184246063232
vn 0.81207805871963501 0.49279490113258362 0.31254184246063232
vn 0.7129051685333252 0.57131582498550415 0.40665033459663391
vn 0.59465014934539795 0.63625192642211914 0.49150249361991882
vn 0.50580787658691406 0.67112696170806885 0.54198431968688965
vn 0.34017008543014526 0.7125709056854248 0.61361795663833618
vn 0.17345792055130005 0.72927635908126831 0.66186732053756714
vn 0.12583440542221069 0.72998714447021484 0.67177712917327881
vn -0.14272832870483398 0.70229578018188477 0.69743049144744873
vn -0.25141015648841858 0.67561995983123779 0.69305884838104248
vn -0.34643480181694031 0.64440327882766724 0.68170911073684692
vn -0.42946925759315491 0.6104966402053833 0.66546976566314697
vn -0.50182914733886719 0.57528769969940186 0.64591914415359497
vn -0.56463533639907837 0.53985023498535156 0.62429851293563843
vn -0.56677055358886719 0.53855758905410767 0.62347966432571411
vn -0.61886751651763916 0.50503921508789062 0.60161316394805908
vn -0.666190505027771 0.47094613313674927 0.5782732367515564
vn -0.70774596929550171 0.43765231966972351 0.55457741022109985
vn -0.74365389347076416 0.40589463710784912 0.53125178813934326
vn -0.7740519642829895 0.37644004821777344 0.50905448198318481
vn -0.79910331964492798 0.35006773471832275 0.48876014351844788
vn -0.81897902488708496 0.3275582492351532 0.47114640474319458
vn -0.84382283687591553 0.29707333445549011 0.44688975811004639
vn -0.63355511426925659 0.49485558271408081 0.59474855661392212
vn -0.3516879677772522 0.6424487829208374 0.68086349964141846
vn -0.031610414385795593 0.72024077177047729 0.69300359487533569
vn 0.29190158843994141 0.71977967023849487 0.62984979152679443
vn 0.58369886875152588 0.64111542701721191 0.49826362729072571
vn -0.89287251234054565 -0.17471139132976532 -0.41503563523292542
vn -0.85375702381134033 -0.4802059531211853 -0.20124901831150055
vn -0.82383221387863159 -0.51365542411804199 -0.23970508575439453
vn -0.72468119859695435 -0.6856389045715332 0.06882166862487793
vn -0.6954386830329895 -0.71800249814987183 0.028938053175806999
vn -0.49673476815223694 -0.80508917570114136 0.32416975498199463
vn -0.46869713068008423 -0.83682137727737427 0.28293639421463013
vn -0.2259625643491745 -0.78818988800048828 0.57244879007339478
vn -0.22510825097560883 -0.78939753770828247 0.57111972570419312
vn -0.22425231337547302 -0.79060310125350952 0.56978732347488403
vn -0.24639289081096649 -0.81011205911636353 0.53198587894439697
vn -0.34041011333465576 -0.85999536514282227 0.38016963005065918
vn -0.44167187809944153 -0.86848169565200806 0.22508993744850159
vn -0.46827581524848938 -0.86397916078567505 0.18508858978748322
vn -0.5697062611579895 -0.82114714384078979 0.033943414688110352
vn -0.6544572114944458 -0.7505374550819397 -0.091538526117801666
vn -0.66897505521774292 -0.73464804887771606 -0.11298049986362457
vn -0.74708056449890137 -0.62452882528305054 -0.22767171263694763
vn -0.81192034482955933 -0.48810398578643799 -0.32021850347518921
vn -0.81990045309066772 -0.46698978543281555 -0.33118546009063721
vn -0.87773817777633667 -0.25998198986053467 -0.40247371792793274
vn -0.89914339780807495 -0.35718622803688049 -0.25290146470069885
vn -0.85180383920669556 -0.51836425065994263 -0.075688347220420837
vn -0.75367647409439087 -0.6486353874206543 0.10603760927915573
vn -0.61061191558837891 -0.74023234844207764 0.28144121170043945
vn -0.43114039301872253 -0.78769379854202271 0.44006416201591492
vn -0.7008172869682312 0.2420220822095871 -0.67102938890457153
vn -0.94542193412780762 0.11149416118860245 -0.3061804473400116
vn -0.92431318759918213 0.054890546947717667 -0.37766677141189575
vn -0.89604777097702026 -0.00056848616804927588 -0.44395723938941956
vn -0.99133574962615967 0.02983558364212513 0.12791900336742401
vn -0.9974750280380249 -0.035038139671087265 0.061772875487804413
vn -0.99477124214172363 -0.10187043994665146 -0.0072556762024760246
vn -0.98290657997131348 -0.16764390468597412 -0.076093204319477081
vn -0.96261358261108398 -0.23032198846340179 -0.14257249236106873
vn -0.93481945991516113 -0.28929021954536438 -0.20597037672996521
vn -0.92019277811050415 -0.16782964766025543 0.35366439819335938
vn -0.92252302169799805 -0.24328640103340149 0.29960471391677856
vn -0.9165571928024292 -0.31918194890022278 0.24092690646648407
vn -0.90215706825256348 -0.39200007915496826 0.18013480305671692
vn -0.88010680675506592 -0.45956048369407654 0.11923143267631531
vn -0.85129755735397339 -0.52134925127029419 0.059054728597402573
vn -0.75990909337997437 -0.29970207810401917 0.57681608200073242
vn -0.7536577582359314 -0.38221931457519531 0.53470396995544434
vn -0.74034273624420166 -0.46416139602661133 0.48625802993774414
vn -0.72023016214370728 -0.54167938232421875 0.43341889977455139
vn -0.6942209005355835 -0.61249703168869019 0.37802737951278687
vn -0.66312456130981445 -0.67616748809814453 0.32103484869003296
vn -0.51239287853240967 -0.43668010830879211 0.73943495750427246
vn -0.48857763409614563 -0.52099239826202393 0.69989913702011108
vn -0.46030354499816895 -0.6003527045249939 0.65398567914962769
vn -0.42863789200782776 -0.67244714498519897 0.6033940315246582
vn -0.39427381753921509 -0.73685526847839355 0.54917436838150024
vn -0.14274878799915314 -0.55665552616119385 0.81838709115982056
vn -0.10417265444993973 -0.62779909372329712 0.77137303352355957
vn -0.065816409885883331 -0.69165778160095215 0.71922016143798828
vn 0.29456213116645813 -0.60465139150619507 0.74002015590667725
vn 0.12351646274328232 -0.69288891553878784 0.71038627624511719
vn -0.052213024348020554 -0.75485163927078247 0.65381407737731934
vn -0.2259625643491745 -0.78818988800048828 0.57244879007339478
vn -0.76487171649932861 0.25474882125854492 -0.59167075157165527
vn -0.81495457887649536 0.2575094997882843 -0.51917040348052979
vn -0.93290549516677856 0.22207912802696228 -0.2834928035736084
vn -0.94471824169158936 0.21248392760753632 -0.24971590936183929
vn -0.97406876087188721 0.17591606080532074 -0.14227983355522156
vn -0.99162453413009644 0.12680791318416595 -0.024506593123078346
vn -0.99423140287399292 0.10473040491342545 0.023140883073210716
vn -0.98331820964813232 0.025130350142717361 0.18014916777610779
vn -0.94670742750167847 -0.050663445144891739 0.31808522343635559
vn -0.87942838668823242 -0.13021394610404968 0.45787560939788818
vn -0.80522209405899048 -0.19018903374671936 0.56164538860321045
vn -0.68281704187393188 -0.2617226243019104 0.68210130929946899
vn -0.57773655652999878 -0.30880013108253479 0.75555473566055298
vn -0.47498559951782227 -0.34772652387619019 0.80837798118591309
vn -0.41301381587982178 -0.36908000707626343 0.83258605003356934
vn -0.19042564928531647 -0.43963035941123962 0.87776035070419312
vn -0.16422060132026672 -0.44772475957870483 0.87896198034286499
vn -0.13618984818458557 -0.4564034640789032 0.87928849458694458
vn -0.016028651967644691 -0.49428123235702515 0.86915427446365356
vn 0.086859196424484253 -0.52828681468963623 0.84461146593093872
vn -0.43531021475791931 -0.78716224431991577 0.4368988573551178
vn -0.61758100986480713 -0.73717212677001953 0.27417325973510742
vn -0.76143747568130493 -0.64132893085479736 0.094393707811832428
vn -0.85793155431747437 -0.50559425354003906 -0.091257244348526001
vn -0.90106117725372314 -0.33841100335121155 -0.27123188972473145
vn -0.88814365863800049 -0.15017811954021454 -0.43433555960655212
vn -0.81998246908187866 0.04739602655172348 -0.57042300701141357
vn -0.87440192699432373 -0.094908446073532104 -0.47582942247390747
vn -0.77807521820068359 -0.62444484233856201 0.068320229649543762
vn -0.2259625643491745 -0.78818988800048828 0.57244879007339478
vn -0.2259625643491745 -0.78818988800048828 0.57244879007339478
vn -0.77807521820068359 -0.62444484233856201 0.068320229649543762
vn -0.89431416988372803 -0.38931119441986084 -0.22054238617420197
vn -0.87440192699432373 -0.094908446073532104 -0.47582942247390747
vn -0.89431416988372803 -0.38931119441986084 -0.22054238617420197
vn -0.77807521820068359 -0.62444484233856201 0.068320229649543762
vn -0.87440192699432373 -0.094908446073532104 -0.47582942247390747
vn -0.89431416988372803 -0.38931119441986084 -0.22054238617420197
vn -0.2259625643491745 -0.78818988800048828 0.57244879007339478
vn -0.2259625643491745 -0.78818988800048828 0.57244879007339478
vn -0.89287251234054565 -0.17471139132976532 -0.41503563523292542
vn -0.87440156936645508 -0.094907045364379883 -0.47583043575286865
vn -0.85587430000305176 -0.037942793220281601 -0.51579022407531738
vn -0.78837442398071289 0.10832638293504715 -0.6055833101272583
vn -0.7156023383140564 0.22198967635631561 -0.66229438781738281
vn -0.69898802042007446 0.24444405734539032 -0.67205864191055298
vn -0.64713329076766968 0.30859163403511047 -0.69712960720062256
vn -0.58917796611785889 0.37177020311355591 -0.71739542484283447
vn -0.54578649997711182 0.41437619924545288 -0.72829216718673706
vn -0.51920831203460693 0.43877238035202026 -0.73341768980026245
vn -0.51248013973236084 0.44475910067558289 -0.73454302549362183
vn -0.51007568836212158 0.44688066840171814 -0.73492890596389771
vn -0.51185274124145508 0.44531357288360596 -0.73464453220367432
vn -0.51759910583496094 0.44021099805831909 -0.73369300365447998
vn -0.52704519033432007 0.43170458078384399 -0.73202085494995117
vn -0.53987407684326172 0.41990917921066284 -0.72952878475189209
vn -0.55385345220565796 0.40672570466995239 -0.726512610912323
vn -0.55605053901672363 0.40462145209312439 -0.72600913047790527
vn -0.57572829723358154 0.38536825776100159 -0.72112983465194702
vn -0.59878742694854736 0.36182507872581482 -0.71451818943023682
vn -0.62501466274261475 0.33364257216453552 -0.705718994140625
vn -0.65410929918289185 0.30042603611946106 -0.69417953491210938
vn -0.68564343452453613 0.26175966858863831 -0.67924588918685913
vn -0.7008172869682312 0.2420220822095871 -0.67102938890457153
vn -0.43114039301872253 -0.78769379854202271 0.44006416201591492
vn -0.61061191558837891 -0.74023234844207764 0.28144121170043945
vn -0.75367647409439087 -0.6486353874206543 0.10603760927915573
vn -0.85180383920669556 -0.51836425065994263 -0.075688347220420837
vn -0.89914339780807495 -0.35718622803688049 -0.25290146470069885
vn -0.81998246908187866 0.04739602655172348 -0.57042300701141357
vn -0.88814365863800049 -0.15017811954021454 -0.43433555960655212
vn -0.90106117725372314 -0.33841100335121155 -0.27123188972473145
vn -0.85793155431747437 -0.50559425354003906 -0.091257244348526001
vn -0.76143747568130493 -0.64132893085479736 0.094393707811832428
vn -0.61758100986480713 -0.73717212677001953 0.27417325973510742
vn -0.43531021475791931 -0.78716224431991577 0.4368988573551178
vn -0.2259625643491745 -0.78818988800048828 0.57244879007339478
vn -0.22425231337547302 -0.79060310125350952 0.56978732347488403
vn -0.22124803066253662 -0.78766709566116333 0.57500427961349487
vn -0.22360610961914062 -0.78793132305145264 0.57372862100601196
vn -0.22510825097560883 -0.78939753770828247 0.57111972570419312
vn -0.22199699282646179 -0.7884058952331543 0.57370156049728394
vn -0.22274737060070038 -0.78914153575897217 0.57239776849746704
vn -0.22349914908409119 -0.78987395763397217 0.57109308242797852
vn -0.2259625643491745 -0.78818988800048828 0.57244879007339478
vn -0.2259625643491745 -0.78818988800048828 0.57244879007339478
vn -0.22124803066253662 -0.78766709566116333 0.57500427961349487
vn -0.22360610961914062 -0.78793132305145264 0.57372862100601196
vn -0.052213024348020554 -0.75485163927078247 0.65381407737731934
vn 0.12351646274328232 -0.69288891553878784 0.71038627624511719
vn 0.29456213116645813 -0.60465139150619507 0.74002015590667725
vn -0.2259625643491745 -0.78818988800048828 0.57244879007339478
vn -0.2259625643491745 -0.78818988800048828 0.57244879007339478
vn 0.2952403724193573 -0.60424244403839111 0.74008387327194214
vn 0.33947524428367615 -0.5764847993850708 0.74325084686279297
vn 0.37748235464096069 -0.55085808038711548 0.74435371160507202
vn 0.40975618362426758 -0.52772897481918335 0.74404436349868774
vn 0.43673181533813477 -0.50737583637237549 0.74285602569580078
vn 0.4585164487361908 -0.49022355675697327 0.7412446141242981
vn 0.45880860090255737 -0.4899890124797821 0.74121886491775513
vn 0.47636249661445618 -0.47567230463027954 0.73946917057037354
vn 0.48992186784744263 -0.46430253982543945 0.73783445358276367
vn 0.49973750114440918 -0.45589712262153625 0.736491858959198
vn 0.50567442178726196 -0.45074003934860229 0.73561322689056396
vn 0.50757890939712524 -0.44907382130622864 0.7353205680847168
vn 0.50528019666671753 -0.45108416676521301 0.73567312955856323
vn 0.49858018755912781 -0.45689594745635986 0.73665726184844971
vn 0.47103491425514221 -0.48006466031074524 0.74004322290420532
vn 0.45851653814315796 -0.4902234673500061 0.74124455451965332
vn 0.42276126146316528 -0.51803606748580933 0.74358022212982178
vn 0.35108041763305664 -0.56883883476257324 0.74375057220458984
vn 0.29581359028816223 -0.60389643907546997 0.74013739824295044
vn 0.25275120139122009 -0.62892246246337891 0.73523694276809692
vn 0.123623326420784 -0.69284260272979736 0.71041280031204224
vn -0.042611587792634964 -0.75219142436981201 0.65756547451019287
vn -0.70996779203414917 -0.21163129806518555 0.67168289422988892
vn -0.81167203187942505 -0.38584664463996887 0.43853259086608887
vn -0.83547890186309814 -0.52830392122268677 0.15122812986373901
vn -0.77175742387771606 -0.61674576997756958 -0.15496832132339478
vn -0.63145595788955688 -0.64030301570892334 -0.43735042214393616
vn -0.24580095708370209 -0.84381651878356934 0.47702783346176147
vn -0.35630407929420471 -0.91610890626907349 0.18382558226585388
vn -0.43052834272384644 -0.89290869235992432 -0.13175508379936218
vn -0.45912876725196838 -0.7797706127166748 -0.42562729120254517
vn -0.44463792443275452 -0.60492384433746338 -0.66057872772216797
vn 0.086339019238948822 -0.93691736459732056 0.33872020244598389
vn -0.075050763785839081 -0.9949459433555603 0.06670784205198288
vn -0.23024278879165649 -0.94904994964599609 -0.21515674889087677
vn -0.35798075795173645 -0.80812299251556396 -0.46774673461914062
vn -0.44463792443275452 -0.60492384433746338 -0.66057872772216797
vn 0.38471409678459167 -0.9154350757598877 0.11821044236421585
vn 0.17761072516441345 -0.97675490379333496 -0.12001794576644897
vn -0.050317984074354172 -0.93609577417373657 -0.34812754392623901
vn -0.2671152651309967 -0.80158090591430664 -0.53489953279495239
vn -0.44463792443275452 -0.60492384433746338 -0.66057872772216797
vn 0.14615161716938019 -0.72100859880447388 -0.677337646484375
vn -0.16789437830448151 -0.69295775890350342 -0.70115691423416138
vn -0.44463792443275452 -0.60492384433746338 -0.66057872772216797
vn 0.13278570771217346 -0.55162066221237183 -0.82345771789550781
vn -0.17464442551136017 -0.607413649559021 -0.77495032548904419
vn -0.44463792443275452 -0.60492384433746338 -0.66057872772216797
vn 0.30976468324661255 -0.18692311644554138 -0.93225830793380737
vn 0.043791234493255615 -0.37364232540130615 -0.92653858661651611
vn -0.21958832442760468 -0.51753115653991699 -0.82700812816619873
vn -0.025092652067542076 0.47526946663856506 -0.87948238849639893
vn -0.16941015422344208 0.20088188350200653 -0.96485579013824463
vn -0.29743781685829163 -0.097479373216629028 -0.94975179433822632
vn -0.39191552996635437 -0.37806358933448792 -0.83873128890991211
vn -0.44463792443275452 -0.60492384433746338 -0.66057872772216797
vn -0.35723263025283813 0.56837034225463867 -0.74117475748062134
vn -0.45066344738006592 0.27971890568733215 -0.84773802757263184
vn -0.49772337079048157 -0.041338104754686356 -0.86635017395019531
vn -0.4930635392665863 -0.34971117973327637 -0.79661184549331665
vn -0.44463792443275452 -0.60492384433746338 -0.66057872772216797
vn -0.65560770034790039 0.54688799381256104 -0.52066498994827271
vn -0.70332497358322144 0.26152783632278442 -0.66101223230361938
vn -0.67764818668365479 -0.054292287677526474 -0.73337936401367188
vn -0.58392900228500366 -0.35625329613685608 -0.72945904731750488
vn -0.44463792443275452 -0.60492384433746338 -0.66057872772216797
vn -0.87479305267333984 0.41409292817115784 -0.25152376294136047
vn -0.88892918825149536 0.1490781307220459 -0.4331057071685791
vn -0.80982035398483276 -0.13436976075172424 -0.57108300924301147
vn -0.65067845582962036 -0.39669394493103027 -0.64749628305435181
vn -0.44463792443275452 -0.60492384433746338 -0.66057872772216797
vn -0.98141956329345703 0.1902020275592804 0.025274684652686119
vn -0.97921967506408691 -0.040510803461074829 -0.19871515035629272
vn -0.87411779165267944 -0.26937946677207947 -0.40416926145553589
vn -0.68314993381500244 -0.46487641334533691 -0.5632016658782959
vn -0.70996779203414917 -0.21163129806518555 0.67168289422988892
vn -0.81167203187942505 -0.38584664463996887 0.43853259086608887
vn -0.83547890186309814 -0.52830392122268677 0.15122812986373901
vn -0.77175742387771606 -0.61674576997756958 -0.15496832132339478
vn -0.63145595788955688 -0.64030301570892334 -0.43735042214393616
vn -0.44463792443275452 -0.60492384433746338 -0.66057872772216797
vn -0.18136385083198547 -0.77549582719802856 0.60474240779876709
vn -0.56114053726196289 -0.65030622482299805 0.51207727193832397
vn -0.76872426271438599 -0.30013424158096313 0.56478530168533325
vn -0.5086786150932312 -0.57463681697845459 0.64112287759780884
vn -0.39873224496841431 -0.91668963432312012 0.026318782940506935
vn -0.62068301439285278 -0.7762189507484436 -0.11061972379684448
vn -0.81443113088607788 -0.5802568793296814 -0.0019605089910328388
vn -0.62333095073699951 -0.75224602222442627 0.21350516378879547
vn -0.63038623332977295 -0.77453356981277466 0.052066732197999954
vn -0.45068517327308655 -0.84623038768768311 -0.28421294689178467
vn -0.5551605224609375 -0.72084003686904907 -0.41495352983474731
vn -0.70959937572479248 -0.63668638467788696 -0.30182644724845886
vn -0.59496867656707764 -0.75768977403640747 -0.26817607879638672
vn -0.45663952827453613 -0.6977655291557312 -0.55190908908843994
vn -0.44463792443275452 -0.60492384433746338 -0.66057872772216797
vn -0.54163402318954468 -0.62897789478302002 -0.55769109725952148
vn -0.50400394201278687 -0.66870003938674927 -0.54664462804794312
vn 0.36321499943733215 -0.86430519819259644 -0.34792447090148926
vn 0.2862047553062439 -0.95816826820373535 0.00062196928774937987
vn 0.49148374795913696 -0.83379846811294556 -0.25144350528717041
vn 0.30380243062973022 -0.70727407932281494 -0.63833177089691162
vn 0.081854157149791718 -0.8560183048248291 -0.51042389869689941
vn 0.064455285668373108 -0.96930187940597534 -0.23727482557296753
vn 0.22547268867492676 -0.87174832820892334 -0.43499076366424561
vn 0.047725994139909744 0.59368336200714111 -0.80328220129013062
vn 0.29024690389633179 0.28175914287567139 -0.9145318865776062
vn 0.37504076957702637 0.39282435178756714 -0.83966273069381714
vn -0.097601637244224548 0.34430238604545593 -0.93377178907394409
vn 0.097616702318191528 0.037018992006778717 -0.99453532695770264
vn 0.19773106276988983 0.16306941211223602 -0.96659755706787109
vn -0.2365960031747818 0.052334234118461609 -0.97019761800765991
vn -0.10728317499160767 -0.21416909992694855 -0.97088718414306641
vn 0.17910291254520416 -0.28409853577613831 -0.94191837310791016
vn -0.0049419947899878025 -0.089821860194206238 -0.99594557285308838
vn -0.34970015287399292 -0.24268294870853424 -0.90488386154174805
vn -0.29588377475738525 -0.43699413537979126 -0.84940505027770996
vn -0.090785980224609375 -0.45222693681716919 -0.88727039098739624
vn -0.20541661977767944 -0.33122354745864868 -0.920920729637146
vn -0.42348888516426086 -0.49963724613189697 -0.75565850734710693
vn -0.44463792443275452 -0.60492384433746338 -0.66057872772216797
vn -0.33849439024925232 -0.56842488050460815 -0.74987649917602539
vn -0.37612450122833252 -0.52870273590087891 -0.76092296838760376
vn -0.83427613973617554 -0.46217983961105347 0.3006211519241333
vn -0.96045041084289551 -0.27837574481964111 0.0064756041392683983
vn -0.99325400590896606 0.077321164309978485 -0.086417436599731445
vn -0.95925444364547729 -0.090699411928653717 0.26759025454521179
vn -0.97249513864517212 -0.18575835227966309 0.14052431285381317
vn -0.81443113088607788 -0.5802568793296814 -0.0019605089910328388
vn -0.86075186729431152 -0.43876737356185913 -0.25804921984672546
vn -0.93913066387176514 -0.15708135068416595 -0.3055470883846283
vn -0.92284780740737915 -0.3634364902973175 -0.12753777205944061
vn -0.76872426271438599 -0.30013424158096313 0.56478530168533325
vn -0.94491809606552124 0.29779025912284851 0.13583362102508545
vn -0.92191118001937866 0.006221420131623745 0.38735127449035645
vn -0.30430701375007629 -0.89109361171722412 0.3366740345954895
vn -0.83427613973617554 -0.46217983961105347 0.3006211519241333
vn -0.59963971376419067 -0.70986062288284302 0.36949977278709412
vn -0.70959937572479248 -0.63668638467788696 -0.30182644724845886
vn -0.67639988660812378 -0.55042052268981934 -0.48940825462341309
vn -0.78726726770401001 -0.37311547994613647 -0.49091249704360962
vn -0.77712559700012207 -0.50164186954498291 -0.38004106283187866
vn -0.54163402318954468 -0.62897789478302002 -0.55769109725952148
vn -0.44463792443275452 -0.60492384433746338 -0.66057872772216797
vn -0.56713032722473145 -0.54245471954345703 -0.61976295709609985
vn -0.563801109790802 -0.58464640378952026 -0.58336687088012695
vn -0.46079900860786438 -0.47792956233024597 0.74782860279083252
vn -0.14767217636108398 -0.67789214849472046 0.72017717361450195
vn 0.18595124781131744 -0.78376460075378418 0.59256660938262939
vn 0.49376502633094788 -0.78085207939147949 0.38270893692970276
vn 0.73304516077041626 -0.6695588231086731 0.11973202228546143
vn 0.71116179227828979 -0.69796872138977051 0.084193795919418335
vn 0.67382341623306274 -0.73858743906021118 0.021226126700639725
vn 0.5783851146697998 -0.80033820867538452 -0.15789040923118591
vn 0.55980765819549561 -0.80486851930618286 -0.19698221981525421
vn 0.47662383317947388 -0.78156763315200806 -0.40246951580047607
vn 0.42352515459060669 -0.68292754888534546 -0.59517765045166016
vn 0.4054836630821228 -0.56337898969650269 -0.71985214948654175
vn 0.40411335229873657 -0.44038572907447815 -0.80171865224838257
vn 0.40444386005401611 -0.4307059645652771 -0.80679458379745483
vn 0.43002814054489136 -0.1493060439825058 -0.89038389921188354
vn 0.43976238369941711 -0.078039169311523438 -0.89471721649169922
vn 0.45578286051750183 0.0279836505651474 -0.88965100049972534
vn 0.46915653347969055 0.10935525596141815 -0.87631821632385254
vn 0.51359695196151733 0.34732002019882202 -0.78459352254867554
vn 0.52886068820953369 0.41791543364524841 -0.73868334293365479
vn 0.24265860021114349 0.62856042385101318 -0.73893749713897705
vn -0.074187107384204865 0.75982892513275146 -0.64587640762329102
vn -0.38166424632072449 0.79514390230178833 -0.47125208377838135
vn -0.64094370603561401 0.73004579544067383 -0.23711667954921722
vn -0.81928282976150513 0.57275527715682983 0.02696254663169384
vn -0.89416050910949707 0.34313556551933289 0.28763684630393982
vn -0.85612094402313232 0.070183627307415009 0.51198750734329224
vn 0.52886068820953369 0.41791543364524841 -0.73868334293365479
vn -0.88818544149398804 0.39316129684448242 0.23780405521392822
vn -0.70996779203414917 -0.21163129806518555 0.67168289422988892
vn -0.70996779203414917 -0.21163129806518555 0.67168289422988892
vn -0.77623844146728516 0.62822401523590088 -0.052806183695793152
vn -0.88818544149398804 0.39316129684448242 0.23780405521392822
vn -0.54611611366271973 0.76764529943466187 -0.33537715673446655
vn -0.77623844146728516 0.62822401523590088 -0.052806183695793152
vn 0.47826379537582397 0.46322214603424072 -0.74611592292785645
vn 0.38384360074996948 0.53765743970870972 -0.7507253885269165
vn 0.26837486028671265 0.61363619565963745 -0.7425803542137146
vn 0.13516063988208771 0.68373376131057739 -0.71710509061813354
vn 0.11586067080497742 0.69245314598083496 -0.71209901571273804
vn -0.0057612787932157516 0.73940765857696533 -0.67323333024978638
vn -0.012548166327178478 0.74162584543228149 -0.67069637775421143
vn -0.17173072695732117 0.78138303756713867 -0.59995758533477783
vn -0.25483167171478271 0.79244780540466309 -0.55415457487106323
vn -0.33998292684555054 0.79628056287765503 -0.50034880638122559
vn -0.42712771892547607 0.7914355993270874 -0.43725460767745972
vn -0.51645451784133911 0.77569979429244995 -0.36271831393241882
vn -0.54611551761627197 0.76764547824859619 -0.33537769317626953
vn -0.6086801290512085 0.74510663747787476 -0.27262532711029053
vn -0.61706572771072388 0.74143970012664795 -0.2636229395866394
vn -0.70599067211151123 0.69056016206741333 -0.15717439353466034
vn -0.82142752408981323 0.56944584846496582 0.031436767429113388
vn -0.83482736349105835 0.54713433980941772 0.06088797003030777
vn -0.88818544149398804 0.39316129684448242 0.23780404031276703
vn -0.89571011066436768 0.30085968971252441 0.32739394903182983
vn -0.89530235528945923 0.27789470553398132 0.3481496274471283
vn -0.86607110500335693 0.10220467299222946 0.48936182260513306
vn -0.81544727087020874 -0.031754631549119949 0.57795971632003784
vn -0.75448733568191528 -0.14453160762786865 0.64020270109176636
vn -0.73592698574066162 -0.17368283867835999 0.65440487861633301
vn -0.85612094402313232 0.070183627307415009 0.51198750734329224
vn -0.89416050910949707 0.34313556551933289 0.28763684630393982
vn -0.81928282976150513 0.57275527715682983 0.02696254663169384
vn -0.64094370603561401 0.73004579544067383 -0.23711667954921722
vn -0.38166424632072449 0.79514390230178833 -0.47125208377838135
vn -0.074187107384204865 0.75982892513275146 -0.64587640762329102
vn 0.24265860021114349 0.62856042385101318 -0.73893749713897705
vn -0.70996779203414917 -0.21163129806518555 0.67168289422988892
vn -0.70996779203414917 -0.21163129806518555 0.67168289422988892
vn -0.70996779203414917 -0.21163129806518555 0.67168289422988892
vn 0.73304516077041626 -0.6695588231086731 0.11973202228546143
vn 0.49376502633094788 -0.78085207939147949 0.38270893692970276
vn 0.18595124781131744 -0.78376460075378418 0.59256660938262939
vn -0.14767217636108398 -0.67789214849472046 0.72017717361450195
vn -0.46079900860786438 -0.47792956233024597 0.74782860279083252
vn -0.70996779203414917 -0.21163129806518555 0.67168289422988892
vn -0.68568998575210571 -0.24462604522705078 0.68555623292922974
vn -0.61022359132766724 -0.33528628945350647 0.71778148412704468
vn -0.52889066934585571 -0.41788727045059204 0.73867779970169067
vn -0.44242683053016663 -0.49292132258415222 0.74919092655181885
vn -0.27408546209335327 -0.61022776365280151 0.74330294132232666
vn -0.25740361213684082 -0.62008780241012573 0.74110358953475952
vn -0.11586032807826996 -0.69245326519012451 0.71209889650344849
vn -0.063140504062175751 -0.71448880434036255 0.69679194688796997
vn 0.12998773157596588 -0.77326279878616333 0.62061887979507446
vn 0.29754602909088135 -0.7953641414642334 0.52807402610778809
vn 0.31001183390617371 -0.79584294557571411 0.52012175321578979
vn 0.46527999639511108 -0.78617167472839355 0.40675371885299683
vn 0.54611790180206299 -0.76764476299285889 0.33537545800209045
vn 0.58695906400680542 -0.75385737419128418 0.29525935649871826
vn 0.6073378324508667 -0.74567830562591553 0.27405232191085815
vn 0.67089861631393433 -0.71354937553405762 0.20184734463691711
vn 0.71818947792053223 -0.68148428201675415 0.14065210521221161
vn -0.70996779203414917 -0.21163129806518555 0.67168289422988892
vn -0.70996779203414917 -0.21163129806518555 0.67168289422988892
vn 0.6053205132484436 -0.51413488388061523 -0.60766142606735229
vn 0.27245089411735535 -0.79090875387191772 -0.54793602228164673
vn 0.28459182381629944 -0.88051646947860718 -0.37907552719116211
vn 0.28622010350227356 -0.93858718872070312 -0.19269701838493347
vn 0.27684032917022705 -0.96091306209564209 0.0023485724814236164
vn 0.25673088431358337 -0.94607263803482056 0.19757479429244995
vn 0.22728820145130157 -0.89580327272415161 0.38193795084953308
vn -0.098107226192951202 -0.84421926736831665 -0.52694284915924072
vn -0.06581413745880127 -0.9309278130531311 -0.35922405123710632
vn -0.030423089861869812 -0.98414123058319092 -0.17475830018520355
vn 0.0063762892968952656 -0.99982351064682007 0.017671123147010803
vn 0.042980071157217026 -0.97682404518127441 0.20968438684940338
vn 0.077323168516159058 -0.91737806797027588 0.39043387770652771
vn 0.10772304981946945 -0.82751303911209106 0.55101537704467773
vn -0.44751444458961487 -0.794048011302948 -0.41136184334754944
vn -0.39621946215629578 -0.88348501920700073 -0.24992869794368744
vn -0.32899278402328491 -0.94126969575881958 -0.075993917882442474
vn -0.24865008890628815 -0.96320438385009766 0.10203173756599426
vn -0.15857018530368805 -0.9478834867477417 0.27635553479194641
vn -0.064082086086273193 -0.89707374572753906 0.43720957636833191
vn 0.029364785179495811 -0.81626158952713013 0.57693564891815186
vn -0.72928953170776367 -0.64855235815048218 -0.21798306703567505
vn -0.66267067193984985 -0.74590188264846802 -0.067066475749015808
vn -0.56977057456970215 -0.81694316864013672 0.089248917996883392
vn -0.45431292057037354 -0.85700958967208862 0.24317561089992523
vn -0.32110786437988281 -0.8639565110206604 0.38790315389633179
vn -0.178116574883461 -0.83819156885147095 0.51547002792358398
vn -0.033826258033514023 -0.78363263607025146 0.62030291557312012
vn -0.90747874975204468 -0.41856151819229126 0.035896148532629013
vn -0.83116942644119263 -0.52841871976852417 0.17300595343112946
vn -0.72203385829925537 -0.62041521072387695 0.30618959665298462
vn -0.5843701958656311 -0.68914318084716797 0.4284777045249939
vn -0.42389363050460815 -0.73128980398178101 0.53434950113296509
vn -0.25022983551025391 -0.74511420726776123 0.61821508407592773
vn -0.073787078261375427 -0.73205476999282837 0.67723798751831055
vn -0.94262105226516724 -0.15124525129795074 0.29764148592948914
vn -0.86440050601959229 -0.27563998103141785 0.4205167293548584
vn -0.75206303596496582 -0.39199256896972656 0.52985185384750366
vn -0.61001992225646973 -0.49403363466262817 0.61952114105224609
vn -0.44416490197181702 -0.57709246873855591 0.68533337116241455
vn -0.26445192098617554 -0.63693118095397949 0.72414350509643555
vn -0.081668101251125336 -0.67210626602172852 0.73593717813491821
vn -0.83815592527389526 0.11659476906061172 0.53282290697097778
vn -0.76561659574508667 -0.022365977987647057 0.64290821552276611
vn -0.66279727220535278 -0.16312234103679657 0.73081523180007935
vn -0.53377264738082886 -0.29854175448417664 0.79117608070373535
vn -0.3839057981967926 -0.42259302735328674 0.82099419832229614
vn -0.22217485308647156 -0.52853620052337646 0.81932157278060913
vn -0.058240700513124466 -0.61204028129577637 0.78867906332015991
vn -0.61023992300033569 0.34963735938072205 0.71088743209838867
vn -0.55009537935256958 0.19800297915935516 0.81128901243209839
vn -0.46804222464561462 0.036013346165418625 0.88297200202941895
vn -0.36742061376571655 -0.12844796478748322 0.9211423397064209
vn -0.25243589282035828 -0.28816595673561096 0.92370802164077759
vn -0.12993714213371277 -0.43422377109527588 0.89138436317443848
vn -0.0071281190030276775 -0.55977803468704224 0.82861191034317017
vn -0.30470237135887146 0.65906262397766113 0.68759942054748535
vn -0.27429339289665222 0.45433473587036133 0.84755122661590576
vn -0.25592416524887085 0.35303792357444763 0.89992612600326538
vn -0.20788119733333588 0.12498468160629272 0.97013616561889648
vn -0.16802984476089478 -0.035778462886810303 0.98513239622116089
vn -0.093396909534931183 -0.28477400541305542 0.95403397083282471
vn -0.044393274933099747 -0.41802597045898438 0.90734970569610596
vn 0.015211097896099091 -0.55328172445297241 0.83285528421401978
vn 0.059950988739728928 -0.637931227684021 0.76775622367858887
vn 0.072741188108921051 -0.65969359874725342 0.74800604581832886
vn 0.085668899118900299 -0.68068045377731323 0.7275540828704834
vn 0.10168659687042236 -0.70525020360946655 0.70162808895111084
vn 0.11327778548002243 -0.7220798134803772 0.6824725866317749
vn 0.12497294694185257 -0.73825520277023315 0.66284316778182983
vn 0.15807145833969116 -0.77991557121276855 0.60559481382369995
vn 0.19173544645309448 -0.81616491079330444 0.54508012533187866
vn 0.25993090867996216 -0.87145549058914185 0.41593420505523682
vn 0.34926331043243408 -0.90758353471755981 0.23303918540477753
vn 0.43278005719184875 -0.90042150020599365 0.044074520468711853
vn 0.49767467379570007 -0.85866361856460571 -0.12254253029823303
vn 0.52640944719314575 -0.82485026121139526 -0.20619210600852966
vn 0.56092804670333862 -0.76254022121429443 -0.3223230242729187
vn 0.58342689275741577 -0.69658392667770386 -0.41759294271469116
vn 0.60255050659179688 -0.5811963677406311 -0.54694026708602905
vn 0.37599459290504456 -0.63307809829711914 -0.6766389012336731
vn 0.11978667229413986 -0.70675891637802124 -0.69723957777023315
vn -0.14498549699783325 -0.72990947961807251 -0.66799056529998779
vn -0.39939182996749878 -0.70087456703186035 -0.59098309278488159
vn -0.62524330615997314 -0.62173014879226685 -0.471722811460495
vn -0.80639255046844482 -0.49813464283943176 -0.31873637437820435
vn -0.92988818883895874 -0.33892464637756348 -0.14296163618564606
vn -0.98690074682235718 -0.15548296272754669 0.043034244328737259
vn -0.97335410118103027 0.039075091481208801 0.2259533554315567
vn -0.89021676778793335 0.23083944618701935 0.39271777868270874
vn -0.74343270063400269 0.40609973669052124 0.53140455484390259
vn -0.54349637031555176 0.55232566595077515 0.63209813833236694
vn -0.823536217212677 -0.39206194877624512 -0.40997022390365601
vn -0.81207805871963501 -0.49279490113258362 -0.31254184246063232
vn -0.95717871189117432 -0.27827349305152893 -0.079829767346382141
vn -0.89834630489349365 -0.39151263236999512 -0.19922803342342377
vn -0.89889323711395264 -0.33980256319046021 -0.27663174271583557
vn -0.94746625423431396 -0.29236459732055664 -0.12973314523696899
vn -0.17345863580703735 -0.72927635908126831 -0.66186714172363281
vn -0.97499316930770874 0.032359123229980469 0.21986624598503113
vn -0.17345863580703735 -0.72927635908126831 -0.66186714172363281
vn 0.21285885572433472 -0.68614679574966431 -0.69562464952468872
vn 0.21285885572433472 -0.68614679574966431 -0.69562464952468872
vn -0.17345863580703735 -0.72927635908126831 -0.66186714172363281
vn 0.56677049398422241 -0.53855758905410767 -0.62347966432571411
vn 0.21285885572433472 -0.68614679574966431 -0.69562464952468872
vn -0.83439648151397705 0.30897790193557739 0.45641553401947021
vn -0.97499316930770874 0.032359123229980469 0.21986624598503113
vn -0.83439648151397705 0.30897790193557739 0.45641553401947021
vn -0.81207805871963501 -0.49279490113258362 -0.31254184246063232
vn -0.89834630489349365 -0.39151263236999512 -0.19922803342342377
vn -0.95717871189117432 -0.27827349305152893 -0.079829767346382141
vn 0.6053205132484436 -0.51413488388061523 -0.60766142606735229
vn 0.63543277978897095 -0.49352878332138062 -0.59384721517562866
vn 0.64964866638183594 -0.4832938015460968 -0.58684217929840088
vn 0.63620388507843018 -0.49298220872879028 -0.59347546100616455
vn 0.59565526247024536 -0.52045667171478271 -0.61181670427322388
vn 0.56677079200744629 -0.53855746984481812 -0.62347954511642456
vn 0.56522297859191895 -0.53949511051177979 -0.62407374382019043
vn 0.54308617115020752 -0.55256205797195435 -0.6322440505027771
vn 0.52799826860427856 -0.56111162900924683 -0.63747274875640869
vn 0.48398452997207642 -0.58449923992156982 -0.65124469995498657
vn 0.43321400880813599 -0.6088099479675293 -0.66458714008331299
vn 0.37575453519821167 -0.63317328691482544 -0.67668312788009644
vn 0.31170547008514404 -0.65670865774154663 -0.68671202659606934
vn 0.23981305956840515 -0.6789124608039856 -0.69395065307617188
vn 0.15823422372341156 -0.69905245304107666 -0.69734328985214233
vn 0.066103272140026093 -0.71565604209899902 -0.69531780481338501
vn -0.037607442587614059 -0.72678905725479126 -0.68583035469055176
vn -0.14637719094753265 -0.72989296913146973 -0.6677049994468689
vn -0.99022454023361206 -0.10496967285871506 0.091851837933063507
vn -0.97499316930770874 0.032359257340431213 0.21986636519432068
vn -0.96322339773178101 0.074817031621932983 0.25807568430900574
vn -0.92651838064193726 0.1658138781785965 0.33774170279502869
vn -0.87351655960083008 0.25636190176010132 0.41382050514221191
vn -0.81635814905166626 0.33061513304710388 0.47355359792709351
vn -0.75794261693954468 0.39236938953399658 0.52112305164337158
vn -0.70012229681015015 0.44402068853378296 0.55917292833328247
vn -0.6441841721534729 0.48726817965507507 0.58957314491271973
vn -0.59107834100723267 0.52340292930603027 0.61373919248580933
vn -0.5667731761932373 0.53855597972869873 0.62347865104675293
vn -0.54062062501907349 0.5539785623550415 0.6331169605255127
vn -0.492715984582901 0.58003699779510498 0.64868175983428955
vn -0.44825050234794617 0.60189306735992432 0.66090559959411621
vn -0.40809696912765503 0.61985480785369873 0.67025130987167358
vn -0.37310501933097839 0.63422060012817383 0.67716830968856812
vn -0.34408646821975708 0.64526897668838501 0.6820794939994812
vn -0.30685886740684509 0.65834224224090576 0.68733042478561401
vn -0.30108028650283813 0.66026359796524048 0.68804258108139038
vn -0.30470237135887146 0.65906262397766113 0.68759942054748535
vn -0.54349637031555176 0.55232566595077515 0.63209813833236694
vn -0.74343270063400269 0.40609973669052124 0.53140455484390259
vn -0.89021676778793335 0.23083944618701935 0.39271777868270874
vn -0.97335410118103027 0.039075091481208801 0.2259533554315567
vn -0.98690074682235718 -0.15548296272754669 0.043034244328737259
vn -0.92988818883895874 -0.33892464637756348 -0.14296163618564606
vn -0.80639255046844482 -0.49813464283943176 -0.31873637437820435
vn -0.62524330615997314 -0.62173014879226685 -0.471722811460495
vn -0.39939182996749878 -0.70087456703186035 -0.59098309278488159
vn -0.14498549699783325 -0.72990947961807251 -0.66799056529998779
vn 0.11978667229413986 -0.70675891637802124 -0.69723957777023315
vn 0.37599459290504456 -0.63307809829711914 -0.6766389012336731
vn -0.40325519442558289 -0.69999712705612183 -0.5893973708152771
vn -0.63069069385528564 -0.61899304389953613 -0.46805649995803833
vn -0.81207805871963501 -0.49279490113258362 -0.31254184246063232
vn -0.96715599298477173 -0.24918603897094727 -0.050155662000179291
vn -0.14637717604637146 -0.72989296913146973 -0.6677049994468689
vn -0.81207805871963501 -0.49279490113258362 -0.31254184246063232
vn -0.15524856746196747 -0.72529894113540649 -0.67070066928863525
vn -0.17640045285224915 -0.71442466974258423 -0.67711174488067627
vn -0.30170023441314697 -0.65204620361328125 -0.69556647539138794
vn -0.43475738167762756 -0.58847427368164062 -0.68167740106582642
vn -0.56223297119140625 -0.52825164794921875 -0.63627374172210693
vn -0.66133862733840942 -0.48019161820411682 -0.57623541355133057
vn -0.67806190252304077 -0.47182247042655945 -0.56357395648956299
vn -0.823536217212677 -0.39206194877624512 -0.40997022390365601
vn -0.63069069385528564 -0.61899304389953613 -0.46805649995803833
vn -0.40325519442558289 -0.69999712705612183 -0.5893973708152771
vn -0.012308039702475071 -0.97436040639877319 0.22465600073337555
vn -0.016255820170044899 -0.92960566282272339 -0.36819702386856079
vn 0.1617085337638855 -0.98426270484924316 0.071254827082157135
vn 0.15475353598594666 -0.98503696918487549 -0.075852185487747192
vn 0.32038533687591553 -0.94535130262374878 0.060532044619321823
vn 0.6121671199798584 -0.7719922661781311 0.17111197113990784
vn 0.099379554390907288 -0.96988022327423096 0.22238728404045105
vn 0.20982496440410614 -0.9532771110534668 0.21733887493610382
vn 0.31764772534370422 -0.92475873231887817 0.20957386493682861
vn 0.42150005698204041 -0.88468146324157715 0.19918933510780334
vn 0.5200839638710022 -0.83354628086090088 0.18631505966186523
vn -0.016053259372711182 -0.95599764585494995 -0.29293474555015564
vn -0.015752263367176056 -0.97612953186035156 -0.21661725640296936
vn -0.015359113924205303 -0.9900328516960144 -0.13999643921852112
vn -0.014881459064781666 -0.99785232543945312 -0.063790448009967804
vn -0.014327988959848881 -0.99983310699462891 0.011335389688611031
vn -0.013708088546991348 -0.99630510807037354 0.084783658385276794
vn -0.013031505979597569 -0.98766547441482544 0.15603537857532501
vn 0.59325015544891357 -0.79171621799468994 0.14573849737644196
vn 0.58839219808578491 -0.79646146297454834 0.13944070041179657
vn 0.53837341070175171 -0.83901000022888184 0.078843563795089722
vn 0.48318102955818176 -0.87531501054763794 0.018965141847729683
vn 0.42328745126724243 -0.90511274337768555 -0.039982527494430542
vn 0.35916310548782349 -0.92813771963119507 -0.097786441445350647
vn 0.33407694101333618 -0.9349825382232666 -0.11916476488113403
vn 0.28042921423912048 -0.94595199823379517 -0.16289344429969788
vn 0.20847491919994354 -0.9534565806388855 -0.21785025298595428
vn 0.13464999198913574 -0.95326203107833862 -0.27048271894454956
vn 0.059544973075389862 -0.94532424211502075 -0.32065001130104065
vn -0.56667709350585938 0.80425035953521729 -0.17904868721961975
vn -0.76291459798812866 0.51183146238327026 0.39495548605918884
vn -0.82959091663360596 0.50918662548065186 0.22914603352546692
vn -0.8687056303024292 0.49132004380226135 0.062890402972698212
vn -0.62811094522476196 0.18234853446483612 0.75645595788955688
vn -0.75954824686050415 0.15523393452167511 0.63165569305419922
vn -0.86543631553649902 0.12292028963565826 0.48570632934570312
vn -0.9407762885093689 0.087409913539886475 0.32756590843200684
vn -0.98487144708633423 0.050650238990783691 0.16571891307830811
vn -0.34192246198654175 -0.13757230341434479 0.92960363626480103
vn -0.4472445547580719 -0.25888350605964661 0.85612595081329346
vn -0.5417245626449585 -0.37615698575973511 0.75169169902801514
vn -0.61798208951950073 -0.48075568675994873 0.6220707893371582
vn -0.67241060733795166 -0.56728065013885498 0.47545412182807922
vn -0.70448458194732666 -0.63336652517318726 0.32023161649703979
vn -0.18400517106056213 -0.24354615807533264 0.9522748589515686
vn -0.24246999621391296 -0.39630192518234253 0.8855242133140564
vn -0.29510751366615295 -0.54165476560592651 0.78709697723388672
vn -0.33781775832176208 -0.6687660813331604 0.66229230165481567
vn -0.36857053637504578 -0.77117919921875 0.51907455921173096
vn -0.38703429698944092 -0.84639847278594971 0.36580601334571838
vn 0.0033559368457645178 -0.28266111016273499 0.9592139720916748
vn 0.00048493919894099236 -0.44702306389808655 0.89452230930328369
vn -0.002508529694750905 -0.60273993015289307 0.79793375730514526
vn -0.0054165455512702465 -0.73816072940826416 0.6746031641960144
vn -0.0080792158842086792 -0.84643810987472534 0.53242576122283936
vn -0.010395148769021034 -0.92502856254577637 0.37975525856018066
vn 0.36389878392219543 -0.3421286940574646 0.86632883548736572
vn 0.43516328930854797 -0.47641205787658691 0.76397937536239624
vn 0.49179172515869141 -0.59464848041534424 0.63602995872497559
vn 0.53114646673202515 -0.69079816341400146 0.49059286713600159
vn 0.55298459529876709 -0.76241683959960938 0.33604851365089417
vn 0.93120914697647095 -0.35729843378067017 0.072023250162601471
vn -0.28527325391769409 -0.075315840542316437 0.95548242330551147
vn -0.44635447859764099 0.019126893952488899 0.89465177059173584
vn -0.3729935884475708 0.056307636201381683 0.92612373828887939
vn -0.39591655135154724 -0.19875778257846832 0.8965185284614563
vn -0.58266365528106689 -0.055688474327325821 0.81080323457717896
vn -0.55663365125656128 0.19331899285316467 0.8079521656036377
vn -0.51624935865402222 -0.018199611455202103 0.85624492168426514
vn -0.49656972289085388 -0.31885677576065063 0.80730962753295898
vn -0.70481443405151367 -0.13144223392009735 0.69710797071456909
vn -0.69675540924072266 0.16950549185276031 0.69699341058731079
vn -0.6464536190032959 -0.093957461416721344 0.75714576244354248
vn -0.58245909214019775 -0.43048179149627686 0.68951201438903809
vn -0.80325710773468018 -0.20275241136550903 0.56006205081939697
vn -0.81614148616790771 0.13959719240665436 0.56073677539825439
vn -0.7574228048324585 -0.16795049607753754 0.6309543251991272
vn -0.64801090955734253 -0.5264773964881897 0.55036664009094238
vn -0.87334257364273071 -0.26578426361083984 0.40820521116256714
vn -0.90704250335693359 0.10544218122959137 0.40762218832969666
vn -0.84195417165756226 -0.23546743392944336 0.48545673489570618
vn -0.69118911027908325 -0.6029399037361145 0.39839813113212585
vn -0.9144170880317688 -0.31836491823196411 0.24997036159038544
vn -0.96665346622467041 0.06906823068857193 0.24659806489944458
vn -0.89743602275848389 -0.29346847534179688 0.3293704092502594
vn -0.71254688501358032 -0.65859830379486084 0.2419198602437973
vn -0.99578320980072021 0.032369870692491531 0.085836917161941528
vn -0.92461282014846802 -0.34039545059204102 0.17094458639621735
vn 0.7803647518157959 -0.61119133234024048 0.1321970522403717
vn 0.55863469839096069 -0.80956572294235229 0.1803625226020813
vn 0.28616023063659668 -0.9344019889831543 0.21214449405670166
vn -0.012308039702475071 -0.97436040639877319 0.22465600073337555
vn -0.64047068357467651 0.76712459325790405 0.036292850971221924
vn -0.66484349966049194 0.73425662517547607 0.13729631900787354
vn -0.68013060092926025 0.69787567853927612 0.22448155283927917
vn -0.69040226936340332 0.64508295059204102 0.32743349671363831
vn -0.6916925311088562 0.59912878274917603 0.40324458479881287
vn -0.66044259071350098 0.44582268595695496 0.60420006513595581
vn -0.65164464712142944 0.42264896631240845 0.62986272573471069
vn -0.64895355701446533 0.41605266928672791 0.63699245452880859
vn -0.6408696174621582 0.39734607934951782 0.65681213140487671
vn -0.59755194187164307 0.31559300422668457 0.73711109161376953
vn -0.51304173469543457 0.20101267099380493 0.83449512720108032
vn -0.51144993305206299 0.19919377565383911 0.83590716123580933
vn -0.41469556093215942 0.10347998887300491 0.90405726432800293
vn -0.30016425251960754 0.016429772600531578 0.95374602079391479
vn -0.28695115447044373 0.0076925372704863548 0.95791435241699219
vn -0.23683588206768036 -0.023475479334592819 0.97126603126525879
vn -0.048376698046922684 -0.11892621964216232 0.99172389507293701
vn 0.0056304121389985085 -0.14144225418567657 0.98993051052093506
vn 0.026300083845853806 -0.14960677921772003 0.98839575052261353
vn 0.026746068149805069 -0.14978045225143433 0.98835748434066772
vn 0.33655878901481628 -0.24977059662342072 0.90793329477310181
vn 0.46015167236328125 -0.28131753206253052 0.84209316968917847
vn 0.51534485816955566 -0.29433470964431763 0.80485200881958008
vn 0.53701364994049072 -0.29928556084632874 0.78869795799255371
vn 0.59909707307815552 -0.3129790723323822 0.73697137832641602
vn 0.78553658723831177 -0.34935367107391357 0.5107683539390564
vn 0.81931686401367188 -0.35472646355628967 0.45043200254440308
vn 0.85240882635116577 -0.35918968915939331 0.37997624278068542
vn 0.90104901790618896 -0.36263191699981689 0.23792591691017151
vn 0.92448067665100098 -0.36013263463973999 0.12505990266799927
vn 0.92987936735153198 -0.35805666446685791 0.084378525614738464
vn -0.36464759707450867 -0.90647655725479126 0.21291399002075195
vn -0.66998803615570068 -0.72175765037536621 0.17372964322566986
vn -0.88897413015365601 -0.44401189684867859 0.11215341836214066
vn -0.9933810830116272 -0.10903779417276382 0.036121819168329239
vn -0.96975183486938477 0.23999011516571045 -0.044565491378307343
vn -0.82113200426101685 0.5580858588218689 -0.11950878798961639
vn -0.012308039702475071 -0.97436040639877319 0.22465600073337555
vn -0.012308039702475071 -0.97436040639877319 0.22465600073337555
vn -0.012308039702475071 -0.97436040639877319 0.22465600073337555
vn -0.012308039702475071 -0.97436040639877319 0.22465600073337555
vn -0.67105019092559814 0.72407025098800659 -0.15941758453845978
vn -0.59783357381820679 0.78257286548614502 -0.1737087070941925
vn -0.47982588410377502 0.85610675811767578 -0.19195926189422607
vn -0.37719923257827759 0.90338736772537231 -0.20399008691310883
vn -0.33384454250335693 0.91935914754867554 -0.20815035700798035
vn -0.2979770302772522 0.93091356754302979 -0.21120986342430115
vn -0.24803356826305389 0.944610595703125 -0.21491891145706177
vn -0.23507016897201538 0.94772416353225708 -0.2157798558473587
vn -0.23020881414413452 0.94884568452835083 -0.21609209477901459
vn -0.23323313891887665 0.9481508731842041 -0.21589852869510651
vn -0.24371694028377533 0.94566726684570312 -0.21521016955375671
vn -0.26105722784996033 0.94130116701126099 -0.21401214599609375
vn -0.28452801704406738 0.9348716139793396 -0.21227078139781952
vn -0.30697140097618103 0.9281536340713501 -0.21047432720661163
vn -0.31392177939414978 0.92595821619033813 -0.20989151298999786
vn -0.34933868050575256 0.91390818357467651 -0.20672278106212616
vn -0.39038801193237305 0.89807695150375366 -0.20262041687965393
vn -0.43654972314834595 0.87775129079818726 -0.19742584228515625
vn -0.48718160390853882 0.85216474533081055 -0.19096949696540833
vn -0.54152446985244751 0.82050919532775879 -0.18307361006736755
vn -0.56667709350585938 0.80425035953521729 -0.17904868721961975
vn -0.24900694191455841 -0.94316333532333374 0.22008751332759857
vn -0.47150734066963196 -0.85818654298782349 0.20296953618526459
vn -0.66712218523025513 -0.72427558898925781 0.17427812516689301
vn -0.82469737529754639 -0.54906606674194336 0.13564929366111755
vn -0.93524789810180664 -0.34254851937294006 0.089285671710968018
vn -0.99247008562088013 -0.1164986789226532 0.037830933928489685
vn -0.99310117959976196 0.1161939725279808 -0.015780944377183914
vn -0.93710511922836304 0.34226119518280029 -0.068492986261844635
vn -0.82767486572265625 0.54881250858306885 -0.11729951947927475
vn -0.82113200426101685 0.5580858588218689 -0.11950878798961639
vn -0.96975183486938477 0.23999011516571045 -0.044565491378307343
vn -0.9933810830116272 -0.10903779417276382 0.036121819168329239
vn -0.88897413015365601 -0.44401189684867859 0.11215341836214066
vn -0.66998803615570068 -0.72175765037536621 0.17372964322566986
vn -0.36464759707450867 -0.90647655725479126 0.21291399002075195
vn -0.67105019092559814 0.72407025098800659 -0.15941758453845978
vn -0.87071824073791504 0.4436890184879303 -0.2121080607175827
vn -0.85274606943130493 0.4058820903301239 -0.32876116037368774
vn -0.98242169618606567 0.12606121599674225 -0.13768124580383301
vn -0.96197158098220825 0.095300383865833282 -0.25598540902137756
vn -0.93153703212738037 0.066843695938587189 -0.35745024681091309
vn -0.88686907291412354 0.035696953535079956 -0.46063974499702454
vn -0.8289334774017334 0.0034592279698699713 -0.55933648347854614
vn -0.97474789619445801 -0.21534653007984161 -0.059096347540616989
vn -0.9544680118560791 -0.23853375017642975 -0.17914380133152008
vn -0.92428034543991089 -0.25600656867027283 -0.28313690423965454
vn -0.87997078895568848 -0.27120876312255859 -0.38999646902084351
vn -0.82249695062637329 -0.2829013466835022 -0.49342229962348938
vn -0.75249826908111572 -0.2906622588634491 -0.59098374843597412
vn -0.85067254304885864 -0.52558046579360962 0.011016699485480785
vn -0.83314508199691772 -0.5418856143951416 -0.11058609932661057
vn -0.8069491982460022 -0.54937750101089478 -0.2168349027633667
vn -0.76843422651290894 -0.55009102821350098 -0.32696893811225891
vn -0.71842700242996216 -0.54311448335647583 -0.43461400270462036
vn -0.65748202800750732 -0.52823787927627563 -0.53729146718978882
vn -0.6320229172706604 -0.77218335866928101 0.065420478582382202
vn -0.61934584379196167 -0.78301799297332764 -0.057389192283153534
vn -0.60018444061279297 -0.78257608413696289 -0.16538828611373901
vn -0.57188093662261963 -0.77177268266677856 -0.2780630886554718
vn -0.53503155708312988 -0.74995613098144531 -0.38898205757141113
vn -0.49004116654396057 -0.71708518266677856 -0.49562934041023254
vn -0.34202456474304199 -0.9343988299369812 0.099589228630065918
vn -0.33578068017959595 -0.94163495302200317 -0.023978425189852715
vn -0.32594916224479675 -0.93597418069839478 -0.13307680189609528
vn -0.31118929386138916 -0.91759496927261353 -0.2473473846912384
vn -0.29179129004478455 -0.88601666688919067 -0.36032253503799438
vn -0.26796182990074158 -0.84130901098251343 -0.46946308016777039
vn -0.012308039702475071 -0.97436040639877319 0.22465600073337555
vn -0.013031505979597569 -0.98766547441482544 0.15603537857532501
vn -0.013708088546991348 -0.99630510807037354 0.084783658385276794
vn -0.014327988959848881 -0.99983310699462891 0.011335389688611031
vn -0.014881459064781666 -0.99785232543945312 -0.063790448009967804
vn -0.015359113924205303 -0.9900328516960144 -0.13999643921852112
vn -0.015752263367176056 -0.97612953186035156 -0.21661725640296936
vn -0.016053259372711182 -0.95599764585494995 -0.29293474555015564
vn -0.016255820170044899 -0.92960566282272339 -0.36819702386856079
vn -0.053836040198802948 -0.91893547773361206 -0.3907163143157959
vn -0.12786249816417694 -0.89222627878189087 -0.43310907483100891
vn -0.28363770246505737 -0.80955630540847778 -0.51397305727005005
vn -0.35508784651756287 -0.75803786516189575 -0.54707509279251099
vn -0.49449446797370911 -0.62613421678543091 -0.60285252332687378
vn -0.55694770812988281 -0.54946649074554443 -0.62281280755996704
vn -0.65526902675628662 -0.39486470818519592 -0.64397543668746948
vn -0.69719386100769043 -0.30943509936332703 -0.64666110277175903
vn -0.69790631532669067 -0.30783465504646301 -0.64665651321411133
vn -0.76022535562515259 -0.13682611286640167 -0.63508743047714233
vn -0.78792715072631836 -0.022283932194113731 -0.61536514759063721
vn -0.80446553230285645 0.08580489456653595 -0.5877692699432373
vn -0.81209856271743774 0.21461610496044159 -0.54261940717697144
vn -0.80685269832611084 0.33411756157875061 -0.48719003796577454
vn -0.80043119192123413 0.38669979572296143 -0.4580099880695343
vn -0.79664003849029541 0.41040462255477905 -0.44377100467681885
vn -0.76538252830505371 0.53761714696884155 -0.35377582907676697
vn -0.71862715482711792 0.64879661798477173 -0.25027579069137573
vn -0.69777166843414307 0.68509364128112793 -0.20919238030910492
vn -0.82767486572265625 0.54881250858306885 -0.11729951947927475
vn -0.93710511922836304 0.34226119518280029 -0.068492986261844635
vn -0.99310117959976196 0.1161939725279808 -0.015780944377183914
vn -0.99247008562088013 -0.1164986789226532 0.037830933928489685
vn -0.93524789810180664 -0.34254851937294006 0.089285671710968018
vn -0.82469737529754639 -0.54906606674194336 0.13564929366111755
vn -0.66712218523025513 -0.72427558898925781 0.17427812516689301
vn -0.47150734066963196 -0.85818654298782349 0.20296953618526459
vn -0.24900694191455841 -0.94316333532333374 0.22008751332759857
vn -0.012308039702475071 -0.97436040639877319 0.22465600073337555
vn -0.012308039702475071 -0.97436040639877319 0.22465600073337555
vn 0.6121671199798584 -0.7719922661781311 0.17111197113990784
vn 0.5200839638710022 -0.83354628086090088 0.18631505966186523
vn 0.42150005698204041 -0.88468146324157715 0.19918933510780334
vn 0.31764772534370422 -0.92475873231887817 0.20957386493682861
vn 0.20982496440410614 -0.9532771110534668 0.21733887493610382
vn 0.099379554390907288 -0.96988022327423096 0.22238728404045105
vn 0.28616023063659668 -0.9344019889831543 0.21214449405670166
vn 0.55863469839096069 -0.80956572294235229 0.1803625226020813
vn 0.7803647518157959 -0.61119133234024048 0.1321970522403717
vn 0.93120914697647095 -0.35729843378067017 0.072023250162601471
vn -0.012308039702475071 -0.97436040639877319 0.22465600073337555
vn -0.012308039702475071 -0.97436040639877319 0.22465600073337555
vn 0.9423866868019104 -0.32811516523361206 0.065174877643585205
vn 0.94592708349227905 -0.31823068857192993 0.062858030200004578
vn 0.9580758810043335 -0.28133699297904968 0.054222214967012405
vn 0.96697777509689331 -0.25048664212226868 0.047014892101287842
vn 0.97336483001708984 -0.22553041577339172 0.041193582117557526
vn 0.9777228832244873 -0.20664964616298676 0.036794684827327728
vn 0.98030203580856323 -0.19455908238887787 0.033980131149291992
vn 0.98126155138015747 -0.18985341489315033 0.032885190099477768
vn 0.98063123226165771 -0.19295844435691833 0.033607654273509979
vn 0.97828108072280884 -0.20409724116325378 0.036200359463691711
vn 0.96702301502227783 -0.2503192126750946 0.046975813806056976
vn 0.94315260648727417 -0.32600560784339905 0.064680300652980804
vn 0.90050733089447021 -0.42581215500831604 0.088150575757026672
vn 0.83213275671005249 -0.54235959053039551 0.11576324701309204
vn 0.73088473081588745 -0.66679853200912476 0.14555822312831879
vn 0.69830906391143799 -0.69917064905166626 0.15337826311588287
vn 0.42386704683303833 0.55890816450119019 0.71271198987960815
vn 0.88252675533294678 0.43140855431556702 0.18717153370380402
vn 0.91008925437927246 0.34067758917808533 0.23595839738845825
vn 0.92776185274124146 0.24230977892875671 0.2838025689125061
vn 0.88908112049102783 0.24989716708660126 0.38351812958717346
vn 0.83260864019393921 0.27308684587478638 0.4818572998046875
vn 0.76320898532867432 0.31105959415435791 0.56635141372680664
vn 0.74141758680343628 0.32438996434211731 0.58742755651473999
vn 0.61152809858322144 0.41309183835983276 0.67482477426528931
vn 0.58288264274597168 0.43427351117134094 0.68677091598510742
vn 0.6985781192779541 0.52955979108810425 0.48120170831680298
vn -0.30595564842224121 0.82899719476699829 -0.46813973784446716
vn -0.61829721927642822 0.60294508934020996 -0.50414854288101196
vn -0.64469611644744873 0.66716068983078003 -0.3731803297996521
vn -0.89422869682312012 0.39259910583496094 -0.21499077975749969
vn -0.30595564842224121 0.82899719476699829 -0.46813973784446716
vn -0.61603248119354248 0.74655181169509888 -0.25132519006729126
vn -0.84032589197158813 0.54189658164978027 0.014161556027829647
vn -0.92782008647918701 0.25154390931129456 0.27545514702796936
vn -0.30595564842224121 0.82899719476699829 -0.46813973784446716
vn -0.41869130730628967 0.90204405784606934 -0.10494796186685562
vn -0.46921965479850769 0.8343045711517334 0.28942844271659851
vn -0.44390127062797546 0.63284105062484741 0.63440042734146118
vn -0.14187340438365936 0.9783366322517395 -0.15076269209384918
vn 0.051344931125640869 0.97777503728866577 0.20327241718769073
vn 0.23490980267524719 0.81992512941360474 0.52205383777618408
vn -0.30595564842224121 0.82899719476699829 -0.46813973784446716
vn -0.025177396833896637 0.97000211477279663 -0.2417890876531601
vn 0.27079537510871887 0.96210175752639771 0.032094463706016541
vn 0.52107101678848267 0.79948735237121582 0.29883947968482971
vn -0.30595564842224121 0.82899719476699829 -0.46813973784446716
vn 0.052265003323554993 0.93073832988739014 -0.36193174123764038
vn 0.41642820835113525 0.88826495409011841 -0.1938374787569046
vn 0.71097475290298462 0.70320481061935425 0.0042264582589268684
vn -0.30595564842224121 0.82899719476699829 -0.46813973784446716
vn 0.0786639004945755 0.86652272939682007 -0.49289998412132263
vn 0.46607214212417603 0.76750552654266357 -0.44012731313705444
vn 0.77570998668670654 0.54573571681976318 -0.3169330358505249
vn -0.30595564842224121 0.82899719476699829 -0.46813973784446716
vn 0.050000287592411041 0.78713154792785645 -0.61475509405136108
vn 0.41216933727264404 0.61820805072784424 -0.66927963495254517
vn 0.70542126893997192 0.35105332732200623 -0.6157454252243042
vn -0.30595564842224121 0.82899719476699829 -0.46813973784446716
vn -0.029362047091126442 0.70465147495269775 -0.70894581079483032
vn 0.26292601227760315 0.46310171484947205 -0.84640812873840332
vn 0.51080942153930664 0.1487962007522583 -0.84671920537948608
vn -0.30595564842224121 0.82899719476699829 -0.46813973784446716
vn -0.14734090864658356 0.63163930177688599 -0.76113235950469971
vn 0.041063115000724792 0.32580006122589111 -0.94454652070999146
vn 0.22150240838527679 -0.030243819579482079 -0.97469073534011841
vn -0.30595564842224121 0.82899719476699829 -0.46813973784446716
vn -0.28597509860992432 0.57921046018600464 -0.76336979866027832
vn -0.21964274346828461 0.22720597684383392 -0.94875419139862061
vn -0.30595564842224121 0.82899719476699829 -0.46813973784446716
vn -0.42415881156921387 0.5553467869758606 -0.71531760692596436
vn -0.61829721927642822 0.60294508934020996 -0.50414854288101196
vn -0.36761415004730225 0.8811039924621582 -0.29751572012901306
vn -0.53667014837265015 0.82903188467025757 -0.15713450312614441
vn -0.46522501111030579 0.80419284105300903 -0.36991828680038452
vn -0.30595564842224121 0.82899719476699829 -0.46813973784446716
vn -0.42597001791000366 0.84498995542526245 -0.32332876324653625
vn -0.45301586389541626 0.88672053813934326 0.092213742434978485
vn -0.69108253717422485 0.69700288772583008 0.19129003584384918
vn -0.74233686923980713 0.65875405073165894 -0.12238920480012894
vn -0.62598413228988647 0.77967768907546997 0.015703298151493073
vn -0.23069173097610474 0.91884052753448486 -0.32017707824707031
vn -0.28005710244178772 0.95447295904159546 -0.10271047800779343
vn -0.30595564842224121 0.82899719476699829 -0.46813973784446716
vn -0.29904153943061829 0.90703684091567993 -0.296409010887146
vn -0.047174464911222458 0.99857264757156372 0.025044979527592659
vn -0.20851379632949829 0.93289864063262939 0.29363608360290527
vn -0.24976493418216705 0.96358621120452881 0.095494106411933899
vn 0.14707984030246735 0.91655349731445312 0.37188327312469482
vn -0.10394340008497238 0.76140671968460083 0.63988715410232544
vn -0.46585068106651306 0.74762648344039917 0.47332632541656494
vn -0.15888668596744537 0.86371451616287231 0.47828057408332825
vn 0.31051456928253174 0.69655328989028931 0.64683401584625244
vn -0.40627366304397583 0.49900245666503906 0.76546603441238403
vn -0.047296319156885147 0.63476097583770752 0.77125972509384155
vn -0.46634522080421448 0.73316067457199097 -0.49497231841087341
vn -0.540854811668396 0.56368124485015869 -0.62429118156433105
vn -0.37031853199005127 0.70961713790893555 -0.59942281246185303
vn -0.30595564842224121 0.82899719476699829 -0.46813973784446716
vn -0.42803987860679626 0.71373957395553589 -0.55439847707748413
vn -0.74565714597702026 0.4482128918170929 -0.49305236339569092
vn -0.46103173494338989 0.37842923402786255 -0.80264627933502197
vn -0.63211917877197266 0.39064839482307434 -0.66919291019439697
vn -0.47940289974212646 0.76492363214492798 -0.43019148707389832
vn -0.63832378387451172 0.63247096538543701 -0.43877461552619934
vn -0.46634522080421448 0.73316067457199097 -0.49497231841087341
vn -0.30595564842224121 0.82899719476699829 -0.46813973784446716
vn -0.47625097632408142 0.74776506423950195 -0.46263638138771057
vn -0.78436040878295898 0.5423591136932373 -0.30104044079780579
vn -0.88224536180496216 0.32736405730247498 -0.33834290504455566
vn -0.74565714597702026 0.4482128918170929 -0.49305236339569092
vn -0.77501803636550903 0.49150070548057556 -0.39720794558525085
vn 0.31074386835098267 -0.37783405184745789 -0.87216955423355103
vn 0.58149659633636475 -0.22662065923213959 -0.78134804964065552
vn 0.79152888059616089 -0.051743283867835999 -0.60893738269805908
vn 0.91890877485275269 0.12853716313838959 -0.3729407787322998
vn 0.95033526420593262 0.2953956127166748 -0.098001323640346527
vn 0.88252675533294678 0.43140855431556702 0.18717153370380402
vn -0.84227776527404785 -0.0064778318628668785 0.53900480270385742
vn -0.85041141510009766 0.0018179939361289144 0.52611511945724487
vn -0.9120103120803833 0.068999804556369781 0.40432193875312805
vn -0.94696152210235596 0.11404109746217728 0.30043059587478638
vn -0.97534072399139404 0.1661180853843689 0.14531102776527405
vn -0.98036849498748779 0.19166916608810425 0.046266235411167145
vn -0.97415798902511597 0.21492506563663483 -0.069451123476028442
vn -0.96504390239715576 0.22503142058849335 -0.13435445725917816
vn -0.95378422737121582 0.23212498426437378 -0.19082348048686981
vn -0.88109266757965088 0.24415652453899384 -0.40504723787307739
vn -0.87670320272445679 0.24409982562065125 -0.4144957959651947
vn -0.85685205459594727 0.24324788153171539 -0.45457121729850769
vn -0.85685205459594727 0.24324788153171539 -0.45457121729850769
vn -0.76203668117523193 0.2298751175403595 -0.60535734891891479
vn -0.63232612609863281 0.1964101642370224 -0.74939090013504028
vn -0.55686455965042114 0.17140248417854309 -0.8127257227897644
vn -0.4807765781879425 0.14272063970565796 -0.8651500940322876
vn -0.419720858335495 0.11735183745622635 -0.90003496408462524
vn -0.1427481472492218 -0.023858513683080673 -0.989471435546875
vn -0.059068050235509872 -0.075601927936077118 -0.99538701772689819
vn 0.0016914923908188939 -0.116229347884655 -0.9932209849357605
vn 0.16811864078044891 -0.24340581893920898 -0.95524328947067261
vn 0.72254800796508789 0.52237844467163086 0.45281907916069031
vn 0.48710831999778748 0.55879253149032593 0.67117542028427124
vn 0.20079633593559265 0.53684777021408081 0.81943595409393311
vn -0.10648629069328308 0.45883610844612122 0.88211679458618164
vn -0.40264776349067688 0.33290484547615051 0.85267174243927002
vn -0.65675777196884155 0.17220586538314819 0.73417598009109497
vn -0.84227776527404785 -0.0064778318628668785 0.53900480270385742
vn 0.88252675533294678 0.43140855431556702 0.18717153370380402
vn 0.88252675533294678 0.43140855431556702 0.18717153370380402
vn 0.88252675533294678 0.43140855431556702 0.18717153370380402
vn 0.42386704683303833 0.55890816450119019 0.71271198987960815
vn 0.37151569128036499 0.55669683218002319 0.74301058053970337
vn 0.33503597974777222 0.5540195107460022 0.76211106777191162
vn 0.094144068658351898 0.51565414667129517 0.85160887241363525
vn -0.011171127669513226 0.48855990171432495 0.872458815574646
vn -0.12645614147186279 0.451976478099823 0.88302099704742432
vn -0.23672614991664886 0.41003319621086121 0.88081413507461548
vn -0.35712537169456482 0.35587906837463379 0.86360383033752441
vn -0.43704801797866821 0.31454631686210632 0.84264445304870605
vn -0.51747870445251465 0.26793348789215088 0.81266683340072632
vn -0.70187526941299438 0.13582077622413635 0.6992308497428894
vn -0.75210875272750854 0.091018326580524445 0.65272361040115356
vn -0.82726591825485229 0.011870325542986393 0.56168514490127563
vn 0.6985781192779541 0.52955979108810425 0.48120170831680298
vn -0.65675777196884155 0.17220586538314819 0.73417598009109497
vn -0.40264776349067688 0.33290484547615051 0.85267174243927002
vn -0.10648629069328308 0.45883610844612122 0.88211679458618164
vn 0.20079633593559265 0.53684777021408081 0.81943595409393311
vn 0.48710831999778748 0.55879253149032593 0.67117542028427124
vn 0.72254800796508789 0.52237844467163086 0.45281907916069031
vn 0.88252675533294678 0.43140855431556702 0.18717153370380402
vn 0.92776185274124146 0.24230977892875671 0.2838025689125061
vn 0.9481576681137085 0.30971834063529968 -0.071215026080608368
vn 0.92532944679260254 0.37460663914680481 0.058610856533050537
vn 0.91008925437927246 0.34067758917808533 0.23595839738845825
vn 0.95977926254272461 0.28021779656410217 0.017372066155076027
vn 0.95762848854064941 0.25378838181495667 0.13615846633911133
vn 0.88252675533294678 0.43140855431556702 0.18717153370380402
vn 0.88252675533294678 0.43140855431556702 0.18717153370380402
vn 0.31074386835098267 -0.37783405184745789 -0.87216955423355103
vn 0.9481576681137085 0.30971834063529968 -0.071215026080608368
vn 0.92532944679260254 0.37460663914680481 0.058610856533050537
vn 0.95033526420593262 0.2953956127166748 -0.098001323640346527
vn 0.91890877485275269 0.12853716313838959 -0.3729407787322998
vn 0.79152888059616089 -0.051743283867835999 -0.60893738269805908
vn 0.58149659633636475 -0.22662065923213959 -0.78134804964065552
vn 0.88252675533294678 0.43140855431556702 0.18717153370380402
vn 0.35712426900863647 -0.35587960481643677 -0.86360406875610352
vn 0.41191312670707703 -0.32804715633392334 -0.85012507438659668
vn 0.66142362356185913 -0.16858832538127899 -0.73081928491592407
vn 0.76598250865936279 -0.077669426798820496 -0.63815224170684814
vn 0.86788523197174072 0.040726248174905777 -0.4950924813747406
vn 0.87656569480895996 0.05340716615319252 -0.47830983996391296
vn 0.95198088884353638 0.26065430045127869 -0.16059790551662445
f 6/6/6 250/250/250 252/252/252 249/249/249
f 250/250/250 1/1/1 251/251/251 252/252/252
f 250/250/250 6/6/6 7/7/7
f 2/2/2 1/1/1 250/250/250
f 7/7/7 2/2/2 250/250/250
f 8/8/8 3/3/3 2/2/2 7/7/7
f 9/9/9 4/4/4 3/3/3 8/8/8
f 11/11/11 254/254/254 255/255/255 253/253/253
f 254/254/254 6/6/6 249/249/249 255/255/255
f 254/254/254 11/11/11 12/12/12
f 7/7/7 6/6/6 254/254/254
f 12/12/12 7/7/7 254/254/254
f 13/13/13 8/8/8 7/7/7 12/12/12
f 14/14/14 9/9/9 8/8/8 13/13/13
f 16/16/16 257/257/257 258/258/258 256/256/256
f 257/257/257 11/11/11 253/253/253 258/258/258
f 257/257/257 16/16/16 17/17/17
f 12/12/12 11/11/11 257/257/257
f 17/17/17 12/12/12 257/257/257
f 18/18/18 13/13/13 12/12/12 17/17/17
f 19/19/19 14/14/14 13/13/13 18/18/18
f 21/21/21 260/260/260 261/261/261 259/259/259
f 260/260/260 16/16/16 256/256/256 261/261/261
f 260/260/260 21/21/21 22/22/22
f 17/17/17 16/16/16 260/260/260
f 22/22/22 17/17/17 260/260/260
f 23/23/23 18/18/18 17/17/17 22/22/22
f 24/24/24 19/19/19 18/18/18 23/23/23
f 26/26/26 263/263/263 264/264/264 262/262/262
f 263/263/263 21/21/21 259/259/259 264/264/264
f 263/263/263 26/26/26 27/27/27
f 22/22/22 21/21/21 263/263/263
f 27/27/27 22/22/22 263/263/263
f 28/28/28 23/23/23 22/22/22 27/27/27
f 29/29/29 24/24/24 23/23/23 28/28/28
f 31/31/31 266/266/266 267/267/267 265/265/265
f 266/266/266 26/26/26 262/262/262 267/267/267
f 266/266/266 31/31/31 32/32/32
f 27/27/27 26/26/26 266/266/266
f 32/32/32 27/27/27 266/266/266
f 33/33/33 28/28/28 27/27/27 32/32/32
f 34/34/34 29/29/29 28/28/28 33/33/33
f 36/36/36 269/269/269 270/270/270 268/268/268
f 269/269/269 31/31/31 265/265/265 270/270/270
f 269/269/269 36/36/36 37/37/37
f 32/32/32 31/31/31 269/269/269
f 37/37/37 32/32/32 269/269/269
f 38/38/38 33/33/33 32/32/32 37/37/37
f 39/39/39 34/34/34 33/33/33 38/38/38
f 41/41/41 272/272/272 273/273/273 271/271/271
f 272/272/272 36/36/36 268/268/268 273/273/273
f 272/272/272 41/41/41 42/42/42
f 37/37/37 36/36/36 272/272/272
f 42/42/42 37/37/37 272/272/272
f 43/43/43 38/38/38 37/37/37 42/42/42
f 44/44/44 39/39/39 38/38/38 43/43/43
f 46/46/46 275/275/275 276/276/276 274/274/274
f 275/275/275 41/41/41 271/271/271 276/276/276
f 275/275/275 46/46/46 47/47/47
f 42/42/42 41/41/41 275/275/275
f 47/47/47 42/42/42 275/275/275
f 48/48/48 43/43/43 42/42/42 47/47/47
f 49/49/49 44/44/44 43/43/43 48/48/48
f 52/52/52 48/48/48 47/47/47 51/51/51
f 53/53/53 49/49/49 48/48/48 52/52/52
f 56/56/56 52/52/52 51/51/51 55/55/55
f 57/57/57 53/53/53 52/52/52 56/56/56
f 78/78/78 81/81/81 82/82/82
f 82/82/82 83/83/83 79/79/79
f 86/86/86 82/82/82 81/81/81 85/85/85
f 87/87/87 83/83/83 82/82/82 86/86/86
f 90/90/90 86/86/86 85/85/85 89/89/89
f 91/91/91 87/87/87 86/86/86 90/90/90
f 94/94/94 90/90/90 89/89/89 93/93/93
f 95/95/95 91/91/91 90/90/90 94/94/94
f 99/99/99 94/94/94 93/93/93 98/98/98
f 100/100/100 95/95/95 94/94/94 99/99/99
f 103/103/103 98/98/98 97/97/97 102/102/102
f 104/104/104 99/99/99 98/98/98 103/103/103
f 105/105/105 100/100/100 99/99/99 104/104/104
f 108/108/108 103/103/103 102/102/102 107/107/107
f 109/109/109 104/104/104 103/103/103 108/108/108
f 110/110/110 105/105/105 104/104/104 109/109/109
f 113/113/113 108/108/108 107/107/107 112/112/112
f 114/114/114 109/109/109 108/108/108 113/113/113
f 115/115/115 110/110/110 109/109/109 114/114/114
f 118/118/118 113/113/113 112/112/112 117/117/117
f 119/119/119 114/114/114 113/113/113 118/118/118
f 120/120/120 115/115/115 114/114/114 119/119/119
f 123/123/123 118/118/118 117/117/117 122/122/122
f 124/124/124 119/119/119 118/118/118 123/123/123
f 125/125/125 120/120/120 119/119/119 124/124/124
f 128/128/128 123/123/123 122/122/122 127/127/127
f 129/129/129 124/124/124 123/123/123 128/128/128
f 130/130/130 125/125/125 124/124/124 129/129/129
f 133/133/133 128/128/128 127/127/127 132/132/132
f 134/134/134 129/129/129 128/128/128 133/133/133
f 135/135/135 130/130/130 129/129/129 134/134/134
f 138/138/138 133/133/133 132/132/132 137/137/137
f 139/139/139 134/134/134 133/133/133 138/138/138
f 140/140/140 135/135/135 134/134/134 139/139/139
f 143/143/143 138/138/138 137/137/137 142/142/142
f 144/144/144 139/139/139 138/138/138 143/143/143
f 145/145/145 140/140/140 139/139/139 144/144/144
f 148/148/148 143/143/143 142/142/142 147/147/147
f 149/149/149 144/144/144 143/143/143 148/148/148
f 150/150/150 145/145/145 144/144/144 149/149/149
f 153/153/153 148/148/148 147/147/147 152/152/152
f 154/154/154 149/149/149 148/148/148 153/153/153
f 155/155/155 150/150/150 149/149/149 154/154/154
f 158/158/158 154/154/154 153/153/153 157/157/157
f 159/159/159 155/155/155 154/154/154 158/158/158
f 162/162/162 159/159/159 158/158/158 161/161/161
f 165/165/165 162/162/162 161/161/161 164/164/164
f 168/168/168 165/165/165 164/164/164 167/167/167
f 171/171/171 168/168/168 167/167/167 170/170/170
f 174/174/174 171/171/171 170/170/170 173/173/173
f 177/177/177 174/174/174 173/173/173 176/176/176
f 199/199/199 278/278/278 280/280/280 277/277/277
f 278/278/278 196/196/196 279/279/279 280/280/280
f 201/201/201 202/202/202 197/197/197
f 204/204/204 282/282/282 283/283/283 281/281/281
f 282/282/282 199/199/199 277/277/277 283/283/283
f 282/282/282 204/204/204 205/205/205
f 200/200/200 199/199/199 282/282/282
f 205/205/205 200/200/200 282/282/282
f 206/206/206 201/201/201 200/200/200 205/205/205
f 207/207/207 202/202/202 201/201/201 206/206/206
f 209/209/209 285/285/285 286/286/286 284/284/284
f 285/285/285 204/204/204 281/281/281 286/286/286
f 285/285/285 209/209/209 210/210/210
f 205/205/205 204/204/204 285/285/285
f 210/210/210 205/205/205 285/285/285
f 211/211/211 206/206/206 205/205/205 210/210/210
f 212/212/212 207/207/207 206/206/206 211/211/211
f 214/214/214 288/288/288 289/289/289 287/287/287
f 288/288/288 209/209/209 284/284/284 289/289/289
f 288/288/288 214/214/214 215/215/215
f 210/210/210 209/209/209 288/288/288
f 215/215/215 210/210/210 288/288/288
f 216/216/216 211/211/211 210/210/210 215/215/215
f 217/217/217 212/212/212 211/211/211 216/216/216
f 219/219/219 291/291/291 292/292/292 290/290/290
f 291/291/291 214/214/214 287/287/287 292/292/292
f 291/291/291 219/219/219 220/220/220
f 215/215/215 214/214/214 291/291/291
f 220/220/220 215/215/215 291/291/291
f 221/221/221 216/216/216 215/215/215 220/220/220
f 222/222/222 217/217/217 216/216/216 221/221/221
f 224/224/224 294/294/294 295/295/295 293/293/293
f 294/294/294 219/219/219 290/290/290 295/295/295
f 294/294/294 224/224/224 225/225/225
f 220/220/220 219/219/219 294/294/294
f 225/225/225 220/220/220 294/294/294
f 226/226/226 221/221/221 220/220/220 225/225/225
f 227/227/227 222/222/222 221/221/221 226/226/226
f 229/229/229 297/297/297 298/298/298 296/296/296
f 297/297/297 224/224/224 293/293/293 298/298/298
f 297/297/297 229/229/229 230/230/230
f 225/225/225 224/224/224 297/297/297
f 230/230/230 225/225/225 297/297/297
f 231/231/231 226/226/226 225/225/225 230/230/230
f 232/232/232 227/227/227 226/226/226 231/231/231
f 234/234/234 300/300/300 301/301/301 299/299/299
f 300/300/300 229/229/229 296/296/296 301/301/301
f 300/300/300 234/234/234 235/235/235
f 230/230/230 229/229/229 300/300/300
f 235/235/235 230/230/230 300/300/300
f 236/236/236 231/231/231 230/230/230 235/235/235
f 237/237/237 232/232/232 231/231/231 236/236/236
f 239/239/239 303/303/303 304/304/304 302/302/302
f 303/303/303 234/234/234 299/299/299 304/304/304
f 303/303/303 239/239/239 240/240/240
f 235/235/235 234/234/234 303/303/303
f 240/240/240 235/235/235 303/303/303
f 241/241/241 236/236/236 235/235/235 240/240/240
f 242/242/242 237/237/237 236/236/236 241/241/241
f 244/244/244 306/306/306 307/307/307 305/305/305
f 306/306/306 239/239/239 302/302/302 307/307/307
f 306/306/306 244/244/244 245/245/245
f 240/240/240 239/239/239 306/306/306
f 245/245/245 240/240/240 306/306/306
f 246/246/246 241/241/241 240/240/240 245/245/245
f 247/247/247 242/242/242 241/241/241 246/246/246
f 309/309/309 252/252/252 308/308/308
f 310/310/310 255/255/255 309/309/309
f 308/308/308 252/252/252 251/251/251
f 309/309/309 255/255/255 249/249/249
f 249/249/249 252/252/252 309/309/309
f 253/253/253 255/255/255 310/310/310
f 405/405/405 406/406/406 937/937/937
f 312/312/312 261/261/261 311/311/311
f 312/312/312 313/313/313 262/262/262
f 268/268/268 313/313/313 314/314/314
f 829/829/829 315/315/315 828/828/828
f 315/315/315 829/829/829 274/274/274
f 315/315/315 274/274/274 314/314/314
f 258/258/258 310/310/310 311/311/311
f 274/274/274 829/829/829 830/830/830
f 310/310/310 258/258/258 253/253/253
f 311/311/311 256/256/256 258/258/258
f 312/312/312 259/259/259 261/261/261
f 312/312/312 262/262/262 264/264/264
f 264/264/264 259/259/259 312/312/312
f 261/261/261 256/256/256 311/311/311
f 313/313/313 265/265/265 267/267/267
f 313/313/313 268/268/268 270/270/270
f 270/270/270 265/265/265 313/313/313
f 314/314/314 271/271/271 273/273/273
f 314/314/314 274/274/274 276/276/276
f 276/276/276 271/271/271 314/314/314
f 273/273/273 268/268/268 314/314/314
f 267/267/267 262/262/262 313/313/313
f 596/596/596 274/274/274 830/830/830
f 315/315/315 316/316/316 821/821/821
f 317/317/317 817/817/817 316/316/316
f 316/316/316 819/819/819 820/820/820
f 316/316/316 817/817/817 818/818/818
f 818/818/818 819/819/819 316/316/316
f 817/817/817 317/317/317 884/884/884
f 820/820/820 821/821/821 316/316/316
f 319/319/319 881/881/881 318/318/318
f 319/319/319 880/880/880 881/881/881
f 883/883/883 884/884/884 317/317/317
f 318/318/318 882/882/882 883/883/883
f 882/882/882 318/318/318 881/881/881
f 879/879/879 319/319/319 320/320/320
f 318/318/318 883/883/883 317/317/317
f 315/315/315 825/825/825 826/826/826
f 315/315/315 824/824/824 825/825/825
f 831/831/831 596/596/596 830/830/830
f 832/832/832 595/595/595 831/831/831
f 315/315/315 826/826/826 827/827/827
f 315/315/315 821/821/821 822/822/822
f 879/879/879 880/880/880 319/319/319
f 320/320/320 877/877/877 878/878/878
f 878/878/878 879/879/879 320/320/320
f 876/876/876 877/877/877 320/320/320
f 315/315/315 822/822/822 823/823/823
f 823/823/823 824/824/824 315/315/315
f 876/876/876 320/320/320 321/321/321
f 315/315/315 827/827/827 828/828/828
f 833/833/833 595/595/595 832/832/832
f 593/593/593 835/835/835 836/836/836
f 835/835/835 594/594/594 834/834/834
f 592/592/592 593/593/593 837/837/837
f 836/836/836 837/837/837 593/593/593
f 592/592/592 837/837/837 838/838/838
f 593/593/593 594/594/594 835/835/835
f 838/838/838 591/591/591 592/592/592
f 839/839/839 840/840/840 590/590/590
f 590/590/590 838/838/838 839/839/839
f 590/590/590 840/840/840 589/589/589
f 841/841/841 589/589/589 840/840/840
f 841/841/841 842/842/842 589/589/589
f 588/588/588 589/589/589 842/842/842
f 591/591/591 838/838/838 590/590/590
f 274/274/274 597/597/597 46/46/46
f 595/595/595 596/596/596 831/831/831
f 598/598/598 47/47/47 46/46/46
f 597/597/597 598/598/598 46/46/46
f 599/599/599 47/47/47 598/598/598
f 597/597/597 274/274/274 596/596/596
f 602/602/602 51/51/51 601/601/601
f 601/601/601 51/51/51 600/600/600
f 55/55/55 604/604/604 605/605/605
f 743/743/743 744/744/744 938/938/938
f 55/55/55 605/605/605 606/606/606
f 55/55/55 603/603/603 604/604/604
f 595/595/595 833/833/833 594/594/594
f 600/600/600 51/51/51 599/599/599
f 833/833/833 834/834/834 594/594/594
f 651/651/651 845/845/845 846/846/846 650/650/650
f 845/845/845 651/651/651 844/844/844
f 842/842/842 843/843/843 588/588/588
f 652/652/652 587/587/587 843/843/843
f 843/843/843 844/844/844 652/652/652
f 847/847/847 650/650/650 846/846/846
f 843/843/843 587/587/587 588/588/588
f 852/852/852 647/647/647 648/648/648 851/851/851
f 646/646/646 852/852/852 853/853/853
f 649/649/649 849/849/849 850/850/850
f 648/648/648 850/850/850 851/851/851
f 649/649/649 848/848/848 849/849/849
f 847/847/847 848/848/848 649/649/649
f 854/854/854 644/644/644 645/645/645 853/853/853
f 651/651/651 652/652/652 844/844/844
f 649/649/649 650/650/650 847/847/847
f 648/648/648 649/649/649 850/850/850
f 612/612/612 939/939/939 940/940/940 611/611/611
f 646/646/646 647/647/647 852/852/852
f 645/645/645 646/646/646 853/853/853
f 614/614/614 704/704/704 613/613/613
f 616/616/616 702/702/702 703/703/703 615/615/615
f 615/615/615 703/703/703 614/614/614
f 613/613/613 941/941/941 939/939/939 612/612/612
f 644/644/644 854/854/854 855/855/855 643/643/643
f 603/603/603 55/55/55 602/602/602
f 323/323/323 872/872/872 322/322/322
f 322/322/322 874/874/874 321/321/321
f 325/325/325 868/868/868 324/324/324
f 325/325/325 866/866/866 867/867/867
f 866/866/866 325/325/325 326/326/326
f 870/870/870 323/323/323 324/324/324
f 867/867/867 868/868/868 325/325/325
f 815/815/815 816/816/816 326/326/326
f 866/866/866 326/326/326 816/816/816
f 814/814/814 815/815/815 326/326/326
f 326/326/326 813/813/813 814/814/814
f 812/812/812 327/327/327 811/811/811
f 812/812/812 813/813/813 326/326/326
f 810/810/810 811/811/811 327/327/327
f 323/323/323 870/870/870 871/871/871
f 870/870/870 324/324/324 869/869/869
f 323/323/323 871/871/871 872/872/872
f 873/873/873 874/874/874 322/322/322
f 321/321/321 874/874/874 875/875/875
f 872/872/872 873/873/873 322/322/322
f 631/631/631 787/787/787 788/788/788
f 632/632/632 785/785/785 786/786/786
f 632/632/632 784/784/784 785/785/785
f 786/786/786 787/787/787 632/632/632
f 869/869/869 324/324/324 868/868/868
f 326/326/326 327/327/327 812/812/812
f 808/808/808 809/809/809 327/327/327
f 810/810/810 327/327/327 809/809/809
f 807/807/807 808/808/808 327/327/327
f 327/327/327 806/806/806 807/807/807
f 805/805/805 328/328/328 804/804/804
f 805/805/805 806/806/806 327/327/327
f 328/328/328 805/805/805 327/327/327
f 329/329/329 942/942/942 328/328/328
f 328/328/328 943/943/943 800/800/800
f 328/328/328 802/802/802 803/803/803
f 328/328/328 800/800/800 801/801/801
f 801/801/801 802/802/802 328/328/328
f 944/944/944 329/329/329 330/330/330
f 804/804/804 328/328/328 803/803/803
f 795/795/795 579/579/579 794/794/794
f 794/794/794 580/580/580 793/793/793
f 790/790/790 581/581/581 789/789/789
f 792/792/792 581/581/581 791/791/791
f 791/791/791 581/581/581 790/790/790
f 580/580/580 792/792/792 793/793/793
f 943/943/943 328/328/328 942/942/942
f 944/944/944 942/942/942 329/329/329
f 97/97/97 944/944/944 945/945/945 102/102/102
f 330/330/330 945/945/945 944/944/944
f 330/330/330 946/946/946 945/945/945
f 947/947/947 942/942/942 944/944/944 97/97/97
f 578/578/578 948/948/948 577/577/577
f 948/948/948 799/799/799 943/943/943
f 948/948/948 798/798/798 799/799/799
f 796/796/796 797/797/797 948/948/948
f 799/799/799 800/800/800 943/943/943
f 102/102/102 945/945/945 946/946/946 107/107/107
f 946/946/946 330/330/330 331/331/331
f 582/582/582 788/788/788 789/789/789
f 642/642/642 856/856/856 857/857/857 641/641/641
f 641/641/641 857/857/857 858/858/858 640/640/640
f 643/643/643 855/855/855 856/856/856 642/642/642
f 637/637/637 861/861/861 862/862/862 636/636/636
f 638/638/638 860/860/860 861/861/861 637/637/637
f 859/859/859 639/639/639 640/640/640 858/858/858
f 860/860/860 638/638/638 639/639/639 859/859/859
f 635/635/635 862/862/862 863/863/863
f 621/621/621 695/695/695 696/696/696 620/620/620
f 697/697/697 618/618/618 619/619/619
f 620/620/620 696/696/696 697/697/697 619/619/619
f 699/699/699 617/617/617 618/618/618
f 622/622/622 694/694/694 695/695/695 621/621/621
f 635/635/635 636/636/636 862/862/862
f 623/623/623 693/693/693 694/694/694 622/622/622
f 626/626/626 689/689/689 690/690/690 625/625/625
f 623/623/623 624/624/624 692/692/692
f 626/626/626 627/627/627 689/689/689
f 617/617/617 701/701/701 616/616/616
f 634/634/634 635/635/635 863/863/863
f 864/864/864 633/633/633 634/634/634 863/863/863
f 633/633/633 864/864/864 865/865/865
f 865/865/865 784/784/784 632/632/632
f 582/582/582 631/631/631 788/788/788
f 632/632/632 787/787/787 631/631/631
f 632/632/632 633/633/633 865/865/865
f 789/789/789 581/581/581 582/582/582
f 580/580/580 794/794/794 579/579/579
f 581/581/581 792/792/792 580/580/580
f 796/796/796 948/948/948 795/795/795
f 662/662/662 576/576/576 943/943/943
f 578/578/578 579/579/579 948/948/948
f 660/660/660 943/943/943 947/947/947
f 943/943/943 942/942/942 947/947/947
f 576/576/576 948/948/948 943/943/943
f 97/97/97 98/98/98 93/93/93 947/947/947
f 666/666/666 585/585/585 586/586/586
f 666/666/666 584/584/584 585/585/585
f 629/629/629 687/687/687 688/688/688 628/628/628
f 583/583/583 666/666/666 667/667/667
f 668/668/668 629/629/629 630/630/630
f 583/583/583 584/584/584 666/666/666
f 576/576/576 663/663/663 575/575/575
f 948/948/948 576/576/576 577/577/577
f 575/575/575 663/663/663 574/574/574
f 666/666/666 570/570/570 571/571/571
f 573/573/573 664/664/664 572/572/572
f 572/572/572 665/665/665 571/571/571
f 664/664/664 573/573/573 574/574/574
f 666/666/666 586/586/586 570/570/570
f 688/688/688 627/627/627 628/628/628
f 321/321/321 875/875/875 876/876/876
f 624/624/624 625/625/625 691/691/691
f 949/949/949 609/609/609 610/610/610 950/950/950
f 949/949/949 608/608/608 609/609/609
f 51/51/51 47/47/47 599/599/599
f 938/938/938 949/949/949 741/741/741
f 938/938/938 744/744/744 745/745/745
f 51/51/51 602/602/602 55/55/55
f 938/938/938 608/608/608 949/949/949
f 737/737/737 950/950/950 940/940/940
f 950/950/950 610/610/610 611/611/611 940/940/940
f 764/764/764 940/940/940 939/939/939 763/763/763
f 737/737/737 738/738/738 950/950/950
f 763/763/763 939/939/939 941/941/941 762/762/762
f 940/940/940 764/764/764 737/737/737
f 739/739/739 949/949/949 950/950/950
f 738/738/738 739/739/739 950/950/950
f 606/606/606 607/607/607 938/938/938
f 55/55/55 938/938/938 745/745/745
f 747/747/747 56/56/56 746/746/746
f 746/746/746 56/56/56 55/55/55
f 56/56/56 747/747/747 748/748/748
f 765/765/765 56/56/56 748/748/748
f 745/745/745 746/746/746 55/55/55
f 949/949/949 739/739/739 740/740/740
f 938/938/938 741/741/741 742/742/742
f 765/765/765 766/766/766 56/56/56
f 949/949/949 740/740/740 741/741/741
f 743/743/743 938/938/938 742/742/742
f 766/766/766 767/767/767 56/56/56
f 762/762/762 941/941/941 951/951/951 761/761/761
f 613/613/613 704/704/704 705/705/705
f 703/703/703 704/704/704 614/614/614
f 951/951/951 705/705/705 706/706/706
f 952/952/952 707/707/707 708/708/708
f 951/951/951 706/706/706 707/707/707
f 613/613/613 705/705/705 941/941/941
f 698/698/698 699/699/699 618/618/618
f 697/697/697 698/698/698 618/618/618
f 701/701/701 702/702/702 616/616/616
f 701/701/701 617/617/617 700/700/700
f 699/699/699 700/700/700 617/617/617
f 952/952/952 708/708/708 709/709/709
f 951/951/951 707/707/707 952/952/952
f 953/953/953 709/709/709 710/710/710
f 952/952/952 709/709/709 953/953/953
f 761/761/761 951/951/951 952/952/952 760/760/760
f 953/953/953 759/759/759 760/760/760 952/952/952
f 759/759/759 953/953/953 954/954/954 758/758/758
f 954/954/954 953/953/953 710/710/710
f 711/711/711 758/758/758 954/954/954
f 710/710/710 711/711/711 954/954/954
f 669/669/669 758/758/758 711/711/711
f 670/670/670 757/757/757 669/669/669
f 757/757/757 758/758/758 669/669/669
f 671/671/671 756/756/756 757/757/757 670/670/670
f 755/755/755 756/756/756 671/671/671
f 705/705/705 951/951/951 941/941/941
f 9/9/9 10/10/10 5/5/5 4/4/4
f 14/14/14 15/15/15 10/10/10 9/9/9
f 24/24/24 25/25/25 20/20/20 19/19/19
f 34/34/34 35/35/35 30/30/30 29/29/29
f 29/29/29 30/30/30 25/25/25 24/24/24
f 19/19/19 20/20/20 15/15/15 14/14/14
f 56/56/56 767/767/767 955/955/955 57/57/57
f 49/49/49 50/50/50 45/45/45 44/44/44
f 57/57/57 58/58/58 54/54/54 53/53/53
f 53/53/53 54/54/54 50/50/50 49/49/49
f 955/955/955 767/767/767 768/768/768
f 44/44/44 45/45/45 40/40/40 39/39/39
f 955/955/955 59/59/59 57/57/57
f 39/39/39 40/40/40 35/35/35 34/34/34
f 795/795/795 948/948/948 579/579/579
f 956/956/956 675/675/675 676/676/676
f 957/957/957 750/750/750 751/751/751 956/956/956
f 938/938/938 607/607/607 608/608/608
f 750/750/750 957/957/957 958/958/958 749/749/749
f 956/956/956 674/674/674 675/675/675
f 959/959/959 374/374/374 375/375/375
f 157/157/157 373/373/373 959/959/959
f 955/955/955 60/60/60 59/59/59
f 58/58/58 57/57/57 59/59/59
f 60/60/60 955/955/955 960/960/960 61/61/61
f 55/55/55 606/606/606 938/938/938
f 955/955/955 768/768/768 769/769/769 960/960/960
f 948/948/948 797/797/797 798/798/798
f 961/961/961 770/770/770 771/771/771 962/962/962
f 960/960/960 769/769/769 770/770/770 961/961/961
f 961/961/961 62/62/62 61/61/61 960/960/960
f 772/772/772 963/963/963 962/962/962 771/771/771
f 962/962/962 63/63/63 62/62/62 961/961/961
f 964/964/964 773/773/773 774/774/774 965/965/965
f 963/963/963 772/772/772 773/773/773 964/964/964
f 776/776/776 966/966/966 775/775/775
f 967/967/967 777/777/777 778/778/778 968/968/968
f 966/966/966 776/776/776 777/777/777 967/967/967
f 775/775/775 965/965/965 774/774/774
f 968/968/968 778/778/778 779/779/779 969/969/969
f 63/63/63 962/962/962 963/963/963 64/64/64
f 964/964/964 65/65/65 64/64/64 963/963/963
f 65/65/65 964/964/964 965/965/965 66/66/66
f 966/966/966 67/67/67 66/66/66 965/965/965
f 775/775/775 966/966/966 965/965/965
f 968/968/968 69/69/69 68/68/68 967/967/967
f 967/967/967 68/68/68 67/67/67 966/966/966
f 69/69/69 968/968/968 969/969/969 70/70/70
f 692/692/692 693/693/693 623/623/623
f 624/624/624 691/691/691 692/692/692
f 958/958/958 677/677/677 678/678/678
f 970/970/970 679/679/679 680/680/680
f 689/689/689 627/627/627 688/688/688
f 958/958/958 678/678/678 679/679/679
f 970/970/970 680/680/680 681/681/681 971/971/971
f 691/691/691 625/625/625 690/690/690
f 957/957/957 676/676/676 677/677/677
f 752/752/752 673/673/673 674/674/674
f 753/753/753 672/672/672 673/673/673
f 754/754/754 755/755/755 672/672/672
f 672/672/672 753/753/753 754/754/754
f 673/673/673 752/752/752 753/753/753
f 752/752/752 674/674/674 751/751/751
f 672/672/672 755/755/755 671/671/671
f 674/674/674 956/956/956 751/751/751
f 956/956/956 676/676/676 957/957/957
f 958/958/958 957/957/957 677/677/677
f 970/970/970 736/736/736 958/958/958
f 958/958/958 679/679/679 970/970/970
f 970/970/970 735/735/735 736/736/736
f 749/749/749 958/958/958 736/736/736
f 970/970/970 734/734/734 735/735/735
f 667/667/667 668/668/668 630/630/630
f 571/571/571 665/665/665 666/666/666
f 630/630/630 583/583/583 667/667/667
f 663/663/663 664/664/664 574/574/574
f 662/662/662 663/663/663 576/576/576
f 664/664/664 665/665/665 572/572/572
f 668/668/668 687/687/687 629/629/629
f 943/943/943 660/660/660 661/661/661
f 947/947/947 659/659/659 660/660/660
f 89/89/89 655/655/655 656/656/656
f 93/93/93 657/657/657 658/658/658
f 93/93/93 656/656/656 657/657/657
f 658/658/658 659/659/659 947/947/947
f 661/661/661 662/662/662 943/943/943
f 684/684/684 78/78/78 683/683/683
f 684/684/684 81/81/81 78/78/78
f 682/682/682 971/971/971 681/681/681
f 682/682/682 78/78/78 971/971/971
f 683/683/683 78/78/78 682/682/682
f 971/971/971 734/734/734 970/970/970
f 81/81/81 684/684/684 685/685/685
f 81/81/81 685/685/685 686/686/686 85/85/85
f 653/653/653 85/85/85 686/686/686
f 654/654/654 89/89/89 653/653/653
f 653/653/653 89/89/89 85/85/85
f 93/93/93 89/89/89 656/656/656
f 89/89/89 654/654/654 655/655/655
f 658/658/658 947/947/947 93/93/93
f 729/729/729 730/730/730 78/78/78
f 780/780/780 972/972/972 969/969/969 779/779/779
f 972/972/972 780/780/780 781/781/781 973/973/973
f 974/974/974 782/782/782 783/783/783 975/975/975
f 973/973/973 781/781/781 782/782/782 974/974/974
f 712/712/712 975/975/975 783/783/783
f 712/712/712 713/713/713 976/976/976
f 971/971/971 733/733/733 734/734/734
f 971/971/971 732/732/732 733/733/733
f 714/714/714 976/976/976 713/713/713
f 716/716/716 977/977/977 715/715/715
f 715/715/715 977/977/977 714/714/714
f 717/717/717 978/978/978 716/716/716
f 973/973/973 72/72/72 71/71/71 972/972/972
f 974/974/974 73/73/73 72/72/72 973/973/973
f 972/972/972 71/71/71 70/70/70 969/969/969
f 73/73/73 974/974/974 975/975/975 74/74/74
f 976/976/976 75/75/75 74/74/74 975/975/975
f 712/712/712 976/976/976 975/975/975
f 978/978/978 77/77/77 76/76/76 977/977/977
f 716/716/716 978/978/978 977/977/977
f 977/977/977 976/976/976 714/714/714
f 977/977/977 76/76/76 75/75/75 976/976/976
f 77/77/77 978/978/978 79/79/79 80/80/80
f 978/978/978 717/717/717 718/718/718
f 971/971/971 730/730/730 731/731/731
f 971/971/971 78/78/78 730/730/730
f 720/720/720 79/79/79 719/719/719
f 722/722/722 723/723/723 82/82/82
f 82/82/82 721/721/721 722/722/722
f 727/727/727 728/728/728 78/78/78
f 720/720/720 721/721/721 82/82/82
f 724/724/724 725/725/725 82/82/82
f 726/726/726 82/82/82 725/725/725
f 82/82/82 726/726/726 727/727/727
f 724/724/724 82/82/82 723/723/723
f 728/728/728 729/729/729 78/78/78
f 82/82/82 727/727/727 78/78/78
f 82/82/82 79/79/79 720/720/720
f 719/719/719 79/79/79 978/978/978
f 83/83/83 84/84/84 80/80/80 79/79/79
f 87/87/87 88/88/88 84/84/84 83/83/83
f 88/88/88 87/87/87 91/91/91 92/92/92
f 978/978/978 718/718/718 719/719/719
f 95/95/95 96/96/96 92/92/92 91/91/91
f 105/105/105 106/106/106 101/101/101 100/100/100
f 100/100/100 101/101/101 96/96/96 95/95/95
f 106/106/106 105/105/105 110/110/110 111/111/111
f 731/731/731 732/732/732 971/971/971
f 937/937/937 404/404/404 405/405/405
f 333/333/333 979/979/979 332/332/332
f 980/980/980 331/331/331 332/332/332
f 112/112/112 981/981/981 980/980/980 117/117/117
f 980/980/980 981/981/981 331/331/331
f 982/982/982 137/137/137 132/132/132 983/983/983
f 980/980/980 332/332/332 984/984/984
f 333/333/333 982/982/982 983/983/983
f 333/333/333 983/983/983 979/979/979
f 982/982/982 333/333/333 334/334/334
f 107/107/107 946/946/946 981/981/981 112/112/112
f 152/152/152 985/985/985 336/336/336
f 985/985/985 335/335/335 336/336/336
f 982/982/982 334/334/334 986/986/986
f 987/987/987 986/986/986 334/334/334
f 985/985/985 152/152/152 147/147/147 987/987/987
f 335/335/335 987/987/987 334/334/334
f 987/987/987 335/335/335 985/985/985
f 987/987/987 147/147/147 142/142/142 986/986/986
f 988/988/988 336/336/336 337/337/337
f 986/986/986 142/142/142 137/137/137 982/982/982
f 117/117/117 980/980/980 984/984/984 122/122/122
f 332/332/332 979/979/979 984/984/984
f 979/979/979 127/127/127 122/122/122 984/984/984
f 127/127/127 979/979/979 983/983/983 132/132/132
f 368/368/368 988/988/988 367/367/367
f 361/361/361 989/989/989 990/990/990
f 989/989/989 988/988/988 337/337/337
f 336/336/336 988/988/988 152/152/152
f 363/363/363 988/988/988 989/989/989
f 989/989/989 337/337/337 990/990/990
f 990/990/990 337/337/337 338/338/338
f 331/331/331 981/981/981 946/946/946
f 340/340/340 914/914/914 339/339/339
f 338/338/338 339/339/339 991/991/991
f 340/340/340 911/911/911 912/912/912
f 340/340/340 909/909/909 910/910/910
f 910/910/910 911/911/911 340/340/340
f 909/909/909 340/340/340 908/908/908
f 340/340/340 912/912/912 913/913/913
f 903/903/903 904/904/904 342/342/342
f 341/341/341 342/342/342 904/904/904
f 905/905/905 341/341/341 904/904/904
f 341/341/341 907/907/907 908/908/908
f 341/341/341 905/905/905 906/906/906
f 906/906/906 907/907/907 341/341/341
f 340/340/340 341/341/341 908/908/908
f 339/339/339 914/914/914 915/915/915
f 340/340/340 913/913/913 914/914/914
f 992/992/992 339/339/339 916/916/916
f 993/993/993 917/917/917 918/918/918
f 917/917/917 993/993/993 916/916/916
f 339/339/339 915/915/915 916/916/916
f 993/993/993 919/919/919 920/920/920
f 922/922/922 994/994/994 921/921/921
f 994/994/994 920/920/920 921/921/921
f 924/924/924 995/995/995 923/923/923
f 886/886/886 995/995/995 885/885/885
f 885/885/885 995/995/995 924/924/924
f 923/923/923 994/994/994 922/922/922
f 993/993/993 918/918/918 919/919/919
f 888/888/888 996/996/996 887/887/887
f 997/997/997 990/990/990 338/338/338
f 887/887/887 996/996/996 886/886/886
f 365/365/365 366/366/366 988/988/988
f 364/364/364 365/365/365 988/988/988
f 153/153/153 369/369/369 370/370/370
f 152/152/152 988/988/988 368/368/368
f 368/368/368 369/369/369 152/152/152
f 366/366/366 367/367/367 988/988/988
f 358/358/358 359/359/359 997/997/997
f 990/990/990 359/359/359 360/360/360
f 357/357/357 358/358/358 997/997/997
f 363/363/363 989/989/989 362/362/362
f 360/360/360 361/361/361 990/990/990
f 362/362/362 989/989/989 361/361/361
f 988/988/988 363/363/363 364/364/364
f 997/997/997 359/359/359 990/990/990
f 157/157/157 372/372/372 373/373/373
f 157/157/157 371/371/371 372/372/372
f 153/153/153 370/370/370 157/157/157
f 959/959/959 161/161/161 158/158/158 157/157/157
f 373/373/373 374/374/374 959/959/959
f 375/375/375 376/376/376 959/959/959
f 371/371/371 157/157/157 370/370/370
f 998/998/998 376/376/376 377/377/377
f 999/999/999 998/998/998 378/378/378
f 998/998/998 377/377/377 378/378/378
f 999/999/999 167/167/167 164/164/164 998/998/998
f 999/999/999 380/380/380 1000/1000/1000
f 379/379/379 999/999/999 378/378/378
f 999/999/999 379/379/379 380/380/380
f 381/381/381 1000/1000/1000 380/380/380
f 998/998/998 959/959/959 376/376/376
f 998/998/998 164/164/164 161/161/161 959/959/959
f 152/152/152 369/369/369 153/153/153
f 992/992/992 436/436/436 437/437/437 991/991/991
f 339/339/339 992/992/992 991/991/991
f 916/916/916 993/993/993 992/992/992
f 993/993/993 435/435/435 436/436/436 992/992/992
f 437/437/437 357/357/357 991/991/991
f 435/435/435 993/993/993 994/994/994 434/434/434
f 997/997/997 991/991/991 357/357/357
f 434/434/434 994/994/994 995/995/995 433/433/433
f 886/886/886 996/996/996 995/995/995
f 432/432/432 995/995/995 996/996/996
f 923/923/923 995/995/995 994/994/994
f 432/432/432 433/433/433 995/995/995
f 432/432/432 996/996/996 431/431/431
f 1001/1001/1001 431/431/431 996/996/996
f 994/994/994 993/993/993 920/920/920
f 1002/1002/1002 382/382/382 383/383/383 1003/1003/1003
f 384/384/384 1003/1003/1003 383/383/383
f 1002/1002/1002 173/173/173 170/170/170 1000/1000/1000
f 1000/1000/1000 381/381/381 382/382/382 1002/1002/1002
f 385/385/385 1004/1004/1004 384/384/384
f 1003/1003/1003 384/384/384 1004/1004/1004
f 1003/1003/1003 176/176/176 173/173/173 1002/1002/1002
f 387/387/387 1005/1005/1005 386/386/386
f 388/388/388 1006/1006/1006 387/387/387
f 1006/1006/1006 388/388/388 389/389/389 1007/1007/1007
f 544/544/544 1004/1004/1004 1005/1005/1005
f 386/386/386 1005/1005/1005 1004/1004/1004 385/385/385
f 1007/1007/1007 541/541/541 542/542/542 1006/1006/1006
f 1005/1005/1005 387/387/387 1006/1006/1006
f 1006/1006/1006 542/542/542 543/543/543 1005/1005/1005
f 1007/1007/1007 389/389/389 390/390/390 1008/1008/1008
f 547/547/547 1003/1003/1003 1004/1004/1004
f 991/991/991 997/997/997 338/338/338
f 1000/1000/1000 170/170/170 167/167/167 999/999/999
f 901/901/901 902/902/902 342/342/342
f 903/903/903 342/342/342 902/902/902
f 900/900/900 901/901/901 342/342/342
f 342/342/342 899/899/899 900/900/900
f 898/898/898 343/343/343 897/897/897
f 343/343/343 898/898/898 899/899/899
f 342/342/342 343/343/343 899/899/899
f 345/345/345 346/346/346 1009/1009/1009
f 346/346/346 347/347/347 1010/1010/1010
f 343/343/343 936/936/936 896/896/896
f 897/897/897 343/343/343 896/896/896
f 344/344/344 934/934/934 343/343/343
f 344/344/344 345/345/345 1011/1011/1011
f 1012/1012/1012 347/347/347 348/348/348
f 935/935/935 936/936/936 343/343/343
f 934/934/934 935/935/935 343/343/343
f 932/932/932 933/933/933 344/344/344
f 932/932/932 344/344/344 931/931/931
f 934/934/934 344/344/344 933/933/933
f 1009/1009/1009 1013/1013/1013 1014/1014/1014 1015/1015/1015
f 1009/1009/1009 1015/1015/1015 345/345/345
f 1016/1016/1016 1017/1017/1017 1013/1013/1013 1009/1009/1009
f 1010/1010/1010 1016/1016/1016 346/346/346
f 1009/1009/1009 346/346/346 1016/1016/1016
f 1010/1010/1010 1018/1018/1018 1017/1017/1017 1016/1016/1016
f 930/930/930 1019/1019/1019 929/929/929
f 1011/1011/1011 1019/1019/1019 930/930/930
f 931/931/931 344/344/344 1011/1011/1011
f 1011/1011/1011 930/930/930 931/931/931
f 1015/1015/1015 1014/1014/1014 1019/1019/1019 1011/1011/1011
f 929/929/929 1020/1020/1020 928/928/928
f 1015/1015/1015 1011/1011/1011 345/345/345
f 1010/1010/1010 347/347/347 1012/1012/1012
f 1012/1012/1012 1021/1021/1021 1018/1018/1018 1010/1010/1010
f 1022/1022/1022 1012/1012/1012 348/348/348
f 349/349/349 280/280/280 279/279/279
f 1023/1023/1023 348/348/348 349/349/349
f 350/350/350 277/277/277 349/349/349
f 349/349/349 277/277/277 280/280/280
f 350/350/350 281/281/281 283/283/283
f 283/283/283 277/277/277 350/350/350
f 281/281/281 350/350/350 286/286/286
f 1023/1023/1023 349/349/349 279/279/279
f 353/353/353 354/354/354 301/301/301
f 354/354/354 355/355/355 304/304/304
f 350/350/350 351/351/351 284/284/284
f 286/286/286 350/350/350 284/284/284
f 352/352/352 290/290/290 351/351/351
f 352/352/352 353/353/353 298/298/298
f 307/307/307 355/355/355 356/356/356
f 351/351/351 289/289/289 284/284/284
f 351/351/351 287/287/287 289/289/289
f 351/351/351 290/290/290 292/292/292
f 352/352/352 293/293/293 295/295/295
f 295/295/295 290/290/290 352/352/352
f 292/292/292 287/287/287 351/351/351
f 353/353/353 296/296/296 298/298/298
f 354/354/354 299/299/299 301/301/301
f 301/301/301 296/296/296 353/353/353
f 355/355/355 302/302/302 304/304/304
f 356/356/356 305/305/305 307/307/307
f 307/307/307 302/302/302 355/355/355
f 304/304/304 299/299/299 354/354/354
f 298/298/298 293/293/293 352/352/352
f 1024/1024/1024 891/891/891 892/892/892
f 888/888/888 889/889/889 1001/1001/1001
f 890/890/890 1001/1001/1001 889/889/889
f 1001/1001/1001 890/890/890 1024/1024/1024
f 891/891/891 1024/1024/1024 890/890/890
f 1024/1024/1024 429/429/429 430/430/430 1001/1001/1001
f 1024/1024/1024 892/892/892 1025/1025/1025
f 431/431/431 1001/1001/1001 430/430/430
f 926/926/926 1026/1026/1026 925/925/925
f 925/925/925 1026/1026/1026 895/895/895
f 1025/1025/1025 893/893/893 894/894/894
f 895/895/895 1026/1026/1026 1025/1025/1025
f 894/894/894 895/895/895 1025/1025/1025
f 892/892/892 893/893/893 1025/1025/1025
f 1026/1026/1026 926/926/926 927/927/927
f 1025/1025/1025 428/428/428 429/429/429 1024/1024/1024
f 1027/1027/1027 1008/1008/1008 391/391/391
f 390/390/390 391/391/391 1008/1008/1008
f 537/537/537 1027/1027/1027 392/392/392
f 391/391/391 392/392/392 1027/1027/1027
f 538/538/538 1008/1008/1008 1027/1027/1027
f 1020/1020/1020 425/425/425 426/426/426 1026/1026/1026
f 927/927/927 1020/1020/1020 1026/1026/1026
f 1019/1019/1019 424/424/424 425/425/425 1020/1020/1020
f 424/424/424 1019/1019/1019 1014/1014/1014 423/423/423
f 1020/1020/1020 927/927/927 928/928/928
f 427/427/427 428/428/428 1025/1025/1025
f 426/426/426 427/427/427 1026/1026/1026
f 1026/1026/1026 427/427/427 1025/1025/1025
f 929/929/929 1019/1019/1019 1020/1020/1020
f 996/996/996 888/888/888 1001/1001/1001
f 1013/1013/1013 422/422/422 423/423/423 1014/1014/1014
f 1017/1017/1017 421/421/421 422/422/422 1013/1013/1013
f 421/421/421 1017/1017/1017 1018/1018/1018 420/420/420
f 420/420/420 1018/1018/1018 1021/1021/1021 419/419/419
f 419/419/419 1021/1021/1021 1022/1022/1022 418/418/418
f 1022/1022/1022 1021/1021/1021 1012/1012/1012
f 1023/1023/1023 196/196/196 415/415/415
f 417/417/417 1022/1022/1022 1023/1023/1023
f 278/278/278 413/413/413 196/196/196
f 1023/1023/1023 279/279/279 196/196/196
f 199/199/199 411/411/411 278/278/278
f 1022/1022/1022 348/348/348 1023/1023/1023
f 1022/1022/1022 417/417/417 418/418/418
f 415/415/415 416/416/416 1023/1023/1023
f 1028/1028/1028 937/937/937 406/406/406
f 416/416/416 417/417/417 1023/1023/1023
f 196/196/196 413/413/413 414/414/414
f 278/278/278 411/411/411 412/412/412
f 412/412/412 413/413/413 278/278/278
f 408/408/408 1028/1028/1028 407/407/407
f 409/409/409 200/200/200 1028/1028/1028
f 409/409/409 1028/1028/1028 408/408/408
f 200/200/200 411/411/411 199/199/199
f 414/414/414 415/415/415 196/196/196
f 1028/1028/1028 406/406/406 407/407/407
f 410/410/410 411/411/411 200/200/200
f 540/540/540 1007/1007/1007 1008/1008/1008
f 546/546/546 1004/1004/1004 545/545/545
f 547/547/547 1004/1004/1004 546/546/546
f 1004/1004/1004 544/544/544 545/545/545
f 1003/1003/1003 548/548/548 176/176/176
f 176/176/176 549/549/549 550/550/550
f 176/176/176 548/548/548 549/549/549
f 548/548/548 1003/1003/1003 547/547/547
f 465/465/465 176/176/176 550/550/550
f 462/462/462 463/463/463 551/551/551
f 464/464/464 551/551/551 463/463/463
f 461/461/461 462/462/462 551/551/551
f 464/464/464 465/465/465 550/550/550
f 467/467/467 177/177/177 466/466/466
f 176/176/176 465/465/465 177/177/177
f 551/551/551 464/464/464 550/550/550
f 553/553/553 460/460/460 552/552/552
f 458/458/458 459/459/459 553/553/553
f 460/460/460 553/553/553 459/459/459
f 177/177/177 468/468/468 469/469/469
f 460/460/460 461/461/461 552/552/552
f 469/469/469 470/470/470 1029/1029/1029
f 552/552/552 461/461/461 551/551/551
f 177/177/177 467/467/467 468/468/468
f 1029/1029/1029 177/177/177 469/469/469
f 540/540/540 541/541/541 1007/1007/1007
f 456/456/456 555/555/555 556/556/556 455/455/455
f 555/555/555 457/457/457 554/554/554
f 394/394/394 535/535/535 536/536/536 393/393/393
f 535/535/535 394/394/394 395/395/395 534/534/534
f 538/538/538 539/539/539 1008/1008/1008
f 536/536/536 537/537/537 392/392/392
f 538/538/538 1027/1027/1027 537/537/537
f 1008/1008/1008 539/539/539 540/540/540
f 543/543/543 544/544/544 1005/1005/1005
f 455/455/455 556/556/556 454/454/454
f 453/453/453 454/454/454 557/557/557
f 457/457/457 458/458/458 554/554/554
f 457/457/457 555/555/555 456/456/456
f 453/453/453 557/557/557 558/558/558 452/452/452
f 557/557/557 454/454/454 556/556/556
f 558/558/558 451/451/451 452/452/452
f 559/559/559 450/450/450 558/558/558
f 510/510/510 559/559/559 560/560/560 509/509/509
f 558/558/558 450/450/450 451/451/451
f 510/510/510 450/450/450 559/559/559
f 509/509/509 560/560/560 561/561/561
f 553/553/553 554/554/554 458/458/458
f 392/392/392 393/393/393 536/536/536
f 115/115/115 116/116/116 111/111/111 110/110/110
f 120/120/120 121/121/121 116/116/116 115/115/115
f 130/130/130 131/131/131 126/126/126 125/125/125
f 140/140/140 141/141/141 136/136/136 135/135/135
f 135/135/135 136/136/136 131/131/131 130/130/130
f 125/125/125 126/126/126 121/121/121 120/120/120
f 150/150/150 151/151/151 146/146/146 145/145/145
f 155/155/155 156/156/156 151/151/151 150/150/150
f 162/162/162 163/163/163 160/160/160 159/159/159
f 168/168/168 169/169/169 166/166/166 165/165/165
f 165/165/165 166/166/166 163/163/163 162/162/162
f 159/159/159 160/160/160 156/156/156 155/155/155
f 145/145/145 146/146/146 141/141/141 140/140/140
f 171/171/171 172/172/172 169/169/169 168/168/168
f 472/472/472 1029/1029/1029 471/471/471
f 473/473/473 1030/1030/1030 472/472/472
f 177/177/177 178/178/178 175/175/175 174/174/174
f 1030/1030/1030 181/181/181 180/180/180 1029/1029/1029
f 1030/1030/1030 1029/1029/1029 472/472/472
f 177/177/177 465/465/465 466/466/466
f 180/180/180 179/179/179 1029/1029/1029
f 1030/1030/1030 473/473/473 474/474/474 1031/1031/1031
f 475/475/475 1031/1031/1031 474/474/474
f 476/476/476 1031/1031/1031 475/475/475
f 1031/1031/1031 476/476/476 1032/1032/1032
f 477/477/477 1032/1032/1032 476/476/476
f 1033/1033/1033 1032/1032/1032 478/478/478
f 477/477/477 478/478/478 1032/1032/1032
f 1032/1032/1032 183/183/183 182/182/182 1031/1031/1031
f 1031/1031/1031 182/182/182 181/181/181 1030/1030/1030
f 174/174/174 175/175/175 172/172/172 171/171/171
f 1029/1029/1029 179/179/179 177/177/177
f 178/178/178 177/177/177 179/179/179
f 479/479/479 184/184/184 1033/1033/1033
f 478/478/478 479/479/479 1033/1033/1033
f 480/480/480 185/185/185 479/479/479
f 185/185/185 480/480/480 481/481/481 186/186/186
f 1033/1033/1033 184/184/184 183/183/183 1032/1032/1032
f 185/185/185 184/184/184 479/479/479
f 186/186/186 481/481/481 482/482/482
f 471/471/471 1029/1029/1029 470/470/470
f 397/397/397 532/532/532 533/533/533 396/396/396
f 396/396/396 533/533/533 534/534/534 395/395/395
f 398/398/398 531/531/531 532/532/532 397/397/397
f 400/400/400 529/529/529 399/399/399
f 528/528/528 529/529/529 400/400/400
f 531/531/531 398/398/398 399/399/399 530/530/530
f 530/530/530 399/399/399 529/529/529
f 500/500/500 567/567/567 568/568/568
f 506/506/506 563/563/563 564/564/564 505/505/505
f 507/507/507 562/562/562 563/563/563
f 508/508/508 561/561/561 562/562/562
f 507/507/507 508/508/508 562/562/562
f 507/507/507 563/563/563 506/506/506
f 565/565/565 504/504/504 505/505/505 564/564/564
f 566/566/566 503/503/503 504/504/504 565/565/565
f 566/566/566 502/502/502 503/503/503
f 501/501/501 502/502/502 567/567/567
f 502/502/502 566/566/566 567/567/567
f 501/501/501 567/567/567 500/500/500
f 528/528/528 400/400/400 401/401/401 527/527/527
f 524/524/524 402/402/402 403/403/403
f 526/526/526 401/401/401 402/402/402
f 401/401/401 526/526/526 527/527/527
f 402/402/402 524/524/524 525/525/525
f 525/525/525 526/526/526 402/402/402
f 524/524/524 403/403/403 523/523/523
f 523/523/523 404/404/404 937/937/937
f 520/520/520 521/521/521 1028/1028/1028
f 201/201/201 1028/1028/1028 200/200/200
f 519/519/519 520/520/520 1028/1028/1028
f 523/523/523 937/937/937 522/522/522
f 937/937/937 1028/1028/1028 521/521/521
f 522/522/522 937/937/937 521/521/521
f 201/201/201 518/518/518 1028/1028/1028
f 403/403/403 404/404/404 523/523/523
f 496/496/496 497/497/497 511/511/511
f 497/497/497 569/569/569 511/511/511
f 500/500/500 568/568/568 499/499/499
f 498/498/498 499/499/499 568/568/568
f 498/498/498 569/569/569 497/497/497
f 512/512/512 495/495/495 511/511/511
f 498/498/498 568/568/568 569/569/569
f 514/514/514 201/201/201 513/513/513
f 519/519/519 1028/1028/1028 518/518/518
f 517/517/517 518/518/518 201/201/201
f 494/494/494 513/513/513 197/197/197
f 516/516/516 201/201/201 515/515/515
f 201/201/201 516/516/516 517/517/517
f 201/201/201 514/514/514 515/515/515
f 200/200/200 409/409/409 410/410/410
f 197/197/197 513/513/513 201/201/201
f 187/187/187 483/483/483 484/484/484 188/188/188
f 187/187/187 482/482/482 483/483/483
f 189/189/189 485/485/485 486/486/486
f 190/190/190 487/487/487 488/488/488
f 189/189/189 486/486/486 487/487/487
f 188/188/188 484/484/484 485/485/485
f 490/490/490 194/194/194 489/489/489
f 194/194/194 449/449/449 489/489/489
f 194/194/194 445/445/445 446/446/446
f 194/194/194 447/447/447 448/448/448
f 194/194/194 446/446/446 447/447/447
f 448/448/448 449/449/449 194/194/194
f 488/488/488 438/438/438 190/190/190
f 439/439/439 191/191/191 438/438/438
f 189/189/189 188/188/188 485/485/485
f 438/438/438 191/191/191 190/190/190
f 189/189/189 487/487/487 190/190/190
f 191/191/191 439/439/439 440/440/440
f 192/192/192 440/440/440 441/441/441
f 193/193/193 443/443/443 444/444/444
f 193/193/193 192/192/192 442/442/442
f 441/441/441 442/442/442 192/192/192
f 443/443/443 193/193/193 442/442/442
f 193/193/193 444/444/444 194/194/194
f 194/194/194 444/444/444 445/445/445
f 191/191/191 440/440/440 192/192/192
f 186/186/186 482/482/482 187/187/187
f 495/495/495 512/512/512 494/494/494
f 495/495/495 496/496/496 511/511/511
f 512/512/512 513/513/513 494/494/494
f 202/202/202 203/203/203 198/198/198 197/197/197
f 493/493/493 494/494/494 197/197/197
f 207/207/207 208/208/208 203/203/203 202/202/202
f 195/195/195 493/493/493 197/197/197
f 212/212/212 213/213/213 208/208/208 207/207/207
f 217/217/217 218/218/218 213/213/213 212/212/212
f 222/222/222 223/223/223 218/218/218 217/217/217
f 232/232/232 233/233/233 228/228/228 227/227/227
f 242/242/242 243/243/243 238/238/238 237/237/237
f 237/237/237 238/238/238 233/233/233 232/232/232
f 227/227/227 228/228/228 223/223/223 222/222/222
f 247/247/247 248/248/248 243/243/243 242/242/242
f 195/195/195 491/491/491 492/492/492
f 194/194/194 491/491/491 195/195/195
f 493/493/493 195/195/195 492/492/492
f 195/195/195 197/197/197 198/198/198
f 490/490/490 491/491/491 194/194/194
f 561/561/561 508/508/508 509/509/509
f 1062/1062/1062 1061/1061/1061 1060/1060/1060
f 1058/1058/1058 1057/1057/1057 1062/1062/1062
f 1060/1060/1060 1059/1059/1059 1058/1058/1058
f 1062/1062/1062 1060/1060/1060 1058/1058/1058
f 1066/1066/1066 1063/1063/1063 1062/1062/1062
f 1069/1069/1069 1068/1068/1068 1067/1067/1067
f 1066/1066/1066 1069/1069/1069 1067/1067/1067
f 1063/1063/1063 1066/1066/1066 1065/1065/1065
f 1066/1066/1066 1062/1062/1062 1049/1049/1049
f 1063/1063/1063 1065/1065/1065 1064/1064/1064
f 1049/1049/1049 1075/1075/1075 1066/1066/1066
f 1056/1056/1056 1055/1055/1055 1057/1057/1057
f 1053/1053/1053 1057/1057/1057 1055/1055/1055
f 1054/1054/1054 1053/1053/1053 1055/1055/1055
f 1052/1052/1052 1057/1057/1057 1053/1053/1053
f 1057/1057/1057 1052/1052/1052 1062/1062/1062
f 1050/1050/1050 1049/1049/1049 1051/1051/1051
f 1049/1049/1049 1052/1052/1052 1051/1051/1051
f 1047/1047/1047 1046/1046/1046 1048/1048/1048
f 1049/1049/1049 1048/1048/1048 1046/1046/1046
f 1062/1062/1062 1052/1052/1052 1049/1049/1049
f 1046/1046/1046 1081/1081/1081 1049/1049/1049
f 1074/1074/1074 1069/1069/1069 1066/1066/1066
f 1071/1071/1071 1070/1070/1070 1073/1073/1073
f 1072/1072/1072 1071/1071/1071 1073/1073/1073
f 1074/1074/1074 1066/1066/1066 1075/1075/1075
f 1074/1074/1074 1073/1073/1073 1069/1069/1069
f 1049/1049/1049 1081/1081/1081 1075/1075/1075
f 1078/1078/1078 1077/1077/1077 1076/1076/1076
f 1075/1075/1075 1081/1081/1081 1078/1078/1078
f 1081/1081/1081 1080/1080/1080 1079/1079/1079
f 1078/1078/1078 1081/1081/1081 1079/1079/1079
f 1076/1076/1076 1075/1075/1075 1078/1078/1078
f 1046/1046/1046 1038/1038/1038 1081/1081/1081
f 1040/1040/1040 1043/1043/1043 1041/1041/1041
f 1042/1042/1042 1041/1041/1041 1043/1043/1043
f 1046/1046/1046 1044/1044/1044 1043/1043/1043
f 1043/1043/1043 1040/1040/1040 1046/1046/1046
f 1044/1044/1044 1046/1046/1046 1045/1045/1045
f 1038/1038/1038 1046/1046/1046 1040/1040/1040
f 1036/1036/1036 1035/1035/1035 1038/1038/1038
f 1040/1040/1040 1039/1039/1039 1038/1038/1038
f 1037/1037/1037 1036/1036/1036 1038/1038/1038
f 1035/1035/1035 1081/1081/1081 1038/1038/1038
f 1035/1035/1035 1034/1034/1034 1081/1081/1081
f 1073/1073/1073 1070/1070/1070 1069/1069/1069
f 1128/1128/1128 1129/1129/1129 1118/1118/1118
f 1130/1130/1130 1131/1131/1131 1116/1116/1116
f 1130/1130/1130 1116/1116/1116 1129/1129/1129
f 1131/1131/1131 1132/1132/1132 1114/1114/1114
f 1125/1125/1125 1121/1121/1121 1124/1124/1124
f 1127/1127/1127 1120/1120/1120 1126/1126/1126
f 1121/1121/1121 1125/1125/1125 1126/1126/1126
f 1127/1127/1127 1128/1128/1128 1119/1119/1119
f 1133/1133/1133 1113/1113/1113 1132/1132/1132
f 1139/1139/1139 1108/1108/1108 1138/1138/1138
f 1141/1141/1141 1105/1105/1105 1140/1140/1140
f 1107/1107/1107 1139/1139/1139 1140/1140/1140
f 1142/1142/1142 1104/1104/1104 1141/1141/1141
f 1135/1135/1135 1111/1111/1111 1134/1134/1134
f 1109/1109/1109 1136/1136/1136 1137/1137/1137
f 1135/1135/1135 1136/1136/1136 1110/1110/1110
f 1138/1138/1138 1108/1108/1108 1137/1137/1137
f 1134/1134/1134 1112/1112/1112 1133/1133/1133
f 1143/1143/1143 1104/1104/1104 1142/1142/1142
f 1122/1122/1122 1123/1123/1123 1124/1124/1124
f 1124/1124/1124 1121/1121/1121 1122/1122/1122
f 1121/1121/1121 1126/1126/1126 1120/1120/1120
f 1127/1127/1127 1119/1119/1119 1120/1120/1120
f 1119/1119/1119 1128/1128/1128 1118/1118/1118
f 1117/1117/1117 1118/1118/1118 1129/1129/1129
f 1129/1129/1129 1116/1116/1116 1117/1117/1117
f 1131/1131/1131 1115/1115/1115 1116/1116/1116
f 1131/1131/1131 1114/1114/1114 1115/1115/1115
f 1114/1114/1114 1132/1132/1132 1113/1113/1113
f 1112/1112/1112 1113/1113/1113 1133/1133/1133
f 1134/1134/1134 1111/1111/1111 1112/1112/1112
f 1110/1110/1110 1111/1111/1111 1135/1135/1135
f 1109/1109/1109 1110/1110/1110 1136/1136/1136
f 1108/1108/1108 1109/1109/1109 1137/1137/1137
f 1108/1108/1108 1139/1139/1139 1107/1107/1107
f 1106/1106/1106 1107/1107/1107 1140/1140/1140
f 1105/1105/1105 1106/1106/1106 1140/1140/1140
f 1141/1141/1141 1104/1104/1104 1105/1105/1105
f 1104/1104/1104 1143/1143/1143 1103/1103/1103
f 1103/1103/1103 1143/1143/1143 1144/1144/1144
f 1101/1101/1101 1144/1144/1144 1145/1145/1145
f 1099/1099/1099 1146/1146/1146 1147/1147/1147
f 1145/1145/1145 1146/1146/1146 1101/1101/1101
f 1147/1147/1147 1148/1148/1148 1099/1099/1099
f 1149/1149/1149 1150/1150/1150 1096/1096/1096
f 1151/1151/1151 1152/1152/1152 1094/1094/1094
f 1151/1151/1151 1095/1095/1095 1150/1150/1150
f 1149/1149/1149 1097/1097/1097 1148/1148/1148
f 1094/1094/1094 1152/1152/1152 1153/1153/1153
f 1154/1154/1154 1155/1155/1155 1092/1092/1092
f 1156/1156/1156 1157/1157/1157 1089/1089/1089
f 1156/1156/1156 1090/1090/1090 1155/1155/1155
f 1158/1158/1158 1089/1089/1089 1157/1157/1157
f 1160/1160/1160 1086/1086/1086 1159/1159/1159
f 1162/1162/1162 1084/1084/1084 1161/1161/1161
f 1086/1086/1086 1160/1160/1160 1161/1161/1161
f 1088/1088/1088 1158/1158/1158 1159/1159/1159
f 1092/1092/1092 1153/1153/1153 1154/1154/1154
f 1084/1084/1084 1162/1162/1162 1163/1163/1163
f 1150/1150/1150 1095/1095/1095 1096/1096/1096
f 1094/1094/1094 1153/1153/1153 1093/1093/1093
f 1095/1095/1095 1151/1151/1151 1094/1094/1094
f 1149/1149/1149 1096/1096/1096 1097/1097/1097
f 1100/1100/1100 1101/1101/1101 1146/1146/1146
f 1099/1099/1099 1148/1148/1148 1098/1098/1098
f 1146/1146/1146 1099/1099/1099 1100/1100/1100
f 1097/1097/1097 1098/1098/1098 1148/1148/1148
f 1144/1144/1144 1101/1101/1101 1102/1102/1102
f 1085/1085/1085 1086/1086/1086 1161/1161/1161
f 1084/1084/1084 1163/1163/1163 1083/1083/1083
f 1161/1161/1161 1084/1084/1084 1085/1085/1085
f 1086/1086/1086 1087/1087/1087 1159/1159/1159
f 1155/1155/1155 1090/1090/1090 1091/1091/1091
f 1091/1091/1091 1092/1092/1092 1155/1155/1155
f 1158/1158/1158 1088/1088/1088 1089/1089/1089
f 1089/1089/1089 1090/1090/1090 1156/1156/1156
f 1159/1159/1159 1087/1087/1087 1088/1088/1088
f 1153/1153/1153 1092/1092/1092 1093/1093/1093
f 1083/1083/1083 1163/1163/1163 1082/1082/1082
f 1103/1103/1103 1144/1144/1144 1102/1102/1102
f 1172/1172/1172 1171/1171/1171 1165/1165/1165 1166/1166/1166
f 1173/1173/1173 1172/1172/1172 1166/1166/1166 1167/1167/1167
f 1174/1174/1174 1173/1173/1173 1167/1167/1167 1168/1168/1168
f 1176/1176/1176 1175/1175/1175 1169/1169/1169 1170/1170/1170
f 1177/1177/1177 1176/1176/1176 1170/1170/1170 1171/1171/1171
f 1178/1178/1178 1177/1177/1177 1171/1171/1171 1172/1172/1172
f 1179/1179/1179 1178/1178/1178 1172/1172/1172 1173/1173/1173
f 1180/1180/1180 1179/1179/1179 1173/1173/1173 1174/1174/1174
f 1182/1182/1182 1181/1181/1181 1175/1175/1175 1176/1176/1176
f 1183/1183/1183 1182/1182/1182 1176/1176/1176 1177/1177/1177
f 1184/1184/1184 1183/1183/1183 1177/1177/1177 1178/1178/1178
f 1185/1185/1185 1184/1184/1184 1178/1178/1178 1179/1179/1179
f 1186/1186/1186 1185/1185/1185 1179/1179/1179 1180/1180/1180
f 1188/1188/1188 1187/1187/1187 1182/1182/1182 1183/1183/1183
f 1189/1189/1189 1188/1188/1188 1183/1183/1183 1184/1184/1184
f 1190/1190/1190 1189/1189/1189 1184/1184/1184 1185/1185/1185
f 1191/1191/1191 1190/1190/1190 1185/1185/1185 1186/1186/1186
f 1203/1203/1203 1165/1165/1165 1171/1171/1171
f 1203/1203/1203 1170/1170/1170 1204/1204/1204
f 1166/1166/1166 1165/1165/1165 1202/1202/1202
f 1203/1203/1203 1202/1202/1202 1165/1165/1165
f 1201/1201/1201 1166/1166/1166 1202/1202/1202
f 1205/1205/1205 1204/1204/1204 1170/1170/1170
f 1175/1175/1175 1207/1207/1207 1169/1169/1169
f 1208/1208/1208 1207/1207/1207 1175/1175/1175
f 1206/1206/1206 1169/1169/1169 1207/1207/1207
f 1203/1203/1203 1171/1171/1171 1170/1170/1170
f 1170/1170/1170 1169/1169/1169 1206/1206/1206
f 1206/1206/1206 1205/1205/1205 1170/1170/1170
f 1175/1175/1175 1209/1209/1209 1208/1208/1208
f 1168/1168/1168 1199/1199/1199 1224/1224/1224
f 1223/1223/1223 1224/1224/1224 1225/1225/1225
f 1198/1198/1198 1224/1224/1224 1199/1199/1199
f 1225/1225/1225 1198/1198/1198 1164/1164/1164
f 1224/1224/1224 1198/1198/1198 1225/1225/1225
f 1223/1223/1223 1225/1225/1225 1164/1164/1164
f 1200/1200/1200 1199/1199/1199 1168/1168/1168
f 1200/1200/1200 1168/1168/1168 1167/1167/1167
f 1166/1166/1166 1201/1201/1201 1167/1167/1167
f 1224/1224/1224 1223/1223/1223 1168/1168/1168
f 1222/1222/1222 1168/1168/1168 1223/1223/1223
f 1222/1222/1222 1221/1221/1221 1174/1174/1174
f 1174/1174/1174 1221/1221/1221 1220/1220/1220 1180/1180/1180
f 1222/1222/1222 1174/1174/1174 1168/1168/1168
f 1167/1167/1167 1201/1201/1201 1200/1200/1200
f 1210/1210/1210 1209/1209/1209 1181/1181/1181
f 1211/1211/1211 1210/1210/1210 1181/1181/1181
f 1181/1181/1181 1182/1182/1182 1211/1211/1211
f 1187/1187/1187 1211/1211/1211 1182/1182/1182
f 1187/1187/1187 1212/1212/1212 1211/1211/1211
f 1187/1187/1187 1214/1214/1214 1213/1213/1213
f 1188/1188/1188 1214/1214/1214 1187/1187/1187
f 1215/1215/1215 1188/1188/1188 1189/1189/1189
f 1189/1189/1189 1216/1216/1216 1215/1215/1215
f 1215/1215/1215 1214/1214/1214 1188/1188/1188
f 1217/1217/1217 1216/1216/1216 1189/1189/1189
f 1212/1212/1212 1187/1187/1187 1213/1213/1213
f 1186/1186/1186 1196/1196/1196 1195/1195/1195 1191/1191/1191
f 1180/1180/1180 1220/1220/1220 1197/1197/1197 1186/1186/1186
f 1196/1196/1196 1186/1186/1186 1197/1197/1197
f 1190/1190/1190 1219/1219/1219 1218/1218/1218
f 1191/1191/1191 1219/1219/1219 1190/1190/1190
f 1195/1195/1195 1194/1194/1194 1191/1191/1191
f 1193/1193/1193 1191/1191/1191 1194/1194/1194
f 1219/1219/1219 1191/1191/1191 1193/1193/1193
f 1193/1193/1193 1192/1192/1192 1219/1219/1219
f 1217/1217/1217 1190/1190/1190 1218/1218/1218
f 1190/1190/1190 1217/1217/1217 1189/1189/1189
f 1209/1209/1209 1175/1175/1175 1181/1181/1181
f 1253/1253/1253 1255/1255/1255 1254/1254/1254
f 1255/1255/1255 1253/1253/1253 1252/1252/1252
f 1252/1252/1252 1256/1256/1256 1255/1255/1255
f 1251/1251/1251 1258/1258/1258 1256/1256/1256
f 1250/1250/1250 1258/1258/1258 1251/1251/1251
f 1258/1258/1258 1250/1250/1250 1249/1249/1249
f 1248/1248/1248 1258/1258/1258 1249/1249/1249
f 1252/1252/1252 1251/1251/1251 1256/1256/1256
f 1258/1258/1258 1248/1248/1248 1247/1247/1247
f 1258/1258/1258 1247/1247/1247 1246/1246/1246
f 1246/1246/1246 1245/1245/1245 1258/1258/1258
f 1244/1244/1244 1258/1258/1258 1245/1245/1245
f 1258/1258/1258 1244/1244/1244 1243/1243/1243
f 1243/1243/1243 1242/1242/1242 1258/1258/1258
f 1242/1242/1242 1241/1241/1241 1258/1258/1258
f 1240/1240/1240 1258/1258/1258 1241/1241/1241
f 1258/1258/1258 1257/1257/1257 1256/1256/1256
f 1239/1239/1239 1259/1259/1259 1258/1258/1258
f 1259/1259/1259 1239/1239/1239 1238/1238/1238
f 1237/1237/1237 1259/1259/1259 1238/1238/1238
f 1240/1240/1240 1239/1239/1239 1258/1258/1258
f 1261/1261/1261 1260/1260/1260 1233/1233/1233
f 1261/1261/1261 1228/1228/1228 1226/1226/1226
f 1233/1233/1233 1228/1228/1228 1261/1261/1261
f 1260/1260/1260 1259/1259/1259 1236/1236/1236
f 1233/1233/1233 1229/1229/1229 1228/1228/1228
f 1236/1236/1236 1259/1259/1259 1237/1237/1237
f 1235/1235/1235 1260/1260/1260 1236/1236/1236
f 1260/1260/1260 1235/1235/1235 1234/1234/1234
f 1234/1234/1234 1233/1233/1233 1260/1260/1260
f 1232/1232/1232 1229/1229/1229 1233/1233/1233
f 1229/1229/1229 1232/1232/1232 1231/1231/1231
f 1229/1229/1229 1231/1231/1231 1230/1230/1230
f 1230/1230/1230 1227/1227/1227 1229/1229/1229
f 1263/1263/1263 1264/1264/1264 1266/1266/1266 1265/1265/1265
f 1267/1267/1267 1263/1263/1263 1265/1265/1265 1268/1268/1268
f 1276/1276/1276 1269/1269/1269 1262/1262/1262
f 1275/1275/1275 1265/1265/1265 1266/1266/1266 1276/1276/1276
f 1269/1269/1269 1276/1276/1276 1266/1266/1266
f 1266/1266/1266 1270/1270/1270 1269/1269/1269
f 1264/1264/1264 1271/1271/1271 1270/1270/1270
f 1295/1295/1295 1263/1263/1263 1296/1296/1296
f 1275/1275/1275 1268/1268/1268 1265/1265/1265
f 1264/1264/1264 1263/1263/1263 1272/1272/1272
f 1270/1270/1270 1266/1266/1266 1264/1264/1264
f 1305/1305/1305 1268/1268/1268 1275/1275/1275
f 1268/1268/1268 1305/1305/1305 1304/1304/1304
f 1275/1275/1275 1274/1274/1274 1305/1305/1305
f 1302/1302/1302 1301/1301/1301 1268/1268/1268
f 1304/1304/1304 1303/1303/1303 1268/1268/1268
f 1302/1302/1302 1268/1268/1268 1303/1303/1303
f 1267/1267/1267 1297/1297/1297 1263/1263/1263
f 1296/1296/1296 1263/1263/1263 1297/1297/1297
f 1298/1298/1298 1297/1297/1297 1267/1267/1267
f 1300/1300/1300 1299/1299/1299 1267/1267/1267
f 1298/1298/1298 1267/1267/1267 1299/1299/1299
f 1301/1301/1301 1300/1300/1300 1267/1267/1267
f 1268/1268/1268 1301/1301/1301 1267/1267/1267
f 1272/1272/1272 1271/1271/1271 1264/1264/1264
f 1277/1277/1277 1273/1273/1273 1272/1272/1272
f 1277/1277/1277 1286/1286/1286 1278/1278/1278
f 1272/1272/1272 1286/1286/1286 1277/1277/1277
f 1279/1279/1279 1278/1278/1278 1306/1306/1306
f 1306/1306/1306 1281/1281/1281 1280/1280/1280
f 1307/1307/1307 1281/1281/1281 1306/1306/1306
f 1278/1278/1278 1307/1307/1307 1306/1306/1306
f 1282/1282/1282 1307/1307/1307 1283/1283/1283
f 1286/1286/1286 1307/1307/1307 1278/1278/1278
f 1281/1281/1281 1307/1307/1307 1282/1282/1282
f 1306/1306/1306 1280/1280/1280 1279/1279/1279
f 1283/1283/1283 1307/1307/1307 1284/1284/1284
f 1291/1291/1291 1290/1290/1290 1272/1272/1272
f 1292/1292/1292 1291/1291/1291 1272/1272/1272
f 1294/1294/1294 1293/1293/1293 1272/1272/1272
f 1292/1292/1292 1272/1272/1272 1293/1293/1293
f 1294/1294/1294 1263/1263/1263 1295/1295/1295
f 1286/1286/1286 1285/1285/1285 1307/1307/1307
f 1272/1272/1272 1287/1287/1287 1286/1286/1286
f 1272/1272/1272 1289/1289/1289 1288/1288/1288
f 1288/1288/1288 1287/1287/1287 1272/1272/1272
f 1272/1272/1272 1290/1290/1290 1289/1289/1289
f 1285/1285/1285 1284/1284/1284 1307/1307/1307
f 1272/1272/1272 1263/1263/1263 1294/1294/1294
f 1314/1314/1314 1315/1315/1315 1308/1308/1308
f 1315/1315/1315 1314/1314/1314 1313/1313/1313
f 1313/1313/1313 1316/1316/1316 1315/1315/1315
f 1311/1311/1311 1309/1309/1309 1316/1316/1316
f 1310/1310/1310 1311/1311/1311 1312/1312/1312
f 1316/1316/1316 1312/1312/1312 1311/1311/1311
f 1313/1313/1313 1312/1312/1312 1316/1316/1316
f 1320/1320/1320 1317/1317/1317 1318/1318/1318
f 1323/1323/1323 1319/1319/1319 1320/1320/1320
f 1324/1324/1324 1323/1323/1323 1320/1320/1320 1321/1321/1321
f 1327/1327/1327 1322/1322/1322 1323/1323/1323
f 1328/1328/1328 1327/1327/1327 1323/1323/1323 1324/1324/1324
f 1329/1329/1329 1328/1328/1328 1324/1324/1324 1325/1325/1325
f 1331/1331/1331 1326/1326/1326 1327/1327/1327
f 1332/1332/1332 1331/1331/1331 1327/1327/1327 1328/1328/1328
f 1333/1333/1333 1332/1332/1332 1328/1328/1328 1329/1329/1329
f 1335/1335/1335 1330/1330/1330 1331/1331/1331
f 1336/1336/1336 1335/1335/1335 1331/1331/1331 1332/1332/1332
f 1337/1337/1337 1336/1336/1336 1332/1332/1332 1333/1333/1333
f 1339/1339/1339 1334/1334/1334 1335/1335/1335
f 1340/1340/1340 1339/1339/1339 1335/1335/1335 1336/1336/1336
f 1341/1341/1341 1340/1340/1340 1336/1336/1336 1337/1337/1337
f 1343/1343/1343 1338/1338/1338 1339/1339/1339
f 1344/1344/1344 1343/1343/1343 1339/1339/1339 1340/1340/1340
f 1345/1345/1345 1344/1344/1344 1340/1340/1340 1341/1341/1341
f 1347/1347/1347 1342/1342/1342 1343/1343/1343
f 1348/1348/1348 1347/1347/1347 1343/1343/1343 1344/1344/1344
f 1349/1349/1349 1348/1348/1348 1344/1344/1344 1345/1345/1345
f 1351/1351/1351 1346/1346/1346 1347/1347/1347
f 1352/1352/1352 1351/1351/1351 1347/1347/1347 1348/1348/1348
f 1353/1353/1353 1352/1352/1352 1348/1348/1348 1349/1349/1349
f 1355/1355/1355 1350/1350/1350 1351/1351/1351
f 1356/1356/1356 1355/1355/1355 1351/1351/1351 1352/1352/1352
f 1357/1357/1357 1356/1356/1356 1352/1352/1352 1353/1353/1353
f 1359/1359/1359 1354/1354/1354 1355/1355/1355
f 1360/1360/1360 1359/1359/1359 1355/1355/1355 1356/1356/1356
f 1362/1362/1362 1358/1358/1358 1359/1359/1359
f 1363/1363/1363 1361/1361/1361 1362/1362/1362
f 1381/1381/1381 1380/1380/1380 1318/1318/1318
f 1379/1379/1379 1318/1318/1318 1380/1380/1380
f 1379/1379/1379 1378/1378/1378 1321/1321/1321
f 1378/1378/1378 1377/1377/1377 1321/1321/1321
f 1318/1318/1318 1379/1379/1379 1320/1320/1320
f 1377/1377/1377 1376/1376/1376 1324/1324/1324
f 1379/1379/1379 1321/1321/1321 1320/1320/1320
f 1325/1325/1325 1376/1376/1376 1375/1375/1375
f 1325/1325/1325 1397/1397/1397 1396/1396/1396 1329/1329/1329
f 1324/1324/1324 1376/1376/1376 1325/1325/1325
f 1374/1374/1374 1325/1325/1325 1375/1375/1375
f 1321/1321/1321 1377/1377/1377 1324/1324/1324
f 1373/1373/1373 1325/1325/1325 1374/1374/1374
f 1372/1372/1372 1325/1325/1325 1373/1373/1373
f 1372/1372/1372 1371/1371/1371 1397/1397/1397
f 1325/1325/1325 1372/1372/1372 1397/1397/1397
f 1333/1333/1333 1394/1394/1394 1393/1393/1393 1337/1337/1337
f 1337/1337/1337 1393/1393/1393 1392/1392/1392 1341/1341/1341
f 1333/1333/1333 1395/1395/1395 1394/1394/1394
f 1392/1392/1392 1370/1370/1370 1341/1341/1341
f 1395/1395/1395 1333/1333/1333 1329/1329/1329 1396/1396/1396
f 1385/1385/1385 1359/1359/1359 1360/1360/1360
f 1387/1387/1387 1360/1360/1360 1356/1356/1356
f 1387/1387/1387 1356/1356/1356 1388/1388/1388
f 1388/1388/1388 1356/1356/1356 1357/1357/1357
f 1387/1387/1387 1386/1386/1386 1360/1360/1360
f 1383/1383/1383 1363/1363/1363 1362/1362/1362
f 1382/1382/1382 1363/1363/1363 1383/1383/1383
f 1384/1384/1384 1383/1383/1383 1362/1362/1362
f 1385/1385/1385 1360/1360/1360 1386/1386/1386
f 1385/1385/1385 1384/1384/1384 1359/1359/1359
f 1384/1384/1384 1362/1362/1362 1359/1359/1359
f 1369/1369/1369 1345/1345/1345 1370/1370/1370
f 1345/1345/1345 1369/1369/1369 1368/1368/1368 1349/1349/1349
f 1349/1349/1349 1367/1367/1367 1366/1366/1366 1353/1353/1353
f 1349/1349/1349 1368/1368/1368 1367/1367/1367
f 1390/1390/1390 1389/1389/1389 1357/1357/1357
f 1388/1388/1388 1357/1357/1357 1389/1389/1389
f 1391/1391/1391 1390/1390/1390 1357/1357/1357
f 1365/1365/1365 1357/1357/1357 1353/1353/1353 1366/1366/1366
f 1357/1357/1357 1365/1365/1365 1364/1364/1364
f 1357/1357/1357 1364/1364/1364 1391/1391/1391
f 1341/1341/1341 1370/1370/1370 1345/1345/1345
f 1428/1428/1428 1425/1425/1425 1424/1424/1424
f 1424/1424/1424 1423/1423/1423 1428/1428/1428
f 1398/1398/1398 1425/1425/1425 1428/1428/1428
f 1420/1420/1420 1428/1428/1428 1421/1421/1421
f 1422/1422/1422 1421/1421/1421 1428/1428/1428
f 1428/1428/1428 1419/1419/1419 1429/1429/1429
f 1430/1430/1430 1429/1429/1429 1414/1414/1414
f 1423/1423/1423 1422/1422/1422 1428/1428/1428
f 1419/1419/1419 1428/1428/1428 1420/1420/1420
f 1418/1418/1418 1429/1429/1429 1419/1419/1419
f 1429/1429/1429 1418/1418/1418 1417/1417/1417
f 1417/1417/1417 1416/1416/1416 1429/1429/1429
f 1415/1415/1415 1429/1429/1429 1416/1416/1416
f 1429/1429/1429 1415/1415/1415 1414/1414/1414
f 1430/1430/1430 1414/1414/1414 1413/1413/1413
f 1413/1413/1413 1412/1412/1412 1430/1430/1430
f 1412/1412/1412 1431/1431/1431 1430/1430/1430
f 1410/1410/1410 1431/1431/1431 1411/1411/1411
f 1412/1412/1412 1411/1411/1411 1431/1431/1431
f 1410/1410/1410 1409/1409/1409 1432/1432/1432
f 1432/1432/1432 1431/1431/1431 1410/1410/1410
f 1433/1433/1433 1432/1432/1432 1407/1407/1407
f 1433/1433/1433 1401/1401/1401 1399/1399/1399
f 1405/1405/1405 1401/1401/1401 1433/1433/1433
f 1409/1409/1409 1408/1408/1408 1432/1432/1432
f 1401/1401/1401 1405/1405/1405 1402/1402/1402
f 1433/1433/1433 1407/1407/1407 1406/1406/1406
f 1433/1433/1433 1406/1406/1406 1405/1405/1405
f 1407/1407/1407 1432/1432/1432 1408/1408/1408
f 1403/1403/1403 1402/1402/1402 1404/1404/1404
f 1427/1427/1427 1402/1402/1402 1403/1403/1403
f 1402/1402/1402 1405/1405/1405 1404/1404/1404
f 1426/1426/1426 1402/1402/1402 1427/1427/1427
f 1426/1426/1426 1400/1400/1400 1402/1402/1402
f 1439/1439/1439 1436/1436/1436 1434/1434/1434
f 1438/1438/1438 1436/1436/1436 1439/1439/1439
f 1445/1445/1445 1442/1442/1442 1438/1438/1438
f 1443/1443/1443 1445/1445/1445 1444/1444/1444
f 1436/1436/1436 1438/1438/1438 1441/1441/1441
f 1440/1440/1440 1435/1435/1435 1437/1437/1437
f 1441/1441/1441 1440/1440/1440 1437/1437/1437
f 1445/1445/1445 1443/1443/1443 1442/1442/1442
f 1442/1442/1442 1441/1441/1441 1438/1438/1438
f 1441/1441/1441 1437/1437/1437 1436/1436/1436
f 1448/1448/1448 1451/1451/1451 1450/1450/1450
f 1461/1461/1461 1455/1455/1455 1446/1446/1446
f 1461/1461/1461 1460/1460/1460 1448/1448/1448
f 1448/1448/1448 1455/1455/1455 1461/1461/1461
f 1450/1450/1450 1457/1457/1457 1456/1456/1456
f 1450/1450/1450 1455/1455/1455 1448/1448/1448
f 1475/1475/1475 1474/1474/1474 1448/1448/1448
f 1456/1456/1456 1455/1455/1455 1450/1450/1450
f 1453/1453/1453 1448/1448/1448 1460/1460/1460
f 1454/1454/1454 1460/1460/1460 1447/1447/1447
f 1452/1452/1452 1448/1448/1448 1453/1453/1453
f 1454/1454/1454 1453/1453/1453 1460/1460/1460
f 1478/1478/1478 1477/1477/1477 1448/1448/1448
f 1448/1448/1448 1452/1452/1452 1479/1479/1479
f 1448/1448/1448 1479/1479/1479 1478/1478/1478
f 1477/1477/1477 1476/1476/1476 1448/1448/1448
f 1475/1475/1475 1448/1448/1448 1476/1476/1476
f 1451/1451/1451 1458/1458/1458 1457/1457/1457 1450/1450/1450
f 1451/1451/1451 1459/1459/1459 1458/1458/1458
f 1465/1465/1465 1459/1459/1459 1466/1466/1466
f 1451/1451/1451 1467/1467/1467 1459/1459/1459
f 1465/1465/1465 1464/1464/1464 1459/1459/1459
f 1459/1459/1459 1463/1463/1463 1462/1462/1462
f 1463/1463/1463 1459/1459/1459 1464/1464/1464
f 1462/1462/1462 1449/1449/1449 1459/1459/1459
f 1473/1473/1473 1472/1472/1472 1448/1448/1448
f 1474/1474/1474 1473/1473/1473 1448/1448/1448
f 1472/1472/1472 1471/1471/1471 1451/1451/1451
f 1451/1451/1451 1468/1468/1468 1467/1467/1467
f 1470/1470/1470 1451/1451/1451 1471/1471/1471
f 1469/1469/1469 1468/1468/1468 1451/1451/1451
f 1470/1470/1470 1469/1469/1469 1451/1451/1451
f 1466/1466/1466 1459/1459/1459 1467/1467/1467
f 1472/1472/1472 1451/1451/1451 1448/1448/1448
f 1483/1483/1483 1480/1480/1480 1481/1481/1481
f 1485/1485/1485 1482/1482/1482 1483/1483/1483
f 1487/1487/1487 1484/1484/1484 1485/1485/1485
f 1526/1526/1526 1489/1489/1489 1524/1524/1524
f 1524/1524/1524 1488/1488/1488 1525/1525/1525 1526/1526/1526
f 1491/1491/1491 1486/1486/1486 1487/1487/1487
f 1492/1492/1492 1491/1491/1491 1487/1487/1487 1488/1488/1488
f 1524/1524/1524 1492/1492/1492 1488/1488/1488
f 1493/1493/1493 1524/1524/1524 1489/1489/1489
f 1492/1492/1492 1524/1524/1524 1493/1493/1493
f 1495/1495/1495 1490/1490/1490 1491/1491/1491
f 1496/1496/1496 1495/1495/1495 1491/1491/1491 1492/1492/1492
f 1529/1529/1529 1493/1493/1493 1497/1497/1497
f 1492/1492/1492 1529/1529/1529 1496/1496/1496
f 1493/1493/1493 1529/1529/1529 1492/1492/1492
f 1499/1499/1499 1494/1494/1494 1495/1495/1495
f 1530/1530/1530 1495/1495/1495 1496/1496/1496
f 1499/1499/1499 1530/1530/1530 1500/1500/1500
f 1495/1495/1495 1530/1530/1530 1499/1499/1499
f 1501/1501/1501 1527/1527/1527 1531/1531/1531 1528/1528/1528
f 1528/1528/1528 1531/1531/1531 1529/1529/1529 1497/1497/1497
f 1531/1531/1531 1530/1530/1530 1496/1496/1496 1529/1529/1529
f 1527/1527/1527 1500/1500/1500 1530/1530/1530 1531/1531/1531
f 1534/1534/1534 1528/1528/1528 1497/1497/1497 1533/1533/1533
f 1532/1532/1532 1501/1501/1501 1528/1528/1528 1534/1534/1534
f 1503/1503/1503 1498/1498/1498 1499/1499/1499
f 1504/1504/1504 1503/1503/1503 1499/1499/1499 1500/1500/1500
f 1527/1527/1527 1504/1504/1504 1500/1500/1500
f 1505/1505/1505 1527/1527/1527 1501/1501/1501
f 1504/1504/1504 1527/1527/1527 1505/1505/1505
f 1507/1507/1507 1502/1502/1502 1503/1503/1503
f 1537/1537/1537 1504/1504/1504 1508/1508/1508
f 1503/1503/1503 1537/1537/1537 1507/1507/1507
f 1504/1504/1504 1537/1537/1537 1503/1503/1503
f 1542/1542/1542 1505/1505/1505 1509/1509/1509
f 1504/1504/1504 1542/1542/1542 1508/1508/1508
f 1505/1505/1505 1542/1542/1542 1504/1504/1504
f 1538/1538/1538 1506/1506/1506 1507/1507/1507
f 1510/1510/1510 1538/1538/1538 1511/1511/1511
f 1512/1512/1512 1535/1535/1535 1539/1539/1539 1536/1536/1536
f 1536/1536/1536 1539/1539/1539 1537/1537/1537 1508/1508/1508
f 1539/1539/1539 1538/1538/1538 1507/1507/1507 1537/1537/1537
f 1535/1535/1535 1511/1511/1511 1538/1538/1538 1539/1539/1539
f 1513/1513/1513 1540/1540/1540 1543/1543/1543 1541/1541/1541
f 1541/1541/1541 1543/1543/1543 1542/1542/1542 1509/1509/1509
f 1543/1543/1543 1536/1536/1536 1508/1508/1508 1542/1542/1542
f 1540/1540/1540 1512/1512/1512 1536/1536/1536 1543/1543/1543
f 1546/1546/1546 1541/1541/1541 1509/1509/1509 1545/1545/1545
f 1544/1544/1544 1513/1513/1513 1541/1541/1541 1546/1546/1546
f 1515/1515/1515 1510/1510/1510 1511/1511/1511
f 1535/1535/1535 1515/1515/1515 1511/1511/1511
f 1516/1516/1516 1535/1535/1535 1512/1512/1512
f 1515/1515/1515 1535/1535/1535 1516/1516/1516
f 1540/1540/1540 1516/1516/1516 1512/1512/1512
f 1517/1517/1517 1540/1540/1540 1513/1513/1513
f 1516/1516/1516 1540/1540/1540 1517/1517/1517
f 1519/1519/1519 1514/1514/1514 1515/1515/1515
f 1520/1520/1520 1519/1519/1519 1515/1515/1515 1516/1516/1516
f 1522/1522/1522 1518/1518/1518 1519/1519/1519
f 1523/1523/1523 1521/1521/1521 1522/1522/1522
f 1564/1564/1564 1483/1483/1483 1481/1481/1481
f 1563/1563/1563 1485/1485/1485 1483/1483/1483
f 1483/1483/1483 1564/1564/1564 1563/1563/1563
f 1485/1485/1485 1562/1562/1562 1561/1561/1561
f 1562/1562/1562 1485/1485/1485 1563/1563/1563
f 1561/1561/1561 1525/1525/1525 1485/1485/1485
f 1560/1560/1560 1525/1525/1525 1561/1561/1561
f 1487/1487/1487 1485/1485/1485 1525/1525/1525
f 1488/1488/1488 1487/1487/1487 1525/1525/1525
f 1559/1559/1559 1525/1525/1525 1560/1560/1560
f 1526/1526/1526 1559/1559/1559 1558/1558/1558
f 1489/1489/1489 1526/1526/1526 1558/1558/1558
f 1525/1525/1525 1559/1559/1559 1526/1526/1526
f 1489/1489/1489 1557/1557/1557 1556/1556/1556
f 1558/1558/1558 1557/1557/1557 1489/1489/1489
f 1489/1489/1489 1578/1578/1578 1577/1577/1577 1493/1493/1493
f 1578/1578/1578 1556/1556/1556 1555/1555/1555
f 1489/1489/1489 1556/1556/1556 1578/1578/1578
f 1577/1577/1577 1576/1576/1576 1493/1493/1493
f 1493/1493/1493 1576/1576/1576 1533/1533/1533
f 1534/1534/1534 1574/1574/1574 1554/1554/1554 1532/1532/1532
f 1533/1533/1533 1575/1575/1575 1574/1574/1574 1534/1534/1534
f 1533/1533/1533 1576/1576/1576 1575/1575/1575
f 1497/1497/1497 1493/1493/1493 1533/1533/1533
f 1568/1568/1568 1519/1519/1519 1520/1520/1520
f 1569/1569/1569 1516/1516/1516 1570/1570/1570
f 1545/1545/1545 1509/1509/1509 1505/1505/1505
f 1517/1517/1517 1570/1570/1570 1516/1516/1516
f 1570/1570/1570 1517/1517/1517 1571/1571/1571
f 1569/1569/1569 1520/1520/1520 1516/1516/1516
f 1523/1523/1523 1522/1522/1522 1566/1566/1566
f 1565/1565/1565 1523/1523/1523 1566/1566/1566
f 1568/1568/1568 1520/1520/1520 1569/1569/1569
f 1522/1522/1522 1567/1567/1567 1566/1566/1566
f 1568/1568/1568 1567/1567/1567 1519/1519/1519
f 1567/1567/1567 1522/1522/1522 1519/1519/1519
f 1532/1532/1532 1553/1553/1553 1505/1505/1505
f 1505/1505/1505 1552/1552/1552 1545/1545/1545
f 1545/1545/1545 1551/1551/1551 1550/1550/1550 1546/1546/1546
f 1552/1552/1552 1505/1505/1505 1553/1553/1553
f 1551/1551/1551 1545/1545/1545 1552/1552/1552
f 1546/1546/1546 1550/1550/1550 1549/1549/1549 1544/1544/1544
f 1554/1554/1554 1553/1553/1553 1532/1532/1532
f 1517/1517/1517 1513/1513/1513 1544/1544/1544
f 1548/1548/1548 1517/1517/1517 1544/1544/1544
f 1571/1571/1571 1517/1517/1517 1572/1572/1572
f 1572/1572/1572 1517/1517/1517 1573/1573/1573
f 1548/1548/1548 1544/1544/1544 1549/1549/1549
f 1548/1548/1548 1547/1547/1547 1573/1573/1573
f 1548/1548/1548 1573/1573/1573 1517/1517/1517
f 1501/1501/1501 1532/1532/1532 1505/1505/1505
f 1589/1589/1589 1582/1582/1582 1579/1579/1579
f 1582/1582/1582 1589/1589/1589 1606/1606/1606
f 1584/1584/1584 1583/1583/1583 1604/1604/1604
f 1584/1584/1584 1602/1602/1602 1585/1585/1585
f 1601/1601/1601 1585/1585/1585 1602/1602/1602
f 1583/1583/1583 1582/1582/1582 1606/1606/1606
f 1584/1584/1584 1603/1603/1603 1602/1602/1602
f 1580/1580/1580 1607/1607/1607 1588/1588/1588
f 1606/1606/1606 1588/1588/1588 1607/1607/1607
f 1606/1606/1606 1605/1605/1605 1583/1583/1583
f 1606/1606/1606 1589/1589/1589 1588/1588/1588
f 1605/1605/1605 1604/1604/1604 1583/1583/1583
f 1604/1604/1604 1603/1603/1603 1584/1584/1584
f 1587/1587/1587 1586/1586/1586 1595/1595/1595
f 1592/1592/1592 1587/1587/1587 1593/1593/1593
f 1593/1593/1593 1587/1587/1587 1594/1594/1594
f 1587/1587/1587 1591/1591/1591 1590/1590/1590
f 1591/1591/1591 1587/1587/1587 1592/1592/1592
f 1590/1590/1590 1581/1581/1581 1587/1587/1587
f 1586/1586/1586 1599/1599/1599 1598/1598/1598
f 1586/1586/1586 1600/1600/1600 1599/1599/1599
f 1600/1600/1600 1585/1585/1585 1601/1601/1601
f 1586/1586/1586 1596/1596/1596 1595/1595/1595
f 1596/1596/1596 1586/1586/1586 1597/1597/1597
f 1586/1586/1586 1598/1598/1598 1597/1597/1597
f 1594/1594/1594 1587/1587/1587 1595/1595/1595
f 1586/1586/1586 1585/1585/1585 1600/1600/1600
f 1632/1632/1632 1634/1634/1634 1633/1633/1633
f 1608/1608/1608 1633/1633/1633 1634/1634/1634
f 1629/1629/1629 1634/1634/1634 1630/1630/1630
f 1634/1634/1634 1631/1631/1631 1630/1630/1630
f 1625/1625/1625 1635/1635/1635 1634/1634/1634
f 1632/1632/1632 1631/1631/1631 1634/1634/1634
f 1628/1628/1628 1634/1634/1634 1629/1629/1629
f 1627/1627/1627 1634/1634/1634 1628/1628/1628
f 1634/1634/1634 1627/1627/1627 1626/1626/1626
f 1626/1626/1626 1625/1625/1625 1634/1634/1634
f 1625/1625/1625 1624/1624/1624 1635/1635/1635
f 1635/1635/1635 1624/1624/1624 1623/1623/1623
f 1623/1623/1623 1622/1622/1622 1635/1635/1635
f 1622/1622/1622 1621/1621/1621 1635/1635/1635
f 1619/1619/1619 1636/1636/1636 1620/1620/1620
f 1620/1620/1620 1635/1635/1635 1621/1621/1621
f 1637/1637/1637 1636/1636/1636 1618/1618/1618
f 1636/1636/1636 1635/1635/1635 1620/1620/1620
f 1610/1610/1610 1609/1609/1609 1638/1638/1638
f 1638/1638/1638 1611/1611/1611 1610/1610/1610
f 1616/1616/1616 1638/1638/1638 1637/1637/1637
f 1638/1638/1638 1614/1614/1614 1611/1611/1611
f 1618/1618/1618 1636/1636/1636 1619/1619/1619
f 1617/1617/1617 1637/1637/1637 1618/1618/1618
f 1637/1637/1637 1617/1617/1617 1616/1616/1616
f 1614/1614/1614 1638/1638/1638 1615/1615/1615
f 1614/1614/1614 1613/1613/1613 1611/1611/1611
f 1615/1615/1615 1638/1638/1638 1616/1616/1616
f 1613/1613/1613 1612/1612/1612 1611/1611/1611
f 1643/1643/1643 1642/1642/1642 1640/1640/1640 1641/1641/1641
f 1645/1645/1645 1644/1644/1644 1642/1642/1642 1643/1643/1643
f 1659/1659/1659 1660/1660/1660 1639/1639/1639
f 1640/1640/1640 1660/1660/1660 1659/1659/1659
f 1642/1642/1642 1662/1662/1662 1661/1661/1661 1640/1640/1640
f 1660/1660/1660 1640/1640/1640 1661/1661/1661
f 1641/1641/1641 1640/1640/1640 1659/1659/1659
f 1657/1657/1657 1641/1641/1641 1658/1658/1658
f 1659/1659/1659 1658/1658/1658 1641/1641/1641
f 1643/1643/1643 1657/1657/1657 1656/1656/1656
f 1653/1653/1653 1656/1656/1656 1655/1655/1655
f 1643/1643/1643 1641/1641/1641 1657/1657/1657
f 1655/1655/1655 1654/1654/1654 1653/1653/1653
f 1642/1642/1642 1663/1663/1663 1662/1662/1662
f 1664/1664/1664 1663/1663/1663 1644/1644/1644
f 1648/1648/1648 1664/1664/1664 1649/1649/1649
f 1649/1649/1649 1664/1664/1664 1644/1644/1644
f 1664/1664/1664 1647/1647/1647 1646/1646/1646
f 1664/1664/1664 1648/1648/1648 1647/1647/1647
f 1656/1656/1656 1653/1653/1653 1652/1652/1652
f 1651/1651/1651 1643/1643/1643 1652/1652/1652
f 1643/1643/1643 1656/1656/1656 1652/1652/1652
f 1643/1643/1643 1651/1651/1651 1645/1645/1645
f 1650/1650/1650 1644/1644/1644 1645/1645/1645
f 1645/1645/1645 1651/1651/1651 1650/1650/1650
f 1650/1650/1650 1649/1649/1649 1644/1644/1644
f 1663/1663/1663 1642/1642/1642 1644/1644/1644
f 1671/1671/1671 1666/1666/1666 1672/1672/1672
f 1673/1673/1673 1672/1672/1672 1666/1666/1666 1667/1667/1667
f 1674/1674/1674 1673/1673/1673 1667/1667/1667 1668/1668/1668
f 1676/1676/1676 1675/1675/1675 1669/1669/1669 1670/1670/1670
f 1677/1677/1677 1676/1676/1676 1670/1670/1670 1671/1671/1671
f 1678/1678/1678 1677/1677/1677 1671/1671/1671 1672/1672/1672
f 1679/1679/1679 1678/1678/1678 1672/1672/1672 1673/1673/1673
f 1680/1680/1680 1679/1679/1679 1673/1673/1673 1674/1674/1674
f 1682/1682/1682 1681/1681/1681 1675/1675/1675 1676/1676/1676
f 1683/1683/1683 1682/1682/1682 1676/1676/1676 1677/1677/1677
f 1684/1684/1684 1683/1683/1683 1677/1677/1677 1678/1678/1678
f 1685/1685/1685 1684/1684/1684 1678/1678/1678 1679/1679/1679
f 1686/1686/1686 1685/1685/1685 1679/1679/1679 1680/1680/1680
f 1687/1687/1687 1681/1681/1681 1682/1682/1682
f 1688/1688/1688 1687/1687/1687 1682/1682/1682 1683/1683/1683
f 1689/1689/1689 1688/1688/1688 1683/1683/1683 1684/1684/1684
f 1690/1690/1690 1689/1689/1689 1684/1684/1684 1685/1685/1685
f 1691/1691/1691 1690/1690/1690 1685/1685/1685 1686/1686/1686
f 1692/1692/1692 1688/1688/1688 1689/1689/1689
f 1693/1693/1693 1692/1692/1692 1689/1689/1689 1690/1690/1690
f 1694/1694/1694 1693/1693/1693 1690/1690/1690 1691/1691/1691
f 1705/1705/1705 1704/1704/1704 1670/1670/1670
f 1706/1706/1706 1705/1705/1705 1669/1669/1669
f 1670/1670/1670 1704/1704/1704 1703/1703/1703
f 1703/1703/1703 1702/1702/1702 1671/1671/1671
f 1671/1671/1671 1702/1702/1702 1701/1701/1701
f 1670/1670/1670 1669/1669/1669 1705/1705/1705
f 1707/1707/1707 1706/1706/1706 1675/1675/1675
f 1708/1708/1708 1707/1707/1707 1675/1675/1675
f 1703/1703/1703 1671/1671/1671 1670/1670/1670
f 1706/1706/1706 1669/1669/1669 1675/1675/1675
f 1666/1666/1666 1671/1671/1671 1701/1701/1701
f 1667/1667/1667 1666/1666/1666 1700/1700/1700
f 1701/1701/1701 1700/1700/1700 1666/1666/1666
f 1668/1668/1668 1700/1700/1700 1699/1699/1699
f 1725/1725/1725 1699/1699/1699 1665/1665/1665
f 1699/1699/1699 1725/1725/1725 1668/1668/1668
f 1667/1667/1667 1700/1700/1700 1668/1668/1668
f 1668/1668/1668 1724/1724/1724 1723/1723/1723 1674/1674/1674
f 1674/1674/1674 1723/1723/1723 1722/1722/1722 1680/1680/1680
f 1722/1722/1722 1721/1721/1721 1680/1680/1680
f 1725/1725/1725 1724/1724/1724 1668/1668/1668
f 1681/1681/1681 1708/1708/1708 1675/1675/1675
f 1710/1710/1710 1709/1709/1709 1681/1681/1681
f 1711/1711/1711 1710/1710/1710 1681/1681/1681
f 1681/1681/1681 1687/1687/1687 1712/1712/1712
f 1714/1714/1714 1687/1687/1687 1688/1688/1688
f 1712/1712/1712 1711/1711/1711 1681/1681/1681
f 1687/1687/1687 1714/1714/1714 1713/1713/1713
f 1688/1688/1688 1715/1715/1715 1714/1714/1714
f 1688/1688/1688 1692/1692/1692 1716/1716/1716
f 1716/1716/1716 1715/1715/1715 1688/1688/1688
f 1712/1712/1712 1687/1687/1687 1713/1713/1713
f 1717/1717/1717 1716/1716/1716 1692/1692/1692
f 1686/1686/1686 1721/1721/1721 1720/1720/1720
f 1686/1686/1686 1680/1680/1680 1721/1721/1721
f 1686/1686/1686 1720/1720/1720 1719/1719/1719 1691/1691/1691
f 1691/1691/1691 1719/1719/1719 1698/1698/1698
f 1691/1691/1691 1698/1698/1698 1697/1697/1697 1694/1694/1694
f 1693/1693/1693 1718/1718/1718 1692/1692/1692
f 1717/1717/1717 1692/1692/1692 1718/1718/1718
f 1694/1694/1694 1718/1718/1718 1693/1693/1693
f 1696/1696/1696 1694/1694/1694 1697/1697/1697
f 1694/1694/1694 1696/1696/1696 1695/1695/1695
f 1695/1695/1695 1718/1718/1718 1694/1694/1694
f 1709/1709/1709 1708/1708/1708 1681/1681/1681
f 1727/1727/1727 1730/1730/1730 1733/1733/1733 1731/1731/1731
f 1731/1731/1731 1733/1733/1733 1732/1732/1732 1726/1726/1726
f 1736/1736/1736 1731/1731/1731 1726/1726/1726 1735/1735/1735
f 1734/1734/1734 1727/1727/1727 1731/1731/1731 1736/1736/1736
f 1754/1754/1754 1753/1753/1753 1726/1726/1726
f 1755/1755/1755 1754/1754/1754 1732/1732/1732
f 1726/1726/1726 1752/1752/1752 1751/1751/1751
f 1753/1753/1753 1752/1752/1752 1726/1726/1726
f 1732/1732/1732 1756/1756/1756 1755/1755/1755
f 1768/1768/1768 1762/1762/1762 1761/1761/1761
f 1760/1760/1760 1768/1768/1768 1761/1761/1761
f 1760/1760/1760 1759/1759/1759 1732/1732/1732
f 1732/1732/1732 1759/1759/1759 1758/1758/1758
f 1757/1757/1757 1732/1732/1732 1758/1758/1758
f 1757/1757/1757 1756/1756/1756 1732/1732/1732
f 1726/1726/1726 1750/1750/1750 1749/1749/1749
f 1751/1751/1751 1750/1750/1750 1726/1726/1726
f 1749/1749/1749 1748/1748/1748 1726/1726/1726
f 1747/1747/1747 1726/1726/1726 1748/1748/1748
f 1747/1747/1747 1746/1746/1746 1726/1726/1726
f 1746/1746/1746 1745/1745/1745 1726/1726/1726
f 1745/1745/1745 1744/1744/1744 1726/1726/1726
f 1726/1726/1726 1744/1744/1744 1743/1743/1743
f 1743/1743/1743 1742/1742/1742 1735/1735/1735
f 1742/1742/1742 1741/1741/1741 1735/1735/1735
f 1740/1740/1740 1735/1735/1735 1741/1741/1741
f 1732/1732/1732 1768/1768/1768 1760/1760/1760
f 1769/1769/1769 1732/1732/1732 1733/1733/1733 1770/1770/1770
f 1733/1733/1733 1771/1771/1771 1770/1770/1770
f 1754/1754/1754 1726/1726/1726 1732/1732/1732
f 1730/1730/1730 1772/1772/1772 1771/1771/1771 1733/1733/1733
f 1768/1768/1768 1732/1732/1732 1769/1769/1769
f 1730/1730/1730 1773/1773/1773 1772/1772/1772
f 1737/1737/1737 1774/1774/1774 1773/1773/1773
f 1730/1730/1730 1737/1737/1737 1773/1773/1773
f 1728/1728/1728 1774/1774/1774 1737/1737/1737
f 1737/1737/1737 1730/1730/1730 1727/1727/1727
f 1736/1736/1736 1767/1767/1767 1766/1766/1766 1734/1734/1734
f 1735/1735/1735 1739/1739/1739 1767/1767/1767 1736/1736/1736
f 1740/1740/1740 1739/1739/1739 1735/1735/1735
f 1764/1764/1764 1734/1734/1734 1765/1765/1765
f 1727/1727/1727 1734/1734/1734 1738/1738/1738
f 1738/1738/1738 1734/1734/1734 1764/1764/1764
f 1766/1766/1766 1765/1765/1765 1734/1734/1734
f 1738/1738/1738 1764/1764/1764 1763/1763/1763
f 1738/1738/1738 1763/1763/1763 1729/1729/1729
f 1738/1738/1738 1737/1737/1737 1727/1727/1727
f 1743/1743/1743 1735/1735/1735 1726/1726/1726
f 1782/1782/1782 1775/1775/1775 1779/1779/1779
f 1779/1779/1779 1776/1776/1776 1782/1782/1782
f 1782/1782/1782 1778/1778/1778 1775/1775/1775
f 1780/1780/1780 1777/1777/1777 1778/1778/1778
f 1778/1778/1778 1781/1781/1781 1780/1780/1780
f 1782/1782/1782 1781/1781/1781 1778/1778/1778
f 1791/1791/1791 1787/1787/1787 1783/1783/1783
f 1788/1788/1788 1787/1787/1787 1791/1791/1791
f 1792/1792/1792 1789/1789/1789 1788/1788/1788
f 1788/1788/1788 1793/1793/1793 1792/1792/1792
f 1811/1811/1811 1788/1788/1788 1791/1791/1791
f 1788/1788/1788 1810/1810/1810 1809/1809/1809
f 1786/1786/1786 1790/1790/1790 1784/1784/1784
f 1790/1790/1790 1786/1786/1786 1785/1785/1785
f 1785/1785/1785 1813/1813/1813 1790/1790/1790
f 1791/1791/1791 1790/1790/1790 1812/1812/1812
f 1812/1812/1812 1790/1790/1790 1813/1813/1813
f 1791/1791/1791 1812/1812/1812 1811/1811/1811
f 1811/1811/1811 1810/1810/1810 1788/1788/1788
f 1794/1794/1794 1793/1793/1793 1788/1788/1788
f 1794/1794/1794 1808/1808/1808 1795/1795/1795
f 1796/1796/1796 1795/1795/1795 1808/1808/1808
f 1807/1807/1807 1797/1797/1797 1796/1796/1796
f 1799/1799/1799 1798/1798/1798 1806/1806/1806
f 1806/1806/1806 1800/1800/1800 1799/1799/1799
f 1807/1807/1807 1798/1798/1798 1797/1797/1797
f 1805/1805/1805 1801/1801/1801 1800/1800/1800
f 1798/1798/1798 1807/1807/1807 1806/1806/1806
f 1796/1796/1796 1808/1808/1808 1807/1807/1807
f 1794/1794/1794 1809/1809/1809 1808/1808/1808
f 1804/1804/1804 1803/1803/1803 1802/1802/1802
f 1804/1804/1804 1801/1801/1801 1805/1805/1805
f 1800/1800/1800 1806/1806/1806 1805/1805/1805
f 1801/1801/1801 1804/1804/1804 1802/1802/1802
f 1788/1788/1788 1809/1809/1809 1794/1794/1794
f 1819/1819/1819 1873/1873/1873 1876/1876/1876 1874/1874/1874
f 1874/1874/1874 1876/1876/1876 1875/1875/1875 1815/1815/1815
f 1820/1820/1820 1927/1927/1927 1929/1929/1929 1880/1880/1880
f 1880/1880/1880 1929/1929/1929 1928/1928/1928 1816/1816/1816
f 1929/1929/1929 1874/1874/1874 1815/1815/1815 1928/1928/1928
f 1927/1927/1927 1819/1819/1819 1874/1874/1874 1929/1929/1929
f 1821/1821/1821 1877/1877/1877 1881/1881/1881 1878/1878/1878
f 1878/1878/1878 1881/1881/1881 1879/1879/1879 1817/1817/1817
f 1881/1881/1881 1880/1880/1880 1816/1816/1816 1879/1879/1879
f 1877/1877/1877 1820/1820/1820 1880/1880/1880 1881/1881/1881
f 1822/1822/1822 1882/1882/1882 1885/1885/1885 1883/1883/1883
f 1883/1883/1883 1885/1885/1885 1884/1884/1884 1818/1818/1818
f 1885/1885/1885 1878/1878/1878 1817/1817/1817 1884/1884/1884
f 1882/1882/1882 1821/1821/1821 1878/1878/1878 1885/1885/1885
f 1823/1823/1823 1886/1886/1886 1889/1889/1889
f 1887/1887/1887 1889/1889/1889 1888/1888/1888
f 1889/1889/1889 1883/1883/1883 1818/1818/1818 1888/1888/1888
f 1886/1886/1886 1822/1822/1822 1883/1883/1883 1889/1889/1889
f 1927/1927/1927 1824/1824/1824 1819/1819/1819
f 1825/1825/1825 1927/1927/1927 1820/1820/1820
f 1824/1824/1824 1927/1927/1927 1825/1825/1825
f 1877/1877/1877 1825/1825/1825 1820/1820/1820
f 1826/1826/1826 1877/1877/1877 1821/1821/1821
f 1825/1825/1825 1877/1877/1877 1826/1826/1826
f 1882/1882/1882 1826/1826/1826 1821/1821/1821
f 1827/1827/1827 1882/1882/1882 1822/1822/1822
f 1826/1826/1826 1882/1882/1882 1827/1827/1827
f 1886/1886/1886 1827/1827/1827 1822/1822/1822
f 1827/1827/1827 1886/1886/1886 1828/1828/1828
f 1891/1891/1891 1825/1825/1825 1830/1830/1830
f 1824/1824/1824 1891/1891/1891 1829/1829/1829
f 1825/1825/1825 1891/1891/1891 1824/1824/1824
f 1895/1895/1895 1826/1826/1826 1831/1831/1831
f 1825/1825/1825 1895/1895/1895 1830/1830/1830
f 1826/1826/1826 1895/1895/1895 1825/1825/1825
f 1832/1832/1832 1831/1831/1831 1826/1826/1826 1827/1827/1827
f 1833/1833/1833 1832/1832/1832 1827/1827/1827
f 1890/1890/1890 1892/1892/1892 1891/1891/1891 1830/1830/1830
f 1834/1834/1834 1893/1893/1893 1896/1896/1896 1894/1894/1894
f 1894/1894/1894 1896/1896/1896 1895/1895/1895 1831/1831/1831
f 1896/1896/1896 1890/1890/1890 1830/1830/1830 1895/1895/1895
f 1894/1894/1894 1835/1835/1835 1834/1834/1834
f 1832/1832/1832 1894/1894/1894 1831/1831/1831
f 1835/1835/1835 1894/1894/1894 1832/1832/1832
f 1836/1836/1836 1835/1835/1835 1832/1832/1832
f 1838/1838/1838 1837/1837/1837 1834/1834/1834 1835/1835/1835
f 1839/1839/1839 1838/1838/1838 1835/1835/1835
f 1909/1909/1909 1838/1838/1838 1842/1842/1842
f 1837/1837/1837 1909/1909/1909 1841/1841/1841
f 1838/1838/1838 1909/1909/1909 1837/1837/1837
f 1838/1838/1838 1913/1913/1913 1842/1842/1842
f 1839/1839/1839 1913/1913/1913 1838/1838/1838
f 1843/1843/1843 1897/1897/1897 1899/1899/1899 1898/1898/1898
f 1844/1844/1844 1900/1900/1900 1902/1902/1902 1901/1901/1901
f 1900/1900/1900 1843/1843/1843 1898/1898/1898 1902/1902/1902
f 1845/1845/1845 1903/1903/1903 1906/1906/1906 1904/1904/1904
f 1904/1904/1904 1906/1906/1906 1905/1905/1905 1841/1841/1841
f 1906/1906/1906 1901/1901/1901 1840/1840/1840 1905/1905/1905
f 1903/1903/1903 1844/1844/1844 1901/1901/1901 1906/1906/1906
f 1846/1846/1846 1907/1907/1907 1910/1910/1910 1908/1908/1908
f 1908/1908/1908 1910/1910/1910 1909/1909/1909 1842/1842/1842
f 1910/1910/1910 1904/1904/1904 1841/1841/1841 1909/1909/1909
f 1907/1907/1907 1845/1845/1845 1904/1904/1904 1910/1910/1910
f 1847/1847/1847 1911/1911/1911 1914/1914/1914
f 1912/1912/1912 1914/1914/1914 1913/1913/1913
f 1914/1914/1914 1908/1908/1908 1842/1842/1842 1913/1913/1913
f 1911/1911/1911 1846/1846/1846 1908/1908/1908 1914/1914/1914
f 1900/1900/1900 1848/1848/1848 1843/1843/1843
f 1849/1849/1849 1900/1900/1900 1844/1844/1844
f 1848/1848/1848 1900/1900/1900 1849/1849/1849
f 1903/1903/1903 1849/1849/1849 1844/1844/1844
f 1850/1850/1850 1903/1903/1903 1845/1845/1845
f 1849/1849/1849 1903/1903/1903 1850/1850/1850
f 1907/1907/1907 1850/1850/1850 1845/1845/1845
f 1851/1851/1851 1907/1907/1907 1846/1846/1846
f 1850/1850/1850 1907/1907/1907 1851/1851/1851
f 1911/1911/1911 1851/1851/1851 1846/1846/1846
f 1851/1851/1851 1911/1911/1911 1852/1852/1852
f 1854/1854/1854 1853/1853/1853 1848/1848/1848 1849/1849/1849
f 1855/1855/1855 1854/1854/1854 1849/1849/1849 1850/1850/1850
f 1856/1856/1856 1855/1855/1855 1850/1850/1850 1851/1851/1851
f 1857/1857/1857 1856/1856/1856 1851/1851/1851
f 1859/1859/1859 1858/1858/1858 1853/1853/1853 1854/1854/1854
f 1860/1860/1860 1859/1859/1859 1854/1854/1854 1855/1855/1855
f 1861/1861/1861 1860/1860/1860 1855/1855/1855 1856/1856/1856
f 1862/1862/1862 1861/1861/1861 1856/1856/1856
f 1917/1917/1917 1859/1859/1859 1864/1864/1864
f 1858/1858/1858 1917/1917/1917 1863/1863/1863
f 1859/1859/1859 1917/1917/1917 1858/1858/1858
f 1922/1922/1922 1860/1860/1860 1865/1865/1865
f 1859/1859/1859 1922/1922/1922 1864/1864/1864
f 1860/1860/1860 1922/1922/1922 1859/1859/1859
f 1932/1932/1932 1861/1861/1861 1866/1866/1866
f 1860/1860/1860 1932/1932/1932 1865/1865/1865
f 1861/1861/1861 1932/1932/1932 1860/1860/1860
f 1861/1861/1861 1936/1936/1936 1866/1866/1866
f 1862/1862/1862 1936/1936/1936 1861/1861/1861
f 1868/1868/1868 1924/1924/1924 1926/1926/1926 1918/1918/1918
f 1918/1918/1918 1926/1926/1926 1925/1925/1925 1863/1863/1863
f 1869/1869/1869 1915/1915/1915 1919/1919/1919 1916/1916/1916
f 1916/1916/1916 1919/1919/1919 1917/1917/1917 1864/1864/1864
f 1919/1919/1919 1918/1918/1918 1863/1863/1863 1917/1917/1917
f 1915/1915/1915 1868/1868/1868 1918/1918/1918 1919/1919/1919
f 1870/1870/1870 1920/1920/1920 1923/1923/1923 1921/1921/1921
f 1921/1921/1921 1923/1923/1923 1922/1922/1922 1865/1865/1865
f 1923/1923/1923 1916/1916/1916 1864/1864/1864 1922/1922/1922
f 1920/1920/1920 1869/1869/1869 1916/1916/1916 1923/1923/1923
f 1871/1871/1871 1930/1930/1930 1933/1933/1933 1931/1931/1931
f 1931/1931/1931 1933/1933/1933 1932/1932/1932 1866/1866/1866
f 1933/1933/1933 1921/1921/1921 1865/1865/1865 1932/1932/1932
f 1930/1930/1930 1870/1870/1870 1921/1921/1921 1933/1933/1933
f 1872/1872/1872 1934/1934/1934 1937/1937/1937
f 1935/1935/1935 1937/1937/1937 1936/1936/1936
f 1937/1937/1937 1931/1931/1931 1866/1866/1866 1936/1936/1936
f 1934/1934/1934 1871/1871/1871 1931/1931/1931 1937/1937/1937
f 1814/1814/1814 1875/1875/1875 1876/1876/1876 1938/1938/1938
f 1938/1938/1938 1876/1876/1876 1873/1873/1873 1939/1939/1939
f 1824/1824/1824 1873/1873/1873 1819/1819/1819
f 1873/1873/1873 1940/1940/1940 1939/1939/1939
f 1940/1940/1940 1824/1824/1824 1829/1829/1829 1941/1941/1941
f 1943/1943/1943 1942/1942/1942 1941/1941/1941
f 1941/1941/1941 1829/1829/1829 1944/1944/1944
f 1941/1941/1941 1944/1944/1944 1943/1943/1943
f 1945/1945/1945 1944/1944/1944 1829/1829/1829
f 1873/1873/1873 1824/1824/1824 1940/1940/1940
f 1946/1946/1946 1945/1945/1945 1891/1891/1891
f 1829/1829/1829 1891/1891/1891 1945/1945/1945
f 1892/1892/1892 1946/1946/1946 1891/1891/1891
f 1947/1947/1947 1892/1892/1892 1890/1890/1890
f 1947/1947/1947 1890/1890/1890 1948/1948/1948
f 1896/1896/1896 1948/1948/1948 1890/1890/1890
f 1947/1947/1947 1946/1946/1946 1892/1892/1892
f 1905/1905/1905 1951/1951/1951 1837/1837/1837
f 1837/1837/1837 1951/1951/1951 1950/1950/1950
f 1837/1837/1837 1893/1893/1893 1834/1834/1834
f 1893/1893/1893 1837/1837/1837 1949/1949/1949
f 1950/1950/1950 1949/1949/1949 1837/1837/1837
f 1949/1949/1949 1948/1948/1948 1893/1893/1893
f 1840/1840/1840 1952/1952/1952 1951/1951/1951
f 1948/1948/1948 1896/1896/1896 1893/1893/1893
f 1957/1957/1957 1899/1899/1899 1897/1897/1897 1958/1958/1958
f 1897/1897/1897 1959/1959/1959 1958/1958/1958
f 1955/1955/1955 1899/1899/1899 1956/1956/1956
f 1899/1899/1899 1957/1957/1957 1956/1956/1956
f 1959/1959/1959 1848/1848/1848 1960/1960/1960
f 1848/1848/1848 1959/1959/1959 1897/1897/1897
f 1961/1961/1961 1853/1853/1853 1858/1858/1858 1962/1962/1962
f 1925/1925/1925 1963/1963/1963 1962/1962/1962
f 1926/1926/1926 1964/1964/1964 1963/1963/1963 1925/1925/1925
f 1924/1924/1924 1867/1867/1867 1964/1964/1964 1926/1926/1926
f 1960/1960/1960 1848/1848/1848 1853/1853/1853 1961/1961/1961
f 1962/1962/1962 1858/1858/1858 1925/1925/1925
f 1898/1898/1898 1955/1955/1955 1954/1954/1954
f 1898/1898/1898 1899/1899/1899 1955/1955/1955
f 1902/1902/1902 1954/1954/1954 1953/1953/1953
f 1951/1951/1951 1905/1905/1905 1840/1840/1840
f 1953/1953/1953 1840/1840/1840 1902/1902/1902
f 1905/1905/1905 1837/1837/1837 1841/1841/1841
f 1840/1840/1840 1953/1953/1953 1952/1952/1952
f 1902/1902/1902 1898/1898/1898 1954/1954/1954
f 1848/1848/1848 1897/1897/1897 1843/1843/1843
f 1840/1840/1840 1901/1901/1901 1902/1902/1902
f 1863/1863/1863 1925/1925/1925 1858/1858/1858
f 1969/1969/1969 1971/1971/1971 1972/1972/1972
f 1970/1970/1970 1966/1966/1966 1969/1969/1969 1972/1972/1972
f 1981/1981/1981 1980/1980/1980 2002/2002/2002
f 1979/1979/1979 1978/1978/1978 2003/2003/2003
f 1979/1979/1979 2003/2003/2003 1980/1980/1980
f 1982/1982/1982 1981/1981/1981 1971/1971/1971
f 1971/1971/1971 1986/1986/1986 1985/1985/1985
f 1984/1984/1984 1983/1983/1983 1971/1971/1971
f 1985/1985/1985 1984/1984/1984 1971/1971/1971
f 1971/1971/1971 1983/1983/1983 1982/1982/1982
f 1986/1986/1986 1971/1971/1971 1969/1969/1969
f 2004/2004/2004 1975/1975/1975 1974/1974/1974
f 2004/2004/2004 1973/1973/1973 1965/1965/1965
f 1974/1974/1974 1973/1973/1973 2004/2004/2004
f 2004/2004/2004 1976/1976/1976 1975/1975/1975
f 1977/1977/1977 1976/1976/1976 2003/2003/2003
f 1971/1971/1971 1981/1981/1981 2002/2002/2002
f 2003/2003/2003 2002/2002/2002 1980/1980/1980
f 1978/1978/1978 1977/1977/1977 2003/2003/2003
f 1971/1971/1971 2002/2002/2002 2001/2001/2001
f 1971/1971/1971 2001/2001/2001 2000/2000/2000 1972/1972/1972
f 2004/2004/2004 2003/2003/2003 1976/1976/1976
f 1987/1987/1987 1986/1986/1986 1969/1969/1969
f 1992/1992/1992 1991/1991/1991 1966/1966/1966
f 1990/1990/1990 1966/1966/1966 1991/1991/1991
f 1990/1990/1990 1989/1989/1989 1966/1966/1966
f 1966/1966/1966 1993/1993/1993 1992/1992/1992
f 2005/2005/2005 1997/1997/1997 1996/1996/1996
f 1996/1996/1996 1995/1995/1995 2005/2005/2005
f 2005/2005/2005 1995/1995/1995 1994/1994/1994
f 1993/1993/1993 1966/1966/1966 1994/1994/1994
f 1997/1997/1997 2005/2005/2005 1967/1967/1967
f 1969/1969/1969 1989/1989/1989 1988/1988/1988
f 1972/1972/1972 2000/2000/2000 1999/1999/1999 1970/1970/1970
f 1989/1989/1989 1969/1969/1969 1966/1966/1966
f 1988/1988/1988 1987/1987/1987 1969/1969/1969
f 1970/1970/1970 2006/2006/2006 1966/1966/1966
f 2005/2005/2005 1966/1966/1966 2006/2006/2006
f 1998/1998/1998 2006/2006/2006 1970/1970/1970
f 1970/1970/1970 1999/1999/1999 1998/1998/1998
f 2006/2006/2006 1998/1998/1998 1968/1968/1968
f 1966/1966/1966 2005/2005/2005 1994/1994/1994
f 2013/2013/2013 2032/2032/2032 2014/2014/2014
f 2014/2014/2014 2032/2032/2032 2015/2015/2015
f 2017/2017/2017 2016/2016/2016 2032/2032/2032
f 2015/2015/2015 2032/2032/2032 2016/2016/2016
f 2012/2012/2012 2018/2018/2018 2017/2017/2017
f 2031/2031/2031 2017/2017/2017 2032/2032/2032
f 2012/2012/2012 2031/2031/2031 2007/2007/2007
f 2011/2011/2011 2020/2020/2020 2019/2019/2019
f 2019/2019/2019 2012/2012/2012 2011/2011/2011
f 2011/2011/2011 2021/2021/2021 2020/2020/2020
f 2012/2012/2012 2017/2017/2017 2031/2031/2031
f 2012/2012/2012 2019/2019/2019 2018/2018/2018
f 2022/2022/2022 2011/2011/2011 2010/2010/2010
f 2022/2022/2022 2010/2010/2010 2023/2023/2023
f 2025/2025/2025 2024/2024/2024 2010/2010/2010
f 2010/2010/2010 2024/2024/2024 2023/2023/2023
f 2026/2026/2026 2025/2025/2025 2009/2009/2009
f 2010/2010/2010 2009/2009/2009 2025/2025/2025
f 2027/2027/2027 2026/2026/2026 2009/2009/2009
f 2028/2028/2028 2027/2027/2027 2009/2009/2009
f 2029/2029/2029 2009/2009/2009 2030/2030/2030
f 2030/2030/2030 2009/2009/2009 2008/2008/2008
f 2028/2028/2028 2009/2009/2009 2029/2029/2029
f 2021/2021/2021 2011/2011/2011 2022/2022/2022
f 2041/2041/2041 2040/2040/2040 2034/2034/2034 2035/2035/2035
f 2042/2042/2042 2041/2041/2041 2035/2035/2035 2036/2036/2036
f 2043/2043/2043 2042/2042/2042 2036/2036/2036 2037/2037/2037
f 2044/2044/2044 2043/2043/2043 2037/2037/2037 2038/2038/2038
f 2045/2045/2045 2044/2044/2044 2038/2038/2038 2039/2039/2039
f 2048/2048/2048 2047/2047/2047 2040/2040/2040 2041/2041/2041
f 2049/2049/2049 2048/2048/2048 2041/2041/2041 2042/2042/2042
f 2050/2050/2050 2049/2049/2049 2042/2042/2042 2043/2043/2043
f 2051/2051/2051 2050/2050/2050 2043/2043/2043 2044/2044/2044
f 2052/2052/2052 2051/2051/2051 2044/2044/2044 2045/2045/2045
f 2053/2053/2053 2052/2052/2052 2045/2045/2045 2046/2046/2046
f 2055/2055/2055 2054/2054/2054 2047/2047/2047 2048/2048/2048
f 2056/2056/2056 2055/2055/2055 2048/2048/2048 2049/2049/2049
f 2057/2057/2057 2056/2056/2056 2049/2049/2049 2050/2050/2050
f 2058/2058/2058 2057/2057/2057 2050/2050/2050 2051/2051/2051
f 2059/2059/2059 2058/2058/2058 2051/2051/2051 2052/2052/2052
f 2060/2060/2060 2059/2059/2059 2052/2052/2052 2053/2053/2053
f 2062/2062/2062 2061/2061/2061 2054/2054/2054 2055/2055/2055
f 2063/2063/2063 2062/2062/2062 2055/2055/2055 2056/2056/2056
f 2064/2064/2064 2063/2063/2063 2056/2056/2056 2057/2057/2057
f 2065/2065/2065 2064/2064/2064 2057/2057/2057 2058/2058/2058
f 2066/2066/2066 2065/2065/2065 2058/2058/2058 2059/2059/2059
f 2067/2067/2067 2066/2066/2066 2059/2059/2059 2060/2060/2060
f 2069/2069/2069 2068/2068/2068 2061/2061/2061 2062/2062/2062
f 2070/2070/2070 2069/2069/2069 2062/2062/2062 2063/2063/2063
f 2071/2071/2071 2070/2070/2070 2063/2063/2063 2064/2064/2064
f 2072/2072/2072 2071/2071/2071 2064/2064/2064 2065/2065/2065
f 2073/2073/2073 2072/2072/2072 2065/2065/2065 2066/2066/2066
f 2074/2074/2074 2073/2073/2073 2066/2066/2066 2067/2067/2067
f 2076/2076/2076 2075/2075/2075 2068/2068/2068 2069/2069/2069
f 2077/2077/2077 2076/2076/2076 2069/2069/2069 2070/2070/2070
f 2078/2078/2078 2077/2077/2077 2070/2070/2070 2071/2071/2071
f 2079/2079/2079 2078/2078/2078 2071/2071/2071 2072/2072/2072
f 2080/2080/2080 2079/2079/2079 2072/2072/2072 2073/2073/2073
f 2081/2081/2081 2080/2080/2080 2073/2073/2073 2074/2074/2074
f 2083/2083/2083 2082/2082/2082 2075/2075/2075 2076/2076/2076
f 2084/2084/2084 2083/2083/2083 2076/2076/2076 2077/2077/2077
f 2085/2085/2085 2084/2084/2084 2077/2077/2077 2078/2078/2078
f 2086/2086/2086 2085/2085/2085 2078/2078/2078 2079/2079/2079
f 2087/2087/2087 2086/2086/2086 2079/2079/2079 2080/2080/2080
f 2088/2088/2088 2087/2087/2087 2080/2080/2080 2081/2081/2081
f 2112/2112/2112 2113/2113/2113 2033/2033/2033
f 2034/2034/2034 2113/2113/2113 2112/2112/2112
f 2111/2111/2111 2110/2110/2110 2035/2035/2035
f 2111/2111/2111 2035/2035/2035 2034/2034/2034
f 2109/2109/2109 2035/2035/2035 2110/2110/2110
f 2034/2034/2034 2112/2112/2112 2111/2111/2111
f 2034/2034/2034 2114/2114/2114 2113/2113/2113
f 2040/2040/2040 2115/2115/2115 2114/2114/2114
f 2047/2047/2047 2117/2117/2117 2116/2116/2116
f 2115/2115/2115 2040/2040/2040 2047/2047/2047 2116/2116/2116
f 2054/2054/2054 2118/2118/2118 2117/2117/2117 2047/2047/2047
f 2036/2036/2036 2035/2035/2035 2109/2109/2109
f 2114/2114/2114 2034/2034/2034 2040/2040/2040
f 2037/2037/2037 2108/2108/2108 2107/2107/2107
f 2108/2108/2108 2037/2037/2037 2036/2036/2036
f 2036/2036/2036 2109/2109/2109 2108/2108/2108
f 2038/2038/2038 2037/2037/2037 2107/2107/2107
f 2106/2106/2106 2105/2105/2105 2039/2039/2039
f 2106/2106/2106 2039/2039/2039 2038/2038/2038
f 2104/2104/2104 2039/2039/2039 2105/2105/2105
f 2038/2038/2038 2107/2107/2107 2106/2106/2106
f 2104/2104/2104 2046/2046/2046 2045/2045/2045
f 2102/2102/2102 2053/2053/2053 2046/2046/2046
f 2104/2104/2104 2103/2103/2103 2046/2046/2046
f 2102/2102/2102 2046/2046/2046 2103/2103/2103
f 2100/2100/2100 2060/2060/2060 2101/2101/2101
f 2053/2053/2053 2102/2102/2102 2101/2101/2101
f 2053/2053/2053 2101/2101/2101 2060/2060/2060
f 2045/2045/2045 2039/2039/2039 2104/2104/2104
f 2061/2061/2061 2119/2119/2119 2118/2118/2118 2054/2054/2054
f 2068/2068/2068 2121/2121/2121 2120/2120/2120
f 2061/2061/2061 2120/2120/2120 2119/2119/2119
f 2068/2068/2068 2120/2120/2120 2061/2061/2061
f 2075/2075/2075 2122/2122/2122 2121/2121/2121 2068/2068/2068
f 2123/2123/2123 2122/2122/2122 2075/2075/2075
f 2124/2124/2124 2123/2123/2123 2082/2082/2082
f 2082/2082/2082 2089/2089/2089 2124/2124/2124
f 2090/2090/2090 2089/2089/2089 2082/2082/2082
f 2091/2091/2091 2083/2083/2083 2084/2084/2084
f 2083/2083/2083 2091/2091/2091 2090/2090/2090
f 2090/2090/2090 2082/2082/2082 2083/2083/2083
f 2092/2092/2092 2091/2091/2091 2084/2084/2084
f 2082/2082/2082 2123/2123/2123 2075/2075/2075
f 2099/2099/2099 2074/2074/2074 2067/2067/2067
f 2088/2088/2088 2081/2081/2081 2097/2097/2097
f 2099/2099/2099 2081/2081/2081 2074/2074/2074
f 2099/2099/2099 2067/2067/2067 2100/2100/2100
f 2081/2081/2081 2099/2099/2099 2098/2098/2098
f 2081/2081/2081 2098/2098/2098 2097/2097/2097
f 2067/2067/2067 2060/2060/2060 2100/2100/2100
f 2087/2087/2087 2094/2094/2094 2086/2086/2086
f 2093/2093/2093 2086/2086/2086 2094/2094/2094
f 2085/2085/2085 2086/2086/2086 2093/2093/2093
f 2093/2093/2093 2092/2092/2092 2085/2085/2085
f 2095/2095/2095 2087/2087/2087 2088/2088/2088
f 2088/2088/2088 2096/2096/2096 2095/2095/2095
f 2095/2095/2095 2094/2094/2094 2087/2087/2087
f 2097/2097/2097 2096/2096/2096 2088/2088/2088
f 2092/2092/2092 2084/2084/2084 2085/2085/2085
f 2126/2126/2126 2129/2129/2129 2125/2125/2125
f 2130/2130/2130 2129/2129/2129 2126/2126/2126
f 2127/2127/2127 2130/2130/2130 2128/2128/2128
f 2126/2126/2126 2128/2128/2128 2130/2130/2130
f 2131/2131/2131 2133/2133/2133 2135/2135/2135 2134/2134/2134
f 2134/2134/2134 2137/2137/2137 2138/2138/2138
f 2136/2136/2136 2131/2131/2131 2134/2134/2134 2138/2138/2138
f 2141/2141/2141 2139/2139/2139 2132/2132/2132 2140/2140/2140
f 2134/2134/2134 2154/2154/2154 2153/2153/2153
f 2134/2134/2134 2155/2155/2155 2154/2154/2154
f 2134/2134/2134 2156/2156/2156 2155/2155/2155
f 2150/2150/2150 2137/2137/2137 2151/2151/2151
f 2151/2151/2151 2137/2137/2137 2152/2152/2152
f 2134/2134/2134 2153/2153/2153 2152/2152/2152
f 2135/2135/2135 2157/2157/2157 2156/2156/2156
f 2162/2162/2162 2161/2161/2161 2133/2133/2133
f 2195/2195/2195 2162/2162/2162 2133/2133/2133
f 2195/2195/2195 2133/2133/2133 2131/2131/2131
f 2157/2157/2157 2135/2135/2135 2158/2158/2158
f 2159/2159/2159 2158/2158/2158 2135/2135/2135
f 2135/2135/2135 2133/2133/2133 2160/2160/2160
f 2161/2161/2161 2160/2160/2160 2133/2133/2133
f 2159/2159/2159 2135/2135/2135 2160/2160/2160
f 2134/2134/2134 2135/2135/2135 2156/2156/2156
f 2131/2131/2131 2196/2196/2196 2195/2195/2195
f 2137/2137/2137 2149/2149/2149 2148/2148/2148
f 2137/2137/2137 2145/2145/2145 2194/2194/2194 2138/2138/2138
f 2150/2150/2150 2149/2149/2149 2137/2137/2137
f 2137/2137/2137 2134/2134/2134 2152/2152/2152
f 2147/2147/2147 2137/2137/2137 2148/2148/2148
f 2146/2146/2146 2137/2137/2137 2147/2147/2147
f 2137/2137/2137 2146/2146/2146 2145/2145/2145
f 2131/2131/2131 2191/2191/2191 2190/2190/2190 2197/2197/2197
f 2136/2136/2136 2191/2191/2191 2131/2131/2131
f 2197/2197/2197 2196/2196/2196 2131/2131/2131
f 2138/2138/2138 2193/2193/2193 2192/2192/2192 2136/2136/2136
f 2197/2197/2197 2190/2190/2190 2189/2189/2189
f 2191/2191/2191 2136/2136/2136 2192/2192/2192
f 2189/2189/2189 2188/2188/2188 2197/2197/2197
f 2194/2194/2194 2193/2193/2193 2138/2138/2138
f 2197/2197/2197 2142/2142/2142 2196/2196/2196
f 2198/2198/2198 2144/2144/2144 2143/2143/2143 2197/2197/2197
f 2144/2144/2144 2198/2198/2198 2163/2163/2163
f 2140/2140/2140 2132/2132/2132 2198/2198/2198
f 2132/2132/2132 2163/2163/2163 2198/2198/2198
f 2132/2132/2132 2165/2165/2165 2164/2164/2164
f 2132/2132/2132 2164/2164/2164 2163/2163/2163
f 2166/2166/2166 2165/2165/2165 2132/2132/2132
f 2197/2197/2197 2188/2188/2188 2198/2198/2198
f 2139/2139/2139 2167/2167/2167 2132/2132/2132
f 2139/2139/2139 2168/2168/2168 2167/2167/2167
f 2168/2168/2168 2139/2139/2139 2169/2169/2169
f 2139/2139/2139 2171/2171/2171 2170/2170/2170
f 2173/2173/2173 2172/2172/2172 2141/2141/2141
f 2171/2171/2171 2141/2141/2141 2172/2172/2172
f 2169/2169/2169 2139/2139/2139 2170/2170/2170
f 2166/2166/2166 2132/2132/2132 2167/2167/2167
f 2174/2174/2174 2173/2173/2173 2141/2141/2141
f 2187/2187/2187 2198/2198/2198 2188/2188/2188
f 2187/2187/2187 2140/2140/2140 2198/2198/2198
f 2184/2184/2184 2174/2174/2174 2141/2141/2141
f 2140/2140/2140 2186/2186/2186 2185/2185/2185 2141/2141/2141
f 2140/2140/2140 2187/2187/2187 2186/2186/2186
f 2141/2141/2141 2185/2185/2185 2184/2184/2184
f 2141/2141/2141 2171/2171/2171 2139/2139/2139
f 2176/2176/2176 2175/2175/2175 2183/2183/2183
f 2183/2183/2183 2177/2177/2177 2176/2176/2176
f 2177/2177/2177 2183/2183/2183 2178/2178/2178
f 2180/2180/2180 2179/2179/2179 2183/2183/2183
f 2178/2178/2178 2183/2183/2183 2179/2179/2179
f 2183/2183/2183 2182/2182/2182 2181/2181/2181
f 2180/2180/2180 2183/2183/2183 2181/2181/2181
f 2174/2174/2174 2184/2184/2184 2183/2183/2183
f 2175/2175/2175 2174/2174/2174 2183/2183/2183
f 2143/2143/2143 2142/2142/2142 2197/2197/2197
f 2203/2203/2203 2202/2202/2202 2210/2210/2210
f 2204/2204/2204 2203/2203/2203 2210/2210/2210
f 2210/2210/2210 2201/2201/2201 2199/2199/2199
f 2202/2202/2202 2201/2201/2201 2210/2210/2210
f 2210/2210/2210 2209/2209/2209 2204/2204/2204
f 2206/2206/2206 2205/2205/2205 2209/2209/2209
f 2207/2207/2207 2206/2206/2206 2209/2209/2209
f 2200/2200/2200 2208/2208/2208 2209/2209/2209
f 2207/2207/2207 2209/2209/2209 2208/2208/2208
f 2204/2204/2204 2209/2209/2209 2205/2205/2205
f 2214/2214/2214 2215/2215/2215 2213/2213/2213
f 2217/2217/2217 2211/2211/2211 2228/2228/2228
f 2213/2213/2213 2228/2228/2228 2227/2227/2227
f 2227/2227/2227 2226/2226/2226 2213/2213/2213
f 2218/2218/2218 2217/2217/2217 2213/2213/2213
f 2226/2226/2226 2225/2225/2225 2214/2214/2214
f 2214/2214/2214 2213/2213/2213 2226/2226/2226
f 2217/2217/2217 2228/2228/2228 2213/2213/2213
f 2238/2238/2238 2224/2224/2224 2223/2223/2223
f 2239/2239/2239 2223/2223/2223 2222/2222/2222
f 2237/2237/2237 2214/2214/2214 2238/2238/2238
f 2223/2223/2223 2239/2239/2239 2238/2238/2238
f 2239/2239/2239 2222/2222/2222 2212/2212/2212
f 2238/2238/2238 2214/2214/2214 2224/2224/2224
f 2214/2214/2214 2225/2225/2225 2224/2224/2224
f 2218/2218/2218 2213/2213/2213 2215/2215/2215 2219/2219/2219
f 2220/2220/2220 2219/2219/2219 2215/2215/2215
f 2229/2229/2229 2216/2216/2216 2221/2221/2221
f 2221/2221/2221 2230/2230/2230 2229/2229/2229
f 2231/2231/2231 2221/2221/2221 2220/2220/2220
f 2231/2231/2231 2230/2230/2230 2221/2221/2221
f 2214/2214/2214 2236/2236/2236 2235/2235/2235
f 2234/2234/2234 2215/2215/2215 2235/2235/2235
f 2236/2236/2236 2214/2214/2214 2237/2237/2237
f 2214/2214/2214 2235/2235/2235 2215/2215/2215
f 2232/2232/2232 2215/2215/2215 2233/2233/2233
f 2233/2233/2233 2215/2215/2215 2234/2234/2234
f 2232/2232/2232 2220/2220/2220 2215/2215/2215
f 2232/2232/2232 2231/2231/2231 2220/2220/2220
f 2290/2290/2290 2242/2242/2242 2247/2247/2247
f 2241/2241/2241 2290/2290/2290 2246/2246/2246
f 2242/2242/2242 2290/2290/2290 2241/2241/2241
f 2294/2294/2294 2243/2243/2243 2248/2248/2248
f 2242/2242/2242 2294/2294/2294 2247/2247/2247
f 2243/2243/2243 2294/2294/2294 2242/2242/2242
f 2249/2249/2249 2273/2273/2273 2275/2275/2275 2274/2274/2274
f 2250/2250/2250 2276/2276/2276 2279/2279/2279 2277/2277/2277
f 2277/2277/2277 2279/2279/2279 2278/2278/2278 2244/2244/2244
f 2276/2276/2276 2249/2249/2249 2274/2274/2274 2279/2279/2279
f 2251/2251/2251 2280/2280/2280 2283/2283/2283 2281/2281/2281
f 2281/2281/2281 2283/2283/2283 2282/2282/2282 2245/2245/2245
f 2283/2283/2283 2277/2277/2277 2244/2244/2244 2282/2282/2282
f 2280/2280/2280 2250/2250/2250 2277/2277/2277 2283/2283/2283
f 2252/2252/2252 2284/2284/2284 2287/2287/2287 2285/2285/2285
f 2285/2285/2285 2287/2287/2287 2286/2286/2286 2246/2246/2246
f 2287/2287/2287 2281/2281/2281 2245/2245/2245 2286/2286/2286
f 2284/2284/2284 2251/2251/2251 2281/2281/2281 2287/2287/2287
f 2253/2253/2253 2288/2288/2288 2291/2291/2291 2289/2289/2289
f 2289/2289/2289 2291/2291/2291 2290/2290/2290 2247/2247/2247
f 2291/2291/2291 2285/2285/2285 2246/2246/2246 2290/2290/2290
f 2288/2288/2288 2252/2252/2252 2285/2285/2285 2291/2291/2291
f 2254/2254/2254 2292/2292/2292 2295/2295/2295 2293/2293/2293
f 2293/2293/2293 2295/2295/2295 2294/2294/2294 2248/2248/2248
f 2295/2295/2295 2289/2289/2289 2247/2247/2247 2294/2294/2294
f 2292/2292/2292 2253/2253/2253 2289/2289/2289 2295/2295/2295
f 2298/2298/2298 2293/2293/2293 2248/2248/2248 2297/2297/2297
f 2296/2296/2296 2254/2254/2254 2293/2293/2293 2298/2298/2298
f 2276/2276/2276 2255/2255/2255 2249/2249/2249
f 2256/2256/2256 2276/2276/2276 2250/2250/2250
f 2255/2255/2255 2276/2276/2276 2256/2256/2256
f 2280/2280/2280 2256/2256/2256 2250/2250/2250
f 2257/2257/2257 2280/2280/2280 2251/2251/2251
f 2256/2256/2256 2280/2280/2280 2257/2257/2257
f 2284/2284/2284 2257/2257/2257 2251/2251/2251
f 2258/2258/2258 2284/2284/2284 2252/2252/2252
f 2257/2257/2257 2284/2284/2284 2258/2258/2258
f 2288/2288/2288 2258/2258/2258 2252/2252/2252
f 2259/2259/2259 2288/2288/2288 2253/2253/2253
f 2258/2258/2258 2288/2288/2288 2259/2259/2259
f 2292/2292/2292 2259/2259/2259 2253/2253/2253
f 2260/2260/2260 2292/2292/2292 2254/2254/2254
f 2259/2259/2259 2292/2292/2292 2260/2260/2260
f 2262/2262/2262 2261/2261/2261 2255/2255/2255 2256/2256/2256
f 2263/2263/2263 2262/2262/2262 2256/2256/2256 2257/2257/2257
f 2264/2264/2264 2263/2263/2263 2257/2257/2257 2258/2258/2258
f 2265/2265/2265 2264/2264/2264 2258/2258/2258 2259/2259/2259
f 2266/2266/2266 2265/2265/2265 2259/2259/2259 2260/2260/2260
f 2268/2268/2268 2267/2267/2267 2262/2262/2262 2263/2263/2263
f 2269/2269/2269 2268/2268/2268 2263/2263/2263 2264/2264/2264
f 2270/2270/2270 2269/2269/2269 2264/2264/2264 2265/2265/2265
f 2271/2271/2271 2270/2270/2270 2265/2265/2265 2266/2266/2266
f 2278/2278/2278 2313/2313/2313 2312/2312/2312
f 2313/2313/2313 2278/2278/2278 2314/2314/2314
f 2279/2279/2279 2314/2314/2314 2278/2278/2278
f 2244/2244/2244 2278/2278/2278 2312/2312/2312
f 2309/2309/2309 2308/2308/2308 2245/2245/2245
f 2311/2311/2311 2310/2310/2310 2282/2282/2282
f 2311/2311/2311 2282/2282/2282 2312/2312/2312
f 2282/2282/2282 2310/2310/2310 2309/2309/2309
f 2244/2244/2244 2312/2312/2312 2282/2282/2282
f 2315/2315/2315 2275/2275/2275 2316/2316/2316
f 2275/2275/2275 2273/2273/2273 2316/2316/2316
f 2316/2316/2316 2273/2273/2273 2317/2317/2317
f 2309/2309/2309 2245/2245/2245 2282/2282/2282
f 2314/2314/2314 2279/2279/2279 2274/2274/2274
f 2275/2275/2275 2315/2315/2315 2274/2274/2274
f 2314/2314/2314 2274/2274/2274 2315/2315/2315
f 2286/2286/2286 2245/2245/2245 2308/2308/2308
f 2306/2306/2306 2305/2305/2305 2242/2242/2242
f 2306/2306/2306 2241/2241/2241 2307/2307/2307
f 2286/2286/2286 2307/2307/2307 2241/2241/2241
f 2241/2241/2241 2306/2306/2306 2242/2242/2242
f 2339/2339/2339 2303/2303/2303 2240/2240/2240
f 2339/2339/2339 2243/2243/2243 2303/2303/2303
f 2305/2305/2305 2304/2304/2304 2242/2242/2242
f 2304/2304/2304 2243/2243/2243 2242/2242/2242
f 2303/2303/2303 2243/2243/2243 2304/2304/2304
f 2286/2286/2286 2241/2241/2241 2246/2246/2246
f 2297/2297/2297 2248/2248/2248 2243/2243/2243
f 2337/2337/2337 2297/2297/2297 2338/2338/2338
f 2243/2243/2243 2338/2338/2338 2297/2297/2297
f 2336/2336/2336 2298/2298/2298 2297/2297/2297 2337/2337/2337
f 2298/2298/2298 2336/2336/2336 2335/2335/2335 2296/2296/2296
f 2339/2339/2339 2338/2338/2338 2243/2243/2243
f 2286/2286/2286 2308/2308/2308 2307/2307/2307
f 2273/2273/2273 2318/2318/2318 2317/2317/2317
f 2320/2320/2320 2319/2319/2319 2261/2261/2261
f 2261/2261/2261 2321/2321/2321 2320/2320/2320
f 2321/2321/2321 2261/2261/2261 2322/2322/2322
f 2255/2255/2255 2273/2273/2273 2249/2249/2249
f 2319/2319/2319 2273/2273/2273 2255/2255/2255
f 2261/2261/2261 2262/2262/2262 2323/2323/2323
f 2255/2255/2255 2261/2261/2261 2319/2319/2319
f 2323/2323/2323 2322/2322/2322 2261/2261/2261
f 2318/2318/2318 2273/2273/2273 2319/2319/2319
f 2324/2324/2324 2323/2323/2323 2267/2267/2267
f 2262/2262/2262 2267/2267/2267 2323/2323/2323
f 2267/2267/2267 2325/2325/2325 2324/2324/2324
f 2268/2268/2268 2325/2325/2325 2267/2267/2267
f 2327/2327/2327 2268/2268/2268 2269/2269/2269
f 2269/2269/2269 2328/2328/2328 2327/2327/2327
f 2326/2326/2326 2268/2268/2268 2327/2327/2327
f 2326/2326/2326 2325/2325/2325 2268/2268/2268
f 2270/2270/2270 2328/2328/2328 2269/2269/2269
f 2260/2260/2260 2254/2254/2254 2296/2296/2296
f 2334/2334/2334 2260/2260/2260 2296/2296/2296
f 2260/2260/2260 2334/2334/2334 2302/2302/2302 2266/2266/2266
f 2296/2296/2296 2335/2335/2335 2334/2334/2334
f 2266/2266/2266 2302/2302/2302 2301/2301/2301
f 2301/2301/2301 2300/2300/2300 2271/2271/2271
f 2271/2271/2271 2266/2266/2266 2301/2301/2301
f 2330/2330/2330 2270/2270/2270 2271/2271/2271
f 2270/2270/2270 2330/2330/2330 2329/2329/2329
f 2329/2329/2329 2328/2328/2328 2270/2270/2270
f 2331/2331/2331 2330/2330/2330 2271/2271/2271
f 2332/2332/2332 2331/2331/2331 2299/2299/2299
f 2271/2271/2271 2299/2299/2299 2331/2331/2331
f 2299/2299/2299 2272/2272/2272 2333/2333/2333
f 2332/2332/2332 2299/2299/2299 2333/2333/2333
f 2300/2300/2300 2299/2299/2299 2271/2271/2271
f 2358/2358/2358 2357/2357/2357 2349/2349/2349
f 2356/2356/2356 2355/2355/2355 2349/2349/2349
f 2356/2356/2356 2349/2349/2349 2357/2357/2357
f 2359/2359/2359 2358/2358/2358 2348/2348/2348
f 2346/2346/2346 2363/2363/2363 2362/2362/2362
f 2361/2361/2361 2360/2360/2360 2347/2347/2347
f 2362/2362/2362 2361/2361/2361 2346/2346/2346
f 2347/2347/2347 2360/2360/2360 2359/2359/2359
f 2364/2364/2364 2363/2363/2363 2345/2345/2345
f 2351/2351/2351 2354/2354/2354 2353/2353/2353
f 2352/2352/2352 2351/2351/2351 2353/2353/2353
f 2350/2350/2350 2354/2354/2354 2351/2351/2351
f 2354/2354/2354 2350/2350/2350 2355/2355/2355
f 2350/2350/2350 2349/2349/2349 2355/2355/2355
f 2348/2348/2348 2358/2358/2358 2349/2349/2349
f 2359/2359/2359 2348/2348/2348 2347/2347/2347
f 2361/2361/2361 2347/2347/2347 2346/2346/2346
f 2346/2346/2346 2345/2345/2345 2363/2363/2363
f 2345/2345/2345 2374/2374/2374 2364/2364/2364
f 2373/2373/2373 2374/2374/2374 2344/2344/2344
f 2375/2375/2375 2371/2371/2371 2370/2370/2370 2376/2376/2376
f 2374/2374/2374 2373/2373/2373 2372/2372/2372 2375/2375/2375
f 2376/2376/2376 2370/2370/2370 2369/2369/2369 2377/2377/2377
f 2345/2345/2345 2344/2344/2344 2374/2374/2374
f 2378/2378/2378 2367/2367/2367 2366/2366/2366 2379/2379/2379
f 2379/2379/2379 2342/2342/2342 2340/2340/2340
f 2365/2365/2365 2342/2342/2342 2379/2379/2379
f 2377/2377/2377 2368/2368/2368 2367/2367/2367 2378/2378/2378
f 2343/2343/2343 2342/2342/2342 2365/2365/2365
f 2371/2371/2371 2375/2375/2375 2372/2372/2372
f 2379/2379/2379 2366/2366/2366 2365/2365/2365
f 2343/2343/2343 2365/2365/2365 2341/2341/2341
f 2368/2368/2368 2377/2377/2377 2369/2369/2369
f 2384/2384/2384 2383/2383/2383 2381/2381/2381 2382/2382/2382
f 2382/2382/2382 2385/2385/2385 2384/2384/2384
f 2389/2389/2389 2388/2388/2388 2383/2383/2383 2384/2384/2384
f 2390/2390/2390 2389/2389/2389 2384/2384/2384 2385/2385/2385
f 2391/2391/2391 2390/2390/2390 2385/2385/2385 2386/2386/2386
f 2392/2392/2392 2391/2391/2391 2386/2386/2386 2387/2387/2387
f 2395/2395/2395 2394/2394/2394 2388/2388/2388 2389/2389/2389
f 2396/2396/2396 2395/2395/2395 2389/2389/2389 2390/2390/2390
f 2397/2397/2397 2396/2396/2396 2390/2390/2390 2391/2391/2391
f 2398/2398/2398 2397/2397/2397 2391/2391/2391 2392/2392/2392
f 2399/2399/2399 2398/2398/2398 2392/2392/2392 2393/2393/2393
f 2401/2401/2401 2400/2400/2400 2394/2394/2394 2395/2395/2395
f 2402/2402/2402 2401/2401/2401 2395/2395/2395 2396/2396/2396
f 2403/2403/2403 2402/2402/2402 2396/2396/2396 2397/2397/2397
f 2404/2404/2404 2403/2403/2403 2397/2397/2397 2398/2398/2398
f 2405/2405/2405 2404/2404/2404 2398/2398/2398 2399/2399/2399
f 2407/2407/2407 2406/2406/2406 2400/2400/2400 2401/2401/2401
f 2408/2408/2408 2407/2407/2407 2401/2401/2401 2402/2402/2402
f 2409/2409/2409 2408/2408/2408 2402/2402/2402 2403/2403/2403
f 2410/2410/2410 2409/2409/2409 2403/2403/2403 2404/2404/2404
f 2411/2411/2411 2410/2410/2410 2404/2404/2404 2405/2405/2405
f 2439/2439/2439 2440/2440/2440 2380/2380/2380
f 2381/2381/2381 2440/2440/2440 2439/2439/2439
f 2381/2381/2381 2438/2438/2438 2437/2437/2437
f 2437/2437/2437 2382/2382/2382 2381/2381/2381
f 2381/2381/2381 2439/2439/2439 2438/2438/2438
f 2382/2382/2382 2437/2437/2437 2436/2436/2436
f 2381/2381/2381 2441/2441/2441 2440/2440/2440
f 2383/2383/2383 2442/2442/2442 2441/2441/2441
f 2442/2442/2442 2383/2383/2383 2388/2388/2388 2443/2443/2443
f 2388/2388/2388 2444/2444/2444 2443/2443/2443
f 2441/2441/2441 2381/2381/2381 2383/2383/2383
f 2385/2385/2385 2382/2382/2382 2436/2436/2436
f 2435/2435/2435 2434/2434/2434 2385/2385/2385
f 2385/2385/2385 2436/2436/2436 2435/2435/2435
f 2387/2387/2387 2433/2433/2433 2432/2432/2432
f 2433/2433/2433 2387/2387/2387 2386/2386/2386
f 2386/2386/2386 2434/2434/2434 2433/2433/2433
f 2431/2431/2431 2387/2387/2387 2432/2432/2432
f 2385/2385/2385 2434/2434/2434 2386/2386/2386
f 2392/2392/2392 2431/2431/2431 2430/2430/2430
f 2387/2387/2387 2431/2431/2431 2392/2392/2392
f 2399/2399/2399 2393/2393/2393 2427/2427/2427
f 2393/2393/2393 2392/2392/2392 2430/2430/2430
f 2429/2429/2429 2393/2393/2393 2430/2430/2430
f 2393/2393/2393 2429/2429/2429 2428/2428/2428
f 2393/2393/2393 2428/2428/2428 2427/2427/2427
f 2394/2394/2394 2445/2445/2445 2444/2444/2444 2388/2388/2388
f 2445/2445/2445 2394/2394/2394 2400/2400/2400 2446/2446/2446
f 2400/2400/2400 2447/2447/2447 2446/2446/2446
f 2407/2407/2407 2415/2415/2415 2414/2414/2414 2406/2406/2406
f 2406/2406/2406 2447/2447/2447 2400/2400/2400
f 2406/2406/2406 2448/2448/2448 2447/2447/2447
f 2413/2413/2413 2412/2412/2412 2448/2448/2448
f 2406/2406/2406 2414/2414/2414 2413/2413/2413
f 2407/2407/2407 2416/2416/2416 2415/2415/2415
f 2408/2408/2408 2417/2417/2417 2416/2416/2416 2407/2407/2407
f 2413/2413/2413 2448/2448/2448 2406/2406/2406
f 2411/2411/2411 2405/2405/2405 2423/2423/2423
f 2425/2425/2425 2405/2405/2405 2399/2399/2399
f 2425/2425/2425 2399/2399/2399 2426/2426/2426
f 2424/2424/2424 2405/2405/2405 2425/2425/2425
f 2424/2424/2424 2423/2423/2423 2405/2405/2405
f 2427/2427/2427 2426/2426/2426 2399/2399/2399
f 2409/2409/2409 2419/2419/2419 2418/2418/2418
f 2409/2409/2409 2418/2418/2418 2417/2417/2417 2408/2408/2408
f 2410/2410/2410 2420/2420/2420 2419/2419/2419 2409/2409/2409
f 2423/2423/2423 2422/2422/2422 2411/2411/2411
f 2422/2422/2422 2410/2410/2410 2411/2411/2411
f 2421/2421/2421 2410/2410/2410 2422/2422/2422
f 2421/2421/2421 2420/2420/2420 2410/2410/2410
f 2457/2457/2457 2449/2449/2449 2462/2462/2462
f 2476/2476/2476 2461/2461/2461 2477/2477/2477
f 2476/2476/2476 2462/2462/2462 2461/2461/2461
f 2459/2459/2459 2458/2458/2458 2474/2474/2474
f 2476/2476/2476 2458/2458/2458 2462/2462/2462
f 2457/2457/2457 2462/2462/2462 2458/2458/2458
f 2452/2452/2452 2477/2477/2477 2461/2461/2461
f 2456/2456/2456 2461/2461/2461 2450/2450/2450
f 2454/2454/2454 2461/2461/2461 2455/2455/2455
f 2456/2456/2456 2455/2455/2455 2461/2461/2461
f 2453/2453/2453 2452/2452/2452 2461/2461/2461
f 2461/2461/2461 2454/2454/2454 2453/2453/2453
f 2478/2478/2478 2452/2452/2452 2451/2451/2451
f 2477/2477/2477 2452/2452/2452 2478/2478/2478
f 2464/2464/2464 2463/2463/2463 2459/2459/2459
f 2459/2459/2459 2465/2465/2465 2464/2464/2464
f 2466/2466/2466 2459/2459/2459 2467/2467/2467
f 2467/2467/2467 2459/2459/2459 2468/2468/2468
f 2465/2465/2465 2459/2459/2459 2466/2466/2466
f 2469/2469/2469 2468/2468/2468 2459/2459/2459
f 2473/2473/2473 2459/2459/2459 2474/2474/2474
f 2474/2474/2474 2458/2458/2458 2475/2475/2475
f 2475/2475/2475 2458/2458/2458 2476/2476/2476
f 2470/2470/2470 2459/2459/2459 2471/2471/2471
f 2471/2471/2471 2459/2459/2459 2472/2472/2472
f 2459/2459/2459 2473/2473/2473 2472/2472/2472
f 2469/2469/2469 2459/2459/2459 2470/2470/2470
f 2463/2463/2463 2460/2460/2460 2459/2459/2459
f 2488/2488/2488 2489/2489/2489 2479/2479/2479
f 2487/2487/2487 2481/2481/2481 2488/2488/2488
f 2482/2482/2482 2487/2487/2487 2486/2486/2486
f 2489/2489/2489 2488/2488/2488 2481/2481/2481
f 2481/2481/2481 2487/2487/2487 2482/2482/2482
f 2482/2482/2482 2486/2486/2486 2483/2483/2483
f 2484/2484/2484 2483/2483/2483 2485/2485/2485
f 2483/2483/2483 2486/2486/2486 2485/2485/2485
f 2480/2480/2480 2489/2489/2489 2481/2481/2481
f 2492/2492/2492 2566/2566/2566 2570/2570/2570 2567/2567/2567
f 2567/2567/2567 2570/2570/2570 2568/2568/2568 2491/2491/2491
f 2570/2570/2570 2490/2490/2490 2568/2568/2568
f 2566/2566/2566 2569/2569/2569 2570/2570/2570
f 2493/2493/2493 2571/2571/2571 2574/2574/2574 2572/2572/2572
f 2571/2571/2571 2492/2492/2492 2567/2567/2567 2574/2574/2574
f 2537/2537/2537 2566/2566/2566 2492/2492/2492 2495/2495/2495
f 2566/2566/2566 2537/2537/2537 2494/2494/2494
f 2542/2542/2542 2571/2571/2571 2493/2493/2493 2496/2496/2496
f 2571/2571/2571 2542/2542/2542 2495/2495/2495 2492/2492/2492
f 2499/2499/2499 2535/2535/2535 2539/2539/2539 2536/2536/2536
f 2536/2536/2536 2539/2539/2539 2537/2537/2537 2495/2495/2495
f 2539/2539/2539 2494/2494/2494 2537/2537/2537
f 2535/2535/2535 2538/2538/2538 2539/2539/2539
f 2500/2500/2500 2540/2540/2540 2543/2543/2543 2541/2541/2541
f 2541/2541/2541 2543/2543/2543 2542/2542/2542 2496/2496/2496
f 2543/2543/2543 2536/2536/2536 2495/2495/2495 2542/2542/2542
f 2540/2540/2540 2499/2499/2499 2536/2536/2536 2543/2543/2543
f 2541/2541/2541 2553/2553/2553 2500/2500/2500
f 2553/2553/2553 2497/2497/2497 2501/2501/2501
f 2497/2497/2497 2541/2541/2541 2496/2496/2496
f 2541/2541/2541 2497/2497/2497 2553/2553/2553
f 2502/2502/2502 2544/2544/2544 2547/2547/2547 2545/2545/2545
f 2545/2545/2545 2547/2547/2547 2535/2535/2535 2499/2499/2499
f 2547/2547/2547 2498/2498/2498 2535/2535/2535
f 2544/2544/2544 2546/2546/2546 2547/2547/2547
f 2503/2503/2503 2548/2548/2548 2550/2550/2550 2549/2549/2549
f 2549/2549/2549 2550/2550/2550 2540/2540/2540 2500/2500/2500
f 2550/2550/2550 2545/2545/2545 2499/2499/2499 2540/2540/2540
f 2548/2548/2548 2502/2502/2502 2545/2545/2545 2550/2550/2550
f 2504/2504/2504 2551/2551/2551 2554/2554/2554 2552/2552/2552
f 2552/2552/2552 2554/2554/2554 2553/2553/2553 2501/2501/2501
f 2554/2554/2554 2549/2549/2549 2500/2500/2500 2553/2553/2553
f 2551/2551/2551 2503/2503/2503 2549/2549/2549 2554/2554/2554
f 2557/2557/2557 2552/2552/2552 2501/2501/2501 2556/2556/2556
f 2555/2555/2555 2504/2504/2504 2552/2552/2552 2557/2557/2557
f 2506/2506/2506 2544/2544/2544 2502/2502/2502
f 2505/2505/2505 2544/2544/2544 2506/2506/2506
f 2548/2548/2548 2506/2506/2506 2502/2502/2502
f 2507/2507/2507 2548/2548/2548 2503/2503/2503
f 2506/2506/2506 2548/2548/2548 2507/2507/2507
f 2551/2551/2551 2507/2507/2507 2503/2503/2503
f 2508/2508/2508 2551/2551/2551 2504/2504/2504
f 2507/2507/2507 2551/2551/2551 2508/2508/2508
f 2510/2510/2510 2505/2505/2505 2506/2506/2506
f 2511/2511/2511 2510/2510/2510 2506/2506/2506 2507/2507/2507
f 2512/2512/2512 2511/2511/2511 2507/2507/2507 2508/2508/2508
f 2514/2514/2514 2509/2509/2509 2510/2510/2510
f 2515/2515/2515 2514/2514/2514 2510/2510/2510 2511/2511/2511
f 2516/2516/2516 2515/2515/2515 2511/2511/2511 2512/2512/2512
f 2518/2518/2518 2513/2513/2513 2514/2514/2514
f 2519/2519/2519 2518/2518/2518 2514/2514/2514 2515/2515/2515
f 2520/2520/2520 2519/2519/2519 2515/2515/2515 2516/2516/2516
f 2522/2522/2522 2517/2517/2517 2518/2518/2518
f 2523/2523/2523 2522/2522/2522 2518/2518/2518 2519/2519/2519
f 2524/2524/2524 2523/2523/2523 2519/2519/2519 2520/2520/2520
f 2526/2526/2526 2521/2521/2521 2522/2522/2522
f 2527/2527/2527 2526/2526/2526 2522/2522/2522 2523/2523/2523
f 2528/2528/2528 2527/2527/2527 2523/2523/2523 2524/2524/2524
f 2530/2530/2530 2525/2525/2525 2526/2526/2526
f 2531/2531/2531 2530/2530/2530 2526/2526/2526 2527/2527/2527
f 2560/2560/2560 2530/2530/2530 2533/2533/2533
f 2530/2530/2530 2560/2560/2560 2529/2529/2529
f 2534/2534/2534 2558/2558/2558 2562/2562/2562 2559/2559/2559
f 2559/2559/2559 2562/2562/2562 2560/2560/2560 2533/2533/2533
f 2562/2562/2562 2532/2532/2532 2560/2560/2560
f 2558/2558/2558 2561/2561/2561 2562/2562/2562
f 2565/2565/2565 2559/2559/2559 2533/2533/2533 2564/2564/2564
f 2563/2563/2563 2534/2534/2534 2559/2559/2559 2565/2565/2565
f 2573/2573/2573 2574/2574/2574 2567/2567/2567 2491/2491/2491
f 2572/2572/2572 2592/2592/2592 2591/2591/2591
f 2574/2574/2574 2573/2573/2573 2592/2592/2592 2572/2572/2572
f 2590/2590/2590 2572/2572/2572 2591/2591/2591
f 2590/2590/2590 2589/2589/2589 2572/2572/2572
f 2493/2493/2493 2572/2572/2572 2589/2589/2589
f 2588/2588/2588 2493/2493/2493 2589/2589/2589
f 2496/2496/2496 2493/2493/2493 2587/2587/2587
f 2493/2493/2493 2588/2588/2588 2587/2587/2587
f 2586/2586/2586 2585/2585/2585 2497/2497/2497
f 2586/2586/2586 2496/2496/2496 2587/2587/2587
f 2497/2497/2497 2496/2496/2496 2586/2586/2586
f 2583/2583/2583 2497/2497/2497 2584/2584/2584
f 2585/2585/2585 2584/2584/2584 2497/2497/2497
f 2608/2608/2608 2497/2497/2497 2583/2583/2583
f 2608/2608/2608 2582/2582/2582 2581/2581/2581
f 2583/2583/2583 2582/2582/2582 2608/2608/2608
f 2607/2607/2607 2556/2556/2556 2608/2608/2608
f 2501/2501/2501 2497/2497/2497 2608/2608/2608
f 2608/2608/2608 2556/2556/2556 2501/2501/2501
f 2556/2556/2556 2607/2607/2607 2606/2606/2606 2557/2557/2557
f 2605/2605/2605 2557/2557/2557 2606/2606/2606
f 2605/2605/2605 2604/2604/2604 2555/2555/2555
f 2555/2555/2555 2604/2604/2604 2508/2508/2508
f 2605/2605/2605 2555/2555/2555 2557/2557/2557
f 2508/2508/2508 2504/2504/2504 2555/2555/2555
f 2531/2531/2531 2598/2598/2598 2564/2564/2564
f 2599/2599/2599 2531/2531/2531 2527/2527/2527
f 2527/2527/2527 2600/2600/2600 2599/2599/2599
f 2598/2598/2598 2597/2597/2597 2564/2564/2564
f 2598/2598/2598 2531/2531/2531 2599/2599/2599
f 2564/2564/2564 2530/2530/2530 2531/2531/2531
f 2528/2528/2528 2600/2600/2600 2527/2527/2527
f 2530/2530/2530 2564/2564/2564 2533/2533/2533
f 2594/2594/2594 2563/2563/2563 2565/2565/2565
f 2595/2595/2595 2565/2565/2565 2564/2564/2564
f 2564/2564/2564 2596/2596/2596 2595/2595/2595
f 2563/2563/2563 2594/2594/2594 2593/2593/2593
f 2594/2594/2594 2565/2565/2565 2595/2595/2595
f 2597/2597/2597 2596/2596/2596 2564/2564/2564
f 2508/2508/2508 2603/2603/2603 2580/2580/2580 2512/2512/2512
f 2512/2512/2512 2580/2580/2580 2579/2579/2579 2516/2516/2516
f 2578/2578/2578 2520/2520/2520 2516/2516/2516 2579/2579/2579
f 2604/2604/2604 2603/2603/2603 2508/2508/2508
f 2520/2520/2520 2577/2577/2577 2576/2576/2576 2524/2524/2524
f 2602/2602/2602 2601/2601/2601 2528/2528/2528
f 2576/2576/2576 2528/2528/2528 2524/2524/2524
f 2576/2576/2576 2575/2575/2575 2602/2602/2602
f 2576/2576/2576 2602/2602/2602 2528/2528/2528
f 2578/2578/2578 2577/2577/2577 2520/2520/2520
f 2600/2600/2600 2528/2528/2528 2601/2601/2601
f 2627/2627/2627 2609/2609/2609 2625/2625/2625
f 2627/2627/2627 2625/2625/2625 2624/2624/2624
f 2623/2623/2623 2627/2627/2627 2624/2624/2624
f 2628/2628/2628 2627/2627/2627 2622/2622/2622
f 2629/2629/2629 2628/2628/2628 2620/2620/2620
f 2627/2627/2627 2623/2623/2623 2622/2622/2622
f 2621/2621/2621 2628/2628/2628 2622/2622/2622
f 2620/2620/2620 2619/2619/2619 2629/2629/2629
f 2628/2628/2628 2621/2621/2621 2620/2620/2620
f 2618/2618/2618 2629/2629/2629 2619/2619/2619
f 2618/2618/2618 2617/2617/2617 2629/2629/2629
f 2630/2630/2630 2617/2617/2617 2616/2616/2616
f 2629/2629/2629 2617/2617/2617 2630/2630/2630
f 2630/2630/2630 2615/2615/2615 2631/2631/2631
f 2612/2612/2612 2610/2610/2610 2632/2632/2632
f 2631/2631/2631 2613/2613/2613 2626/2626/2626 2632/2632/2632
f 2632/2632/2632 2626/2626/2626 2612/2612/2612
f 2615/2615/2615 2614/2614/2614 2631/2631/2631
f 2630/2630/2630 2616/2616/2616 2615/2615/2615
f 2631/2631/2631 2614/2614/2614 2613/2613/2613
f 2626/2626/2626 2611/2611/2611 2612/2612/2612
f 2638/2638/2638 2633/2633/2633 2637/2637/2637
f 2639/2639/2639 2637/2637/2637 2634/2634/2634
f 2638/2638/2638 2635/2635/2635 2636/2636/2636
f 2638/2638/2638 2637/2637/2637 2639/2639/2639
f 2636/2636/2636 2633/2633/2633 2638/2638/2638
f 2645/2645/2645 2640/2640/2640 2649/2649/2649
f 2644/2644/2644 2645/2645/2645 2649/2649/2649
f 2646/2646/2646 2645/2645/2645 2656/2656/2656
f 2644/2644/2644 2649/2649/2649 2641/2641/2641
f 2645/2645/2645 2644/2644/2644 2643/2643/2643
f 2645/2645/2645 2643/2643/2643 2656/2656/2656
f 2656/2656/2656 2655/2655/2655 2646/2646/2646
f 2648/2648/2648 2647/2647/2647 2652/2652/2652
f 2648/2648/2648 2650/2650/2650 2642/2642/2642
f 2650/2650/2650 2648/2648/2648 2651/2651/2651
f 2655/2655/2655 2654/2654/2654 2646/2646/2646
f 2647/2647/2647 2654/2654/2654 2653/2653/2653
f 2653/2653/2653 2652/2652/2652 2647/2647/2647
f 2652/2652/2652 2651/2651/2651 2648/2648/2648
f 2647/2647/2647 2646/2646/2646 2654/2654/2654
