# Rhino

o object_1
v -4219.44091796875 284.51455688476562 -24340.435546875
v -4219.44091796875 502.76406860351562 -24340.435546875
v -4230.30810546875 284.51455688476562 -24345.748046875
v -4243.26611328125 284.51455688476562 -24346.779296875
v -4255.64892578125 284.51455688476562 -24342.822265625
v -4265.0205078125 284.51455688476562 -24335.17578125
v -4271.08251953125 284.51455688476562 -24324.708984375
v -4273.02294921875 284.51455688476562 -24311.85546875
v -4269.9462890625 284.51455688476562 -24299.2265625
v -4262.97705078125 284.51455688476562 -24289.33984375
v -4218.9970703125 502.76406860351562 -24286.60546875
v -4226.9150390625 502.76406860351562 -24282.11328125
v -4236.10888671875 502.76406860351562 -24279.869140625
v -4245.56396484375 502.76406860351562 -24280.275390625
v -4254.20654296875 502.76406860351562 -24283.134765625
v -4261.765625 502.76406860351562 -24288.208984375
v -4267.8837890625 502.76406860351562 -24295.4296875
v -4271.74951171875 502.76406860351562 -24304.06640625
v -4273.05517578125 502.76406860351562 -24313.076171875
v -4271.89794921875 502.76406860351562 -24322.107421875
v -4268.17578125 502.76406860351562 -24330.806640625
v -4262.177734375 502.76406860351562 -24338.126953125
v -4254.703125 502.76406860351562 -24343.32421875
v -4246.10888671875 502.76406860351562 -24346.328125
v -4236.66162109375 502.76406860351562 -24346.888671875
v -4227.431640625 502.76406860351562 -24344.796875
v -4219.44091796875 502.76406860351562 -24340.435546875
v -4244.43896484375 482.24191284179688 -24346.623046875
v -4246.35107421875 489.95977783203125 -24346.27734375
v -4248.5869140625 495.06625366210938 -24345.724609375
v -4249.7509765625 496.60623168945312 -24345.373046875
v -4250.92236328125 497.5341796875 -24344.970703125
v -4251.50244140625 497.781494140625 -24344.75390625
v -4252.08056640625 497.89291381835938 -24344.5234375
v -4252.65478515625 497.87109375 -24344.28515625
v -4253.22265625 497.71865844726562 -24344.03515625
v -4254.43994140625 496.93771362304688 -24343.45703125
v -4255.61669921875 495.53543090820312 -24342.83984375
v -4258.0078125 490.13803100585938 -24341.39453125
v -4259.732421875 482.8739013671875 -24340.169921875
v -4261.0810546875 473.17446899414062 -24339.091796875
v -4261.88818359375 463.44155883789062 -24338.390625
v -4262.38134765625 453.20358276367188 -24337.939453125
v -4262.58935546875 444.83877563476562 -24337.744140625
v -4262.65283203125 436.35272216796875 -24337.681640625
v -4262.58203125 427.87313842773438 -24337.75
v -4262.38232421875 419.50119018554688 -24337.9375
v -4261.9267578125 408.80361938476562 -24338.35546875
v -4261.248046875 398.68191528320312 -24338.951171875
v -4260.044921875 387.0322265625 -24339.9296875
v -4258.4443359375 377.3555908203125 -24341.099609375
v -4256.73095703125 371.07586669921875 -24342.19921875
v -4255.564453125 368.45004272460938 -24342.869140625
v -4254.32275390625 366.81619262695312 -24343.515625
v -4253.67919921875 366.3875732421875 -24343.826171875
v -4253.02734375 366.2242431640625 -24344.123046875
v -4252.369140625 366.32659912109375 -24344.40625
v -4251.7060546875 366.695068359375 -24344.673828125
v -4250.41748046875 368.1689453125 -24345.150390625
v -4249.158203125 370.60235595703125 -24345.55859375
v -4246.82470703125 378.0438232421875 -24346.173828125
v -4244.43896484375 391.027587890625 -24346.623046875
v -4243.55419921875 398.09243774414062 -24346.74609375
v -4242.818359375 405.62982177734375 -24346.828125
v -4242.23291015625 413.52993774414062 -24346.8828125
v -4241.80126953125 421.7015380859375 -24346.916015625
v -4241.60302734375 427.14837646484375 -24346.9296875
v -4241.4287109375 436.16937255859375 -24346.94140625
v -4241.44970703125 445.23648071289062 -24346.939453125
v -4241.68212890625 454.22775268554688 -24346.923828125
v -4242.14599609375 462.96600341796875 -24346.890625
v -4242.392578125 466.24868774414062 -24346.869140625
v -4243.19287109375 474.136474609375 -24346.787109375
v -4244.23876953125 481.15817260742188 -24346.65234375
v -4205.76220703125 284.51455688476562 -24313.4453125
v -4205.83251953125 289.8480224609375 -24311.181640625
v -4206.18798828125 297.86932373046875 -24308.01953125
v -4206.82373046875 306.58709716796875 -24304.96875
v -4207.2353515625 311.32806396484375 -24303.505859375
v -4207.69775390625 316.4427490234375 -24302.107421875
v -4208.10205078125 321.01055908203125 -24301.025390625
v -4208.513671875 326.06265258789062 -24300.02734375
v -4208.9033203125 331.820556640625 -24299.158203125
v -4209.2080078125 338.49423217773438 -24298.521484375
v -4209.31201171875 343.82693481445312 -24298.310546875
v -4209.275390625 349.28369140625 -24298.384765625
v -4208.8349609375 358.80255126953125 -24299.306640625
v -4208.42333984375 363.545166015625 -24300.23828125
v -4207.99169921875 367.33334350585938 -24301.310546875
v -4207.572265625 370.3428955078125 -24302.466796875
v -4207.1806640625 372.71014404296875 -24303.6875
v -4206.775390625 374.76852416992188 -24305.16015625
v -4206.431640625 376.171142578125 -24306.67578125
v -4206.15625 376.98794555664062 -24308.220703125
v -4205.9521484375 377.269775390625 -24309.78125
v -4205.900390625 377.252197265625 -24310.30859375
v -4205.77685546875 376.68450927734375 -24312.35546875
v -4205.7783203125 375.37420654296875 -24314.392578125
v -4206.14013671875 370.77532958984375 -24318.384765625
v -4206.6904296875 365.90878295898438 -24321.203125
v -4206.75390625 365.38851928710938 -24321.46484375
v -4207.89697265625 356.67312622070312 -24325.1484375
v -4209.3779296875 346.12896728515625 -24328.52734375
v -4211.11669921875 333.94674682617188 -24331.56640625
v -4213.02490234375 320.18057250976562 -24334.234375
v -4214.07470703125 312.15011596679688 -24335.49609375
v -4215.115234375 303.58456420898438 -24336.6328125
v -4216.10791015625 294.37762451171875 -24337.626953125
v -4216.97216796875 284.51455688476562 -24338.427734375
v -4219.44091796875 284.51455688476562 -24340.435546875
v -4210.7529296875 502.76406860351562 -24295.720703125
v -4210.45947265625 500.6666259765625 -24296.20703125
v -4209.8974609375 495.64520263671875 -24297.193359375
v -4209.13671875 485.42230224609375 -24298.66796875
v -4208.69140625 475.1947021484375 -24299.623046875
v -4208.51806640625 468.39910888671875 -24300.017578125
v -4208.4267578125 461.340087890625 -24300.23046875
v -4208.42529296875 454.16574096679688 -24300.234375
v -4208.52392578125 447.11239624023438 -24300.00390625
v -4208.77392578125 439.37405395507812 -24299.439453125
v -4209.1689453125 432.54736328125 -24298.599609375
v -4209.9189453125 424.92990112304688 -24297.154296875
v -4210.86865234375 419.10629272460938 -24295.533203125
v -4212.32763671875 413.6689453125 -24293.38671875
v -4213.60888671875 410.76446533203125 -24291.755859375
v -4214.53125 409.422607421875 -24290.69921875
v -4215.5068359375 408.59896850585938 -24289.673828125
v -4216.01318359375 408.40716552734375 -24289.171875
v -4216.53125 408.38275146484375 -24288.681640625
v -4217.05859375 408.54486083984375 -24288.203125
v -4217.59423828125 408.91622924804688 -24287.736328125
v -4218.25732421875 409.6939697265625 -24287.1875
v -4220.015625 413.92562866210938 -24285.859375
v -4221.28759765625 420.04000854492188 -24285.00390625
v -4222.18408203125 427.55526733398438 -24284.451171875
v -4222.759765625 436.21286010742188 -24284.115234375
v -4223.06103515625 448.77969360351562 -24283.9453125
v -4223.044921875 454.00778198242188 -24283.955078125
v -4222.91064453125 460.95004272460938 -24284.029296875
v -4222.6591796875 467.77120971679688 -24284.171875
v -4222.298828125 474.4061279296875 -24284.3828125
v -4221.8369140625 480.79190063476562 -24284.66015625
v -4220.583984375 492.88235473632812 -24285.466796875
v -4211.208984375 502.76406860351562 -24331.708984375
v -4206.3798828125 502.76406860351562 -24319.771484375
v -4206.3876953125 502.76406860351562 -24306.89453125
v -4261.75927734375 430.87255859375 -24288.203125
v -4259.37744140625 443.6387939453125 -24286.2734375
v -4256.64453125 452.211669921875 -24284.45703125
v -4253.8779296875 456.61203002929688 -24282.9765625
v -4252.404296875 457.62594604492188 -24282.318359375
v -4251.65234375 457.83477783203125 -24282.013671875
v -4250.890625 457.84649658203125 -24281.7265625
v -4249.8564453125 457.55413818359375 -24281.37109375
v -4248.818359375 456.91448974609375 -24281.048828125
v -4246.74169921875 454.62078857421875 -24280.515625
v -4242.72607421875 446.27584838867188 -24279.87109375
v -4239.09765625 433.6680908203125 -24279.708984375
v -4235.98046875 417.71798706054688 -24279.8828125
v -4234.37939453125 406.93524169921875 -24280.0859375
v -4232.419921875 390.13018798828125 -24280.44140625
v -4230.869140625 372.18878173828125 -24280.80859375
v -4229.72705078125 353.39273071289062 -24281.130859375
v -4229.02001953125 333.97412109375 -24281.3515625
v -4228.85107421875 324.14285278320312 -24281.40625
v -4228.8251953125 314.26815795898438 -24281.416015625
v -4229.31396484375 294.71875 -24281.2578125
v -4229.990234375 284.51455688476562 -24281.052734375
v -4263.42431640625 286.72445678710938 -24289.787109375
v -4264.267578125 292.0447998046875 -24290.677734375
v -4264.9990234375 298.58078002929688 -24291.5078125
v -4265.5712890625 305.95730590820312 -24292.1953125
v -4266.03662109375 315.04483032226562 -24292.78515625
v -4266.4345703125 330.12384033203125 -24293.310546875
v -4266.51416015625 345.58084106445312 -24293.41796875
v -4266.3740234375 359.0867919921875 -24293.228515625
v -4266.06005859375 372.37115478515625 -24292.814453125
v -4265.39697265625 389.180419921875 -24291.982421875
v -4264.74609375 400.59600830078125 -24291.21484375
v -4263.93310546875 411.4481201171875 -24290.31640625
v -4262.94287109375 421.59860229492188 -24289.306640625
v -4220.47802734375 284.51455688476562 -24285.537109375
v -4212.46484375 284.51455688476562 -24293.201171875
v -4207.37744140625 284.51455688476562 -24303.0546875
v -4217.3017578125 234.75457763671875 -24323.18359375
v -4217.6357421875 234.75457763671875 -24322.162109375
v -4219.37158203125 234.75457763671875 -24318.490234375
v -4224.59326171875 234.75457763671875 -24312.330078125
v -4228.86083984375 234.75457763671875 -24309.53515625
v -4233.74853515625 234.75457763671875 -24308.076171875
v -4237.2265625 234.75457763671875 -24308.306640625
v -4238.86328125 234.75457763671875 -24308.943359375
v -4240.2998046875 234.75457763671875 -24309.953125
v -4241.279296875 234.75457763671875 -24311.0546875
v -4242.01904296875 234.75457763671875 -24312.330078125
v -4242.513671875 234.75457763671875 -24313.703125
v -4242.78955078125 234.75457763671875 -24315.13671875
v -4242.873046875 234.75457763671875 -24316.591796875
v -4242.7890625 234.75457763671875 -24318.044921875
v -4242.51611328125 234.75457763671875 -24319.693359375
v -4242.080078125 234.75457763671875 -24321.3046875
v -4240.05029296875 234.75457763671875 -24325.732421875
v -4237.12890625 234.75457763671875 -24329.630859375
v -4233.96435546875 234.75457763671875 -24332.501953125
v -4230.30224609375 234.75457763671875 -24334.705078125
v -4229.0546875 234.75457763671875 -24335.220703125
v -4230.47607421875 234.75457763671875 -24335.837890625
v -4233.6123046875 234.75457763671875 -24336.84375
v -4236.947265625 234.75457763671875 -24337.421875
v -4240.265625 234.75457763671875 -24337.533203125
v -4243.59423828125 234.75457763671875 -24337.18359375
v -4246.8369140625 234.75457763671875 -24336.37890625
v -4249.9052734375 234.75457763671875 -24335.15234375
v -4252.7353515625 234.75457763671875 -24333.546875
v -4255.25439453125 234.75457763671875 -24331.63671875
v -4257.42578125 234.75457763671875 -24329.501953125
v -4259.240234375 234.75457763671875 -24327.212890625
v -4260.828125 234.75457763671875 -24324.603515625
v -4262.12060546875 234.75457763671875 -24321.69140625
v -4263.04345703125 234.75457763671875 -24318.52734375
v -4263.53369140625 234.75457763671875 -24315.1796875
v -4263.55615234375 234.75457763671875 -24311.853515625
v -4263.11767578125 234.75457763671875 -24308.533203125
v -4262.22900390625 234.75457763671875 -24305.318359375
v -4260.92626953125 234.75457763671875 -24302.29296875
v -4259.2470703125 234.75457763671875 -24299.505859375
v -4257.27587890625 234.75457763671875 -24297.041015625
v -4255.0927734375 234.75457763671875 -24294.931640625
v -4252.7548828125 234.75457763671875 -24293.173828125
v -4250.09423828125 234.75457763671875 -24291.6484375
v -4247.1416015625 234.75457763671875 -24290.4296875
v -4243.95068359375 234.75457763671875 -24289.58984375
v -4240.5966796875 234.75457763671875 -24289.189453125
v -4237.26318359375 234.75457763671875 -24289.255859375
v -4233.95654296875 234.75457763671875 -24289.783203125
v -4230.77099609375 234.75457763671875 -24290.755859375
v -4227.7919921875 234.75457763671875 -24292.1328125
v -4225.1298828125 234.75457763671875 -24293.82421875
v -4222.78173828125 234.75457763671875 -24295.779296875
v -4220.77294921875 234.75457763671875 -24297.92578125
v -4219.08935546875 234.75457763671875 -24300.22265625
v -4217.56787109375 234.75457763671875 -24302.947265625
v -4216.37060546875 234.75457763671875 -24305.96875
v -4215.5703125 234.75457763671875 -24309.2265625
v -4215.22607421875 234.75457763671875 -24312.640625
v -4215.34912109375 234.75457763671875 -24315.890625
v -4215.90869140625 234.75457763671875 -24319.103515625
v -4225.05126953125 552.5240478515625 -24332.826171875
v -4227.56494140625 552.5240478515625 -24334.451171875
v -4230.3828125 552.5240478515625 -24335.80078125
v -4233.46142578125 552.5240478515625 -24336.8046875
v -4236.736328125 552.5240478515625 -24337.400390625
v -4239.9970703125 552.5240478515625 -24337.541015625
v -4243.27490234375 552.5240478515625 -24337.236328125
v -4246.47900390625 552.5240478515625 -24336.4921875
v -4249.52294921875 552.5240478515625 -24335.33203125
v -4252.33203125 552.5240478515625 -24333.806640625
v -4254.84912109375 552.5240478515625 -24331.98046875
v -4258.31103515625 552.5240478515625 -24328.455078125
v -4253.1513671875 552.5240478515625 -24329.279296875
v -4247.4375 552.5240478515625 -24328.19921875
v -4244.828125 552.5240478515625 -24326.884765625
v -4242.52685546875 552.5240478515625 -24325.0859375
v -4240.8466796875 552.5240478515625 -24323.13671875
v -4239.1806640625 552.5240478515625 -24319.927734375
v -4238.8359375 552.5240478515625 -24318.76953125
v -4238.568359375 552.5240478515625 -24317.30859375
v -4238.47900390625 552.5240478515625 -24315.826171875
v -4238.568359375 552.5240478515625 -24314.34375
v -4238.8359375 552.5240478515625 -24312.8828125
v -4239.1806640625 552.5240478515625 -24311.7265625
v -4240.55078125 552.5240478515625 -24308.951171875
v -4242.52685546875 552.5240478515625 -24306.568359375
v -4244.9111328125 552.5240478515625 -24304.716796875
v -4247.62060546875 552.5240478515625 -24303.384765625
v -4253.1513671875 552.5240478515625 -24302.375
v -4258.68212890625 552.5240478515625 -24303.328125
v -4262.1591796875 552.5240478515625 -24305.12109375
v -4261.3876953125 552.5240478515625 -24303.240234375
v -4259.8623046875 552.5240478515625 -24300.431640625
v -4258.03564453125 552.5240478515625 -24297.9140625
v -4255.97900390625 552.5240478515625 -24295.724609375
v -4253.76708984375 552.5240478515625 -24293.880859375
v -4251.25341796875 552.5240478515625 -24292.2578125
v -4248.43603515625 552.5240478515625 -24290.908203125
v -4245.35693359375 552.5240478515625 -24289.90234375
v -4242.08251953125 552.5240478515625 -24289.30859375
v -4238.8212890625 552.5240478515625 -24289.16796875
v -4235.54345703125 552.5240478515625 -24289.470703125
v -4232.33935546875 552.5240478515625 -24290.216796875
v -4229.2958984375 552.5240478515625 -24291.375
v -4226.48681640625 552.5240478515625 -24292.900390625
v -4223.96923828125 552.5240478515625 -24294.728515625
v -4221.78076171875 552.5240478515625 -24296.78515625
v -4219.9365234375 552.5240478515625 -24298.99609375
v -4218.31298828125 552.5240478515625 -24301.509765625
v -4216.96240234375 552.5240478515625 -24304.328125
v -4215.9580078125 552.5240478515625 -24307.40625
v -4215.36376953125 552.5240478515625 -24310.681640625
v -4215.3193359375 552.5240478515625 -24315.58984375
v -4219.2666015625 552.5240478515625 -24315.220703125
v -4223.5693359375 552.5240478515625 -24315.55078125
v -4227.70654296875 552.5240478515625 -24316.77734375
v -4229.14404296875 552.5240478515625 -24317.580078125
v -4230.38232421875 552.5240478515625 -24318.6640625
v -4230.9931640625 552.5240478515625 -24319.6171875
v -4231.17333984375 552.5240478515625 -24320.15625
v -4231.22314453125 552.5240478515625 -24320.4375
v -4231.2373046875 552.5240478515625 -24320.578125
v -4231.2412109375 552.5240478515625 -24320.6484375
v -4231.24267578125 552.5240478515625 -24320.685546875
v -4231.24365234375 552.5240478515625 -24320.720703125
v -4231.24365234375 552.5240478515625 -24320.740234375
v -4231.244140625 552.5240478515625 -24320.76171875
v -4231.24365234375 552.5240478515625 -24320.8203125
v -4231.24169921875 552.5240478515625 -24320.880859375
v -4231.2177734375 552.5240478515625 -24321.1484375
v -4231.16748046875 552.5240478515625 -24321.412109375
v -4230.99658203125 552.5240478515625 -24321.921875
v -4230.4345703125 552.5240478515625 -24322.830078125
v -4229.2236328125 552.5240478515625 -24323.943359375
v -4227.80712890625 552.5240478515625 -24324.78125
v -4223.70166015625 552.5240478515625 -24326.107421875
v -4219.4091796875 552.5240478515625 -24326.541015625
v -4219.1259765625 552.5240478515625 -24326.54296875
v -4220.78271484375 552.5240478515625 -24328.794921875
v -4222.83935546875 552.5240478515625 -24330.982421875
v -4216.97216796875 284.51455688476562 -24338.427734375
v -4219.44091796875 284.51455688476562 -24340.435546875
v -4221.17041015625 248.58131408691406 -24338.08984375
v -4219.5400390625 275.22036743164062 -24340.302734375
v -4219.8564453125 265.72216796875 -24339.873046875
v -4220.4052734375 256.62448120117188 -24339.12890625
v -4221.02294921875 249.32894897460938 -24338.162109375
v -4220.34716796875 253.17448425292969 -24338.478515625
v -4220.21630859375 254.00466918945312 -24338.53515625
v -4219.72216796875 257.38922119140625 -24338.732421875
v -4219.25634765625 260.95315551757812 -24338.876953125
v -4218.81640625 264.65838623046875 -24338.962890625
v -4218.4013671875 268.4676513671875 -24338.98828125
v -4217.63525390625 276.40206909179688 -24338.83984375
v -4216.982421875 284.37307739257812 -24338.4375
v -4219.44091796875 502.76406860351562 -24340.435546875
v -4219.56494140625 513.15655517578125 -24340.267578125
v -4219.9560546875 523.59173583984375 -24339.736328125
v -4220.69140625 534.076416015625 -24338.740234375
v -4221.9609375 544.29443359375 -24337.017578125
v -4225.05126953125 552.5240478515625 -24332.826171875
v -4235.71484375 513.15655517578125 -24346.587890625
v -4235.78759765625 523.59173583984375 -24345.93359375
v -4235.92431640625 534.076416015625 -24344.701171875
v -4236.16064453125 544.29443359375 -24342.57421875
v -4236.736328125 552.5240478515625 -24337.400390625
v -4253.3876953125 513.15655517578125 -24343.73046875
v -4253.11181640625 523.59173583984375 -24343.1328125
v -4252.59423828125 534.076416015625 -24342.0078125
v -4251.69970703125 544.29443359375 -24340.0625
v -4249.52294921875 552.5240478515625 -24335.33203125
v -4266.32275390625 513.15655517578125 -24333.19921875
v -4265.7919921875 523.59173583984375 -24332.806640625
v -4264.79541015625 534.076416015625 -24332.072265625
v -4263.0732421875 544.29443359375 -24330.802734375
v -4272.64306640625 513.15655517578125 -24317.048828125
v -4271.98779296875 523.59173583984375 -24316.9765625
v -4270.7568359375 534.076416015625 -24316.83984375
v -4269.7861328125 513.15655517578125 -24299.375
v -4269.18701171875 523.59173583984375 -24299.65234375
v -4268.06201171875 534.076416015625 -24300.169921875
v -4266.1181640625 544.29443359375 -24301.064453125
v -4261.3876953125 552.5240478515625 -24303.240234375
v -4259.25341796875 513.15655517578125 -24286.44140625
v -4258.8623046875 523.59173583984375 -24286.970703125
v -4258.12744140625 534.076416015625 -24287.96875
v -4256.857421875 544.29443359375 -24289.689453125
v -4253.76708984375 552.5240478515625 -24293.880859375
v -4243.10400390625 513.15655517578125 -24280.12109375
v -4243.03076171875 523.59173583984375 -24280.775390625
v -4242.89404296875 534.076416015625 -24282.005859375
v -4242.65771484375 544.29443359375 -24284.1328125
v -4242.08251953125 552.5240478515625 -24289.30859375
v -4225.43115234375 513.15655517578125 -24282.9765625
v -4225.70654296875 523.59173583984375 -24283.576171875
v -4226.22412109375 534.076416015625 -24284.701171875
v -4227.11865234375 544.29443359375 -24286.64453125
v -4229.2958984375 552.5240478515625 -24291.375
v -4213.0263671875 523.59173583984375 -24293.900390625
v -4214.02294921875 534.076416015625 -24294.63671875
v -4215.74560546875 544.29443359375 -24295.90625
v -4219.9365234375 552.5240478515625 -24298.99609375
v -4206.17529296875 513.15655517578125 -24309.66015625
v -4206.83056640625 523.59173583984375 -24309.732421875
v -4208.0615234375 534.076416015625 -24309.869140625
v -4210.1884765625 544.29443359375 -24310.10546875
v -4215.36376953125 552.5240478515625 -24310.681640625
v -4209.0322265625 513.15655517578125 -24327.33203125
v -4209.63134765625 523.59173583984375 -24327.056640625
v -4210.75634765625 534.076416015625 -24326.5390625
v -4219.44091796875 502.76406860351562 -24340.435546875
v -4219.56494140625 513.15655517578125 -24340.267578125
v -4219.9560546875 523.59173583984375 -24339.736328125
v -4220.69140625 534.076416015625 -24338.740234375
v -4221.9609375 544.29443359375 -24337.017578125
v -4225.05126953125 552.5240478515625 -24332.826171875
v -4236.44677734375 550.57501220703125 -24340.00390625
v -4230.3828125 552.5240478515625 -24335.80078125
v -4223.49658203125 550.57501220703125 -24334.935546875
v -4228.43994140625 544.29443359375 -24340.6328125
v -4229.4052734375 550.57501220703125 -24338.232421875
v -4250.6181640625 550.57501220703125 -24337.712890625
v -4243.27490234375 552.5240478515625 -24337.236328125
v -4244.10693359375 544.29443359375 -24342.376953125
v -4243.693359375 550.57501220703125 -24339.822265625
v -4260.99072265625 550.57501220703125 -24329.267578125
v -4254.84912109375 552.5240478515625 -24331.98046875
v -4258.17236328125 544.29443359375 -24335.990234375
v -4256.52099609375 550.57501220703125 -24333.998046875
v -4263.767578125 550.57501220703125 -24302.14453125
v -4255.32177734375 550.57501220703125 -24291.7734375
v -4258.03564453125 552.5240478515625 -24297.9140625
v -4262.04443359375 544.29443359375 -24294.591796875
v -4260.052734375 550.57501220703125 -24296.2421875
v -4242.37158203125 550.57501220703125 -24286.705078125
v -4248.43603515625 552.5240478515625 -24290.908203125
v -4250.37841796875 544.29443359375 -24286.076171875
v -4249.4130859375 550.57501220703125 -24288.4765625
v -4228.20068359375 550.57501220703125 -24288.99609375
v -4235.54345703125 552.5240478515625 -24289.470703125
v -4234.71142578125 544.29443359375 -24284.330078125
v -4235.125 550.57501220703125 -24286.884765625
v -4217.828125 550.57501220703125 -24297.44140625
v -4223.96923828125 552.5240478515625 -24294.728515625
v -4220.64599609375 544.29443359375 -24290.71875
v -4222.29736328125 550.57501220703125 -24292.7109375
v -4212.759765625 550.57501220703125 -24310.392578125
v -4216.96240234375 552.5240478515625 -24304.328125
v -4212.13134765625 544.29443359375 -24302.384765625
v -4214.53173828125 550.57501220703125 -24303.349609375
v -4223.49658203125 550.57501220703125 -24334.935546875
v -4220.78271484375 552.5240478515625 -24328.794921875
v -4216.77392578125 544.29443359375 -24332.1171875
v -4218.76611328125 550.57501220703125 -24330.466796875
v -4236.59326171875 552.05712890625 -24338.68359375
v -4233.46142578125 552.5240478515625 -24336.8046875
v -4229.900390625 552.05712890625 -24337
v -4232.8173828125 550.57501220703125 -24339.345703125
v -4233.1435546875 552.05712890625 -24338.05859375
v -4227.56494140625 552.5240478515625 -24334.451171875
v -4224.28466796875 552.05712890625 -24333.8671875
v -4226.2822265625 550.57501220703125 -24336.734375
v -4226.9326171875 552.05712890625 -24335.576171875
v -4250.06298828125 552.05712890625 -24336.505859375
v -4246.47900390625 552.5240478515625 -24336.4921875
v -4243.4814453125 552.05712890625 -24338.51171875
v -4247.24462890625 550.57501220703125 -24338.998046875
v -4246.8564453125 552.05712890625 -24337.7265625
v -4239.9970703125 552.5240478515625 -24337.541015625
v -4240.060546875 550.57501220703125 -24340.16015625
v -4240.0283203125 552.05712890625 -24338.83203125
v -4259.921875 552.05712890625 -24328.478515625
v -4255.673828125 552.05712890625 -24332.974609375
v -4258.94677734375 550.57501220703125 -24331.71875
v -4257.9794921875 552.05712890625 -24330.80859375
v -4252.33203125 552.5240478515625 -24333.806640625
v -4253.7314453125 550.57501220703125 -24336.021484375
v -4253.02197265625 552.05712890625 -24334.900390625
v -4262.56103515625 552.05712890625 -24302.701171875
v -4265.05224609375 550.57501220703125 -24305.51953125
v -4254.53369140625 552.05712890625 -24292.841796875
v -4255.97900390625 552.5240478515625 -24295.724609375
v -4259.0302734375 552.05712890625 -24297.08984375
v -4257.7734375 550.57501220703125 -24293.81640625
v -4256.86376953125 552.05712890625 -24294.783203125
v -4259.8623046875 552.5240478515625 -24300.431640625
v -4262.0771484375 550.57501220703125 -24299.03125
v -4260.95458984375 552.05712890625 -24299.7421875
v -4242.22509765625 552.05712890625 -24288.025390625
v -4245.35693359375 552.5240478515625 -24289.90234375
v -4248.91796875 552.05712890625 -24289.708984375
v -4246.0009765625 550.57501220703125 -24287.36328125
v -4245.6748046875 552.05712890625 -24288.650390625
v -4251.25341796875 552.5240478515625 -24292.2578125
v -4252.5361328125 550.57501220703125 -24289.974609375
v -4251.88623046875 552.05712890625 -24291.130859375
v -4228.75537109375 552.05712890625 -24290.203125
v -4232.33935546875 552.5240478515625 -24290.216796875
v -4235.3369140625 552.05712890625 -24288.1953125
v -4231.57373046875 550.57501220703125 -24287.7109375
v -4231.9619140625 552.05712890625 -24288.98046875
v -4238.8212890625 552.5240478515625 -24289.16796875
v -4238.7578125 550.57501220703125 -24286.548828125
v -4238.7900390625 552.05712890625 -24287.876953125
v -4218.896484375 552.05712890625 -24298.23046875
v -4221.78076171875 552.5240478515625 -24296.78515625
v -4223.14501953125 552.05712890625 -24293.732421875
v -4219.87158203125 550.57501220703125 -24294.990234375
v -4220.83935546875 552.05712890625 -24295.900390625
v -4226.48681640625 552.5240478515625 -24292.900390625
v -4225.08740234375 550.57501220703125 -24290.685546875
v -4225.79638671875 552.05712890625 -24291.80859375
v -4214.07958984375 552.05712890625 -24310.5390625
v -4215.9580078125 552.5240478515625 -24307.40625
v -4215.763671875 552.05712890625 -24303.845703125
v -4213.41845703125 550.57501220703125 -24306.76171875
v -4214.70556640625 552.05712890625 -24307.087890625
v -4218.31298828125 552.5240478515625 -24301.509765625
v -4216.02880859375 550.57501220703125 -24300.2265625
v -4217.1865234375 552.05712890625 -24300.876953125
v -4212.603515625 550.57501220703125 -24314.005859375
v -4213.93115234375 552.05712890625 -24313.97265625
v -4224.28466796875 552.05712890625 -24333.8671875
v -4222.83935546875 552.5240478515625 -24330.982421875
v -4219.7880859375 552.05712890625 -24329.619140625
v -4221.044921875 550.57501220703125 -24332.892578125
v -4221.95458984375 552.05712890625 -24331.923828125
v -4216.7412109375 550.57501220703125 -24327.67578125
v -4217.86376953125 552.05712890625 -24326.966796875
v -4227.431640625 502.76406860351562 -24344.796875
v -4236.66162109375 502.76406860351562 -24346.888671875
v -4246.10888671875 502.76406860351562 -24346.328125
v -4254.703125 502.76406860351562 -24343.32421875
v -4262.177734375 502.76406860351562 -24338.126953125
v -4268.17578125 502.76406860351562 -24330.806640625
v -4271.89794921875 502.76406860351562 -24322.107421875
v -4273.05517578125 502.76406860351562 -24313.076171875
v -4271.74951171875 502.76406860351562 -24304.06640625
v -4267.8837890625 502.76406860351562 -24295.4296875
v -4261.765625 502.76406860351562 -24288.208984375
v -4254.20654296875 502.76406860351562 -24283.134765625
v -4245.56396484375 502.76406860351562 -24280.275390625
v -4236.10888671875 502.76406860351562 -24279.869140625
v -4226.9150390625 502.76406860351562 -24282.11328125
v -4218.9970703125 502.76406860351562 -24286.60546875
v -4258.31103515625 552.5240478515625 -24328.455078125
v -4262.1591796875 552.5240478515625 -24305.12109375
v -4263.77734375 552.15380859375 -24306.38671875
v -4265.14404296875 551.22735595703125 -24307.751953125
v -4266.30419921875 549.93988037109375 -24309.287109375
v -4267.1337890625 548.67236328125 -24310.814453125
v -4267.75439453125 547.43963623046875 -24312.54296875
v -4267.986328125 546.84918212890625 -24313.5703125
v -4268.068359375 546.595703125 -24314.09375
v -4268.1279296875 546.37310791015625 -24314.619140625
v -4268.15283203125 546.25555419921875 -24314.93359375
v -4268.16943359375 546.1500244140625 -24315.25
v -4268.18017578125 545.98895263671875 -24315.826171875
v -4268.17431640625 545.917236328125 -24316.150390625
v -4268.16064453125 545.85870361328125 -24316.47265625
v -4268.10888671875 545.7818603515625 -24317.115234375
v -4267.91015625 545.78961181640625 -24318.392578125
v -4267.140625 546.42938232421875 -24320.8515625
v -4266.2763671875 547.35760498046875 -24322.5234375
v -4265.1416015625 548.58990478515625 -24324.078125
v -4263.7841796875 549.9283447265625 -24325.44140625
v -4261.6884765625 551.50994873046875 -24326.935546875
v -4259.365234375 552.42352294921875 -24328.068359375
v -4258.68212890625 552.51153564453125 -24328.326171875
v -4215.3193359375 552.5240478515625 -24315.58984375
v -4219.1259765625 552.5240478515625 -24326.54296875
v -4218.55517578125 552.4617919921875 -24326.529296875
v -4217.986328125 552.28009033203125 -24326.490234375
v -4216.86181640625 551.5887451171875 -24326.3359375
v -4214.708984375 549.108642578125 -24325.75
v -4212.7451171875 545.5384521484375 -24324.818359375
v -4211.02197265625 541.33233642578125 -24323.5625
v -4210.97216796875 541.19500732421875 -24323.517578125
v -4209.8681640625 537.94970703125 -24322.341796875
v -4209.1376953125 535.65228271484375 -24321.265625
v -4208.83447265625 534.727783203125 -24320.673828125
v -4208.58544921875 534.06976318359375 -24320.044921875
v -4208.51171875 533.92291259765625 -24319.80859375
v -4208.44921875 533.83868408203125 -24319.56640625
v -4208.39892578125 533.828125 -24319.3203125
v -4208.3642578125 533.9024658203125 -24319.072265625
v -4208.34912109375 534.02020263671875 -24318.888671875
v -4208.34423828125 534.1947021484375 -24318.705078125
v -4208.369140625 534.72625732421875 -24318.34765625
v -4208.4365234375 535.430908203125 -24318.037109375
v -4208.79443359375 537.94970703125 -24317.380859375
v -4209.3349609375 540.80609130859375 -24316.939453125
v -4210.0615234375 543.8447265625 -24316.611328125
v -4210.8720703125 546.51519775390625 -24316.37890625
v -4211.91796875 549.11065673828125 -24316.1640625
v -4213.02197265625 550.99761962890625 -24315.974609375
v -4214.16259765625 552.14129638671875 -24315.7890625
v -4214.73974609375 552.4283447265625 -24315.69140625
v -4218.97900390625 502.85296630859375 -24286.619140625
v -4218.708984375 504.12744140625 -24286.83203125
v -4217.8828125 507.401123046875 -24287.546875
v -4217.0390625 509.8851318359375 -24288.3515625
v -4216.1865234375 511.59832763671875 -24289.212890625
v -4215.33203125 512.55877685546875 -24290.115234375
v -4214.9521484375 512.7471923828125 -24290.52734375
v -4214.57373046875 512.7877197265625 -24290.94140625
v -4214.1982421875 512.6805419921875 -24291.357421875
v -4213.8271484375 512.42596435546875 -24291.775390625
v -4213.10107421875 511.47506713867188 -24292.61328125
v -4212.4072265625 509.9420166015625 -24293.4453125
v -4212.3876953125 509.8887939453125 -24293.46875
v -4211.92431640625 508.44921875 -24294.052734375
v -4210.7529296875 502.76406860351562 -24295.720703125
v -4206.3876953125 502.76406860351562 -24306.89453125
v -4206.3798828125 502.76406860351562 -24319.771484375
v -4211.208984375 502.76406860351562 -24331.708984375
v -4238.146484375 545.7965087890625 -24315.826171875
v -4238.146484375 545.7965087890625 -24315.826171875
v -4263.498046875 547.2034912109375 -24305.87890625
v -4258.51611328125 546.92694091796875 -24303.0234375
v -4253.16943359375 546.6302490234375 -24302.126953125
v -4247.6396484375 546.3233642578125 -24303.087890625
v -4242.54638671875 546.04071044921875 -24306.138671875
v -4238.146484375 545.7965087890625 -24315.826171875
v -4263.546875 531.21795654296875 -24308.79296875
v -4258.57861328125 526.35455322265625 -24306.7734375
v -4253.236328125 524.616455078125 -24306.138671875
v -4247.7021484375 525.85516357421875 -24306.8203125
v -4242.59423828125 530.474609375 -24308.9765625
v -4238.146484375 545.7965087890625 -24315.826171875
v -4263.56201171875 526.183837890625 -24312.1640625
v -4258.5986328125 519.87591552734375 -24311.11328125
v -4253.2578125 517.683837890625 -24310.783203125
v -4247.7216796875 519.40936279296875 -24311.138671875
v -4242.60888671875 525.572509765625 -24312.26171875
v -4238.146484375 545.7965087890625 -24315.826171875
v -4263.56689453125 524.5965576171875 -24315.826171875
v -4258.60498046875 517.83319091796875 -24315.826171875
v -4253.26416015625 515.49798583984375 -24315.826171875
v -4247.72802734375 517.376953125 -24315.826171875
v -4242.61376953125 524.02685546875 -24315.826171875
v -4238.146484375 545.7965087890625 -24315.826171875
v -4263.56201171875 526.183837890625 -24319.48828125
v -4258.5986328125 519.87591552734375 -24320.5390625
v -4253.2578125 517.683837890625 -24320.869140625
v -4247.7216796875 519.40936279296875 -24320.515625
v -4242.60888671875 525.572509765625 -24319.392578125
v -4238.146484375 545.7965087890625 -24315.826171875
v -4263.546875 531.21795654296875 -24322.861328125
v -4258.57861328125 526.35455322265625 -24324.880859375
v -4253.236328125 524.616455078125 -24325.515625
v -4247.7021484375 525.85516357421875 -24324.833984375
v -4242.59423828125 530.474609375 -24322.677734375
v -4258.51611328125 546.92694091796875 -24328.630859375
v -4253.16943359375 546.6302490234375 -24329.52734375
v -4247.6396484375 546.3233642578125 -24328.56640625
v -4242.54638671875 546.04071044921875 -24325.515625
v -4238.146484375 545.7965087890625 -24315.826171875
v -4238.146484375 545.7965087890625 -24315.826171875
v -4238.146484375 545.7965087890625 -24315.826171875
v -4266.90869140625 547.39276123046875 -24310.28515625
v -4239.201171875 545.85504150390625 -24310.783203125
v -4238.146484375 545.7965087890625 -24315.826171875
v -4239.1884765625 550.0732421875 -24311.138671875
v -4266.935546875 538.48858642578125 -24311.908203125
v -4263.5234375 538.8819580078125 -24306.576171875
v -4266.9228515625 542.757568359375 -24310.673828125
v -4239.22607421875 537.75189208984375 -24312.26171875
v -4238.146484375 545.7965087890625 -24315.826171875
v -4242.5712890625 537.9375 -24306.8203125
v -4239.2138671875 541.6368408203125 -24311.138671875
v -4263.5234375 538.8819580078125 -24325.078125
v -4266.935546875 538.48858642578125 -24319.74609375
v -4266.9228515625 542.757568359375 -24320.98046875
v -4239.201171875 545.85504150390625 -24320.869140625
v -4238.146484375 545.7965087890625 -24315.826171875
v -4239.22607421875 537.75189208984375 -24319.392578125
v -4242.5712890625 537.9375 -24324.833984375
v -4239.2138671875 541.6368408203125 -24320.515625
v -4238.146484375 545.7965087890625 -24315.826171875
v -4239.1884765625 550.0732421875 -24320.515625
v -4258.31103515625 552.5240478515625 -24328.455078125
v -4253.1513671875 552.5240478515625 -24329.279296875
v -4247.4375 552.5240478515625 -24328.19921875
v -4244.828125 552.5240478515625 -24326.884765625
v -4242.52685546875 552.5240478515625 -24325.0859375
v -4240.8466796875 552.5240478515625 -24323.13671875
v -4239.1806640625 552.5240478515625 -24319.927734375
v -4238.8359375 552.5240478515625 -24318.76953125
v -4238.568359375 552.5240478515625 -24317.30859375
v -4238.47900390625 552.5240478515625 -24315.826171875
v -4238.47900390625 552.5240478515625 -24315.826171875
v -4238.568359375 552.5240478515625 -24314.34375
v -4238.8359375 552.5240478515625 -24312.8828125
v -4239.1806640625 552.5240478515625 -24311.7265625
v -4240.55078125 552.5240478515625 -24308.951171875
v -4242.52685546875 552.5240478515625 -24306.568359375
v -4244.9111328125 552.5240478515625 -24304.716796875
v -4247.62060546875 552.5240478515625 -24303.384765625
v -4253.1513671875 552.5240478515625 -24302.375
v -4258.68212890625 552.5240478515625 -24303.328125
v -4262.1591796875 552.5240478515625 -24305.12109375
v -4263.77734375 552.15380859375 -24306.38671875
v -4265.14404296875 551.22735595703125 -24307.751953125
v -4266.30419921875 549.93988037109375 -24309.287109375
v -4267.1337890625 548.67236328125 -24310.814453125
v -4267.75439453125 547.43963623046875 -24312.54296875
v -4267.986328125 546.84918212890625 -24313.5703125
v -4268.068359375 546.595703125 -24314.09375
v -4268.1279296875 546.37310791015625 -24314.619140625
v -4268.15283203125 546.25555419921875 -24314.93359375
v -4268.16943359375 546.1500244140625 -24315.25
v -4268.18017578125 545.98895263671875 -24315.826171875
v -4268.17431640625 545.917236328125 -24316.150390625
v -4268.16064453125 545.85870361328125 -24316.47265625
v -4268.10888671875 545.7818603515625 -24317.115234375
v -4267.91015625 545.78961181640625 -24318.392578125
v -4267.140625 546.42938232421875 -24320.8515625
v -4266.2763671875 547.35760498046875 -24322.5234375
v -4265.1416015625 548.58990478515625 -24324.078125
v -4263.7841796875 549.9283447265625 -24325.44140625
v -4261.6884765625 551.50994873046875 -24326.935546875
v -4259.365234375 552.42352294921875 -24328.068359375
v -4258.68212890625 552.51153564453125 -24328.326171875
v -4259.671875 467.73590087890625 -24338.4921875
v -4256.8583984375 474.36831665039062 -24339.18359375
v -4252.1279296875 479.97705078125 -24340.93359375
v -4246.43896484375 477.93112182617188 -24343.97265625
v -4243.69287109375 472.31973266601562 -24345.9296875
v -4261.162109375 447.91671752929688 -24337.728515625
v -4259.20703125 452.226806640625 -24337.931640625
v -4256.33447265625 456.89642333984375 -24338.55078125
v -4251.56396484375 461.16732788085938 -24340.25390625
v -4245.92041015625 460.6248779296875 -24343.345703125
v -4243.2451171875 457.37631225585938 -24345.390625
v -4260.94775390625 433.83999633789062 -24337.681640625
v -4258.9619140625 436.1134033203125 -24337.87890625
v -4256.05859375 438.74374389648438 -24338.4921875
v -4251.2666015625 441.62469482421875 -24340.189453125
v -4245.64697265625 442.64431762695312 -24343.287109375
v -4243.0087890625 441.85064697265625 -24345.33984375
v -4260.87890625 420.1622314453125 -24337.94921875
v -4258.88330078125 420.4566650390625 -24338.18359375
v -4255.9697265625 421.10552978515625 -24338.8359375
v -4251.17138671875 422.63592529296875 -24340.560546875
v -4245.55908203125 425.17333984375 -24343.62890625
v -4242.93310546875 426.7650146484375 -24345.6328125
v -4260.9365234375 406.62899780273438 -24338.4921875
v -4258.94921875 404.96536254882812 -24338.806640625
v -4256.0439453125 403.65374755859375 -24339.537109375
v -4251.2509765625 403.84780883789062 -24341.314453125
v -4245.6328125 407.88702392578125 -24344.322265625
v -4242.99609375 411.83877563476562 -24346.232421875
v -4259.185546875 389.38070678710938 -24339.8125
v -4256.310546875 386.09674072265625 -24340.669921875
v -4251.5380859375 384.94647216796875 -24342.53515625
v -4245.896484375 390.49649047851562 -24345.4453125
v -4260.29833984375 478.35061645507812 -24339.564453125
v -4258.28515625 471.35418701171875 -24338.794921875
v -4257.56396484375 486.32638549804688 -24340.390625
v -4258.95556640625 482.71563720703125 -24339.943359375
v -4254.45166015625 478.02349853515625 -24339.98828125
v -4252.8876953125 492.85076904296875 -24342.232421875
v -4255.1962890625 490.64166259765625 -24341.26171875
v -4249.28369140625 480.2625732421875 -24342.3125
v -4247.13818359375 489.77578735351562 -24345.16796875
v -4250.03173828125 492.9388427734375 -24343.59375
v -4245.013671875 475.5296630859375 -24344.93359375
v -4245.67041015625 486.6588134765625 -24346.05859375
v -4248.728515625 461.74130249023438 -24341.64453125
v -4246.1552734375 469.86483764648438 -24343.5859375
v -4251.8193359375 471.21002197265625 -24340.513671875
v -4248.97998046875 471.6300048828125 -24341.900390625
v -4248.435546875 442.4984130859375 -24341.58203125
v -4245.759765625 451.76675415039062 -24343.259765625
v -4251.38916015625 451.5396728515625 -24340.158203125
v -4248.556640625 452.26132202148438 -24341.55078125
v -4253.873046875 384.87936401367188 -24341.55859375
v -4251.36767578125 394.17575073242188 -24341.87109375
v -4253.59228515625 403.40548706054688 -24340.361328125
v -4256.15234375 394.66958618164062 -24340.0546875
v -4253.7060546875 393.9254150390625 -24340.908203125
v -4251.818359375 374.71591186523438 -24343.474609375
v -4256.5712890625 376.59381103515625 -24341.54296875
v -4254.1484375 374.85186767578125 -24342.478515625
v -4248.70263671875 386.68939208984375 -24343.890625
v -4248.97900390625 376.61572265625 -24344.81640625
v -4258.26416015625 484.617431640625 -24340.158203125
v -4257.9326171875 489.39730834960938 -24341.1171875
v -4258.6240234375 487.61663818359375 -24340.869140625
v -4259.634765625 480.62481689453125 -24339.744140625
v -4254.02783203125 491.99765014648438 -24341.73828125
v -4253.2841796875 496.15682983398438 -24343.015625
v -4255.5849609375 493.88211059570312 -24342.029296875
v -4254.42236328125 495.28317260742188 -24342.517578125
v -4256.37939453125 488.75640869140625 -24340.810546875
v -4256.759765625 491.9256591796875 -24341.560546875
v -4248.576171875 491.79440307617188 -24344.357421875
v -4247.50341796875 492.81759643554688 -24345.888671875
v -4250.42236328125 496.1942138671875 -24344.365234375
v -4248.95654296875 494.96463012695312 -24345.109375
v -4251.47509765625 493.26568603515625 -24342.8828125
v -4251.87109375 496.565185546875 -24343.666015625
v -4250.716796875 480.41751098632812 -24341.5859375
v -4249.6455078125 487.6165771484375 -24342.89453125
v -4252.49560546875 487.44558715820312 -24341.5234375
v -4251.083984375 487.87124633789062 -24342.17578125
v -4246.39501953125 488.34359741210938 -24345.609375
v -4244.43896484375 482.24191284179688 -24346.623046875
v -4246.35107421875 489.95977783203125 -24346.27734375
v -4248.5869140625 495.06625366210938 -24345.724609375
v -4249.7509765625 496.60623168945312 -24345.373046875
v -4250.92236328125 497.5341796875 -24344.970703125
v -4251.50244140625 497.781494140625 -24344.75390625
v -4252.08056640625 497.89291381835938 -24344.5234375
v -4252.65478515625 497.87109375 -24344.28515625
v -4253.22265625 497.71865844726562 -24344.03515625
v -4254.43994140625 496.93771362304688 -24343.45703125
v -4255.61669921875 495.53543090820312 -24342.83984375
v -4258.0078125 490.13803100585938 -24341.39453125
v -4259.732421875 482.8739013671875 -24340.169921875
v -4261.0810546875 473.17446899414062 -24339.091796875
v -4261.88818359375 463.44155883789062 -24338.390625
v -4262.38134765625 453.20358276367188 -24337.939453125
v -4262.58935546875 444.83877563476562 -24337.744140625
v -4262.65283203125 436.35272216796875 -24337.681640625
v -4262.58203125 427.87313842773438 -24337.75
v -4262.38232421875 419.50119018554688 -24337.9375
v -4261.9267578125 408.80361938476562 -24338.35546875
v -4261.248046875 398.68191528320312 -24338.951171875
v -4260.044921875 387.0322265625 -24339.9296875
v -4258.4443359375 377.3555908203125 -24341.099609375
v -4256.73095703125 371.07586669921875 -24342.19921875
v -4255.564453125 368.45004272460938 -24342.869140625
v -4254.32275390625 366.81619262695312 -24343.515625
v -4253.67919921875 366.3875732421875 -24343.826171875
v -4253.02734375 366.2242431640625 -24344.123046875
v -4252.369140625 366.32659912109375 -24344.40625
v -4251.7060546875 366.695068359375 -24344.673828125
v -4250.41748046875 368.1689453125 -24345.150390625
v -4249.158203125 370.60235595703125 -24345.55859375
v -4246.82470703125 378.0438232421875 -24346.173828125
v -4244.43896484375 391.027587890625 -24346.623046875
v -4243.55419921875 398.09243774414062 -24346.74609375
v -4242.818359375 405.62982177734375 -24346.828125
v -4242.23291015625 413.52993774414062 -24346.8828125
v -4241.80126953125 421.7015380859375 -24346.916015625
v -4241.60302734375 427.14837646484375 -24346.9296875
v -4241.4287109375 436.16937255859375 -24346.94140625
v -4241.44970703125 445.23648071289062 -24346.939453125
v -4241.68212890625 454.22775268554688 -24346.923828125
v -4242.14599609375 462.96600341796875 -24346.890625
v -4242.392578125 466.24868774414062 -24346.869140625
v -4243.19287109375 474.136474609375 -24346.787109375
v -4244.23876953125 481.15817260742188 -24346.65234375
v -4261.56787109375 461.46554565429688 -24338.216796875
v -4230.9541015625 543.0970458984375 -24319.3046875
v -4230.03564453125 533.23541259765625 -24317.83203125
v -4228.2900390625 523.307373046875 -24316.359375
v -4225.07275390625 513.47576904296875 -24314.921875
v -4218.5810546875 507.80471801757812 -24314.154296875
v -4212.50390625 515.61578369140625 -24315.412109375
v -4209.85986328125 525.09185791015625 -24316.875
v -4230.95703125 542.64898681640625 -24319.4765625
v -4230.0419921875 532.3392333984375 -24318.173828125
v -4228.29931640625 521.96124267578125 -24316.873046875
v -4225.0849609375 511.68649291992188 -24315.60546875
v -4218.5947265625 505.76705932617188 -24314.93359375
v -4212.51513671875 513.94378662109375 -24316.052734375
v -4209.8681640625 523.8560791015625 -24317.34765625
v -4230.95849609375 542.55078125 -24319.583984375
v -4230.044921875 532.14276123046875 -24318.388671875
v -4228.3037109375 521.6661376953125 -24317.197265625
v -4225.09130859375 511.29428100585938 -24316.03515625
v -4218.6015625 505.32040405273438 -24315.423828125
v -4212.52099609375 513.5772705078125 -24316.453125
v -4209.87255859375 523.58514404296875 -24317.64453125
v -4230.958984375 542.53729248046875 -24319.642578125
v -4230.04638671875 532.11572265625 -24318.5078125
v -4228.30615234375 521.6256103515625 -24317.375
v -4225.09423828125 511.24032592773438 -24316.271484375
v -4218.60546875 505.25897216796875 -24315.69140625
v -4212.52392578125 513.52691650390625 -24316.673828125
v -4209.87451171875 523.54791259765625 -24317.80859375
v -4230.9599609375 542.548828125 -24319.705078125
v -4230.0478515625 532.1387939453125 -24318.6328125
v -4228.30810546875 521.66021728515625 -24317.5625
v -4225.09716796875 511.28634643554688 -24316.521484375
v -4218.60888671875 505.31137084960938 -24315.9765625
v -4212.52685546875 513.56988525390625 -24316.908203125
v -4209.876953125 523.5797119140625 -24317.98046875
v -4230.962890625 542.85821533203125 -24319.986328125
v -4230.0537109375 532.75762939453125 -24319.1953125
v -4228.3173828125 522.5897216796875 -24318.41015625
v -4225.10888671875 512.5218505859375 -24317.646484375
v -4218.6220703125 506.7183837890625 -24317.2578125
v -4212.53759765625 514.72442626953125 -24317.958984375
v -4209.884765625 524.4329833984375 -24318.7578125
v -4230.97021484375 549.56060791015625 -24321.58984375
v -4230.06884765625 546.16412353515625 -24322.404296875
v -4228.33984375 542.72613525390625 -24323.228515625
v -4225.138671875 539.287841796875 -24324.052734375
v -4218.65625 537.19940185546875 -24324.552734375
v -4212.56591796875 539.7353515625 -24323.9453125
v -4221.80322265625 508.79592895507812 -24314.259765625
v -4218.5380859375 524.44354248046875 -24313.265625
v -4225.03515625 528.086669921875 -24314.140625
v -4221.76123046875 525.1070556640625 -24313.388671875
v -4215.4931640625 510.00701904296875 -24314.52734375
v -4212.46923828125 529.26861572265625 -24314.68359375
v -4215.45263671875 525.78631591796875 -24313.68359375
v -4221.81689453125 506.79843139648438 -24315.025390625
v -4218.587890625 506.61083984375 -24314.51171875
v -4225.07861328125 512.42742919921875 -24315.234375
v -4221.81005859375 507.62557983398438 -24314.609375
v -4215.505859375 508.07464599609375 -24315.267578125
v -4212.509765625 514.63616943359375 -24315.705078125
v -4215.49951171875 508.87481689453125 -24314.865234375
v -4221.82373046875 506.36053466796875 -24315.50390625
v -4218.59814453125 505.49136352539062 -24315.169921875
v -4225.087890625 511.44439697265625 -24315.8125
v -4221.8203125 506.52813720703125 -24315.255859375
v -4215.5126953125 507.65103149414062 -24315.73046875
v -4212.51806640625 513.71759033203125 -24316.24609375
v -4215.50927734375 507.81317138671875 -24315.490234375
v -4221.8271484375 506.30032348632812 -24315.767578125
v -4218.603515625 505.27569580078125 -24315.5546875
v -4225.0927734375 511.25503540039062 -24316.15234375
v -4221.8251953125 506.31671142578125 -24315.6328125
v -4215.51611328125 507.5927734375 -24315.986328125
v -4212.5224609375 513.5406494140625 -24316.5625
v -4215.51416015625 507.608642578125 -24315.85546875
v -4221.83056640625 506.3516845703125 -24316.046875
v -4218.60693359375 505.27072143554688 -24315.83203125
v -4225.095703125 511.25064086914062 -24316.39453125
v -4221.82861328125 506.31182861328125 -24315.904296875
v -4215.51904296875 507.64248657226562 -24316.255859375
v -4212.525390625 513.5364990234375 -24316.7890625
v -4215.517578125 507.60391235351562 -24316.119140625
v -4221.84375 507.73098754882812 -24317.302734375
v -4218.61572265625 505.7711181640625 -24316.58984375
v -4225.10302734375 511.6900634765625 -24317.060546875
v -4221.8369140625 506.8023681640625 -24316.6484375
v -4215.53173828125 508.976806640625 -24317.470703125
v -4212.5322265625 513.9471435546875 -24317.412109375
v -4215.52587890625 508.07846069335938 -24316.837890625
v -4221.876953125 537.61175537109375 -24324.453125
v -4218.64794921875 518.381103515625 -24321.05078125
v -4225.13134765625 522.76318359375 -24320.9765625
v -4221.86865234375 519.1640625 -24321.021484375
v -4215.564453125 537.88323974609375 -24324.388671875
v -4212.55859375 524.294189453125 -24321.072265625
v -4215.55615234375 520.03704833984375 -24321.068359375
v -4220.16943359375 507.87826538085938 -24314.14453125
v -4218.5595703125 514.07623291015625 -24313.384765625
v -4220.12646484375 524.51007080078125 -24313.25390625
v -4221.7822265625 514.9439697265625 -24313.505859375
v -4220.14794921875 514.14715576171875 -24313.375
v -4220.18310546875 505.84149169921875 -24314.923828125
v -4218.59130859375 506.14215087890625 -24314.71484375
v -4220.17626953125 506.68490600585938 -24314.5
v -4221.8134765625 507.16610717773438 -24314.80859375
v -4220.1796875 506.21640014648438 -24314.703125
v -4218.58447265625 507.1671142578125 -24314.32421875
v -4221.806640625 508.1708984375 -24314.427734375
v -4220.1728515625 507.24093627929688 -24314.314453125
v -4220.18994140625 505.39498901367188 -24315.412109375
v -4218.60009765625 505.39248657226562 -24315.294921875
v -4220.1865234375 505.56588745117188 -24315.16015625
v -4221.82177734375 506.43118286132812 -24315.37890625
v -4220.18798828125 505.467041015625 -24315.283203125
v -4218.5966796875 505.616455078125 -24315.05078125
v -4221.818359375 506.6507568359375 -24315.138671875
v -4220.1845703125 505.69091796875 -24315.0390625
v -4220.193359375 505.33358764648438 -24315.681640625
v -4218.6044921875 505.26382446289062 -24315.623046875
v -4220.19189453125 505.35031127929688 -24315.544921875
v -4221.826171875 506.3050537109375 -24315.69921875
v -4220.1923828125 505.33843994140625 -24315.611328125
v -4218.6025390625 505.29458618164062 -24315.48828125
v -4221.82421875 506.33523559570312 -24315.568359375
v -4220.19091796875 505.36920166015625 -24315.478515625
v -4220.19677734375 505.385986328125 -24315.96484375
v -4218.60791015625 505.28741455078125 -24315.904296875
v -4220.1953125 505.3453369140625 -24315.8203125
v -4221.82958984375 506.32818603515625 -24315.974609375
v -4220.1962890625 505.36199951171875 -24315.892578125
v -4218.60595703125 505.26126098632812 -24315.76171875
v -4221.82763671875 506.30255126953125 -24315.8359375
v -4220.1943359375 505.33587646484375 -24315.75
v -4220.21044921875 506.79238891601562 -24317.24609375
v -4218.619140625 506.18316650390625 -24316.91796875
v -4220.20361328125 505.84552001953125 -24316.578125
v -4221.84033203125 507.20632934570312 -24316.96875
v -4220.20703125 506.25741577148438 -24316.90625
v -4218.6123046875 505.48117065429688 -24316.275390625
v -4221.833984375 506.51812744140625 -24316.33984375
v -4220.2001953125 505.55569458007812 -24316.265625
v -4220.23583984375 518.45025634765625 -24321.037109375
v -4218.63671875 511.20962524414062 -24319.1015625
v -4221.85791015625 512.1337890625 -24319.109375
v -4220.22509765625 511.28176879882812 -24319.08984375
v -4215.3193359375 552.5240478515625 -24315.58984375
v -4219.2666015625 552.5240478515625 -24315.220703125
v -4223.5693359375 552.5240478515625 -24315.55078125
v -4227.70654296875 552.5240478515625 -24316.77734375
v -4229.14404296875 552.5240478515625 -24317.580078125
v -4230.38232421875 552.5240478515625 -24318.6640625
v -4230.9931640625 552.5240478515625 -24319.6171875
v -4231.17333984375 552.5240478515625 -24320.15625
v -4231.22314453125 552.5240478515625 -24320.4375
v -4231.2373046875 552.5240478515625 -24320.578125
v -4231.2412109375 552.5240478515625 -24320.6484375
v -4231.24267578125 552.5240478515625 -24320.685546875
v -4231.24365234375 552.5240478515625 -24320.720703125
v -4231.24365234375 552.5240478515625 -24320.740234375
v -4231.244140625 552.5240478515625 -24320.76171875
v -4231.24365234375 552.5240478515625 -24320.8203125
v -4231.24169921875 552.5240478515625 -24320.880859375
v -4231.2177734375 552.5240478515625 -24321.1484375
v -4231.16748046875 552.5240478515625 -24321.412109375
v -4230.99658203125 552.5240478515625 -24321.921875
v -4230.4345703125 552.5240478515625 -24322.830078125
v -4229.2236328125 552.5240478515625 -24323.943359375
v -4227.80712890625 552.5240478515625 -24324.78125
v -4223.70166015625 552.5240478515625 -24326.107421875
v -4219.4091796875 552.5240478515625 -24326.541015625
v -4219.1259765625 552.5240478515625 -24326.54296875
v -4218.55517578125 552.4617919921875 -24326.529296875
v -4217.986328125 552.28009033203125 -24326.490234375
v -4216.86181640625 551.5887451171875 -24326.3359375
v -4214.708984375 549.108642578125 -24325.75
v -4212.7451171875 545.5384521484375 -24324.818359375
v -4211.02197265625 541.33233642578125 -24323.5625
v -4210.97216796875 541.19500732421875 -24323.517578125
v -4209.8681640625 537.94970703125 -24322.341796875
v -4209.1376953125 535.65228271484375 -24321.265625
v -4208.83447265625 534.727783203125 -24320.673828125
v -4208.58544921875 534.06976318359375 -24320.044921875
v -4208.51171875 533.92291259765625 -24319.80859375
v -4208.44921875 533.83868408203125 -24319.56640625
v -4208.39892578125 533.828125 -24319.3203125
v -4208.3642578125 533.9024658203125 -24319.072265625
v -4208.34912109375 534.02020263671875 -24318.888671875
v -4208.34423828125 534.1947021484375 -24318.705078125
v -4208.369140625 534.72625732421875 -24318.34765625
v -4208.4365234375 535.430908203125 -24318.037109375
v -4208.79443359375 537.94970703125 -24317.380859375
v -4209.3349609375 540.80609130859375 -24316.939453125
v -4210.0615234375 543.8447265625 -24316.611328125
v -4210.8720703125 546.51519775390625 -24316.37890625
v -4211.91796875 549.11065673828125 -24316.1640625
v -4213.02197265625 550.99761962890625 -24315.974609375
v -4214.16259765625 552.14129638671875 -24315.7890625
v -4214.73974609375 552.4283447265625 -24315.69140625
v -4230.94091796875 549.687255859375 -24319.25
v -4228.25048828125 543.26123046875 -24316.205078125
v -4230.0087890625 546.8626708984375 -24317.75390625
v -4231.2001953125 548.85394287109375 -24320.263671875
v -4231.2314453125 550.68218994140625 -24320.521484375
v -4231.23193359375 550.68218994140625 -24320.53515625
v -4209.833984375 535.135009765625 -24316.3359375
v -4208.78564453125 530.51806640625 -24318.2109375
v -4208.55810546875 532.15460205078125 -24318.654296875
v -4208.56640625 532.072265625 -24318.76171875
v -4231.23193359375 550.68756103515625 -24320.548828125
v -4209.900390625 531.58404541015625 -24321.076171875
v -4243.41162109375 243.08772277832031 -24312.9140625
v -4243.5703125 259.51156616210938 -24314.0625
v -4241.97314453125 275.9869384765625 -24315.212890625
v -4239.2294921875 292.24179077148438 -24316.349609375
v -4235.51220703125 308.34262084960938 -24317.4765625
v -4230.82373046875 324.2266845703125 -24318.5859375
v -4224.98095703125 339.80203247070312 -24319.67578125
v -4217.6298828125 354.3380126953125 -24320.69140625
v -4243.41162109375 243.08772277832031 -24312.9140625
v -4243.341796875 264.44454956054688 -24310.060546875
v -4241.5703125 284.69381713867188 -24308.150390625
v -4238.69091796875 303.890625 -24306.900390625
v -4234.869140625 322.23651123046875 -24306.205078125
v -4230.1103515625 339.65277099609375 -24306.072265625
v -4224.236328125 355.89706420898438 -24306.619140625
v -4216.9150390625 369.78775024414062 -24308.158203125
v -4243.41162109375 243.08772277832031 -24312.9140625
v -4242.47802734375 260.490966796875 -24306.59375
v -4240.0458984375 277.71560668945312 -24302.03125
v -4236.6513671875 294.5545654296875 -24298.71484375
v -4232.4365234375 311.10113525390625 -24296.44140625
v -4227.4091796875 327.28939819335938 -24295.232421875
v -4221.41796875 342.99755859375 -24295.30859375
v -4214.2099609375 357.4053955078125 -24297.30078125
v -4243.41162109375 243.08772277832031 -24312.9140625
v -4241.91162109375 253.86990356445312 -24306.400390625
v -4239.04638671875 266.02926635742188 -24301.69140625
v -4235.31396484375 278.91952514648438 -24298.259765625
v -4230.841796875 292.4527587890625 -24295.8984375
v -4225.63818359375 306.58453369140625 -24294.62890625
v -4219.5703125 321.394775390625 -24294.6796875
v -4212.4365234375 336.66876220703125 -24296.697265625
v -4243.41162109375 243.08772277832031 -24312.9140625
v -4241.48779296875 246.93257141113281 -24307.279296875
v -4238.29833984375 253.78463745117188 -24303.2421875
v -4234.31298828125 262.53759765625 -24300.33203125
v -4229.6474609375 272.91357421875 -24298.37109375
v -4224.3125 284.890625 -24297.375
v -4218.18701171875 298.76007080078125 -24297.54296875
v -4211.1083984375 314.9415283203125 -24299.447265625
v -4243.41162109375 243.08772277832031 -24312.9140625
v -4241.2060546875 240.58993530273438 -24308.7578125
v -4237.80126953125 242.58970642089844 -24305.8515625
v -4233.64794921875 247.56002807617188 -24303.82421875
v -4228.8544921875 255.04937744140625 -24302.537109375
v -4223.43212890625 265.056396484375 -24302
v -4217.2685546875 278.06573486328125 -24302.369140625
v -4210.2265625 295.07687377929688 -24304.080078125
v -4243.41162109375 243.08772277832031 -24312.9140625
v -4222.90380859375 245.10755920410156 -24308.9296875
v -4216.71728515625 257.25177001953125 -24309.599609375
v -4209.697265625 275.097412109375 -24311.01953125
v -4243.41162109375 243.08772277832031 -24312.9140625
v -4216.80224609375 239.63275146484375 -24319.23828125
v -4243.41162109375 243.08772277832031 -24312.9140625
v -4232.33056640625 237.37873840332031 -24333.82421875
v -4227.29150390625 245.43710327148438 -24336.73828125
v -4221.29541015625 257.59561157226562 -24338.61328125
v -4243.41162109375 243.08772277832031 -24312.9140625
v -4242.90576171875 240.87831115722656 -24319.443359375
v -4240.80029296875 243.09869384765625 -24324.712890625
v -4237.66064453125 248.24101257324219 -24329.060546875
v -4233.64013671875 255.86161804199219 -24332.634765625
v -4228.74560546875 265.95822143554688 -24335.41796875
v -4222.8125 279.00665283203125 -24337.236328125
v -4243.2431640625 247.26760864257812 -24318.296875
v -4241.39599609375 254.37602233886719 -24322.689453125
v -4238.45751953125 263.32879638671875 -24326.3515625
v -4234.5908203125 273.85723876953125 -24329.40625
v -4229.80126953125 285.9383544921875 -24331.83203125
v -4223.9140625 299.853271484375 -24333.494140625
v -4216.60546875 315.99090576171875 -24333.95703125
v -4243.41162109375 243.08772277832031 -24312.9140625
v -4243.47509765625 253.55789184570312 -24316.529296875
v -4241.8056640625 265.47854614257812 -24319.568359375
v -4239.00537109375 278.18270874023438 -24322.177734375
v -4235.24462890625 291.57394409179688 -24324.42578125
v -4230.52685546875 305.60882568359375 -24326.302734375
v -4224.6708984375 320.37677001953125 -24327.7265625
v -4217.33203125 335.6915283203125 -24328.419921875
v -4243.5703125 259.51156616210938 -24314.0625
v -4241.97314453125 275.9869384765625 -24315.212890625
v -4239.2294921875 292.24179077148438 -24316.349609375
v -4235.51220703125 308.34262084960938 -24317.4765625
v -4230.82373046875 324.2266845703125 -24318.5859375
v -4224.98095703125 339.80203247070312 -24319.67578125
v -4217.6298828125 354.3380126953125 -24320.69140625
v -4210.9921875 375.9403076171875 -24310.08984375
v -4211.62841796875 362.19580078125 -24321.240234375
v -4217.46044921875 364.21731567382812 -24314.51171875
v -4211.4775390625 370.98468017578125 -24315.7421875
v -4243.2353515625 251.02632141113281 -24309.75
v -4242.95458984375 263.93328857421875 -24307.853515625
v -4243.66162109375 252.97677612304688 -24311.4609375
v -4243.47021484375 252.72454833984375 -24310.373046875
v -4241.455078125 268.77694702148438 -24304.234375
v -4240.88671875 283.79144287109375 -24304.2578125
v -4242.65576171875 274.27215576171875 -24309.052734375
v -4242.11767578125 273.56155395507812 -24305.986328125
v -4238.482421875 286.0413818359375 -24300.263671875
v -4237.7763671875 302.683349609375 -24301.69140625
v -4240.2763671875 294.25299072265625 -24307.462890625
v -4239.4716796875 293.19110107421875 -24302.880859375
v -4234.6328125 302.90798950195312 -24297.4453125
v -4233.7783203125 320.79653930664062 -24299.9921875
v -4236.884765625 313.21673583984375 -24306.482421875
v -4235.875 311.8836669921875 -24300.732421875
v -4229.96435546875 319.45462036132812 -24295.6796875
v -4228.89892578125 338.05401611328125 -24299.17578125
v -4232.55126953125 331.2955322265625 -24306.0625
v -4231.39111328125 329.76431274414062 -24299.45703125
v -4224.38623046875 335.65255737304688 -24295.0859375
v -4222.97265625 354.22897338867188 -24299.421875
v -4227.17138671875 348.39968872070312 -24306.26171875
v -4225.92236328125 346.75128173828125 -24299.150390625
v -4217.8779296875 350.68624877929688 -24296.02734375
v -4215.7021484375 368.1865234375 -24301.25
v -4220.67529296875 363.49020385742188 -24307.25390625
v -4219.4208984375 361.83444213867188 -24300.111328125
v -4209.91357421875 374.51580810546875 -24303.9453125
v -4213.33447265625 348.194580078125 -24296.474609375
v -4242.60791015625 241.2083740234375 -24310.818359375
v -4241.3330078125 243.72538757324219 -24307.947265625
v -4242.74658203125 244.33743286132812 -24310.087890625
v -4243.41162109375 243.08772277832031 -24312.9140625
v -4242.67041015625 242.75521850585938 -24310.41796875
v -4242.5244140625 238.06121826171875 -24311.912109375
v -4241.09912109375 237.18754577636719 -24309.830078125
v -4243.41162109375 243.08772277832031 -24312.9140625
v -4242.55517578125 239.52984619140625 -24311.34765625
v -4239.6875 241.11585998535156 -24307.2421875
v -4239.53857421875 236.38679504394531 -24308.732421875
v -4243.41162109375 243.08772277832031 -24312.9140625
v -4229.8515625 241.06137084960938 -24335.431640625
v -4224.26513671875 251.25956726074219 -24337.87890625
v -4243.4462890625 241.35064697265625 -24316.08984375
v -4242.6748046875 237.36839294433594 -24319.783203125
v -4243.216796875 238.11322021484375 -24316.298828125
v -4243.41162109375 243.08772277832031 -24312.9140625
v -4243.33203125 239.61906433105469 -24316.2578125
v -4243.61279296875 244.50273132324219 -24315.5234375
v -4243.0849609375 244.03443908691406 -24318.95703125
v -4243.41162109375 243.08772277832031 -24312.9140625
v -4243.53466796875 242.90768432617188 -24315.849609375
v -4208.16748046875 376.98382568359375 -24311.267578125
v -4208.6083984375 372.48019409179688 -24316.404296875
v -4211.27783203125 374.05569458007812 -24312.884765625
v -4208.4267578125 375.2711181640625 -24313.806640625
v -4208.7451171875 364.49285888671875 -24321.40234375
v -4211.59228515625 366.94668579101562 -24318.55859375
v -4208.71240234375 368.81045532226562 -24318.962890625
v -4211.62841796875 362.19580078125 -24321.240234375
v -4217.55908203125 345.9473876953125 -24324.572265625
v -4211.5654296875 354.73126220703125 -24324.693359375
v -4243.2890625 258.14495849609375 -24309.103515625
v -4243.1669921875 264.60400390625 -24308.86328125
v -4243.578125 258.52645874023438 -24310.75
v -4243.5751953125 253.05543518066406 -24310.869140625
v -4243.44775390625 258.64544677734375 -24309.85546875
v -4243.51611328125 262.66595458984375 -24312.087890625
v -4243.77392578125 250.54313659667969 -24313.435546875
v -4243.41162109375 243.08772277832031 -24312.9140625
v -4243.74755859375 252.09931945800781 -24312.4609375
v -4243.5078125 247.69967651367188 -24311.646484375
v -4243.60205078125 247.82437133789062 -24312.18359375
v -4243.41162109375 243.08772277832031 -24312.9140625
v -4243.5595703125 247.86326599121094 -24311.892578125
v -4241.55126953125 278.6153564453125 -24305.1015625
v -4241.26171875 284.97528076171875 -24306.037109375
v -4242.1630859375 279.42315673828125 -24308.5859375
v -4242.41259765625 274.49380493164062 -24307.388671875
v -4241.88671875 279.67510986328125 -24306.693359375
v -4241.8779296875 281.55453491210938 -24311.73046875
v -4242.97314453125 267.4156494140625 -24314.615234375
v -4242.89794921875 271.80001831054688 -24311.87109375
v -4242.5849609375 268.658935546875 -24306.90625
v -4243.04833984375 269.27047729492188 -24309.544921875
v -4242.83935546875 269.46121215820312 -24308.11328125
v -4238.6572265625 297.93814086914062 -24302.26171875
v -4238.27783203125 304.26718139648438 -24304.072265625
v -4239.51806640625 299.07473754882812 -24307.1640625
v -4239.9130859375 294.58419799804688 -24304.9765625
v -4239.12939453125 299.42922973632812 -24304.50390625
v -4239.10205078125 299.69061279296875 -24311.689453125
v -4240.75048828125 284.00714111328125 -24315.7734375
v -4240.6376953125 290.558837890625 -24311.67578125
v -4240.21630859375 288.46734619140625 -24303.548828125
v -4240.96142578125 289.45101928710938 -24307.791015625
v -4240.625 289.75784301757812 -24305.48828125
v -4234.84814453125 316.386962890625 -24300.333984375
v -4234.376953125 322.68563842773438 -24302.83203125
v -4235.900390625 317.77597045898438 -24306.326171875
v -4236.4287109375 313.63253784179688 -24303.361328125
v -4235.42529296875 318.20919799804688 -24303.07421875
v -4235.35986328125 317.22705078125 -24311.91796875
v -4237.47998046875 300.35427856445312 -24316.91796875
v -4237.3388671875 308.57916259765625 -24311.771484375
v -4236.8525390625 307.3082275390625 -24301.185546875
v -4237.81689453125 308.58065795898438 -24306.673828125
v -4237.38134765625 308.97750854492188 -24303.6953125
v -4230.154296875 334.002685546875 -24299.28515625
v -4229.5634765625 340.15142822265625 -24302.328125
v -4231.34228515625 335.57064819335938 -24306.048828125
v -4232.02734375 331.77310180664062 -24302.4765625
v -4230.80615234375 336.0596923828125 -24302.376953125
v -4230.65478515625 334.09088134765625 -24312.416015625
v -4233.23486328125 316.52133178710938 -24318.046875
v -4233.07275390625 325.96865844726562 -24312.13671875
v -4232.60205078125 325.35574340820312 -24299.69140625
v -4233.7294921875 326.84426879882812 -24306.11328125
v -4233.22021484375 327.30856323242188 -24302.62890625
v -4224.439453125 350.64666748046875 -24299.251953125
v -4223.666015625 356.4173583984375 -24302.712890625
v -4225.6982421875 352.3084716796875 -24306.421875
v -4226.607421875 348.91384887695312 -24302.40234375
v -4225.1298828125 352.82681274414062 -24302.529296875
v -4224.80419921875 350.09396362304688 -24313.236328125
v -4227.9072265625 332.49478149414062 -24319.1640625
v -4227.73291015625 342.66513061523438 -24312.802734375
v -4227.41259765625 342.54971313476562 -24299.123046875
v -4228.6455078125 344.17721557617188 -24306.14453125
v -4228.0888671875 344.684814453125 -24302.333984375
v -4217.5751953125 365.19534301757812 -24300.623046875
v -4216.36767578125 370.28720092773438 -24304.408203125
v -4218.81298828125 366.82943725585938 -24307.671875
v -4220.10888671875 364.00662231445312 -24303.376953125
v -4218.25439453125 367.339111328125 -24303.845703125
v -4221.4140625 347.514404296875 -24320.21484375
v -4221.2392578125 357.7301025390625 -24313.82421875
v -4221.22216796875 358.16448974609375 -24299.712890625
v -4222.48486328125 359.83135986328125 -24306.904296875
v -4221.91455078125 360.35122680664062 -24303
v -4207.1865234375 375.68927001953125 -24305.68359375
v -4210.50537109375 376.38461303710938 -24306.755859375
v -4207.724609375 377.38763427734375 -24308.236328125
v -4212.779296875 371.9658203125 -24302.458984375
v -4213.93603515625 373.49285888671875 -24309.046875
v -4213.4140625 373.96917724609375 -24305.470703125
v -4243.41162109375 243.08772277832031 -24312.9140625
v -4243.04345703125 236.26829528808594 -24316.14453125
v -4243.208984375 238.89561462402344 -24314.287109375
v -4243.10546875 238.60847473144531 -24313.77734375
v -4243.41162109375 243.08772277832031 -24312.9140625
v -4243.1533203125 238.64878845214844 -24314.05859375
v -4243.77392578125 250.54313659667969 -24313.435546875
v -4243.54736328125 256.83248901367188 -24315.30078125
v -4243.72705078125 247.60595703125 -24314.65234375
v -4243.41162109375 243.08772277832031 -24312.9140625
v -4243.7626953125 249.22145080566406 -24314.046875
v -4242.97314453125 267.4156494140625 -24314.615234375
v -4241.93359375 271.25833129882812 -24317.400390625
v -4242.8408203125 259.14044189453125 -24318.044921875
v -4242.94140625 263.69192504882812 -24316.3359375
v -4240.75048828125 284.00714111328125 -24315.7734375
v -4239.17626953125 285.91543579101562 -24319.275390625
v -4240.552734375 271.641357421875 -24320.900390625
v -4240.703125 278.44271850585938 -24318.34765625
v -4237.47998046875 300.35427856445312 -24316.91796875
v -4235.4482421875 300.79696655273438 -24320.96484375
v -4237.23193359375 284.83041381835938 -24323.3515625
v -4237.4208984375 293.3687744140625 -24320.1484375
v -4233.23486328125 316.52133178710938 -24318.046875
v -4230.75341796875 315.84893798828125 -24322.4609375
v -4232.9501953125 298.69024658203125 -24325.4375
v -4233.1669921875 308.49761962890625 -24321.7578125
v -4227.9072265625 332.49478149414062 -24319.1640625
v -4224.9072265625 331.06094360351562 -24323.71875
v -4227.6005859375 313.29901123046875 -24327.12109375
v -4227.83447265625 323.85699462890625 -24323.16015625
v -4221.4140625 347.514404296875 -24320.21484375
v -4221.1064453125 328.2330322265625 -24328.20703125
v -4221.34130859375 338.83807373046875 -24324.2265625
v -4208.7451171875 364.49285888671875 -24321.40234375
v -4211.61328125 358.68255615234375 -24322.95703125
v -4208.7314453125 361.300048828125 -24322.9609375
v -4205.76220703125 284.51455688476562 -24313.4453125
v -4205.83251953125 289.8480224609375 -24311.181640625
v -4206.18798828125 297.86932373046875 -24308.01953125
v -4206.82373046875 306.58709716796875 -24304.96875
v -4207.2353515625 311.32806396484375 -24303.505859375
v -4207.69775390625 316.4427490234375 -24302.107421875
v -4208.10205078125 321.01055908203125 -24301.025390625
v -4208.513671875 326.06265258789062 -24300.02734375
v -4208.9033203125 331.820556640625 -24299.158203125
v -4209.2080078125 338.49423217773438 -24298.521484375
v -4209.31201171875 343.82693481445312 -24298.310546875
v -4209.275390625 349.28369140625 -24298.384765625
v -4208.8349609375 358.80255126953125 -24299.306640625
v -4208.42333984375 363.545166015625 -24300.23828125
v -4207.99169921875 367.33334350585938 -24301.310546875
v -4207.572265625 370.3428955078125 -24302.466796875
v -4207.1806640625 372.71014404296875 -24303.6875
v -4206.775390625 374.76852416992188 -24305.16015625
v -4206.431640625 376.171142578125 -24306.67578125
v -4206.15625 376.98794555664062 -24308.220703125
v -4205.9521484375 377.269775390625 -24309.78125
v -4205.900390625 377.252197265625 -24310.30859375
v -4205.77685546875 376.68450927734375 -24312.35546875
v -4205.7783203125 375.37420654296875 -24314.392578125
v -4206.14013671875 370.77532958984375 -24318.384765625
v -4206.6904296875 365.90878295898438 -24321.203125
v -4206.75390625 365.38851928710938 -24321.46484375
v -4206.75390625 365.38851928710938 -24321.46484375
v -4207.89697265625 356.67312622070312 -24325.1484375
v -4209.3779296875 346.12896728515625 -24328.52734375
v -4211.11669921875 333.94674682617188 -24331.56640625
v -4213.02490234375 320.18057250976562 -24334.234375
v -4214.07470703125 312.15011596679688 -24335.49609375
v -4215.115234375 303.58456420898438 -24336.6328125
v -4216.10791015625 294.37762451171875 -24337.626953125
v -4216.97216796875 284.51455688476562 -24338.427734375
v -4229.0546875 234.75457763671875 -24335.220703125
v -4230.30224609375 234.75457763671875 -24334.705078125
v -4233.96435546875 234.75457763671875 -24332.501953125
v -4237.12890625 234.75457763671875 -24329.630859375
v -4240.05029296875 234.75457763671875 -24325.732421875
v -4242.080078125 234.75457763671875 -24321.3046875
v -4242.51611328125 234.75457763671875 -24319.693359375
v -4242.7890625 234.75457763671875 -24318.044921875
v -4242.873046875 234.75457763671875 -24316.591796875
v -4242.78955078125 234.75457763671875 -24315.13671875
v -4242.513671875 234.75457763671875 -24313.703125
v -4242.01904296875 234.75457763671875 -24312.330078125
v -4241.279296875 234.75457763671875 -24311.0546875
v -4240.2998046875 234.75457763671875 -24309.953125
v -4238.86328125 234.75457763671875 -24308.943359375
v -4237.2265625 234.75457763671875 -24308.306640625
v -4233.74853515625 234.75457763671875 -24308.076171875
v -4228.86083984375 234.75457763671875 -24309.53515625
v -4224.59326171875 234.75457763671875 -24312.330078125
v -4219.37158203125 234.75457763671875 -24318.490234375
v -4217.6357421875 234.75457763671875 -24322.162109375
v -4217.3017578125 234.75457763671875 -24323.18359375
v -4221.17041015625 248.58131408691406 -24338.08984375
v -4221.92822265625 245.22781372070312 -24337.728515625
v -4222.75439453125 242.37197875976562 -24337.36328125
v -4223.642578125 240.03199768066406 -24337.01171875
v -4224.57958984375 238.18496704101562 -24336.681640625
v -4226.529296875 235.78326416015625 -24336.0625
v -4227.52197265625 235.12922668457031 -24335.74609375
v -4228.51416015625 234.80119323730469 -24335.412109375
v -4216.9873046875 234.88829040527344 -24324.150390625
v -4216.59716796875 235.3509521484375 -24325.087890625
v -4216.15771484375 236.12394714355469 -24325.84765625
v -4215.58740234375 237.34649658203125 -24326.494140625
v -4214.873046875 239.06163024902344 -24326.927734375
v -4214.0791015625 241.10264587402344 -24327.087890625
v -4212.5849609375 245.24478149414062 -24326.787109375
v -4211.25390625 249.32894897460938 -24326.033203125
v -4210.365234375 252.33949279785156 -24325.30078125
v -4209.56298828125 255.3211669921875 -24324.470703125
v -4208.20361328125 261.22039794921875 -24322.6015625
v -4207.1552734375 267.03579711914062 -24320.541015625
v -4206.404296875 272.76571655273438 -24318.34375
v -4205.8720703125 279.7740478515625 -24315.478515625
v -4216.982421875 284.37307739257812 -24338.4375
v -4217.63525390625 276.40206909179688 -24338.83984375
v -4218.4013671875 268.4676513671875 -24338.98828125
v -4218.81640625 264.65838623046875 -24338.962890625
v -4219.25634765625 260.95315551757812 -24338.876953125
v -4219.72216796875 257.38922119140625 -24338.732421875
v -4220.21630859375 254.00466918945312 -24338.53515625
v -4220.34716796875 253.17448425292969 -24338.478515625
v -4221.02294921875 249.32894897460938 -24338.162109375
v -4219.44091796875 284.51455688476562 -24340.435546875
v -4236.00634765625 274.1220703125 -24346.619140625
v -4236.07373046875 263.68692016601562 -24345.962890625
v -4236.19970703125 253.20222473144531 -24344.73046875
v -4236.41748046875 242.98422241210938 -24342.6015625
v -4236.947265625 234.75457763671875 -24337.421875
v -4253.916015625 274.1220703125 -24343.482421875
v -4253.6298828125 263.68692016601562 -24342.888671875
v -4253.0927734375 253.20222473144531 -24341.771484375
v -4252.1640625 242.98422241210938 -24339.84375
v -4249.9052734375 234.75457763671875 -24335.15234375
v -4266.81787109375 274.1220703125 -24332.509765625
v -4266.27734375 263.68692016601562 -24332.130859375
v -4265.26220703125 253.20222473144531 -24331.421875
v -4263.50830078125 242.98422241210938 -24330.1953125
v -4259.240234375 234.75457763671875 -24327.212890625
v -4272.75244140625 274.1220703125 -24315.87890625
v -4272.0947265625 263.68692016601562 -24315.828125
v -4270.85986328125 253.20222473144531 -24315.734375
v -4268.72607421875 242.98422241210938 -24315.57421875
v -4263.53369140625 234.75457763671875 -24315.1796875
v -4269.1484375 274.1220703125 -24298.06640625
v -4268.5615234375 263.68692016601562 -24298.3671875
v -4267.46044921875 253.20222473144531 -24298.93359375
v -4265.55712890625 242.98422241210938 -24299.912109375
v -4260.92626953125 234.75457763671875 -24302.29296875
v -4256.8076171875 253.20222473144531 -24287.046875
v -4255.62744140625 242.98422241210938 -24288.830078125
v -4252.7548828125 234.75457763671875 -24293.173828125
v -4240.5966796875 234.75457763671875 -24289.189453125
v -4223.3525390625 274.1220703125 -24284.0234375
v -4223.66943359375 263.68692016601562 -24284.6015625
v -4224.26416015625 253.20222473144531 -24285.6875
v -4225.29150390625 242.98422241210938 -24287.564453125
v -4227.7919921875 234.75457763671875 -24292.1328125
v -4211.32470703125 274.1220703125 -24295.205078125
v -4211.87841796875 263.68692016601562 -24295.5625
v -4212.9189453125 253.20222473144531 -24296.234375
v -4214.7158203125 242.98422241210938 -24297.396484375
v -4219.08935546875 234.75457763671875 -24300.22265625
v -4205.98486328125 274.1220703125 -24312.369140625
v -4206.64404296875 263.68692016601562 -24312.388671875
v -4207.88232421875 253.20222473144531 -24312.423828125
v -4210.02099609375 242.98422241210938 -24312.48828125
v -4215.22607421875 234.75457763671875 -24312.640625
v -4236.6806640625 236.70361328125 -24340.029296875
v -4230.47607421875 234.75457763671875 -24335.837890625
v -4228.55322265625 242.98422241210938 -24340.677734375
v -4229.5087890625 236.70361328125 -24338.2734375
v -4251.04150390625 236.70361328125 -24337.513671875
v -4243.59423828125 234.75457763671875 -24337.18359375
v -4244.49462890625 242.98422241210938 -24342.3125
v -4244.04736328125 236.70361328125 -24339.763671875
v -4261.3876953125 236.70361328125 -24328.712890625
v -4255.25439453125 234.75457763671875 -24331.63671875
v -4258.66455078125 242.98422241210938 -24335.572265625
v -4256.97021484375 236.70361328125 -24333.6171875
v -4266.14599609375 236.70361328125 -24315.37890625
v -4262.12060546875 234.75457763671875 -24321.69140625
v -4267.00927734375 242.98422241210938 -24323.486328125
v -4264.580078125 236.70361328125 -24322.595703125
v -4263.255859375 236.70361328125 -24301.095703125
v -4263.11767578125 234.75457763671875 -24308.533203125
v -4268.220703125 242.98422241210938 -24307.49609375
v -4265.68505859375 236.70361328125 -24308.01171875
v -4254.2001953125 236.70361328125 -24290.98828125
v -4257.27587890625 234.75457763671875 -24297.041015625
v -4261.12158203125 242.98422241210938 -24293.529296875
v -4259.21044921875 236.70361328125 -24295.275390625
v -4240.72509765625 236.70361328125 -24286.572265625
v -4247.1416015625 234.75457763671875 -24290.4296875
v -4247.97900390625 236.70361328125 -24287.947265625
v -4226.5341796875 236.70361328125 -24289.833984375
v -4233.95654296875 234.75457763671875 -24289.783203125
v -4232.78271484375 242.98422241210938 -24284.708984375
v -4233.3662109375 236.70361328125 -24287.23046875
v -4216.88916015625 236.70361328125 -24298.80078125
v -4222.78173828125 234.75457763671875 -24295.779296875
v -4219.203125 242.98422241210938 -24291.998046875
v -4220.98095703125 236.70361328125 -24293.876953125
v -4212.607421875 236.70361328125 -24312.564453125
v -4216.37060546875 234.75457763671875 -24305.96875
v -4211.41162109375 242.98422241210938 -24304.37890625
v -4213.87548828125 236.70361328125 -24305.16796875
v -4215.90869140625 234.75457763671875 -24319.103515625
v -4210.85009765625 242.98422241210938 -24320.33984375
v -4213.36376953125 236.70361328125 -24319.724609375
v -4236.81591796875 235.22151184082031 -24338.70703125
v -4233.6123046875 234.75457763671875 -24336.84375
v -4229.9990234375 235.22151184082031 -24337.0390625
v -4232.98486328125 236.70361328125 -24339.38671875
v -4233.302734375 235.22151184082031 -24338.09765625
v -4250.4658203125 235.22151184082031 -24336.31640625
v -4246.8369140625 234.75457763671875 -24336.37890625
v -4243.8173828125 235.22151184082031 -24338.455078125
v -4247.6416015625 236.70361328125 -24338.873046875
v -4247.23388671875 235.22151184082031 -24337.609375
v -4240.265625 234.75457763671875 -24337.533203125
v -4240.3583984375 236.70361328125 -24340.150390625
v -4240.3115234375 235.22151184082031 -24338.82421875
v -4260.29931640625 235.22151184082031 -24327.953125
v -4257.42578125 234.75457763671875 -24329.501953125
v -4256.1005859375 235.22151184082031 -24332.61328125
v -4259.37646484375 236.70361328125 -24331.25
v -4258.3876953125 235.22151184082031 -24330.36328125
v -4252.7353515625 234.75457763671875 -24333.546875
v -4254.1787109375 236.70361328125 -24335.734375
v -4253.447265625 235.22151184082031 -24334.625
v -4264.822265625 235.22151184082031 -24315.27734375
v -4263.04345703125 234.75457763671875 -24318.52734375
v -4263.33349609375 235.22151184082031 -24322.13671875
v -4265.6025390625 236.70361328125 -24319.0859375
v -4264.3056640625 235.22151184082031 -24318.802734375
v -4260.828125 234.75457763671875 -24324.603515625
v -4263.1474609375 236.70361328125 -24325.822265625
v -4261.97216796875 235.22151184082031 -24325.205078125
v -4262.0751953125 235.22151184082031 -24301.701171875
v -4262.22900390625 234.75457763671875 -24305.318359375
v -4264.3837890625 235.22151184082031 -24308.275390625
v -4264.7001953125 236.70361328125 -24304.447265625
v -4263.44775390625 235.22151184082031 -24304.888671875
v -4263.55615234375 234.75457763671875 -24311.853515625
v -4266.1708984375 236.70361328125 -24311.689453125
v -4264.845703125 235.22151184082031 -24311.7734375
v -4253.4677734375 235.22151184082031 -24292.09765625
v -4255.0927734375 234.75457763671875 -24294.931640625
v -4258.22998046875 235.22151184082031 -24296.169921875
v -4256.791015625 236.70361328125 -24292.9375
v -4255.93017578125 235.22151184082031 -24293.94921875
v -4259.2470703125 234.75457763671875 -24299.505859375
v -4261.39501953125 236.70361328125 -24298.005859375
v -4260.30615234375 235.22151184082031 -24298.765625
v -4240.66015625 235.22151184082031 -24287.8984375
v -4243.95068359375 234.75457763671875 -24289.58984375
v -4247.5546875 235.22151184082031 -24289.205078125
v -4244.4423828125 236.70361328125 -24287.017578125
v -4244.193359375 235.22151184082031 -24288.322265625
v -4250.09423828125 234.75457763671875 -24291.6484375
v -4251.25146484375 236.70361328125 -24289.296875
v -4250.6650390625 235.22151184082031 -24290.48828125
v -4227.171875 235.22151184082031 -24290.998046875
v -4230.77099609375 234.75457763671875 -24290.755859375
v -4233.66552734375 235.22151184082031 -24288.5234375
v -4229.83544921875 236.70361328125 -24288.30859375
v -4230.3095703125 235.22151184082031 -24289.548828125
v -4237.26318359375 234.75457763671875 -24289.255859375
v -4237.03076171875 236.70361328125 -24286.646484375
v -4237.1484375 235.22151184082031 -24287.96875
v -4218.00439453125 235.22151184082031 -24299.521484375
v -4220.77294921875 234.75457763671875 -24297.92578125
v -4221.8935546875 235.22151184082031 -24294.841796875
v -4218.7548828125 236.70361328125 -24296.255859375
v -4219.77734375 235.22151184082031 -24297.103515625
v -4225.1298828125 234.75457763671875 -24293.82421875
v -4223.583984375 236.70361328125 -24291.708984375
v -4224.36767578125 235.22151184082031 -24292.78125
v -4213.9345703125 235.22151184082031 -24312.603515625
v -4215.5703125 234.75457763671875 -24309.2265625
v -4215.14013671875 235.22151184082031 -24305.57421875
v -4212.98876953125 236.70361328125 -24308.779296875
v -4214.29736328125 235.22151184082031 -24309.005859375
v -4217.56787109375 234.75457763671875 -24302.947265625
v -4215.20263671875 236.70361328125 -24301.8203125
v -4216.4013671875 235.22151184082031 -24302.392578125
v -4214.6533203125 235.22151184082031 -24319.41015625
v -4214.44921875 236.70361328125 -24323.150390625
v -4215.68505859375 235.22151184082031 -24322.6640625
v -4215.34912109375 234.75457763671875 -24315.890625
v -4212.74365234375 236.70361328125 -24316.1640625
v -4214.06396484375 235.22151184082031 -24316.025390625
v -4230.30810546875 284.51455688476562 -24345.748046875
v -4243.26611328125 284.51455688476562 -24346.779296875
v -4255.64892578125 284.51455688476562 -24342.822265625
v -4265.0205078125 284.51455688476562 -24335.17578125
v -4271.08251953125 284.51455688476562 -24324.708984375
v -4273.02294921875 284.51455688476562 -24311.85546875
v -4269.9462890625 284.51455688476562 -24299.2265625
v -4262.97705078125 284.51455688476562 -24289.33984375
v -4221.17041015625 248.58131408691406 -24338.08984375
v -4220.4052734375 256.62448120117188 -24339.12890625
v -4219.8564453125 265.72216796875 -24339.873046875
v -4219.5400390625 275.22036743164062 -24340.302734375
v -4229.0546875 234.75457763671875 -24335.220703125
v -4228.51416015625 234.80119323730469 -24335.412109375
v -4227.52197265625 235.12922668457031 -24335.74609375
v -4226.529296875 235.78326416015625 -24336.0625
v -4224.57958984375 238.18496704101562 -24336.681640625
v -4223.642578125 240.03199768066406 -24337.01171875
v -4222.75439453125 242.37197875976562 -24337.36328125
v -4221.92822265625 245.22781372070312 -24337.728515625
v -4205.76220703125 284.51455688476562 -24313.4453125
v -4205.8720703125 279.7740478515625 -24315.478515625
v -4206.404296875 272.76571655273438 -24318.34375
v -4207.1552734375 267.03579711914062 -24320.541015625
v -4208.20361328125 261.22039794921875 -24322.6015625
v -4209.56298828125 255.3211669921875 -24324.470703125
v -4210.365234375 252.33949279785156 -24325.30078125
v -4211.25390625 249.32894897460938 -24326.033203125
v -4212.5849609375 245.24478149414062 -24326.787109375
v -4214.0791015625 241.10264587402344 -24327.087890625
v -4214.873046875 239.06163024902344 -24326.927734375
v -4215.58740234375 237.34649658203125 -24326.494140625
v -4216.15771484375 236.12394714355469 -24325.84765625
v -4216.59716796875 235.3509521484375 -24325.087890625
v -4216.9873046875 234.88829040527344 -24324.150390625
v -4217.3017578125 234.75457763671875 -24323.18359375
v -4262.16845703125 281.19064331054688 -24288.6015625
v -4261.501953125 278.87033081054688 -24288.056640625
v -4259.21142578125 272.50735473632812 -24286.498046875
v -4257.02685546875 267.54849243164062 -24285.35546875
v -4254.72314453125 262.5184326171875 -24284.4921875
v -4252.33984375 256.65237426757812 -24284.0546875
v -4251.17431640625 253.17462158203125 -24284.09375
v -4250.6181640625 251.28691101074219 -24284.205078125
v -4250.08837890625 249.32894897460938 -24284.380859375
v -4249.3603515625 246.43193054199219 -24284.7578125
v -4249.01220703125 245.03887939453125 -24284.986328125
v -4248.6630859375 243.72323608398438 -24285.23046875
v -4247.912109375 241.43307495117188 -24285.70703125
v -4247.0439453125 239.78044128417969 -24286.068359375
v -4246.513671875 239.16786193847656 -24286.181640625
v -4245.76513671875 238.65476989746094 -24286.2265625
v -4245.0126953125 238.44606018066406 -24286.158203125
v -4244.2744140625 238.47747802734375 -24286.001953125
v -4243.55517578125 238.70866394042969 -24285.77734375
v -4242.1884765625 239.67623901367188 -24285.197265625
v -4240.8876953125 241.26162719726562 -24284.525390625
v -4239.58642578125 243.4951171875 -24283.810546875
v -4238.3046875 246.28053283691406 -24283.130859375
v -4237.11962890625 249.32894897460938 -24282.560546875
v -4235.736328125 253.46473693847656 -24281.98828125
v -4234.6083984375 257.36538696289062 -24281.599609375
v -4233.73193359375 260.80633544921875 -24281.349609375
v -4233.30517578125 262.64242553710938 -24281.244140625
v -4232.88818359375 264.55899047851562 -24281.154296875
v -4232.09716796875 268.59979248046875 -24281.01953125
v -4231.72314453125 270.74661254882812 -24280.9765625
v -4231.36572265625 272.9788818359375 -24280.947265625
v -4230.9482421875 275.8739013671875 -24280.9375
v -4230.5654296875 278.89749145507812 -24280.953125
v -4229.990234375 284.51455688476562 -24281.052734375
v -4220.47802734375 284.51455688476562 -24285.537109375
v -4212.46484375 284.51455688476562 -24293.201171875
v -4207.37744140625 284.51455688476562 -24303.0546875
v -4210.357421875 432.20632934570312 -24300.775390625
v -4211.28564453125 433.88272094726562 -24301.083984375
v -4212.4130859375 436.64480590820312 -24300.939453125
v -4213.65869140625 440.2891845703125 -24300.35546875
v -4215.02734375 444.83935546875 -24299.322265625
v -4216.56103515625 450.54348754882812 -24297.732421875
v -4218.322265625 457.9305419921875 -24295.30859375
v -4220.55419921875 469.20748901367188 -24290.865234375
v -4210.357421875 432.20632934570312 -24300.775390625
v -4211.3564453125 421.99191284179688 -24300.013671875
v -4212.5517578125 413.30584716796875 -24298.837890625
v -4213.8583984375 406.73233032226562 -24297.333984375
v -4215.2802734375 402.31228637695312 -24295.494140625
v -4216.8583984375 400.4620361328125 -24293.224609375
v -4218.65087890625 402.61068725585938 -24290.328125
v -4220.87548828125 415.1441650390625 -24285.998046875
v -4210.357421875 432.20632934570312 -24300.775390625
v -4211.27978515625 421.935791015625 -24299.96875
v -4212.4013671875 413.19573974609375 -24298.75
v -4213.64208984375 406.57400512695312 -24297.20703125
v -4215.005859375 402.11163330078125 -24295.333984375
v -4216.53564453125 400.22573852539062 -24293.033203125
v -4218.29443359375 402.34967041015625 -24290.119140625
v -4220.52685546875 414.88909912109375 -24285.79296875
v -4210.357421875 432.20632934570312 -24300.775390625
v -4211.23779296875 421.9410400390625 -24299.947265625
v -4212.31884765625 413.20602416992188 -24298.70703125
v -4213.52392578125 406.58880615234375 -24297.146484375
v -4214.8564453125 402.13037109375 -24295.255859375
v -4216.359375 400.247802734375 -24292.943359375
v -4218.099609375 402.3740234375 -24290.01953125
v -4210.357421875 432.20632934570312 -24300.775390625
v -4211.19384765625 421.96994018554688 -24299.92578125
v -4212.232421875 413.26278686523438 -24298.66796875
v -4213.39892578125 406.67041015625 -24297.08984375
v -4214.6982421875 402.23379516601562 -24295.18359375
v -4216.17333984375 400.36962890625 -24292.859375
v -4217.89404296875 402.50860595703125 -24289.923828125
v -4210.357421875 432.20632934570312 -24300.775390625
v -4210.52294921875 424.36489868164062 -24299.80078125
v -4210.91552734375 417.96353149414062 -24298.419921875
v -4211.505859375 413.42916870117188 -24296.732421875
v -4212.298828125 410.79928588867188 -24294.732421875
v -4213.34716796875 410.45663452148438 -24292.326171875
v -4210.357421875 432.20632934570312 -24300.775390625
v -4209.65966796875 431.66326904296875 -24300.03125
v -4209.2216796875 432.28851318359375 -24298.87109375
v -4209.58935546875 443.5540771484375 -24301.1015625
v -4209.0830078125 455.62747192382812 -24300.97265625
v -4208.87109375 467.58255004882812 -24300.404296875
v -4208.9599609375 479.42861938476562 -24299.384765625
v -4210.357421875 432.20632934570312 -24300.775390625
v -4209.666015625 443.61019897460938 -24301.146484375
v -4209.2333984375 455.73757934570312 -24301.060546875
v -4209.08740234375 467.74087524414062 -24300.53125
v -4209.23388671875 479.6292724609375 -24299.544921875
v -4209.73828125 491.51339721679688 -24297.994140625
v -4210.357421875 432.20632934570312 -24300.775390625
v -4209.70751953125 443.60494995117188 -24301.16796875
v -4209.31591796875 455.72732543945312 -24301.103515625
v -4209.20556640625 467.72610473632812 -24300.591796875
v -4209.3837890625 479.61053466796875 -24299.62109375
v -4209.91455078125 491.49136352539062 -24298.083984375
v -4210.98095703125 503.16143798828125 -24295.697265625
v -4210.357421875 432.20632934570312 -24300.775390625
v -4209.751953125 443.57601928710938 -24301.1875
v -4209.40234375 455.6705322265625 -24301.142578125
v -4209.330078125 467.64447021484375 -24300.6484375
v -4209.5419921875 479.507080078125 -24299.6953125
v -4210.1005859375 491.36953735351562 -24298.169921875
v -4211.1865234375 503.02688598632812 -24295.791015625
v -4210.357421875 432.20632934570312 -24300.775390625
v -4210.4228515625 441.18106079101562 -24301.314453125
v -4210.71923828125 450.96978759765625 -24301.390625
v -4211.2236328125 460.88571166992188 -24301.005859375
v -4211.94140625 470.94161987304688 -24300.146484375
v -4212.9267578125 481.28250122070312 -24298.703125
v -4214.3076171875 491.88479614257812 -24296.37890625
v -4216.630859375 502.3905029296875 -24291.912109375
v -4211.28564453125 433.88272094726562 -24301.083984375
v -4212.4130859375 436.64480590820312 -24300.939453125
v -4213.65869140625 440.2891845703125 -24300.35546875
v -4215.02734375 444.83935546875 -24299.322265625
v -4216.56103515625 450.54348754882812 -24297.732421875
v -4218.322265625 457.9305419921875 -24295.30859375
v -4220.55419921875 469.20748901367188 -24290.865234375
v -4216.078125 400.97332763671875 -24294.376953125
v -4218.189453125 417.06655883789062 -24295.462890625
v -4215.80126953125 447.63812255859375 -24298.578125
v -4216.41015625 416.41213989257812 -24297.396484375
v -4217.318359375 416.44503784179688 -24296.462890625
v -4217.79443359375 400.95721435546875 -24291.7578125
v -4220.12109375 420.95199584960938 -24292.802734375
v -4217.47802734375 454.26788330078125 -24296.55859375
v -4219.21142578125 418.63238525390625 -24294.142578125
v -4219.86279296875 407.48123168945312 -24288.115234375
v -4222.31201171875 433.06887817382812 -24288.416015625
v -4219.529296875 463.65591430664062 -24293.171875
v -4221.35595703125 426.10595703125 -24290.626953125
v -4221.5341796875 475.99020385742188 -24287.60546875
v -4223.029296875 445.26065063476562 -24285.521484375
v -4215.77783203125 400.75314331054688 -24294.19921875
v -4216.7021484375 400.298828125 -24293.126953125
v -4215.1474609375 402.17367553710938 -24295.412109375
v -4215.9326171875 400.82122802734375 -24294.287109375
v -4217.451171875 400.7056884765625 -24291.556640625
v -4218.47802734375 402.43038940429688 -24290.220703125
v -4217.62841796875 400.78347778320312 -24291.65625
v -4215.61328125 400.773681640625 -24294.115234375
v -4216.44873046875 400.22457885742188 -24292.98828125
v -4214.93212890625 402.11065673828125 -24295.294921875
v -4215.69677734375 400.75204467773438 -24294.15625
v -4217.263671875 400.72915649414062 -24291.4609375
v -4218.1982421875 402.348388671875 -24290.068359375
v -4217.3583984375 400.70443725585938 -24291.5078125
v -4215.43994140625 400.88720703125 -24294.03515625
v -4216.267578125 400.29595947265625 -24292.900390625
v -4214.7783203125 402.1712646484375 -24295.220703125
v -4215.52783203125 400.81857299804688 -24294.07421875
v -4217.0654296875 400.85882568359375 -24291.369140625
v -4217.998046875 402.42724609375 -24289.970703125
v -4217.16552734375 400.78042602539062 -24291.4140625
v -4211.1845703125 415.4781494140625 -24297.6171875
v -4212.52587890625 408.69293212890625 -24296.822265625
v -4212.796875 409.72314453125 -24297.921875
v -4211.625 414.66946411132812 -24298.482421875
v -4212.0537109375 411.44528198242188 -24297.6953125
v -4211.88037109375 411.84564208984375 -24295.76171875
v -4213.591796875 404.79696655273438 -24294.845703125
v -4214.03955078125 404.13864135742188 -24296.16796875
v -4213.0439453125 406.44488525390625 -24295.86328125
v -4212.80712890625 410.28607177734375 -24293.5390625
v -4214.8701171875 403.38809204101562 -24292.4609375
v -4214.2255859375 403.69973754882812 -24293.666015625
v -4216.45458984375 405.8427734375 -24289.486328125
v -4215.67822265625 404.07192993164062 -24290.9453125
v -4209.984375 431.7955322265625 -24300.462890625
v -4210.0419921875 427.772705078125 -24299.8671875
v -4210.41015625 428.1944580078125 -24300.349609375
v -4210.357421875 432.20632934570312 -24300.775390625
v -4210.1728515625 429.87591552734375 -24300.3828125
v -4209.94921875 437.66259765625 -24300.990234375
v -4209.2734375 439.6116943359375 -24300.568359375
v -4210.357421875 432.20632934570312 -24300.775390625
v -4209.79345703125 435.71737670898438 -24300.728515625
v -4209.3037109375 449.46917724609375 -24301.095703125
v -4209.40869140625 431.8251953125 -24299.505859375
v -4208.8349609375 443.61932373046875 -24300.306640625
v -4208.94140625 461.5892333984375 -24300.744140625
v -4208.87646484375 473.5966796875 -24299.947265625
v -4212.41455078125 476.28009033203125 -24299.48046875
v -4211.40380859375 488.35107421875 -24298.568359375
v -4209.78173828125 485.678955078125 -24298.984375
v -4210.6484375 476.94393920898438 -24300.03125
v -4210.99609375 482.86639404296875 -24299.35546875
v -4213.609375 486.98895263671875 -24297.58984375
v -4212.6259765625 499.69271850585938 -24296.23046875
v -4210.60107421875 497.72637939453125 -24297.0234375
v -4211.98828125 494.51327514648438 -24297.447265625
v -4215.45263671875 498.13485717773438 -24294.259765625
v -4214.9873046875 510.02105712890625 -24291.767578125
v -4213.74462890625 506.06341552734375 -24294.109375
v -4218.1982421875 504.20654296875 -24288.494140625
v -4221.5341796875 475.99020385742188 -24287.60546875
v -4218.81591796875 486.89642333984375 -24291.607421875
v -4220.05615234375 491.03152465820312 -24288.236328125
v -4218.23388671875 401.6492919921875 -24291.03515625
v -4219.75439453125 408.03268432617188 -24291.408203125
v -4219.681640625 419.7071533203125 -24293.470703125
v -4218.85791015625 406.18231201171875 -24292.798828125
v -4219.3203125 406.98751831054688 -24292.099609375
v -4220.39306640625 410.92709350585938 -24287.048828125
v -4221.95361328125 420.44302368164062 -24287.052734375
v -4221.86865234375 429.33303833007812 -24289.53125
v -4220.9833984375 412.98703002929688 -24289.2109375
v -4221.50048828125 416.36819458007812 -24288.1328125
v -4219.5009765625 407.2161865234375 -24287.90234375
v -4220.70654296875 414.96798706054688 -24285.89453125
v -4219.6875 407.29815673828125 -24288.0078125
v -4219.2919921875 404.75238037109375 -24289.189453125
v -4220.783203125 423.35675048828125 -24291.69921875
v -4220.4111328125 410.25213623046875 -24290.28515625
v -4223.0712890625 452.14950561523438 -24284.2578125
v -4222.724609375 434.52456665039062 -24284.36328125
v -4222.76806640625 438.81964111328125 -24286.931640625
v -4222.43115234375 426.959228515625 -24285.650390625
v -4208.89697265625 464.58831787109375 -24300.587890625
v -4209.12548828125 461.72406005859375 -24300.8515625
v -4208.97607421875 467.69192504882812 -24300.46875
v -4209.15576171875 455.70355224609375 -24301.017578125
v -4209.03076171875 461.682373046875 -24300.798828125
v -4209.123046875 473.7772216796875 -24300.091796875
v -4209.0927734375 479.56719970703125 -24299.466796875
v -4208.99609375 473.72137451171875 -24300.021484375
v -4208.8642578125 470.60565185546875 -24300.189453125
v -4209.44384765625 485.81298828125 -24298.822265625
v -4209.57177734375 491.44033813476562 -24297.900390625
v -4209.2890625 485.74490356445312 -24298.734375
v -4211.08251953125 503.10824584960938 -24295.744140625
v -4217.48486328125 507.89892578125 -24288.466796875
v -4215.88720703125 511.1065673828125 -24290.078125
v -4217.43115234375 503.9385986328125 -24290.21484375
v -4215.79150390625 506.73281860351562 -24291.87890625
v -4216.642578125 508.01766967773438 -24290.18359375
v -4221.779296875 478.70907592773438 -24286.056640625
v -4220.501953125 491.70932006835938 -24286.6015625
v -4220.8603515625 483.50299072265625 -24287.953125
v -4221.19677734375 485.202392578125 -24286.359375
v -4219.15283203125 498.09912109375 -24288.423828125
v -4219.72119140625 497.81784057617188 -24286.765625
v -4219.4833984375 489.38388061523438 -24289.9296875
v -4217.75341796875 495.20806884765625 -24291.828125
v -4218.4853515625 497.19161987304688 -24290.13671875
v -4219.529296875 463.65591430664062 -24293.171875
v -4216.54345703125 476.03060913085938 -24296.068359375
v -4217.72314453125 482.03567504882812 -24293.943359375
v -4220.1328125 409.10806274414062 -24287.58203125
v -4221.0146484375 412.71014404296875 -24287.5390625
v -4221.24853515625 414.5908203125 -24288.673828125
v -4220.4921875 409.28549194335938 -24288.611328125
v -4220.75927734375 410.90475463867188 -24288.076171875
v -4220.2197265625 410.74615478515625 -24286.94140625
v -4220.79248046875 415.04425048828125 -24285.9453125
v -4219.7763671875 407.37741088867188 -24288.060546875
v -4220.3076171875 410.82449340820312 -24286.994140625
v -4219.5849609375 406.04248046875 -24288.646484375
v -4220.70654296875 411.55380249023438 -24289.744140625
v -4219.92041015625 406.55465698242188 -24289.685546875
v -4220.21435546875 407.84854125976562 -24289.142578125
v -4219.11669921875 404.56948852539062 -24289.08203125
v -4218.56591796875 402.50845336914062 -24290.275390625
v -4219.20556640625 404.648681640625 -24289.13671875
v -4215.80126953125 447.63812255859375 -24298.578125
v -4214.95068359375 466.92959594726562 -24298.419921875
v -4213.66015625 458.75372314453125 -24299.90625
v -4214.30078125 462.90634155273438 -24299.21875
v -4217.47802734375 454.26788330078125 -24296.55859375
v -4215.763671875 471.7105712890625 -24297.2890625
v -4221.779296875 478.70907592773438 -24286.056640625
v -4222.5712890625 460.34640502929688 -24286.6875
v -4222.67529296875 465.18814086914062 -24285.265625
v -4210.7529296875 502.76406860351562 -24295.720703125
v -4210.45947265625 500.6666259765625 -24296.20703125
v -4209.8974609375 495.64520263671875 -24297.193359375
v -4209.13671875 485.42230224609375 -24298.66796875
v -4208.69140625 475.1947021484375 -24299.623046875
v -4208.51806640625 468.39910888671875 -24300.017578125
v -4208.4267578125 461.340087890625 -24300.23046875
v -4208.42529296875 454.16574096679688 -24300.234375
v -4208.52392578125 447.11239624023438 -24300.00390625
v -4208.77392578125 439.37405395507812 -24299.439453125
v -4209.1689453125 432.54736328125 -24298.599609375
v -4209.9189453125 424.92990112304688 -24297.154296875
v -4210.86865234375 419.10629272460938 -24295.533203125
v -4212.32763671875 413.6689453125 -24293.38671875
v -4213.60888671875 410.76446533203125 -24291.755859375
v -4214.53125 409.422607421875 -24290.69921875
v -4215.5068359375 408.59896850585938 -24289.673828125
v -4216.01318359375 408.40716552734375 -24289.171875
v -4216.53125 408.38275146484375 -24288.681640625
v -4217.05859375 408.54486083984375 -24288.203125
v -4217.59423828125 408.91622924804688 -24287.736328125
v -4218.25732421875 409.6939697265625 -24287.1875
v -4220.015625 413.92562866210938 -24285.859375
v -4221.28759765625 420.04000854492188 -24285.00390625
v -4222.18408203125 427.55526733398438 -24284.451171875
v -4222.759765625 436.21286010742188 -24284.115234375
v -4223.06103515625 448.77969360351562 -24283.9453125
v -4223.044921875 454.00778198242188 -24283.955078125
v -4222.91064453125 460.95004272460938 -24284.029296875
v -4222.6591796875 467.77120971679688 -24284.171875
v -4222.298828125 474.4061279296875 -24284.3828125
v -4221.8369140625 480.79190063476562 -24284.66015625
v -4221.8369140625 480.79190063476562 -24284.66015625
v -4220.583984375 492.88235473632812 -24285.466796875
v -4218.9970703125 502.76406860351562 -24286.60546875
v -4218.97900390625 502.85296630859375 -24286.619140625
v -4218.708984375 504.12744140625 -24286.83203125
v -4217.8828125 507.401123046875 -24287.546875
v -4217.0390625 509.8851318359375 -24288.3515625
v -4216.1865234375 511.59832763671875 -24289.212890625
v -4215.33203125 512.55877685546875 -24290.115234375
v -4214.9521484375 512.7471923828125 -24290.52734375
v -4214.57373046875 512.7877197265625 -24290.94140625
v -4214.1982421875 512.6805419921875 -24291.357421875
v -4213.8271484375 512.42596435546875 -24291.775390625
v -4213.10107421875 511.47506713867188 -24292.61328125
v -4212.4072265625 509.9420166015625 -24293.4453125
v -4212.3876953125 509.8887939453125 -24293.46875
v -4211.92431640625 508.44921875 -24294.052734375
v -4221.09423828125 417.54754638671875 -24285.484375
v -4220.25 414.08865356445312 -24285.8828125
v -4208.65185546875 453.7054443359375 -24300.568359375
v -4210.52001953125 500.93698120117188 -24296.162109375
v -4211.40380859375 506.0958251953125 -24294.84765625
v -4232.57763671875 265.28836059570312 -24281.82421875
v -4232.408203125 272.92889404296875 -24284.3359375
v -4233.4619140625 285.14706420898438 -24286.4140625
v -4235.33056640625 300.18527221679688 -24288.13671875
v -4237.92236328125 317.83200073242188 -24289.57421875
v -4241.26806640625 338.1658935546875 -24290.705078125
v -4245.5361328125 361.70968627929688 -24291.439453125
v -4251.111328125 389.39883422851562 -24291.48828125
v -4232.57763671875 265.28836059570312 -24281.82421875
v -4237.19970703125 247.48896789550781 -24284.544921875
v -4242 239.81242370605469 -24286.7890625
v -4246.791015625 239.33283996582031 -24288.638671875
v -4251.6318359375 245.04301452636719 -24290.173828125
v -4256.5078125 257.24862670898438 -24291.373046875
v -4261.3828125 277.56979370117188 -24292.1328125
v -4232.57763671875 265.28836059570312 -24281.82421875
v -4237.26611328125 247.24440002441406 -24284.31640625
v -4242.119140625 239.37660217285156 -24286.37890625
v -4246.951171875 238.74784851074219 -24288.08984375
v -4251.82275390625 244.34326171875 -24289.515625
v -4256.720703125 256.47073364257812 -24290.640625
v -4261.60400390625 276.76092529296875 -24291.373046875
v -4232.57763671875 265.28836059570312 -24281.82421875
v -4237.3017578125 247.17855834960938 -24284.056640625
v -4242.1826171875 239.25924682617188 -24285.91796875
v -4247.0361328125 238.59033203125 -24287.470703125
v -4251.92431640625 244.15486145019531 -24288.77734375
v -4256.83349609375 256.26129150390625 -24289.8203125
v -4261.7216796875 276.54315185546875 -24290.51953125
v -4232.57763671875 265.28836059570312 -24281.82421875
v -4237.302734375 247.30992126464844 -24283.771484375
v -4251.9267578125 244.53073120117188 -24287.9609375
v -4256.8359375 256.67913818359375 -24288.912109375
v -4232.57763671875 265.28836059570312 -24281.82421875
v -4232.57763671875 265.28836059570312 -24281.82421875
v -4232.57763671875 265.28836059570312 -24281.82421875
v -4232.57763671875 265.28836059570312 -24281.82421875
v -4232.57763671875 265.28836059570312 -24281.82421875
v -4229.93798828125 287.21719360351562 -24281.748046875
v -4230.85546875 358.71377563476562 -24282.171875
v -4233.41162109375 383.61288452148438 -24282.4765625
v -4237.36669921875 408.9666748046875 -24282.8828125
v -4243.42138671875 433.88394165039062 -24283.43359375
v -4232.408203125 272.92889404296875 -24284.3359375
v -4233.4619140625 285.14706420898438 -24286.4140625
v -4235.33056640625 300.18527221679688 -24288.13671875
v -4237.92236328125 317.83200073242188 -24289.57421875
v -4241.26806640625 338.1658935546875 -24290.705078125
v -4245.5361328125 361.70968627929688 -24291.439453125
v -4251.111328125 389.39883422851562 -24291.48828125
v -4244.3583984375 238.78092956542969 -24287.7421875
v -4242.52490234375 260.82254028320312 -24290.908203125
v -4234.291015625 292.23471069335938 -24287.30078125
v -4238.82177734375 255.82208251953125 -24288.478515625
v -4240.61083984375 257.6578369140625 -24289.736328125
v -4249.22607421875 241.44313049316406 -24289.453125
v -4246.5283203125 270.74801635742188 -24292.888671875
v -4236.5478515625 308.76040649414062 -24288.896484375
v -4244.5068359375 265.2158203125 -24291.962890625
v -4254.1416015625 250.46025085449219 -24290.837890625
v -4250.8349609375 285.8240966796875 -24294.390625
v -4239.54638671875 327.95611572265625 -24290.19921875
v -4248.70849609375 277.82748413085938 -24293.728515625
v -4259.10302734375 266.85025024414062 -24291.84375
v -4255.48388671875 307.2833251953125 -24295.26953125
v -4243.40185546875 350.21786499023438 -24291.15625
v -4253.25830078125 296.29104614257812 -24294.951171875
v -4263.86865234375 292.6002197265625 -24292.267578125
v -4260.4755859375 338.16485595703125 -24295.095703125
v -4248.2431640625 375.56411743164062 -24291.583984375
v -4258.05224609375 321.8984375 -24295.361328125
v -4257.10693359375 415.24136352539062 -24290.375
v -4264.45703125 375.0283203125 -24293.20703125
v -4244.4990234375 238.26705932617188 -24287.259765625
v -4246.8798828125 238.98994445800781 -24288.373046875
v -4242.06640625 239.55696105957031 -24286.58984375
v -4244.4365234375 238.47972106933594 -24287.5078125
v -4244.57373046875 238.12869262695312 -24286.716796875
v -4247.00341796875 238.61270141601562 -24287.7890625
v -4242.158203125 239.27592468261719 -24286.154296875
v -4244.544921875 238.14834594726562 -24286.99609375
v -4247.0478515625 238.68601989746094 -24287.138671875
v -4242.19140625 239.33053588867188 -24285.669921875
v -4244.583984375 238.21275329589844 -24286.423828125
v -4234.427734375 257.35610961914062 -24281.9140625
v -4237.13427734375 248.58479309082031 -24282.95703125
v -4234.7177734375 255.41754150390625 -24282.767578125
v -4232.57763671875 265.28836059570312 -24281.82421875
v -4234.63525390625 256.04644775390625 -24282.365234375
v -4232.57763671875 265.28836059570312 -24281.82421875
v -4232.57763671875 265.28836059570312 -24281.82421875
v -4251.0712890625 450.15725708007812 -24284.0546875
v -4242.1123046875 442.14971923828125 -24280.59765625
v -4250.04345703125 456.64495849609375 -24281.828125
v -4257.10693359375 415.24136352539062 -24290.375
v -4246.873046875 413.50390625 -24287.919921875
v -4253.7802734375 434.16116333007812 -24287.57421875
v -4250.435546875 243.06346130371094 -24289.826171875
v -4249.88671875 253.30758666992188 -24292.2109375
v -4245.51513671875 267.8482666015625 -24292.443359375
v -4247.6123046875 249.08642578125 -24291.3359375
v -4248.75341796875 251.03218078613281 -24291.7890625
v -4249.40283203125 240.79597473144531 -24288.84375
v -4251.73779296875 244.63285827636719 -24289.85546875
v -4249.32421875 241.06379699707031 -24289.158203125
v -4255.345703125 253.69871520996094 -24291.12109375
v -4254.568359375 266.43609619140625 -24293.63671875
v -4249.78125 281.72671508789062 -24294.08203125
v -4252.2841796875 259.25924682617188 -24293.005859375
v -4253.443359375 262.71017456054688 -24293.341796875
v -4254.34521484375 249.71524047851562 -24290.13671875
v -4256.6259765625 256.79266357421875 -24291.017578125
v -4254.2548828125 250.0235595703125 -24290.498046875
v -4252.90185546875 247.56523132324219 -24290.521484375
v -4247.6220703125 274.1578369140625 -24293.330078125
v -4251.0966796875 256.11517333984375 -24292.62890625
v -4260.28466796875 272.10040283203125 -24292.009765625
v -4259.36572265625 287.1231689453125 -24294.486328125
v -4254.3984375 301.74737548828125 -24295.140625
v -4257.10498046875 276.31591796875 -24294.17578125
v -4258.27197265625 281.63238525390625 -24294.357421875
v -4259.322265625 266.04879760742188 -24291.08984375
v -4261.50537109375 277.09567260742188 -24291.763671875
v -4259.224609375 266.38046264648438 -24291.478515625
v -4257.8427734375 261.87930297851562 -24291.630859375
v -4252.068359375 290.96533203125 -24294.703125
v -4255.8681640625 271.23092651367188 -24293.935546875
v -4265 301.10302734375 -24292.240234375
v -4264.1298828125 319.18719482421875 -24294.357421875
v -4259.29150390625 329.85769653320312 -24295.27734375
v -4261.8798828125 302.02008056640625 -24294.58984375
v -4263.0478515625 310.34811401367188 -24294.517578125
v -4263.98974609375 292.13272094726562 -24291.904296875
v -4262.65625 284.7435302734375 -24292.23046875
v -4256.77734375 314.356201171875 -24295.357421875
v -4260.64599609375 294.26446533203125 -24294.576171875
v -4262.7177734375 356.51217651367188 -24294.376953125
v -4266.048828125 339.21453857421875 -24293.703125
v -4232.8447265625 264.61502075195312 -24281.234375
v -4233.1767578125 262.7265625 -24281.513671875
v -4232.57763671875 265.28836059570312 -24281.82421875
v -4233.01318359375 263.66522216796875 -24281.361328125
v -4232.57763671875 265.28836059570312 -24281.82421875
v -4254.88671875 452.54354858398438 -24284.333984375
v -4250.48193359375 453.80844116210938 -24282.923828125
v -4254.41650390625 455.45660400390625 -24283.43359375
v -4259.70263671875 424.68612670898438 -24289.37890625
v -4257.04833984375 439.78118896484375 -24287.14453125
v -4255.42236328125 424.75701904296875 -24289.09765625
v -4258.35791015625 432.27813720703125 -24288.359375
v -4252.29345703125 442.83740234375 -24285.86328125
v -4255.86181640625 446.70346069335938 -24285.77734375
v -4254.63720703125 454.07803344726562 -24283.880859375
v -4252.4716796875 455.16665649414062 -24283.177734375
v -4250.24365234375 455.33200073242188 -24282.369140625
v -4252.25634765625 456.54293823242188 -24282.677734375
v -4247.1728515625 443.75762939453125 -24283.748046875
v -4245.97998046875 451.29165649414062 -24281.162109375
v -4242.67041015625 438.53579711914062 -24281.994140625
v -4246.48876953125 447.99765014648438 -24282.435546875
v -4240.18798828125 422.16058349609375 -24283.146484375
v -4253.00390625 451.868408203125 -24284.19921875
v -4250.75830078125 452.08056640625 -24283.486328125
v -4252.72119140625 453.60580444335938 -24283.685546875
v -4258.548828125 441.22775268554688 -24286.873046875
v -4257.52978515625 447.17294311523438 -24285.69921875
v -4256.43359375 443.34722900390625 -24286.474609375
v -4258.02099609375 444.29046630859375 -24286.298828125
v -4255.3427734375 449.78762817382812 -24285.060546875
v -4257.083984375 449.82177734375 -24285.083984375
v -4234.291015625 292.23471069335938 -24287.30078125
v -4232.07421875 318.705078125 -24285.396484375
v -4231.0361328125 298.94415283203125 -24284.37109375
v -4231.4306640625 308.5028076171875 -24284.892578125
v -4236.5478515625 308.76040649414062 -24288.896484375
v -4234.02734375 339.98452758789062 -24286.294921875
v -4232.9453125 329.2476806640625 -24285.865234375
v -4239.54638671875 327.95611572265625 -24290.19921875
v -4236.93798828125 362.79217529296875 -24287.060546875
v -4232.02197265625 371.48150634765625 -24282.318359375
v -4235.3994140625 351.5411376953125 -24286.70703125
v -4243.40185546875 350.21786499023438 -24291.15625
v -4241.03369140625 387.31674194335938 -24287.6484375
v -4235.30712890625 397.04110717773438 -24282.677734375
v -4238.94091796875 375.58990478515625 -24287.400390625
v -4248.2431640625 375.56411743164062 -24291.583984375
v -4243.8037109375 400.81326293945312 -24287.845703125
v -4259.70263671875 424.68612670898438 -24289.37890625
v -4260.74853515625 395.05172729492188 -24292.33984375
v -4262.60791015625 408.57797241210938 -24290.9453125
v -4261.75927734375 430.87255859375 -24288.203125
v -4259.37744140625 443.6387939453125 -24286.2734375
v -4256.64453125 452.211669921875 -24284.45703125
v -4253.8779296875 456.61203002929688 -24282.9765625
v -4252.404296875 457.62594604492188 -24282.318359375
v -4251.65234375 457.83477783203125 -24282.013671875
v -4250.890625 457.84649658203125 -24281.7265625
v -4249.8564453125 457.55413818359375 -24281.37109375
v -4248.818359375 456.91448974609375 -24281.048828125
v -4246.74169921875 454.62078857421875 -24280.515625
v -4242.72607421875 446.27584838867188 -24279.87109375
v -4239.09765625 433.6680908203125 -24279.708984375
v -4235.98046875 417.71798706054688 -24279.8828125
v -4234.37939453125 406.93524169921875 -24280.0859375
v -4232.419921875 390.13018798828125 -24280.44140625
v -4230.869140625 372.18878173828125 -24280.80859375
v -4229.72705078125 353.39273071289062 -24281.130859375
v -4229.02001953125 333.97412109375 -24281.3515625
v -4228.85107421875 324.14285278320312 -24281.40625
v -4228.8251953125 314.26815795898438 -24281.416015625
v -4229.31396484375 294.71875 -24281.2578125
v -4229.990234375 284.51455688476562 -24281.052734375
v -4262.97705078125 284.51455688476562 -24289.33984375
v -4263.42431640625 286.72445678710938 -24289.787109375
v -4264.267578125 292.0447998046875 -24290.677734375
v -4264.9990234375 298.58078002929688 -24291.5078125
v -4265.5712890625 305.95730590820312 -24292.1953125
v -4266.03662109375 315.04483032226562 -24292.78515625
v -4266.4345703125 330.12384033203125 -24293.310546875
v -4266.51416015625 345.58084106445312 -24293.41796875
v -4266.3740234375 359.0867919921875 -24293.228515625
v -4266.06005859375 372.37115478515625 -24292.814453125
v -4265.39697265625 389.180419921875 -24291.982421875
v -4264.74609375 400.59600830078125 -24291.21484375
v -4263.93310546875 411.4481201171875 -24290.31640625
v -4262.94287109375 421.59860229492188 -24289.306640625
v -4261.75927734375 430.87255859375 -24288.203125
v -4230.5654296875 278.89749145507812 -24280.953125
v -4230.9482421875 275.8739013671875 -24280.9375
v -4231.36572265625 272.9788818359375 -24280.947265625
v -4231.72314453125 270.74661254882812 -24280.9765625
v -4232.09716796875 268.59979248046875 -24281.01953125
v -4232.88818359375 264.55899047851562 -24281.154296875
v -4233.30517578125 262.64242553710938 -24281.244140625
v -4233.73193359375 260.80633544921875 -24281.349609375
v -4234.6083984375 257.36538696289062 -24281.599609375
v -4235.736328125 253.46473693847656 -24281.98828125
v -4237.11962890625 249.32894897460938 -24282.560546875
v -4238.3046875 246.28053283691406 -24283.130859375
v -4239.58642578125 243.4951171875 -24283.810546875
v -4240.8876953125 241.26162719726562 -24284.525390625
v -4242.1884765625 239.67623901367188 -24285.197265625
v -4243.55517578125 238.70866394042969 -24285.77734375
v -4244.2744140625 238.47747802734375 -24286.001953125
v -4245.0126953125 238.44606018066406 -24286.158203125
v -4245.76513671875 238.65476989746094 -24286.2265625
v -4246.513671875 239.16786193847656 -24286.181640625
v -4247.0439453125 239.78044128417969 -24286.068359375
v -4247.912109375 241.43307495117188 -24285.70703125
v -4248.6630859375 243.72323608398438 -24285.23046875
v -4249.01220703125 245.03887939453125 -24284.986328125
v -4249.3603515625 246.43193054199219 -24284.7578125
v -4250.08837890625 249.32894897460938 -24284.380859375
v -4250.6181640625 251.28691101074219 -24284.205078125
v -4251.17431640625 253.17462158203125 -24284.09375
v -4252.33984375 256.65237426757812 -24284.0546875
v -4254.72314453125 262.5184326171875 -24284.4921875
v -4257.02685546875 267.54849243164062 -24285.35546875
v -4259.21142578125 272.50735473632812 -24286.498046875
v -4261.501953125 278.87033081054688 -24288.056640625
v -4262.16845703125 281.19064331054688 -24288.6015625
v -4247.03759765625 238.90455627441406 -24286.7890625
v -4263.43017578125 286.4306640625 -24290.646484375
v -4262.466796875 281.047119140625 -24289.640625
v -4264.20947265625 292.669189453125 -24291.51953125
v -4231.7041015625 270.54815673828125 -24281.33203125
v -4231.4755859375 272.0389404296875 -24281.28125
v -4229.421875 334.36294555664062 -24281.94921875
vt 0.99853515625 0.32930305600166321
vt 0.65632927417755127 0.65609484910964966
vt 0.99853515625 0.34892833232879639
vt 0.99853515625 0.36841773986816406
vt 0.99853515625 0.38777264952659607
vt 0.99853515625 0.40699443221092224
vt 0.99853515625 0.42696824669837952
vt 0.99853515625 0.44664281606674194
vt 0.99853515625 0.46591252088546753
vt 0.99853515625 0.48478978872299194
vt 0.65632927417755127 0.5588231086730957
vt 0.65632927417755127 0.54495888948440552
vt 0.65632927417755127 0.53099262714385986
vt 0.65632927417755127 0.51692312955856323
vt 0.65632927417755127 0.50274932384490967
vt 0.65632927417755127 0.4875132143497467
vt 0.65632927417755127 0.47244688868522644
vt 0.65632927417755127 0.4582487940788269
vt 0.65632927417755127 0.44484591484069824
vt 0.65632927417755127 0.43118056654930115
vt 0.65632927417755127 0.41610819101333618
vt 0.65632927417755127 0.40029063820838928
vt 0.65632927417755127 0.38615787029266357
vt 0.65632927417755127 0.37263783812522888
vt 0.65632927417755127 0.3586706817150116
vt 0.65632927417755127 0.34423378109931946
vt 0.65632927417755127 0.32930305600166321
vt 0.68850713968276978 0.37015202641487122
vt 0.67640584707260132 0.37300014495849609
vt 0.66839909553527832 0.37638333439826965
vt 0.6659846305847168 0.37817558646202087
vt 0.66452950239181519 0.38000568747520447
vt 0.66414189338684082 0.3809235692024231
vt 0.66396737098693848 0.38184645771980286
vt 0.66400146484375 0.38277187943458557
vt 0.66424024105072021 0.38369739055633545
vt 0.66546505689620972 0.38571465015411377
vt 0.66766345500946045 0.38771739602088928
vt 0.67612636089324951 0.39197820425033569
vt 0.68751621246337891 0.39525300264358521
vt 0.70272445678710938 0.39796525239944458
vt 0.71798527240753174 0.39966520667076111
vt 0.73403799533843994 0.40073686838150024
vt 0.747153639793396 0.40119588375091553
vt 0.76045942306518555 0.40133717656135559
vt 0.77375507354736328 0.40117931365966797
vt 0.78688192367553711 0.40073862671852112
vt 0.80365520715713501 0.39974841475486755
vt 0.81952565908432007 0.39831212162971497
vt 0.83779186010360718 0.39586818218231201
vt 0.85296440124511719 0.39278912544250488
vt 0.86281073093414307 0.38966751098632812
vt 0.8669278621673584 0.3876272439956665
vt 0.86948972940444946 0.38551810383796692
vt 0.87016165256500244 0.38444814085960388
vt 0.87041759490966797 0.38337799906730652
vt 0.87025719881057739 0.38231033086776733
vt 0.86967968940734863 0.38124769926071167
vt 0.86736857891082764 0.37921321392059326
vt 0.86355316638946533 0.37726011872291565
vt 0.85188531875610352 0.37371143698692322
vt 0.83152729272842407 0.37015202641487122
vt 0.82044988870620728 0.3688429594039917
vt 0.80863159894943237 0.36775699257850647
vt 0.79624456167221069 0.36689507961273193
vt 0.78343182802200317 0.36625909805297852
vt 0.7748914361000061 0.36596792936325073
vt 0.76074689626693726 0.36571133136749268
vt 0.74653005599975586 0.36574214696884155
vt 0.73243212699890137 0.36608427762985229
vt 0.71873092651367188 0.36676666140556335
vt 0.71358382701873779 0.36713016033172607
vt 0.70121610164642334 0.36830931901931763
vt 0.69020634889602661 0.36985540390014648
vt 0.99853515625 0.60796785354614258
vt 0.99017250537872314 0.60461932420730591
vt 0.97759550809860229 0.5998724102973938
vt 0.96392637491226196 0.59515494108200073
vt 0.95649272203445435 0.59282600879669189
vt 0.94847315549850464 0.5905422568321228
vt 0.94131100177764893 0.58873623609542847
vt 0.93338954448699951 0.58703285455703735
vt 0.92436134815216064 0.58551543951034546
vt 0.91389733552932739 0.58438420295715332
vt 0.90553587675094604 0.58400613069534302
vt 0.8969799280166626 0.58413892984390259
vt 0.88205474615097046 0.58577638864517212
vt 0.87461858987808228 0.58739650249481201
vt 0.86867886781692505 0.58921486139297485
vt 0.86395996809005737 0.59113585948944092
vt 0.86024826765060425 0.5931161642074585
vt 0.8570212721824646 0.59545677900314331
vt 0.85482156276702881 0.59781557321548462
vt 0.85354125499725342 0.6001775860786438
vt 0.85309898853302002 0.60253262519836426
vt 0.85312652587890625 0.60331988334655762
vt 0.85401719808578491 0.60635834932327271
vt 0.8560711145401001 0.60936242341995239
vt 0.8632819652557373 0.61524587869644165
vt 0.87091249227523804 0.61945915222167969
vt 0.87172824144363403 0.61985337734222412
vt 0.88539361953735352 0.62554395198822021
vt 0.90192639827728271 0.6310495138168335
vt 0.92102760076522827 0.63636195659637451
vt 0.94261234998703003 0.64145016670227051
vt 0.95520377159118652 0.64404326677322388
vt 0.96863424777984619 0.64651095867156982
vt 0.9830702543258667 0.64879244565963745
vt 0.99853515625 0.65073025226593018
vt 0.99853515625 0.65609484910964966
vt 0.65632927417755127 0.57915294170379639
vt 0.65961796045303345 0.58009392023086548
vt 0.66749131679534912 0.5819585919380188
vt 0.68352037668228149 0.58464449644088745
vt 0.69955688714981079 0.58633130788803101
vt 0.71021205186843872 0.58701533079147339
vt 0.72128027677536011 0.58738237619400024
vt 0.73252934217453003 0.5873875617980957
vt 0.74358868598937988 0.58699268102645874
vt 0.75572210550308228 0.58601075410842896
vt 0.76642608642578125 0.58452558517456055
vt 0.77836990356445312 0.58188527822494507
vt 0.78750109672546387 0.5787883996963501
vt 0.79602664709091187 0.57439690828323364
vt 0.80058073997497559 0.57088035345077515
vt 0.80268406867980957 0.56854873895645142
vt 0.80397611856460571 0.56622874736785889
vt 0.80427682399749756 0.56507426500320435
vt 0.80431514978408813 0.56392616033554077
vt 0.80406093597412109 0.56278640031814575
vt 0.8034786581993103 0.56165820360183716
vt 0.80225920677185059 0.56029826402664185
vt 0.79562413692474365 0.55685961246490479
vt 0.78603702783584595 0.55450040102005005
vt 0.77425342798233032 0.55289155244827271
vt 0.76067870855331421 0.55187976360321045
vt 0.74097448587417603 0.55135607719421387
vt 0.73277699947357178 0.5513845682144165
vt 0.72189188003540039 0.55161696672439575
vt 0.71119654178619385 0.5520554780960083
vt 0.70079326629638672 0.5526885986328125
vt 0.6907806396484375 0.55351001024246216
vt 0.67182338237762451 0.55579304695129395
vt 0.65632927417755127 0.63662296533584595
vt 0.65632927417755127 0.61730992794036865
vt 0.65632927417755127 0.59815388917922974
vt 0.76905208826065063 0.48752734065055847
vt 0.74903517961502075 0.49269896745681763
vt 0.73559325933456421 0.49822771549224854
vt 0.72869372367858887 0.50333529710769653
vt 0.72710412740707397 0.5059046745300293
vt 0.72677665948867798 0.50718331336975098
vt 0.72675812244415283 0.50845670700073242
vt 0.72721695899963379 0.51015675067901611
vt 0.72821998596191406 0.511832594871521
vt 0.7318158745765686 0.51510566473007202
vt 0.7449004054069519 0.52121669054031372
vt 0.76466882228851318 0.52659416198730469
vt 0.78967785835266113 0.53118205070495605
vt 0.80658477544784546 0.53354793787002563
vt 0.83293437957763672 0.53646755218505859
vt 0.86106574535369873 0.53880780935287476
vt 0.89053714275360107 0.54055309295654297
vt 0.92098468542098999 0.54164493083953857
vt 0.93639969825744629 0.54190731048583984
vt 0.95188277959823608 0.54194808006286621
vt 0.98253542184829712 0.54119014739990234
vt 0.99853515625 0.54014897346496582
vt 0.99507015943527222 0.48376235365867615
vt 0.98672807216644287 0.48178806900978088
vt 0.97647994756698608 0.4800267219543457
vt 0.96491384506225586 0.47861349582672119
vt 0.95066499710083008 0.47743645310401917
vt 0.92702174186706543 0.47640776634216309
vt 0.90278583765029907 0.4761987030506134
vt 0.88160908222198486 0.47656553983688354
vt 0.86077982187271118 0.47737616300582886
vt 0.83442360162734985 0.47904729843139648
vt 0.8165244460105896 0.48064142465591431
vt 0.79950875043869019 0.48257768154144287
vt 0.78359323740005493 0.48486843705177307
vt 0.99853515625 0.55599033832550049
vt 0.99853515625 0.57400280237197876
vt 0.99853515625 0.592093825340271
vt 0.71324795484542847 0.091682225465774536
vt 0.71377885341644287 0.090076431632041931
vt 0.71500957012176514 0.083802051842212677
vt 0.71414762735366821 0.071114920079708099
vt 0.71135085821151733 0.063584774732589722
vt 0.70652133226394653 0.057165984064340591
vt 0.70189684629440308 0.054208766669034958
vt 0.69922828674316406 0.053485311567783356
vt 0.69646412134170532 0.053423225879669189
vt 0.69419211149215698 0.05390477180480957
vt 0.69206219911575317 0.054830614477396011
vt 0.69015282392501831 0.056108530610799789
vt 0.68846404552459717 0.057666324079036713
vt 0.68699908256530762 0.059432193636894226
vt 0.68574589490890503 0.0613541379570961
vt 0.68455255031585693 0.063696973025798798
vt 0.68359917402267456 0.066147252917289734
vt 0.68203389644622803 0.073655761778354645
vt 0.68209433555603027 0.081325434148311615
vt 0.68342024087905884 0.087923422455787659
vt 0.68600338697433472 0.094137854874134064
vt 0.68710339069366455 0.095955409109592438
vt 0.68472474813461304 0.09541068971157074
vt 0.67981052398681641 0.093753382563591003
vt 0.67504280805587769 0.091370999813079834
vt 0.67073369026184082 0.088409818708896637
vt 0.66684198379516602 0.084856517612934113
vt 0.6634829044342041 0.080807201564311981
vt 0.66074097156524658 0.076385281980037689
vt 0.65865427255630493 0.071705237030982971
vt 0.65724664926528931 0.066931299865245819
vt 0.65649020671844482 0.06219535693526268
vt 0.65632927417755127 0.057599354535341263
vt 0.65675461292266846 0.052808605134487152
vt 0.65783768892288208 0.047910090535879135
vt 0.65962618589401245 0.043036174029111862
vt 0.66213172674179077 0.03833688423037529
vt 0.66521316766738892 0.034098319709300995
vt 0.66887068748474121 0.030301297083497047
vt 0.67300224304199219 0.027055904269218445
vt 0.67748039960861206 0.024439789354801178
vt 0.68221360445022583 0.022475942969322205
vt 0.68701416254043579 0.021195126697421074
vt 0.69175165891647339 0.020562715828418732
vt 0.69635742902755737 0.020519191399216652
vt 0.70115596055984497 0.02107091061770916
vt 0.70603662729263306 0.022285839542746544
vt 0.71086478233337402 0.02420455776154995
vt 0.71549046039581299 0.026830824092030525
vt 0.71965354681015015 0.030029943212866783
vt 0.72335171699523926 0.033787950873374939
vt 0.72648048400878906 0.037996932864189148
vt 0.72896933555603027 0.042526043951511383
vt 0.7307623028755188 0.047157429158687592
vt 0.73191064596176147 0.051831118762493134
vt 0.73245078325271606 0.0564291812479496
vt 0.73243850469589233 0.060912251472473145
vt 0.73182004690170288 0.065788127481937408
vt 0.73051494359970093 0.070735655725002289
vt 0.72848451137542725 0.075612500309944153
vt 0.72573000192642212 0.080261565744876862
vt 0.72253817319869995 0.084264673292636871
vt 0.71882659196853638 0.087813623249530792
vt 0.8001672625541687 0.076193816959857941
vt 0.79546451568603516 0.075902447104454041
vt 0.79063123464584351 0.074981033802032471
vt 0.78579056262969971 0.07337699830532074
vt 0.78108477592468262 0.071070112287998199
vt 0.77682012319564819 0.068201467394828796
vt 0.77294957637786865 0.064753450453281403
vt 0.76958507299423218 0.060814879834651947
vt 0.76681071519851685 0.056501131504774094
vt 0.76467561721801758 0.051943209022283554
vt 0.76319253444671631 0.047275368124246597
vt 0.76209896802902222 0.039572723209857941
vt 0.76786810159683228 0.045438997447490692
vt 0.77611923217773438 0.049410082399845123
vt 0.78065478801727295 0.050182200968265533
vt 0.78525370359420776 0.050051324069499969
vt 0.78920310735702515 0.049153260886669159
vt 0.79431343078613281 0.04664219543337822
vt 0.79583233594894409 0.045496892184019089
vt 0.79753649234771729 0.04389537125825882
vt 0.79903566837310791 0.042100474238395691
vt 0.80030715465545654 0.040137715637683868
vt 0.80133330821990967 0.038036249577999115
vt 0.80197840929031372 0.036246664822101593
vt 0.80283522605895996 0.031449340283870697
vt 0.80255693197250366 0.02658405527472496
vt 0.80126577615737915 0.022008242085576057
vt 0.79907721281051636 0.017787445336580276
vt 0.7930111289024353 0.011338992044329643
vt 0.78511017560958862 0.0073791877366602421
vt 0.77902781963348389 0.0064030722714960575
vt 0.78176301717758179 0.0047403648495674133
vt 0.78632092475891113 0.0026052987668663263
vt 0.79098880290985107 0.001122182933613658
vt 0.79564052820205688 0.00026988974423147738
vt 0.8001672625541687 0
vt 0.80487000942230225 0.00029136976809240878
vt 0.8097032904624939 0.0012127808295190334
vt 0.8145439624786377 0.0028168156277388334
vt 0.81924974918365479 0.0051237018778920174
vt 0.82351440191268921 0.0079923486337065697
vt 0.82738494873046875 0.011440365575253963
vt 0.83074939250946045 0.015378938056528568
vt 0.83352380990982056 0.019692683592438698
vt 0.83565884828567505 0.024250604212284088
vt 0.83714199066162109 0.028918448835611343
vt 0.8379942774772644 0.033570200204849243
vt 0.83826416730880737 0.03809690847992897
vt 0.83797281980514526 0.042799640446901321
vt 0.8370513916015625 0.047632921487092972
vt 0.83544737100601196 0.052473604679107666
vt 0.83314043283462524 0.057179413735866547
vt 0.82861042022705078 0.063441760838031769
vt 0.8239516019821167 0.059285923838615417
vt 0.81819015741348267 0.05568314716219902
vt 0.81180024147033691 0.053371436893939972
vt 0.80922871828079224 0.05304563045501709
vt 0.80664575099945068 0.053262993693351746
vt 0.80498141050338745 0.053899407386779785
vt 0.80424875020980835 0.054414104670286179
vt 0.80392378568649292 0.054722860455513
vt 0.80377370119094849 0.054889451712369919
vt 0.80370199680328369 0.054975651204586029
vt 0.80366700887680054 0.055019456893205643
vt 0.80363255739212036 0.055063717067241669
vt 0.80361437797546387 0.055087674409151077
vt 0.80359381437301636 0.055115062743425369
vt 0.80353862047195435 0.055191125720739365
vt 0.80348509550094604 0.055268391966819763
vt 0.80326569080352783 0.0556301549077034
vt 0.80308240652084351 0.056011494249105453
vt 0.80282342433929443 0.056816048920154572
vt 0.80268645286560059 0.058493632823228836
vt 0.80317980051040649 0.061037018895149231
vt 0.80419290065765381 0.063421495258808136
vt 0.80815732479095459 0.068938739597797394
vt 0.81319284439086914 0.073499381542205811
vt 0.8135496973991394 0.073766008019447327
vt 0.80934572219848633 0.075071632862091064
vt 0.80469393730163574 0.075923927128314972
vt 0.71309798955917358 0
vt 0.71309798955917358 0.0050128600560128689
vt 0.65632927417755127 0.0050128600560128689
vt 0.6989058256149292 0.0050128600560128689
vt 0.68471360206604004 0.0050128600560128689
vt 0.67052143812179565 0.0050128600560128689
vt 0.6577640175819397 0.004878937266767025
vt 0.66472107172012329 0.004273934755474329
vt 0.66614842414855957 0.0041560865938663483
vt 0.67176556587219238 0.0037003089673817158
vt 0.67741644382476807 0.0032416933681815863
vt 0.68310457468032837 0.0027700571808964014
vt 0.68883407115936279 0.0022768310736864805
vt 0.70067524909973145 0.0011978731490671635
vt 0.7128756046295166 2.1837546228198335E-05
vt 0 0.081786356866359711
vt 0 0.093302935361862183
vt 0 0.10467712581157684
vt 0 0.11693878471851349
vt 0 0.1318834125995636
vt 0 0.16228248178958893
vt 0.028440177440643311 0.093302935361862183
vt 0.028440177440643311 0.10467712581157684
vt 0.028440177440643311 0.11693878471851349
vt 0.028440177440643311 0.1318834125995636
vt 0.028440177440643311 0.16228248178958893
vt 0.055833939462900162 0.093302935361862183
vt 0.055833939462900162 0.10467712581157684
vt 0.055833939462900162 0.11693878471851349
vt 0.055833939462900162 0.1318834125995636
vt 0.055833939462900162 0.16228248178958893
vt 0.083227701485157013 0.093302935361862183
vt 0.083227701485157013 0.10467712581157684
vt 0.083227701485157013 0.11693878471851349
vt 0.083227701485157013 0.1318834125995636
vt 0.11166787892580032 0.093302935361862183
vt 0.11166787892580032 0.10467712581157684
vt 0.11166787892580032 0.11693878471851349
vt 0.13906164467334747 0.093302935361862183
vt 0.13906164467334747 0.10467712581157684
vt 0.13906164467334747 0.11693878471851349
vt 0.13906164467334747 0.1318834125995636
vt 0.13906164467334747 0.16228248178958893
vt 0.16645540297031403 0.093302935361862183
vt 0.16645540297031403 0.10467712581157684
vt 0.16645540297031403 0.11693878471851349
vt 0.16645540297031403 0.1318834125995636
vt 0.16645540297031403 0.16228248178958893
vt 0.19489559531211853 0.093302935361862183
vt 0.19489559531211853 0.10467712581157684
vt 0.19489559531211853 0.11693878471851349
vt 0.19489559531211853 0.1318834125995636
vt 0.19489559531211853 0.16228248178958893
vt 0.22228935360908508 0.093302935361862183
vt 0.22228935360908508 0.10467712581157684
vt 0.22228935360908508 0.11693878471851349
vt 0.22228935360908508 0.1318834125995636
vt 0.22228935360908508 0.16228248178958893
vt 0.24968311190605164 0.10467712581157684
vt 0.24968311190605164 0.11693878471851349
vt 0.24968311190605164 0.1318834125995636
vt 0.24968311190605164 0.16228248178958893
vt 0.27812328934669495 0.093302935361862183
vt 0.27812328934669495 0.10467712581157684
vt 0.27812328934669495 0.11693878471851349
vt 0.27812328934669495 0.1318834125995636
vt 0.27812328934669495 0.16228248178958893
vt 0.3055170476436615 0.093302935361862183
vt 0.3055170476436615 0.10467712581157684
vt 0.3055170476436615 0.11693878471851349
vt 0.33291080594062805 0.081786356866359711
vt 0.33291080594062805 0.093302935361862183
vt 0.33291080594062805 0.10467712581157684
vt 0.33291080594062805 0.11693878471851349
vt 0.33291080594062805 0.1318834125995636
vt 0.33291080594062805 0.16228248178958893
vt 0.028440177440643311 0.14708293974399567
vt 0.014220088720321655 0.16228248178958893
vt 0 0.14708293974399567
vt 0.014220088720321655 0.1318834125995636
vt 0.014220088720321655 0.14708293974399567
vt 0.055833939462900162 0.14708293974399567
vt 0.042137056589126587 0.16228248178958893
vt 0.042137056589126587 0.1318834125995636
vt 0.042137056589126587 0.14708293974399567
vt 0.083227701485157013 0.14708293974399567
vt 0.069530822336673737 0.16228248178958893
vt 0.069530822336673737 0.1318834125995636
vt 0.069530822336673737 0.14708293974399567
vt 0.13906164467334747 0.14708293974399567
vt 0.16645540297031403 0.14708293974399567
vt 0.15275852382183075 0.16228248178958893
vt 0.15275852382183075 0.1318834125995636
vt 0.15275852382183075 0.14708293974399567
vt 0.19489559531211853 0.14708293974399567
vt 0.18067550659179688 0.16228248178958893
vt 0.18067550659179688 0.1318834125995636
vt 0.18067550659179688 0.14708293974399567
vt 0.22228935360908508 0.14708293974399567
vt 0.20859245955944061 0.16228248178958893
vt 0.20859245955944061 0.1318834125995636
vt 0.20859245955944061 0.14708293974399567
vt 0.24968311190605164 0.14708293974399567
vt 0.23598621785640717 0.16228248178958893
vt 0.23598621785640717 0.1318834125995636
vt 0.23598621785640717 0.14708293974399567
vt 0.27812328934669495 0.14708293974399567
vt 0.26390320062637329 0.16228248178958893
vt 0.26390320062637329 0.1318834125995636
vt 0.26390320062637329 0.14708293974399567
vt 0.33291080594062805 0.14708293974399567
vt 0.31921392679214478 0.16228248178958893
vt 0.31921392679214478 0.1318834125995636
vt 0.31921392679214478 0.14708293974399567
vt 0.028440177440643311 0.1546827107667923
vt 0.021330133080482483 0.16228248178958893
vt 0.014220088720321655 0.1546827107667923
vt 0.021330133080482483 0.14708293974399567
vt 0.021330133080482483 0.1546827107667923
vt 0.0071100443601608276 0.16228248178958893
vt 0 0.1546827107667923
vt 0.0071100443601608276 0.14708293974399567
vt 0.0071100443601608276 0.1546827107667923
vt 0.055833939462900162 0.1546827107667923
vt 0.048985499888658524 0.16228248178958893
vt 0.042137056589126587 0.1546827107667923
vt 0.048985499888658524 0.14708293974399567
vt 0.048985499888658524 0.1546827107667923
vt 0.035288617014884949 0.16228248178958893
vt 0.035288617014884949 0.14708293974399567
vt 0.035288617014884949 0.1546827107667923
vt 0.083227701485157013 0.1546827107667923
vt 0.069530822336673737 0.1546827107667923
vt 0.076379261910915375 0.14708293974399567
vt 0.076379261910915375 0.1546827107667923
vt 0.062682382762432098 0.16228248178958893
vt 0.062682382762432098 0.14708293974399567
vt 0.062682382762432098 0.1546827107667923
vt 0.13906164467334747 0.1546827107667923
vt 0.13221320509910583 0.14708293974399567
vt 0.16645540297031403 0.1546827107667923
vt 0.15960696339607239 0.16228248178958893
vt 0.15275852382183075 0.1546827107667923
vt 0.15960696339607239 0.14708293974399567
vt 0.15960696339607239 0.1546827107667923
vt 0.14591008424758911 0.16228248178958893
vt 0.14591008424758911 0.14708293974399567
vt 0.14591008424758911 0.1546827107667923
vt 0.19489559531211853 0.1546827107667923
vt 0.18778553605079651 0.16228248178958893
vt 0.18067550659179688 0.1546827107667923
vt 0.18778553605079651 0.14708293974399567
vt 0.18778553605079651 0.1546827107667923
vt 0.17356544733047485 0.16228248178958893
vt 0.17356544733047485 0.14708293974399567
vt 0.17356544733047485 0.1546827107667923
vt 0.22228935360908508 0.1546827107667923
vt 0.21544091403484344 0.16228248178958893
vt 0.20859245955944061 0.1546827107667923
vt 0.21544091403484344 0.14708293974399567
vt 0.21544091403484344 0.1546827107667923
vt 0.20174403488636017 0.16228248178958893
vt 0.20174403488636017 0.14708293974399567
vt 0.20174403488636017 0.1546827107667923
vt 0.24968311190605164 0.1546827107667923
vt 0.24283467233181 0.16228248178958893
vt 0.23598621785640717 0.1546827107667923
vt 0.24283467233181 0.14708293974399567
vt 0.24283467233181 0.1546827107667923
vt 0.22913779318332672 0.16228248178958893
vt 0.22913779318332672 0.14708293974399567
vt 0.22913779318332672 0.1546827107667923
vt 0.27812328934669495 0.1546827107667923
vt 0.27101323008537292 0.16228248178958893
vt 0.26390320062637329 0.1546827107667923
vt 0.27101323008537292 0.14708293974399567
vt 0.27101323008537292 0.1546827107667923
vt 0.25679314136505127 0.16228248178958893
vt 0.25679314136505127 0.14708293974399567
vt 0.25679314136505127 0.1546827107667923
vt 0.28497174382209778 0.14708293974399567
vt 0.28497174382209778 0.1546827107667923
vt 0.33291080594062805 0.1546827107667923
vt 0.32606238126754761 0.16228248178958893
vt 0.31921392679214478 0.1546827107667923
vt 0.32606238126754761 0.14708293974399567
vt 0.32606238126754761 0.1546827107667923
vt 0.31236550211906433 0.14708293974399567
vt 0.31236550211906433 0.1546827107667923
vt 0.015210296958684921 0.081786356866359711
vt 0.02991751953959465 0.081786356866359711
vt 0.044146221131086349 0.081786356866359711
vt 0.05791938304901123 0.081786356866359711
vt 0.07231680303812027 0.081786356866359711
vt 0.088430523872375488 0.081786356866359711
vt 0.10378511250019073 0.081786356866359711
vt 0.11770635098218918 0.081786356866359711
vt 0.13136017322540283 0.081786356866359711
vt 0.14582414925098419 0.081786356866359711
vt 0.16117255389690399 0.081786356866359711
vt 0.17669397592544556 0.081786356866359711
vt 0.19113317131996155 0.081786356866359711
vt 0.20546609163284302 0.081786356866359711
vt 0.21969388425350189 0.081786356866359711
vt 0.23381771147251129 0.081786356866359711
vt 0.080965213477611542 0.16228248178958893
vt 0.1347782164812088 0.16228248178958893
vt 0.13130457699298859 0.15549658238887787
vt 0.12807273864746094 0.14979682862758636
vt 0.12484179437160492 0.14487187564373016
vt 0.12189127504825592 0.14119328558444977
vt 0.11873532831668854 0.13818281888961792
vt 0.11690627038478851 0.13687595725059509
vt 0.1159864142537117 0.13633638620376587
vt 0.11506327986717224 0.13587126135826111
vt 0.1145104244351387 0.13562862575054169
vt 0.11395644396543503 0.13541243970394135
vt 0.11294213682413101 0.13508613407611847
vt 0.11237417906522751 0.13494238257408142
vt 0.11180532723665237 0.13482612371444702
vt 0.11066395044326782 0.13467516005039215
vt 0.10836979746818542 0.13469217717647552
vt 0.10373760759830475 0.13598829507827759
vt 0.10031390190124512 0.13799740374088287
vt 0.096769951283931732 0.1409773975610733
vt 0.093190692365169525 0.14483468234539032
vt 0.088312365114688873 0.15119771659374237
vt 0.083227939903736115 0.15870988368988037
vt 0.081755839288234711 0.16101214289665222
vt 0.28840586543083191 0.16228248178958893
vt 0.31305012106895447 0.16228248178958893
vt 0.31236481666564941 0.15945757925510406
vt 0.31166332960128784 0.15674683451652527
vt 0.31022176146507263 0.15162354707717896
vt 0.30725526809692383 0.14237518608570099
vt 0.30422696471214294 0.1341988742351532
vt 0.30113103985786438 0.12696757912635803
vt 0.30103173851966858 0.12675540149211884
vt 0.29860848188400269 0.12203375995159149
vt 0.2966044545173645 0.11895644664764404
vt 0.29556524753570557 0.11776501685380936
vt 0.29449811577796936 0.11693037301301956
vt 0.2941041886806488 0.11674556881189346
vt 0.29370623826980591 0.11663977801799774
vt 0.29330727458000183 0.11662670224905014
vt 0.29291027784347534 0.11672008782625198
vt 0.29261627793312073 0.11686793714761734
vt 0.29232776165008545 0.11708775162696838
vt 0.29177108407020569 0.11776241660118103
vt 0.29129666090011597 0.11866813153028488
vt 0.29032772779464722 0.12203441560268402
vt 0.28971967101097107 0.12616069614887238
vt 0.28931236267089844 0.13108861446380615
vt 0.2890644371509552 0.1361672580242157
vt 0.28887519240379333 0.142381951212883
vt 0.28873166441917419 0.14877274632453918
vt 0.28858566284179688 0.15538623929023743
vt 0.28850212693214417 0.15879502892494202
vt 0.23385384678840637 0.081887990236282349
vt 0.23440259695053101 0.083337411284446716
vt 0.23615285754203796 0.0870017409324646
vt 0.23803907632827759 0.089737340807914734
vt 0.24002775549888611 0.091608554124832153
vt 0.24209265410900116 0.09265349805355072
vt 0.24303235113620758 0.092858180403709412
vt 0.243979811668396 0.092902228236198425
vt 0.24493241310119629 0.092786833643913269
vt 0.24588735401630402 0.09250989556312561
vt 0.24779528379440308 0.091475069522857666
vt 0.24968306720256805 0.089799344539642334
vt 0.24973751604557037 0.089740931987762451
vt 0.25103655457496643 0.088158801198005676
vt 0.25452819466590881 0.081786356866359711
vt 0.27388495206832886 0.081786356866359711
vt 0.29339966177940369 0.081786356866359711
vt 0.31307432055473328 0.081786356866359711
vt 0.17562252283096313 0.58004301786422729
vt 0.17562252283096313 0.59346389770507812
vt 0.26181763410568237 0.62030559778213501
vt 0.24777112901210785 0.62030559778213501
vt 0.23372463881969452 0.62030559778213501
vt 0.21919910609722137 0.62030559778213501
vt 0.20467357337474823 0.62030559778213501
vt 0.17562252283096313 0.62030559778213501
vt 0.26181763410568237 0.64714729785919189
vt 0.24777112901210785 0.64714729785919189
vt 0.23372463881969452 0.64714729785919189
vt 0.21919910609722137 0.64714729785919189
vt 0.20467357337474823 0.64714729785919189
vt 0.17562252283096313 0.64714729785919189
vt 0.26181763410568237 0.66056817770004272
vt 0.24777112901210785 0.66056817770004272
vt 0.23372463881969452 0.66056817770004272
vt 0.21919910609722137 0.66056817770004272
vt 0.20467357337474823 0.66056817770004272
vt 0.17562252283096313 0.66056817770004272
vt 0.26181763410568237 0.67398905754089355
vt 0.24777112901210785 0.67398905754089355
vt 0.23372463881969452 0.67398905754089355
vt 0.21919910609722137 0.67398905754089355
vt 0.20467357337474823 0.67398905754089355
vt 0.17562252283096313 0.67398905754089355
vt 0.26181763410568237 0.68740987777709961
vt 0.24777112901210785 0.68740987777709961
vt 0.23372463881969452 0.68740987777709961
vt 0.21919910609722137 0.68740987777709961
vt 0.20467357337474823 0.68740987777709961
vt 0.17562252283096313 0.68740987777709961
vt 0.26181763410568237 0.70083075761795044
vt 0.24777112901210785 0.70083075761795044
vt 0.23372463881969452 0.70083075761795044
vt 0.21919910609722137 0.70083075761795044
vt 0.20467357337474823 0.70083075761795044
vt 0.24777112901210785 0.7276725172996521
vt 0.23372463881969452 0.7276725172996521
vt 0.21919910609722137 0.7276725172996521
vt 0.20467357337474823 0.7276725172996521
vt 0.17562252283096313 0.7276725172996521
vt 0.17562252283096313 0.75451421737670898
vt 0.17562252283096313 0.76793509721755981
vt 0.2758641242980957 0.62030559778213501
vt 0.19014805555343628 0.62030559778213501
vt 0.17562252283096313 0.60688471794128418
vt 0.19014805555343628 0.60688471794128418
vt 0.2758641242980957 0.64714729785919189
vt 0.26181763410568237 0.63372647762298584
vt 0.2758641242980957 0.63372647762298584
vt 0.19014805555343628 0.64714729785919189
vt 0.17562252283096313 0.63372647762298584
vt 0.20467357337474823 0.63372647762298584
vt 0.19014805555343628 0.63372647762298584
vt 0.26181763410568237 0.71425163745880127
vt 0.2758641242980957 0.70083075761795044
vt 0.2758641242980957 0.71425163745880127
vt 0.19014805555343628 0.7276725172996521
vt 0.17562252283096313 0.71425163745880127
vt 0.19014805555343628 0.70083075761795044
vt 0.20467357337474823 0.71425163745880127
vt 0.19014805555343628 0.71425163745880127
vt 0.17562252283096313 0.74109333753585815
vt 0.19014805555343628 0.74109333753585815
vt 0.24728080630302429 0.73473745584487915
vt 0.23372463881969452 0.73464846611022949
vt 0.21871888637542725 0.73559987545013428
vt 0.211650550365448 0.73666137456893921
vt 0.20467357337474823 0.73843443393707275
vt 0.19855120778083801 0.74109333753585815
vt 0.19014805555343628 0.74917995929718018
vt 0.18763276934623718 0.75451421737670898
vt 0.18518611788749695 0.76496237516403198
vt 0.18419305980205536 0.78135591745376587
vt 0.18419305980205536 0.56662213802337646
vt 0.18518611788749695 0.58301573991775513
vt 0.18763276934623718 0.59346389770507812
vt 0.19014805555343628 0.59879809617996216
vt 0.19730623066425323 0.606131911277771
vt 0.20467357337474823 0.60954368114471436
vt 0.21188534796237946 0.61136162281036377
vt 0.21919910609722137 0.61243200302124023
vt 0.23372463881969452 0.61332964897155762
vt 0.24825017154216766 0.61319631338119507
vt 0.2577686607837677 0.61235064268112183
vt 0.262775719165802 0.61207491159439087
vt 0.2676367461681366 0.61260116100311279
vt 0.27264821529388428 0.61398828029632568
vt 0.27730125188827515 0.61619055271148682
vt 0.2823101282119751 0.62030559778213501
vt 0.28519710898399353 0.62465184926986694
vt 0.28662204742431641 0.62815499305725098
vt 0.287995845079422 0.63372647762298584
vt 0.28875452280044556 0.6390262246131897
vt 0.28940504789352417 0.64714729785919189
vt 0.28989928960800171 0.67398905754089355
vt 0.28959301114082336 0.68962830305099487
vt 0.28899702429771423 0.69938629865646362
vt 0.28745746612548828 0.70948052406311035
vt 0.28406724333763123 0.71766167879104614
vt 0.27730125188827515 0.72448968887329102
vt 0.27247300744056702 0.7276725172996521
vt 0.26759546995162964 0.73025411367416382
vt 0.262775719165802 0.73224395513534546
vt 0.2563987672328949 0.73402124643325806
vt 0.25004732608795166 0.73475319147109985
vt 0.24825017154216766 0.73476612567901611
vt 0.94659256935119629 0.056407339870929718
vt 0.93497425317764282 0.056407339870929718
vt 0.91547960042953491 0.056407339870929718
vt 0.89085215330123901 0.056407339870929718
vt 0.87782019376754761 0.056407339870929718
vt 0.95507562160491943 0.083141878247261047
vt 0.94659256935119629 0.083141878247261047
vt 0.93497425317764282 0.083141878247261047
vt 0.91547960042953491 0.083141878247261047
vt 0.89085215330123901 0.083141878247261047
vt 0.87782019376754761 0.083141878247261047
vt 0.95507562160491943 0.10691914707422256
vt 0.94659256935119629 0.10691914707422256
vt 0.93497425317764282 0.10691914707422256
vt 0.91547960042953491 0.10691914707422256
vt 0.89085215330123901 0.10691914707422256
vt 0.87782019376754761 0.10691914707422256
vt 0.95507562160491943 0.13017730414867401
vt 0.94659256935119629 0.13017730414867401
vt 0.93497425317764282 0.13017730414867401
vt 0.91547960042953491 0.13017730414867401
vt 0.89085215330123901 0.13017730414867401
vt 0.87782019376754761 0.13017730414867401
vt 0.95507562160491943 0.15369933843612671
vt 0.94659256935119629 0.15369933843612671
vt 0.93497425317764282 0.15369933843612671
vt 0.91547960042953491 0.15369933843612671
vt 0.89085215330123901 0.15369933843612671
vt 0.87782019376754761 0.15369933843612671
vt 0.94659256935119629 0.17789363861083984
vt 0.93497425317764282 0.17789363861083984
vt 0.91547960042953491 0.17789363861083984
vt 0.89085215330123901 0.17789363861083984
vt 0.94659256935119629 0.028202172368764877
vt 0.94078338146209717 0.056407339870929718
vt 0.93497425317764282 0.028202172368764877
vt 0.94078338146209717 0.028202172368764877
vt 0.92522692680358887 0.056407339870929718
vt 0.91547960042953491 0.028202172368764877
vt 0.92522692680358887 0.028202172368764877
vt 0.90316587686538696 0.056407339870929718
vt 0.89085215330123901 0.028202172368764877
vt 0.90316587686538696 0.028202172368764877
vt 0.88433617353439331 0.056407339870929718
vt 0.88433617353439331 0.028202172368764877
vt 0.90316587686538696 0.083141878247261047
vt 0.89085215330123901 0.069774612784385681
vt 0.91547960042953491 0.069774612784385681
vt 0.90316587686538696 0.069774612784385681
vt 0.90316587686538696 0.10691914707422256
vt 0.89085215330123901 0.095030516386032104
vt 0.91547960042953491 0.095030516386032104
vt 0.90316587686538696 0.095030516386032104
vt 0.92522692680358887 0.17789363861083984
vt 0.91547960042953491 0.16579650342464447
vt 0.92522692680358887 0.15369933843612671
vt 0.93497425317764282 0.16579650342464447
vt 0.92522692680358887 0.16579650342464447
vt 0.91547960042953491 0.19280636310577393
vt 0.93497425317764282 0.19280636310577393
vt 0.92522692680358887 0.19280636310577393
vt 0.90316587686538696 0.17789363861083984
vt 0.90316587686538696 0.19280636310577393
vt 0.93787878751754761 0.028202172368764877
vt 0.93497425317764282 0.014099589549005032
vt 0.93787878751754761 0.014099589549005032
vt 0.94368797540664673 0.028202172368764877
vt 0.9203532338142395 0.028202172368764877
vt 0.91547960042953491 0.014099589549005032
vt 0.92522692680358887 0.014099589549005032
vt 0.9203532338142395 0.014099589549005032
vt 0.93010056018829346 0.028202172368764877
vt 0.93010056018829346 0.014099589549005032
vt 0.89700901508331299 0.028202172368764877
vt 0.89085215330123901 0.014099589549005032
vt 0.90316587686538696 0.014099589549005032
vt 0.89700901508331299 0.014099589549005032
vt 0.90932273864746094 0.028202172368764877
vt 0.90932273864746094 0.014099589549005032
vt 0.90932273864746094 0.056407339870929718
vt 0.90316587686538696 0.042304757982492447
vt 0.91547960042953491 0.042304757982492447
vt 0.90932273864746094 0.042304757982492447
vt 0.88759416341781616 0.028202172368764877
vt 0.87898749113082886 0.032371733337640762
vt 0.88628286123275757 0.018153991550207138
vt 0.89477121829986572 0.0079324338585138321
vt 0.89926385879516602 0.0044484185054898262
vt 0.90389508008956909 0.0019891397096216679
vt 0.90624618530273438 0.0011381695512682199
vt 0.90863573551177979 0.00052707589929923415
vt 0.91106289625167847 0.00014939757238607854
vt 0.91352707147598267 0
vt 0.91885203123092651 0.00045389847946353257
vt 0.92400038242340088 0.0019891397096216679
vt 0.93477046489715576 0.0092787062749266624
vt 0.94322967529296875 0.019792335107922554
vt 0.95074981451034546 0.034318841993808746
vt 0.95601385831832886 0.049578409641981125
vt 0.95984053611755371 0.06664855033159256
vt 0.96184653043746948 0.081512436270713806
vt 0.96289986371994019 0.097458571195602417
vt 0.96297943592071533 0.11417929828166962
vt 0.96211999654769897 0.13130795955657959
vt 0.95969438552856445 0.15174256265163422
vt 0.95601385831832886 0.16818615794181824
vt 0.94984585046768188 0.18433006107807159
vt 0.9423060417175293 0.19596736133098602
vt 0.93477046489715576 0.20281843841075897
vt 0.92981547117233276 0.20552824437618256
vt 0.92460417747497559 0.20715752243995667
vt 0.92190754413604736 0.20757091045379639
vt 0.91916376352310181 0.20771856606006622
vt 0.91637098789215088 0.20760461688041687
vt 0.91352707147598267 0.20723152160644531
vt 0.90807586908340454 0.20577290654182434
vt 0.90292048454284668 0.20338134467601776
vt 0.8935474157333374 0.19596736133098602
vt 0.8837171196937561 0.18217405676841736
vt 0.87982910871505737 0.17396986484527588
vt 0.87639325857162476 0.16447588801383972
vt 0.87344509363174438 0.15349479019641876
vt 0.87104028463363647 0.1407504677772522
vt 0.86979913711547852 0.13130795955657959
vt 0.86841130256652832 0.11495371907949448
vt 0.86792933940887451 0.098519556224346161
vt 0.86846822500228882 0.082291461527347565
vt 0.87010347843170166 0.06664855033159256
vt 0.87104028463363647 0.06080763041973114
vt 0.87414795160293579 0.046819858253002167
vt 0.87821465730667114 0.034318841993808746
vt 0.95507562160491943 0.056407339870929718
vt 0.12071523070335388 0.62587201595306396
vt 0.10946103930473328 0.62587201595306396
vt 0.097157202661037445 0.62587201595306396
vt 0.081105045974254608 0.62587201595306396
vt 0.05281665176153183 0.62587201595306396
vt 0.026220452040433884 0.62587201595306396
vt 0.012012621387839317 0.62587201595306396
vt 0.12071523070335388 0.63534563779830933
vt 0.10946103930473328 0.63534563779830933
vt 0.097157202661037445 0.63534563779830933
vt 0.081105045974254608 0.63534563779830933
vt 0.05281665176153183 0.63534563779830933
vt 0.026220452040433884 0.63534563779830933
vt 0.012012621387839317 0.63534563779830933
vt 0.12071523070335388 0.64008241891860962
vt 0.10946103930473328 0.64008241891860962
vt 0.097157202661037445 0.64008241891860962
vt 0.081105045974254608 0.64008241891860962
vt 0.05281665176153183 0.64008241891860962
vt 0.026220452040433884 0.64008241891860962
vt 0.012012621387839317 0.64008241891860962
vt 0.12071523070335388 0.64245086908340454
vt 0.10946103930473328 0.64245086908340454
vt 0.097157202661037445 0.64245086908340454
vt 0.081105045974254608 0.64245086908340454
vt 0.05281665176153183 0.64245086908340454
vt 0.026220452040433884 0.64245086908340454
vt 0.012012621387839317 0.64245086908340454
vt 0.12071523070335388 0.64481925964355469
vt 0.10946103930473328 0.64481925964355469
vt 0.097157202661037445 0.64481925964355469
vt 0.081105045974254608 0.64481925964355469
vt 0.05281665176153183 0.64481925964355469
vt 0.026220452040433884 0.64481925964355469
vt 0.012012621387839317 0.64481925964355469
vt 0.12071523070335388 0.65429282188415527
vt 0.10946103930473328 0.65429282188415527
vt 0.097157202661037445 0.65429282188415527
vt 0.081105045974254608 0.65429282188415527
vt 0.05281665176153183 0.65429282188415527
vt 0.026220452040433884 0.65429282188415527
vt 0.012012621387839317 0.65429282188415527
vt 0.12071523070335388 0.7016608715057373
vt 0.10946103930473328 0.7016608715057373
vt 0.097157202661037445 0.7016608715057373
vt 0.081105045974254608 0.7016608715057373
vt 0.05281665176153183 0.7016608715057373
vt 0.026220452040433884 0.7016608715057373
vt 0.066960848867893219 0.62587201595306396
vt 0.05281665176153183 0.59624636173248291
vt 0.081105045974254608 0.59624636173248291
vt 0.066960848867893219 0.59624636173248291
vt 0.039518553763628006 0.62587201595306396
vt 0.026220452040433884 0.59624636173248291
vt 0.039518553763628006 0.59624636173248291
vt 0.066960848867893219 0.63534563779830933
vt 0.05281665176153183 0.63060885667800903
vt 0.081105045974254608 0.63060885667800903
vt 0.066960848867893219 0.63060885667800903
vt 0.039518553763628006 0.63534563779830933
vt 0.026220452040433884 0.63060885667800903
vt 0.039518553763628006 0.63060885667800903
vt 0.066960848867893219 0.64008241891860962
vt 0.05281665176153183 0.63771402835845947
vt 0.081105045974254608 0.63771402835845947
vt 0.066960848867893219 0.63771402835845947
vt 0.039518553763628006 0.64008241891860962
vt 0.026220452040433884 0.63771402835845947
vt 0.039518553763628006 0.63771402835845947
vt 0.066960848867893219 0.64245086908340454
vt 0.05281665176153183 0.64126664400100708
vt 0.081105045974254608 0.64126664400100708
vt 0.066960848867893219 0.64126664400100708
vt 0.039518553763628006 0.64245086908340454
vt 0.026220452040433884 0.64126664400100708
vt 0.039518553763628006 0.64126664400100708
vt 0.066960848867893219 0.64481925964355469
vt 0.05281665176153183 0.64363503456115723
vt 0.081105045974254608 0.64363503456115723
vt 0.066960848867893219 0.64363503456115723
vt 0.039518553763628006 0.64481925964355469
vt 0.026220452040433884 0.64363503456115723
vt 0.039518553763628006 0.64363503456115723
vt 0.066960848867893219 0.65429282188415527
vt 0.05281665176153183 0.64955604076385498
vt 0.081105045974254608 0.64955604076385498
vt 0.066960848867893219 0.64955604076385498
vt 0.039518553763628006 0.65429282188415527
vt 0.026220452040433884 0.64955604076385498
vt 0.039518553763628006 0.64955604076385498
vt 0.066960848867893219 0.7016608715057373
vt 0.05281665176153183 0.67797684669494629
vt 0.081105045974254608 0.67797684669494629
vt 0.066960848867893219 0.67797684669494629
vt 0.039518553763628006 0.7016608715057373
vt 0.026220452040433884 0.67797684669494629
vt 0.039518553763628006 0.67797684669494629
vt 0.059888750314712524 0.62587201595306396
vt 0.05281665176153183 0.61105918884277344
vt 0.059888750314712524 0.59624636173248291
vt 0.066960848867893219 0.61105918884277344
vt 0.059888750314712524 0.61105918884277344
vt 0.059888750314712524 0.63534563779830933
vt 0.05281665176153183 0.63297724723815918
vt 0.059888750314712524 0.63060885667800903
vt 0.066960848867893219 0.63297724723815918
vt 0.059888750314712524 0.63297724723815918
vt 0.05281665176153183 0.62824046611785889
vt 0.066960848867893219 0.62824046611785889
vt 0.059888750314712524 0.62824046611785889
vt 0.059888750314712524 0.64008241891860962
vt 0.05281665176153183 0.63889825344085693
vt 0.059888750314712524 0.63771402835845947
vt 0.066960848867893219 0.63889825344085693
vt 0.059888750314712524 0.63889825344085693
vt 0.05281665176153183 0.63652986288070679
vt 0.066960848867893219 0.63652986288070679
vt 0.059888750314712524 0.63652986288070679
vt 0.059888750314712524 0.64245086908340454
vt 0.05281665176153183 0.64185875654220581
vt 0.059888750314712524 0.64126664400100708
vt 0.066960848867893219 0.64185875654220581
vt 0.059888750314712524 0.64185875654220581
vt 0.05281665176153183 0.64067453145980835
vt 0.066960848867893219 0.64067453145980835
vt 0.059888750314712524 0.64067453145980835
vt 0.059888750314712524 0.64481925964355469
vt 0.05281665176153183 0.64422714710235596
vt 0.059888750314712524 0.64363503456115723
vt 0.066960848867893219 0.64422714710235596
vt 0.059888750314712524 0.64422714710235596
vt 0.05281665176153183 0.6430429220199585
vt 0.066960848867893219 0.6430429220199585
vt 0.059888750314712524 0.6430429220199585
vt 0.059888750314712524 0.65429282188415527
vt 0.05281665176153183 0.65192443132400513
vt 0.059888750314712524 0.64955604076385498
vt 0.066960848867893219 0.65192443132400513
vt 0.059888750314712524 0.65192443132400513
vt 0.05281665176153183 0.64718765020370483
vt 0.066960848867893219 0.64718765020370483
vt 0.059888750314712524 0.64718765020370483
vt 0.059888750314712524 0.67797684669494629
vt 0.05281665176153183 0.66613483428955078
vt 0.066960848867893219 0.66613483428955078
vt 0.059888750314712524 0.66613483428955078
vt 0.039061300456523895 0.56662213802337646
vt 0.056188266724348068 0.5667693018913269
vt 0.074804775416851044 0.56693100929260254
vt 0.094153136014938354 0.56718689203262329
vt 0.10280607640743256 0.56738322973251343
vt 0.11313556879758835 0.56782269477844238
vt 0.1217765212059021 0.56882286071777344
vt 0.12668094038963318 0.57076829671859741
vt 0.12925525009632111 0.57442456483840942
vt 0.13054777681827545 0.58080601692199707
vt 0.13116571307182312 0.59041309356689453
vt 0.13143867254257202 0.60167098045349121
vt 0.13162675499916077 0.62587201595306396
vt 0.13165266811847687 0.64481925964355469
vt 0.13160049915313721 0.66376644372940063
vt 0.13120056688785553 0.69131433963775635
vt 0.13068832457065582 0.7016608715057373
vt 0.12824854254722595 0.71254044771194458
vt 0.12584060430526733 0.71483653783798218
vt 0.12125850468873978 0.71637856960296631
vt 0.11313556879758835 0.71728807687759399
vt 0.10280574858188629 0.71773111820220947
vt 0.094153136014938354 0.71792840957641602
vt 0.07480284571647644 0.71818500757217407
vt 0.056188266724348068 0.71834689378738403
vt 0.054918881505727768 0.71835678815841675
vt 0.052390292286872864 0.71831321716308594
vt 0.049907919019460678 0.71814656257629395
vt 0.045071031898260117 0.71746140718460083
vt 0.035850845277309418 0.71470493078231812
vt 0.027065927162766457 0.709816575050354
vt 0.018492754548788071 0.7016608715057373
vt 0.018223395571112633 0.70132386684417725
vt 0.01177886500954628 0.69161027669906616
vt 0.0067459084093570709 0.68056833744049072
vt 0.0043556722812354565 0.67315953969955444
vt 0.0022077842149883509 0.66376644372940063
vt 0.0015367842279374599 0.65970653295516968
vt 0.00095157284522429109 0.65521109104156494
vt 0.00048073576181195676 0.65025478601455688
vt 0.00015429186169058084 0.64481925964355469
vt 2.246693657070864E-05 0.6404346227645874
vt 0 0.63580721616744995
vt 0.00031648221192881465 0.62587201595306396
vt 0.0010472207795828581 0.61689156293869019
vt 0.0044209309853613377 0.59909123182296753
vt 0.0086715444922447205 0.58797764778137207
vt 0.013513362966477871 0.58009791374206543
vt 0.018223395571112633 0.57490324974060059
vt 0.023654621094465256 0.5708315372467041
vt 0.028911350294947624 0.5683324933052063
vt 0.034036818891763687 0.56700199842453003
vt 0.036560393869876862 0.56670260429382324
vt 0.12071523070335388 0.58162498474121094
vt 0.097157202661037445 0.58138549327850342
vt 0.10946103930473328 0.58059126138687134
vt 0.12751521170139313 0.63534563779830933
vt 0.129583939909935 0.64008241891860962
vt 0.12958718836307526 0.64245086908340454
vt 0.012012621387839317 0.59634232521057129
vt 0.0041392003186047077 0.63534563779830933
vt 0.0020829993300139904 0.64008241891860962
vt 0.0021453287918120623 0.64245086908340454
vt 0.12959042191505432 0.64481925964355469
vt 0.012012621387839317 0.67816060781478882
vt 0 0.16374732553958893
vt 0 0.19214002788066864
vt 0 0.21419250965118408
vt 0 0.23378579318523407
vt 0 0.25299018621444702
vt 0 0.27339166402816772
vt 0 0.29732611775398254
vt 0 0.32609894871711731
vt 0.042517658323049545 0.16374732553958893
vt 0.042517658323049545 0.19214002788066864
vt 0.042517658323049545 0.21419250965118408
vt 0.042517658323049545 0.23378579318523407
vt 0.042517658323049545 0.25299018621444702
vt 0.042517658323049545 0.27339166402816772
vt 0.042517658323049545 0.29732611775398254
vt 0.042517658323049545 0.32609894871711731
vt 0.097599007189273834 0.16374732553958893
vt 0.097599007189273834 0.19214002788066864
vt 0.097599007189273834 0.21419250965118408
vt 0.097599007189273834 0.23378579318523407
vt 0.097599007189273834 0.25299018621444702
vt 0.097599007189273834 0.27339166402816772
vt 0.097599007189273834 0.29732611775398254
vt 0.097599007189273834 0.32609894871711731
vt 0.13048446178436279 0.16374732553958893
vt 0.13048446178436279 0.19214002788066864
vt 0.13048446178436279 0.21419250965118408
vt 0.13048446178436279 0.23378579318523407
vt 0.13048446178436279 0.25299018621444702
vt 0.13048446178436279 0.27339166402816772
vt 0.13048446178436279 0.29732611775398254
vt 0.13048446178436279 0.32609894871711731
vt 0.15593814849853516 0.16374732553958893
vt 0.15593814849853516 0.19214002788066864
vt 0.15593814849853516 0.21419250965118408
vt 0.15593814849853516 0.23378579318523407
vt 0.15593814849853516 0.25299018621444702
vt 0.15593814849853516 0.27339166402816772
vt 0.15593814849853516 0.29732611775398254
vt 0.15593814849853516 0.32609894871711731
vt 0.17805191874504089 0.16374732553958893
vt 0.17805191874504089 0.19214002788066864
vt 0.17805191874504089 0.21419250965118408
vt 0.17805191874504089 0.23378579318523407
vt 0.17805191874504089 0.25299018621444702
vt 0.17805191874504089 0.27339166402816772
vt 0.17805191874504089 0.29732611775398254
vt 0.17805191874504089 0.32609894871711731
vt 0.20387019217014313 0.16374732553958893
vt 0.20387019217014313 0.27339166402816772
vt 0.20387019217014313 0.29732611775398254
vt 0.20387019217014313 0.32609894871711731
vt 0.23630796372890472 0.16374732553958893
vt 0.23630796372890472 0.29732611775398254
vt 0.33378696441650391 0.16374732553958893
vt 0.33378696441650391 0.25299018621444702
vt 0.33378696441650391 0.27339166402816772
vt 0.33378696441650391 0.29732611775398254
vt 0.36054924130439758 0.16374732553958893
vt 0.36054924130439758 0.19214002788066864
vt 0.36054924130439758 0.21419250965118408
vt 0.36054924130439758 0.23378579318523407
vt 0.36054924130439758 0.25299018621444702
vt 0.36054924130439758 0.27339166402816772
vt 0.36054924130439758 0.29732611775398254
vt 0.38284417986869812 0.19214002788066864
vt 0.38284417986869812 0.21419250965118408
vt 0.38284417986869812 0.23378579318523407
vt 0.38284417986869812 0.25299018621444702
vt 0.38284417986869812 0.27339166402816772
vt 0.38284417986869812 0.29732611775398254
vt 0.38284417986869812 0.32609894871711731
vt 0.40568527579307556 0.16374732553958893
vt 0.40568527579307556 0.19214002788066864
vt 0.40568527579307556 0.21419250965118408
vt 0.40568527579307556 0.23378579318523407
vt 0.40568527579307556 0.25299018621444702
vt 0.40568527579307556 0.27339166402816772
vt 0.40568527579307556 0.29732611775398254
vt 0.40568527579307556 0.32609894871711731
vt 0.43355864286422729 0.19214002788066864
vt 0.43355864286422729 0.21419250965118408
vt 0.43355864286422729 0.23378579318523407
vt 0.43355864286422729 0.25299018621444702
vt 0.43355864286422729 0.27339166402816772
vt 0.43355864286422729 0.29732611775398254
vt 0.43355864286422729 0.32609894871711731
vt 0.042517658323049545 0.34846308827400208
vt 0 0.34846308827400208
vt 0.021258829161524773 0.32609894871711731
vt 0.021258829161524773 0.34846308827400208
vt 0.097599007189273834 0.17794367671012878
vt 0.070058330893516541 0.19214002788066864
vt 0.042517658323049545 0.17794367671012878
vt 0.070058330893516541 0.17794367671012878
vt 0.097599007189273834 0.20316627621650696
vt 0.070058330893516541 0.21419250965118408
vt 0.042517658323049545 0.20316627621650696
vt 0.070058330893516541 0.20316627621650696
vt 0.097599007189273834 0.22398915886878967
vt 0.070058330893516541 0.23378579318523407
vt 0.042517658323049545 0.22398915886878967
vt 0.070058330893516541 0.22398915886878967
vt 0.097599007189273834 0.24338799715042114
vt 0.070058330893516541 0.25299018621444702
vt 0.042517658323049545 0.24338799715042114
vt 0.070058330893516541 0.24338799715042114
vt 0.097599007189273834 0.26319092512130737
vt 0.070058330893516541 0.27339166402816772
vt 0.042517658323049545 0.26319092512130737
vt 0.070058330893516541 0.26319092512130737
vt 0.097599007189273834 0.28535890579223633
vt 0.070058330893516541 0.29732611775398254
vt 0.042517658323049545 0.28535890579223633
vt 0.070058330893516541 0.28535890579223633
vt 0.097599007189273834 0.31171253323554993
vt 0.070058330893516541 0.32609894871711731
vt 0.042517658323049545 0.31171253323554993
vt 0.070058330893516541 0.31171253323554993
vt 0.070058330893516541 0.34846308827400208
vt 0.11404174566268921 0.32609894871711731
vt 0.17805191874504089 0.17794367671012878
vt 0.16699503362178802 0.19214002788066864
vt 0.15593814849853516 0.17794367671012878
vt 0.16699503362178802 0.16374732553958893
vt 0.16699503362178802 0.17794367671012878
vt 0.20387019217014313 0.17794367671012878
vt 0.19096106290817261 0.19214002788066864
vt 0.19096106290817261 0.16374732553958893
vt 0.19096106290817261 0.17794367671012878
vt 0.17805191874504089 0.20316627621650696
vt 0.19096106290817261 0.20316627621650696
vt 0.26443794369697571 0.16374732553958893
vt 0.33378696441650391 0.26319092512130737
vt 0.33378696441650391 0.28535890579223633
vt 0.36054924130439758 0.17794367671012878
vt 0.34716811776161194 0.19214002788066864
vt 0.33378696441650391 0.17794367671012878
vt 0.34716811776161194 0.16374732553958893
vt 0.34716811776161194 0.17794367671012878
vt 0.38284417986869812 0.17794367671012878
vt 0.37169668078422546 0.19214002788066864
vt 0.37169668078422546 0.16374732553958893
vt 0.37169668078422546 0.17794367671012878
vt 0.042517658323049545 0.35964515805244446
vt 0.021258829161524773 0.35964515805244446
vt 0.031888242810964584 0.34846308827400208
vt 0.031888242810964584 0.35964515805244446
vt 0 0.35964515805244446
vt 0.010629414580762386 0.34846308827400208
vt 0.010629414580762386 0.35964515805244446
vt 0.43355864286422729 0.34846308827400208
vt 0.41962197422981262 0.32609894871711731
vt 0.41962197422981262 0.34846308827400208
vt 0.070058330893516541 0.18504185974597931
vt 0.056287996470928192 0.19214002788066864
vt 0.042517658323049545 0.18504185974597931
vt 0.056287996470928192 0.17794367671012878
vt 0.056287996470928192 0.18504185974597931
vt 0.021258829161524773 0.19214002788066864
vt 0 0.17794367671012878
vt 0.021258829161524773 0.16374732553958893
vt 0.021258829161524773 0.17794367671012878
vt 0.070058330893516541 0.17084549367427826
vt 0.042517658323049545 0.17084549367427826
vt 0.056287996470928192 0.16374732553958893
vt 0.056287996470928192 0.17084549367427826
vt 0.070058330893516541 0.20867939293384552
vt 0.056287996470928192 0.21419250965118408
vt 0.042517658323049545 0.20867939293384552
vt 0.056287996470928192 0.20316627621650696
vt 0.056287996470928192 0.20867939293384552
vt 0.021258829161524773 0.21419250965118408
vt 0 0.20316627621650696
vt 0.021258829161524773 0.20316627621650696
vt 0.070058330893516541 0.1976531594991684
vt 0.042517658323049545 0.1976531594991684
vt 0.056287996470928192 0.1976531594991684
vt 0.070058330893516541 0.22888746857643127
vt 0.056287996470928192 0.23378579318523407
vt 0.042517658323049545 0.22888746857643127
vt 0.056287996470928192 0.22398915886878967
vt 0.056287996470928192 0.22888746857643127
vt 0.021258829161524773 0.23378579318523407
vt 0 0.22398915886878967
vt 0.021258829161524773 0.22398915886878967
vt 0.070058330893516541 0.21909083425998688
vt 0.042517658323049545 0.21909083425998688
vt 0.056287996470928192 0.21909083425998688
vt 0.070058330893516541 0.24818909168243408
vt 0.056287996470928192 0.25299018621444702
vt 0.042517658323049545 0.24818909168243408
vt 0.056287996470928192 0.24338799715042114
vt 0.056287996470928192 0.24818909168243408
vt 0.021258829161524773 0.25299018621444702
vt 0 0.24338799715042114
vt 0.021258829161524773 0.24338799715042114
vt 0.070058330893516541 0.2385869026184082
vt 0.042517658323049545 0.2385869026184082
vt 0.056287996470928192 0.2385869026184082
vt 0.070058330893516541 0.26829129457473755
vt 0.056287996470928192 0.27339166402816772
vt 0.042517658323049545 0.26829129457473755
vt 0.056287996470928192 0.26319092512130737
vt 0.056287996470928192 0.26829129457473755
vt 0.021258829161524773 0.27339166402816772
vt 0 0.26319092512130737
vt 0.021258829161524773 0.26319092512130737
vt 0.070058330893516541 0.2580905556678772
vt 0.042517658323049545 0.2580905556678772
vt 0.056287996470928192 0.2580905556678772
vt 0.070058330893516541 0.29134252667427063
vt 0.056287996470928192 0.29732611775398254
vt 0.042517658323049545 0.29134252667427063
vt 0.056287996470928192 0.28535890579223633
vt 0.056287996470928192 0.29134252667427063
vt 0.021258829161524773 0.29732611775398254
vt 0 0.28535890579223633
vt 0.021258829161524773 0.28535890579223633
vt 0.070058330893516541 0.27937528491020203
vt 0.042517658323049545 0.27937528491020203
vt 0.056287996470928192 0.27937528491020203
vt 0.070058330893516541 0.31890574097633362
vt 0.056287996470928192 0.32609894871711731
vt 0.042517658323049545 0.31890574097633362
vt 0.056287996470928192 0.31171253323554993
vt 0.056287996470928192 0.31890574097633362
vt 0 0.31171253323554993
vt 0.021258829161524773 0.31171253323554993
vt 0.070058330893516541 0.30451935529708862
vt 0.042517658323049545 0.30451935529708862
vt 0.056287996470928192 0.30451935529708862
vt 0.070058330893516541 0.35964515805244446
vt 0.056287996470928192 0.34846308827400208
vt 0.056287996470928192 0.35964515805244446
vt 0.070058330893516541 0.33728101849555969
vt 0.042517658323049545 0.33728101849555969
vt 0.056287996470928192 0.33728101849555969
vt 0.3131774365901947 0.16374732553958893
vt 0.3131774365901947 0.17794367671012878
vt 0.29256787896156311 0.17084549367427826
vt 0.26443794369697571 0.17084549367427826
vt 0.27850291132926941 0.16374732553958893
vt 0.27850291132926941 0.17084549367427826
vt 0.43355864286422729 0.17794367671012878
vt 0.41962197422981262 0.19214002788066864
vt 0.40568527579307556 0.17794367671012878
vt 0.41962197422981262 0.16374732553958893
vt 0.41962197422981262 0.17794367671012878
vt 0.43355864286422729 0.20316627621650696
vt 0.41962197422981262 0.21419250965118408
vt 0.40568527579307556 0.20316627621650696
vt 0.41962197422981262 0.20316627621650696
vt 0.43355864286422729 0.22398915886878967
vt 0.41962197422981262 0.23378579318523407
vt 0.40568527579307556 0.22398915886878967
vt 0.41962197422981262 0.22398915886878967
vt 0.43355864286422729 0.24338799715042114
vt 0.41962197422981262 0.25299018621444702
vt 0.40568527579307556 0.24338799715042114
vt 0.41962197422981262 0.24338799715042114
vt 0.43355864286422729 0.26319092512130737
vt 0.41962197422981262 0.27339166402816772
vt 0.40568527579307556 0.26319092512130737
vt 0.41962197422981262 0.26319092512130737
vt 0.43355864286422729 0.28535890579223633
vt 0.41962197422981262 0.29732611775398254
vt 0.40568527579307556 0.28535890579223633
vt 0.41962197422981262 0.28535890579223633
vt 0.43355864286422729 0.31171253323554993
vt 0.40568527579307556 0.31171253323554993
vt 0.41962197422981262 0.31171253323554993
vt 0.43355864286422729 0.35964515805244446
vt 0.42659032344818115 0.34846308827400208
vt 0.42659032344818115 0.35964515805244446
vt 0.20871523022651672 0.34282740950584412
vt 0.19995811581611633 0.34284955263137817
vt 0.187761589884758 0.3421684205532074
vt 0.17551365494728088 0.3407951295375824
vt 0.16919241845607758 0.33993586897850037
vt 0.16258448362350464 0.33904373645782471
vt 0.15683315694332123 0.33836454153060913
vt 0.1505964994430542 0.33783721923828125
vt 0.14358821511268616 0.33763810992240906
vt 0.13548707962036133 0.33808985352516174
vt 0.12891314923763275 0.33906880021095276
vt 0.12193837016820908 0.34070500731468201
vt 0.10838966071605682 0.34528794884681702
vt 0.10061347484588623 0.34853380918502808
vt 0.093704134225845337 0.35171756148338318
vt 0.08734140545129776 0.35474845767021179
vt 0.081292241811752319 0.35758954286575317
vt 0.074470259249210358 0.36061307787895203
vt 0.067737281322479248 0.3632999062538147
vt 0.060996655374765396 0.36561757326126099
vt 0.054194830358028412 0.36753502488136292
vt 0.051893278956413269 0.36808419227600098
vt 0.04285329207777977 0.36974915862083435
vt 0.03365761786699295 0.37065163254737854
vt 0.014999517239630222 0.370189368724823
vt 0.0012913119280710816 0.36808419227600098
vt 0 0.36781609058380127
vt 0.43355864286422729 0.36781609058380127
vt 0.41652840375900269 0.36272567510604858
vt 0.40254917740821838 0.35591825842857361
vt 0.39050859212875366 0.34792071580886841
vt 0.37936380505561829 0.33908995985984802
vt 0.37340179085731506 0.33412677049636841
vt 0.36715510487556458 0.3290439248085022
vt 0.36029157042503357 0.32390102744102478
vt 0.35238629579544067 0.3189062774181366
vt 0.32221400737762451 0.26402547955513
vt 0.32516896724700928 0.25961792469024658
vt 0.33287671208381653 0.24575215578079224
vt 0.3383978009223938 0.23185960948467255
vt 0.34198540449142456 0.21545952558517456
vt 0.33971592783927917 0.19780346751213074
vt 0.33518326282501221 0.19145053625106812
vt 0.32516896724700928 0.18515843152999878
vt 0.30761173367500305 0.18026500940322876
vt 0.27811709046363831 0.17735008895397186
vt 0.24272499978542328 0.17845618724822998
vt 0.21677932143211365 0.18333695828914642
vt 0.20337045192718506 0.1901940256357193
vt 0.19756349921226501 0.19780346751213074
vt 0.19523881375789642 0.20703987777233124
vt 0.19538363814353943 0.21594120562076569
vt 0.1988566666841507 0.23185960948467255
vt 0.20688256621360779 0.25107729434967041
vt 0.21677932143211365 0.26689004898071289
vt 0.23528759181499481 0.28705435991287231
vt 0.24593465030193329 0.2947278618812561
vt 0.24896372854709625 0.29639187455177307
vt 0.32124030590057373 0.29500603675842285
vt 0.31870126724243164 0.29137682914733887
vt 0.31695345044136047 0.28769111633300781
vt 0.3160310685634613 0.28397625684738159
vt 0.31588095426559448 0.28026533126831055
vt 0.31746324896812439 0.27298349142074585
vt 0.31900441646575928 0.26942011713981628
vt 0.32096850872039795 0.26591575145721436
vt 0.25185364484786987 0.29801061749458313
vt 0.25463226437568665 0.29997190833091736
vt 0.2568604052066803 0.30209293961524963
vt 0.25868695974349976 0.30469638109207153
vt 0.25980737805366516 0.3077818751335144
vt 0.26002776622772217 0.31104543805122375
vt 0.25853925943374634 0.31689175963401794
vt 0.25568097829818726 0.32191529870033264
vt 0.25304001569747925 0.32522004842758179
vt 0.25009733438491821 0.32818832993507385
vt 0.24350254237651825 0.33322721719741821
vt 0.23611016571521759 0.33716264367103577
vt 0.2279723584651947 0.34005570411682129
vt 0.21677932143211365 0.34223669767379761
vt 0.35226640105247498 0.31883946061134338
vt 0.34551480412483215 0.31480851769447327
vt 0.33871769905090332 0.31025013327598572
vt 0.33539745211601257 0.30783689022064209
vt 0.33212539553642273 0.30531752109527588
vt 0.32894378900527954 0.30269581079483032
vt 0.32591047883033752 0.29997190833091736
vt 0.32516896724700928 0.29926237463951111
vt 0.3218521773815155 0.29574483633041382
vt 0 0
vt 0.028965391218662262 0.011491600424051285
vt 0.028965391218662262 0.022841114550828934
vt 0.028965391218662262 0.03507617861032486
vt 0.028965391218662262 0.049988381564617157
vt 0.028965391218662262 0.080321513116359711
vt 0.056881573051214218 0.011491600424051285
vt 0.056881573051214218 0.022841114550828934
vt 0.056881573051214218 0.03507617861032486
vt 0.056881573051214218 0.049988381564617157
vt 0.056881573051214218 0.080321513116359711
vt 0.084940366446971893 0.011491600424051285
vt 0.084940366446971893 0.022841114550828934
vt 0.084940366446971893 0.03507617861032486
vt 0.084940366446971893 0.049988381564617157
vt 0.084940366446971893 0.080321513116359711
vt 0.11376314610242844 0.011491600424051285
vt 0.11376314610242844 0.022841114550828934
vt 0.11376314610242844 0.03507617861032486
vt 0.11376314610242844 0.049988381564617157
vt 0.11376314610242844 0.080321513116359711
vt 0.14167933166027069 0.011491600424051285
vt 0.14167933166027069 0.022841114550828934
vt 0.14167933166027069 0.03507617861032486
vt 0.14167933166027069 0.049988381564617157
vt 0.14167933166027069 0.080321513116359711
vt 0.16988073289394379 0.03507617861032486
vt 0.16988073289394379 0.049988381564617157
vt 0.16988073289394379 0.080321513116359711
vt 0.19856090843677521 0.080321513116359711
vt 0.22647708654403687 0.011491600424051285
vt 0.22647708654403687 0.022841114550828934
vt 0.22647708654403687 0.03507617861032486
vt 0.22647708654403687 0.049988381564617157
vt 0.22647708654403687 0.080321513116359711
vt 0.25394085049629211 0.011491600424051285
vt 0.25394085049629211 0.022841114550828934
vt 0.25394085049629211 0.03507617861032486
vt 0.25394085049629211 0.049988381564617157
vt 0.25394085049629211 0.080321513116359711
vt 0.2830079197883606 0.011491600424051285
vt 0.2830079197883606 0.022841114550828934
vt 0.2830079197883606 0.03507617861032486
vt 0.2830079197883606 0.049988381564617157
vt 0.2830079197883606 0.080321513116359711
vt 0.028965391218662262 0.065154947340488434
vt 0.014482695609331131 0.080321513116359711
vt 0.014482695609331131 0.049988381564617157
vt 0.014482695609331131 0.065154947340488434
vt 0.056881573051214218 0.065154947340488434
vt 0.042923483997583389 0.080321513116359711
vt 0.042923483997583389 0.049988381564617157
vt 0.042923483997583389 0.065154947340488434
vt 0.084940366446971893 0.065154947340488434
vt 0.070910975337028503 0.080321513116359711
vt 0.070910975337028503 0.049988381564617157
vt 0.070910975337028503 0.065154947340488434
vt 0.11376314610242844 0.065154947340488434
vt 0.099351756274700165 0.080321513116359711
vt 0.099351756274700165 0.049988381564617157
vt 0.099351756274700165 0.065154947340488434
vt 0.14167933166027069 0.065154947340488434
vt 0.12772123515605927 0.080321513116359711
vt 0.12772123515605927 0.049988381564617157
vt 0.12772123515605927 0.065154947340488434
vt 0.16988073289394379 0.065154947340488434
vt 0.15578003227710724 0.080321513116359711
vt 0.15578003227710724 0.049988381564617157
vt 0.15578003227710724 0.065154947340488434
vt 0.19856090843677521 0.065154947340488434
vt 0.1842208206653595 0.080321513116359711
vt 0.1842208206653595 0.065154947340488434
vt 0.22647708654403687 0.065154947340488434
vt 0.21251900494098663 0.080321513116359711
vt 0.21251900494098663 0.049988381564617157
vt 0.21251900494098663 0.065154947340488434
vt 0.25394085049629211 0.065154947340488434
vt 0.24020896852016449 0.080321513116359711
vt 0.24020896852016449 0.049988381564617157
vt 0.24020896852016449 0.065154947340488434
vt 0.2830079197883606 0.065154947340488434
vt 0.26847437024116516 0.080321513116359711
vt 0.26847437024116516 0.049988381564617157
vt 0.26847437024116516 0.065154947340488434
vt 0.29660347104072571 0.080321513116359711
vt 0.29660347104072571 0.049988381564617157
vt 0.29660347104072571 0.065154947340488434
vt 0.028965391218662262 0.072738230228424072
vt 0.021724045276641846 0.080321513116359711
vt 0.014482695609331131 0.072738230228424072
vt 0.021724045276641846 0.065154947340488434
vt 0.021724045276641846 0.072738230228424072
vt 0.056881573051214218 0.072738230228424072
vt 0.049902528524398804 0.080321513116359711
vt 0.042923483997583389 0.072738230228424072
vt 0.049902528524398804 0.065154947340488434
vt 0.049902528524398804 0.072738230228424072
vt 0.035944439470767975 0.080321513116359711
vt 0.035944439470767975 0.065154947340488434
vt 0.035944439470767975 0.072738230228424072
vt 0.084940366446971893 0.072738230228424072
vt 0.0779256671667099 0.080321513116359711
vt 0.070910975337028503 0.072738230228424072
vt 0.0779256671667099 0.065154947340488434
vt 0.0779256671667099 0.072738230228424072
vt 0.063896268606185913 0.080321513116359711
vt 0.063896268606185913 0.065154947340488434
vt 0.063896268606185913 0.072738230228424072
vt 0.11376314610242844 0.072738230228424072
vt 0.1065574586391449 0.080321513116359711
vt 0.099351756274700165 0.072738230228424072
vt 0.1065574586391449 0.065154947340488434
vt 0.1065574586391449 0.072738230228424072
vt 0.092146061360836029 0.080321513116359711
vt 0.092146061360836029 0.065154947340488434
vt 0.092146061360836029 0.072738230228424072
vt 0.14167933166027069 0.072738230228424072
vt 0.13470028340816498 0.080321513116359711
vt 0.12772123515605927 0.072738230228424072
vt 0.13470028340816498 0.065154947340488434
vt 0.13470028340816498 0.072738230228424072
vt 0.12074220180511475 0.080321513116359711
vt 0.12074220180511475 0.065154947340488434
vt 0.12074220180511475 0.072738230228424072
vt 0.16988073289394379 0.072738230228424072
vt 0.16283038258552551 0.080321513116359711
vt 0.15578003227710724 0.072738230228424072
vt 0.16283038258552551 0.065154947340488434
vt 0.16283038258552551 0.072738230228424072
vt 0.14872968196868896 0.080321513116359711
vt 0.14872968196868896 0.065154947340488434
vt 0.14872968196868896 0.072738230228424072
vt 0.19856090843677521 0.072738230228424072
vt 0.19139087200164795 0.080321513116359711
vt 0.1842208206653595 0.072738230228424072
vt 0.19139087200164795 0.065154947340488434
vt 0.19139087200164795 0.072738230228424072
vt 0.17705076932907104 0.080321513116359711
vt 0.17705076932907104 0.065154947340488434
vt 0.17705076932907104 0.072738230228424072
vt 0.22647708654403687 0.072738230228424072
vt 0.21949803829193115 0.080321513116359711
vt 0.21251900494098663 0.072738230228424072
vt 0.21949803829193115 0.065154947340488434
vt 0.21949803829193115 0.072738230228424072
vt 0.20553995668888092 0.080321513116359711
vt 0.20553995668888092 0.065154947340488434
vt 0.20553995668888092 0.072738230228424072
vt 0.25394085049629211 0.072738230228424072
vt 0.2470749169588089 0.080321513116359711
vt 0.24020896852016449 0.072738230228424072
vt 0.2470749169588089 0.065154947340488434
vt 0.2470749169588089 0.072738230228424072
vt 0.23334303498268127 0.080321513116359711
vt 0.23334303498268127 0.065154947340488434
vt 0.23334303498268127 0.072738230228424072
vt 0.2830079197883606 0.072738230228424072
vt 0.27574113011360168 0.080321513116359711
vt 0.26847437024116516 0.072738230228424072
vt 0.27574113011360168 0.065154947340488434
vt 0.27574113011360168 0.072738230228424072
vt 0.26120761036872864 0.080321513116359711
vt 0.26120761036872864 0.065154947340488434
vt 0.26120761036872864 0.072738230228424072
vt 0.29660347104072571 0.072738230228424072
vt 0.30340123176574707 0.065154947340488434
vt 0.30340123176574707 0.072738230228424072
vt 0.28980568051338196 0.080321513116359711
vt 0.28980568051338196 0.065154947340488434
vt 0.28980568051338196 0.072738230228424072
vt 0.020046155899763107 0
vt 0.039953503757715225 0
vt 0.059723470360040665 0
vt 0.079357482492923737 0
vt 0.099759630858898163 0
vt 0.11985611915588379 0
vt 0.13953907787799835 0
vt 0.15882115066051483 0
vt 0 0.04120214655995369
vt 0 0.030901607125997543
vt 0 0.020601073279976845
vt 0 0.010300536639988422
vt 0.010988544672727585 0.080321513116359711
vt 0.010076927021145821 0.077886052429676056
vt 0.0084480270743370056 0.073514275252819061
vt 0.0068823243491351604 0.069185242056846619
vt 0.0040213535539805889 0.060416899621486664
vt 0.0027758362703025341 0.055841498076915741
vt 0.0016934206942096353 0.051102664321660995
vt 0.00077697407687082887 0.046209950000047684
vt 0.28464075922966003 0
vt 0.28770071268081665 0.0053171627223491669
vt 0.29207494854927063 0.012959377840161324
vt 0.29555988311767578 0.019165778532624245
vt 0.29903951287269592 0.025594834238290787
vt 0.30251249670982361 0.032462313771247864
vt 0.30423098802566528 0.036167576909065247
vt 0.30591398477554321 0.040160674601793289
vt 0.30803182721138 0.046183612197637558
vt 0.30971843004226685 0.053564406931400299
vt 0.31015974283218384 0.058118022978305817
vt 0.31009271740913391 0.062924794852733612
vt 0.30952349305152893 0.06753019243478775
vt 0.30858930945396423 0.07177647203207016
vt 0.30723237991333008 0.076218225061893463
vt 0.30566909909248352 0.080321513116359711
vt 0.1606544554233551 0.0037461926694959402
vt 0.16210903227329254 0.0063143311999738216
vt 0.1668999046087265 0.013239173218607903
vt 0.17118649184703827 0.018608469516038895
vt 0.17536267638206482 0.024139389395713806
vt 0.17934964597225189 0.030868317931890488
vt 0.18115979433059692 0.035110898315906525
vt 0.18198171257972717 0.037532411515712738
vt 0.18273206055164337 0.040161546319723129
vt 0.18370988965034485 0.044339992105960846
vt 0.18416190147399902 0.046513918787240982
vt 0.18461769819259644 0.048695418983697891
vt 0.18565395474433899 0.052900396287441254
vt 0.18700198829174042 0.056411344558000565
vt 0.18790188431739807 0.057856988161802292
vt 0.18924202024936676 0.059151839464902878
vt 0.19064535200595856 0.059703003615140915
vt 0.19205385446548462 0.059617742896080017
vt 0.19343748688697815 0.059011440724134445
vt 0.19604657590389252 0.056648511439561844
vt 0.19845190644264221 0.053241614252328873
vt 0.20074880123138428 0.049088016152381897
vt 0.20290140807628632 0.044571850448846817
vt 0.20480349659919739 0.040160775184631348
vt 0.2069384902715683 0.034747526049613953
vt 0.20862500369548798 0.030026700347661972
vt 0.20990994572639465 0.026063067838549614
vt 0.21052937209606171 0.024001330137252808
vt 0.21113207936286926 0.021878346800804138
vt 0.2122708261013031 0.017467675730586052
vt 0.21280971169471741 0.015143790282309055
vt 0.21332570910453796 0.012730415910482407
vt 0.21393217146396637 0.0095915850251913071
vt 0.21449530124664307 0.0062851537950336933
vt 0.21536751091480255 0
vt 0.23154857754707336 0
vt 0.24994738399982452 0
vt 0.2684263288974762 0
vt 0 0.37211647629737854
vt 0 0.38554123044013977
vt 0 0.39825427532196045
vt 0 0.41028618812561035
vt 0 0.422507643699646
vt 0 0.43613940477371216
vt 0 0.45338249206542969
vt 0 0.48219871520996094
vt 0.081516027450561523 0.37211647629737854
vt 0.081516027450561523 0.38554123044013977
vt 0.081516027450561523 0.39825427532196045
vt 0.081516027450561523 0.41028618812561035
vt 0.081516027450561523 0.422507643699646
vt 0.081516027450561523 0.43613940477371216
vt 0.081516027450561523 0.45338249206542969
vt 0.081516027450561523 0.48219871520996094
vt 0.086610779166221619 0.37211647629737854
vt 0.086610779166221619 0.38554123044013977
vt 0.086610779166221619 0.39825427532196045
vt 0.086610779166221619 0.41028618812561035
vt 0.086610779166221619 0.422507643699646
vt 0.086610779166221619 0.43613940477371216
vt 0.086610779166221619 0.45338249206542969
vt 0.086610779166221619 0.48219871520996094
vt 0.089158155024051666 0.37211647629737854
vt 0.089158155024051666 0.38554123044013977
vt 0.089158155024051666 0.39825427532196045
vt 0.089158155024051666 0.41028618812561035
vt 0.089158155024051666 0.422507643699646
vt 0.089158155024051666 0.43613940477371216
vt 0.089158155024051666 0.45338249206542969
vt 0.091705530881881714 0.37211647629737854
vt 0.091705530881881714 0.38554123044013977
vt 0.091705530881881714 0.39825427532196045
vt 0.091705530881881714 0.41028618812561035
vt 0.091705530881881714 0.422507643699646
vt 0.091705530881881714 0.43613940477371216
vt 0.091705530881881714 0.45338249206542969
vt 0.12227404117584229 0.37211647629737854
vt 0.12227404117584229 0.38554123044013977
vt 0.12227404117584229 0.39825427532196045
vt 0.12227404117584229 0.41028618812561035
vt 0.12227404117584229 0.422507643699646
vt 0.12227404117584229 0.43613940477371216
vt 0.16303205490112305 0.37211647629737854
vt 0.16303205490112305 0.38554123044013977
vt 0.16303205490112305 0.39825427532196045
vt 0.24454808235168457 0.38554123044013977
vt 0.24454808235168457 0.39825427532196045
vt 0.24454808235168457 0.41028618812561035
vt 0.24454808235168457 0.422507643699646
vt 0.24964283406734467 0.37211647629737854
vt 0.24964283406734467 0.38554123044013977
vt 0.24964283406734467 0.39825427532196045
vt 0.24964283406734467 0.41028618812561035
vt 0.24964283406734467 0.422507643699646
vt 0.24964283406734467 0.43613940477371216
vt 0.25219020247459412 0.37211647629737854
vt 0.25219020247459412 0.38554123044013977
vt 0.25219020247459412 0.39825427532196045
vt 0.25219020247459412 0.41028618812561035
vt 0.25219020247459412 0.422507643699646
vt 0.25219020247459412 0.43613940477371216
vt 0.25219020247459412 0.45338249206542969
vt 0.25473758578300476 0.37211647629737854
vt 0.25473758578300476 0.38554123044013977
vt 0.25473758578300476 0.39825427532196045
vt 0.25473758578300476 0.41028618812561035
vt 0.25473758578300476 0.422507643699646
vt 0.25473758578300476 0.43613940477371216
vt 0.25473758578300476 0.45338249206542969
vt 0.28530609607696533 0.37211647629737854
vt 0.28530609607696533 0.38554123044013977
vt 0.28530609607696533 0.39825427532196045
vt 0.28530609607696533 0.41028618812561035
vt 0.28530609607696533 0.422507643699646
vt 0.28530609607696533 0.43613940477371216
vt 0.28530609607696533 0.45338249206542969
vt 0.28530609607696533 0.48219871520996094
vt 0.32606410980224609 0.38554123044013977
vt 0.32606410980224609 0.39825427532196045
vt 0.32606410980224609 0.41028618812561035
vt 0.32606410980224609 0.422507643699646
vt 0.32606410980224609 0.43613940477371216
vt 0.32606410980224609 0.45338249206542969
vt 0.32606410980224609 0.48219871520996094
vt 0.081516027450561523 0.42932352423667908
vt 0.040758013725280762 0.43613940477371216
vt 0 0.42932352423667908
vt 0.040758013725280762 0.422507643699646
vt 0.040758013725280762 0.42932352423667908
vt 0.081516027450561523 0.44476094841957092
vt 0.040758013725280762 0.45338249206542969
vt 0 0.44476094841957092
vt 0.040758013725280762 0.44476094841957092
vt 0.081516027450561523 0.46779060363769531
vt 0.040758013725280762 0.48219871520996094
vt 0 0.46779060363769531
vt 0.040758013725280762 0.46779060363769531
vt 0 0.50154095888137817
vt 0.040758013725280762 0.50154095888137817
vt 0.086610779166221619 0.42932352423667908
vt 0.084063403308391571 0.43613940477371216
vt 0.084063403308391571 0.422507643699646
vt 0.084063403308391571 0.42932352423667908
vt 0.086610779166221619 0.44476094841957092
vt 0.084063403308391571 0.45338249206542969
vt 0.084063403308391571 0.44476094841957092
vt 0.089158155024051666 0.42932352423667908
vt 0.087884470820426941 0.43613940477371216
vt 0.087884470820426941 0.422507643699646
vt 0.087884470820426941 0.42932352423667908
vt 0.089158155024051666 0.44476094841957092
vt 0.087884470820426941 0.45338249206542969
vt 0.087884470820426941 0.44476094841957092
vt 0.091705530881881714 0.42932352423667908
vt 0.090431846678256989 0.43613940477371216
vt 0.090431846678256989 0.422507643699646
vt 0.090431846678256989 0.42932352423667908
vt 0.091705530881881714 0.44476094841957092
vt 0.090431846678256989 0.45338249206542969
vt 0.090431846678256989 0.44476094841957092
vt 0.12227404117584229 0.4042702317237854
vt 0.106989786028862 0.41028618812561035
vt 0.091705530881881714 0.4042702317237854
vt 0.106989786028862 0.39825427532196045
vt 0.106989786028862 0.4042702317237854
vt 0.12227404117584229 0.41639691591262817
vt 0.106989786028862 0.422507643699646
vt 0.091705530881881714 0.41639691591262817
vt 0.106989786028862 0.41639691591262817
vt 0.12227404117584229 0.42932352423667908
vt 0.106989786028862 0.43613940477371216
vt 0.106989786028862 0.42932352423667908
vt 0.106989786028862 0.45338249206542969
vt 0.106989786028862 0.44476094841957092
vt 0.16303205490112305 0.37882885336875916
vt 0.14265304803848267 0.38554123044013977
vt 0.12227404117584229 0.37882885336875916
vt 0.14265304803848267 0.37211647629737854
vt 0.14265304803848267 0.37882885336875916
vt 0.24454808235168457 0.37882885336875916
vt 0.20379006862640381 0.38554123044013977
vt 0.20379006862640381 0.37211647629737854
vt 0.20379006862640381 0.37882885336875916
vt 0.24454808235168457 0.39189773797988892
vt 0.16303205490112305 0.39189773797988892
vt 0.20379006862640381 0.39189773797988892
vt 0.24454808235168457 0.4042702317237854
vt 0.24454808235168457 0.41639691591262817
vt 0.28530609607696533 0.42932352423667908
vt 0.27002185583114624 0.43613940477371216
vt 0.25473758578300476 0.42932352423667908
vt 0.27002185583114624 0.422507643699646
vt 0.27002185583114624 0.42932352423667908
vt 0.28530609607696533 0.44476094841957092
vt 0.27002185583114624 0.45338249206542969
vt 0.25473758578300476 0.44476094841957092
vt 0.27002185583114624 0.44476094841957092
vt 0.28530609607696533 0.46779060363769531
vt 0.27002185583114624 0.48219871520996094
vt 0.27002185583114624 0.46779060363769531
vt 0.28530609607696533 0.50154095888137817
vt 0.32606410980224609 0.50154095888137817
vt 0.30568510293960571 0.48219871520996094
vt 0.30568510293960571 0.50154095888137817
vt 0.081516027450561523 0.4490717351436615
vt 0.061137020587921143 0.45338249206542969
vt 0.040758013725280762 0.4490717351436615
vt 0.061137020587921143 0.44476094841957092
vt 0.061137020587921143 0.4490717351436615
vt 0.081516027450561523 0.47499465942382812
vt 0.061137020587921143 0.48219871520996094
vt 0.040758013725280762 0.47499465942382812
vt 0.061137020587921143 0.46779060363769531
vt 0.061137020587921143 0.47499465942382812
vt 0.086610779166221619 0.46779060363769531
vt 0.084063403308391571 0.48219871520996094
vt 0.084063403308391571 0.46779060363769531
vt 0.081516027450561523 0.4605865478515625
vt 0.040758013725280762 0.4605865478515625
vt 0.061137020587921143 0.4605865478515625
vt 0.040758013725280762 0.51121211051940918
vt 0.061137020587921143 0.50154095888137817
vt 0.040758013725280762 0.49186983704566956
vt 0.061137020587921143 0.49186983704566956
vt 0.24454808235168457 0.40727820992469788
vt 0.24964283406734467 0.4042702317237854
vt 0.24709546566009521 0.41028618812561035
vt 0.24709546566009521 0.39825427532196045
vt 0.24709546566009521 0.4042702317237854
vt 0.24964283406734467 0.41639691591262817
vt 0.24709546566009521 0.422507643699646
vt 0.24709546566009521 0.41639691591262817
vt 0.24454808235168457 0.41334155201911926
vt 0.24964283406734467 0.42932352423667908
vt 0.24709546566009521 0.43613940477371216
vt 0.24709546566009521 0.42932352423667908
vt 0.25346389412879944 0.45338249206542969
vt 0.27766397595405579 0.50154095888137817
vt 0.27002185583114624 0.49186983704566956
vt 0.28530609607696533 0.49186983704566956
vt 0.27766397595405579 0.48219871520996094
vt 0.27766397595405579 0.49186983704566956
vt 0.32606410980224609 0.51121211051940918
vt 0.30568510293960571 0.51121211051940918
vt 0.3158746063709259 0.50154095888137817
vt 0.3158746063709259 0.51121211051940918
vt 0.29549559950828552 0.50154095888137817
vt 0.29549559950828552 0.51121211051940918
vt 0.30568510293960571 0.49186983704566956
vt 0.29549559950828552 0.48219871520996094
vt 0.29549559950828552 0.49186983704566956
vt 0.32606410980224609 0.46779060363769531
vt 0.30568510293960571 0.45338249206542969
vt 0.30568510293960571 0.46779060363769531
vt 0.081516027450561523 0.47139263153076172
vt 0.071326524019241333 0.47499465942382812
vt 0.061137020587921143 0.47139263153076172
vt 0.071326524019241333 0.46779060363769531
vt 0.071326524019241333 0.47139263153076172
vt 0.084063403308391571 0.47499465942382812
vt 0.082789719104766846 0.48219871520996094
vt 0.082789719104766846 0.46779060363769531
vt 0.082789719104766846 0.47499465942382812
vt 0.081516027450561523 0.46418857574462891
vt 0.061137020587921143 0.46418857574462891
vt 0.071326524019241333 0.4605865478515625
vt 0.071326524019241333 0.46418857574462891
vt 0.084063403308391571 0.4605865478515625
vt 0.082789719104766846 0.45338249206542969
vt 0.082789719104766846 0.4605865478515625
vt 0.32606410980224609 0.42932352423667908
vt 0.30568510293960571 0.43613940477371216
vt 0.30568510293960571 0.422507643699646
vt 0.30568510293960571 0.42932352423667908
vt 0.32606410980224609 0.44476094841957092
vt 0.30568510293960571 0.44476094841957092
vt 0 0.51121211051940918
vt 0.020379006862640381 0.50154095888137817
vt 0.020379006862640381 0.51121211051940918
vt 0.24991728365421295 0.4526209831237793
vt 0.24920724332332611 0.44907668232917786
vt 0.24769975244998932 0.44164314866065979
vt 0.24454808235168457 0.42912819981575012
vt 0.24007740616798401 0.41846758127212524
vt 0.23562422394752502 0.41203838586807251
vt 0.22886805236339569 0.40592217445373535
vt 0.21856985986232758 0.4006141722202301
vt 0.20379006862640381 0.39712226390838623
vt 0.18259522318840027 0.39686417579650879
vt 0.16303205490112305 0.40067687630653381
vt 0.14611028134822845 0.40913254022598267
vt 0.13658098876476288 0.41846758127212524
vt 0.1280398964881897 0.43033638596534729
vt 0.12227404117584229 0.43934383988380432
vt 0.11841537803411484 0.44538635015487671
vt 0.11436474323272705 0.45157516002655029
vt 0.11222518235445023 0.4547576904296875
vt 0.10998835414648056 0.45801568031311035
vt 0.10763633251190186 0.46136444807052612
vt 0.10515090823173523 0.46481871604919434
vt 0.1018950343132019 0.46909785270690918
vt 0.091705530881881714 0.48041126132011414
vt 0.081516027450561523 0.48930132389068604
vt 0.071306250989437103 0.49685925245285034
vt 0.061137020587921143 0.50355958938598633
vt 0.046939872205257416 0.51116985082626343
vt 0.040758013725280762 0.51376742124557495
vt 0.03195321187376976 0.51670444011688232
vt 0.022331975400447845 0.51894587278366089
vt 0.011715189553797245 0.52037715911865234
vt 0 0.52088314294815063
vt 0.32606410980224609 0.52088314294815063
vt 0.30314600467681885 0.51871830224990845
vt 0.28546446561813354 0.51254010200500488
vt 0.28530609607696533 0.51245754957199097
vt 0.28303968906402588 0.51116985082626343
vt 0.27717679738998413 0.50679349899291992
vt 0.27240586280822754 0.50186717510223389
vt 0.26840677857398987 0.49658572673797607
vt 0.26492708921432495 0.49103829264640808
vt 0.26349338889122009 0.48848533630371094
vt 0.26211705803871155 0.48588588833808899
vt 0.26079058647155762 0.4832397997379303
vt 0.25950893759727478 0.48054617643356323
vt 0.25706815719604492 0.47500312328338623
vt 0.25480067729949951 0.46923333406448364
vt 0.25473758578300476 0.46906158328056335
vt 0.25326570868492126 0.46481871604919434
vt 0.081516027450561523 0.48581463098526001
vt 0.089158155024051666 0.4808904230594635
vt 0.22616226971149445 0.39825427532196045
vt 0.24964283406734467 0.44950765371322632
vt 0.25219020247459412 0.45915749669075012
vt 0.65486443042755127 0.37211647629737854
vt 0.61551028490066528 0.37211647629737854
vt 0.58429902791976929 0.37211647629737854
vt 0.55655479431152344 0.37211647629737854
vt 0.52903664112091064 0.37211647629737854
vt 0.49930492043495178 0.37211647629737854
vt 0.46357226371765137 0.37211647629737854
vt 0.41970714926719666 0.37211647629737854
vt 0.65486443042755127 0.49056535959243774
vt 0.61551028490066528 0.49056535959243774
vt 0.58429902791976929 0.49056535959243774
vt 0.55655479431152344 0.49056535959243774
vt 0.52903664112091064 0.49056535959243774
vt 0.49930492043495178 0.49056535959243774
vt 0.46357226371765137 0.49056535959243774
vt 0.65486443042755127 0.4979684054851532
vt 0.61551028490066528 0.4979684054851532
vt 0.58429902791976929 0.4979684054851532
vt 0.55655479431152344 0.4979684054851532
vt 0.52903664112091064 0.4979684054851532
vt 0.49930492043495178 0.4979684054851532
vt 0.46357226371765137 0.4979684054851532
vt 0.65486443042755127 0.50537145137786865
vt 0.61551028490066528 0.50537145137786865
vt 0.58429902791976929 0.50537145137786865
vt 0.55655479431152344 0.50537145137786865
vt 0.52903664112091064 0.50537145137786865
vt 0.49930492043495178 0.50537145137786865
vt 0.46357226371765137 0.50537145137786865
vt 0.65486443042755127 0.51277452707290649
vt 0.61551028490066528 0.51277452707290649
vt 0.52903664112091064 0.51277452707290649
vt 0.49930492043495178 0.51277452707290649
vt 0.65486443042755127 0.54978978633880615
vt 0.65486443042755127 0.72746306657791138
vt 0.65486443042755127 0.73486614227294922
vt 0.65486443042755127 0.74967223405838013
vt 0.65486443042755127 0.78668755292892456
vt 0.61551028490066528 0.78668755292892456
vt 0.52903664112091064 0.78668755292892456
vt 0.49930492043495178 0.78668755292892456
vt 0.46357226371765137 0.78668755292892456
vt 0.41970714926719666 0.78668755292892456
vt 0.61551028490066528 0.84591197967529297
vt 0.58429902791976929 0.84591197967529297
vt 0.55655479431152344 0.84591197967529297
vt 0.52903664112091064 0.84591197967529297
vt 0.49930492043495178 0.84591197967529297
vt 0.46357226371765137 0.84591197967529297
vt 0.41970714926719666 0.84591197967529297
vt 0.57042688131332397 0.49056535959243774
vt 0.55655479431152344 0.43134090304374695
vt 0.57042688131332397 0.37211647629737854
vt 0.58429902791976929 0.43134090304374695
vt 0.57042688131332397 0.43134090304374695
vt 0.54279571771621704 0.49056535959243774
vt 0.52903664112091064 0.43134090304374695
vt 0.54279571771621704 0.37211647629737854
vt 0.54279571771621704 0.43134090304374695
vt 0.51417082548141479 0.49056535959243774
vt 0.49930492043495178 0.43134090304374695
vt 0.51417082548141479 0.37211647629737854
vt 0.51417082548141479 0.43134090304374695
vt 0.48143857717514038 0.49056535959243774
vt 0.46357226371765137 0.43134090304374695
vt 0.48143857717514038 0.37211647629737854
vt 0.48143857717514038 0.43134090304374695
vt 0.44163972139358521 0.49056535959243774
vt 0.41970714926719666 0.43134090304374695
vt 0.44163972139358521 0.37211647629737854
vt 0.44163972139358521 0.43134090304374695
vt 0.37323424220085144 0.37211647629737854
vt 0.37323424220085144 0.43134090304374695
vt 0.57042688131332397 0.4979684054851532
vt 0.55655479431152344 0.49426686763763428
vt 0.58429902791976929 0.49426686763763428
vt 0.57042688131332397 0.49426686763763428
vt 0.57042688131332397 0.50537145137786865
vt 0.55655479431152344 0.50166994333267212
vt 0.58429902791976929 0.50166994333267212
vt 0.57042688131332397 0.50166994333267212
vt 0.55655479431152344 0.50907295942306519
vt 0.58429902791976929 0.50907295942306519
vt 0.57042688131332397 0.50907295942306519
vt 0.63518732786178589 0.54978978633880615
vt 0.61551028490066528 0.53128212690353394
vt 0.63518732786178589 0.51277452707290649
vt 0.65486443042755127 0.53128212690353394
vt 0.63518732786178589 0.53128212690353394
vt 0.65486443042755127 0.57940202951431274
vt 0.65486443042755127 0.66823863983154297
vt 0.37323424220085144 0.78668755292892456
vt 0.41970714926719666 0.76817989349365234
vt 0.37323424220085144 0.76817989349365234
vt 0.37323424220085144 0.84591197967529297
vt 0.41970714926719666 0.81629973649978638
vt 0.37323424220085144 0.81629973649978638
vt 0.53591620922088623 0.49056535959243774
vt 0.52903664112091064 0.46095311641693115
vt 0.53591620922088623 0.43134090304374695
vt 0.54279571771621704 0.46095311641693115
vt 0.53591620922088623 0.46095311641693115
vt 0.54279571771621704 0.4979684054851532
vt 0.52903664112091064 0.49426686763763428
vt 0.54279571771621704 0.49426686763763428
vt 0.50673788785934448 0.49056535959243774
vt 0.49930492043495178 0.46095311641693115
vt 0.50673788785934448 0.43134090304374695
vt 0.51417082548141479 0.46095311641693115
vt 0.50673788785934448 0.46095311641693115
vt 0.51417082548141479 0.4979684054851532
vt 0.49930492043495178 0.49426686763763428
vt 0.51417082548141479 0.49426686763763428
vt 0.52160370349884033 0.49056535959243774
vt 0.52160370349884033 0.43134090304374695
vt 0.52160370349884033 0.46095311641693115
vt 0.47250545024871826 0.49056535959243774
vt 0.46357226371765137 0.46095311641693115
vt 0.47250545024871826 0.43134090304374695
vt 0.48143857717514038 0.46095311641693115
vt 0.47250545024871826 0.46095311641693115
vt 0.48143857717514038 0.4979684054851532
vt 0.46357226371765137 0.49426686763763428
vt 0.48143857717514038 0.49426686763763428
vt 0.49037176370620728 0.49056535959243774
vt 0.49037176370620728 0.43134090304374695
vt 0.49037176370620728 0.46095311641693115
vt 0.43067342042922974 0.49056535959243774
vt 0.41970714926719666 0.46095311641693115
vt 0.43067342042922974 0.43134090304374695
vt 0.44163972139358521 0.46095311641693115
vt 0.43067342042922974 0.46095311641693115
vt 0.44163972139358521 0.49426686763763428
vt 0.45260599255561829 0.49056535959243774
vt 0.45260599255561829 0.43134090304374695
vt 0.45260599255561829 0.46095311641693115
vt 0.39647069573402405 0.43134090304374695
vt 0.39647069573402405 0.46095311641693115
vt 0.64502584934234619 0.60901421308517456
vt 0.64502584934234619 0.57940202951431274
vt 0.65486443042755127 0.59420812129974365
vt 0.64502584934234619 0.59420812129974365
vt 0.65486443042755127 0.63862645626068115
vt 0.34999778866767883 0.78668755292892456
vt 0.37323424220085144 0.77743369340896606
vt 0.34999778866767883 0.77743369340896606
vt 0.34999778866767883 0.84591197967529297
vt 0.34999778866767883 0.81629973649978638
vt 0.37323424220085144 0.83110588788986206
vt 0.34999778866767883 0.83110588788986206
vt 0.37323424220085144 0.80149364471435547
vt 0.34999778866767883 0.80149364471435547
vt 0.34999778866767883 0.78206062316894531
vt 0.36161601543426514 0.77743369340896606
vt 0.37323424220085144 0.77280682325363159
vt 0.36161601543426514 0.77280682325363159
vt 0.39647069573402405 0.78668755292892456
vt 0.39647069573402405 0.76817989349365234
vt 0.41970714926719666 0.77743369340896606
vt 0.39647069573402405 0.77743369340896606
vt 0.44163972139358521 0.78668755292892456
vt 0.36161601543426514 0.78668755292892456
vt 0.37323424220085144 0.78206062316894531
vt 0.36161601543426514 0.78206062316894531
vt 0.33837956190109253 0.81629973649978638
vt 0.33837956190109253 0.80149364471435547
vt 0.34999778866767883 0.80889672040939331
vt 0.33837956190109253 0.80889672040939331
vt 0.34999778866767883 0.79409056901931763
vt 0.33837956190109253 0.79409056901931763
vt 0.57042688131332397 0.84591197967529297
vt 0.55655479431152344 0.81629973649978638
vt 0.58429902791976929 0.81629973649978638
vt 0.57042688131332397 0.81629973649978638
vt 0.54279571771621704 0.84591197967529297
vt 0.52903664112091064 0.81629973649978638
vt 0.54279571771621704 0.81629973649978638
vt 0.51417082548141479 0.84591197967529297
vt 0.49930492043495178 0.81629973649978638
vt 0.51417082548141479 0.78668755292892456
vt 0.51417082548141479 0.81629973649978638
vt 0.48143857717514038 0.84591197967529297
vt 0.46357226371765137 0.81629973649978638
vt 0.48143857717514038 0.78668755292892456
vt 0.48143857717514038 0.81629973649978638
vt 0.44163972139358521 0.84591197967529297
vt 0.44163972139358521 0.81629973649978638
vt 0.34999778866767883 0.37211647629737854
vt 0.37323424220085144 0.40172868967056274
vt 0.34999778866767883 0.40172868967056274
vt 0.32752895355224609 0.84591197967529297
vt 0.32874703407287598 0.81097668409347534
vt 0.33869475126266479 0.78668755292892456
vt 0.35218653082847595 0.77327442169189453
vt 0.35986745357513428 0.76891100406646729
vt 0.36385565996170044 0.76720732450485229
vt 0.3679262101650238 0.7657814621925354
vt 0.37350812554359436 0.76425695419311523
vt 0.37917202711105347 0.76313537359237671
vt 0.39071482419967651 0.76188522577285767
vt 0.41434654593467712 0.76222455501556396
vt 0.4385145902633667 0.76475554704666138
vt 0.46357226371765137 0.76826328039169312
vt 0.47855478525161743 0.77053266763687134
vt 0.4990711510181427 0.77380776405334473
vt 0.51887989044189453 0.77691227197647095
vt 0.5386660099029541 0.77966034412384033
vt 0.55921834707260132 0.78174543380737305
vt 0.57005536556243896 0.78233480453491211
vt 0.581501305103302 0.78238159418106079
vt 0.60704135894775391 0.77855461835861206
vt 0.62282663583755493 0.76921296119689941
vt 0.45252770185470581 0.51531416177749634
vt 0.44883027672767639 0.51217854022979736
vt 0.44103023409843445 0.50537145137786865
vt 0.43284538388252258 0.49801406264305115
vt 0.42473533749580383 0.49056535959243774
vt 0.41574925184249878 0.48248961567878723
vt 0.4022400975227356 0.47116890549659729
vt 0.38935413956642151 0.46095311641693115
vt 0.37847644090652466 0.45239987969398499
vt 0.3679262101650238 0.44373571872711182
vt 0.35469198226928711 0.43134090304374695
vt 0.34587603807449341 0.42097979784011841
vt 0.33792963624000549 0.40837806463241577
vt 0.33149591088294983 0.3924373984336853
vt 0.32752895355224609 0.37211647629737854
vt 0.63211512565612793 0.75707530975341797
vt 0.63704061508178711 0.74593698978424072
vt 0.64145225286483765 0.72746306657791138
vt 0.64425885677337646 0.7040216326713562
vt 0.64579987525939941 0.67283856868743896
vt 0.6437070369720459 0.60901421308517456
vt 0.64099383354187012 0.58890646696090698
vt 0.6379091739654541 0.57633411884307861
vt 0.63144874572753906 0.56121653318405151
vt 0.62348496913909912 0.54978978633880615
vt 0.61438614130020142 0.53992378711700439
vt 0.60704135894775391 0.53287971019744873
vt 0.59938102960586548 0.5260850191116333
vt 0.59174340963363647 0.52017754316329956
vt 0.58416092395782471 0.51577210426330566
vt 0.57625836133956909 0.51335251331329346
vt 0.57213199138641357 0.51313537359237671
vt 0.5679088830947876 0.51373285055160522
vt 0.563590407371521 0.51525092124938965
vt 0.55921834707260132 0.51775109767913818
vt 0.55602180957794189 0.52017754316329956
vt 0.55044877529144287 0.52539980411529541
vt 0.54512017965316772 0.53087717294692993
vt 0.54249614477157593 0.53341388702392578
vt 0.53984528779983521 0.53572088479995728
vt 0.53439545631408691 0.53947079181671143
vt 0.5305975079536438 0.5413050651550293
vt 0.52677536010742188 0.54258841276168823
vt 0.51922518014907837 0.54377764463424683
vt 0.50492662191390991 0.54249197244644165
vt 0.49159637093544006 0.53839761018753052
vt 0.47860017418861389 0.53244107961654663
vt 0.46357226371765137 0.52354341745376587
vt 0.45873600244522095 0.52017754316329956
vt 0.55655479431152344 0.51277452707290649
vt 0.44872012734413147 0.50537145137786865
vt 0.45722293853759766 0.51277452707290649
vt 0.44048559665679932 0.4979684054851532
vt 0.6456063985824585 0.74226921796798706
vt 0.64307874441146851 0.74967223405838013
vt 0.55655479431152344 0.78668755292892456
vn 0.59345525503158569 0 -0.8048669695854187
vn 0.59345525503158569 0 -0.8048669695854187
vn 0.27049002051353455 0 -0.9627227783203125
vn -0.11463239043951035 0 -0.9934079647064209
vn -0.48264467716217041 0 -0.87581628561019897
vn -0.76116979122161865 0 -0.64855265617370605
vn -0.94133275747299194 0 -0.33747988939285278
vn -0.99900788068771362 0 0.044533763080835342
vn -0.9075702428817749 0 0.41990026831626892
vn -0.70044291019439697 0 0.71370846033096313
vn 0.60664969682693481 0 0.79496926069259644
vn 0.37133434414863586 0 0.92849922180175781
vn 0.098084285855293274 0 0.99517810344696045
vn -0.18292537331581116 0 0.98312681913375854
vn -0.4397810697555542 0 0.89810502529144287
vn -0.6644432544708252 0 0.74733877182006836
vn -0.84627401828765869 0 0.53274792432785034
vn -0.96115463972091675 0 0.27601048350334167
vn -0.99996596574783325 0 0.0082470914348959923
vn -0.96557629108428955 0 -0.26012000441551208
vn -0.8549458384513855 0 -0.51871728897094727
vn -0.67667919397354126 0 -0.7362779974937439
vn -0.45453423261642456 0 -0.89072924852371216
vn -0.19911579787731171 0 -0.97997593879699707
vn 0.081656858325004578 0 -0.99666053056716919
vn 0.35596951842308044 0 -0.93449759483337402
vn 0.59345525503158569 0 -0.8048669695854187
vn -0.14949069917201996 0 -0.98876315355300903
vn -0.20630559325218201 0 -0.97848761081695557
vn -0.27275732159614563 0 -0.96208286285400391
vn -0.30735760927200317 0 -0.95159411430358887
vn -0.34217140078544617 0 -0.93963754177093506
vn -0.35941427946090698 0 -0.9331781268119812
vn -0.37659382820129395 0 -0.92637848854064941
vn -0.3936542272567749 0 -0.91925859451293945
vn -0.41054180264472961 0 -0.9118417501449585
vn -0.44671064615249634 0 -0.89467847347259521
vn -0.48169350624084473 0 -0.87633973360061646
vn -0.55275875329971313 0 -0.83334130048751831
vn -0.60400974750518799 0 -0.79697692394256592
vn -0.64408928155899048 0 -0.76495033502578735
vn -0.66807740926742554 0 -0.74409174919128418
vn -0.68274199962615967 0 -0.73065954446792603
vn -0.68891423940658569 0 -0.72484284639358521
vn -0.69080090522766113 0 -0.72304505109786987
vn -0.68869233131408691 0 -0.72505372762680054
vn -0.6827656626701355 0 -0.73063743114471436
vn -0.66922885179519653 0 -0.74305635690689087
vn -0.6490558385848999 0 -0.76074075698852539
vn -0.61329221725463867 0 -0.78985607624053955
vn -0.56573283672332764 0 -0.8245885968208313
vn -0.5148080587387085 0 -0.85730546712875366
vn -0.48013931512832642 0 -0.87719225883483887
vn -0.44322651624679565 0 -0.89640963077545166
vn -0.42410728335380554 0 -0.90561193227767944
vn -0.40473422408103943 0 -0.91443437337875366
vn -0.38516685366630554 0 -0.92284697294235229
vn -0.36546617746353149 0 -0.9308246374130249
vn -0.32716488838195801 0 -0.94496726989746094
vn -0.28974291682243347 0 -0.95710450410842896
vn -0.2203834056854248 0 -0.97541332244873047
vn -0.14949069917201996 0 -0.98876315355300903
vn -0.12319272756576538 0 -0.99238276481628418
vn -0.10131658613681793 0 -0.99485421180725098
vn -0.083926603198051453 0 -0.99647194147109985
vn -0.071084767580032349 0 -0.99747025966644287
vn -0.06520342081785202 0 -0.997871994972229
vn -0.060019280761480331 0 -0.99819719791412354
vn -0.06064184382557869 0 -0.99815958738327026
vn -0.067553386092185974 0 -0.99771565198898315
vn -0.081334128975868225 0 -0.99668687582015991
vn -0.08867163211107254 0 -0.99606090784072876
vn -0.1124483197927475 0 -0.99365758895874023
vn -0.14353989064693451 0 -0.98964452743530273
vn 0.99999630451202393 0 -0.0027196994051337242
vn 0.99791234731674194 0 0.064582757651805878
vn 0.98734891414642334 0 0.15856285393238068
vn 0.96844172477722168 0 0.24924014508724213
vn 0.95621037483215332 0 0.29268020391464233
vn 0.9424738883972168 0 0.33427980542182922
vn 0.93045121431350708 0 0.36641576886177063
vn 0.91822177171707153 0 0.39606660604476929
vn 0.9066353440284729 0 0.42191511392593384
vn 0.89759200811386108 0 0.4408271312713623
vn 0.89449495077133179 0 0.44707807898521423
vn 0.89558678865432739 0 0.44488689303398132
vn 0.90867280960083008 0 0.41750901937484741
vn 0.92090302705764771 0 0.38979178667068481
vn 0.93373388051986694 0 0.35796785354614258
vn 0.94620496034622192 0 0.32356786727905273
vn 0.95783400535583496 0 0.28732210397720337
vn 0.96989071369171143 0 0.24354051053524017
vn 0.98010146617889404 0 0.19849699735641479
vn 0.98828929662704468 0 0.15259167551994324
vn 0.99434906244277954 0 0.10615983605384827
vn 0.99589502811431885 0 0.090515881776809692
vn 0.99955892562866211 0 0.029698632657527924
vn 0.9995233416557312 0 -0.03087165579199791
vn 0.98876315355300903 0 -0.14949069917201996
vn 0.97241014242172241 0 -0.23327770829200745
vn 0.97051787376403809 0 -0.2410290390253067
vn 0.93654817342758179 0 -0.35053887963294983
vn 0.89253854751586914 0 -0.45097106695175171
vn 0.84086257219314575 0 -0.54124867916107178
vn 0.78414446115493774 0 -0.6205783486366272
vn 0.75294417142868042 0 -0.6580844521522522
vn 0.72202658653259277 0 -0.69186526536941528
vn 0.69251441955566406 0 -0.72140401601791382
vn 0.66683858633041382 0 -0.74520218372344971
vn 0.59345525503158569 0 -0.8048669695854187
vn 0.85166728496551514 0 0.52408283948898315
vn 0.86039268970489502 0 0.5096316933631897
vn 0.87709987163543701 0 0.48030805587768555
vn 0.89970225095748901 0 0.436504065990448
vn 0.91294401884078979 0 0.40808486938476562
vn 0.91809171438217163 0 0.39636805653572083
vn 0.92079973220825195 0 0.39003568887710571
vn 0.9208376407623291 0 0.38994619250297546
vn 0.91792315244674683 0 0.39675822854042053
vn 0.91048699617385864 0 0.4135376513004303
vn 0.89874035120010376 0 0.43848118185997009
vn 0.87645834684371948 0 0.48147773742675781
vn 0.84823668003082275 0 0.5296173095703125
vn 0.8048669695854187 0 0.59345525503158569
vn 0.76678705215454102 0 0.64190155267715454
vn 0.7393755316734314 0 0.67329323291778564
vn 0.71038800477981567 0 0.70381027460098267
vn 0.69533085823059082 0 0.71868979930877686
vn 0.67994230985641479 0 0.73326557874679565
vn 0.6642606258392334 0 0.74750101566314697
vn 0.64834469556808472 0 0.76134693622589111
vn 0.62864458560943604 0 0.77769273519515991
vn 0.57638514041900635 0 0.81717818975448608
vn 0.53857803344726562 0 0.84257560968399048
vn 0.51192843914031982 0 0.85902810096740723
vn 0.49482375383377075 0 0.86899334192276001
vn 0.48586824536323547 0 0.87403208017349243
vn 0.48635682463645935 0 0.87376028299331665
vn 0.4903377890586853 0 0.87153249979019165
vn 0.49781316518783569 0 0.86728429794311523
vn 0.50851863622665405 0 0.86105096340179443
vn 0.52225351333618164 0 0.85279029607772827
vn 0.55948388576507568 0 0.82884120941162109
vn 0.83811372518539429 0 -0.54549556970596313
vn 0.98164236545562744 0 -0.19073097407817841
vn 0.98140120506286621 0 0.19196778535842896
vn -0.66425389051437378 0 0.74750703573226929
vn -0.59345525503158569 0 0.8048669695854187
vn -0.51223325729370117 0 0.85884636640548706
vn -0.4300152063369751 0 0.90282166004180908
vn -0.38622120022773743 0 0.92240619659423828
vn -0.36386090517044067 0 0.93145328760147095
vn -0.34123578667640686 0 0.93997770547866821
vn -0.31049907207489014 0 0.95057368278503418
vn -0.27964246273040771 0 0.96010422706604004
vn -0.21792684495449066 0 0.97596508264541626
vn -0.098576478660106659 0 0.99512946605682373
vn 0.0092618092894554138 0 0.99995708465576172
vn 0.10190466791391373 0 0.99479418992996216
vn 0.14949069917201996 0 0.98876315355300903
vn 0.20772330462932587 0 0.97818762063980103
vn 0.25381553173065186 0 0.96725267171859741
vn 0.28775456547737122 0 0.95770418643951416
vn 0.30876511335372925 0 0.95113831758499146
vn 0.31378734111785889 0 0.94949328899383545
vn 0.31456610560417175 0 0.94923555850982666
vn 0.3000352680683136 0 0.95392811298370361
vn 0.27993288636207581 0 0.96001958847045898
vn -0.71373867988586426 0 0.7004120945930481
vn -0.73879110813140869 0 0.67393451929092407
vn -0.76053828001022339 0 0.64929306507110596
vn -0.77753615379333496 0 0.6288381814956665
vn -0.79136455059051514 0 0.61134451627731323
vn -0.80319118499755859 0 0.59572130441665649
vn -0.80556434392929077 0 0.59250825643539429
vn -0.80139344930648804 0 0.5981374979019165
vn -0.79206424951553345 0 0.61043769121170044
vn -0.77236330509185791 0 0.6351810097694397
vn -0.75301706790924072 0 0.65800100564956665
vn -0.72885322570800781 0 0.68467003107070923
vn -0.69941830635070801 0 0.71471256017684937
vn 0.5626341700553894 0 0.82670599222183228
vn 0.80079424381256104 0 0.59893953800201416
vn 0.95198982954025269 0 0.30612960457801819
vn 0 -1 0
vn 0 -1 0
vn 0 -1 0
vn 0 -1 0
vn 0 -1 0
vn 0 -1 0
vn 0 -1 0
vn 0 -1 0
vn 0 -1 0
vn 0 -1 0
vn 0 -1 0
vn 0 -1 0
vn 0 -1 0
vn 0 -1 0
vn 0 -1 0
vn 0 -1 0
vn 0 -1 0
vn 0 -1 0
vn 0 -1 0
vn 0 -1 0
vn 0 -1 0
vn 0 -1 0
vn 0 -1 0
vn 0 -1 0
vn 0 -1 0
vn 0 -1 0
vn 0 -1 0
vn 0 -1 0
vn 0 -1 0
vn 0 -1 0
vn 0 -1 0
vn 0 -1 0
vn 0 -1 0
vn 0 -1 0
vn 0 -1 0
vn 0 -1 0
vn 0 -1 0
vn 0 -1 0
vn 0 -1 0
vn 0 -1 0
vn 0 -1 0
vn 0 -1 0
vn 0 -1 0
vn 0 -1 0
vn 0 -1 0
vn 0 -1 0
vn 0 -1 0
vn 0 -1 0
vn 0 -1 0
vn 0 -1 0
vn 0 -1 0
vn 0 -1 0
vn 0 -1 0
vn 0 -1 0
vn 0 -1 0
vn 0 -1 0
vn 0 -1 0
vn 0 -1 0
vn 0 -1 0
vn 0 -1 0
vn 0 -1 0
vn 0 -1 0
vn 0 -1 0
vn 0 1 0
vn 0 1 0
vn 0 1 0
vn 0 1 0
vn 0 1 0
vn 0 1 0
vn 0 1 0
vn 0 1 0
vn 0 1 0
vn 0 1 0
vn 0 1 0
vn 0 1 0
vn 0 1 0
vn 0 1 0
vn 0 1 0
vn 0 1 0
vn 0 1 0
vn 0 1 0
vn 0 1 0
vn 0 1 0
vn 0 1 0
vn 0 1 0
vn 0 1 0
vn 0 1 0
vn 0 1 0
vn 0 1 0
vn 0 1 0
vn 0 1 0
vn 0 1 0
vn 0 1 0
vn 0 1 0
vn 0 1 0
vn 0 1 0
vn 0 1 0
vn 0 1 0
vn 0 1 0
vn 0 1 0
vn 0 1 0
vn 0 1 0
vn 0 1 0
vn 0 1 0
vn 0 1 0
vn 0 1 0
vn 0 1 0
vn 0 1 0
vn 0 1 0
vn 0 1 0
vn 0 1 0
vn 0 1 0
vn 0 1 0
vn 0 1 0
vn 0 1 0
vn 0 1 0
vn 0 1 0
vn 0 1 0
vn 0 1 0
vn 0 1 0
vn 0 1 0
vn 0 1 0
vn 0 1 0
vn 0 1 0
vn 0 1 0
vn 0 1 0
vn 0 1 0
vn 0 1 0
vn 0 1 0
vn 0 1 0
vn 0 1 0
vn 0 1 0
vn 0 1 0
vn 0 1 0
vn 0 1 0
vn 0 1 0
vn 0 1 0
vn 0 1 0
vn 0 1 0
vn 0 1 0
vn 0 1 0
vn 0 1 0
vn 0 1 0
vn 0.66683858633041382 0 -0.74520218372344971
vn 0.59345525503158569 0 -0.8048669695854187
vn 0.58211743831634521 -0.19453665614128113 -0.7894902229309082
vn 0.59306848049163818 -0.036097269505262375 -0.80434244871139526
vn 0.59168154001235962 -0.077256090939044952 -0.80246150493621826
vn 0.58860957622528076 -0.12752930819988251 -0.79829508066177368
vn 0.5849875807762146 -0.18664513528347015 -0.78927379846572876
vn 0.59740036725997925 -0.15225620567798615 -0.78735685348510742
vn 0.59971094131469727 -0.14588068425655365 -0.78680723905563354
vn 0.60832041501998901 -0.12260130047798157 -0.78416526317596436
vn 0.61650609970092773 -0.10160551220178604 -0.78076666593551636
vn 0.62451928853988647 -0.082397483289241791 -0.77665066719055176
vn 0.6325538158416748 -0.064591243863105774 -0.77181839942932129
vn 0.64926356077194214 -0.031380925327539444 -0.75991582870483398
vn 0.66652578115463257 -0.00054022879339754581 -0.74548178911209106
vn 0.59345525503158569 0 -0.8048669695854187
vn 0.59296739101409912 0.04053984209895134 -0.80420535802841187
vn 0.59119337797164917 0.087224952876567841 -0.80179935693740845
vn 0.58655631542205811 0.15203583240509033 -0.79551041126251221
vn 0.57029742002487183 0.2766248881816864 -0.77345943450927734
vn 0 1 0
vn 0.11039690673351288 0.04053984209895134 -0.99306046962738037
vn 0.11006662994623184 0.087224952876567841 -0.99008947610855103
vn 0.10920331627130508 0.15203583240509033 -0.98232364654541016
vn 0.10617628693580627 0.2766248881816864 -0.95509439706802368
vn 0 1 0
vn -0.41768234968185425 0.04053984209895134 -0.90768826007843018
vn -0.41643276810646057 0.087224952876567841 -0.90497267246246338
vn -0.41316646337509155 0.15203583240509033 -0.89787447452545166
vn -0.4017137885093689 0.2766248881816864 -0.8729860782623291
vn 0 1 0
vn -0.80420535802841187 0.04053984209895134 -0.59296739101409912
vn -0.80179935693740845 0.087224952876567841 -0.59119337797164917
vn -0.79551041126251221 0.15203583240509033 -0.58655631542205811
vn -0.77345943450927734 0.2766248881816864 -0.57029742002487183
vn -0.99306046962738037 0.04053984209895134 -0.11039690673351288
vn -0.99008947610855103 0.087224952876567841 -0.11006662994623184
vn -0.98232364654541016 0.15203583240509033 -0.10920331627130508
vn -0.90768826007843018 0.04053984209895134 0.41768234968185425
vn -0.90497267246246338 0.087224952876567841 0.41643276810646057
vn -0.89787447452545166 0.15203583240509033 0.41316646337509155
vn -0.8729860782623291 0.2766248881816864 0.4017137885093689
vn 0 1 0
vn -0.59296739101409912 0.04053984209895134 0.80420535802841187
vn -0.59119337797164917 0.087224952876567841 0.80179935693740845
vn -0.58655631542205811 0.15203583240509033 0.79551041126251221
vn -0.57029742002487183 0.2766248881816864 0.77345943450927734
vn 0 1 0
vn -0.11039690673351288 0.04053984209895134 0.99306046962738037
vn -0.11006662994623184 0.087224952876567841 0.99008947610855103
vn -0.10920331627130508 0.15203583240509033 0.98232364654541016
vn -0.10617628693580627 0.2766248881816864 0.95509439706802368
vn 0 1 0
vn 0.41768234968185425 0.04053984209895134 0.90768826007843018
vn 0.41643276810646057 0.087224952876567841 0.90497267246246338
vn 0.41316646337509155 0.15203583240509033 0.89787447452545166
vn 0.4017137885093689 0.2766248881816864 0.8729860782623291
vn 0 1 0
vn 0.80179935693740845 0.087224952876567841 0.59119337797164917
vn 0.79551041126251221 0.15203583240509033 0.58655631542205811
vn 0.77345943450927734 0.2766248881816864 0.57029742002487183
vn 0 1 0
vn 0.99306046962738037 0.04053984209895134 0.11039690673351288
vn 0.99008947610855103 0.087224952876567841 0.11006662994623184
vn 0.98232364654541016 0.15203583240509033 0.10920331627130508
vn 0.95509439706802368 0.2766248881816864 0.10617628693580627
vn 0 1 0
vn 0.90768826007843018 0.04053984209895134 -0.41768234968185425
vn 0.90497267246246338 0.087224952876567841 -0.41643276810646057
vn 0.89787447452545166 0.15203583240509033 -0.41316646337509155
vn 0.59345525503158569 0 -0.8048669695854187
vn 0.59296739101409912 0.04053984209895134 -0.80420535802841187
vn 0.59119337797164917 0.087224952876567841 -0.80179935693740845
vn 0.58655631542205811 0.15203583240509033 -0.79551041126251221
vn 0.57029742002487183 0.2766248881816864 -0.77345943450927734
vn 0 1 0
vn 0.092270128428936005 0.55007314682006836 -0.83000344038009644
vn 0 1 0
vn 0.4956042468547821 0.55007314682006836 -0.67215770483016968
vn 0.35853832960128784 0.2766248881816864 -0.89158785343170166
vn 0.31157973408699036 0.55007314682006836 -0.77481454610824585
vn -0.34910041093826294 0.55007314682006836 -0.75864911079406738
vn 0 1 0
vn -0.1535460352897644 0.2766248881816864 -0.94863182306289673
vn -0.13343575596809387 0.55007314682006836 -0.8243873119354248
vn -0.67215770483016968 0.55007314682006836 -0.4956042468547821
vn 0 1 0
vn -0.6132780909538269 0.2766248881816864 -0.73984366655349731
vn -0.53295564651489258 0.55007314682006836 -0.64294463396072388
vn -0.75864911079406738 0.55007314682006836 0.34910041093826294
vn -0.4956042468547821 0.55007314682006836 0.67215770483016968
vn 0 1 0
vn -0.73984366655349731 0.2766248881816864 0.6132780909538269
vn -0.64294463396072388 0.55007314682006836 0.53295564651489258
vn -0.092270128428936005 0.55007314682006836 0.83000344038009644
vn 0 1 0
vn -0.35853832960128784 0.2766248881816864 0.89158785343170166
vn -0.31157973408699036 0.55007314682006836 0.77481454610824585
vn 0.34910041093826294 0.55007314682006836 0.75864911079406738
vn 0 1 0
vn 0.1535460352897644 0.2766248881816864 0.94863182306289673
vn 0.13343575596809387 0.55007314682006836 0.8243873119354248
vn 0.67215770483016968 0.55007314682006836 0.4956042468547821
vn 0 1 0
vn 0.6132780909538269 0.2766248881816864 0.73984366655349731
vn 0.53295564651489258 0.55007314682006836 0.64294463396072388
vn 0.83000344038009644 0.55007314682006836 0.092270128428936005
vn 0 1 0
vn 0.89158785343170166 0.2766248881816864 0.35853832960128784
vn 0.77481454610824585 0.55007314682006836 0.31157973408699036
vn 0.4956042468547821 0.55007314682006836 -0.67215770483016968
vn 0 1 0
vn 0.73984366655349731 0.2766248881816864 -0.6132780909538269
vn 0.64294463396072388 0.55007314682006836 -0.53295564651489258
vn 0.064922966063022614 0.80914908647537231 -0.58400577306747437
vn 0 1 0
vn 0.21923324465751648 0.80914914608001709 -0.54517382383346558
vn 0.20530679821968079 0.55007314682006836 -0.80948668718338013
vn 0.14445765316486359 0.80914914608001709 -0.56956976652145386
vn 0 1 0
vn 0.34871628880500793 0.80914914608001709 -0.47294256091117859
vn 0.40884178876876831 0.55007314682006836 -0.7281949520111084
vn 0.2876686155796051 0.80914914608001709 -0.51237142086029053
vn -0.24563348293304443 0.80914914608001709 -0.53379946947097778
vn 0 1 0
vn -0.093887858092784882 0.80914914608001709 -0.58005410432815552
vn -0.24403315782546997 0.55007314682006836 -0.79866600036621094
vn -0.17170622944831848 0.80914914608001709 -0.56195610761642456
vn 0 1 0
vn -0.020291043445467949 0.55007314682006836 -0.83486992120742798
vn -0.01427715178579092 0.80914914608001709 -0.58742988109588623
vn -0.47294256091117859 0.80914914608001709 -0.34871628880500793
vn -0.37499743700027466 0.80914914608001709 -0.45238769054412842
vn -0.60850781202316284 0.55007314682006836 -0.57195961475372314
vn -0.42815729975700378 0.80914914608001709 -0.40244132280349731
vn 0 1 0
vn -0.44606435298919678 0.55007314682006836 -0.70600718259811401
vn -0.31385910511016846 0.80914914608001709 -0.49675965309143066
vn -0.53379946947097778 0.80914914608001709 0.24563348293304443
vn -0.79866600036621094 0.55007314682006836 0.24403315782546997
vn -0.34871628880500793 0.80914914608001709 0.47294256091117859
vn 0 1 0
vn -0.45238769054412842 0.80914914608001709 0.37499743700027466
vn -0.57195961475372314 0.55007314682006836 0.60850781202316284
vn -0.40244132280349731 0.80914914608001709 0.42815729975700378
vn 0 1 0
vn -0.70600718259811401 0.55007314682006836 0.44606435298919678
vn -0.49675965309143066 0.80914914608001709 0.31385910511016846
vn -0.064922966063022614 0.80914908647537231 0.58400577306747437
vn 0 1 0
vn -0.21923324465751648 0.80914914608001709 0.54517382383346558
vn -0.20530679821968079 0.55007314682006836 0.80948668718338013
vn -0.14445765316486359 0.80914914608001709 0.56956976652145386
vn 0 1 0
vn -0.40884178876876831 0.55007314682006836 0.7281949520111084
vn -0.2876686155796051 0.80914914608001709 0.51237142086029053
vn 0.24563348293304443 0.80914914608001709 0.53379946947097778
vn 0 1 0
vn 0.093887858092784882 0.80914914608001709 0.58005410432815552
vn 0.24403315782546997 0.55007314682006836 0.79866600036621094
vn 0.17170622944831848 0.80914914608001709 0.56195610761642456
vn 0 1 0
vn 0.020291043445467949 0.55007314682006836 0.83486992120742798
vn 0.01427715178579092 0.80914914608001709 0.58742988109588623
vn 0.47294256091117859 0.80914914608001709 0.34871628880500793
vn 0 1 0
vn 0.37499743700027466 0.80914914608001709 0.45238769054412842
vn 0.60850781202316284 0.55007314682006836 0.57195961475372314
vn 0.42815729975700378 0.80914914608001709 0.40244132280349731
vn 0 1 0
vn 0.44606435298919678 0.55007314682006836 0.70600718259811401
vn 0.31385910511016846 0.80914914608001709 0.49675965309143066
vn 0.58400577306747437 0.80914908647537231 0.064922966063022614
vn 0 1 0
vn 0.54517382383346558 0.80914914608001709 0.21923324465751648
vn 0.80948668718338013 0.55007314682006836 0.20530679821968079
vn 0.56956976652145386 0.80914914608001709 0.14445765316486359
vn 0 1 0
vn 0.7281949520111084 0.55007314682006836 0.40884178876876831
vn 0.51237142086029053 0.80914914608001709 0.2876686155796051
vn 0.83486992120742798 0.55007314682006836 -0.020291043445467949
vn 0.58742988109588623 0.80914914608001709 -0.01427715178579092
vn 0.34871628880500793 0.80914914608001709 -0.47294256091117859
vn 0 1 0
vn 0.45238769054412842 0.80914914608001709 -0.37499743700027466
vn 0.57195961475372314 0.55007314682006836 -0.60850781202316284
vn 0.40244132280349731 0.80914914608001709 -0.42815729975700378
vn 0.70600718259811401 0.55007314682006836 -0.44606435298919678
vn 0.49675965309143066 0.80914914608001709 -0.31385910511016846
vn 0.35596951842308044 0 -0.93449759483337402
vn 0.081656858325004578 0 -0.99666053056716919
vn -0.19911579787731171 0 -0.97997593879699707
vn -0.45453423261642456 0 -0.89072924852371216
vn -0.67667919397354126 0 -0.7362779974937439
vn -0.8549458384513855 0 -0.51871728897094727
vn -0.96557629108428955 0 -0.26012000441551208
vn -0.99996596574783325 0 0.0082470914348959923
vn -0.96115463972091675 0 0.27601048350334167
vn -0.84627401828765869 0 0.53274792432785034
vn -0.6644432544708252 0 0.74733877182006836
vn -0.4397810697555542 0 0.89810502529144287
vn -0.18292537331581116 0 0.98312681913375854
vn 0.098084285855293274 0 0.99517810344696045
vn 0.37133434414863586 0 0.92849922180175781
vn 0.60664969682693481 0 0.79496926069259644
vn 0 1 0
vn 0 1 0
vn -0.52161163091659546 0.84004205465316772 0.14916671812534332
vn -0.75711601972579956 0.63214576244354248 0.16482430696487427
vn -0.86040192842483521 0.49273285269737244 0.13008806109428406
vn -0.90663707256317139 0.41365861892700195 0.083040900528430939
vn -0.93211579322814941 0.36117443442344666 0.026705849915742874
vn -0.93998205661773682 0.34114927053451538 -0.0071357144042849541
vn -0.94250518083572388 0.33330702781677246 -0.024299373850226402
vn -0.94420164823532104 0.32673436403274536 -0.041568420827388763
vn -0.944846510887146 0.32337230443954468 -0.051917918026447296
vn -0.94522762298583984 0.32041406631469727 -0.06228598952293396
vn -0.94526946544647217 0.31601467728614807 -0.081242583692073822
vn -0.94493782520294189 0.31410107016563416 -0.091831661760807037
vn -0.94435983896255493 0.31256425380706787 -0.10241150110960007
vn -0.94248402118682861 0.3105829656124115 -0.12353973835706711
vn -0.9359620213508606 0.31080561876296997 -0.16545373201370239
vn -0.91181051731109619 0.32837232947349548 -0.24652209877967834
vn -0.88359659910202026 0.35824036598205566 -0.30153083801269531
vn -0.84207266569137573 0.40956553816795349 -0.35095536708831787
vn -0.78004664182662964 0.49183645844459534 -0.38681277632713318
vn -0.62633413076400757 0.67965966463088989 -0.38179609179496765
vn -0.25571173429489136 0.94818931818008423 -0.1885431706905365
vn -0.092569448053836823 0.99310576915740967 -0.071915417909622192
vn 0 1 0
vn 0 1 0
vn 0.21587955951690674 0.96684712171554565 -0.13639144599437714
vn 0.39550715684890747 0.88586348295211792 -0.24252822995185852
vn 0.62331235408782959 0.69474500417709351 -0.35890260338783264
vn 0.80388116836547852 0.43707433342933655 -0.40341180562973022
vn 0.87508076429367065 0.30443575978279114 -0.37623462080955505
vn 0.91644883155822754 0.22696661949157715 -0.32955679297447205
vn 0.91750895977020264 0.22506055235862732 -0.32791018486022949
vn 0.93988931179046631 0.18663984537124634 -0.28596091270446777
vn 0.9542425274848938 0.16502940654754639 -0.24937224388122559
vn 0.96042060852050781 0.15725432336330414 -0.22992025315761566
vn 0.96588790416717529 0.15198338031768799 -0.20967014133930206
vn 0.96767324209213257 0.15083502233028412 -0.20213198661804199
vn 0.96934086084365845 0.1501806229352951 -0.19448418915271759
vn 0.97086620330810547 0.15009987354278564 -0.18678544461727142
vn 0.97222524881362915 0.15067720413208008 -0.17909334599971771
vn 0.97311854362487793 0.15159468352794647 -0.17337648570537567
vn 0.97388982772827148 0.15296661853790283 -0.16774922609329224
vn 0.97502684593200684 0.15723767876625061 -0.15684039890766144
vn 0.9755207896232605 0.16311980783939362 -0.14748266339302063
vn 0.97404074668884277 0.18664471805095673 -0.12809532880783081
vn 0.96868371963500977 0.21980850398540497 -0.11548206210136414
vn 0.95759290456771851 0.26780053973197937 -0.1062951385974884
vn 0.93840843439102173 0.33089739084243774 -0.099481284618377686
vn 0.89469695091247559 0.43721354007720947 -0.091442480683326721
vn 0.79637467861175537 0.5996091365814209 -0.079096436500549316
vn 0.54637569189071655 0.83588284254074097 -0.052664086222648621
vn 0.30938777327537537 0.95048439502716064 -0.029302498325705528
vn 0.60718607902526855 0.00033936326508410275 0.79455959796905518
vn 0.61527854204177856 0.0052073444239795208 0.78829258680343628
vn 0.64044672250747681 0.017780419439077377 0.76779675483703613
vn 0.66651958227157593 0.027460888028144836 0.74498158693313599
vn 0.69286710023880005 0.034253548830747604 0.72025126218795776
vn 0.71900850534439087 0.038114283233880997 0.69395536184310913
vn 0.73049849271774292 0.038876533508300781 0.68180680274963379
vn 0.74182742834091187 0.039040841162204742 0.66945344209671021
vn 0.75295835733413696 0.038610592484474182 0.65693444013595581
vn 0.76385563611984253 0.037580691277980804 0.64429205656051636
vn 0.78484040498733521 0.033763963729143143 0.61877745389938354
vn 0.8045581579208374 0.027683611959218979 0.59322828054428101
vn 0.8051113486289978 0.027473771944642067 0.59248709678649902
vn 0.81816864013671875 0.021841125562787056 0.57456338405609131
vn 0.85166728496551514 0 0.52408283948898315
vn 0.98140120506286621 0 0.19196778535842896
vn 0.98164236545562744 0 -0.19073097407817841
vn 0.83811372518539429 0 -0.54549556970596313
vn -0.99999535083770752 0.0030512362718582153 0
vn -0.99999535083770752 0.0030512362718582153 0
vn 0.6534760594367981 -0.0019939190242439508 -0.75694459676742554
vn 0.32803738117218018 -0.0010009241523221135 -0.94466423988342285
vn 0 0 -1
vn -0.33953440189361572 0.0010360045125707984 -0.94059306383132935
vn -0.67377251386642456 0.002055848715826869 -0.73893594741821289
vn -0.99999535083770752 0.0030512362718582153 0
vn 0.75216656923294067 0.26350754499435425 -0.60399442911148071
vn 0.42692574858665466 0.36315125226974487 -0.82816398143768311
vn 0.02234547957777977 0.40263810753822327 -0.91508644819259644
vn -0.40630513429641724 0.36908793449401855 -0.8358769416809082
vn -0.7563672661781311 0.26541978120803833 -0.59788030385971069
vn -0.99999535083770752 0.0030512362718582153 0
vn 0.85031235218048096 0.39009487628936768 -0.35326319932937622
vn 0.55845260620117188 0.61594963073730469 -0.55564087629318237
vn 0.041221123188734055 0.74275404214859009 -0.66829431056976318
vn -0.52309465408325195 0.63433027267456055 -0.56920737028121948
vn -0.84940928220748901 0.39349734783172607 -0.35165846347808838
vn -0.99999535083770752 0.0030512362718582153 0
vn 0.89703798294067383 0.44195345044136047 0
vn 0.6462063193321228 0.76316279172897339 0
vn 0.055412407964468002 0.99846357107162476 0
vn -0.6065935492515564 0.79501211643218994 0
vn -0.89479613304138184 0.44647490978240967 0
vn -0.99999535083770752 0.0030512362718582153 0
vn 0.85031235218048096 0.39009487628936768 0.35326319932937622
vn 0.55845260620117188 0.61594963073730469 0.55564087629318237
vn 0.041221123188734055 0.74275404214859009 0.66829431056976318
vn -0.52309465408325195 0.63433027267456055 0.56920737028121948
vn -0.84940928220748901 0.39349734783172607 0.35165846347808838
vn -0.99999535083770752 0.0030512362718582153 0
vn 0.75216656923294067 0.26350754499435425 0.60399442911148071
vn 0.42692574858665466 0.36315125226974487 0.82816398143768311
vn 0.02234547957777977 0.40263810753822327 0.91508644819259644
vn -0.40630513429641724 0.36908793449401855 0.8358769416809082
vn -0.7563672661781311 0.26541978120803833 0.59788030385971069
vn 0.32803738117218018 -0.0010009241523221135 0.94466423988342285
vn 0 0 1
vn -0.33953440189361572 0.0010360045125707984 0.94059306383132935
vn -0.67377251386642456 0.002055848715826869 0.73893594741821289
vn -0.99999535083770752 0.0030512362718582153 0
vn -0.99999535083770752 0.0030512362718582153 0
vn -0.99999535083770752 0.0030512362718582153 0
vn 0.89974027872085571 -0.002745332894846797 -0.43641713261604309
vn -0.91726875305175781 0.002798816654831171 -0.39825898408889771
vn -0.99999535083770752 0.0030512362718582153 0
vn -0.92600739002227783 -0.062049571424722672 -0.37237107753753662
vn 0.93774193525314331 0.13750314712524414 -0.31895601749420166
vn 0.67891865968704224 0.12400655448436737 -0.72366553544998169
vn 0.91011303663253784 0.068422436714172363 -0.40867182612419128
vn -0.94700366258621216 0.13180354237556458 -0.29293668270111084
vn -0.99999535083770752 0.0030512362718582153 0
vn -0.69106703996658325 0.1261029839515686 -0.71170526742935181
vn -0.92462891340255737 0.068107344210147858 -0.37473025918006897
vn 0.67891865968704224 0.12400655448436737 0.72366553544998169
vn 0.93774193525314331 0.13750314712524414 0.31895601749420166
vn 0.91011303663253784 0.068422436714172363 0.40867182612419128
vn -0.91726875305175781 0.002798816654831171 0.39825898408889771
vn -0.99999535083770752 0.0030512362718582153 0
vn -0.94700366258621216 0.13180354237556458 0.29293668270111084
vn -0.69106703996658325 0.1261029839515686 0.71170526742935181
vn -0.92462891340255737 0.068107344210147858 0.37473025918006897
vn -0.99999535083770752 0.0030512362718582153 0
vn -0.92600739002227783 -0.062049571424722672 0.37237107753753662
vn 0.31650346517562866 -0.082232147455215454 0.94502031803131104
vn -0.0046911351382732391 -0.084528498351573944 0.99641001224517822
vn -0.36137881875038147 -0.089127957820892334 0.9281495213508606
vn -0.53195518255233765 -0.092071488499641418 0.84175205230712891
vn -0.69000500440597534 -0.095206394791603088 0.71751570701599121
vn -0.81158477067947388 -0.097871512174606323 0.57597857713699341
vn -0.93877428770065308 -0.10088305175304413 0.32943201065063477
vn -0.96607077121734619 -0.10155794024467468 0.23747262358665466
vn -0.98750674724578857 -0.10209480673074722 0.12002939730882645
vn -0.99475586414337158 -0.1022777184844017 0
vn -0.99475586414337158 -0.1022777184844017 0
vn -0.98750674724578857 -0.10209480673074722 -0.12002939730882645
vn -0.96607077121734619 -0.10155794024467468 -0.23747262358665466
vn -0.93877428770065308 -0.10088305175304413 -0.32943201065063477
vn -0.83363282680511475 -0.098377525806427002 -0.5434870719909668
vn -0.69000500440597534 -0.095206394791603088 -0.71751570701599121
vn -0.52639889717102051 -0.091968297958374023 -0.84524911642074585
vn -0.34966060519218445 -0.088943041861057281 -0.93264496326446533
vn -0.0046911351382732391 -0.084528498351573944 -0.99641001224517822
vn 0.34013906121253967 -0.082131549715995789 -0.93678164482116699
vn 0.56831145286560059 -0.081626109778881073 -0.81875473260879517
vn 0.67904525995254517 -0.075970694422721863 -0.73015475273132324
vn 0.77421236038208008 -0.061760101467370987 -0.62990546226501465
vn 0.8567928671836853 -0.041890520602464676 -0.51395636796951294
vn 0.91776710748672485 -0.022209716960787773 -0.39649751782417297
vn 0.96521848440170288 -0.0029451234731823206 -0.26142793893814087
vn 0.98364198207855225 0.0063218302093446255 -0.18002365529537201
vn 0.99030607938766479 0.010303011164069176 -0.13851992785930634
vn 0.99522566795349121 0.013796727173030376 -0.096620731055736542
vn 0.99732130765914917 0.015637662261724472 -0.071453586220741272
vn 0.99878215789794922 0.017287896946072578 -0.046209055930376053
vn 0.99980407953262329 0.019793728366494179 0
vn 0.99944800138473511 0.020901022478938103 0.025823822245001793
vn 0.99842852354049683 0.021795334294438362 0.051628477871417999
vn 0.99440920352935791 0.02293766662478447 0.10307403653860092
vn 0.97858816385269165 0.022627109661698341 0.20458057522773743
vn 0.91786354780197144 0.012123255059123039 0.39671087265014648
vn 0.85205435752868652 -0.0025998312048614025 0.52344691753387451
vn 0.76939183473587036 -0.021750625222921371 0.63840669393539429
vn 0.67476117610931396 -0.042261112481355667 0.73682522773742676
vn 0.53457146883010864 -0.066352538764476776 0.8425145149230957
vn 0.38381129503250122 -0.080463714897632599 0.91989916563034058
vn 0.34012719988822937 -0.081944480538368225 0.93680232763290405
vn -0.011632474139332771 -0.06192447617650032 -0.99801301956176758
vn -0.16463151574134827 -0.067392848432064056 -0.98405015468597412
vn -0.37138190865516663 -0.072349004447460175 -0.92565709352493286
vn -0.60701227188110352 -0.073820166289806366 -0.7912563681602478
vn -0.74062830209732056 -0.071762554347515106 -0.66807174682617188
vn -0.0059251291677355766 -0.017114678397774696 -0.99983596801757812
vn -0.1155785545706749 -0.019344521686434746 -0.99310994148254395
vn -0.23620477318763733 -0.021555438637733459 -0.97146415710449219
vn -0.39252707362174988 -0.024013074114918709 -0.91942691802978516
vn -0.57289546728134155 -0.026166157796978951 -0.81921064853668213
vn -0.68396139144897461 -0.02700803242623806 -0.72901809215545654
vn -0.054489511996507645 0.0084748659282922745 -0.99847835302352905
vn -0.15519337356090546 0.0074004204943776131 -0.98785638809204102
vn -0.26397204399108887 0.0061327596195042133 -0.96451085805892944
vn -0.40326219797134399 0.0043332912027835846 -0.91507422924041748
vn -0.56451541185379028 0.0019576963968575001 -0.82542020082473755
vn -0.6661074161529541 0.00025288778124377131 -0.74585574865341187
vn -0.069014996290206909 0.029633909463882446 -0.99717539548873901
vn -0.16817560791969299 0.029239142313599586 -0.98532330989837646
vn -0.27476140856742859 0.028472928330302238 -0.96109074354171753
vn -0.41066056489944458 0.026936640962958336 -0.91139030456542969
vn -0.56763464212417603 0.024238195270299911 -0.82292371988296509
vn -0.66667366027832031 0.021878873929381371 -0.74502855539321899
vn -0.058710969984531403 0.051522228866815567 -0.99694454669952393
vn -0.1624961793422699 0.051880143582820892 -0.98534435033798218
vn -0.27445337176322937 0.051621008664369583 -0.96021384000778198
vn -0.41714736819267273 0.050230368971824646 -0.90744972229003906
vn -0.58061766624450684 0.046889368444681168 -0.81282502412796021
vn -0.68217909336090088 0.043578572571277618 -0.72988533973693848
vn -0.12912435829639435 0.082063168287277222 -0.98822695016860962
vn -0.25846579670906067 0.082865148782730103 -0.9624597430229187
vn -0.42431163787841797 0.081681840121746063 -0.90182465314865112
vn -0.61046534776687622 0.076711438596248627 -0.78831934928894043
vn 0.26227423548698425 -0.14151391386985779 -0.95456063747406006
vn -0.091556362807750702 -0.064963258802890778 -0.99367862939834595
vn 0.046799864619970322 -0.16649311780929565 -0.9849313497543335
vn 0.15578171610832214 -0.15489956736564636 -0.9755706787109375
vn -0.2744176983833313 -0.07039324939250946 -0.9590306282043457
vn -0.31103625893592834 -0.18991942703723907 -0.93122881650924683
vn -0.13619473576545715 -0.1813301295042038 -0.97394579648971558
vn -0.48653081059455872 -0.07371869683265686 -0.87054771184921265
vn -0.7125619649887085 -0.18264661729335785 -0.67741841077804565
vn -0.5189322829246521 -0.19190691411495209 -0.83299523591995239
vn -0.67321068048477173 -0.073145397007465363 -0.7358241081237793
vn -0.80047118663787842 -0.17274697124958038 -0.57393759489059448
vn -0.47939077019691467 -0.025153236463665962 -0.87724101543426514
vn -0.5854455828666687 -0.0467689149081707 -0.80936157703399658
vn -0.38379764556884766 -0.044809348881244659 -0.9223293662071228
vn -0.48142522573471069 -0.046034064143896103 -0.87527745962142944
vn -0.48060885071754456 0.0032376267481595278 -0.87692910432815552
vn -0.56690585613250732 -0.011120287701487541 -0.82370752096176147
vn -0.39845329523086548 -0.0088574336841702461 -0.91714584827423096
vn -0.47936230897903442 -0.0099606011062860489 -0.87756055593490601
vn -0.34740889072418213 0.082561604678630829 -0.93407207727432251
vn -0.42061325907707214 0.064558863639831543 -0.90494012832641602
vn -0.35091331601142883 0.051033124327659607 -0.93501627445220947
vn -0.26907950639724731 0.06587161123752594 -0.96086269617080688
vn -0.35031208395957947 0.065390683710575104 -0.93434762954711914
vn -0.42945140600204468 0.10926319658756256 -0.89645582437515259
vn -0.2342628687620163 0.11004217714071274 -0.96592527627944946
vn -0.33897143602371216 0.11022280901670456 -0.93431758880615234
vn -0.51485830545425415 0.079820111393928528 -0.85355120897293091
vn -0.5348052978515625 0.10664905607700348 -0.83821791410446167
vn 0.10148300230503082 -0.16093581914901733 -0.98173362016677856
vn 0.3114466667175293 -0.26743751764297485 -0.91185426712036133
vn 0.37183630466461182 -0.25072726607322693 -0.89379727840423584
vn 0.20945467054843903 -0.14841456711292267 -0.96648943424224854
vn -0.22521084547042847 -0.18641622364521027 -0.95631015300750732
vn -0.21003638207912445 -0.35636952519416809 -0.91043150424957275
vn 0.071151800453662872 -0.32019597291946411 -0.94467556476593018
vn -0.066864669322967529 -0.3413587212562561 -0.93755179643630981
vn -0.045121639966964722 -0.17467066645622253 -0.98359251022338867
vn 0.19829143583774567 -0.29489222168922424 -0.93472939729690552
vn -0.6191171407699585 -0.18880859017372131 -0.76226323843002319
vn -0.82392728328704834 -0.30855292081832886 -0.47533035278320312
vn -0.56233370304107666 -0.35861369967460632 -0.74510204792022705
vn -0.71055507659912109 -0.3388461172580719 -0.61668044328689575
vn -0.41536542773246765 -0.19216412305831909 -0.88912570476531982
vn -0.38984975218772888 -0.36443006992340088 -0.84569966793060303
vn -0.42847239971160889 -0.073166839778423309 -0.90058761835098267
vn -0.49740272760391235 -0.11689409613609314 -0.8596082329750061
vn -0.35054683685302734 -0.11527801305055618 -0.92942345142364502
vn -0.42366299033164978 -0.11645254492759705 -0.89830309152603149
vn -0.75814646482467651 -0.17812442779541016 -0.62728428840637207
vn -0.83614075183868408 -0.1441146582365036 -0.52924442291259766
vn -0.85205066204071045 -0.24603120982646942 -0.46203717589378357
vn -0.81135886907577515 -0.43465292453765869 -0.39086270332336426
vn -0.72609281539916992 -0.57850033044815063 -0.37165379524230957
vn -0.54546612501144409 -0.7454608678817749 -0.38308590650558472
vn -0.40826371312141418 -0.81836187839508057 -0.40448060631752014
vn -0.24380795657634735 -0.86642372608184814 -0.43573793768882751
vn -0.068556509912014008 -0.87800288200378418 -0.47372034192085266
vn 0.0955229252576828 -0.85206049680709839 -0.51465356349945068
vn 0.34923374652862549 -0.7163270115852356 -0.60407894849777222
vn 0.45851621031761169 -0.56172394752502441 -0.68864291906356812
vn 0.443063884973526 -0.31378039717674255 -0.83978348970413208
vn 0.34679415822029114 -0.18961471319198608 -0.91857504844665527
vn 0.25195974111557007 -0.11200178414583206 -0.96123456954956055
vn 0.18675513565540314 -0.06790180504322052 -0.98005706071853638
vn 0.13719210028648376 -0.036512944847345352 -0.98987126350402832
vn 0.10560310631990433 -0.016623644158244133 -0.99426937103271484
vn 0.078774429857730865 0.00061579904286190867 -0.99689227342605591
vn 0.055300246924161911 0.016147615388035774 -0.99833917617797852
vn 0.033858459442853928 0.030664585530757904 -0.99895608425140381
vn 0.0065774773247539997 0.049068011343479156 -0.99877375364303589
vn -0.022504348307847977 0.067407689988613129 -0.99747169017791748
vn -0.068076670169830322 0.09136798232793808 -0.99348753690719604
vn -0.13198493421077728 0.11562841385602951 -0.98448467254638672
vn -0.20945771038532257 0.13481089472770691 -0.96847999095916748
vn -0.26670935750007629 0.14381566643714905 -0.95298647880554199
vn -0.32949784398078918 0.14951850473880768 -0.93224215507507324
vn -0.36191496253013611 0.1508542001247406 -0.91992419958114624
vn -0.39419299364089966 0.15109363198280334 -0.90652227401733398
vn -0.42584913969039917 0.15023490786552429 -0.89223426580429077
vn -0.45643666386604309 0.14831341803073883 -0.87730765342712402
vn -0.51130539178848267 0.14184722304344177 -0.84761202335357666
vn -0.55821502208709717 0.13259479403495789 -0.81903272867202759
vn -0.62746196985244751 0.10976695269346237 -0.77087140083312988
vn -0.6788908839225769 0.080259330570697784 -0.72983944416046143
vn -0.69495946168899536 0.067134067416191101 -0.71590805053710938
vn -0.70821326971054077 0.054382648319005966 -0.70390087366104126
vn -0.71975618600845337 0.041825048625469208 -0.69296586513519287
vn -0.73043972253799438 0.029190089553594589 -0.68235307931900024
vn -0.73728406429290771 0.020728353410959244 -0.67526477575302124
vn -0.74872422218322754 0.0061800526455044746 -0.66285282373428345
vn -0.76101005077362061 -0.0098542487248778343 -0.64866524934768677
vn -0.77471131086349487 -0.028360072523355484 -0.63167876005172729
vn -0.79026198387145996 -0.050787482410669327 -0.61066079139709473
vn -0.79685568809509277 -0.061023548245429993 -0.60108000040054321
vn -0.81476813554763794 -0.092458620667457581 -0.57236731052398682
vn -0.83318662643432617 -0.13529305160045624 -0.53618639707565308
vn 0.11930420994758606 -0.056093931198120117 -0.99127191305160522
vn 0.98594307899475098 0.034336984157562256 -0.16351523995399475
vn 0.94264078140258789 0.073395527899265289 -0.32564002275466919
vn 0.84754413366317749 0.11972401291131973 -0.51704460382461548
vn 0.61368989944458008 0.18112052977085114 -0.76849204301834106
vn -0.090620435774326324 0.23247171938419342 -0.96837228536605835
vn -0.71140575408935547 0.16705699265003204 -0.68263739347457886
vn -0.88686490058898926 0.11177163571119308 -0.44830548763275146
vn 0.99561035633087158 0.046229470521211624 -0.081381209194660187
vn 0.98198306560516357 0.10108130425214767 -0.15966172516345978
vn 0.9475778341293335 0.17616508901119232 -0.26657482981681824
vn 0.82444489002227783 0.31823962926864624 -0.46798950433731079
vn -0.15496282279491425 0.56702113151550293 -0.80899536609649658
vn -0.88344955444335938 0.27469390630722046 -0.37955251336097717
vn -0.96359163522720337 0.16000661253929138 -0.21421739459037781
vn 0.99798727035522461 0.051773972809314728 -0.036617439240217209
vn 0.99143451452255249 0.11368837952613831 -0.064285233616828918
vn 0.97404730319976807 0.20136785507202148 -0.10335777699947357
vn 0.90337890386581421 0.38666009902954102 -0.18547368049621582
vn -0.20997768640518188 0.89321005344390869 -0.39759927988052368
vn -0.93627458810806274 0.32505825161933899 -0.13314306735992432
vn -0.98102670907974243 0.18148849904537201 -0.068180456757545471
vn 0.99842751026153564 0.054379824548959732 -0.013613744638860226
vn 0.99274075031280518 0.11936581879854202 -0.014753214083611965
vn 0.97720831632614136 0.21165752410888672 -0.016277367249131203
vn 0.91249841451644897 0.40863266587257385 -0.019132031127810478
vn -0.21415360271930695 0.97667700052261353 -0.015501095913350582
vn -0.93950390815734863 0.34249451756477356 0.0054730135016143322
vn -0.98165047168731689 0.19048410654067993 0.0088381394743919373
vn 0.99833601713180542 0.056849736720323563 0.0096593489870429039
vn 0.9915885329246521 0.12451303005218506 0.035337477922439575
vn 0.97288942337036133 0.21989402174949646 0.071643464267253876
vn 0.89625078439712524 0.41826844215393066 0.14760103821754456
vn -0.18837714195251465 0.91781890392303467 0.34946039319038391
vn -0.92459923028945923 0.35253587365150452 0.14434236288070679
vn -0.97638881206512451 0.19795599579811096 0.086477071046829224
vn 0.99255412817001343 0.065037965774536133 0.10298720747232437
vn 0.96318066120147705 0.13867494463920593 0.230330690741539
vn 0.8917575478553772 0.23048096895217896 0.38941878080368042
vn 0.68928706645965576 0.36603552103042603 0.62522101402282715
vn -0.081401146948337555 0.49940130114555359 0.86253821849822998
vn -0.74852865934371948 0.32944679260253906 0.57547342777252197
vn -0.90395969152450562 0.21074232459068298 0.37208142876625061
vn 0.9162067174911499 0.05968816950917244 0.39623555541038513
vn 0.7221108078956604 0.10304544121026993 0.68405961990356445
vn 0.50439351797103882 0.1286209374666214 0.85384064912796021
vn 0.27621385455131531 0.14316250383853912 0.95037382841110229
vn -0.018327191472053528 0.14893250167369843 0.9886775016784668
vn -0.31633257865905762 0.14130830764770508 0.93806487321853638
vn 0.28823411464691162 0.22178173065185547 -0.93152236938476562
vn -0.046589989215135574 -0.021343788132071495 -0.99868601560592651
vn 0.29990974068641663 -0.020943094044923782 -0.95373767614364624
vn 0.11507218331098557 -0.021487344056367874 -0.99312472343444824
vn -0.43985742330551147 0.21130068600177765 -0.87285590171813965
vn -0.3913218080997467 -0.019096873700618744 -0.92005574703216553
vn -0.20652800798416138 -0.020644867792725563 -0.97822284698486328
vn 0.4975467324256897 0.4933125376701355 -0.71350544691085815
vn -0.11405085027217865 0.35297349095344543 -0.92865610122680664
vn 0.71445900201797485 0.24395099282264709 -0.65577149391174316
vn 0.3703688383102417 0.32724323868751526 -0.86933237314224243
vn -0.67024058103561401 0.42992174625396729 -0.60493373870849609
vn -0.79840934276580811 0.2181711345911026 -0.5611986517906189
vn -0.53806310892105103 0.30204761028289795 -0.78692775964736938
vn 0.63966798782348633 0.69815260171890259 -0.32157087326049805
vn -0.18364466726779938 0.72594648599624634 -0.66277927160263062
vn 0.87161380052566528 0.3550763726234436 -0.3379499614238739
vn 0.57469779253005981 0.59916228055953979 -0.55742889642715454
vn -0.78743720054626465 0.56634223461151123 -0.2433086633682251
vn -0.91628217697143555 0.30171391367912292 -0.26343053579330444
vn -0.73820942640304565 0.502510666847229 -0.45003318786621094
vn 0.65997397899627686 0.75095665454864502 -0.0223255455493927
vn -0.21611721813678741 0.95233291387557983 -0.2153029590845108
vn 0.9110831618309021 0.39907896518707275 -0.10326392948627472
vn 0.65721714496612549 0.73277127742767334 -0.17638573050498962
vn -0.79740273952484131 0.60344630479812622 -0.0011840384686365724
vn -0.94014501571655273 0.33463358879089355 -0.064402811229228973
vn -0.79829579591751099 0.58924329280853271 -0.1245637983083725
vn 0.62188929319381714 0.73485684394836426 0.2706272304058075
vn -0.20407770574092865 0.9624144434928894 0.17919477820396423
vn 0.90746581554412842 0.41505184769630432 0.065098434686660767
vn 0.64737105369567871 0.75101292133331299 0.12996296584606171
vn -0.7610853910446167 0.60364705324172974 0.23740103840827942
vn -0.93427538871765137 0.34848570823669434 0.075413748621940613
vn -0.78454142808914185 0.60810673236846924 0.12124745547771454
vn 0.35440751910209656 0.47028034925460815 0.80822747945785522
vn -0.12162291258573532 0.66941481828689575 0.73286539316177368
vn 0.80583667755126953 0.40393102169036865 0.43297451734542847
vn 0.47360742092132568 0.59702795743942261 0.64749801158905029
vn -0.47579145431518555 0.43908154964447021 0.76212197542190552
vn -0.85033780336380005 0.35076785087585449 0.39228498935699463
vn -0.61443895101547241 0.52937567234039307 0.58500099182128906
vn 0.11779987066984177 0.1479203850030899 0.98195862770080566
vn -0.026674959808588028 0.2282545268535614 0.97323602437973022
vn 0.35970702767372131 0.21343718469142914 0.90832561254501343
vn 0.15590178966522217 0.22572627663612366 0.96163523197174072
vn -0.15402281284332275 0.14718005061149597 0.97704398632049561
vn -0.410673588514328 0.20780578255653381 0.88778597116470337
vn -0.20718741416931152 0.22319990396499634 0.95249944925308228
vn 0.099302038550376892 0.23139666020870209 -0.96777820587158203
vn -0.058158218860626221 0.057414069771766663 -0.99665504693984985
vn 0.032318700104951859 -0.021484103053808212 -0.99924665689468384
vn 0.16377665102481842 0.056157369166612625 -0.98489773273468018
vn 0.050730690360069275 0.057153079658746719 -0.99707567691802979
vn 0.19521230459213257 0.56040459871292114 -0.80488437414169312
vn -0.13167233765125275 0.44411033391952515 -0.88624399900436401
vn 0.13405223190784454 0.35064020752906799 -0.92686647176742554
vn 0.42771527171134949 0.40137302875518799 -0.80991315841674805
vn 0.16027693450450897 0.44031047821044922 -0.88342398405075073
vn -0.10077489167451859 0.2847505509853363 -0.95328986644744873
vn 0.32463401556015015 0.26852548122406006 -0.9069216251373291
vn 0.11435653269290924 0.2832149863243103 -0.95221418142318726
vn 0.28253892064094543 0.87390154600143433 -0.39556014537811279
vn -0.19813334941864014 0.81286263465881348 -0.54772025346755981
vn 0.23913402855396271 0.71407872438430786 -0.65795630216598511
vn 0.61064916849136353 0.65173995494842529 -0.44982504844665527
vn 0.26222726702690125 0.79733681678771973 -0.5435907244682312
vn -0.16883055865764618 0.64242047071456909 -0.74752402305603027
vn 0.53599083423614502 0.54525995254516602 -0.64451950788497925
vn 0.21626737713813782 0.63354742527008057 -0.74286341667175293
vn 0.29894232749938965 0.95402771234512329 -0.021554239094257355
vn -0.21621806919574738 0.96940016746520996 -0.11624567955732346
vn 0.29594913125038147 0.93024915456771851 -0.21691156923770905
vn 0.66055649518966675 0.74411040544509888 -0.099823981523513794
vn 0.29887458682060242 0.94670963287353516 -0.12006204575300217
vn -0.21394933760166168 0.92640417814254761 -0.30984023213386536
vn 0.65013384819030762 0.71727496385574341 -0.25068435072898865
vn 0.29037004709243774 0.90549653768539429 -0.30945309996604919
vn 0.2744559645652771 0.90046316385269165 0.33740177750587463
vn -0.19672012329101562 0.94306892156600952 0.26818305253982544
vn 0.2908836305141449 0.94165551662445068 0.16932682693004608
vn 0.63599240779876709 0.74472242593765259 0.20224280655384064
vn 0.28346407413482666 0.92390561103820801 0.25699529051780701
vn -0.21001753211021423 0.974090576171875 0.083905771374702454
vn 0.65550041198730469 0.75321000814437866 0.054716099053621292
vn 0.29618939757347107 0.9521181583404541 0.07578161358833313
vn 0.13999189436435699 0.49702224135398865 0.85637092590332031
vn -0.098454616963863373 0.57307177782058716 0.81356954574584961
vn 0.19320525228977203 0.66335487365722656 0.72293293476104736
vn 0.40770906209945679 0.52815324068069458 0.74486738443374634
vn 0.16285541653633118 0.56939566135406494 0.8057708740234375
vn -0.15244972705841064 0.79079443216323853 0.59279274940490723
vn 0.54967695474624634 0.67204767465591431 0.49619266390800476
vn 0.23213165998458862 0.78033632040023804 0.58068078756332397
vn 0.062675699591636658 0.22797626256942749 0.97164738178253174
vn -0.0406934954226017 0.30857890844345093 0.95032787322998047
vn 0.21114172041416168 0.30236971378326416 0.92951154708862305
vn 0.083433367311954498 0.30800381302833557 0.94771963357925415
vn -0.17581810057163239 -0.10761991143226624 -0.97852230072021484
vn -0.01197164598852396 -0.10904069989919662 -0.99396520853042603
vn 0.16812421381473541 -0.10720004141330719 -0.97991961240768433
vn 0.4163321852684021 -0.098444826900959015 -0.90386730432510376
vn 0.56072545051574707 -0.089352734386920929 -0.82316648960113525
vn 0.75869190692901611 -0.069777429103851318 -0.6477019190788269
vn 0.91423064470291138 -0.04267222061753273 -0.40294098854064941
vn 0.97417187690734863 -0.023014923557639122 -0.22463192045688629
vn 0.99223530292510986 -0.011925524100661278 -0.12380195409059525
vn 0.99741357564926147 -0.0061921845190227032 -0.071608558297157288
vn 0.99896973371505737 -0.0032997613307088614 -0.04526137188076973
vn 0.99948447942733765 -0.0018500076839700341 -0.032051481306552887
vn 0.99982267618179321 -0.00039902061689645052 -0.018827663734555244
vn 0.9999312162399292 0.00038044375833123922 -0.011722772382199764
vn 0.99999254941940308 0.0012665155809372663 -0.0036452000495046377
vn 0.99982154369354248 0.0036979939322918653 0.018525697290897369
vn 0.99915456771850586 0.0061237928457558155 0.040652353316545486
vn 0.99017667770385742 0.016873897984623909 0.13879972696304321
vn 0.97225445508956909 0.027104901149868965 0.23235021531581879
vn 0.91647624969482422 0.045129928737878799 0.39753562211990356
vn 0.77444744110107422 0.070250809192657471 0.62872570753097534
vn 0.58065086603164673 0.089722089469432831 0.80919373035430908
vn 0.43814685940742493 0.0987277552485466 0.89346528053283691
vn 0.19168810546398163 0.1073225811123848 0.97557038068771362
vn 0.01197164598852396 0.10904069989919662 0.99396520853042603
vn 0.00074325274908915162 0.10903000086545944 0.9940381646156311
vn -0.021975921466946602 0.10912139713764191 0.99378550052642822
vn -0.044780351221561432 0.10945498943328857 0.99298256635665894
vn -0.09088580310344696 0.11079039424657822 0.98967939615249634
vn -0.1870352029800415 0.11584503203630447 0.9754987359046936
vn -0.29485368728637695 0.1238175705075264 0.94748640060424805
vn -0.42888039350509644 0.13456244766712189 0.89328300952911377
vn -0.43381255865097046 0.13494077324867249 0.89084100723266602
vn -0.5723118782043457 0.14418017864227295 0.80726152658462524
vn -0.72068864107131958 0.14933127164840698 0.67698454856872559
vn -0.80983245372772217 0.14851197600364685 0.56755226850509644
vn -0.90214109420776367 0.14183036983013153 0.40746238827705383
vn -0.93288534879684448 0.13700990378856659 0.33309641480445862
vn -0.95972681045532227 0.13043124973773956 0.24882160127162933
vn -0.98033630847930908 0.12185120582580566 0.15521930158138275
vn -0.99234646558761597 0.11113802343606949 0.05382189154624939
vn -0.99448013305664062 0.10174375772476196 -0.025642352178692818
vn -0.99014073610305786 0.091326750814914703 -0.10621104389429092
vn -0.96193760633468628 0.068133026361465454 -0.26463934779167175
vn -0.91663408279418945 0.045719079673290253 -0.3971041738986969
vn -0.76791006326675415 -0.0047418414615094662 -0.64054012298583984
vn -0.63841986656188965 -0.038499165326356888 -0.76872485876083374
vn -0.52868044376373291 -0.062845960259437561 -0.84649121761322021
vn -0.44352111220359802 -0.079089902341365814 -0.89276748895645142
vn -0.36115255951881409 -0.092111296951770782 -0.92794632911682129
vn -0.29178535938262939 -0.10048602521419525 -0.9511907696723938
vn -0.23083454370498657 -0.10543813556432724 -0.96726328134536743
vn -0.20268994569778442 -0.10684729367494583 -0.97339636087417603
vn 0.90653449296951294 -0.030592164024710655 -0.42102175951004028
vn 0.48423787951469421 -0.062601439654827118 -0.87269395589828491
vn 0.70374894142150879 -0.052718408405780792 -0.70849007368087769
vn 0.99907869100570679 0.016890073195099831 -0.039451729506254196
vn 0.99979805946350098 0.0095188058912754059 -0.017699053511023521
vn 0.99986743927001953 0.010055826045572758 -0.012805786915123463
vn -0.62223953008651733 -0.015470759943127632 -0.78267401456832886
vn -0.98292839527130127 0.11233831197023392 -0.14571171998977661
vn -0.99285948276519775 0.11326304078102112 -0.037436459213495255
vn -0.99282604455947876 0.11912260204553604 0.010309241712093353
vn 0.99991321563720703 0.010568582452833652 -0.0078682303428649902
vn -0.64822816848754883 0.17255799472332001 0.74163597822189331
vn 0.9847797155380249 0.079730674624443054 -0.1544407457113266
vn 0.99483120441436768 -0.046580519527196884 0.090227887034416199
vn 0.96763515472412109 -0.11576226353645325 0.22423504292964935
vn 0.93330639600753784 -0.16472150385379791 0.31907057762145996
vn 0.89344435930252075 -0.206049844622612 0.39912483096122742
vn 0.84399741888046265 -0.24603894352912903 0.47658494114875793
vn 0.77329307794570923 -0.29085761308670044 0.56340008974075317
vn 0.64460235834121704 -0.35070788860321045 0.67933183908462524
vn 0.9847797155380249 0.079730674624443054 -0.1544407457113266
vn 0.99405431747436523 -0.040208656340837479 -0.10118915885686874
vn 0.99116230010986328 -0.1143544614315033 -0.067233160138130188
vn 0.98392015695571899 -0.17425122857093811 -0.039213329553604126
vn 0.97260928153991699 -0.23215603828430176 -0.011607649736106396
vn 0.95454895496368408 -0.29737401008605957 0.020123720169067383
vn 0.92020636796951294 -0.3860892653465271 0.064461857080459595
vn 0.82494759559631348 -0.54545032978057861 0.14813990890979767
vn 0.9847797155380249 0.079730674624443054 -0.1544407457113266
vn 0.91093289852142334 0.030091512948274612 -0.41145563125610352
vn 0.81264394521713257 -0.0082080895081162453 -0.58270269632339478
vn 0.70047974586486816 -0.041243784129619598 -0.71247947216033936
vn 0.56952524185180664 -0.072462692856788635 -0.81877356767654419
vn 0.40804997086524963 -0.10399657487869263 -0.9070170521736145
vn 0.19117492437362671 -0.13762429356575012 -0.97185993194580078
vn -0.12905314564704895 -0.17247235774993896 -0.97652369737625122
vn 0.9847797155380249 0.079730674624443054 -0.1544407457113266
vn 0.82984906435012817 0.093737863004207611 -0.55005794763565063
vn 0.60302102565765381 0.092938736081123352 -0.79229289293289185
vn 0.37459281086921692 0.084992185235023499 -0.92328572273254395
vn 0.16212274134159088 0.073736503720283508 -0.98401176929473877
vn -0.036377329379320145 0.060486920177936554 -0.99750590324401855
vn -0.23265615105628967 0.044898990541696548 -0.97152209281921387
vn -0.44480639696121216 0.025005504488945007 -0.89527761936187744
vn 0.9847797155380249 0.079730674624443054 -0.1544407457113266
vn 0.76826727390289307 0.15423263609409332 -0.62127101421356201
vn 0.43173480033874512 0.18476121127605438 -0.88287502527236938
vn 0.13362957537174225 0.18586210906505585 -0.97344666719436646
vn -0.097847931087017059 0.17494243383407593 -0.97970449924468994
vn -0.28116139769554138 0.15925513207912445 -0.94635409116744995
vn -0.43947610259056091 0.14013941586017609 -0.88725513219833374
vn -0.59371495246887207 0.11539265513420105 -0.79635864496231079
vn 0.9847797155380249 0.079730674624443054 -0.1544407457113266
vn 0.74015843868255615 0.20863951742649078 -0.63924568891525269
vn 0.32178568840026855 0.26969602704048157 -0.9075891375541687
vn -0.026477985084056854 0.27243733406066895 -0.96180915832519531
vn -0.26647463440895081 0.254555344581604 -0.92961972951889038
vn -0.43724226951599121 0.23114803433418274 -0.86913162469863892
vn -0.57268470525741577 0.20480130612850189 -0.79378122091293335
vn -0.69589996337890625 0.1728174239397049 -0.69703471660614014
vn 0.9847797155380249 0.079730674624443054 -0.1544407457113266
vn -0.58003091812133789 0.31053456664085388 -0.75308197736740112
vn -0.69933235645294189 0.2701323926448822 -0.66178756952285767
vn -0.7978481650352478 0.22524803876876831 -0.55919724702835083
vn 0.9847797155380249 0.079730674624443054 -0.1544407457113266
vn -0.83773458003997803 0.34994766116142273 -0.41921043395996094
vn 0.9847797155380249 0.079730674624443054 -0.1544407457113266
vn 0.53587394952774048 0.055170781910419464 0.84249353408813477
vn 0.3451787531375885 0.040561601519584656 0.93766003847122192
vn 0.13137674331665039 0.023504210636019707 0.99105381965637207
vn 0.9847797155380249 0.079730674624443054 -0.1544407457113266
vn 0.96930938959121704 0.02761542983353138 0.24428802728652954
vn 0.8754613995552063 -0.0087576517835259438 0.48320865631103516
vn 0.76766300201416016 -0.035422518849372864 0.63987404108047485
vn 0.6543610692024231 -0.056966837495565414 0.75403338670730591
vn 0.53100818395614624 -0.076011285185813904 0.84395056962966919
vn 0.38332882523536682 -0.094596013426780701 0.9187549352645874
vn 0.9742729663848877 -0.0077304113656282425 0.22523851692676544
vn 0.90013831853866577 -0.05836564302444458 0.43167638778686523
vn 0.81971162557601929 -0.092588856816291809 0.5652434229850769
vn 0.73645704984664917 -0.11939140409231186 0.66586542129516602
vn 0.64474958181381226 -0.14300298690795898 0.75089824199676514
vn 0.53091055154800415 -0.16646260023117065 0.83091765642166138
vn 0.36104986071586609 -0.1927807629108429 0.91240262985229492
vn 0.9847797155380249 0.079730674624443054 -0.1544407457113266
vn 0.98380911350250244 -0.032088600099086761 0.17632336914539337
vn 0.93167930841445923 -0.092672303318977356 0.35126271843910217
vn 0.87391763925552368 -0.13353034853935242 0.4673730731010437
vn 0.8124699592590332 -0.1661570817232132 0.55882412195205688
vn 0.74230271577835083 -0.19582861661911011 0.64081025123596191
vn 0.65088099241256714 -0.22668585181236267 0.72454637289047241
vn 0.5041007399559021 -0.26384693384170532 0.82235467433929443
vn 0.99483120441436768 -0.046580519527196884 0.090227887034416199
vn 0.96763515472412109 -0.11576226353645325 0.22423504292964935
vn 0.93330639600753784 -0.16472150385379791 0.31907057762145996
vn 0.89344435930252075 -0.206049844622612 0.39912483096122742
vn 0.84399741888046265 -0.24603894352912903 0.47658494114875793
vn 0.77329307794570923 -0.29085761308670044 0.56340008974075317
vn 0.64460235834121704 -0.35070788860321045 0.67933183908462524
vn 0.57537728548049927 -0.76871377229690552 0.27932074666023254
vn 0.45434558391571045 -0.40864899754524231 0.79156559705734253
vn 0.74611514806747437 -0.43357282876968384 0.5052986741065979
vn 0.54051584005355835 -0.53738272190093994 0.64735037088394165
vn 0.95616579055786133 0.055038399994373322 -0.28760695457458496
vn 0.96538978815078735 -0.012971340678632259 -0.2604885995388031
vn 0.99192118644714355 0.015014336444437504 -0.1259642094373703
vn 0.97707730531692505 0.031193660572171211 -0.21058700978755951
vn 0.8657347559928894 0.010824293829500675 -0.50038599967956543
vn 0.9408031702041626 -0.076438091695308685 -0.33022210001945496
vn 0.99338549375534058 -0.078605450689792633 -0.083704426884651184
vn 0.95404434204101562 -0.045235741883516312 -0.29623153805732727
vn 0.7593231201171875 -0.024862334132194519 -0.65023857355117798
vn 0.91207361221313477 -0.13119015097618103 -0.38847249746322632
vn 0.98805272579193115 -0.14467351138591766 -0.053116675466299057
vn 0.92734605073928833 -0.10377279669046402 -0.35952815413475037
vn 0.63756996393203735 -0.057011257857084274 -0.76828008890151978
vn 0.87539947032928467 -0.18687137961387634 -0.44581928849220276
vn 0.97883528470993042 -0.20304861664772034 -0.025549301877617836
vn 0.89500939846038818 -0.15856523811817169 -0.41691160202026367
vn 0.49163803458213806 -0.088478490710258484 -0.86629301309585571
vn 0.82201683521270752 -0.25225737690925598 -0.51054340600967407
vn 0.96451985836029053 -0.26398307085037231 0.003790590912103653
vn 0.85104894638061523 -0.21847851574420929 -0.47747546434402466
vn 0.30301019549369812 -0.1213892474770546 -0.9452245831489563
vn 0.72596347332000732 -0.34373369812965393 -0.59567117691040039
vn 0.93971037864685059 -0.33950433135032654 0.041002973914146423
vn 0.77995502948760986 -0.29552629590034485 -0.55166506767272949
vn 0.043496735394001007 -0.1557794064283371 -0.98683375120162964
vn 0.47874182462692261 -0.50088423490524292 -0.72105562686920166
vn 0.88588404655456543 -0.45321729779243469 0.099012561142444611
vn 0.63366407155990601 -0.41243976354598999 -0.65449464321136475
vn -0.010886681266129017 -0.64243769645690918 -0.76626056432723999
vn -0.31465712189674377 -0.056840252131223679 -0.9475020170211792
vn 0.91048061847686768 0.14338909089565277 -0.38789764046669006
vn 0.74991464614868164 0.1816791445016861 -0.63609808683395386
vn 0.91447120904922485 0.11877139657735825 -0.38682782649993896
vn 0.9847797155380249 0.079730674624443054 -0.1544407457113266
vn 0.91103357076644897 0.13159370422363281 -0.39076963067054749
vn 0.9201432466506958 0.16398771107196808 -0.35559028387069702
vn 0.74160128831863403 0.23820997774600983 -0.62712323665618896
vn 0.9847797155380249 0.079730674624443054 -0.1544407457113266
vn 0.91357427835464478 0.15511278808116913 -0.37592828273773193
vn 0.54281657934188843 0.24785041809082031 -0.80244648456573486
vn 0.53021323680877686 0.29160907864570618 -0.79613947868347168
vn 0.9847797155380249 0.079730674624443054 -0.1544407457113266
vn 0.44022130966186523 0.047923978418111801 0.89660942554473877
vn 0.23624590039253235 0.031950976699590683 0.97116786241531372
vn 0.99708700180053711 0.053707204759120941 0.054157745093107224
vn 0.96947234869003296 0.053948506712913513 0.23919211328029633
vn 0.99611270427703857 0.083010129630565643 0.029476320371031761
vn 0.9847797155380249 0.079730674624443054 -0.1544407457113266
vn 0.99664747714996338 0.068035714328289032 0.045441664755344391
vn 0.99813240766525269 0.033199738711118698 0.05127895250916481
vn 0.97103118896484375 0.0085359597578644753 0.23880016803741455
vn 0.9847797155380249 0.079730674624443054 -0.1544407457113266
vn 0.99754512310028076 0.04279763251543045 0.05542667955160141
vn 0.26787251234054565 -0.8892093300819397 0.37087884545326233
vn 0.34612631797790527 -0.59248805046081543 0.72743004560470581
vn 0.57435351610183716 -0.63760685920715332 0.51339608430862427
vn 0.33897113800048828 -0.71969836950302124 0.60591483116149902
vn 0.29932776093482971 -0.43769806623458862 0.84783446788787842
vn 0.49839133024215698 -0.46407091617584229 0.73228698968887329
vn 0.32830020785331726 -0.50305503606796265 0.79947143793106079
vn 0.45434558391571045 -0.40864899754524231 0.79156559705734253
vn 0.57775348424911499 -0.30651387572288513 0.75647217035293579
vn 0.39146503806114197 -0.3490176796913147 0.85143512487411499
vn 0.97166973352432251 0.0086637167260050774 -0.23618409037590027
vn 0.98332607746124268 -0.028977161273360252 -0.17952767014503479
vn 0.99347990751266479 -0.013563530519604683 -0.11319777369499207
vn 0.98553383350372314 0.021870942786335945 -0.16806170344352722
vn 0.98473423719406128 -0.004258500412106514 -0.17401258647441864
vn 0.99882161617279053 -0.048170212656259537 0.0059171845205128193
vn 0.99975788593292236 0.010094000957906246 -0.019552387297153473
vn 0.9847797155380249 0.079730674624443054 -0.1544407457113266
vn 0.99771386384963989 0.0096671553328633308 -0.066884838044643402
vn 0.98150235414505005 0.054813835769891739 -0.18343557417392731
vn 0.98913419246673584 0.045947771519422531 -0.13965083658695221
vn 0.9847797155380249 0.079730674624443054 -0.1544407457113266
vn 0.98560571670532227 0.049741148948669434 -0.16157713532447815
vn 0.94766455888748169 -0.060930304229259491 -0.31339970231056213
vn 0.97577458620071411 -0.099770523607730865 -0.19470442831516266
vn 0.9924512505531311 -0.096747368574142456 -0.075368881225585938
vn 0.98011046648025513 -0.065250799059867859 -0.18741890788078308
vn 0.97807794809341431 -0.082675158977508545 -0.19112381339073181
vn 0.98760730028152466 -0.12167447060346603 0.099131792783737183
vn 0.98328167200088501 -0.083530716598033905 0.1618015468120575
vn 0.9947013258934021 -0.0868997722864151 0.054934099316596985
vn 0.9599531888961792 -0.029276160523295403 -0.27862662076950073
vn 0.99393439292907715 -0.059804543852806091 -0.092292383313179016
vn 0.98186492919921875 -0.047389678657054901 -0.18356332182884216
vn 0.91995513439178467 -0.11744413524866104 -0.37401789426803589
vn 0.96532273292541504 -0.15937642753124237 -0.20676355063915253
vn 0.98611515760421753 -0.15952023863792419 -0.046154234558343887
vn 0.97100764513015747 -0.12965387105941772 -0.20083336532115936
vn 0.96828627586364746 -0.14450104534626007 -0.20381644368171692
vn 0.96949458122253418 -0.17688648402690887 0.16968032717704773
vn 0.95134693384170532 -0.14134491980075836 0.27378943562507629
vn 0.9793509840965271 -0.15011543035507202 0.13541406393051147
vn 0.93428510427474976 -0.090121999382972717 -0.34494835138320923
vn 0.98973584175109863 -0.12964214384555817 -0.060132242739200592
vn 0.97350060939788818 -0.11476656794548035 -0.19780081510543823
vn 0.88555842638015747 -0.17257389426231384 -0.4312824010848999
vn 0.95094174146652222 -0.21930600702762604 -0.21820776164531708
vn 0.97587531805038452 -0.21753241121768951 -0.018628548830747604
vn 0.95873510837554932 -0.18888382613658905 -0.2124849408864975
vn 0.95500510931015015 -0.20394521951675415 -0.21534073352813721
vn 0.9456486701965332 -0.22643142938613892 0.23340392112731934
vn 0.91411447525024414 -0.18599520623683929 0.36027839779853821
vn 0.95834082365036011 -0.20200356841087341 0.20193406939506531
vn 0.90382665395736694 -0.14478886127471924 -0.40265807509422302
vn 0.98151123523712158 -0.18864220380783081 -0.032400857657194138
vn 0.9621652364730835 -0.17405036091804504 -0.2096295952796936
vn 0.83719968795776367 -0.23505705595016479 -0.49380648136138916
vn 0.92886143922805786 -0.28977271914482117 -0.23075562715530396
vn 0.95979863405227661 -0.2804405689239502 0.011817549355328083
vn 0.94100874662399292 -0.25328689813613892 -0.22438423335552216
vn 0.93525254726409912 -0.27116104960441589 -0.22753974795341492
vn 0.91269975900650024 -0.27768707275390625 0.29978173971176147
vn 0.86974316835403442 -0.226385697722435 0.43851602077484131
vn 0.93029552698135376 -0.25204002857208252 0.26650711894035339
vn 0.86373412609100342 -0.20244213938713074 -0.46149811148643494
vn 0.96877336502075195 -0.24791550636291504 -0.004003442358225584
vn 0.94621503353118896 -0.23603665828704834 -0.22127756476402283
vn 0.75471723079681396 -0.31894984841346741 -0.57330000400543213
vn 0.88662165403366089 -0.39105060696601868 -0.24694423377513885
vn 0.93064874410629272 -0.36214882135391235 0.052355766296386719
vn 0.91074377298355103 -0.3370705246925354 -0.2385985255241394
vn 0.89959007501602173 -0.36308750510215759 -0.24270395934581757
vn 0.85967737436294556 -0.34002983570098877 0.38122764229774475
vn 0.81069099903106689 -0.26857501268386841 0.52023798227310181
vn 0.88856858015060425 -0.30831414461135864 0.33968847990036011
vn 0.80223375558853149 -0.27333986759185791 -0.53076010942459106
vn 0.9476168155670166 -0.31796979904174805 0.030292076990008354
vn 0.9204140305519104 -0.31271621584892273 -0.23462006449699402
vn 0.56681495904922485 -0.45409756898880005 -0.68739813566207886
vn 0.76162081956863403 -0.58861833810806274 -0.27103897929191589
vn 0.86017972230911255 -0.49537745118141174 0.12121061980724335
vn 0.84298974275588989 -0.47194671630859375 -0.25813677906990051
vn 0.8092581033706665 -0.52455216646194458 -0.26447361707687378
vn 0.71907436847686768 -0.31878715753555298 0.61750048398971558
vn 0.81447756290435791 -0.38205400109291077 0.43664753437042236
vn 0.68524521589279175 -0.37588104605674744 -0.62382084131240845
vn 0.90521758794784546 -0.41727373003959656 0.080397643148899078
vn 0.86776399612426758 -0.42817899584770203 -0.2522864043712616
vn -0.36513546109199524 -0.64122110605239868 -0.67491596937179565
vn 0.39673036336898804 -0.87610405683517456 -0.27394655346870422
vn -0.033335413783788681 -0.9746243953704834 -0.22135050594806671
vn 0.2812197208404541 -0.57943522930145264 -0.76496422290802002
vn 0.73794394731521606 -0.64358371496200562 0.2030731737613678
vn 0.63824021816253662 -0.71735656261444092 -0.27937260270118713
vn 0.9847797155380249 0.079730674624443054 -0.1544407457113266
vn 0.99428731203079224 0.10644154995679855 -0.0079310303553938866
vn 0.9881359338760376 0.10407374799251556 -0.11294277757406235
vn 0.97991007566452026 0.11657758802175522 -0.16182050108909607
vn 0.9847797155380249 0.079730674624443054 -0.1544407457113266
vn 0.98439085483551025 0.11100207269191742 -0.13657666742801666
vn 0.99975788593292236 0.010094000957906246 -0.019552387297153473
vn 0.98986685276031494 -0.041269410401582718 0.13586927950382233
vn 0.99944108724594116 0.018541326746344566 0.027815558016300201
vn 0.9847797155380249 0.079730674624443054 -0.1544407457113266
vn 0.99989688396453857 0.013087223283946514 0.0059131798334419727
vn 0.98328167200088501 -0.083530716598033905 0.1618015468120575
vn 0.95075523853302002 -0.10659328103065491 0.29103672504425049
vn 0.96038854122161865 -0.064754649996757507 0.27103641629219055
vn 0.97264283895492554 -0.076372392475605011 0.21939283609390259
vn 0.95134693384170532 -0.14134491980075836 0.27378943562507629
vn 0.9052082896232605 -0.15151295065879822 0.39704129099845886
vn 0.90357863903045654 -0.1142890602350235 0.41289660334587097
vn 0.92881768941879272 -0.13023197650909424 0.34689673781394958
vn 0.91411447525024414 -0.18599520623683929 0.36027839779853821
vn 0.85496044158935547 -0.18827705085277557 0.48331603407859802
vn 0.8437049388885498 -0.15056018531322479 0.51526069641113281
vn 0.88072103261947632 -0.17058248817920685 0.44185081124305725
vn 0.86974316835403442 -0.226385697722435 0.43851602077484131
vn 0.79549390077590942 -0.22267182171344757 0.56356608867645264
vn 0.77809959650039673 -0.18149101734161377 0.60135018825531006
vn 0.82610493898391724 -0.20592106878757477 0.52454471588134766
vn 0.81069099903106689 -0.26857501268386841 0.52023798227310181
vn 0.71477550268173218 -0.25970345735549927 0.64934587478637695
vn 0.69808101654052734 -0.21166810393333435 0.68401718139648438
vn 0.75690215826034546 -0.24149970710277557 0.60727012157440186
vn 0.71907436847686768 -0.31878715753555298 0.61750048398971558
vn 0.58639228343963623 -0.24459972977638245 0.77221441268920898
vn 0.65568017959594727 -0.28192770481109619 0.70042860507965088
vn 0.29932776093482971 -0.43769806623458862 0.84783446788787842
vn 0.42413017153739929 -0.37782850861549377 0.82301837205886841
vn 0.27608686685562134 -0.4021872878074646 0.87293839454650879
vn -0.86117058992385864 0.20398351550102234 -0.46559205651283264
vn -0.83458715677261353 0.19108322262763977 -0.5166735053062439
vn -0.79264801740646362 0.17139273881912231 -0.58509284257888794
vn -0.7445145845413208 0.14874628186225891 -0.65082454681396484
vn -0.71736383438110352 0.13551528751850128 -0.68339210748672485
vn -0.68751156330108643 0.12025035172700882 -0.71614784002304077
vn -0.66058051586151123 0.10554888099431992 -0.74329859018325806
vn -0.63081890344619751 0.087862521409988403 -0.77093946933746338
vn -0.59744518995285034 0.06547197699546814 -0.79923254251480103
vn -0.56035852432250977 0.035712312906980515 -0.82747989892959595
vn -0.53267538547515869 0.0080169485881924629 -0.84628164768218994
vn -0.50683146715164185 -0.025380494073033333 -0.86167144775390625
vn -0.47010359168052673 -0.10448876023292542 -0.87640440464019775
vn -0.45739266276359558 -0.16291680932044983 -0.87421399354934692
vn -0.45120325684547424 -0.22898688912391663 -0.86254310607910156
vn -0.44975173473358154 -0.30582550168037415 -0.83916276693344116
vn -0.45117804408073425 -0.39751973748207092 -0.79900968074798584
vn -0.45254364609718323 -0.52763479948043823 -0.71889203786849976
vn -0.44464677572250366 -0.68251478672027588 -0.58005410432815552
vn -0.41041979193687439 -0.83962959051132202 -0.35577765107154846
vn -0.33358308672904968 -0.94121241569519043 -0.05330628901720047
vn -0.29909279942512512 -0.95270520448684692 0.053817160427570343
vn -0.15498080849647522 -0.89767080545425415 0.41251429915428162
vn -0.038149494677782059 -0.77291065454483032 0.63336694240570068
vn 0.093873009085655212 -0.56248265504837036 0.82146281003952026
vn 0.14448703825473785 -0.46154463291168213 0.87527143955230713
vn 0.14818452298641205 -0.45366618037223816 0.87876522541046143
vn 0.14818452298641205 -0.45366618037223816 0.87876522541046143
vn 0.18912862241268158 -0.3602311909198761 0.9134899377822876
vn 0.21370561420917511 -0.29345399141311646 0.93178039789199829
vn 0.2272360622882843 -0.24018307030200958 0.94375628232955933
vn 0.22975745797157288 -0.19275850057601929 0.95396840572357178
vn 0.2251531183719635 -0.16769291460514069 0.95978391170501709
vn 0.21436101198196411 -0.14137735962867737 0.96646875143051147
vn 0.19393204152584076 -0.11207371950149536 0.97459214925765991
vn 0.15719589591026306 -0.077264048159122467 0.98454034328460693
vn 0.34098133444786072 0.11837762594223022 0.93258696794509888
vn 0.41521012783050537 0.10137602686882019 0.90405941009521484
vn 0.59951084852218628 0.064926885068416595 0.7977287769317627
vn 0.73505717515945435 0.047804582864046097 0.67631775140762329
vn 0.85621249675750732 0.046602115035057068 0.51451766490936279
vn 0.95009201765060425 0.066789321601390839 0.30473649501800537
vn 0.97352677583694458 0.08035646378993988 0.21398246288299561
vn 0.98915010690689087 0.098547384142875671 0.10895199328660965
vn 0.9928898811340332 0.11900100857019424 0.0029004737734794617
vn 0.98235642910003662 0.14443947374820709 -0.11879869550466537
vn 0.95038020610809326 0.17527185380458832 -0.25701594352722168
vn 0.88805383443832397 0.21089658141136169 -0.40851312875747681
vn 0.78634428977966309 0.24942362308502197 -0.56519949436187744
vn 0.64543229341506958 0.28615215420722961 -0.70819073915481567
vn 0.44423195719718933 0.3212611973285675 -0.83633077144622803
vn 0.23941907286643982 0.34398564696311951 -0.90793853998184204
vn -0.096077881753444672 0.36237868666648865 -0.92706567049026489
vn -0.4062151312828064 0.36636236310005188 -0.83711880445480347
vn -0.5977204442024231 0.36776652932167053 -0.7123749852180481
vn -0.79747253656387329 0.37663108110427856 -0.47136670351028442
vn -0.86881965398788452 0.3849622905254364 -0.31137824058532715
vn -0.88406884670257568 0.387531578540802 -0.26123079657554626
vn -0.0076744477264583111 0.098582029342651367 0.99509930610656738
vn -0.008595476858317852 0.11953204125165939 0.99279314279556274
vn 0.0038651451468467712 0.13628606498241425 0.99066197872161865
vn 0.031101895496249199 0.14754082262516022 0.9885668158531189
vn 0.072018519043922424 0.1528189480304718 0.98562657833099365
vn 0.18186403810977936 0.1472526341676712 0.97223562002182007
vn 0.24397790431976318 0.13813954591751099 0.95989179611206055
vn 0.30695566534996033 0.12600603699684143 0.94334548711776733
vn -0.89690804481506348 0.38903734087944031 -0.2102520763874054
vn -0.90813690423965454 0.38799133896827698 -0.15732176601886749
vn -0.91648966073989868 0.38412138819694519 -0.11179190129041672
vn -0.92352962493896484 0.37674897909164429 -0.071785889565944672
vn -0.92958420515060425 0.3659341037273407 -0.044332936406135559
vn -0.9348328709602356 0.35344278812408447 -0.034141439944505692
vn -0.94246679544448853 0.33054307103157043 -0.049976255744695663
vn -0.94641697406768799 0.31107890605926514 -0.086745701730251312
vn -0.94700556993484497 0.29835185408592224 -0.11902352422475815
vn -0.94574874639511108 0.28684344887733459 -0.15257818996906281
vn -0.93846738338470459 0.26658719778060913 -0.21956828236579895
vn -0.92593961954116821 0.24903501570224762 -0.28393206000328064
vn -0.90908306837081909 0.23335474729537964 -0.34512826800346375
vn -0.88272011280059814 0.21555714309215546 -0.41754075884819031
vn 0.15652032196521759 -0.076723694801330566 0.98469024896621704
vn 0.11839570105075836 -0.045048028230667114 0.99194413423538208
vn 0.079701349139213562 -0.010334048420190811 0.99676519632339478
vn 0.060789018869400024 0.0078428993001580238 0.99811983108520508
vn 0.042386870831251144 0.026666702702641487 0.99874532222747803
vn 0.025116827338933945 0.045956846326589584 0.99862760305404663
vn 0.0099160196259617805 0.065404683351516724 0.99780952930450439
vn 0.0065176598727703094 0.070338934659957886 0.99750185012817383
vn -0.0060997749678790569 0.093902841210365295 0.99556267261505127
vn 0.59345525503158569 0 -0.8048669695854187
vn 0.10167956352233887 -0.04053984209895134 -0.99399083852767944
vn 0.10137536376714706 -0.087224952876567841 -0.99101710319519043
vn 0.10058022290468216 -0.15203583240509033 -0.98324400186538696
vn 0.097792215645313263 -0.2766248881816864 -0.95598918199539185
vn 0 -1 0
vn -0.43347272276878357 -0.04053984209895134 -0.90025436878204346
vn -0.43217587471008301 -0.087224952876567841 -0.89756101369857788
vn -0.42878609895706177 -0.15203583240509033 -0.89052098989486694
vn -0.41690045595169067 -0.2766248881816864 -0.86583638191223145
vn 0 -1 0
vn -0.81899940967559814 -0.04053984209895134 -0.57236045598983765
vn -0.81654918193817139 -0.087224952876567841 -0.57064813375473022
vn -0.81014448404312134 -0.15203583240509033 -0.56617224216461182
vn -0.78768789768218994 -0.2766248881816864 -0.55047833919525146
vn 0 -1 0
vn -0.9963269829750061 -0.04053984209895134 -0.075426176190376282
vn -0.99334621429443359 -0.087224952876567841 -0.07520052045583725
vn -0.98555487394332886 -0.15203583240509033 -0.074610687792301178
vn -0.95823603868484497 -0.2766248881816864 -0.072542533278465271
vn 0 -1 0
vn -0.88862884044647217 -0.04053984209895134 0.45683181285858154
vn -0.88597029447555542 -0.087224952876567841 0.45546510815620422
vn -0.87902110815048218 -0.15203583240509033 0.45189264416694641
vn -0.85465532541275024 -0.2766248881816864 0.43936651945114136
vn 0 -1 0
vn -0.54520881175994873 -0.15203583240509033 0.82439827919006348
vn -0.53009599447250366 -0.2766248881816864 0.80154657363891602
vn 0 -1 0
vn 0 -1 0
vn 0.47978189587593079 -0.04053984209895134 0.87645071744918823
vn 0.47834649682044983 -0.087224952876567841 0.87382858991622925
vn 0.47459456324577332 -0.15203583240509033 0.86697471141815186
vn 0.46143916249275208 -0.2766248881816864 0.84294277429580688
vn 0 -1 0
vn 0.83919048309326172 -0.04053984209895134 0.5423244833946228
vn 0.83667981624603271 -0.087224952876567841 0.54070198535919189
vn 0.83011728525161743 -0.15203583240509033 0.5364609956741333
vn 0.80710709095001221 -0.2766248881816864 0.5215907096862793
vn 0 -1 0
vn 0.99874371290206909 -0.04053984209895134 0.02945464663207531
vn 0.99575567245483398 -0.087224952876567841 0.029366526752710342
vn 0.98794543743133545 -0.15203583240509033 0.029136188328266144
vn 0.96056032180786133 -0.2766248881816864 0.028328554704785347
vn 0 -1 0
vn 0.084984138607978821 -0.55007314682006836 -0.83078110218048096
vn 0 -1 0
vn 0.35483190417289734 -0.2766248881816864 -0.89306944608688354
vn 0.30835875868797302 -0.55007314682006836 -0.77610206604003906
vn -0.36229804158210754 -0.55007314682006836 -0.75243580341339111
vn 0 -1 0
vn -0.16622346639633179 -0.2766248881816864 -0.94649273157119751
vn -0.14445279538631439 -0.55007314682006836 -0.82252836227416992
vn -0.68452262878417969 -0.55007314682006836 -0.47838091850280762
vn 0 -1 0
vn -0.62936681509017944 -0.2766248881816864 -0.72620666027069092
vn -0.54693716764450073 -0.55007314682006836 -0.63109368085861206
vn -0.8327336311340332 -0.55007314682006836 -0.063041470944881439
vn 0 -1 0
vn -0.90210717916488647 -0.2766248881816864 -0.33118164539337158
vn -0.78395611047744751 -0.55007314682006836 -0.28780603408813477
vn -0.74271917343139648 -0.55007314682006836 0.38182166218757629
vn 0 -1 0
vn -0.94170814752578735 -0.2766248881816864 0.19147968292236328
vn -0.81837046146392822 -0.55007314682006836 0.16640114784240723
vn -0.46066811680793762 -0.55007314682006836 0.69656616449356079
vn 0 -1 0
vn -0.70966798067092896 -0.2766248881816864 0.64795833826065063
vn -0.61672115325927734 -0.55007314682006836 0.56309372186660767
vn -0.0409889817237854 -0.55007314682006836 0.83410996198654175
vn 0 -1 0
vn -0.26691177487373352 -0.55007314682006836 0.79131388664245605
vn 0.40100342035293579 -0.55007314682006836 0.73254066705703735
vn 0 -1 0
vn 0.21658195555210114 -0.2766248881816864 0.93625366687774658
vn 0.1882157176733017 -0.55007314682006836 0.81363034248352051
vn 0.70139843225479126 -0.55007314682006836 0.45327675342559814
vn 0 -1 0
vn 0.66044938564300537 -0.2766248881816864 0.69805824756622314
vn 0.57394880056381226 -0.55007314682006836 0.60663193464279175
vn 0.83475351333618164 -0.55007314682006836 0.024618299677968025
vn 0 -1 0
vn 0.91510689258575439 -0.2766248881816864 0.29335647821426392
vn 0.7952532172203064 -0.55007314682006836 0.25493490695953369
vn 0 -1 0
vn 0.93345612287521362 -0.2766248881816864 -0.22833819687366486
vn 0.81119924783706665 -0.55007314682006836 -0.19843222200870514
vn 0.059796411544084549 -0.80914914608001709 -0.58455288410186768
vn 0 -1 0
vn 0.21696688234806061 -0.80914908647537231 -0.54607975482940674
vn 0.20009593665599823 -0.55007314682006836 -0.81079041957855225
vn 0.14079119265079498 -0.80914908647537231 -0.57048714160919189
vn -0.25491958856582642 -0.80914914608001709 -0.52942770719528198
vn 0 -1 0
vn -0.10163965076208115 -0.80914914608001709 -0.57874614000320435
vn -0.25639623403549194 -0.55007314682006836 -0.79478329420089722
vn -0.18040512502193451 -0.80914914608001709 -0.55922418832778931
vn 0 -1 0
vn -0.029564676806330681 -0.55007314682006836 -0.83459299802780151
vn -0.020802251994609833 -0.80914914608001709 -0.58723503351211548
vn -0.48164275288581848 -0.80914914608001709 -0.33659765124320984
vn 0 -1 0
vn -0.38483509421348572 -0.80914914608001709 -0.4440491795539856
vn -0.62189340591430664 -0.55007314682006836 -0.55737608671188354
vn -0.43757566809654236 -0.80914914608001709 -0.39218011498451233
vn 0 -1 0
vn -0.45999690890312195 -0.55007314682006836 -0.69700956344604492
vn -0.32366231083869934 -0.80914914608001709 -0.49042880535125732
vn -0.58592677116394043 -0.80914908647537231 -0.044357139617204666
vn 0 -1 0
vn -0.55160599946975708 -0.80914914608001709 -0.20250563323497772
vn -0.81580656766891479 -0.55007314682006836 -0.17854741215705872
vn -0.57401657104492188 -0.80914914608001709 -0.1256292462348938
vn 0 -1 0
vn -0.73934096097946167 -0.55007314682006836 -0.38832259178161621
vn -0.52021396160125732 -0.80914914608001709 -0.27323094010353088
vn -0.52259087562561035 -0.80914914608001709 0.26865676045417786
vn 0 -1 0
vn -0.57582056522369385 -0.80914914608001709 0.11708290129899979
vn -0.78769552707672119 -0.55007314682006836 0.27740824222564697
vn -0.55423706769943237 -0.80914914608001709 0.19518955051898956
vn 0 -1 0
vn -0.83350670337677002 -0.55007314682006836 0.05182734876871109
vn -0.58647072315216064 -0.80914914608001709 0.036466680467128754
vn -0.32413458824157715 -0.80914914608001709 0.49011680483818054
vn 0 -1 0
vn -0.43393635749816895 -0.80914914608001709 0.39620316028594971
vn -0.54136300086975098 -0.55007314682006836 0.63588178157806396
vn -0.38091298937797546 -0.80914914608001709 0.44741815328598022
vn 0 -1 0
vn -0.68475735187530518 -0.55007314682006836 0.47804489731788635
vn -0.4818078875541687 -0.80914914608001709 0.33636119961738586
vn -0.028840603306889534 -0.80914914608001709 0.5868951678276062
vn 0 -1 0
vn -0.18780404329299927 -0.80914914608001709 0.55678302049636841
vn -0.15676663815975189 -0.55007314682006836 0.82027053833007812
vn -0.11030389368534088 -0.80914914608001709 0.57715749740600586
vn 0 -1 0
vn -0.36882835626602173 -0.55007314682006836 0.749256432056427
vn -0.25951442122459412 -0.80914914608001709 0.52719062566757202
vn 0.28215339779853821 -0.80914914608001709 0.51542907953262329
vn 0 -1 0
vn 0.13243205845355988 -0.80914914608001709 0.57248532772064209
vn 0.29817277193069458 -0.55007314682006836 0.78007215261459351
vn 0.20979985594749451 -0.80914914608001709 0.54887312650680542
vn 0 -1 0
vn 0.074079208076000214 -0.55007314682006836 0.83182436227798462
vn 0.052123498171567917 -0.80914914608001709 0.58528697490692139
vn 0.49351686239242554 -0.80914914608001709 0.3189338743686676
vn 0 -1 0
vn 0.40384095907211304 -0.80914914608001709 0.42683744430541992
vn 0.64329469203948975 -0.55007314682006836 0.53253304958343506
vn 0.45263400673866272 -0.80914914608001709 0.37470006942749023
vn 0 -1 0
vn 0.49288749694824219 -0.55007314682006836 0.67415237426757812
vn 0.34680473804473877 -0.80914914608001709 0.47434607148170471
vn 0.58734798431396484 -0.80914914608001709 0.017321890220046043
vn 0 -1 0
vn 0.55955487489700317 -0.80914914608001709 0.17937690019607544
vn 0.82287287712097168 -0.55007314682006836 0.1424773782491684
vn 0.57898849248886108 -0.80914914608001709 0.10024971514940262
vn 0 -1 0
vn 0.75391751527786255 -0.55007314682006836 0.35920456051826477
vn 0.53047025203704834 -0.80914914608001709 0.2527429461479187
vn 0.57077473402023315 -0.80914914608001709 -0.1396205723285675
vn 0.77739048004150391 -0.55007314682006836 -0.30509600043296814
vn 0.54698628187179565 -0.80914914608001709 -0.21467116475105286
vn 0 -1 0
vn 0.830516517162323 -0.55007314682006836 -0.087531864643096924
vn 0.58436673879623413 -0.80914914608001709 -0.061589032411575317
vn 0.27049002051353455 0 -0.9627227783203125
vn -0.11463239043951035 0 -0.9934079647064209
vn -0.48264467716217041 0 -0.87581628561019897
vn -0.76116979122161865 0 -0.64855265617370605
vn -0.94133275747299194 0 -0.33747988939285278
vn -0.99900788068771362 0 0.044533763080835342
vn -0.9075702428817749 0 0.41990026831626892
vn -0.70044291019439697 0 0.71370846033096313
vn 0.58211743831634521 -0.19453665614128113 -0.7894902229309082
vn 0.58860957622528076 -0.12752930819988251 -0.79829508066177368
vn 0.59168154001235962 -0.077256090939044952 -0.80246150493621826
vn 0.59306848049163818 -0.036097269505262375 -0.80434244871139526
vn 0 -1 0
vn 0.098376378417015076 -0.9750136137008667 -0.19917473196983337
vn 0.25538519024848938 -0.83868151903152466 -0.48103192448616028
vn 0.3631126880645752 -0.67700725793838501 -0.64016431570053101
vn 0.48273095488548279 -0.43624100089073181 -0.7593843936920166
vn 0.5185854434967041 -0.35436266660690308 -0.77813637256622314
vn 0.54554712772369385 -0.28962674736976624 -0.78644430637359619
vn 0.56611520051956177 -0.23741023242473602 -0.78939849138259888
vn 0.99999630451202393 0 -0.0027196994051337242
vn 0.99783486127853394 -0.018176091834902763 -0.063208192586898804
vn 0.98771113157272339 -0.046112295240163803 -0.1493329256772995
vn 0.97359806299209595 -0.071092069149017334 -0.21691636741161346
vn 0.95396262407302856 -0.10013832151889801 -0.28271472454071045
vn 0.92835593223571777 -0.13634270429611206 -0.34578299522399902
vn 0.91305512189865112 -0.15897391736507416 -0.37557637691497803
vn 0.89579308032989502 -0.18664410710334778 -0.40338414907455444
vn 0.86864387989044189 -0.23716017603874207 -0.43498608469963074
vn 0.8325236439704895 -0.32116025686264038 -0.45139840245246887
vn 0.8048892617225647 -0.39224767684936523 -0.4453032910823822
vn 0.76224792003631592 -0.4921557605266571 -0.42042931914329529
vn 0.69020259380340576 -0.62134230136871338 -0.37088289856910706
vn 0.56483262777328491 -0.77237766981124878 -0.29051131010055542
vn 0.32486835122108459 -0.93273246288299561 -0.15643106400966644
vn 0 -1 0
vn -0.67677897214889526 -0.012717820703983307 0.73607641458511353
vn -0.65763264894485474 -0.021684452891349792 0.75302660465240479
vn -0.59279471635818481 -0.047187495976686478 0.80396997928619385
vn -0.53130257129669189 -0.068742059171199799 0.84438860416412354
vn -0.46664848923683167 -0.093216441571712494 0.8795168399810791
vn -0.40046080946922302 -0.12734547257423401 0.9074217677116394
vn -0.36871716380119324 -0.15225286781787872 0.9169878363609314
vn -0.35380053520202637 -0.16800595819950104 0.92010825872421265
vn -0.33977001905441284 -0.1866505891084671 0.92180144786834717
vn -0.32058599591255188 -0.22035028040409088 0.92123305797576904
vn -0.31125983595848083 -0.24031765758991241 0.91943717002868652
vn -0.30159002542495728 -0.26241061091423035 0.91661560535430908
vn -0.27925163507461548 -0.31224343180656433 0.90803223848342896
vn -0.25104892253875732 -0.36337101459503174 0.89718222618103027
vn -0.23317420482635498 -0.38763648271560669 0.89183390140533447
vn -0.20792800188064575 -0.41125357151031494 0.88748884201049805
vn -0.18296639621257782 -0.42189612984657288 0.88799041509628296
vn -0.15891472995281219 -0.42022573947906494 0.89339601993560791
vn -0.13570013642311096 -0.4086005687713623 0.90256911516189575
vn -0.091375261545181274 -0.36720997095108032 0.92563891410827637
vn -0.048583466559648514 -0.31678536534309387 0.94725215435028076
vn -0.0057880678214132786 -0.26663264632225037 0.96378087997436523
vn 0.035614918917417526 -0.22239199280738831 0.97430658340454102
vn 0.072846025228500366 -0.18664486706256866 0.97972297668457031
vn 0.11499367654323578 -0.14999321103096008 0.98197680711746216
vn 0.14836174249649048 -0.12275271862745285 0.98128515481948853
vn 0.17374618351459503 -0.10241418331861496 0.97945064306259155
vn 0.18595536053180695 -0.092571362853050232 0.9781876802444458
vn 0.19781102240085602 -0.08288554847240448 0.9767296314239502
vn 0.22012773156166077 -0.064003065228462219 0.97336912155151367
vn 0.23064252734184265 -0.054624710232019424 0.9715040922164917
vn 0.2406766414642334 -0.045235596597194672 0.96955066919326782
vn 0.25242146849632263 -0.033484570682048798 0.9670378565788269
vn 0.26327100396156311 -0.021581290289759636 0.96448051929473877
vn 0.27993288636207581 0 0.96001958847045898
vn 0.5626341700553894 0 0.82670599222183228
vn 0.80079424381256104 0 0.59893953800201416
vn 0.95198982954025269 0 0.30612960457801819
vn -0.46036875247955322 0.082312904298305511 0.8839033842086792
vn 0.023128392174839973 0.048470962792634964 0.99855679273605347
vn 0.34295755624771118 0.019263124093413353 0.93915337324142456
vn 0.52322447299957275 0.00010324522008886561 0.85219490528106689
vn 0.63786745071411133 -0.013436703942716122 0.77002894878387451
vn 0.7230604887008667 -0.024437515065073967 0.69035232067108154
vn 0.79763698577880859 -0.034999724477529526 0.60212147235870361
vn 0.88855588436126709 -0.049818433821201324 0.45605549216270447
vn -0.46036875247955322 0.082312904298305511 0.8839033842086792
vn -0.39801034331321716 0.13886532187461853 0.90680986642837524
vn -0.30829113721847534 0.21411535143852234 0.92688250541687012
vn -0.16508020460605621 0.32162502408027649 0.93236571550369263
vn 0.10811369866132736 0.48981869220733643 0.86509484052658081
vn 0.60141807794570923 0.65660291910171509 0.45515814423561096
vn 0.83338809013366699 0.48278117179870605 -0.26904767751693726
vn 0.72296124696731567 0.21849128603935242 -0.65543007850646973
vn -0.46036875247955322 0.082312904298305511 0.8839033842086792
vn -0.44999712705612183 0.14204369485378265 0.881661057472229
vn -0.43279322981834412 0.22435285151004791 0.87312990427017212
vn -0.39912226796150208 0.35171926021575928 0.84675556421279907
vn -0.30530518293380737 0.5970502495765686 0.74183541536331177
vn 0.07348228245973587 0.98658537864685059 0.14577259123325348
vn 0.44805967807769775 0.59613937139511108 -0.66622847318649292
vn 0.48642104864120483 0.23647885024547577 -0.84111374616622925
vn -0.46036875247955322 0.082312904298305511 0.8839033842086792
vn -0.47637483477592468 0.14329560101032257 0.86748683452606201
vn -0.49535989761352539 0.22752876579761505 0.83836102485656738
vn -0.51707196235656738 0.35765686631202698 0.77763622999191284
vn -0.52692484855651855 0.60295581817626953 0.59899455308914185
vn -0.31869104504585266 0.94191509485244751 -0.10598111897706985
vn 0.16081452369689941 0.57739287614822388 -0.8004724383354187
vn -0.46036875247955322 0.082312904298305511 0.8839033842086792
vn -0.50277101993560791 0.14429165422916412 0.8522917628288269
vn -0.55635529756546021 0.22917371988296509 0.79871660470962524
vn -0.62573188543319702 0.35607466101646423 0.69402486085891724
vn -0.70244008302688599 0.56876760721206665 0.42788007855415344
vn -0.57450509071350098 0.76879549026489258 -0.28088685870170593
vn -0.096620813012123108 0.51615405082702637 -0.8510284423828125
vn -0.46036875247955322 0.082312904298305511 0.8839033842086792
vn -0.76042467355728149 0.1345081627368927 0.63534390926361084
vn -0.94360613822937012 0.16602525115013123 0.28643152117729187
vn -0.98454046249389648 0.17264851927757263 -0.029538566246628761
vn -0.94769579172134399 0.16575664281845093 -0.27275890111923218
vn -0.87432920932769775 0.15255579352378845 -0.46073329448699951
vn -0.46036875247955322 0.082312904298305511 0.8839033842086792
vn -0.85562139749526978 0.095778979361057281 0.5086633563041687
vn -0.98645251989364624 0.087833121418952942 0.13855244219303131
vn -0.5092199444770813 0.035143233835697174 0.85991859436035156
vn -0.55152058601379395 -0.0080879265442490578 0.83412206172943115
vn -0.59028202295303345 -0.04999784380197525 0.80564713478088379
vn -0.63042473793029785 -0.096197314560413361 0.77026665210723877
vn -0.46036875247955322 0.082312904298305511 0.8839033842086792
vn -0.46758925914764404 0.033256281167268753 0.88332003355026245
vn -0.473162442445755 -0.011471674777567387 0.88090050220489502
vn -0.47765529155731201 -0.054920751601457596 0.87682902812957764
vn -0.48158204555511475 -0.10326027870178223 0.87029653787612915
vn -0.48503527045249939 -0.16764660179615021 0.85827469825744629
vn -0.46036875247955322 0.082312904298305511 0.8839033842086792
vn -0.44589364528656006 0.032402761280536652 0.89449924230575562
vn -0.4316885769367218 -0.012918430380523205 0.90193021297454834
vn -0.41699519753456116 -0.056739546358585358 0.90713596343994141
vn -0.39963555335998535 -0.10521982610225677 0.91061526536941528
vn -0.37488830089569092 -0.16928648948669434 0.91148275136947632
vn -0.32645329833030701 -0.28134971857070923 0.90236943960189819
vn -0.46036875247955322 0.082312904298305511 0.8839033842086792
vn -0.42371565103530884 0.031618423759937286 0.90524321794509888
vn -0.38910552859306335 -0.014176279306411743 0.92108410596847534
vn -0.35459357500076294 -0.058077182620763779 0.93321508169174194
vn -0.31538063287734985 -0.10604391992092133 0.94302159547805786
vn -0.26218697428703308 -0.16818773746490479 0.95024782419204712
vn -0.16636915504932404 -0.27260422706604004 0.94763296842575073
vn -0.46036875247955322 0.082312904298305511 0.8839033842086792
vn -0.15854305028915405 0.02955055795609951 0.98690974712371826
vn 0.082142017781734467 -0.012651604600250721 0.99654030799865723
vn 0.25869256258010864 -0.043676421046257019 0.96497178077697754
vn 0.39754530787467957 -0.068120934069156647 0.9150504469871521
vn 0.5192035436630249 -0.089576087892055511 0.84994339942932129
vn 0.64109510183334351 -0.11111707985401154 0.75937479734420776
vn 0.80834293365478516 -0.14078545570373535 0.57163023948669434
vn 0.023128392174839973 0.048470962792634964 0.99855679273605347
vn 0.34295755624771118 0.019263124093413353 0.93915337324142456
vn 0.52322447299957275 0.00010324522008886561 0.85219490528106689
vn 0.63786745071411133 -0.013436703942716122 0.77002894878387451
vn 0.7230604887008667 -0.024437515065073967 0.69035232067108154
vn 0.79763698577880859 -0.034999724477529526 0.60212147235870361
vn 0.88855588436126709 -0.049818433821201324 0.45605549216270447
vn 0.34568417072296143 0.59689146280288696 0.72403252124786377
vn 0.79130882024765015 0.050158552825450897 0.60935574769973755
vn 0.68448257446289062 -0.019337974488735199 0.72877269983291626
vn 0.68543195724487305 0.061249103397130966 0.72555601596832275
vn 0.74419885873794556 0.055506423115730286 0.66564786434173584
vn 0.79747414588928223 0.60216224193572998 0.037889428436756134
vn 0.87605488300323486 0.038072723895311356 0.48070600628852844
vn 0.76363003253936768 -0.030052231624722481 0.64495432376861572
vn 0.83866804838180542 0.043891601264476776 0.54287147521972656
vn 0.7848585844039917 0.32429921627044678 -0.52804076671600342
vn 0.96047753095626831 0.019293466582894325 0.27768805623054504
vn 0.84477365016937256 -0.042326681315898895 0.533447265625
vn 0.92321538925170898 0.029012827202677727 0.38318613171577454
vn 0.94732969999313354 -0.061788156628608704 0.31424295902252197
vn 0.99507510662078857 0.003007709514349699 0.099078275263309479
vn -0.17034737765789032 0.81595206260681152 0.5524526834487915
vn 0.41373553872108459 0.84053587913513184 0.34974607825279236
vn -0.081112809479236603 0.55289143323898315 0.82929593324661255
vn 0.13213777542114258 0.72201442718505859 0.67914265394210815
vn 0.35015851259231567 0.84066814184188843 -0.41311749815940857
vn 0.68640631437301636 0.55641418695449829 -0.46824100613594055
vn 0.64604121446609497 0.74570560455322266 -0.16295346617698669
vn -0.48201420903205872 0.80729764699935913 0.34048908948898315
vn -0.13131594657897949 0.9912031888961792 0.016504593193531036
vn -0.41951528191566467 0.60549211502075195 0.67630332708358765
vn -0.33338677883148193 0.82663971185684204 0.45334315299987793
vn -0.021091211587190628 0.79729676246643066 -0.60321885347366333
vn 0.30536255240440369 0.59404158592224121 -0.74422329664230347
vn 0.16254809498786926 0.83675259351730347 -0.52289885282516479
vn -0.69557571411132812 0.70779591798782349 0.12328588962554932
vn -0.4670882523059845 0.85982882976531982 -0.20621088147163391
vn -0.62225192785263062 0.59003674983978271 0.5144503116607666
vn -0.60380375385284424 0.76413452625274658 0.22697901725769043
vn -0.30959177017211914 0.6674124002456665 -0.67728400230407715
vn 0.024654490873217583 0.54987555742263794 -0.83488261699676514
vn -0.18087999522686005 0.73595035076141357 -0.65242582559585571
vn -0.97774374485015869 0.17172089219093323 0.12053672224283218
vn -0.9459841251373291 0.25825732946395874 0.19600306451320648
vn -0.5884709358215332 0.28482046723365784 0.75668966770172119
vn -0.83302628993988037 0.20873287320137024 0.51234537363052368
vn -0.90118521451950073 0.23631232976913452 0.36334791779518127
vn -0.9720955491065979 0.17023301124572754 -0.16140325367450714
vn -0.94836461544036865 0.27810370922088623 -0.15252161026000977
vn -0.66715508699417114 0.45011886954307556 0.59354621171951294
vn -0.96195900440216064 0.2725503146648407 0.018739961087703705
vn -0.91286486387252808 0.15946513414382935 -0.37583062052726746
vn -0.84342443943023682 0.26555699110031128 -0.4670274555683136
vn -0.90526360273361206 0.27525657415390015 -0.32362273335456848
vn -0.66232407093048096 0.22762501239776611 -0.7138022780418396
vn -0.75355046987533569 0.24779991805553436 -0.6088981032371521
vn -0.68827134370803833 0.092698581516742706 0.71950644254684448
vn -0.83577686548233032 0.11482055485248566 0.53692948818206787
vn -0.61534285545349121 0.10931521654129028 0.78064286708831787
vn -0.46036875247955322 0.082312904298305511 0.8839033842086792
vn -0.66933238506317139 0.10187225788831711 0.73594576120376587
vn -0.48552295565605164 0.058366324752569199 0.87227338552474976
vn -0.77932792901992798 0.060778521001338959 0.62366169691085815
vn -0.46036875247955322 0.082312904298305511 0.8839033842086792
vn -0.63802051544189453 0.072804912924766541 0.76656979322433472
vn -0.53068459033966064 0.013506878167390823 0.8474617600440979
vn -0.94615298509597778 0.09317905455827713 0.31001964211463928
vn -0.87446302175521851 0.048648223280906677 0.48264667391777039
vn -0.57092893123626709 -0.028773371130228043 0.8204951286315918
vn -0.6101309061050415 -0.072448365390300751 0.78898131847381592
vn 0.46191585063934326 -0.079468213021755219 0.88335639238357544
vn 0.27203452587127686 -0.12980996072292328 0.95349180698394775
vn -0.29043030738830566 -0.13559164106845856 0.94724082946777344
vn 0.13442704081535339 -0.092495255172252655 0.98659718036651611
vn 0.20394374430179596 -0.11149663478136063 0.97261267900466919
vn 0.58365249633789062 -0.10095924139022827 0.805702805519104
vn 0.44012436270713806 -0.17362701892852783 0.88099044561386108
vn -0.21977066993713379 -0.21554245054721832 0.95144224166870117
vn 0.35668796300888062 -0.15213967859745026 0.92175227403640747
vn 0.72567230463027954 -0.12609930336475372 0.67638647556304932
vn 0.7249678373336792 -0.24165661633014679 0.64499902725219727
vn 0.57731491327285767 -0.20762200653553009 0.78968387842178345
vn 0.91950786113739014 -0.16066053509712219 0.35873878002166748
vn 0.94732969999313354 -0.061788156628608704 0.31424295902252197
vn 0.85648298263549805 -0.083313785493373871 0.5094071626663208
vn 0.93040698766708374 -0.096985407173633575 0.35346385836601257
vn 0.82871627807617188 0.54331541061401367 -0.13430459797382355
vn 0.92772012948989868 0.12825898826122284 0.35054957866668701
vn 0.85841637849807739 0.040933486074209213 0.51131772994995117
vn 0.87687438726425171 0.13900719583034515 0.46018290519714355
vn 0.90475195646286011 0.13371211290359497 0.40440693497657776
vn 0.75352710485458374 0.2667885422706604 -0.60085004568099976
vn 0.99584776163101196 0.088627375662326813 0.020794423297047615
vn 0.94277513027191162 0.024336939677596092 0.33253985643386841
vn 0.97670197486877441 0.10956899076700211 0.18452058732509613
vn 0.98963832855224609 0.099505670368671417 0.10351157188415527
vn 0.4823225736618042 0.36354106664657593 -0.79699611663818359
vn 0.61450678110122681 0.23000392317771912 -0.75463873147964478
vn 0.65379327535629272 0.35040688514709473 -0.67064845561981201
vn 0.81421172618865967 0.39407515525817871 -0.42633798718452454
vn 0.90159273147583008 0.033471982926130295 0.43128892779350281
vn 0.95686805248260498 0.1189715787768364 0.26504591107368469
vn 0.99983787536621094 -0.0074178352952003479 -0.016408514231443405
vn 0.97608423233032227 0.055038396269083023 -0.21031025052070618
vn 0.98067808151245117 0.01175381988286972 0.19527502357959747
vn 0.99300622940063477 0.07267586886882782 -0.093042343854904175
vn -0.5805974006652832 -0.039298627525568008 0.81324183940887451
vn -0.47549057006835938 -0.03288814052939415 0.87910586595535278
vn -0.53567111492156982 -0.05265633761882782 0.84278333187103271
vn -0.5131995677947998 -0.0098545663058757782 0.85821270942687988
vn -0.52444016933441162 -0.030953072011470795 0.85088449716567993
vn -0.47969850897789001 -0.078330710530281067 0.87392997741699219
vn -0.55909639596939087 -0.10021215677261353 0.82302415370941162
vn -0.54722678661346436 -0.075701765716075897 0.83355391025543213
vn -0.60016679763793945 -0.061087433248758316 0.79753881692886353
vn -0.48346433043479919 -0.13359618186950684 0.86510944366455078
vn -0.58760422468185425 -0.16325807571411133 0.79250746965408325
vn -0.57291966676712036 -0.12997247278690338 0.80924052000045776
vn -0.24557358026504517 -0.27787375450134277 0.92869788408279419
vn 0.91760057210922241 -0.20449741184711456 0.34086650609970093
vn 0.82704055309295654 -0.26254940032958984 0.49706313014030457
vn 0.86487919092178345 -0.15086634457111359 0.47877275943756104
vn 0.77733397483825684 -0.17928005754947662 0.60300129652023315
vn 0.85010582208633423 -0.19280621409416199 0.49004679918289185
vn 0.97462862730026245 -0.069137975573539734 0.21288254857063293
vn 0.96518188714981079 -0.10472659766674042 0.23970034718513489
vn 0.93838745355606079 -0.077534094452857971 0.33677506446838379
vn 0.96911513805389404 -0.084981009364128113 0.23150382936000824
vn 0.92391777038574219 -0.1228286549448967 0.36233833432197571
vn 0.96366894245147705 -0.13099199533462524 0.23277293145656586
vn 0.8933759331703186 -0.089856341481208801 0.44023323059082031
vn 0.83600366115570068 -0.10696971416473389 0.53819644451141357
vn 0.88010746240615845 -0.11471277475357056 0.46070796251296997
vn 0.84477365016937256 -0.042326681315898895 0.533447265625
vn 0.74585157632827759 -0.065443485975265503 0.66288959980010986
vn 0.80259925127029419 -0.074360199272632599 0.59186571836471558
vn 0.76922142505645752 0.29426002502441406 -0.56719440221786499
vn 0.97255504131317139 0.17169247567653656 -0.15702992677688599
vn 0.98399633169174194 0.10463791340589523 0.14422944188117981
vn 0.97951668500900269 0.19391463696956635 -0.054260276257991791
vn 0.97733449935913086 0.18287084996700287 -0.10665633529424667
vn 0.63358336687088013 0.28374537825584412 -0.71976429224014282
vn 0.67150098085403442 0.22478605806827545 -0.70608615875244141
vn 0.72485285997390747 0.33856880664825439 -0.59996622800827026
vn 0.69745451211929321 0.27608710527420044 -0.66131168603897095
vn 0.79997837543487549 0.35715374350547791 -0.48215746879577637
vn 0.96776938438415527 0.11430277675390244 0.22440439462661743
vn 0.97475570440292358 0.21560536324977875 0.058013748377561569
vn 0.97881358861923218 0.2047533243894577 0.00010737089905887842
vn 0.67353248596191406 0.43633797764778137 -0.59662652015686035
vn 0.77107065916061401 0.52152353525161743 -0.36532625555992126
vn 0.75173062086105347 0.41689997911453247 -0.51097500324249268
vn 0.68448257446289062 -0.019337974488735199 0.72877269983291626
vn 0.65879356861114502 -0.052456483244895935 0.75049275159835815
vn 0.56328856945037842 -0.038898322731256485 0.82534408569335938
vn 0.61504071950912476 -0.046168740838766098 0.78714251518249512
vn 0.76363003253936768 -0.030052231624722481 0.64495432376861572
vn 0.70574134588241577 -0.059371601790189743 0.70597743988037109
vn 0.97462862730026245 -0.069137975573539734 0.21288254857063293
vn 0.96958392858505249 -0.032273557037115097 0.24262204766273499
vn 0.98934441804885864 -0.040146969258785248 0.13994936645030975
vn -0.46968591213226318 -0.2759929895401001 0.83858394622802734
vn -0.51023054122924805 -0.24749225378036499 0.82365792989730835
vn -0.57433563470840454 -0.19518871605396271 0.79500937461853027
vn -0.65321081876754761 -0.12395069748163223 0.74696177244186401
vn -0.72029924392700195 -0.072571083903312683 0.68985682725906372
vn -0.76803475618362427 -0.043093170970678329 0.63895660638809204
vn -0.82112914323806763 -0.014485666528344154 0.57055854797363281
vn -0.87648051977157593 0.013186835683882236 0.48125672340393066
vn -0.92747348546981812 0.038988232612609863 0.37185052037239075
vn -0.971638023853302 0.065094150602817535 0.22733744978904724
vn -0.99296480417251587 0.085509762167930603 0.081908687949180603
vn -0.98994481563568115 0.10522932559251785 -0.094530858099460602
vn -0.96379142999649048 0.11931146681308746 -0.23847618699073792
vn -0.91087436676025391 0.13524416089057922 -0.38989347219467163
vn -0.85568821430206299 0.14922462403774261 -0.4955095648765564
vn -0.80785781145095825 0.16069445013999939 -0.56704771518707275
vn -0.74454611539840698 0.17492444813251495 -0.6442456841468811
vn -0.70377832651138306 0.18340203166007996 -0.68633794784545898
vn -0.65409499406814575 0.19294770061969757 -0.73138970136642456
vn -0.59223544597625732 0.20361845195293427 -0.77961313724517822
vn -0.51370078325271606 0.21529573202133179 -0.8305174708366394
vn -0.38593503832817078 0.23016944527626038 -0.89335107803344727
vn 0.19378975033760071 0.24364906549453735 -0.95030558109283447
vn 0.6945381760597229 0.17788270115852356 -0.69711869955062866
vn 0.90181660652160645 0.10358893126249313 -0.41951897740364075
vn 0.97059279680252075 0.05112641304731369 -0.23523540794849396
vn 0.99589663743972778 0.0043288650922477245 -0.090394645929336548
vn 0.99864315986633301 -0.01052500493824482 -0.051000047475099564
vn 0.99955582618713379 -0.028340132907032967 -0.0092180836945772171
vn 0.99870479106903076 -0.04489540308713913 0.023941425606608391
vn 0.99681025743484497 -0.061086162924766541 0.051359634846448898
vn 0.994140625 -0.077683493494987488 0.075164176523685455
vn 0.994140625 -0.077683493494987488 0.075164176523685455
vn 0.98582708835601807 -0.1166413351893425 0.12058104574680328
vn 0.96975088119506836 -0.169086754322052 0.17604809999465942
vn 0.96950197219848633 -0.16975095868110657 0.17677827179431915
vn 0.96541059017181396 -0.17984147369861603 0.18878404796123505
vn 0.94782531261444092 -0.21253924071788788 0.2376009076833725
vn 0.918426513671875 -0.24975520372390747 0.30678176879882812
vn 0.86937618255615234 -0.29238739609718323 0.39836493134498596
vn 0.78705179691314697 -0.34046638011932373 0.51442408561706543
vn 0.73417145013809204 -0.36295762658119202 0.57380658388137817
vn 0.66813653707504272 -0.38508394360542297 0.63663482666015625
vn 0.58684283494949341 -0.40551954507827759 0.70083481073379517
vn 0.48911869525909424 -0.42241880297660828 0.76310235261917114
vn 0.24983282387256622 -0.43711778521537781 0.86400902271270752
vn -0.011355660855770111 -0.41785705089569092 0.90844178199768066
vn -0.018666233867406845 -0.41681239008903503 0.90880084037780762
vn -0.18290705978870392 -0.38545814156532288 0.9044153094291687
vn 0.70826178789138794 0.1970641016960144 -0.67788714170455933
vn 0.34237858653068542 0.24619060754776001 -0.90673428773880005
vn -0.78771334886550903 0.0095450477674603462 0.61596798896789551
vn -0.48639771342277527 -0.25139975547790527 0.83678877353668213
vn -0.30196923017501831 -0.33262717723846436 0.89340567588806152
vn -0.97881263494491577 0.18507154285907745 -0.087603062391281128
vn -0.82631379365921021 0.079294949769973755 0.55760008096694946
vn -0.66946554183959961 0.028848761692643166 0.7422826886177063
vn -0.56991875171661377 0.0014367228141054511 0.82169979810714722
vn -0.49430790543556213 -0.017810475081205368 0.86910438537597656
vn -0.42693907022476196 -0.034021344035863876 0.90364015102386475
vn -0.35546866059303284 -0.05037260428071022 0.93332988023757935
vn -0.25791218876838684 -0.071433193981647491 0.96352404356002808
vn -0.97881263494491577 0.18507154285907745 -0.087603062391281128
vn -0.92874914407730103 0.33500313758850098 0.15873856842517853
vn -0.64606255292892456 0.52525341510772705 0.55381584167480469
vn 0.0082988357171416283 0.54883211851119995 0.83589136600494385
vn 0.49012929201126099 0.39162808656692505 0.77871733903884888
vn 0.70559221506118774 0.25953167676925659 0.65938073396682739
vn 0.8141711950302124 0.16493092477321625 0.55670732259750366
vn -0.97881263494491577 0.18507154285907745 -0.087603062391281128
vn -0.93218165636062622 0.36019271612167358 0.036035507917404175
vn -0.66819524765014648 0.68070876598358154 0.3002510666847229
vn 0.22934712469577789 0.79332602024078369 0.56394481658935547
vn 0.73839843273162842 0.48308941721916199 0.47052347660064697
vn 0.87740802764892578 0.29531565308570862 0.37807917594909668
vn 0.93090659379959106 0.18268866837024689 0.31628745794296265
vn -0.97881263494491577 0.18507154285907745 -0.087603062391281128
vn -0.91914629936218262 0.37968313694000244 -0.10493218153715134
vn -0.60004907846450806 0.78963160514831543 -0.12815219163894653
vn 0.467996746301651 0.8813442587852478 -0.064894907176494598
vn 0.87076830863952637 0.49166080355644226 0.005672927014529705
vn 0.95374232530593872 0.29885238409042358 0.032600272446870804
vn 0.98119145631790161 0.18728567659854889 0.046769220381975174
vn -0.97881263494491577 0.18507154285907745 -0.087603062391281128
vn -0.88518279790878296 0.38950484991073608 -0.25443536043167114
vn 0.82648110389709473 0.41700264811515808 -0.37820333242416382
vn 0.92330199480056763 0.27286773920059204 -0.2702898383140564
vn -0.97881263494491577 0.18507154285907745 -0.087603062391281128
vn -0.97881263494491577 0.18507154285907745 -0.087603062391281128
vn -0.97881263494491577 0.18507154285907745 -0.087603062391281128
vn -0.97881263494491577 0.18507154285907745 -0.087603062391281128
vn -0.97881263494491577 0.18507154285907745 -0.087603062391281128
vn -0.94783502817153931 0.067429006099700928 0.31154784560203552
vn -0.76711034774780273 -0.054580755531787872 0.63918906450271606
vn -0.71145111322402954 -0.080322191119194031 0.69813013076782227
vn -0.64340108633041382 -0.10830735415220261 0.75782889127731323
vn -0.53419625759124756 -0.14724047482013702 0.83243894577026367
vn -0.82631379365921021 0.079294949769973755 0.55760008096694946
vn -0.66946554183959961 0.028848761692643166 0.7422826886177063
vn -0.56991875171661377 0.0014367228141054511 0.82169979810714722
vn -0.49430790543556213 -0.017810475081205368 0.86910438537597656
vn -0.42693907022476196 -0.034021344035863876 0.90364015102386475
vn -0.35546866059303284 -0.05037260428071022 0.93332988023757935
vn -0.25791218876838684 -0.071433193981647491 0.96352404356002808
vn -0.3453046977519989 0.57465606927871704 0.74198049306869507
vn -0.39415711164474487 0.066677995026111603 0.91662108898162842
vn -0.61591809988021851 0.013776055537164211 0.78768974542617798
vn -0.5547935962677002 0.097677446901798248 0.82623434066772461
vn -0.46828407049179077 0.080942109227180481 0.87986272573471069
vn 0.29645624756813049 0.47319185733795166 0.82958012819290161
vn -0.27476048469543457 0.04382898285984993 0.96051323413848877
vn -0.52998381853103638 -0.008878086693584919 0.84796124696731567
vn -0.33058184385299683 0.054493330419063568 0.94220280647277832
vn 0.62187337875366211 0.3175208568572998 0.71585893630981445
vn -0.17269973456859589 0.024407705292105675 0.98467206954956055
vn -0.45929849147796631 -0.026337070390582085 0.88789147138595581
vn -0.22111935913562775 0.033609531819820404 0.97466742992401123
vn 0.77076834440231323 0.20611108839511871 0.60285520553588867
vn -0.070231005549430847 0.0050028632394969463 0.99751818180084229
vn -0.39041957259178162 -0.042479440569877625 0.91965651512145996
vn -0.11953696608543396 0.014328639954328537 0.99272632598876953
vn 0.8529248833656311 0.12281014770269394 0.50738227367401123
vn 0.05879070982336998 -0.019301708787679672 0.99808371067047119
vn -0.31043887138366699 -0.060265980660915375 0.9486810564994812
vn -0.0090809529647231102 -0.0065340655855834484 0.99993741512298584
vn -0.096205495297908783 -0.10346692055463791 0.98996925354003906
vn 0.24477662146091461 -0.054082777351140976 0.96806997060775757
vn -0.27986475825309753 0.83118385076522827 0.48042598366737366
vn 0.10380539298057556 0.66461998224258423 0.73993563652038574
vn -0.66209471225738525 0.60053247213363647 0.44832062721252441
vn -0.32204511761665344 0.69246852397918701 0.64558053016662598
vn -0.10103676468133926 0.98812812566757202 -0.11573410034179688
vn 0.36723926663398743 0.88707232475280762 0.27971059083938599
vn -0.65170562267303467 0.75133997201919556 0.10376876592636108
vn -0.20586022734642029 0.95404994487762451 0.21773909032344818
vn 0.50332087278366089 0.78612571954727173 -0.35871219635009766
vn -0.51380795240402222 0.77938711643218994 -0.35854867100715637
vn 0.0035343901254236698 0.90912806987762451 -0.41650167107582092
vn -0.87150400876998901 0.26003775000572205 -0.41576570272445679
vn -0.7293323278427124 0.36554497480392456 -0.57831758260726929
vn -0.95246469974517822 0.26423972845077515 -0.15161894261837006
vn -0.97881263494491577 0.18507154285907745 -0.087603062391281128
vn -0.91755503416061401 0.26755619049072266 -0.29411968588829041
vn -0.97881263494491577 0.18507154285907745 -0.087603062391281128
vn -0.97881263494491577 0.18507154285907745 -0.087603062391281128
vn -0.31078788638114929 -0.21047760546207428 0.92688190937042236
vn -0.6905975341796875 -0.2046455442905426 0.69368237257003784
vn -0.40322229266166687 -0.32015573978424072 0.85727012157440186
vn -0.096205495297908783 -0.10346692055463791 0.98996925354003906
vn -0.37557199597358704 -0.099234625697135925 0.92146521806716919
vn -0.20040811598300934 -0.13819637894630432 0.9699167013168335
vn 0.4039904773235321 0.43140396475791931 0.80664879083633423
vn -0.079738892614841461 0.12756228446960449 0.98862004280090332
vn -0.30182233452796936 0.048995133489370346 0.95210438966751099
vn -0.17454756796360016 0.14478927850723267 0.97394520044326782
vn -0.12544769048690796 0.13600201904773712 0.9827340841293335
vn 0.56915748119354248 0.62910109758377075 0.52942568063735962
vn 0.61641973257064819 0.4420381486415863 0.65163558721542358
vn 0.42626899480819702 0.55363500118255615 0.71539014577865601
vn 0.66818028688430786 0.28670930862426758 0.68653684854507446
vn 0.085553631186485291 0.094996616244316101 0.99179446697235107
vn -0.19634950160980225 0.028899524360895157 0.98010802268981934
vn 0.0087805883958935738 0.1105194091796875 0.99383515119552612
vn 0.048472583293914795 0.1025802418589592 0.99354302883148193
vn 0.82889473438262939 0.37213385105133057 0.41767203807830811
vn 0.7988591194152832 0.28037860989570618 0.53217661380767822
vn 0.73164659738540649 0.34882232546806335 0.58567583560943604
vn 0.5637897253036499 0.35242205858230591 0.74695366621017456
vn -0.24718815088272095 0.038572646677494049 0.96819943189620972
vn -0.033841859549283981 0.11883998662233353 0.99233651161193848
vn 0.79447579383850098 0.18428444862365723 0.57866007089614868
vn 0.23566518723964691 0.062613338232040405 0.96981519460678101
vn -0.094491839408874512 0.0095889503136277199 0.99547946453094482
vn 0.16568218171596527 0.078052185475826263 0.98308557271957397
vn 0.20176978409290314 0.070167064666748047 0.97691631317138672
vn 0.91076552867889404 0.2301499992609024 0.34283691644668579
vn 0.87911981344223022 0.17518411576747894 0.44323685765266418
vn 0.8479759693145752 0.22013400495052338 0.48215949535369873
vn 0.74175417423248291 0.23096556961536407 0.62964725494384766
vn -0.14553925395011902 0.019255263730883598 0.98916506767272949
vn 0.12707191705703735 0.086312837898731232 0.98813098669052124
vn 0.86892229318618774 0.1034436896443367 0.48401802778244019
vn 0.39796331524848938 0.024328147992491722 0.91707867383956909
vn 0.023811306804418564 -0.012726494111120701 0.99963545799255371
vn 0.31635642051696777 0.044033106416463852 0.94761788845062256
vn 0.35693919658660889 0.034354198724031448 0.93349570035934448
vn 0.90584033727645874 0.13029040396213531 0.40308526158332825
vn 0.83482956886291504 0.14322675764560699 0.53155028820037842
vn -0.040311798453330994 -0.00064586993539705873 0.9991869330406189
vn 0.27599871158599854 0.05343351885676384 0.95967161655426025
vn 0.14232932031154633 -0.034962113946676254 0.98920172452926636
vn 0.48739400506019592 0.0015557223232463002 0.8731808066368103
vn -0.92027157545089722 0.20460169017314911 -0.33352422714233398
vn -0.92697972059249878 0.21524408459663391 -0.30721095204353333
vn -0.97881263494491577 0.18507154285907745 -0.087603062391281128
vn -0.92201650142669678 0.21006278693675995 -0.32520642876625061
vn -0.97881263494491577 0.18507154285907745 -0.087603062391281128
vn -0.089897096157073975 -0.25665962696075439 0.96231198310852051
vn -0.35254251956939697 -0.25357118248939514 0.90078598260879517
vn -0.086402133107185364 -0.31136268377304077 0.94635510444641113
vn 0.039799399673938751 -0.12782476842403412 0.99099791049957275
vn -0.044779367744922638 -0.16779328882694244 0.98480468988418579
vn -0.14870163798332214 -0.11838670074939728 0.98177003860473633
vn -0.0058895759284496307 -0.14464062452316284 0.98946672677993774
vn -0.25320428609848022 -0.16639094054698944 0.95299613475799561
vn -0.074547804892063141 -0.20183815062046051 0.97657769918441772
vn -0.08990740031003952 -0.28123757243156433 0.9554172158241272
vn -0.2380141019821167 -0.28158417344093323 0.92954808473587036
vn -0.37641260027885437 -0.28291615843772888 0.88219726085662842
vn -0.24875602126121521 -0.31559181213378906 0.91570860147476196
vn -0.44510930776596069 -0.17475801706314087 0.8782581090927124
vn -0.58624446392059326 -0.25380709767341614 0.76934999227523804
vn -0.60390514135360718 -0.17171458899974823 0.778339684009552
vn -0.50701481103897095 -0.20709677040576935 0.83668804168701172
vn -0.59540605545043945 -0.12621617317199707 0.79344886541366577
vn -0.21488514542579651 -0.23231661319732666 0.94860601425170898
vn -0.33085587620735168 -0.22991938889026642 0.91524392366409302
vn -0.2266709953546524 -0.25444129109382629 0.94014889001846313
vn 0.067447088658809662 -0.18639394640922546 0.98015719652175903
vn 0.055852051824331284 -0.22318355739116669 0.973175048828125
vn -0.061026193201541901 -0.18302382528781891 0.9812125563621521
vn 0.059044644236564636 -0.2028607577085495 0.97742581367492676
vn -0.084587022662162781 -0.22564485669136047 0.97053050994873047
vn 0.05955631285905838 -0.24877288937568665 0.96672904491424561
vn -0.61591809988021851 0.013776055537164211 0.78768974542617798
vn -0.67457747459411621 -0.014776169322431087 0.73805618286132812
vn -0.75843322277069092 0.015157019719481468 0.65157443284988403
vn -0.71401429176330566 -0.00118822674266994 0.70013010501861572
vn -0.52998381853103638 -0.008878086693584919 0.84796124696731567
vn -0.60715115070343018 -0.036377515643835068 0.79375320672988892
vn -0.63937026262283325 -0.026289114728569984 0.76844948530197144
vn -0.45929849147796631 -0.026337070390582085 0.88789147138595581
vn -0.54433423280715942 -0.054973185062408447 0.83706521987915039
vn -0.73916417360305786 -0.067875765264034271 0.67009639739990234
vn -0.57482928037643433 -0.046112239360809326 0.81697303056716919
vn -0.39041957259178162 -0.042479440569877625 0.91965651512145996
vn -0.47488972544670105 -0.074100002646446228 0.87692016363143921
vn -0.6778908371925354 -0.094542808830738068 0.72905808687210083
vn -0.50920742750167847 -0.064821697771549225 0.85819923877716064
vn -0.31043887138366699 -0.060265980660915375 0.9486810564994812
vn -0.42968261241912842 -0.085842721164226532 0.89889037609100342
vn 0.039799399673938751 -0.12782476842403412 0.99099791049957275
vn 0.034976352006196976 -0.07864776998758316 0.9962887167930603
vn 0.16698595881462097 -0.10162084549665451 0.98070836067199707
vn 0.24881605803966522 -0.16069589555263519 0.95512688159942627
vn 0.18497668206691742 -0.21548408269882202 0.95882755517959595
vn 0.06782878190279007 -0.28108289837837219 0.95728349685668945
vn -0.11458234488964081 -0.3387245237827301 0.93388253450393677
vn -0.23171380162239075 -0.35736986994743347 0.90476268529891968
vn -0.29298543930053711 -0.36207720637321472 0.8849065899848938
vn -0.35388568043708801 -0.36325779557228088 0.86186349391937256
vn -0.43218076229095459 -0.359272301197052 0.82712948322296143
vn -0.50298535823822021 -0.34959030151367188 0.79043811559677124
vn -0.61584895849227905 -0.31851145625114441 0.72061121463775635
vn -0.73773056268692017 -0.24472485482692719 0.62917673587799072
vn -0.78190886974334717 -0.18472634255886078 0.5953945517539978
vn -0.79717355966567993 -0.14066345989704132 0.58713549375534058
vn -0.80166196823120117 -0.11962699145078659 0.58568543195724487
vn -0.80742084980010986 -0.093713253736495972 0.58248549699783325
vn -0.81582379341125488 -0.070764131844043732 0.57395470142364502
vn -0.83002817630767822 -0.048531029373407364 0.55560594797134399
vn -0.85377621650695801 -0.024450387805700302 0.52006572484970093
vn -0.87083286046981812 -0.010584063827991486 0.49146530032157898
vn -0.89255595207214355 0.0055693271569907665 0.4509023129940033
vn -0.95232456922531128 0.050919171422719955 0.30080747604370117
vn -0.98639911413192749 0.08936096727848053 0.13795417547225952
vn 0.95518970489501953 0.15486802160739899 -0.25224706530570984
vn 0.97526395320892334 0.15198735892772675 -0.16049931943416595
vn 0.98874706029891968 0.14008800685405731 0.052484698593616486
vn 0.95307022333145142 0.11922760307788849 0.27828386425971985
vn 0.87684321403503418 0.093316726386547089 0.47163334488868713
vn 0.77222514152526855 0.063765622675418854 0.63214099407196045
vn 0.62453740835189819 0.024559177458286285 0.7806086540222168
vn 0.51572859287261963 -0.0059463856741786003 0.85673141479492188
vn 0.44706803560256958 -0.028099356219172478 0.8940584659576416
vn 0.39602598547935486 -0.048026412725448608 0.91698247194290161
vn 0.34714573621749878 -0.073089942336082458 0.93495863676071167
vn 0.32032677531242371 -0.091539815068244934 0.94287389516830444
vn 0.29704034328460693 -0.11158005148172379 0.94832319021224976
vn 0.27444007992744446 -0.13423877954483032 0.95218831300735474
vn 0.24881605803966522 -0.16069589555263519 0.95512688159942627
vn -0.99305003881454468 0.11723797023296356 0.010339131578803062
vn -0.9888986349105835 0.13392777740955353 -0.064364790916442871
vn -0.97867661714553833 0.15099649131298065 -0.13925547897815704
vn -0.96608573198318481 0.16485984623432159 -0.198744997382164
vn -0.9497719407081604 0.1787458062171936 -0.25687187910079956
vn -0.90721797943115234 0.20630520582199097 -0.36659744381904602
vn -0.88155537843704224 0.22004255652427673 -0.41766178607940674
vn -0.85378414392471313 0.23365797102451324 -0.46524897217750549
vn -0.79415237903594971 0.26073196530342102 -0.54894524812698364
vn -0.71728473901748657 0.2954782247543335 -0.63102710247039795
vn -0.63036715984344482 0.34237706661224365 -0.69671744108200073
vn -0.565815269947052 0.39177432656288147 -0.72551083564758301
vn -0.50405025482177734 0.46197327971458435 -0.7297356128692627
vn -0.43562594056129456 0.55717509984970093 -0.7069554328918457
vn -0.32710707187652588 0.67068392038345337 -0.66572070121765137
vn -0.12175194174051285 0.76452392339706421 -0.63299262523651123
vn 0.024406677111983299 0.77219623327255249 -0.63491517305374146
vn 0.17993202805519104 0.73471003770828247 -0.65408384799957275
vn 0.31626105308532715 0.65437132120132446 -0.68686032295227051
vn 0.41125234961509705 0.55212807655334473 -0.72527658939361572
vn 0.45271944999694824 0.47816681861877441 -0.75259655714035034
vn 0.48402461409568787 0.36940732598304749 -0.79325807094573975
vn 0.48916444182395935 0.29606473445892334 -0.82040464878082275
vn 0.48935490846633911 0.26999521255493164 -0.82923722267150879
vn 0.48998349905014038 0.249045729637146 -0.83539950847625732
vn 0.49496880173683167 0.21843868494033813 -0.84100562334060669
vn 0.50170636177062988 0.20383206009864807 -0.84068024158477783
vn 0.51087713241577148 0.19273349642753601 -0.83776986598968506
vn 0.5347321629524231 0.1776374876499176 -0.82613945007324219
vn 0.596183180809021 0.16280603408813477 -0.78616780042648315
vn 0.67021685838699341 0.15755613148212433 -0.72524851560592651
vn 0.75765681266784668 0.15673232078552246 -0.63355439901351929
vn 0.87322896718978882 0.15743052959442139 -0.46117979288101196
vn 0.9108697772026062 0.15701486170291901 -0.38165763020515442
vn 0.49520331621170044 0.6675223708152771 -0.55604636669158936
vn 0.98655933141708374 0.15535402297973633 0.050653629004955292
vn 0.96758061647415161 0.16702592372894287 -0.18944688141345978
vn 0.94817978143692017 0.13378781080245972 0.2881942093372345
vn -0.98379135131835938 0.15791511535644531 -0.084955036640167236
vn -0.98705118894577026 0.14922499656677246 -0.058837480843067169
vn -0.82078373432159424 -0.02645120769739151 0.57062631845474243
f 1/1/1 3/3/3 26/26/26 27/27/27
f 58/58/58 59/59/59 5/5/5
f 4/4/4 5/5/5 59/59/59
f 64/64/64 3/3/3 4/4/4
f 4/4/4 59/59/59 60/60/60
f 56/56/56 57/57/57 5/5/5
f 58/58/58 5/5/5 57/57/57
f 55/55/55 56/56/56 5/5/5
f 5/5/5 54/54/54 55/55/55
f 5/5/5 53/53/53 54/54/54
f 53/53/53 5/5/5 52/52/52
f 3/3/3 64/64/64 65/65/65
f 4/4/4 63/63/63 64/64/64
f 26/26/26 3/3/3 67/67/67
f 3/3/3 66/66/66 67/67/67
f 3/3/3 65/65/65 66/66/66
f 5/5/5 51/51/51 52/52/52
f 4/4/4 61/61/61 62/62/62
f 6/6/6 50/50/50 51/51/51
f 4/4/4 60/60/60 61/61/61
f 62/62/62 63/63/63 4/4/4
f 6/6/6 51/51/51 5/5/5
f 67/67/67 68/68/68 25/25/25
f 6/6/6 21/21/21 46/46/46
f 8/8/8 9/9/9 18/18/18 19/19/19
f 173/173/173 174/174/174 9/9/9
f 6/6/6 7/7/7 20/20/20 21/21/21
f 175/175/175 9/9/9 174/174/174
f 9/9/9 169/169/169 170/170/170
f 9/9/9 10/10/10 169/169/169
f 9/9/9 172/172/172 173/173/173
f 9/9/9 171/171/171 172/172/172
f 9/9/9 170/170/170 171/171/171
f 48/48/48 49/49/49 6/6/6
f 175/175/175 176/176/176 9/9/9
f 18/18/18 9/9/9 176/176/176
f 47/47/47 48/48/48 6/6/6
f 46/46/46 47/47/47 6/6/6
f 177/177/177 18/18/18 176/176/176
f 177/177/177 178/178/178 17/17/17
f 7/7/7 8/8/8 19/19/19 20/20/20
f 181/181/181 17/17/17 180/180/180
f 180/180/180 17/17/17 179/179/179
f 179/179/179 17/17/17 178/178/178
f 50/50/50 6/6/6 49/49/49
f 181/181/181 147/147/147 16/16/16
f 25/25/25 69/69/69 70/70/70
f 25/25/25 72/72/72 73/73/73
f 25/25/25 71/71/71 72/72/72
f 25/25/25 70/70/70 71/71/71
f 24/24/24 28/28/28 29/29/29
f 24/24/24 74/74/74 28/28/28
f 23/23/23 38/38/38 39/39/39
f 24/24/24 29/29/29 30/30/30
f 25/25/25 73/73/73 74/74/74
f 30/30/30 31/31/31 24/24/24
f 32/32/32 24/24/24 31/31/31
f 26/26/26 67/67/67 25/25/25
f 24/24/24 25/25/25 74/74/74
f 24/24/24 32/32/32 33/33/33
f 23/23/23 36/36/36 37/37/37
f 23/23/23 34/34/34 35/35/35
f 36/36/36 23/23/23 35/35/35
f 33/33/33 34/34/34 23/23/23
f 23/23/23 37/37/37 38/38/38
f 24/24/24 33/33/33 23/23/23
f 23/23/23 39/39/39 22/22/22
f 25/25/25 68/68/68 69/69/69
f 21/21/21 44/44/44 45/45/45
f 148/148/148 16/16/16 147/147/147
f 21/21/21 43/43/43 44/44/44
f 148/148/148 149/149/149 16/16/16
f 155/155/155 14/14/14 154/154/154
f 151/151/151 15/15/15 150/150/150
f 15/15/15 154/154/154 14/14/14
f 150/150/150 15/15/15 149/149/149
f 152/152/152 15/15/15 151/151/151
f 22/22/22 41/41/41 42/42/42
f 22/22/22 40/40/40 41/41/41
f 43/43/43 22/22/22 42/42/42
f 21/21/21 22/22/22 43/43/43
f 46/46/46 21/21/21 45/45/45
f 39/39/39 40/40/40 22/22/22
f 177/177/177 17/17/17 18/18/18
f 17/17/17 181/181/181 16/16/16
f 15/15/15 16/16/16 149/149/149
f 15/15/15 153/153/153 154/154/154
f 15/15/15 152/152/152 153/153/153
f 14/14/14 155/155/155 156/156/156
f 167/167/167 168/168/168 182/182/182
f 182/182/182 166/166/166 167/167/167
f 182/182/182 165/165/165 166/166/166
f 164/164/164 165/165/165 182/182/182
f 184/184/184 82/82/82 183/183/183
f 78/78/78 79/79/79 184/184/184
f 79/79/79 80/80/80 184/184/184
f 184/184/184 81/81/81 82/82/82
f 184/184/184 80/80/80 81/81/81
f 183/183/183 128/128/128 182/182/182
f 183/183/183 82/82/82 83/83/83
f 124/124/124 183/183/183 85/85/85
f 85/85/85 183/183/183 84/84/84
f 134/134/134 164/164/164 182/182/182
f 136/136/136 162/162/162 163/163/163
f 164/164/164 134/134/134 163/163/163
f 86/86/86 124/124/124 85/85/85
f 87/87/87 122/122/122 86/86/86
f 90/90/90 120/120/120 89/89/89
f 89/89/89 121/121/121 88/88/88
f 88/88/88 122/122/122 87/87/87
f 84/84/84 183/183/183 83/83/83
f 90/90/90 91/91/91 119/119/119
f 184/184/184 75/75/75 76/76/76
f 184/184/184 77/77/77 78/78/78
f 184/184/184 76/76/76 77/77/77
f 110/110/110 108/108/108 109/109/109
f 2/2/2 107/107/107 108/108/108
f 107/107/107 2/2/2 106/106/106
f 106/106/106 2/2/2 105/105/105
f 104/104/104 105/105/105 144/144/144
f 110/110/110 2/2/2 108/108/108
f 92/92/92 119/119/119 91/91/91
f 146/146/146 95/95/95 96/96/96
f 94/94/94 146/146/146 93/93/93
f 96/96/96 97/97/97 146/146/146
f 93/93/93 118/118/118 92/92/92
f 144/144/144 102/102/102 103/103/103
f 145/145/145 101/101/101 102/102/102
f 145/145/145 99/99/99 100/100/100
f 145/145/145 98/98/98 99/99/99
f 100/100/100 101/101/101 145/145/145
f 145/145/145 97/97/97 98/98/98
f 103/103/103 104/104/104 144/144/144
f 95/95/95 146/146/146 94/94/94
f 161/161/161 12/12/12 160/160/160
f 159/159/159 13/13/13 158/158/158
f 159/159/159 160/160/160 13/13/13
f 137/137/137 161/161/161 136/136/136
f 161/161/161 162/162/162 136/136/136
f 132/132/132 133/133/133 182/182/182
f 131/131/131 132/132/132 182/182/182
f 135/135/135 136/136/136 163/163/163
f 134/134/134 135/135/135 163/163/163
f 133/133/133 134/134/134 182/182/182
f 182/182/182 130/130/130 131/131/131
f 13/13/13 157/157/157 158/158/158
f 12/12/12 161/161/161 137/137/137
f 138/138/138 12/12/12 137/137/137
f 157/157/157 13/13/13 14/14/14
f 12/12/12 13/13/13 160/160/160
f 12/12/12 138/138/138 139/139/139
f 156/156/156 157/157/157 14/14/14
f 12/12/12 140/140/140 141/141/141
f 12/12/12 139/139/139 140/140/140
f 12/12/12 143/143/143 11/11/11
f 12/12/12 142/142/142 143/143/143
f 12/12/12 141/141/141 142/142/142
f 129/129/129 130/130/130 182/182/182
f 127/127/127 128/128/128 183/183/183
f 126/126/126 127/127/127 183/183/183
f 129/129/129 182/182/182 128/128/128
f 123/123/123 124/124/124 86/86/86
f 122/122/122 123/123/123 86/86/86
f 120/120/120 121/121/121 89/89/89
f 119/119/119 120/120/120 90/90/90
f 122/122/122 88/88/88 121/121/121
f 124/124/124 125/125/125 183/183/183
f 146/146/146 115/115/115 116/116/116
f 146/146/146 114/114/114 115/115/115
f 146/146/146 112/112/112 113/113/113
f 146/146/146 111/111/111 112/112/112
f 113/113/113 114/114/114 146/146/146
f 146/146/146 117/117/117 118/118/118
f 118/118/118 119/119/119 92/92/92
f 116/116/116 117/117/117 146/146/146
f 118/118/118 93/93/93 146/146/146
f 145/145/145 146/146/146 97/97/97
f 144/144/144 145/145/145 102/102/102
f 2/2/2 144/144/144 105/105/105
f 126/126/126 183/183/183 125/125/125
f 235/235/235 234/234/234 191/191/191
f 191/191/191 234/234/234 233/233/233
f 231/231/231 230/230/230 192/192/192
f 192/192/192 232/232/232 231/231/231
f 191/191/191 233/233/233 232/232/232
f 235/235/235 190/190/190 236/236/236
f 238/238/238 237/237/237 190/190/190
f 190/190/190 239/239/239 238/238/238
f 190/190/190 189/189/189 239/239/239
f 192/192/192 230/230/230 193/193/193
f 190/190/190 235/235/235 191/191/191
f 192/192/192 191/191/191 232/232/232
f 189/189/189 240/240/240 239/239/239
f 236/236/236 190/190/190 237/237/237
f 229/229/229 193/193/193 230/230/230
f 226/226/226 194/194/194 227/227/227
f 226/226/226 225/225/225 195/195/195
f 228/228/228 227/227/227 194/194/194
f 195/195/195 225/225/225 224/224/224
f 196/196/196 224/224/224 223/223/223
f 222/222/222 196/196/196 223/223/223
f 228/228/228 193/193/193 229/229/229
f 224/224/224 196/196/196 195/195/195
f 194/194/194 226/226/226 195/195/195
f 221/221/221 197/197/197 222/222/222
f 198/198/198 221/221/221 220/220/220
f 198/198/198 220/220/220 219/219/219
f 219/219/219 218/218/218 199/199/199
f 218/218/218 217/217/217 200/200/200
f 222/222/222 197/197/197 196/196/196
f 228/228/228 194/194/194 193/193/193
f 242/242/242 241/241/241 189/189/189
f 243/243/243 242/242/242 188/188/188
f 244/244/244 243/243/243 188/188/188
f 198/198/198 219/219/219 199/199/199
f 242/242/242 189/189/189 188/188/188
f 188/188/188 245/245/245 244/244/244
f 241/241/241 240/240/240 189/189/189
f 188/188/188 187/187/187 245/245/245
f 246/246/246 245/245/245 187/187/187
f 187/187/187 247/247/247 246/246/246
f 186/186/186 247/247/247 187/187/187
f 247/247/247 186/186/186 185/185/185
f 207/207/207 206/206/206 205/205/205
f 217/217/217 216/216/216 200/200/200
f 214/214/214 202/202/202 201/201/201
f 216/216/216 201/201/201 200/200/200
f 215/215/215 201/201/201 216/216/216
f 214/214/214 201/201/201 215/215/215
f 214/214/214 213/213/213 202/202/202
f 213/213/213 212/212/212 202/202/202
f 200/200/200 199/199/199 218/218/218
f 204/204/204 203/203/203 209/209/209
f 205/205/205 204/204/204 208/208/208
f 208/208/208 204/204/204 209/209/209
f 212/212/212 211/211/211 202/202/202
f 210/210/210 203/203/203 211/211/211
f 210/210/210 209/209/209 203/203/203
f 203/203/203 202/202/202 211/211/211
f 205/205/205 208/208/208 207/207/207
f 197/197/197 221/221/221 198/198/198
f 288/288/288 273/273/273 274/274/274
f 273/273/273 289/289/289 290/290/290
f 273/273/273 288/288/288 289/289/289
f 290/290/290 291/291/291 273/273/273
f 285/285/285 275/275/275 284/284/284
f 274/274/274 286/286/286 287/287/287
f 288/288/288 274/274/274 287/287/287
f 275/275/275 285/285/285 286/286/286
f 286/286/286 274/274/274 275/275/275
f 272/272/272 291/291/291 292/292/292
f 294/294/294 272/272/272 293/293/293
f 295/295/295 303/303/303 271/271/271
f 295/295/295 272/272/272 294/294/294
f 302/302/302 295/295/295 296/296/296
f 272/272/272 273/273/273 291/291/291
f 271/271/271 303/303/303 270/270/270
f 270/270/270 304/304/304 269/269/269
f 271/271/271 272/272/272 295/295/295
f 268/268/268 269/269/269 305/305/305
f 293/293/293 272/272/272 292/292/292
f 276/276/276 282/282/282 283/283/283
f 281/281/281 282/282/282 276/276/276
f 275/275/275 276/276/276 283/283/283
f 277/277/277 281/281/281 276/276/276
f 283/283/283 284/284/284 275/275/275
f 277/277/277 279/279/279 280/280/280
f 279/279/279 277/277/277 278/278/278
f 277/277/277 280/280/280 281/281/281
f 268/268/268 305/305/305 267/267/267
f 266/266/266 310/310/310 265/265/265
f 265/265/265 319/319/319 264/264/264
f 307/307/307 266/266/266 267/267/267
f 259/259/259 260/260/260 258/258/258
f 260/260/260 257/257/257 258/258/258
f 253/253/253 262/262/262 263/263/263
f 261/261/261 257/257/257 260/260/260
f 262/262/262 255/255/255 261/261/261
f 251/251/251 263/263/263 264/264/264
f 296/296/296 297/297/297 302/302/302
f 304/304/304 305/305/305 269/269/269
f 304/304/304 270/270/270 303/303/303
f 306/306/306 307/307/307 267/267/267
f 305/305/305 306/306/306 267/267/267
f 308/308/308 309/309/309 266/266/266
f 311/311/311 312/312/312 265/265/265
f 310/310/310 311/311/311 265/265/265
f 309/309/309 310/310/310 266/266/266
f 303/303/303 295/295/295 302/302/302
f 307/307/307 308/308/308 266/266/266
f 302/302/302 298/298/298 301/301/301
f 299/299/299 301/301/301 298/298/298
f 299/299/299 300/300/300 301/301/301
f 323/323/323 248/248/248 322/322/322
f 323/323/323 326/326/326 327/327/327
f 325/325/325 326/326/326 324/324/324
f 324/324/324 326/326/326 323/323/323
f 323/323/323 327/327/327 248/248/248
f 313/313/313 314/314/314 265/265/265
f 316/316/316 317/317/317 265/265/265
f 315/315/315 316/316/316 265/265/265
f 314/314/314 315/315/315 265/265/265
f 257/257/257 261/261/261 256/256/256
f 265/265/265 317/317/317 318/318/318
f 256/256/256 261/261/261 255/255/255
f 320/320/320 264/264/264 319/319/319
f 265/265/265 318/318/318 319/319/319
f 313/313/313 265/265/265 312/312/312
f 321/321/321 251/251/251 320/320/320
f 321/321/321 322/322/322 250/250/250
f 250/250/250 322/322/322 249/249/249
f 249/249/249 322/322/322 248/248/248
f 250/250/250 251/251/251 321/321/321
f 262/262/262 254/254/254 255/255/255
f 253/253/253 254/254/254 262/262/262
f 263/263/263 252/252/252 253/253/253
f 251/251/251 252/252/252 263/263/263
f 251/251/251 264/264/264 320/320/320
f 297/297/297 298/298/298 302/302/302
f 329/329/329 328/328/328 342/342/342
f 329/329/329 342/342/342 341/341/341
f 329/329/329 340/340/340 339/339/339
f 331/331/331 338/338/338 337/337/337
f 338/338/338 329/329/329 339/339/339
f 340/340/340 329/329/329 341/341/341
f 331/331/331 337/337/337 332/332/332
f 336/336/336 333/333/333 332/332/332
f 337/337/337 336/336/336 332/332/332
f 335/335/335 333/333/333 336/336/336
f 333/333/333 335/335/335 334/334/334
f 333/333/333 334/334/334 330/330/330
f 329/329/329 338/338/338 331/331/331
f 350/350/350 345/345/345 344/344/344 349/349/349
f 351/351/351 346/346/346 345/345/345 350/350/350
f 407/407/407 347/347/347 346/346/346
f 351/351/351 352/352/352 407/407/407
f 346/346/346 351/351/351 407/407/407
f 446/446/446 444/444/444 408/408/408 445/445/445
f 442/442/442 446/446/446 445/445/445 404/404/404
f 450/450/450 448/448/448 406/406/406 449/449/449
f 444/444/444 450/450/450 449/449/449 408/408/408
f 449/449/449 406/406/406 347/347/347
f 407/407/407 408/408/408 449/449/449
f 347/347/347 407/407/407 449/449/449
f 445/445/445 408/408/408 407/407/407
f 352/352/352 404/404/404 445/445/445
f 407/407/407 352/352/352 445/445/445
f 355/355/355 350/350/350 349/349/349 354/354/354
f 356/356/356 351/351/351 350/350/350 355/355/355
f 411/411/411 352/352/352 351/351/351
f 356/356/356 357/357/357 411/411/411
f 351/351/351 356/356/356 411/411/411
f 455/455/455 453/453/453 412/412/412 454/454/454
f 451/451/451 455/455/455 454/454/454 409/409/409
f 458/458/458 442/442/442 404/404/404 457/457/457
f 453/453/453 458/458/458 457/457/457 412/412/412
f 457/457/457 404/404/404 352/352/352
f 411/411/411 412/412/412 457/457/457
f 352/352/352 411/411/411 457/457/457
f 454/454/454 412/412/412 411/411/411
f 357/357/357 409/409/409 454/454/454
f 411/411/411 357/357/357 454/454/454
f 360/360/360 355/355/355 354/354/354 359/359/359
f 361/361/361 356/356/356 355/355/355 360/360/360
f 415/415/415 357/357/357 356/356/356
f 361/361/361 362/362/362 415/415/415
f 356/356/356 361/361/361 415/415/415
f 462/462/462 460/460/460 416/416/416 461/461/461
f 459/459/459 462/462/462 461/461/461 413/413/413
f 465/465/465 451/451/451 409/409/409 464/464/464
f 460/460/460 465/465/465 464/464/464 416/416/416
f 464/464/464 409/409/409 357/357/357
f 415/415/415 416/416/416 464/464/464
f 357/357/357 415/415/415 464/464/464
f 461/461/461 416/416/416 415/415/415
f 362/362/362 413/413/413 461/461/461
f 415/415/415 362/362/362 461/461/461
f 364/364/364 360/360/360 359/359/359 363/363/363
f 365/365/365 361/361/361 360/360/360 364/364/364
f 362/362/362 361/361/361 365/365/365
f 367/367/367 364/364/364 363/363/363 366/366/366
f 368/368/368 365/365/365 364/364/364 367/367/367
f 365/365/365 368/368/368 369/369/369
f 467/467/467 417/417/417 466/466/466
f 372/372/372 367/367/367 366/366/366 371/371/371
f 373/373/373 368/368/368 367/367/367 372/372/372
f 420/420/420 369/369/369 368/368/368
f 373/373/373 374/374/374 420/420/420
f 368/368/368 373/373/373 420/420/420
f 472/472/472 470/470/470 421/421/421 471/471/471
f 468/468/468 472/472/472 471/471/471 418/418/418
f 475/475/475 466/466/466 417/417/417 474/474/474
f 470/470/470 475/475/475 474/474/474 421/421/421
f 474/474/474 417/417/417 369/369/369
f 420/420/420 421/421/421 474/474/474
f 369/369/369 420/420/420 474/474/474
f 471/471/471 421/421/421 420/420/420
f 374/374/374 418/418/418 471/471/471
f 420/420/420 374/374/374 471/471/471
f 377/377/377 372/372/372 371/371/371 376/376/376
f 378/378/378 373/373/373 372/372/372 377/377/377
f 424/424/424 374/374/374 373/373/373
f 378/378/378 379/379/379 424/424/424
f 373/373/373 378/378/378 424/424/424
f 480/480/480 478/478/478 425/425/425 479/479/479
f 476/476/476 480/480/480 479/479/479 422/422/422
f 483/483/483 468/468/468 418/418/418 482/482/482
f 478/478/478 483/483/483 482/482/482 425/425/425
f 482/482/482 418/418/418 374/374/374
f 424/424/424 425/425/425 482/482/482
f 374/374/374 424/424/424 482/482/482
f 479/479/479 425/425/425 424/424/424
f 379/379/379 422/422/422 479/479/479
f 424/424/424 379/379/379 479/479/479
f 382/382/382 377/377/377 376/376/376 381/381/381
f 383/383/383 378/378/378 377/377/377 382/382/382
f 428/428/428 379/379/379 378/378/378
f 383/383/383 384/384/384 428/428/428
f 378/378/378 383/383/383 428/428/428
f 488/488/488 486/486/486 429/429/429 487/487/487
f 484/484/484 488/488/488 487/487/487 426/426/426
f 491/491/491 476/476/476 422/422/422 490/490/490
f 486/486/486 491/491/491 490/490/490 429/429/429
f 490/490/490 422/422/422 379/379/379
f 428/428/428 429/429/429 490/490/490
f 379/379/379 428/428/428 490/490/490
f 487/487/487 429/429/429 428/428/428
f 384/384/384 426/426/426 487/487/487
f 428/428/428 384/384/384 487/487/487
f 387/387/387 383/383/383 382/382/382 386/386/386
f 432/432/432 384/384/384 383/383/383
f 387/387/387 388/388/388 432/432/432
f 383/383/383 387/387/387 432/432/432
f 496/496/496 494/494/494 433/433/433 495/495/495
f 492/492/492 496/496/496 495/495/495 430/430/430
f 499/499/499 484/484/484 426/426/426 498/498/498
f 494/494/494 499/499/499 498/498/498 433/433/433
f 498/498/498 426/426/426 384/384/384
f 432/432/432 433/433/433 498/498/498
f 384/384/384 432/432/432 498/498/498
f 495/495/495 433/433/433 432/432/432
f 388/388/388 430/430/430 495/495/495
f 432/432/432 388/388/388 495/495/495
f 390/390/390 391/391/391 386/386/386
f 392/392/392 387/387/387 386/386/386 391/391/391
f 436/436/436 388/388/388 387/387/387
f 392/392/392 393/393/393 436/436/436
f 387/387/387 392/392/392 436/436/436
f 504/504/504 502/502/502 437/437/437 503/503/503
f 500/500/500 504/504/504 503/503/503 434/434/434
f 507/507/507 492/492/492 430/430/430 506/506/506
f 502/502/502 507/507/507 506/506/506 437/437/437
f 506/506/506 430/430/430 388/388/388
f 436/436/436 437/437/437 506/506/506
f 388/388/388 436/436/436 506/506/506
f 503/503/503 437/437/437 436/436/436
f 393/393/393 434/434/434 503/503/503
f 436/436/436 393/393/393 503/503/503
f 396/396/396 391/391/391 390/390/390 395/395/395
f 509/509/509 500/500/500 434/434/434 508/508/508
f 400/400/400 396/396/396 395/395/395 399/399/399
f 401/401/401 397/397/397 396/396/396 400/400/400
f 514/514/514 512/512/512 441/441/441 513/513/513
f 510/510/510 514/514/514 513/513/513 438/438/438
f 512/512/512 516/516/516 515/515/515 441/441/441
f 513/513/513 441/441/441 440/440/440
f 402/402/402 438/438/438 513/513/513
f 440/440/440 402/402/402 513/513/513
f 344/344/344 343/343/343 517/517/517
f 349/349/349 517/517/517 518/518/518
f 344/344/344 517/517/517 349/349/349
f 519/519/519 349/349/349 518/518/518
f 354/354/354 349/349/349 519/519/519
f 354/354/354 520/520/520 521/521/521
f 359/359/359 521/521/521 522/522/522
f 354/354/354 521/521/521 359/359/359
f 523/523/523 359/359/359 522/522/522
f 363/363/363 359/359/359 523/523/523
f 519/519/519 520/520/520 354/354/354
f 552/552/552 362/362/362 551/551/551
f 550/550/550 551/551/551 362/362/362
f 553/553/553 362/362/362 552/552/552
f 554/554/554 413/413/413 553/553/553
f 362/362/362 553/553/553 413/413/413
f 369/369/369 362/362/362 365/365/365
f 549/549/549 362/362/362 548/548/548
f 369/369/369 547/547/547 548/548/548
f 362/362/362 369/369/369 548/548/548
f 549/549/549 550/550/550 362/362/362
f 363/363/363 523/523/523 524/524/524
f 554/554/554 459/459/459 413/413/413
f 366/366/366 363/363/363 524/524/524 525/525/525
f 366/366/366 525/525/525 526/526/526
f 545/545/545 369/369/369 544/544/544
f 546/546/546 547/547/547 369/369/369
f 371/371/371 366/366/366 526/526/526 527/527/527
f 371/371/371 527/527/527 528/528/528
f 376/376/376 528/528/528 529/529/529
f 371/371/371 528/528/528 376/376/376
f 530/530/530 376/376/376 529/529/529
f 369/369/369 545/545/545 546/546/546
f 369/369/369 543/543/543 544/544/544
f 541/541/541 542/542/542 369/369/369
f 540/540/540 541/541/541 369/369/369
f 542/542/542 543/543/543 369/369/369
f 538/538/538 539/539/539 369/369/369
f 467/467/467 537/537/537 538/538/538
f 467/467/467 466/466/466 536/536/536
f 537/537/537 467/467/467 536/536/536
f 369/369/369 467/467/467 538/538/538
f 539/539/539 540/540/540 369/369/369
f 369/369/369 417/417/417 467/467/467
f 450/450/450 447/447/447 348/348/348 448/448/448
f 444/444/444 405/405/405 447/447/447 450/450/450
f 442/442/442 353/353/353 443/443/443 446/446/446
f 458/458/458 456/456/456 353/353/353 442/442/442
f 446/446/446 443/443/443 405/405/405 444/444/444
f 455/455/455 452/452/452 410/410/410 453/453/453
f 451/451/451 358/358/358 452/452/452 455/455/455
f 460/460/460 414/414/414 463/463/463 465/465/465
f 414/414/414 460/460/460 462/462/462
f 465/465/465 463/463/463 358/358/358 451/451/451
f 453/453/453 410/410/410 456/456/456 458/458/458
f 414/414/414 556/556/556 533/533/533
f 556/556/556 414/414/414 462/462/462
f 466/466/466 535/535/535 536/536/536
f 534/534/534 535/535/535 466/466/466
f 470/470/470 419/419/419 473/473/473 475/475/475
f 475/475/475 473/473/473 370/370/370 466/466/466
f 472/472/472 469/469/469 419/419/419 470/470/470
f 459/459/459 554/554/554 555/555/555
f 468/468/468 375/375/375 469/469/469 472/472/472
f 483/483/483 481/481/481 375/375/375 468/468/468
f 480/480/480 477/477/477 423/423/423 478/478/478
f 476/476/476 380/380/380 477/477/477 480/480/480
f 478/478/478 423/423/423 481/481/481 483/483/483
f 491/491/491 489/489/489 380/380/380 476/476/476
f 555/555/555 556/556/556 462/462/462
f 370/370/370 534/534/534 466/466/466
f 489/489/489 491/491/491 486/486/486 427/427/427
f 459/459/459 555/555/555 462/462/462
f 381/381/381 376/376/376 530/530/530 531/531/531
f 586/586/586 531/531/531 532/532/532
f 587/587/587 531/531/531 586/586/586
f 381/381/381 531/531/531 588/588/588
f 531/531/531 587/587/587 588/588/588
f 589/589/589 381/381/381 588/588/588
f 601/601/601 599/599/599 600/600/600
f 390/390/390 598/598/598 599/599/599
f 598/598/598 390/390/390 597/597/597
f 597/597/597 390/390/390 596/596/596
f 599/599/599 601/601/601 390/390/390
f 382/382/382 381/381/381 386/386/386
f 381/381/381 590/590/590 591/591/591
f 592/592/592 381/381/381 591/591/591
f 593/593/593 381/381/381 592/592/592
f 593/593/593 594/594/594 390/390/390
f 589/589/589 590/590/590 381/381/381
f 595/595/595 596/596/596 390/390/390
f 593/593/593 390/390/390 381/381/381
f 573/573/573 392/392/392 391/391/391
f 390/390/390 594/594/594 595/595/595
f 390/390/390 386/386/386 381/381/381
f 390/390/390 601/601/601 602/602/602
f 396/396/396 571/571/571 572/572/572
f 573/573/573 391/391/391 572/572/572
f 396/396/396 570/570/570 571/571/571
f 573/573/573 574/574/574 392/392/392
f 396/396/396 572/572/572 391/391/391
f 392/392/392 574/574/574 575/575/575
f 399/399/399 395/395/395 603/603/603 398/398/398
f 602/602/602 603/603/603 395/395/395
f 570/570/570 396/396/396 397/397/397
f 570/570/570 397/397/397 569/569/569
f 576/576/576 577/577/577 392/392/392
f 575/575/575 576/576/576 392/392/392
f 393/393/393 392/392/392 579/579/579
f 578/578/578 579/579/579 392/392/392
f 577/577/577 578/578/578 392/392/392
f 397/397/397 567/567/567 568/568/568
f 565/565/565 397/397/397 440/440/440
f 397/397/397 566/566/566 567/567/567
f 565/565/565 440/440/440 564/564/564
f 565/565/565 566/566/566 397/397/397
f 568/568/568 569/569/569 397/397/397
f 397/397/397 401/401/401 440/440/440
f 395/395/395 390/390/390 602/602/602
f 579/579/579 580/580/580 393/393/393
f 488/488/488 485/485/485 427/427/427 486/486/486
f 484/484/484 385/385/385 485/485/485 488/488/488
f 494/494/494 431/431/431 497/497/497 499/499/499
f 496/496/496 493/493/493 431/431/431 494/494/494
f 499/499/499 497/497/497 385/385/385 484/484/484
f 582/582/582 434/434/434 393/393/393
f 502/502/502 435/435/435 505/505/505 507/507/507
f 504/504/504 501/501/501 435/435/435 502/502/502
f 507/507/507 505/505/505 389/389/389 492/492/492
f 492/492/492 389/389/389 493/493/493 496/496/496
f 500/500/500 394/394/394 501/501/501 504/504/504
f 394/394/394 500/500/500 585/585/585
f 434/434/434 582/582/582 508/508/508
f 581/581/581 393/393/393 580/580/580
f 509/509/509 508/508/508 583/583/583
f 582/582/582 583/583/583 508/508/508
f 509/509/509 583/583/583 584/584/584
f 581/581/581 582/582/582 393/393/393
f 440/440/440 441/441/441 562/562/562
f 563/563/563 440/440/440 562/562/562
f 401/401/401 402/402/402 440/440/440
f 562/562/562 515/515/515 561/561/561
f 562/562/562 441/441/441 515/515/515
f 516/516/516 560/560/560 561/561/561
f 512/512/512 559/559/559 560/560/560
f 557/557/557 394/394/394 585/585/585
f 512/512/512 560/560/560 516/516/516
f 584/584/584 585/585/585 509/509/509
f 514/514/514 511/511/511 439/439/439 512/512/512
f 510/510/510 403/403/403 511/511/511 514/514/514
f 439/439/439 558/558/558 559/559/559
f 512/512/512 439/439/439 559/559/559
f 561/561/561 515/515/515 516/516/516
f 509/509/509 585/585/585 500/500/500
f 563/563/563 564/564/564 440/440/440
f 611/611/611 649/649/649 651/651/651
f 612/612/612 652/652/652 654/654/654 653/653/653
f 653/653/653 654/654/654 648/648/648 606/606/606
f 653/653/653 613/613/613 612/612/612
f 607/607/607 653/653/653 606/606/606
f 613/613/613 653/653/653 607/607/607
f 614/614/614 613/613/613 607/607/607 608/608/608
f 615/615/615 614/614/614 608/608/608 609/609/609
f 657/657/657 609/609/609 610/610/610
f 615/615/615 657/657/657 616/616/616
f 609/609/609 657/657/657 615/615/615
f 617/617/617 655/655/655 658/658/658
f 656/656/656 658/658/658 649/649/649
f 658/658/658 657/657/657 610/610/610 649/649/649
f 655/655/655 616/616/616 657/657/657 658/658/658
f 619/619/619 618/618/618 612/612/612 613/613/613
f 620/620/620 619/619/619 613/613/613 614/614/614
f 621/621/621 620/620/620 614/614/614 615/615/615
f 622/622/622 621/621/621 615/615/615 616/616/616
f 655/655/655 622/622/622 616/616/616
f 622/622/622 655/655/655 623/623/623
f 625/625/625 624/624/624 618/618/618 619/619/619
f 626/626/626 625/625/625 619/619/619 620/620/620
f 627/627/627 626/626/626 620/620/620 621/621/621
f 628/628/628 627/627/627 621/621/621 622/622/622
f 629/629/629 628/628/628 622/622/622
f 631/631/631 630/630/630 624/624/624 625/625/625
f 632/632/632 631/631/631 625/625/625 626/626/626
f 633/633/633 632/632/632 626/626/626 627/627/627
f 634/634/634 633/633/633 627/627/627 628/628/628
f 635/635/635 634/634/634 628/628/628
f 637/637/637 636/636/636 630/630/630 631/631/631
f 638/638/638 637/637/637 631/631/631 632/632/632
f 639/639/639 638/638/638 632/632/632 633/633/633
f 640/640/640 639/639/639 633/633/633 634/634/634
f 634/634/634 664/664/664 640/640/640
f 635/635/635 664/664/664 634/634/634
f 659/659/659 661/661/661 660/660/660 636/636/636
f 642/642/642 641/641/641 637/637/637 638/638/638
f 643/643/643 642/642/642 638/638/638 639/639/639
f 665/665/665 639/639/639 640/640/640
f 643/643/643 665/665/665 644/644/644
f 639/639/639 665/665/665 643/643/643
f 645/645/645 662/662/662 666/666/666
f 663/663/663 666/666/666 664/664/664
f 666/666/666 665/665/665 640/640/640 664/664/664
f 662/662/662 644/644/644 665/665/665 666/666/666
f 667/667/667 668/668/668 662/662/662
f 648/648/648 693/693/693 692/692/692
f 693/693/693 648/648/648 694/694/694
f 695/695/695 694/694/694 648/648/648
f 606/606/606 648/648/648 692/692/692
f 606/606/606 690/690/690 689/689/689
f 688/688/688 607/607/607 689/689/689
f 692/692/692 691/691/691 606/606/606
f 689/689/689 607/607/607 606/606/606
f 691/691/691 690/690/690 606/606/606
f 697/697/697 696/696/696 654/654/654
f 699/699/699 698/698/698 652/652/652
f 654/654/654 698/698/698 697/697/697
f 700/700/700 699/699/699 652/652/652
f 654/654/654 696/696/696 695/695/695
f 612/612/612 618/618/618 652/652/652
f 700/700/700 652/652/652 618/618/618
f 654/654/654 652/652/652 698/698/698
f 695/695/695 648/648/648 654/654/654
f 618/618/618 624/624/624 700/700/700
f 682/682/682 681/681/681 605/605/605
f 682/682/682 651/651/651 683/683/683
f 649/649/649 683/683/683 651/651/651
f 650/650/650 651/651/651 682/682/682
f 679/679/679 604/604/604 680/680/680
f 681/681/681 680/680/680 605/605/605
f 609/609/609 608/608/608 687/687/687 686/686/686
f 687/687/687 608/608/608 607/607/607
f 685/685/685 609/609/609 686/686/686
f 684/684/684 683/683/683 649/649/649
f 684/684/684 649/649/649 610/610/610
f 609/609/609 685/685/685 610/610/610
f 685/685/685 684/684/684 610/610/610
f 687/687/687 607/607/607 688/688/688
f 660/660/660 702/702/702 701/701/701
f 661/661/661 703/703/703 660/660/660
f 702/702/702 660/660/660 703/703/703
f 630/630/630 660/660/660 701/701/701
f 624/624/624 630/630/630 700/700/700
f 659/659/659 636/636/636 637/637/637
f 660/660/660 630/630/630 636/636/636
f 661/661/661 704/704/704 703/703/703
f 701/701/701 700/700/700 630/630/630
f 661/661/661 706/706/706 705/705/705
f 641/641/641 708/708/708 707/707/707
f 661/661/661 659/659/659 706/706/706
f 707/707/707 706/706/706 641/641/641
f 637/637/637 641/641/641 659/659/659
f 659/659/659 641/641/641 706/706/706
f 641/641/641 711/711/711 710/710/710
f 709/709/709 641/641/641 710/710/710
f 641/641/641 709/709/709 708/708/708
f 669/669/669 711/711/711 641/641/641
f 704/704/704 661/661/661 705/705/705
f 670/670/670 642/642/642 643/643/643
f 642/642/642 670/670/670 669/669/669
f 669/669/669 641/641/641 642/642/642
f 671/671/671 670/670/670 643/643/643
f 644/644/644 662/662/662 674/674/674
f 644/644/644 673/673/673 672/672/672
f 643/643/643 644/644/644 672/672/672
f 672/672/672 671/671/671 643/643/643
f 673/673/673 644/644/644 674/674/674
f 675/675/675 674/674/674 668/668/668
f 662/662/662 668/668/668 674/674/674
f 676/676/676 675/675/675 646/646/646
f 667/667/667 675/675/675 668/668/668
f 677/677/677 676/676/676 646/646/646
f 677/677/677 647/647/647 678/678/678
f 775/775/775 746/746/746 748/748/748
f 713/713/713 775/775/775 747/747/747
f 746/746/746 775/775/775 713/713/713
f 747/747/747 775/775/775 777/777/777 776/776/776
f 778/778/778 712/712/712 745/745/745
f 746/746/746 778/778/778 748/748/748
f 712/712/712 778/778/778 746/746/746
f 793/793/793 779/779/779 750/750/750
f 779/779/779 749/749/749 751/751/751
f 749/749/749 793/793/793 714/714/714
f 793/793/793 749/749/749 779/779/779
f 750/750/750 779/779/779 782/782/782 780/780/780
f 779/779/779 751/751/751 781/781/781 782/782/782
f 751/751/751 783/783/783 784/784/784 781/781/781
f 783/783/783 747/747/747 776/776/776 784/784/784
f 783/783/783 713/713/713 747/747/747
f 749/749/749 783/783/783 751/751/751
f 713/713/713 783/783/783 749/749/749
f 785/785/785 792/792/792 754/754/754
f 792/792/792 715/715/715 752/752/752
f 715/715/715 785/785/785 753/753/753
f 785/785/785 715/715/715 792/792/792
f 753/753/753 785/785/785 788/788/788 786/786/786
f 785/785/785 754/754/754 787/787/787 788/788/788
f 754/754/754 789/789/789 790/790/790 787/787/787
f 789/789/789 750/750/750 780/780/780 790/790/790
f 752/752/752 791/791/791 794/794/794 792/792/792
f 792/792/792 794/794/794 789/789/789 754/754/754
f 794/794/794 793/793/793 750/750/750 789/789/789
f 791/791/791 714/714/714 793/793/793 794/794/794
f 795/795/795 715/715/715 753/753/753
f 755/755/755 795/795/795 756/756/756
f 715/715/715 795/795/795 755/755/755
f 717/717/717 712/712/712 718/718/718
f 746/746/746 718/718/718 712/712/712
f 719/719/719 746/746/746 713/713/713
f 718/718/718 746/746/746 719/719/719
f 759/759/759 749/749/749 714/714/714
f 749/749/749 719/719/719 713/713/713
f 719/719/719 759/759/759 720/720/720
f 759/759/759 719/719/719 749/749/749
f 721/721/721 757/757/757 760/760/760 758/758/758
f 758/758/758 760/760/760 752/752/752 715/715/715
f 791/791/791 759/759/759 714/714/714
f 760/760/760 791/791/791 752/752/752
f 759/759/759 791/791/791 760/760/760
f 757/757/757 720/720/720 759/759/759 760/760/760
f 755/755/755 758/758/758 715/715/715
f 758/758/758 722/722/722 721/721/721
f 722/722/722 755/755/755 716/716/716
f 755/755/755 722/722/722 758/758/758
f 724/724/724 723/723/723 717/717/717 718/718/718
f 725/725/725 724/724/724 718/718/718 719/719/719
f 763/763/763 719/719/719 720/720/720
f 725/725/725 763/763/763 726/726/726
f 719/719/719 763/763/763 725/725/725
f 727/727/727 761/761/761 764/764/764 762/762/762
f 762/762/762 764/764/764 757/757/757 721/721/721
f 764/764/764 763/763/763 720/720/720 757/757/757
f 761/761/761 726/726/726 763/763/763 764/764/764
f 762/762/762 728/728/728 727/727/727
f 722/722/722 762/762/762 721/721/721
f 728/728/728 762/762/762 722/722/722
f 730/730/730 729/729/729 723/723/723 724/724/724
f 731/731/731 730/730/730 724/724/724 725/725/725
f 732/732/732 731/731/731 725/725/725 726/726/726
f 761/761/761 732/732/732 726/726/726
f 733/733/733 761/761/761 727/727/727
f 732/732/732 761/761/761 733/733/733
f 734/734/734 733/733/733 727/727/727 728/728/728
f 736/736/736 735/735/735 729/729/729 730/730/730
f 737/737/737 736/736/736 730/730/730 731/731/731
f 767/767/767 732/732/732 738/738/738
f 731/731/731 767/767/767 737/737/737
f 732/732/732 767/767/767 731/731/731
f 739/739/739 738/738/738 732/732/732 733/733/733
f 740/740/740 739/739/739 733/733/733 734/734/734
f 768/768/768 736/736/736 737/737/737
f 741/741/741 768/768/768 742/742/742
f 736/736/736 768/768/768 741/741/741
f 743/743/743 765/765/765 769/769/769 766/766/766
f 766/766/766 769/769/769 767/767/767 738/738/738
f 769/769/769 768/768/768 737/737/737 767/767/767
f 765/765/765 742/742/742 768/768/768 769/769/769
f 766/766/766 773/773/773 743/743/743
f 773/773/773 739/739/739 744/744/744
f 739/739/739 766/766/766 738/738/738
f 766/766/766 739/739/739 773/773/773
f 770/770/770 772/772/772 765/765/765 743/743/743
f 772/772/772 771/771/771 742/742/742 765/765/765
f 774/774/774 770/770/770 743/743/743 773/773/773
f 776/776/776 777/777/777 807/807/807
f 808/808/808 807/807/807 777/777/777
f 807/807/807 784/784/784 776/776/776
f 806/806/806 784/784/784 807/807/807
f 781/781/781 784/784/784 806/806/806
f 780/780/780 805/805/805 804/804/804
f 805/805/805 780/780/780 782/782/782
f 781/781/781 806/806/806 782/782/782
f 806/806/806 805/805/805 782/782/782
f 803/803/803 780/780/780 804/804/804
f 810/810/810 809/809/809 712/712/712
f 843/843/843 712/712/712 717/717/717
f 810/810/810 843/843/843 811/811/811
f 843/843/843 717/717/717 811/811/811
f 843/843/843 810/810/810 712/712/712
f 778/778/778 745/745/745 808/808/808
f 809/809/809 808/808/808 745/745/745
f 748/748/748 778/778/778 808/808/808
f 748/748/748 777/777/777 775/775/775
f 712/712/712 809/809/809 745/745/745
f 808/808/808 777/777/777 748/748/748
f 790/790/790 803/803/803 802/802/802
f 787/787/787 801/801/801 800/800/800
f 802/802/802 801/801/801 790/790/790
f 790/790/790 801/801/801 787/787/787
f 790/790/790 780/780/780 803/803/803
f 788/788/788 799/799/799 798/798/798
f 800/800/800 799/799/799 787/787/787
f 787/787/787 799/799/799 788/788/788
f 797/797/797 753/753/753 786/786/786
f 798/798/798 797/797/797 786/786/786
f 798/798/798 786/786/786 788/788/788
f 797/797/797 795/795/795 753/753/753
f 796/796/796 755/755/755 756/756/756
f 842/842/842 755/755/755 796/796/796
f 797/797/797 796/796/796 756/756/756
f 797/797/797 756/756/756 795/795/795
f 841/841/841 716/716/716 842/842/842
f 755/755/755 842/842/842 716/716/716
f 840/840/840 716/716/716 841/841/841
f 840/840/840 839/839/839 716/716/716
f 722/722/722 839/839/839 838/838/838
f 716/716/716 839/839/839 722/722/722
f 811/811/811 717/717/717 812/812/812
f 814/814/814 813/813/813 723/723/723
f 816/816/816 815/815/815 729/729/729
f 729/729/729 815/815/815 814/814/814
f 735/735/735 817/817/817 816/816/816
f 813/813/813 717/717/717 723/723/723
f 816/816/816 729/729/729 735/735/735
f 817/817/817 735/735/735 736/736/736
f 729/729/729 814/814/814 723/723/723
f 736/736/736 741/741/741 817/817/817
f 812/812/812 717/717/717 813/813/813
f 819/819/819 741/741/741 742/742/742
f 742/742/742 771/771/771 819/819/819
f 820/820/820 819/819/819 771/771/771
f 818/818/818 741/741/741 819/819/819
f 818/818/818 817/817/817 741/741/741
f 772/772/772 821/821/821 771/771/771
f 820/820/820 771/771/771 821/821/821
f 822/822/822 821/821/821 772/772/772
f 772/772/772 824/824/824 823/823/823
f 822/822/822 772/772/772 823/823/823
f 824/824/824 772/772/772 770/770/770
f 837/837/837 728/728/728 722/722/722
f 831/831/831 740/740/740 832/832/832
f 834/834/834 740/740/740 734/734/734
f 836/836/836 734/734/734 728/728/728
f 836/836/836 835/835/835 734/734/734
f 728/728/728 837/837/837 836/836/836
f 834/834/834 833/833/833 740/740/740
f 734/734/734 835/835/835 834/834/834
f 833/833/833 832/832/832 740/740/740
f 831/831/831 739/739/739 740/740/740
f 838/838/838 837/837/837 722/722/722
f 827/827/827 826/826/826 770/770/770
f 825/825/825 770/770/770 826/826/826
f 825/825/825 824/824/824 770/770/770
f 827/827/827 770/770/770 774/774/774
f 830/830/830 744/744/744 831/831/831
f 744/744/744 739/739/739 831/831/831
f 829/829/829 744/744/744 830/830/830
f 829/829/829 828/828/828 774/774/774
f 827/827/827 774/774/774 828/828/828
f 773/773/773 744/744/744 829/829/829
f 829/829/829 774/774/774 773/773/773
f 848/848/848 941/941/941 945/945/945 942/942/942
f 942/942/942 945/945/945 943/943/943 893/893/893
f 945/945/945 944/944/944 895/895/895 943/943/943
f 941/941/941 892/892/892 944/944/944 945/945/945
f 944/944/944 894/894/894 895/895/895
f 847/847/847 944/944/944 892/892/892
f 894/894/894 944/944/944 847/847/847
f 849/849/849 896/896/896 898/898/898 897/897/897
f 942/942/942 896/896/896 848/848/848
f 898/898/898 942/942/942 893/893/893
f 896/896/896 942/942/942 898/898/898
f 852/852/852 851/851/851 844/844/844 845/845/845
f 853/853/853 852/852/852 845/845/845 846/846/846
f 901/901/901 846/846/846 847/847/847
f 853/853/853 901/901/901 854/854/854
f 846/846/846 901/901/901 853/853/853
f 855/855/855 946/946/946 950/950/950 947/947/947
f 947/947/947 950/950/950 948/948/948 900/900/900
f 950/950/950 949/949/949 902/902/902 948/948/948
f 946/946/946 899/899/899 949/949/949 950/950/950
f 900/900/900 948/948/948 953/953/953 951/951/951
f 951/951/951 953/953/953 941/941/941 848/848/848
f 953/953/953 952/952/952 892/892/892 941/941/941
f 948/948/948 902/902/902 952/952/952 953/953/953
f 952/952/952 847/847/847 892/892/892
f 901/901/901 952/952/952 902/902/902
f 847/847/847 952/952/952 901/901/901
f 949/949/949 901/901/901 902/902/902
f 854/854/854 949/949/949 899/899/899
f 901/901/901 949/949/949 854/854/854
f 856/856/856 903/903/903 905/905/905 904/904/904
f 904/904/904 905/905/905 896/896/896 849/849/849
f 951/951/951 905/905/905 900/900/900
f 896/896/896 951/951/951 848/848/848
f 905/905/905 951/951/951 896/896/896
f 947/947/947 903/903/903 855/855/855
f 905/905/905 947/947/947 900/900/900
f 903/903/903 947/947/947 905/905/905
f 904/904/904 857/857/857 856/856/856
f 850/850/850 904/904/904 849/849/849
f 857/857/857 904/904/904 850/850/850
f 859/859/859 858/858/858 851/851/851 852/852/852
f 860/860/860 859/859/859 852/852/852 853/853/853
f 908/908/908 853/853/853 854/854/854
f 860/860/860 908/908/908 861/861/861
f 853/853/853 908/908/908 860/860/860
f 862/862/862 954/954/954 958/958/958 955/955/955
f 955/955/955 958/958/958 956/956/956 907/907/907
f 958/958/958 957/957/957 909/909/909 956/956/956
f 954/954/954 906/906/906 957/957/957 958/958/958
f 907/907/907 956/956/956 961/961/961 959/959/959
f 959/959/959 961/961/961 946/946/946 855/855/855
f 961/961/961 960/960/960 899/899/899 946/946/946
f 956/956/956 909/909/909 960/960/960 961/961/961
f 960/960/960 854/854/854 899/899/899
f 908/908/908 960/960/960 909/909/909
f 854/854/854 960/960/960 908/908/908
f 957/957/957 908/908/908 909/909/909
f 861/861/861 957/957/957 906/906/906
f 908/908/908 957/957/957 861/861/861
f 863/863/863 910/910/910 912/912/912 911/911/911
f 911/911/911 912/912/912 903/903/903 856/856/856
f 959/959/959 912/912/912 907/907/907
f 903/903/903 959/959/959 855/855/855
f 912/912/912 959/959/959 903/903/903
f 955/955/955 910/910/910 862/862/862
f 912/912/912 955/955/955 907/907/907
f 910/910/910 955/955/955 912/912/912
f 911/911/911 864/864/864 863/863/863
f 857/857/857 911/911/911 856/856/856
f 864/864/864 911/911/911 857/857/857
f 866/866/866 865/865/865 858/858/858 859/859/859
f 867/867/867 866/866/866 859/859/859 860/860/860
f 915/915/915 860/860/860 861/861/861
f 867/867/867 915/915/915 868/868/868
f 860/860/860 915/915/915 867/867/867
f 869/869/869 962/962/962 966/966/966 963/963/963
f 963/963/963 966/966/966 964/964/964 914/914/914
f 966/966/966 965/965/965 916/916/916 964/964/964
f 962/962/962 913/913/913 965/965/965 966/966/966
f 914/914/914 964/964/964 969/969/969 967/967/967
f 967/967/967 969/969/969 954/954/954 862/862/862
f 969/969/969 968/968/968 906/906/906 954/954/954
f 964/964/964 916/916/916 968/968/968 969/969/969
f 968/968/968 861/861/861 906/906/906
f 915/915/915 968/968/968 916/916/916
f 861/861/861 968/968/968 915/915/915
f 965/965/965 915/915/915 916/916/916
f 868/868/868 965/965/965 913/913/913
f 915/915/915 965/965/965 868/868/868
f 870/870/870 917/917/917 919/919/919 918/918/918
f 918/918/918 919/919/919 910/910/910 863/863/863
f 967/967/967 919/919/919 914/914/914
f 910/910/910 967/967/967 862/862/862
f 919/919/919 967/967/967 910/910/910
f 963/963/963 917/917/917 869/869/869
f 919/919/919 963/963/963 914/914/914
f 917/917/917 963/963/963 919/919/919
f 918/918/918 871/871/871 870/870/870
f 864/864/864 918/918/918 863/863/863
f 871/871/871 918/918/918 864/864/864
f 873/873/873 872/872/872 865/865/865 866/866/866
f 874/874/874 873/873/873 866/866/866 867/867/867
f 922/922/922 867/867/867 868/868/868
f 874/874/874 922/922/922 875/875/875
f 867/867/867 922/922/922 874/874/874
f 876/876/876 970/970/970 974/974/974 971/971/971
f 971/971/971 974/974/974 972/972/972 921/921/921
f 974/974/974 973/973/973 923/923/923 972/972/972
f 970/970/970 920/920/920 973/973/973 974/974/974
f 921/921/921 972/972/972 977/977/977 975/975/975
f 975/975/975 977/977/977 962/962/962 869/869/869
f 977/977/977 976/976/976 913/913/913 962/962/962
f 972/972/972 923/923/923 976/976/976 977/977/977
f 976/976/976 868/868/868 913/913/913
f 922/922/922 976/976/976 923/923/923
f 868/868/868 976/976/976 922/922/922
f 973/973/973 922/922/922 923/923/923
f 875/875/875 973/973/973 920/920/920
f 922/922/922 973/973/973 875/875/875
f 877/877/877 924/924/924 926/926/926 925/925/925
f 925/925/925 926/926/926 917/917/917 870/870/870
f 975/975/975 926/926/926 921/921/921
f 917/917/917 975/975/975 869/869/869
f 926/926/926 975/975/975 917/917/917
f 971/971/971 924/924/924 876/876/876
f 926/926/926 971/971/971 921/921/921
f 924/924/924 971/971/971 926/926/926
f 925/925/925 878/878/878 877/877/877
f 871/871/871 925/925/925 870/870/870
f 878/878/878 925/925/925 871/871/871
f 880/880/880 879/879/879 872/872/872 873/873/873
f 881/881/881 880/880/880 873/873/873 874/874/874
f 929/929/929 874/874/874 875/875/875
f 881/881/881 929/929/929 882/882/882
f 874/874/874 929/929/929 881/881/881
f 883/883/883 978/978/978 982/982/982 979/979/979
f 979/979/979 982/982/982 980/980/980 928/928/928
f 982/982/982 981/981/981 930/930/930 980/980/980
f 978/978/978 927/927/927 981/981/981 982/982/982
f 928/928/928 980/980/980 985/985/985 983/983/983
f 983/983/983 985/985/985 970/970/970 876/876/876
f 985/985/985 984/984/984 920/920/920 970/970/970
f 980/980/980 930/930/930 984/984/984 985/985/985
f 984/984/984 875/875/875 920/920/920
f 929/929/929 984/984/984 930/930/930
f 875/875/875 984/984/984 929/929/929
f 981/981/981 929/929/929 930/930/930
f 882/882/882 981/981/981 927/927/927
f 929/929/929 981/981/981 882/882/882
f 884/884/884 931/931/931 933/933/933 932/932/932
f 932/932/932 933/933/933 924/924/924 877/877/877
f 983/983/983 933/933/933 928/928/928
f 924/924/924 983/983/983 876/876/876
f 933/933/933 983/983/983 924/924/924
f 979/979/979 931/931/931 883/883/883
f 933/933/933 979/979/979 928/928/928
f 931/931/931 979/979/979 933/933/933
f 932/932/932 885/885/885 884/884/884
f 878/878/878 932/932/932 877/877/877
f 885/885/885 932/932/932 878/878/878
f 887/887/887 886/886/886 879/879/879 880/880/880
f 888/888/888 887/887/887 880/880/880 881/881/881
f 936/936/936 881/881/881 882/882/882
f 888/888/888 936/936/936 889/889/889
f 881/881/881 936/936/936 888/888/888
f 986/986/986 934/934/934 937/937/937
f 890/890/890 986/986/986 935/935/935
f 934/934/934 986/986/986 890/890/890
f 935/935/935 986/986/986 989/989/989 987/987/987
f 987/987/987 989/989/989 978/978/978 883/883/883
f 989/989/989 988/988/988 927/927/927 978/978/978
f 986/986/986 937/937/937 988/988/988 989/989/989
f 988/988/988 882/882/882 927/927/927
f 936/936/936 988/988/988 937/937/937
f 882/882/882 988/988/988 936/936/936
f 934/934/934 889/889/889 936/936/936 937/937/937
f 891/891/891 938/938/938 940/940/940 939/939/939
f 939/939/939 940/940/940 931/931/931 884/884/884
f 987/987/987 940/940/940 935/935/935
f 931/931/931 987/987/987 883/883/883
f 940/940/940 987/987/987 931/931/931
f 938/938/938 890/890/890 935/935/935 940/940/940
f 997/997/997 996/996/996 1043/1043/1043
f 998/998/998 997/997/997 1043/1043/1043
f 1043/1043/1043 1000/1000/1000 999/999/999
f 1043/1043/1043 844/844/844 1001/1001/1001
f 998/998/998 1043/1043/1043 999/999/999
f 995/995/995 1043/1043/1043 996/996/996
f 993/993/993 992/992/992 1044/1044/1044
f 994/994/994 993/993/993 1044/1044/1044
f 994/994/994 1044/1044/1044 1045/1045/1045
f 1043/1043/1043 995/995/995 1045/1045/1045
f 1045/1045/1045 1044/1044/1044 846/846/846 845/845/845
f 995/995/995 994/994/994 1045/1045/1045
f 894/894/894 1044/1044/1044 992/992/992
f 1000/1000/1000 1043/1043/1043 1001/1001/1001
f 844/844/844 1002/1002/1002 1001/1001/1001
f 1046/1046/1046 1002/1002/1002 844/844/844
f 1043/1043/1043 1045/1045/1045 845/845/845 844/844/844
f 851/851/851 858/858/858 1047/1047/1047 1046/1046/1046
f 1002/1002/1002 1046/1046/1046 1047/1047/1047
f 844/844/844 851/851/851 1046/1046/1046
f 1047/1047/1047 1003/1003/1003 1002/1002/1002
f 1044/1044/1044 894/894/894 847/847/847 846/846/846
f 992/992/992 895/895/895 894/894/894
f 858/858/858 865/865/865 1048/1048/1048 1047/1047/1047
f 991/991/991 895/895/895 992/992/992
f 898/898/898 990/990/990 1042/1042/1042
f 991/991/991 990/990/990 893/893/893
f 991/991/991 893/893/893 943/943/943
f 990/990/990 898/898/898 893/893/893
f 943/943/943 895/895/895 991/991/991
f 1041/1041/1041 898/898/898 1042/1042/1042
f 1041/1041/1041 1040/1040/1040 898/898/898
f 1039/1039/1039 897/897/897 1040/1040/1040
f 1039/1039/1039 1038/1038/1038 897/897/897
f 1037/1037/1037 897/897/897 1038/1038/1038
f 1036/1036/1036 1049/1049/1049 1037/1037/1037
f 897/897/897 898/898/898 1040/1040/1040
f 897/897/897 1049/1049/1049 850/850/850 849/849/849
f 1037/1037/1037 1049/1049/1049 897/897/897
f 857/857/857 850/850/850 1033/1033/1033 1050/1050/1050
f 1050/1050/1050 1051/1051/1051 864/864/864 857/857/857
f 1034/1034/1034 850/850/850 1049/1049/1049
f 1034/1034/1034 1033/1033/1033 850/850/850
f 1049/1049/1049 1035/1035/1035 1034/1034/1034
f 1032/1032/1032 1051/1051/1051 1050/1050/1050
f 1031/1031/1031 1051/1051/1051 1032/1032/1032
f 1033/1033/1033 1032/1032/1032 1050/1050/1050
f 1051/1051/1051 1052/1052/1052 871/871/871 864/864/864
f 1036/1036/1036 1035/1035/1035 1049/1049/1049
f 1053/1053/1053 1003/1003/1003 1048/1048/1048
f 1047/1047/1047 1048/1048/1048 1003/1003/1003
f 1004/1004/1004 1003/1003/1003 1053/1053/1053
f 1053/1053/1053 1048/1048/1048 865/865/865 872/872/872
f 1005/1005/1005 1004/1004/1004 879/879/879
f 1053/1053/1053 879/879/879 1004/1004/1004
f 1006/1006/1006 1005/1005/1005 886/886/886
f 1053/1053/1053 872/872/872 879/879/879
f 886/886/886 1005/1005/1005 879/879/879
f 1010/1010/1010 886/886/886 887/887/887
f 1011/1011/1011 887/887/887 888/888/888
f 886/886/886 1007/1007/1007 1006/1006/1006
f 886/886/886 1009/1009/1009 1008/1008/1008
f 886/886/886 1010/1010/1010 1009/1009/1009
f 888/888/888 1012/1012/1012 1011/1011/1011
f 1011/1011/1011 1010/1010/1010 887/887/887
f 889/889/889 1012/1012/1012 888/888/888
f 1013/1013/1013 889/889/889 934/934/934
f 1014/1014/1014 934/934/934 890/890/890
f 890/890/890 1015/1015/1015 1014/1014/1014
f 1013/1013/1013 934/934/934 1014/1014/1014
f 1013/1013/1013 1012/1012/1012 889/889/889
f 1016/1016/1016 1015/1015/1015 890/890/890
f 886/886/886 1008/1008/1008 1007/1007/1007
f 1052/1052/1052 1030/1030/1030 878/878/878 871/871/871
f 1026/1026/1026 1025/1025/1025 885/885/885
f 885/885/885 1025/1025/1025 1054/1054/1054
f 1029/1029/1029 885/885/885 878/878/878
f 884/884/884 885/885/885 1054/1054/1054 939/939/939
f 885/885/885 1027/1027/1027 1026/1026/1026
f 1030/1030/1030 1052/1052/1052 1031/1031/1031
f 1052/1052/1052 1051/1051/1051 1031/1031/1031
f 878/878/878 1030/1030/1030 1029/1029/1029
f 1029/1029/1029 1028/1028/1028 885/885/885
f 1028/1028/1028 1027/1027/1027 885/885/885
f 1020/1020/1020 1019/1019/1019 938/938/938
f 1018/1018/1018 938/938/938 1019/1019/1019
f 891/891/891 1020/1020/1020 938/938/938
f 938/938/938 1018/1018/1018 890/890/890
f 1018/1018/1018 1017/1017/1017 890/890/890
f 1024/1024/1024 1023/1023/1023 1054/1054/1054
f 939/939/939 1054/1054/1054 1023/1023/1023
f 1025/1025/1025 1024/1024/1024 1054/1054/1054
f 1022/1022/1022 1021/1021/1021 891/891/891
f 1020/1020/1020 891/891/891 1021/1021/1021
f 891/891/891 1023/1023/1023 1022/1022/1022
f 939/939/939 1023/1023/1023 891/891/891
f 890/890/890 1017/1017/1017 1016/1016/1016
f 1211/1211/1211 1214/1214/1214 1064/1064/1064
f 1217/1217/1217 1211/1211/1211 1148/1148/1148
f 1214/1214/1214 1211/1211/1211 1217/1217/1217
f 1214/1214/1214 1217/1217/1217 1215/1215/1215 1056/1056/1056
f 1217/1217/1217 1055/1055/1055 1215/1215/1215
f 1219/1219/1219 1217/1217/1217 1148/1148/1148
f 1217/1217/1217 1219/1219/1219 1216/1216/1216
f 1224/1224/1224 1227/1227/1227 1065/1065/1065
f 1229/1229/1229 1224/1224/1224 1152/1152/1152
f 1227/1227/1227 1224/1224/1224 1229/1229/1229
f 1227/1227/1227 1229/1229/1229 1228/1228/1228 1057/1057/1057
f 1229/1229/1229 1214/1214/1214 1056/1056/1056 1228/1228/1228
f 1231/1231/1231 1229/1229/1229 1152/1152/1152
f 1214/1214/1214 1231/1231/1231 1064/1064/1064
f 1229/1229/1229 1231/1231/1231 1214/1214/1214
f 1235/1235/1235 1238/1238/1238 1066/1066/1066
f 1240/1240/1240 1235/1235/1235 1156/1156/1156
f 1238/1238/1238 1235/1235/1235 1240/1240/1240
f 1238/1238/1238 1240/1240/1240 1239/1239/1239 1058/1058/1058
f 1240/1240/1240 1227/1227/1227 1057/1057/1057 1239/1239/1239
f 1242/1242/1242 1240/1240/1240 1156/1156/1156
f 1227/1227/1227 1242/1242/1242 1065/1065/1065
f 1240/1240/1240 1242/1242/1242 1227/1227/1227
f 1246/1246/1246 1249/1249/1249 1067/1067/1067
f 1251/1251/1251 1246/1246/1246 1160/1160/1160
f 1249/1249/1249 1246/1246/1246 1251/1251/1251
f 1249/1249/1249 1251/1251/1251 1250/1250/1250 1059/1059/1059
f 1251/1251/1251 1238/1238/1238 1058/1058/1058 1250/1250/1250
f 1253/1253/1253 1251/1251/1251 1160/1160/1160
f 1238/1238/1238 1253/1253/1253 1066/1066/1066
f 1251/1251/1251 1253/1253/1253 1238/1238/1238
f 1257/1257/1257 1260/1260/1260 1068/1068/1068
f 1262/1262/1262 1257/1257/1257 1164/1164/1164
f 1260/1260/1260 1257/1257/1257 1262/1262/1262
f 1260/1260/1260 1262/1262/1262 1261/1261/1261 1060/1060/1060
f 1262/1262/1262 1249/1249/1249 1059/1059/1059 1261/1261/1261
f 1264/1264/1264 1262/1262/1262 1164/1164/1164
f 1249/1249/1249 1264/1264/1264 1067/1067/1067
f 1262/1262/1262 1264/1264/1264 1249/1249/1249
f 1268/1268/1268 1271/1271/1271 1069/1069/1069
f 1273/1273/1273 1268/1268/1268 1168/1168/1168
f 1271/1271/1271 1268/1268/1268 1273/1273/1273
f 1271/1271/1271 1273/1273/1273 1272/1272/1272 1061/1061/1061
f 1273/1273/1273 1260/1260/1260 1060/1060/1060 1272/1272/1272
f 1275/1275/1275 1273/1273/1273 1168/1168/1168
f 1260/1260/1260 1275/1275/1275 1068/1068/1068
f 1273/1273/1273 1275/1275/1275 1260/1260/1260
f 1279/1279/1279 1144/1144/1144 1070/1070/1070
f 1283/1283/1283 1279/1279/1279 1172/1172/1172
f 1144/1144/1144 1279/1279/1279 1283/1283/1283
f 1144/1144/1144 1283/1283/1283 1282/1282/1282 1062/1062/1062
f 1283/1283/1283 1271/1271/1271 1061/1061/1061 1282/1282/1282
f 1285/1285/1285 1283/1283/1283 1172/1172/1172
f 1271/1271/1271 1285/1285/1285 1069/1069/1069
f 1283/1283/1283 1285/1285/1285 1271/1271/1271
f 1202/1202/1202 1201/1201/1201 1145/1145/1145 1200/1200/1200
f 1199/1199/1199 1142/1142/1142 1201/1201/1201 1202/1202/1202
f 1205/1205/1205 1204/1204/1204 1143/1143/1143 1203/1203/1203
f 1200/1200/1200 1145/1145/1145 1204/1204/1204 1205/1205/1205
f 1204/1204/1204 1062/1062/1062 1143/1143/1143
f 1144/1144/1144 1204/1204/1204 1145/1145/1145
f 1062/1062/1062 1204/1204/1204 1144/1144/1144
f 1291/1291/1291 1201/1201/1201 1142/1142/1142
f 1201/1201/1201 1144/1144/1144 1145/1145/1145
f 1144/1144/1144 1291/1291/1291 1070/1070/1070
f 1291/1291/1291 1144/1144/1144 1201/1201/1201
f 1209/1209/1209 1146/1146/1146 1149/1149/1149
f 1072/1072/1072 1209/1209/1209 1147/1147/1147
f 1146/1146/1146 1209/1209/1209 1072/1072/1072
f 1147/1147/1147 1209/1209/1209 1213/1213/1213 1210/1210/1210
f 1210/1210/1210 1213/1213/1213 1211/1211/1211 1064/1064/1064
f 1213/1213/1213 1212/1212/1212 1148/1148/1148 1211/1211/1211
f 1209/1209/1209 1149/1149/1149 1212/1212/1212 1213/1213/1213
f 1149/1149/1149 1218/1218/1218 1221/1221/1221 1212/1212/1212
f 1212/1212/1212 1221/1221/1221 1219/1219/1219 1148/1148/1148
f 1221/1221/1221 1063/1063/1063 1219/1219/1219
f 1218/1218/1218 1220/1220/1220 1221/1221/1221
f 1146/1146/1146 1218/1218/1218 1149/1149/1149
f 1071/1071/1071 1218/1218/1218 1146/1146/1146
f 1222/1222/1222 1150/1150/1150 1153/1153/1153
f 1073/1073/1073 1222/1222/1222 1151/1151/1151
f 1150/1150/1150 1222/1222/1222 1073/1073/1073
f 1151/1151/1151 1222/1222/1222 1226/1226/1226 1223/1223/1223
f 1223/1223/1223 1226/1226/1226 1224/1224/1224 1065/1065/1065
f 1226/1226/1226 1225/1225/1225 1152/1152/1152 1224/1224/1224
f 1222/1222/1222 1153/1153/1153 1225/1225/1225 1226/1226/1226
f 1153/1153/1153 1230/1230/1230 1232/1232/1232 1225/1225/1225
f 1225/1225/1225 1232/1232/1232 1231/1231/1231 1152/1152/1152
f 1232/1232/1232 1210/1210/1210 1064/1064/1064 1231/1231/1231
f 1230/1230/1230 1147/1147/1147 1210/1210/1210 1232/1232/1232
f 1230/1230/1230 1072/1072/1072 1147/1147/1147
f 1150/1150/1150 1230/1230/1230 1153/1153/1153
f 1072/1072/1072 1230/1230/1230 1150/1150/1150
f 1233/1233/1233 1154/1154/1154 1157/1157/1157
f 1074/1074/1074 1233/1233/1233 1155/1155/1155
f 1154/1154/1154 1233/1233/1233 1074/1074/1074
f 1155/1155/1155 1233/1233/1233 1237/1237/1237 1234/1234/1234
f 1234/1234/1234 1237/1237/1237 1235/1235/1235 1066/1066/1066
f 1237/1237/1237 1236/1236/1236 1156/1156/1156 1235/1235/1235
f 1233/1233/1233 1157/1157/1157 1236/1236/1236 1237/1237/1237
f 1157/1157/1157 1241/1241/1241 1243/1243/1243 1236/1236/1236
f 1236/1236/1236 1243/1243/1243 1242/1242/1242 1156/1156/1156
f 1243/1243/1243 1223/1223/1223 1065/1065/1065 1242/1242/1242
f 1241/1241/1241 1151/1151/1151 1223/1223/1223 1243/1243/1243
f 1241/1241/1241 1073/1073/1073 1151/1151/1151
f 1154/1154/1154 1241/1241/1241 1157/1157/1157
f 1073/1073/1073 1241/1241/1241 1154/1154/1154
f 1244/1244/1244 1158/1158/1158 1161/1161/1161
f 1075/1075/1075 1244/1244/1244 1159/1159/1159
f 1158/1158/1158 1244/1244/1244 1075/1075/1075
f 1159/1159/1159 1244/1244/1244 1248/1248/1248 1245/1245/1245
f 1245/1245/1245 1248/1248/1248 1246/1246/1246 1067/1067/1067
f 1248/1248/1248 1247/1247/1247 1160/1160/1160 1246/1246/1246
f 1244/1244/1244 1161/1161/1161 1247/1247/1247 1248/1248/1248
f 1161/1161/1161 1252/1252/1252 1254/1254/1254 1247/1247/1247
f 1247/1247/1247 1254/1254/1254 1253/1253/1253 1160/1160/1160
f 1254/1254/1254 1234/1234/1234 1066/1066/1066 1253/1253/1253
f 1252/1252/1252 1155/1155/1155 1234/1234/1234 1254/1254/1254
f 1252/1252/1252 1074/1074/1074 1155/1155/1155
f 1158/1158/1158 1252/1252/1252 1161/1161/1161
f 1074/1074/1074 1252/1252/1252 1158/1158/1158
f 1255/1255/1255 1162/1162/1162 1165/1165/1165
f 1076/1076/1076 1255/1255/1255 1163/1163/1163
f 1162/1162/1162 1255/1255/1255 1076/1076/1076
f 1163/1163/1163 1255/1255/1255 1259/1259/1259 1256/1256/1256
f 1256/1256/1256 1259/1259/1259 1257/1257/1257 1068/1068/1068
f 1259/1259/1259 1258/1258/1258 1164/1164/1164 1257/1257/1257
f 1255/1255/1255 1165/1165/1165 1258/1258/1258 1259/1259/1259
f 1165/1165/1165 1263/1263/1263 1265/1265/1265 1258/1258/1258
f 1258/1258/1258 1265/1265/1265 1264/1264/1264 1164/1164/1164
f 1265/1265/1265 1245/1245/1245 1067/1067/1067 1264/1264/1264
f 1263/1263/1263 1159/1159/1159 1245/1245/1245 1265/1265/1265
f 1263/1263/1263 1075/1075/1075 1159/1159/1159
f 1162/1162/1162 1263/1263/1263 1165/1165/1165
f 1075/1075/1075 1263/1263/1263 1162/1162/1162
f 1266/1266/1266 1166/1166/1166 1169/1169/1169
f 1077/1077/1077 1266/1266/1266 1167/1167/1167
f 1166/1166/1166 1266/1266/1266 1077/1077/1077
f 1167/1167/1167 1266/1266/1266 1270/1270/1270 1267/1267/1267
f 1267/1267/1267 1270/1270/1270 1268/1268/1268 1069/1069/1069
f 1270/1270/1270 1269/1269/1269 1168/1168/1168 1268/1268/1268
f 1266/1266/1266 1169/1169/1169 1269/1269/1269 1270/1270/1270
f 1169/1169/1169 1274/1274/1274 1276/1276/1276 1269/1269/1269
f 1269/1269/1269 1276/1276/1276 1275/1275/1275 1168/1168/1168
f 1276/1276/1276 1256/1256/1256 1068/1068/1068 1275/1275/1275
f 1274/1274/1274 1163/1163/1163 1256/1256/1256 1276/1276/1276
f 1274/1274/1274 1076/1076/1076 1163/1163/1163
f 1166/1166/1166 1274/1274/1274 1169/1169/1169
f 1076/1076/1076 1274/1274/1274 1166/1166/1166
f 1277/1277/1277 1170/1170/1170 1173/1173/1173
f 1078/1078/1078 1277/1277/1277 1171/1171/1171
f 1170/1170/1170 1277/1277/1277 1078/1078/1078
f 1171/1171/1171 1277/1277/1277 1281/1281/1281 1278/1278/1278
f 1278/1278/1278 1281/1281/1281 1279/1279/1279 1070/1070/1070
f 1281/1281/1281 1280/1280/1280 1172/1172/1172 1279/1279/1279
f 1277/1277/1277 1173/1173/1173 1280/1280/1280 1281/1281/1281
f 1173/1173/1173 1284/1284/1284 1286/1286/1286 1280/1280/1280
f 1280/1280/1280 1286/1286/1286 1285/1285/1285 1172/1172/1172
f 1286/1286/1286 1267/1267/1267 1069/1069/1069 1285/1285/1285
f 1284/1284/1284 1167/1167/1167 1267/1267/1267 1286/1286/1286
f 1284/1284/1284 1077/1077/1077 1167/1167/1167
f 1170/1170/1170 1284/1284/1284 1173/1173/1173
f 1077/1077/1077 1284/1284/1284 1170/1170/1170
f 1289/1289/1289 1288/1288/1288 1142/1142/1142 1199/1199/1199
f 1287/1287/1287 1174/1174/1174 1288/1288/1288 1289/1289/1289
f 1174/1174/1174 1290/1290/1290 1292/1292/1292 1288/1288/1288
f 1288/1288/1288 1292/1292/1292 1291/1291/1291 1142/1142/1142
f 1292/1292/1292 1278/1278/1278 1070/1070/1070 1291/1291/1291
f 1290/1290/1290 1171/1171/1171 1278/1278/1278 1292/1292/1292
f 1080/1080/1080 1146/1146/1146 1072/1072/1072
f 1079/1079/1079 1146/1146/1146 1080/1080/1080
f 1150/1150/1150 1080/1080/1080 1072/1072/1072
f 1081/1081/1081 1150/1150/1150 1073/1073/1073
f 1080/1080/1080 1150/1150/1150 1081/1081/1081
f 1154/1154/1154 1081/1081/1081 1073/1073/1073
f 1082/1082/1082 1154/1154/1154 1074/1074/1074
f 1081/1081/1081 1154/1154/1154 1082/1082/1082
f 1158/1158/1158 1082/1082/1082 1074/1074/1074
f 1083/1083/1083 1158/1158/1158 1075/1075/1075
f 1082/1082/1082 1158/1158/1158 1083/1083/1083
f 1162/1162/1162 1083/1083/1083 1075/1075/1075
f 1084/1084/1084 1162/1162/1162 1076/1076/1076
f 1083/1083/1083 1162/1162/1162 1084/1084/1084
f 1166/1166/1166 1084/1084/1084 1076/1076/1076
f 1085/1085/1085 1166/1166/1166 1077/1077/1077
f 1084/1084/1084 1166/1166/1166 1085/1085/1085
f 1175/1175/1175 1170/1170/1170 1078/1078/1078
f 1170/1170/1170 1085/1085/1085 1077/1077/1077
f 1085/1085/1085 1175/1175/1175 1086/1086/1086
f 1175/1175/1175 1085/1085/1085 1170/1170/1170
f 1178/1178/1178 1080/1080/1080 1088/1088/1088
f 1080/1080/1080 1178/1178/1178 1079/1079/1079
f 1089/1089/1089 1088/1088/1088 1080/1080/1080 1081/1081/1081
f 1090/1090/1090 1089/1089/1089 1081/1081/1081 1082/1082/1082
f 1091/1091/1091 1090/1090/1090 1082/1082/1082 1083/1083/1083
f 1092/1092/1092 1091/1091/1091 1083/1083/1083 1084/1084/1084
f 1093/1093/1093 1092/1092/1092 1084/1084/1084 1085/1085/1085
f 1094/1094/1094 1093/1093/1093 1085/1085/1085 1086/1086/1086
f 1096/1096/1096 1176/1176/1176 1180/1180/1180 1177/1177/1177
f 1177/1177/1177 1180/1180/1180 1178/1178/1178 1088/1088/1088
f 1180/1180/1180 1087/1087/1087 1178/1178/1178
f 1176/1176/1176 1179/1179/1179 1180/1180/1180
f 1177/1177/1177 1185/1185/1185 1096/1096/1096
f 1185/1185/1185 1089/1089/1089 1097/1097/1097
f 1089/1089/1089 1177/1177/1177 1088/1088/1088
f 1177/1177/1177 1089/1089/1089 1185/1185/1185
f 1098/1098/1098 1097/1097/1097 1089/1089/1089 1090/1090/1090
f 1099/1099/1099 1098/1098/1098 1090/1090/1090 1091/1091/1091
f 1100/1100/1100 1099/1099/1099 1091/1091/1091 1092/1092/1092
f 1101/1101/1101 1100/1100/1100 1092/1092/1092 1093/1093/1093
f 1102/1102/1102 1101/1101/1101 1093/1093/1093 1094/1094/1094
f 1182/1182/1182 1184/1184/1184 1176/1176/1176 1096/1096/1096
f 1184/1184/1184 1095/1095/1095 1176/1176/1176
f 1181/1181/1181 1183/1183/1183 1184/1184/1184
f 1097/1097/1097 1186/1186/1186 1185/1185/1185
f 1186/1186/1186 1182/1182/1182 1096/1096/1096 1185/1185/1185
f 1104/1104/1104 1099/1099/1099 1100/1100/1100
f 1105/1105/1105 1104/1104/1104 1100/1100/1100 1101/1101/1101
f 1106/1106/1106 1105/1105/1105 1101/1101/1101 1102/1102/1102
f 1106/1106/1106 1108/1108/1108 1105/1105/1105
f 1298/1298/1298 1187/1187/1187 1296/1296/1296
f 1295/1295/1295 1297/1297/1297 1298/1298/1298
f 1192/1192/1192 1293/1293/1293 1294/1294/1294
f 1114/1114/1114 1190/1190/1190 1194/1194/1194 1191/1191/1191
f 1194/1194/1194 1109/1109/1109 1192/1192/1192
f 1190/1190/1190 1193/1193/1193 1194/1194/1194
f 1188/1188/1188 1117/1117/1117 1110/1110/1110
f 1118/1118/1118 1188/1188/1188 1111/1111/1111
f 1117/1117/1117 1188/1188/1188 1118/1118/1118
f 1189/1189/1189 1118/1118/1118 1111/1111/1111
f 1119/1119/1119 1189/1189/1189 1112/1112/1112
f 1118/1118/1118 1189/1189/1189 1119/1119/1119
f 1120/1120/1120 1195/1195/1195 1198/1198/1198 1196/1196/1196
f 1196/1196/1196 1198/1198/1198 1190/1190/1190 1114/1114/1114
f 1198/1198/1198 1113/1113/1113 1190/1190/1190
f 1195/1195/1195 1197/1197/1197 1198/1198/1198
f 1196/1196/1196 1121/1121/1121 1120/1120/1120
f 1115/1115/1115 1196/1196/1196 1114/1114/1114
f 1121/1121/1121 1196/1196/1196 1115/1115/1115
f 1122/1122/1122 1121/1121/1121 1115/1115/1115 1116/1116/1116
f 1123/1123/1123 1122/1122/1122 1116/1116/1116 1117/1117/1117
f 1124/1124/1124 1123/1123/1123 1117/1117/1117 1118/1118/1118
f 1125/1125/1125 1124/1124/1124 1118/1118/1118 1119/1119/1119
f 1301/1301/1301 1195/1195/1195 1120/1120/1120 1128/1128/1128
f 1195/1195/1195 1301/1301/1301 1127/1127/1127
f 1306/1306/1306 1121/1121/1121 1129/1129/1129
f 1120/1120/1120 1306/1306/1306 1128/1128/1128
f 1121/1121/1121 1306/1306/1306 1120/1120/1120
f 1310/1310/1310 1122/1122/1122 1130/1130/1130
f 1121/1121/1121 1310/1310/1310 1129/1129/1129
f 1122/1122/1122 1310/1310/1310 1121/1121/1121
f 1314/1314/1314 1123/1123/1123 1131/1131/1131
f 1122/1122/1122 1314/1314/1314 1130/1130/1130
f 1123/1123/1123 1314/1314/1314 1122/1122/1122
f 1318/1318/1318 1124/1124/1124 1132/1132/1132
f 1123/1123/1123 1318/1318/1318 1131/1131/1131
f 1124/1124/1124 1318/1318/1318 1123/1123/1123
f 1322/1322/1322 1125/1125/1125 1133/1133/1133
f 1124/1124/1124 1322/1322/1322 1132/1132/1132
f 1125/1125/1125 1322/1322/1322 1124/1124/1124
f 1325/1325/1325 1126/1126/1126 1134/1134/1134
f 1125/1125/1125 1325/1325/1325 1133/1133/1133
f 1126/1126/1126 1325/1325/1325 1125/1125/1125
f 1135/1135/1135 1299/1299/1299 1303/1303/1303 1300/1300/1300
f 1300/1300/1300 1303/1303/1303 1301/1301/1301 1128/1128/1128
f 1303/1303/1303 1127/1127/1127 1301/1301/1301
f 1299/1299/1299 1302/1302/1302 1303/1303/1303
f 1136/1136/1136 1304/1304/1304 1307/1307/1307 1305/1305/1305
f 1305/1305/1305 1307/1307/1307 1306/1306/1306 1129/1129/1129
f 1307/1307/1307 1300/1300/1300 1128/1128/1128 1306/1306/1306
f 1304/1304/1304 1135/1135/1135 1300/1300/1300 1307/1307/1307
f 1137/1137/1137 1308/1308/1308 1311/1311/1311 1309/1309/1309
f 1309/1309/1309 1311/1311/1311 1310/1310/1310 1130/1130/1130
f 1311/1311/1311 1305/1305/1305 1129/1129/1129 1310/1310/1310
f 1308/1308/1308 1136/1136/1136 1305/1305/1305 1311/1311/1311
f 1138/1138/1138 1312/1312/1312 1315/1315/1315 1313/1313/1313
f 1313/1313/1313 1315/1315/1315 1314/1314/1314 1131/1131/1131
f 1315/1315/1315 1309/1309/1309 1130/1130/1130 1314/1314/1314
f 1312/1312/1312 1137/1137/1137 1309/1309/1309 1315/1315/1315
f 1139/1139/1139 1316/1316/1316 1319/1319/1319 1317/1317/1317
f 1317/1317/1317 1319/1319/1319 1318/1318/1318 1132/1132/1132
f 1319/1319/1319 1313/1313/1313 1131/1131/1131 1318/1318/1318
f 1316/1316/1316 1138/1138/1138 1313/1313/1313 1319/1319/1319
f 1140/1140/1140 1320/1320/1320 1323/1323/1323 1321/1321/1321
f 1321/1321/1321 1323/1323/1323 1322/1322/1322 1133/1133/1133
f 1323/1323/1323 1317/1317/1317 1132/1132/1132 1322/1322/1322
f 1320/1320/1320 1139/1139/1139 1317/1317/1317 1323/1323/1323
f 1141/1141/1141 1324/1324/1324 1326/1326/1326 1207/1207/1207
f 1207/1207/1207 1326/1326/1326 1325/1325/1325 1134/1134/1134
f 1326/1326/1326 1321/1321/1321 1133/1133/1133 1325/1325/1325
f 1324/1324/1324 1140/1140/1140 1321/1321/1321 1326/1326/1326
f 1208/1208/1208 1329/1329/1329 1328/1328/1328
f 1327/1327/1327 1206/1206/1206 1328/1328/1328 1329/1329/1329
f 1134/1134/1134 1208/1208/1208 1207/1207/1207
f 1328/1328/1328 1207/1207/1207 1208/1208/1208
f 1141/1141/1141 1328/1328/1328 1206/1206/1206
f 1207/1207/1207 1328/1328/1328 1141/1141/1141
f 1378/1378/1378 1182/1182/1182 1379/1379/1379
f 1097/1097/1097 1098/1098/1098 1381/1381/1381
f 1380/1380/1380 1379/1379/1379 1186/1186/1186
f 1182/1182/1182 1186/1186/1186 1379/1379/1379
f 1380/1380/1380 1097/1097/1097 1381/1381/1381
f 1186/1186/1186 1097/1097/1097 1380/1380/1380
f 1378/1378/1378 1184/1184/1184 1182/1182/1182
f 1382/1382/1382 1098/1098/1098 1099/1099/1099
f 1290/1290/1290 1078/1078/1078 1171/1171/1171
f 1078/1078/1078 1342/1342/1342 1175/1175/1175
f 1290/1290/1290 1343/1343/1343 1078/1078/1078
f 1094/1094/1094 1338/1338/1338 1337/1337/1337
f 1086/1086/1086 1338/1338/1338 1094/1094/1094
f 1094/1094/1094 1335/1335/1335 1102/1102/1102
f 1341/1341/1341 1086/1086/1086 1175/1175/1175
f 1086/1086/1086 1339/1339/1339 1338/1338/1338
f 1381/1381/1381 1098/1098/1098 1382/1382/1382
f 1184/1184/1184 1378/1378/1378 1181/1181/1181
f 1377/1377/1377 1103/1103/1103 1181/1181/1181
f 1378/1378/1378 1377/1377/1377 1181/1181/1181
f 1377/1377/1377 1376/1376/1376 1107/1107/1107
f 1296/1296/1296 1107/1107/1107 1376/1376/1376
f 1104/1104/1104 1384/1384/1384 1383/1383/1383
f 1099/1099/1099 1104/1104/1104 1383/1383/1383
f 1105/1105/1105 1385/1385/1385 1104/1104/1104
f 1384/1384/1384 1104/1104/1104 1385/1385/1385
f 1108/1108/1108 1385/1385/1385 1105/1105/1105
f 1108/1108/1108 1387/1387/1387 1386/1386/1386
f 1407/1407/1407 1406/1406/1406 1106/1106/1106
f 1108/1108/1108 1106/1106/1106 1406/1406/1406
f 1108/1108/1108 1406/1406/1406 1405/1405/1405
f 1396/1396/1396 1387/1387/1387 1108/1108/1108
f 1385/1385/1385 1108/1108/1108 1386/1386/1386
f 1332/1332/1332 1106/1106/1106 1102/1102/1102
f 1099/1099/1099 1383/1383/1383 1382/1382/1382
f 1106/1106/1106 1408/1408/1408 1407/1407/1407
f 1205/1205/1205 1203/1203/1203 1355/1355/1355
f 1202/1202/1202 1200/1200/1200 1353/1353/1353
f 1200/1200/1200 1205/1205/1205 1354/1354/1354
f 1287/1287/1287 1289/1289/1289 1348/1348/1348
f 1287/1287/1287 1347/1347/1347 1346/1346/1346
f 1351/1351/1351 1289/1289/1289 1199/1199/1199
f 1346/1346/1346 1174/1174/1174 1287/1287/1287
f 1353/1353/1353 1199/1199/1199 1202/1202/1202
f 1348/1348/1348 1347/1347/1347 1287/1287/1287
f 1205/1205/1205 1355/1355/1355 1354/1354/1354
f 1200/1200/1200 1354/1354/1354 1353/1353/1353
f 1355/1355/1355 1203/1203/1203 1356/1356/1356
f 1351/1351/1351 1350/1350/1350 1289/1289/1289
f 1353/1353/1353 1352/1352/1352 1199/1199/1199
f 1351/1351/1351 1199/1199/1199 1352/1352/1352
f 1350/1350/1350 1349/1349/1349 1289/1289/1289
f 1348/1348/1348 1289/1289/1289 1349/1349/1349
f 1341/1341/1341 1175/1175/1175 1342/1342/1342
f 1086/1086/1086 1340/1340/1340 1339/1339/1339
f 1335/1335/1335 1094/1094/1094 1336/1336/1336
f 1334/1334/1334 1333/1333/1333 1102/1102/1102
f 1102/1102/1102 1335/1335/1335 1334/1334/1334
f 1333/1333/1333 1332/1332/1332 1102/1102/1102
f 1336/1336/1336 1094/1094/1094 1337/1337/1337
f 1106/1106/1106 1409/1409/1409 1408/1408/1408
f 1290/1290/1290 1174/1174/1174 1344/1344/1344
f 1345/1345/1345 1174/1174/1174 1346/1346/1346
f 1344/1344/1344 1174/1174/1174 1345/1345/1345
f 1106/1106/1106 1332/1332/1332 1331/1331/1331
f 1106/1106/1106 1330/1330/1330 1409/1409/1409
f 1331/1331/1331 1330/1330/1330 1106/1106/1106
f 1344/1344/1344 1343/1343/1343 1290/1290/1290
f 1342/1342/1342 1078/1078/1078 1343/1343/1343
f 1086/1086/1086 1341/1341/1341 1340/1340/1340
f 1296/1296/1296 1376/1376/1376 1375/1375/1375
f 1295/1295/1295 1298/1298/1298 1375/1375/1375
f 1296/1296/1296 1375/1375/1375 1298/1298/1298
f 1374/1374/1374 1294/1294/1294 1295/1295/1295
f 1293/1293/1293 1295/1295/1295 1294/1294/1294
f 1375/1375/1375 1374/1374/1374 1295/1295/1295
f 1373/1373/1373 1294/1294/1294 1374/1374/1374
f 1189/1189/1189 1390/1390/1390 1389/1389/1389
f 1391/1391/1391 1390/1390/1390 1189/1189/1189
f 1189/1189/1189 1392/1392/1392 1391/1391/1391
f 1395/1395/1395 1394/1394/1394 1111/1111/1111
f 1388/1388/1388 1189/1189/1189 1389/1389/1389
f 1392/1392/1392 1111/1111/1111 1393/1393/1393
f 1393/1393/1393 1111/1111/1111 1394/1394/1394
f 1188/1188/1188 1366/1366/1366 1395/1395/1395
f 1372/1372/1372 1192/1192/1192 1373/1373/1373
f 1294/1294/1294 1373/1373/1373 1192/1192/1192
f 1372/1372/1372 1371/1371/1371 1191/1191/1191
f 1194/1194/1194 1192/1192/1192 1372/1372/1372
f 1191/1191/1191 1371/1371/1371 1115/1115/1115
f 1371/1371/1371 1370/1370/1370 1115/1115/1115
f 1114/1114/1114 1191/1191/1191 1115/1115/1115
f 1116/1116/1116 1115/1115/1115 1370/1370/1370
f 1194/1194/1194 1372/1372/1372 1191/1191/1191
f 1367/1367/1367 1110/1110/1110 1368/1368/1368
f 1117/1117/1117 1368/1368/1368 1110/1110/1110
f 1395/1395/1395 1111/1111/1111 1188/1188/1188
f 1110/1110/1110 1367/1367/1367 1188/1188/1188
f 1368/1368/1368 1117/1117/1117 1116/1116/1116
f 1370/1370/1370 1369/1369/1369 1116/1116/1116
f 1111/1111/1111 1392/1392/1392 1189/1189/1189
f 1116/1116/1116 1369/1369/1369 1368/1368/1368
f 1188/1188/1188 1367/1367/1367 1366/1366/1366
f 1112/1112/1112 1189/1189/1189 1388/1388/1388
f 1108/1108/1108 1398/1398/1398 1397/1397/1397
f 1399/1399/1399 1398/1398/1398 1108/1108/1108
f 1399/1399/1399 1108/1108/1108 1400/1400/1400
f 1417/1417/1417 1112/1112/1112 1418/1418/1418
f 1112/1112/1112 1388/1388/1388 1418/1418/1418
f 1417/1417/1417 1416/1416/1416 1112/1112/1112
f 1415/1415/1415 1112/1112/1112 1416/1416/1416
f 1415/1415/1415 1414/1414/1414 1112/1112/1112
f 1402/1402/1402 1108/1108/1108 1403/1403/1403
f 1403/1403/1403 1108/1108/1108 1404/1404/1404
f 1404/1404/1404 1108/1108/1108 1405/1405/1405
f 1112/1112/1112 1414/1414/1414 1413/1413/1413
f 1413/1413/1413 1412/1412/1412 1112/1112/1112
f 1401/1401/1401 1108/1108/1108 1402/1402/1402
f 1108/1108/1108 1401/1401/1401 1400/1400/1400
f 1412/1412/1412 1119/1119/1119 1112/1112/1112
f 1397/1397/1397 1396/1396/1396 1108/1108/1108
f 1119/1119/1119 1410/1410/1410 1365/1365/1365
f 1119/1119/1119 1365/1365/1365 1364/1364/1364
f 1119/1119/1119 1411/1411/1411 1410/1410/1410
f 1364/1364/1364 1126/1126/1126 1125/1125/1125
f 1126/1126/1126 1363/1363/1363 1362/1362/1362
f 1126/1126/1126 1364/1364/1364 1363/1363/1363
f 1134/1134/1134 1126/1126/1126 1361/1361/1361
f 1125/1125/1125 1119/1119/1119 1364/1364/1364
f 1119/1119/1119 1412/1412/1412 1411/1411/1411
f 1134/1134/1134 1361/1361/1361 1360/1360/1360
f 1360/1360/1360 1359/1359/1359 1208/1208/1208
f 1361/1361/1361 1126/1126/1126 1362/1362/1362
f 1358/1358/1358 1329/1329/1329 1208/1208/1208
f 1358/1358/1358 1357/1357/1357 1329/1329/1329
f 1327/1327/1327 1329/1329/1329 1357/1357/1357
f 1359/1359/1359 1358/1358/1358 1208/1208/1208
f 1134/1134/1134 1360/1360/1360 1208/1208/1208
f 1510/1510/1510 1509/1509/1509 1467/1467/1467 1508/1508/1508
f 1506/1506/1506 1464/1464/1464 1509/1509/1509 1510/1510/1510
f 1509/1509/1509 1466/1466/1466 1467/1467/1467
f 1423/1423/1423 1509/1509/1509 1464/1464/1464
f 1466/1466/1466 1509/1509/1509 1423/1423/1423
f 1426/1426/1426 1425/1425/1425 1420/1420/1420 1421/1421/1421
f 1427/1427/1427 1426/1426/1426 1421/1421/1421 1422/1422/1422
f 1470/1470/1470 1422/1422/1422 1423/1423/1423
f 1427/1427/1427 1470/1470/1470 1428/1428/1428
f 1422/1422/1422 1470/1470/1470 1427/1427/1427
f 1515/1515/1515 1514/1514/1514 1471/1471/1471 1513/1513/1513
f 1511/1511/1511 1468/1468/1468 1514/1514/1514 1515/1515/1515
f 1518/1518/1518 1517/1517/1517 1464/1464/1464 1506/1506/1506
f 1513/1513/1513 1471/1471/1471 1517/1517/1517 1518/1518/1518
f 1517/1517/1517 1423/1423/1423 1464/1464/1464
f 1470/1470/1470 1517/1517/1517 1471/1471/1471
f 1423/1423/1423 1517/1517/1517 1470/1470/1470
f 1514/1514/1514 1470/1470/1470 1471/1471/1471
f 1428/1428/1428 1514/1514/1514 1468/1468/1468
f 1470/1470/1470 1514/1514/1514 1428/1428/1428
f 1431/1431/1431 1430/1430/1430 1425/1425/1425 1426/1426/1426
f 1432/1432/1432 1431/1431/1431 1426/1426/1426 1427/1427/1427
f 1474/1474/1474 1427/1427/1427 1428/1428/1428
f 1432/1432/1432 1474/1474/1474 1433/1433/1433
f 1427/1427/1427 1474/1474/1474 1432/1432/1432
f 1523/1523/1523 1522/1522/1522 1475/1475/1475 1521/1521/1521
f 1519/1519/1519 1472/1472/1472 1522/1522/1522 1523/1523/1523
f 1526/1526/1526 1525/1525/1525 1468/1468/1468 1511/1511/1511
f 1521/1521/1521 1475/1475/1475 1525/1525/1525 1526/1526/1526
f 1525/1525/1525 1428/1428/1428 1468/1468/1468
f 1474/1474/1474 1525/1525/1525 1475/1475/1475
f 1428/1428/1428 1525/1525/1525 1474/1474/1474
f 1522/1522/1522 1474/1474/1474 1475/1475/1475
f 1433/1433/1433 1522/1522/1522 1472/1472/1472
f 1474/1474/1474 1522/1522/1522 1433/1433/1433
f 1436/1436/1436 1435/1435/1435 1430/1430/1430 1431/1431/1431
f 1437/1437/1437 1436/1436/1436 1431/1431/1431 1432/1432/1432
f 1478/1478/1478 1432/1432/1432 1433/1433/1433
f 1437/1437/1437 1478/1478/1478 1438/1438/1438
f 1432/1432/1432 1478/1478/1478 1437/1437/1437
f 1531/1531/1531 1530/1530/1530 1479/1479/1479 1529/1529/1529
f 1527/1527/1527 1476/1476/1476 1530/1530/1530 1531/1531/1531
f 1534/1534/1534 1533/1533/1533 1472/1472/1472 1519/1519/1519
f 1529/1529/1529 1479/1479/1479 1533/1533/1533 1534/1534/1534
f 1533/1533/1533 1433/1433/1433 1472/1472/1472
f 1478/1478/1478 1533/1533/1533 1479/1479/1479
f 1433/1433/1433 1533/1533/1533 1478/1478/1478
f 1530/1530/1530 1478/1478/1478 1479/1479/1479
f 1438/1438/1438 1530/1530/1530 1476/1476/1476
f 1478/1478/1478 1530/1530/1530 1438/1438/1438
f 1441/1441/1441 1440/1440/1440 1435/1435/1435 1436/1436/1436
f 1442/1442/1442 1441/1441/1441 1436/1436/1436 1437/1437/1437
f 1482/1482/1482 1437/1437/1437 1438/1438/1438
f 1442/1442/1442 1482/1482/1482 1443/1443/1443
f 1437/1437/1437 1482/1482/1482 1442/1442/1442
f 1539/1539/1539 1538/1538/1538 1483/1483/1483 1537/1537/1537
f 1535/1535/1535 1480/1480/1480 1538/1538/1538 1539/1539/1539
f 1542/1542/1542 1541/1541/1541 1476/1476/1476 1527/1527/1527
f 1537/1537/1537 1483/1483/1483 1541/1541/1541 1542/1542/1542
f 1541/1541/1541 1438/1438/1438 1476/1476/1476
f 1482/1482/1482 1541/1541/1541 1483/1483/1483
f 1438/1438/1438 1541/1541/1541 1482/1482/1482
f 1538/1538/1538 1482/1482/1482 1483/1483/1483
f 1443/1443/1443 1538/1538/1538 1480/1480/1480
f 1482/1482/1482 1538/1538/1538 1443/1443/1443
f 1445/1445/1445 1441/1441/1441 1442/1442/1442
f 1486/1486/1486 1442/1442/1442 1443/1443/1443
f 1445/1445/1445 1486/1486/1486 1446/1446/1446
f 1442/1442/1442 1486/1486/1486 1445/1445/1445
f 1547/1547/1547 1546/1546/1546 1487/1487/1487 1545/1545/1545
f 1543/1543/1543 1484/1484/1484 1546/1546/1546 1547/1547/1547
f 1550/1550/1550 1549/1549/1549 1480/1480/1480 1535/1535/1535
f 1545/1545/1545 1487/1487/1487 1549/1549/1549 1550/1550/1550
f 1549/1549/1549 1443/1443/1443 1480/1480/1480
f 1486/1486/1486 1549/1549/1549 1487/1487/1487
f 1443/1443/1443 1549/1549/1549 1486/1486/1486
f 1546/1546/1546 1486/1486/1486 1487/1487/1487
f 1446/1446/1446 1546/1546/1546 1484/1484/1484
f 1486/1486/1486 1546/1546/1546 1446/1446/1446
f 1555/1555/1555 1554/1554/1554 1490/1490/1490 1553/1553/1553
f 1551/1551/1551 1488/1488/1488 1554/1554/1554 1555/1555/1555
f 1558/1558/1558 1557/1557/1557 1484/1484/1484 1543/1543/1543
f 1553/1553/1553 1490/1490/1490 1557/1557/1557 1558/1558/1558
f 1563/1563/1563 1562/1562/1562 1494/1494/1494 1561/1561/1561
f 1559/1559/1559 1491/1491/1491 1562/1562/1562 1563/1563/1563
f 1566/1566/1566 1565/1565/1565 1488/1488/1488 1551/1551/1551
f 1561/1561/1561 1494/1494/1494 1565/1565/1565 1566/1566/1566
f 1562/1562/1562 1493/1493/1493 1494/1494/1494
f 1452/1452/1452 1562/1562/1562 1491/1491/1491
f 1493/1493/1493 1562/1562/1562 1452/1452/1452
f 1455/1455/1455 1454/1454/1454 1449/1449/1449 1450/1450/1450
f 1456/1456/1456 1455/1455/1455 1450/1450/1450 1451/1451/1451
f 1497/1497/1497 1451/1451/1451 1452/1452/1452
f 1456/1456/1456 1497/1497/1497 1457/1457/1457
f 1451/1451/1451 1497/1497/1497 1456/1456/1456
f 1571/1571/1571 1570/1570/1570 1498/1498/1498 1569/1569/1569
f 1567/1567/1567 1495/1495/1495 1570/1570/1570 1571/1571/1571
f 1574/1574/1574 1573/1573/1573 1491/1491/1491 1559/1559/1559
f 1569/1569/1569 1498/1498/1498 1573/1573/1573 1574/1574/1574
f 1573/1573/1573 1452/1452/1452 1491/1491/1491
f 1497/1497/1497 1573/1573/1573 1498/1498/1498
f 1452/1452/1452 1573/1573/1573 1497/1497/1497
f 1570/1570/1570 1497/1497/1497 1498/1498/1498
f 1457/1457/1457 1570/1570/1570 1495/1495/1495
f 1497/1497/1497 1570/1570/1570 1457/1457/1457
f 1460/1460/1460 1459/1459/1459 1454/1454/1454 1455/1455/1455
f 1461/1461/1461 1460/1460/1460 1455/1455/1455 1456/1456/1456
f 1501/1501/1501 1456/1456/1456 1457/1457/1457
f 1461/1461/1461 1501/1501/1501 1462/1462/1462
f 1456/1456/1456 1501/1501/1501 1461/1461/1461
f 1579/1579/1579 1578/1578/1578 1502/1502/1502 1577/1577/1577
f 1575/1575/1575 1499/1499/1499 1578/1578/1578 1579/1579/1579
f 1582/1582/1582 1581/1581/1581 1495/1495/1495 1567/1567/1567
f 1577/1577/1577 1502/1502/1502 1581/1581/1581 1582/1582/1582
f 1581/1581/1581 1457/1457/1457 1495/1495/1495
f 1501/1501/1501 1581/1581/1581 1502/1502/1502
f 1457/1457/1457 1581/1581/1581 1501/1501/1501
f 1578/1578/1578 1501/1501/1501 1502/1502/1502
f 1462/1462/1462 1578/1578/1578 1499/1499/1499
f 1501/1501/1501 1578/1578/1578 1462/1462/1462
f 1585/1585/1585 1584/1584/1584 1505/1505/1505 1583/1583/1583
f 1588/1588/1588 1587/1587/1587 1499/1499/1499 1575/1575/1575
f 1583/1583/1583 1505/1505/1505 1587/1587/1587 1588/1588/1588
f 1587/1587/1587 1462/1462/1462 1499/1499/1499
f 1504/1504/1504 1587/1587/1587 1505/1505/1505
f 1462/1462/1462 1587/1587/1587 1504/1504/1504
f 1600/1600/1600 1589/1589/1589 1419/1419/1419
f 1599/1599/1599 1421/1421/1421 1420/1420/1420 1600/1600/1600
f 1598/1598/1598 1422/1422/1422 1421/1421/1421 1599/1599/1599
f 1589/1589/1589 1600/1600/1600 1420/1420/1420
f 1425/1425/1425 1591/1591/1591 1590/1590/1590 1420/1420/1420
f 1589/1589/1589 1420/1420/1420 1590/1590/1590
f 1591/1591/1591 1425/1425/1425 1430/1430/1430 1592/1592/1592
f 1597/1597/1597 1422/1422/1422 1598/1598/1598
f 1466/1466/1466 1607/1607/1607 1606/1606/1606
f 1466/1466/1466 1608/1608/1608 1607/1607/1607
f 1605/1605/1605 1466/1466/1466 1606/1606/1606
f 1467/1467/1467 1605/1605/1605 1604/1604/1604
f 1466/1466/1466 1597/1597/1597 1608/1608/1608
f 1422/1422/1422 1597/1597/1597 1466/1466/1466
f 1605/1605/1605 1467/1467/1467 1466/1466/1466
f 1510/1510/1510 1508/1508/1508 1465/1465/1465 1507/1507/1507
f 1506/1506/1506 1510/1510/1510 1507/1507/1507 1424/1424/1424
f 1604/1604/1604 1508/1508/1508 1467/1467/1467
f 1466/1466/1466 1423/1423/1423 1422/1422/1422
f 1603/1603/1603 1508/1508/1508 1604/1604/1604
f 1430/1430/1430 1593/1593/1593 1592/1592/1592
f 1435/1435/1435 1594/1594/1594 1593/1593/1593
f 1430/1430/1430 1435/1435/1435 1593/1593/1593
f 1440/1440/1440 1595/1595/1595 1594/1594/1594 1435/1435/1435
f 1440/1440/1440 1626/1626/1626 1625/1625/1625
f 1595/1595/1595 1440/1440/1440 1625/1625/1625
f 1627/1627/1627 1440/1440/1440 1441/1441/1441
f 1626/1626/1626 1440/1440/1440 1627/1627/1627
f 1596/1596/1596 1595/1595/1595 1625/1625/1625
f 1441/1441/1441 1628/1628/1628 1627/1627/1627
f 1445/1445/1445 1629/1629/1629 1441/1441/1441
f 1628/1628/1628 1441/1441/1441 1629/1629/1629
f 1633/1633/1633 1445/1445/1445 1446/1446/1446
f 1557/1557/1557 1638/1638/1638 1484/1484/1484
f 1638/1638/1638 1446/1446/1446 1484/1484/1484
f 1629/1629/1629 1445/1445/1445 1630/1630/1630
f 1445/1445/1445 1632/1632/1632 1631/1631/1631
f 1445/1445/1445 1633/1633/1633 1632/1632/1632
f 1634/1634/1634 1446/1446/1446 1635/1635/1635
f 1634/1634/1634 1633/1633/1633 1446/1446/1446
f 1630/1630/1630 1445/1445/1445 1631/1631/1631
f 1513/1513/1513 1518/1518/1518 1516/1516/1516 1469/1469/1469
f 1603/1603/1603 1602/1602/1602 1508/1508/1508
f 1465/1465/1465 1602/1602/1602 1601/1601/1601
f 1515/1515/1515 1513/1513/1513 1469/1469/1469 1512/1512/1512
f 1424/1424/1424 1516/1516/1516 1518/1518/1518 1506/1506/1506
f 1511/1511/1511 1515/1515/1515 1512/1512/1512 1429/1429/1429
f 1526/1526/1526 1511/1511/1511 1429/1429/1429 1524/1524/1524
f 1523/1523/1523 1521/1521/1521 1473/1473/1473 1520/1520/1520
f 1519/1519/1519 1523/1523/1523 1520/1520/1520 1434/1434/1434
f 1521/1521/1521 1526/1526/1526 1524/1524/1524 1473/1473/1473
f 1534/1534/1534 1519/1519/1519 1434/1434/1434 1532/1532/1532
f 1508/1508/1508 1602/1602/1602 1465/1465/1465
f 1532/1532/1532 1477/1477/1477 1529/1529/1529 1534/1534/1534
f 1531/1531/1531 1529/1529/1529 1477/1477/1477 1528/1528/1528
f 1527/1527/1527 1531/1531/1531 1528/1528/1528 1439/1439/1439
f 1537/1537/1537 1542/1542/1542 1540/1540/1540 1481/1481/1481
f 1539/1539/1539 1537/1537/1537 1481/1481/1481 1536/1536/1536
f 1542/1542/1542 1527/1527/1527 1439/1439/1439 1540/1540/1540
f 1550/1550/1550 1535/1535/1535 1444/1444/1444 1548/1548/1548
f 1545/1545/1545 1550/1550/1550 1548/1548/1548 1485/1485/1485
f 1543/1543/1543 1547/1547/1547 1544/1544/1544 1447/1447/1447
f 1558/1558/1558 1543/1543/1543 1447/1447/1447 1556/1556/1556
f 1547/1547/1547 1545/1545/1545 1485/1485/1485 1544/1544/1544
f 1535/1535/1535 1539/1539/1539 1536/1536/1536 1444/1444/1444
f 1556/1556/1556 1489/1489/1489 1553/1553/1553 1558/1558/1558
f 1446/1446/1446 1636/1636/1636 1635/1635/1635
f 1652/1652/1652 1651/1651/1651 1450/1450/1450
f 1651/1651/1651 1650/1650/1650 1451/1451/1451
f 1649/1649/1649 1648/1648/1648 1451/1451/1451
f 1451/1451/1451 1648/1648/1648 1493/1493/1493
f 1451/1451/1451 1650/1650/1650 1649/1649/1649
f 1658/1658/1658 1657/1657/1657 1449/1449/1449
f 1657/1657/1657 1656/1656/1656 1449/1449/1449
f 1655/1655/1655 1654/1654/1654 1449/1449/1449
f 1654/1654/1654 1653/1653/1653 1450/1450/1450
f 1449/1449/1449 1656/1656/1656 1655/1655/1655
f 1653/1653/1653 1652/1652/1652 1450/1450/1450
f 1638/1638/1638 1557/1557/1557 1639/1639/1639
f 1637/1637/1637 1446/1446/1446 1638/1638/1638
f 1490/1490/1490 1640/1640/1640 1639/1639/1639
f 1557/1557/1557 1490/1490/1490 1639/1639/1639
f 1493/1493/1493 1647/1647/1647 1646/1646/1646
f 1648/1648/1648 1647/1647/1647 1493/1493/1493
f 1645/1645/1645 1493/1493/1493 1646/1646/1646
f 1645/1645/1645 1644/1644/1644 1494/1494/1494
f 1643/1643/1643 1488/1488/1488 1644/1644/1644
f 1645/1645/1645 1494/1494/1494 1493/1493/1493
f 1643/1643/1643 1642/1642/1642 1488/1488/1488
f 1660/1660/1660 1659/1659/1659 1658/1658/1658
f 1660/1660/1660 1449/1449/1449 1454/1454/1454 1661/1661/1661
f 1454/1454/1454 1662/1662/1662 1661/1661/1661
f 1654/1654/1654 1450/1450/1450 1449/1449/1449
f 1454/1454/1454 1459/1459/1459 1662/1662/1662
f 1658/1658/1658 1449/1449/1449 1660/1660/1660
f 1459/1459/1459 1610/1610/1610 1662/1662/1662
f 1609/1609/1609 1662/1662/1662 1610/1610/1610
f 1611/1611/1611 1610/1610/1610 1459/1459/1459
f 1612/1612/1612 1611/1611/1611 1460/1460/1460
f 1459/1459/1459 1460/1460/1460 1611/1611/1611
f 1613/1613/1613 1612/1612/1612 1460/1460/1460
f 1613/1613/1613 1460/1460/1460 1461/1461/1461
f 1616/1616/1616 1461/1461/1461 1504/1504/1504
f 1461/1461/1461 1462/1462/1462 1504/1504/1504
f 1614/1614/1614 1613/1613/1613 1461/1461/1461
f 1493/1493/1493 1452/1452/1452 1451/1451/1451
f 1461/1461/1461 1616/1616/1616 1615/1615/1615
f 1504/1504/1504 1617/1617/1617 1616/1616/1616
f 1504/1504/1504 1619/1619/1619 1618/1618/1618
f 1618/1618/1618 1617/1617/1617 1504/1504/1504
f 1614/1614/1614 1461/1461/1461 1615/1615/1615
f 1651/1651/1651 1451/1451/1451 1450/1450/1450
f 1505/1505/1505 1619/1619/1619 1504/1504/1504
f 1554/1554/1554 1641/1641/1641 1490/1490/1490
f 1640/1640/1640 1490/1490/1490 1641/1641/1641
f 1554/1554/1554 1642/1642/1642 1641/1641/1641
f 1555/1555/1555 1553/1553/1553 1489/1489/1489 1552/1552/1552
f 1642/1642/1642 1554/1554/1554 1488/1488/1488
f 1565/1565/1565 1644/1644/1644 1488/1488/1488
f 1561/1561/1561 1566/1566/1566 1564/1564/1564 1492/1492/1492
f 1563/1563/1563 1561/1561/1561 1492/1492/1492 1560/1560/1560
f 1566/1566/1566 1551/1551/1551 1448/1448/1448 1564/1564/1564
f 1644/1644/1644 1565/1565/1565 1494/1494/1494
f 1551/1551/1551 1555/1555/1555 1552/1552/1552 1448/1448/1448
f 1574/1574/1574 1559/1559/1559 1453/1453/1453 1572/1572/1572
f 1569/1569/1569 1574/1574/1574 1572/1572/1572 1496/1496/1496
f 1496/1496/1496 1568/1568/1568 1571/1571/1571 1569/1569/1569
f 1559/1559/1559 1563/1563/1563 1560/1560/1560 1453/1453/1453
f 1567/1567/1567 1571/1571/1571 1568/1568/1568 1458/1458/1458
f 1582/1582/1582 1567/1567/1567 1458/1458/1458 1580/1580/1580
f 1579/1579/1579 1577/1577/1577 1500/1500/1500 1576/1576/1576
f 1575/1575/1575 1579/1579/1579 1576/1576/1576 1463/1463/1463
f 1577/1577/1577 1582/1582/1582 1580/1580/1580 1500/1500/1500
f 1505/1505/1505 1584/1584/1584 1619/1619/1619
f 1621/1621/1621 1620/1620/1620 1584/1584/1584
f 1584/1584/1584 1585/1585/1585 1621/1621/1621
f 1585/1585/1585 1622/1622/1622 1621/1621/1621
f 1588/1588/1588 1575/1575/1575 1463/1463/1463 1586/1586/1586
f 1623/1623/1623 1585/1585/1585 1583/1583/1583
f 1622/1622/1622 1585/1585/1585 1623/1623/1623
f 1503/1503/1503 1623/1623/1623 1583/1583/1583
f 1583/1583/1583 1588/1588/1588 1586/1586/1586 1503/1503/1503
f 1623/1623/1623 1503/1503/1503 1624/1624/1624
f 1619/1619/1619 1584/1584/1584 1620/1620/1620
f 1636/1636/1636 1446/1446/1446 1637/1637/1637
f 1672/1672/1672 1663/1663/1663 1664/1664/1664
f 1673/1673/1673 1672/1672/1672 1664/1664/1664 1665/1665/1665
f 1674/1674/1674 1673/1673/1673 1665/1665/1665 1666/1666/1666
f 1752/1752/1752 1666/1666/1666 1667/1667/1667
f 1674/1674/1674 1752/1752/1752 1675/1675/1675
f 1666/1666/1666 1752/1752/1752 1674/1674/1674
f 1676/1676/1676 1749/1749/1749 1753/1753/1753 1750/1750/1750
f 1750/1750/1750 1753/1753/1753 1751/1751/1751 1668/1668/1668
f 1753/1753/1753 1752/1752/1752 1667/1667/1667 1751/1751/1751
f 1749/1749/1749 1675/1675/1675 1752/1752/1752 1753/1753/1753
f 1677/1677/1677 1829/1829/1829 1833/1833/1833 1830/1830/1830
f 1830/1830/1830 1833/1833/1833 1831/1831/1831 1755/1755/1755
f 1833/1833/1833 1832/1832/1832 1757/1757/1757 1831/1831/1831
f 1829/1829/1829 1754/1754/1754 1832/1832/1832 1833/1833/1833
f 1831/1831/1831 1669/1669/1669 1755/1755/1755
f 1756/1756/1756 1831/1831/1831 1757/1757/1757
f 1669/1669/1669 1831/1831/1831 1756/1756/1756
f 1757/1757/1757 1750/1750/1750 1668/1668/1668 1756/1756/1756
f 1832/1832/1832 1750/1750/1750 1757/1757/1757
f 1676/1676/1676 1832/1832/1832 1754/1754/1754
f 1750/1750/1750 1832/1832/1832 1676/1676/1676
f 1880/1880/1880 1678/1678/1678 1834/1834/1834
f 1835/1835/1835 1880/1880/1880 1838/1838/1838
f 1678/1678/1678 1880/1880/1880 1835/1835/1835
f 1835/1835/1835 1838/1838/1838 1836/1836/1836 1759/1759/1759
f 1881/1881/1881 1836/1836/1836 1838/1838/1838
f 1761/1761/1761 1881/1881/1881 1837/1837/1837
f 1836/1836/1836 1881/1881/1881 1761/1761/1761
f 1834/1834/1834 1879/1879/1879 1883/1883/1883 1880/1880/1880
f 1880/1880/1880 1883/1883/1883 1881/1881/1881 1838/1838/1838
f 1883/1883/1883 1882/1882/1882 1837/1837/1837 1881/1881/1881
f 1879/1879/1879 1758/1758/1758 1882/1882/1882 1883/1883/1883
f 1836/1836/1836 1670/1670/1670 1759/1759/1759
f 1760/1760/1760 1836/1836/1836 1761/1761/1761
f 1670/1670/1670 1836/1836/1836 1760/1760/1760
f 1843/1843/1843 1760/1760/1760 1761/1761/1761
f 1669/1669/1669 1843/1843/1843 1755/1755/1755
f 1760/1760/1760 1843/1843/1843 1669/1669/1669
f 1758/1758/1758 1888/1888/1888 1891/1891/1891 1882/1882/1882
f 1882/1882/1882 1891/1891/1891 1889/1889/1889 1837/1837/1837
f 1891/1891/1891 1890/1890/1890 1844/1844/1844 1889/1889/1889
f 1888/1888/1888 1842/1842/1842 1890/1890/1890 1891/1891/1891
f 1889/1889/1889 1761/1761/1761 1837/1837/1837
f 1843/1843/1843 1889/1889/1889 1844/1844/1844
f 1761/1761/1761 1889/1889/1889 1843/1843/1843
f 1844/1844/1844 1830/1830/1830 1755/1755/1755 1843/1843/1843
f 1890/1890/1890 1830/1830/1830 1844/1844/1844
f 1677/1677/1677 1890/1890/1890 1842/1842/1842
f 1830/1830/1830 1890/1890/1890 1677/1677/1677
f 1903/1903/1903 1902/1902/1902 1762/1762/1762 1901/1901/1901
f 1845/1845/1845 1763/1763/1763 1902/1902/1902 1903/1903/1903
f 1847/1847/1847 1902/1902/1902 1763/1763/1763
f 1902/1902/1902 1670/1670/1670 1762/1762/1762
f 1670/1670/1670 1847/1847/1847 1759/1759/1759
f 1847/1847/1847 1670/1670/1670 1902/1902/1902
f 1846/1846/1846 1848/1848/1848 1847/1847/1847 1763/1763/1763
f 1848/1848/1848 1835/1835/1835 1759/1759/1759 1847/1847/1847
f 1680/1680/1680 1671/1671/1671 1672/1672/1672
f 1681/1681/1681 1680/1680/1680 1672/1672/1672 1673/1673/1673
f 1682/1682/1682 1681/1681/1681 1673/1673/1673 1674/1674/1674
f 1766/1766/1766 1674/1674/1674 1675/1675/1675
f 1682/1682/1682 1766/1766/1766 1683/1683/1683
f 1674/1674/1674 1766/1766/1766 1682/1682/1682
f 1684/1684/1684 1764/1764/1764 1767/1767/1767 1765/1765/1765
f 1765/1765/1765 1767/1767/1767 1749/1749/1749 1676/1676/1676
f 1767/1767/1767 1766/1766/1766 1675/1675/1675 1749/1749/1749
f 1764/1764/1764 1683/1683/1683 1766/1766/1766 1767/1767/1767
f 1685/1685/1685 1768/1768/1768 1770/1770/1770 1769/1769/1769
f 1893/1893/1893 1829/1829/1829 1677/1677/1677
f 1829/1829/1829 1770/1770/1770 1754/1754/1754
f 1770/1770/1770 1893/1893/1893 1769/1769/1769
f 1893/1893/1893 1770/1770/1770 1829/1829/1829
f 1770/1770/1770 1765/1765/1765 1676/1676/1676 1754/1754/1754
f 1768/1768/1768 1684/1684/1684 1765/1765/1765 1770/1770/1770
f 1884/1884/1884 1839/1839/1839 1841/1841/1841
f 1686/1686/1686 1884/1884/1884 1840/1840/1840
f 1839/1839/1839 1884/1884/1884 1686/1686/1686
f 1840/1840/1840 1884/1884/1884 1887/1887/1887 1885/1885/1885
f 1885/1885/1885 1887/1887/1887 1834/1834/1834 1678/1678/1678
f 1879/1879/1879 1886/1886/1886 1758/1758/1758
f 1887/1887/1887 1879/1879/1879 1834/1834/1834
f 1886/1886/1886 1879/1879/1879 1887/1887/1887
f 1884/1884/1884 1841/1841/1841 1886/1886/1886 1887/1887/1887
f 1841/1841/1841 1892/1892/1892 1894/1894/1894 1886/1886/1886
f 1888/1888/1888 1894/1894/1894 1842/1842/1842
f 1886/1886/1886 1888/1888/1888 1758/1758/1758
f 1894/1894/1894 1888/1888/1888 1886/1886/1886
f 1894/1894/1894 1893/1893/1893 1677/1677/1677 1842/1842/1842
f 1892/1892/1892 1769/1769/1769 1893/1893/1893 1894/1894/1894
f 1892/1892/1892 1685/1685/1685 1769/1769/1769
f 1839/1839/1839 1892/1892/1892 1841/1841/1841
f 1685/1685/1685 1892/1892/1892 1839/1839/1839
f 1688/1688/1688 1679/1679/1679 1680/1680/1680
f 1689/1689/1689 1688/1688/1688 1680/1680/1680 1681/1681/1681
f 1690/1690/1690 1689/1689/1689 1681/1681/1681 1682/1682/1682
f 1773/1773/1773 1682/1682/1682 1683/1683/1683
f 1690/1690/1690 1773/1773/1773 1691/1691/1691
f 1682/1682/1682 1773/1773/1773 1690/1690/1690
f 1692/1692/1692 1771/1771/1771 1774/1774/1774 1772/1772/1772
f 1772/1772/1772 1774/1774/1774 1764/1764/1764 1684/1684/1684
f 1774/1774/1774 1773/1773/1773 1683/1683/1683 1764/1764/1764
f 1771/1771/1771 1691/1691/1691 1773/1773/1773 1774/1774/1774
f 1693/1693/1693 1775/1775/1775 1777/1777/1777 1776/1776/1776
f 1776/1776/1776 1777/1777/1777 1768/1768/1768 1685/1685/1685
f 1777/1777/1777 1772/1772/1772 1684/1684/1684 1768/1768/1768
f 1775/1775/1775 1692/1692/1692 1772/1772/1772 1777/1777/1777
f 1695/1695/1695 1687/1687/1687 1688/1688/1688
f 1696/1696/1696 1695/1695/1695 1688/1688/1688 1689/1689/1689
f 1787/1787/1787 1690/1690/1690 1697/1697/1697
f 1689/1689/1689 1787/1787/1787 1696/1696/1696
f 1690/1690/1690 1787/1787/1787 1689/1689/1689
f 1792/1792/1792 1780/1780/1780 1698/1698/1698
f 1780/1780/1780 1690/1690/1690 1691/1691/1691
f 1690/1690/1690 1792/1792/1792 1697/1697/1697
f 1792/1792/1792 1690/1690/1690 1780/1780/1780
f 1699/1699/1699 1778/1778/1778 1781/1781/1781 1779/1779/1779
f 1779/1779/1779 1781/1781/1781 1771/1771/1771 1692/1692/1692
f 1781/1781/1781 1780/1780/1780 1691/1691/1691 1771/1771/1771
f 1778/1778/1778 1698/1698/1698 1780/1780/1780 1781/1781/1781
f 1700/1700/1700 1782/1782/1782 1784/1784/1784 1783/1783/1783
f 1783/1783/1783 1784/1784/1784 1775/1775/1775 1693/1693/1693
f 1784/1784/1784 1779/1779/1779 1692/1692/1692 1775/1775/1775
f 1782/1782/1782 1699/1699/1699 1779/1779/1779 1784/1784/1784
f 1801/1801/1801 1695/1695/1695 1702/1702/1702
f 1695/1695/1695 1801/1801/1801 1694/1694/1694
f 1788/1788/1788 1695/1695/1695 1696/1696/1696
f 1702/1702/1702 1788/1788/1788 1703/1703/1703
f 1695/1695/1695 1788/1788/1788 1702/1702/1702
f 1704/1704/1704 1785/1785/1785 1789/1789/1789 1786/1786/1786
f 1786/1786/1786 1789/1789/1789 1787/1787/1787 1697/1697/1697
f 1789/1789/1789 1788/1788/1788 1696/1696/1696 1787/1787/1787
f 1785/1785/1785 1703/1703/1703 1788/1788/1788 1789/1789/1789
f 1705/1705/1705 1790/1790/1790 1793/1793/1793 1791/1791/1791
f 1791/1791/1791 1793/1793/1793 1792/1792/1792 1698/1698/1698
f 1793/1793/1793 1786/1786/1786 1697/1697/1697 1792/1792/1792
f 1790/1790/1790 1704/1704/1704 1786/1786/1786 1793/1793/1793
f 1706/1706/1706 1794/1794/1794 1796/1796/1796 1795/1795/1795
f 1795/1795/1795 1796/1796/1796 1778/1778/1778 1699/1699/1699
f 1796/1796/1796 1791/1791/1791 1698/1698/1698 1778/1778/1778
f 1794/1794/1794 1705/1705/1705 1791/1791/1791 1796/1796/1796
f 1797/1797/1797 1798/1798/1798 1782/1782/1782 1700/1700/1700
f 1798/1798/1798 1795/1795/1795 1699/1699/1699 1782/1782/1782
f 1708/1708/1708 1799/1799/1799 1803/1803/1803 1800/1800/1800
f 1800/1800/1800 1803/1803/1803 1801/1801/1801 1702/1702/1702
f 1803/1803/1803 1701/1701/1701 1801/1801/1801
f 1799/1799/1799 1802/1802/1802 1803/1803/1803
f 1800/1800/1800 1809/1809/1809 1708/1708/1708
f 1809/1809/1809 1703/1703/1703 1709/1709/1709
f 1703/1703/1703 1800/1800/1800 1702/1702/1702
f 1800/1800/1800 1703/1703/1703 1809/1809/1809
f 1710/1710/1710 1804/1804/1804 1807/1807/1807 1805/1805/1805
f 1805/1805/1805 1807/1807/1807 1799/1799/1799 1708/1708/1708
f 1807/1807/1807 1707/1707/1707 1799/1799/1799
f 1804/1804/1804 1806/1806/1806 1807/1807/1807
f 1810/1810/1810 1805/1805/1805 1708/1708/1708 1809/1809/1809
f 1808/1808/1808 1710/1710/1710 1805/1805/1805 1810/1810/1810
f 1715/1715/1715 1804/1804/1804 1710/1710/1710
f 1714/1714/1714 1804/1804/1804 1715/1715/1715
f 1852/1852/1852 1808/1808/1808 1711/1711/1711
f 1808/1808/1808 1715/1715/1715 1710/1710/1710
f 1715/1715/1715 1852/1852/1852 1716/1716/1716
f 1852/1852/1852 1715/1715/1715 1808/1808/1808
f 1717/1717/1717 1850/1850/1850 1853/1853/1853 1851/1851/1851
f 1849/1849/1849 1853/1853/1853 1811/1811/1811
f 1851/1851/1851 1849/1849/1849 1712/1712/1712
f 1853/1853/1853 1849/1849/1849 1851/1851/1851
f 1853/1853/1853 1852/1852/1852 1711/1711/1711 1811/1811/1811
f 1850/1850/1850 1716/1716/1716 1852/1852/1852 1853/1853/1853
f 1718/1718/1718 1854/1854/1854 1856/1856/1856 1855/1855/1855
f 1856/1856/1856 1713/1713/1713 1855/1855/1855
f 1857/1857/1857 1851/1851/1851 1712/1712/1712
f 1856/1856/1856 1857/1857/1857 1812/1812/1812
f 1851/1851/1851 1857/1857/1857 1856/1856/1856
f 1854/1854/1854 1717/1717/1717 1851/1851/1851 1856/1856/1856
f 1719/1719/1719 1858/1858/1858 1860/1860/1860 1859/1859/1859
f 1858/1858/1858 1718/1718/1718 1855/1855/1855 1860/1860/1860
f 1721/1721/1721 1714/1714/1714 1715/1715/1715
f 1722/1722/1722 1721/1721/1721 1715/1715/1715 1716/1716/1716
f 1850/1850/1850 1722/1722/1722 1716/1716/1716
f 1723/1723/1723 1850/1850/1850 1717/1717/1717
f 1722/1722/1722 1850/1850/1850 1723/1723/1723
f 1854/1854/1854 1723/1723/1723 1717/1717/1717
f 1724/1724/1724 1854/1854/1854 1718/1718/1718
f 1723/1723/1723 1854/1854/1854 1724/1724/1724
f 1858/1858/1858 1724/1724/1724 1718/1718/1718
f 1725/1725/1725 1858/1858/1858 1719/1719/1719
f 1724/1724/1724 1858/1858/1858 1725/1725/1725
f 1728/1728/1728 1720/1720/1720 1721/1721/1721
f 1729/1729/1729 1728/1728/1728 1721/1721/1721 1722/1722/1722
f 1730/1730/1730 1729/1729/1729 1722/1722/1722 1723/1723/1723
f 1731/1731/1731 1730/1730/1730 1723/1723/1723 1724/1724/1724
f 1815/1815/1815 1725/1725/1725 1732/1732/1732
f 1724/1724/1724 1815/1815/1815 1731/1731/1731
f 1725/1725/1725 1815/1815/1815 1724/1724/1724
f 1820/1820/1820 1861/1861/1861 1733/1733/1733
f 1861/1861/1861 1725/1725/1725 1726/1726/1726
f 1725/1725/1725 1820/1820/1820 1732/1732/1732
f 1820/1820/1820 1725/1725/1725 1861/1861/1861
f 1735/1735/1735 1727/1727/1727 1728/1728/1728
f 1736/1736/1736 1735/1735/1735 1728/1728/1728 1729/1729/1729
f 1737/1737/1737 1736/1736/1736 1729/1729/1729 1730/1730/1730
f 1816/1816/1816 1730/1730/1730 1731/1731/1731
f 1737/1737/1737 1816/1816/1816 1738/1738/1738
f 1730/1730/1730 1816/1816/1816 1737/1737/1737
f 1739/1739/1739 1813/1813/1813 1817/1817/1817 1814/1814/1814
f 1814/1814/1814 1817/1817/1817 1815/1815/1815 1732/1732/1732
f 1817/1817/1817 1816/1816/1816 1731/1731/1731 1815/1815/1815
f 1813/1813/1813 1738/1738/1738 1816/1816/1816 1817/1817/1817
f 1740/1740/1740 1818/1818/1818 1821/1821/1821 1819/1819/1819
f 1819/1819/1819 1821/1821/1821 1820/1820/1820 1733/1733/1733
f 1821/1821/1821 1814/1814/1814 1732/1732/1732 1820/1820/1820
f 1818/1818/1818 1739/1739/1739 1814/1814/1814 1821/1821/1821
f 1865/1865/1865 1824/1824/1824 1823/1823/1823
f 1822/1822/1822 1865/1865/1865 1741/1741/1741
f 1824/1824/1824 1865/1865/1865 1822/1822/1822
f 1822/1822/1822 1740/1740/1740 1819/1819/1819 1824/1824/1824
f 1825/1825/1825 1864/1864/1864 1866/1866/1866 1862/1862/1862
f 1866/1866/1866 1865/1865/1865 1823/1823/1823 1863/1863/1863
f 1864/1864/1864 1741/1741/1741 1865/1865/1865 1866/1866/1866
f 1742/1742/1742 1734/1734/1734 1735/1735/1735
f 1743/1743/1743 1742/1742/1742 1735/1735/1735 1736/1736/1736
f 1744/1744/1744 1743/1743/1743 1736/1736/1736 1737/1737/1737
f 1897/1897/1897 1737/1737/1737 1738/1738/1738
f 1744/1744/1744 1897/1897/1897 1745/1745/1745
f 1737/1737/1737 1897/1897/1897 1744/1744/1744
f 1746/1746/1746 1895/1895/1895 1898/1898/1898 1896/1896/1896
f 1896/1896/1896 1898/1898/1898 1813/1813/1813 1739/1739/1739
f 1898/1898/1898 1897/1897/1897 1738/1738/1738 1813/1813/1813
f 1895/1895/1895 1745/1745/1745 1897/1897/1897 1898/1898/1898
f 1747/1747/1747 1899/1899/1899 1900/1900/1900 1877/1877/1877
f 1877/1877/1877 1900/1900/1900 1818/1818/1818 1740/1740/1740
f 1900/1900/1900 1896/1896/1896 1739/1739/1739 1818/1818/1818
f 1899/1899/1899 1746/1746/1746 1896/1896/1896 1900/1900/1900
f 1748/1748/1748 1876/1876/1876 1878/1878/1878 1827/1827/1827
f 1874/1874/1874 1822/1822/1822 1741/1741/1741
f 1878/1878/1878 1874/1874/1874 1827/1827/1827
f 1822/1822/1822 1874/1874/1874 1878/1878/1878
f 1878/1878/1878 1877/1877/1877 1740/1740/1740 1822/1822/1822
f 1876/1876/1876 1747/1747/1747 1877/1877/1877 1878/1878/1878
f 1870/1870/1870 1869/1869/1869 1828/1828/1828 1868/1868/1868
f 1867/1867/1867 1826/1826/1826 1869/1869/1869 1870/1870/1870
f 1825/1825/1825 1872/1872/1872 1871/1871/1871
f 1868/1868/1868 1828/1828/1828 1871/1871/1871 1872/1872/1872
f 1828/1828/1828 1873/1873/1873 1875/1875/1875 1871/1871/1871
f 1871/1871/1871 1875/1875/1875 1864/1864/1864 1825/1825/1825
f 1875/1875/1875 1874/1874/1874 1741/1741/1741 1864/1864/1864
f 1873/1873/1873 1827/1827/1827 1874/1874/1874 1875/1875/1875
f 1869/1869/1869 1873/1873/1873 1828/1828/1828
f 1873/1873/1873 1748/1748/1748 1827/1827/1827
f 1748/1748/1748 1869/1869/1869 1826/1826/1826
f 1869/1869/1869 1748/1748/1748 1873/1873/1873
f 1920/1920/1920 1919/1919/1919 1798/1798/1798
f 1795/1795/1795 1798/1798/1798 1919/1919/1919
f 1797/1797/1797 1920/1920/1920 1798/1798/1798
f 1915/1915/1915 1703/1703/1703 1785/1785/1785
f 1795/1795/1795 1919/1919/1919 1918/1918/1918
f 1704/1704/1704 1915/1915/1915 1785/1785/1785
f 1776/1776/1776 1685/1685/1685 1839/1839/1839
f 1693/1693/1693 1776/1776/1776 1839/1839/1839
f 1925/1925/1925 1700/1700/1700 1926/1926/1926
f 1923/1923/1923 1797/1797/1797 1700/1700/1700
f 1920/1920/1920 1797/1797/1797 1921/1921/1921
f 1700/1700/1700 1925/1925/1925 1924/1924/1924
f 1797/1797/1797 1922/1922/1922 1921/1921/1921
f 1915/1915/1915 1709/1709/1709 1703/1703/1703
f 1915/1915/1915 1704/1704/1704 1916/1916/1916
f 1913/1913/1913 1809/1809/1809 1709/1709/1709
f 1914/1914/1914 1709/1709/1709 1915/1915/1915
f 1912/1912/1912 1810/1810/1810 1913/1913/1913
f 1709/1709/1709 1914/1914/1914 1913/1913/1913
f 1912/1912/1912 1911/1911/1911 1810/1810/1810
f 1810/1810/1810 1809/1809/1809 1913/1913/1913
f 1916/1916/1916 1790/1790/1790 1705/1705/1705
f 1917/1917/1917 1705/1705/1705 1794/1794/1794
f 1794/1794/1794 1706/1706/1706 1917/1917/1917
f 1795/1795/1795 1918/1918/1918 1706/1706/1706
f 1917/1917/1917 1706/1706/1706 1918/1918/1918
f 1916/1916/1916 1705/1705/1705 1917/1917/1917
f 1790/1790/1790 1916/1916/1916 1704/1704/1704
f 1929/1929/1929 1763/1763/1763 1930/1930/1930
f 1930/1930/1930 1763/1763/1763 1845/1845/1845
f 1953/1953/1953 1835/1835/1835 1848/1848/1848
f 1763/1763/1763 1929/1929/1929 1846/1846/1846
f 1928/1928/1928 1846/1846/1846 1929/1929/1929
f 1846/1846/1846 1928/1928/1928 1848/1848/1848
f 1935/1935/1935 1934/1934/1934 1901/1901/1901
f 1903/1903/1903 1901/1901/1901 1934/1934/1934
f 1933/1933/1933 1903/1903/1903 1934/1934/1934
f 1932/1932/1932 1931/1931/1931 1845/1845/1845
f 1930/1930/1930 1845/1845/1845 1931/1931/1931
f 1932/1932/1932 1903/1903/1903 1933/1933/1933
f 1845/1845/1845 1903/1903/1903 1932/1932/1932
f 1839/1839/1839 1954/1954/1954 1693/1693/1693
f 1693/1693/1693 1926/1926/1926 1783/1783/1783
f 1686/1686/1686 1926/1926/1926 1954/1954/1954
f 1954/1954/1954 1839/1839/1839 1686/1686/1686
f 1783/1783/1783 1926/1926/1926 1700/1700/1700
f 1954/1954/1954 1926/1926/1926 1693/1693/1693
f 1924/1924/1924 1923/1923/1923 1700/1700/1700
f 1923/1923/1923 1922/1922/1922 1797/1797/1797
f 1927/1927/1927 1848/1848/1848 1928/1928/1928
f 1953/1953/1953 1678/1678/1678 1835/1835/1835
f 1927/1927/1927 1953/1953/1953 1848/1848/1848
f 1953/1953/1953 1840/1840/1840 1885/1885/1885
f 1927/1927/1927 1686/1686/1686 1953/1953/1953
f 1840/1840/1840 1953/1953/1953 1686/1686/1686
f 1678/1678/1678 1953/1953/1953 1885/1885/1885
f 1926/1926/1926 1686/1686/1686 1927/1927/1927
f 1910/1910/1910 1955/1955/1955 1911/1911/1911
f 1955/1955/1955 1810/1810/1810 1911/1911/1911
f 1711/1711/1711 1955/1955/1955 1910/1910/1910
f 1955/1955/1955 1711/1711/1711 1808/1808/1808
f 1910/1910/1910 1849/1849/1849 1811/1811/1811
f 1910/1910/1910 1811/1811/1811 1711/1711/1711
f 1955/1955/1955 1808/1808/1808 1810/1810/1810
f 1909/1909/1909 1849/1849/1849 1910/1910/1910
f 1857/1857/1857 1909/1909/1909 1908/1908/1908
f 1849/1849/1849 1909/1909/1909 1712/1712/1712
f 1712/1712/1712 1909/1909/1909 1857/1857/1857
f 1908/1908/1908 1812/1812/1812 1857/1857/1857
f 1908/1908/1908 1907/1907/1907 1713/1713/1713
f 1907/1907/1907 1860/1860/1860 1855/1855/1855 1713/1713/1713
f 1713/1713/1713 1856/1856/1856 1812/1812/1812
f 1908/1908/1908 1713/1713/1713 1812/1812/1812
f 1906/1906/1906 1719/1719/1719 1859/1859/1859
f 1956/1956/1956 1726/1726/1726 1725/1725/1725 1719/1719/1719
f 1907/1907/1907 1906/1906/1906 1859/1859/1859
f 1907/1907/1907 1859/1859/1859 1860/1860/1860
f 1904/1904/1904 1956/1956/1956 1905/1905/1905
f 1956/1956/1956 1906/1906/1906 1905/1905/1905
f 1726/1726/1726 1956/1956/1956 1904/1904/1904
f 1957/1957/1957 1861/1861/1861 1726/1726/1726
f 1819/1819/1819 1733/1733/1733 1951/1951/1951 1824/1824/1824
f 1957/1957/1957 1733/1733/1733 1861/1861/1861
f 1906/1906/1906 1956/1956/1956 1719/1719/1719
f 1957/1957/1957 1726/1726/1726 1904/1904/1904
f 1957/1957/1957 1904/1904/1904 1952/1952/1952
f 1952/1952/1952 1951/1951/1951 1733/1733/1733
f 1733/1733/1733 1957/1957/1957 1952/1952/1952
f 1949/1949/1949 1824/1824/1824 1950/1950/1950
f 1951/1951/1951 1950/1950/1950 1824/1824/1824
f 1949/1949/1949 1948/1948/1948 1823/1823/1823
f 1823/1823/1823 1824/1824/1824 1949/1949/1949
f 1945/1945/1945 1823/1823/1823 1946/1946/1946
f 1947/1947/1947 1946/1946/1946 1823/1823/1823
f 1944/1944/1944 1863/1863/1863 1945/1945/1945
f 1823/1823/1823 1945/1945/1945 1863/1863/1863
f 1866/1866/1866 1863/1863/1863 1943/1943/1943
f 1944/1944/1944 1943/1943/1943 1863/1863/1863
f 1823/1823/1823 1948/1948/1948 1947/1947/1947
f 1862/1862/1862 1942/1942/1942 1941/1941/1941
f 1866/1866/1866 1943/1943/1943 1862/1862/1862
f 1862/1862/1862 1943/1943/1943 1942/1942/1942
f 1941/1941/1941 1940/1940/1940 1825/1825/1825
f 1940/1940/1940 1939/1939/1939 1825/1825/1825
f 1872/1872/1872 1825/1825/1825 1939/1939/1939
f 1862/1862/1862 1941/1941/1941 1825/1825/1825
f 1938/1938/1938 1937/1937/1937 1872/1872/1872
f 1872/1872/1872 1939/1939/1939 1938/1938/1938
f 1937/1937/1937 1936/1936/1936 1870/1870/1870
f 1870/1870/1870 1936/1936/1936 1867/1867/1867
f 1868/1868/1868 1937/1937/1937 1870/1870/1870
f 1872/1872/1872 1937/1937/1937 1868/1868/1868
f 1967/1967/1967 1958/1958/1958 1959/1959/1959
f 2011/2011/2011 1959/1959/1959 1960/1960/1960
f 1967/1967/1967 2011/2011/2011 1968/1968/1968
f 1959/1959/1959 2011/2011/2011 1967/1967/1967
f 1969/1969/1969 2008/2008/2008 2012/2012/2012 2009/2009/2009
f 2009/2009/2009 2012/2012/2012 2010/2010/2010 1961/1961/1961
f 2012/2012/2012 2011/2011/2011 1960/1960/1960 2010/2010/2010
f 2008/2008/2008 1968/1968/1968 2011/2011/2011 2012/2012/2012
f 1970/1970/1970 2055/2055/2055 2059/2059/2059 2056/2056/2056
f 2056/2056/2056 2059/2059/2059 2057/2057/2057 2014/2014/2014
f 2059/2059/2059 2058/2058/2058 2016/2016/2016 2057/2057/2057
f 2055/2055/2055 2013/2013/2013 2058/2058/2058 2059/2059/2059
f 2057/2057/2057 1962/1962/1962 2014/2014/2014
f 2015/2015/2015 2057/2057/2057 2016/2016/2016
f 1962/1962/1962 2057/2057/2057 2015/2015/2015
f 2016/2016/2016 2009/2009/2009 1961/1961/1961 2015/2015/2015
f 2058/2058/2058 2009/2009/2009 2016/2016/2016
f 1969/1969/1969 2058/2058/2058 2013/2013/2013
f 2009/2009/2009 2058/2058/2058 1969/1969/1969
f 1971/1971/1971 2063/2063/2063 2067/2067/2067 2064/2064/2064
f 2064/2064/2064 2067/2067/2067 2065/2065/2065 2018/2018/2018
f 2067/2067/2067 2066/2066/2066 2020/2020/2020 2065/2065/2065
f 2063/2063/2063 2017/2017/2017 2066/2066/2066 2067/2067/2067
f 2065/2065/2065 1963/1963/1963 2018/2018/2018
f 2019/2019/2019 2065/2065/2065 2020/2020/2020
f 1963/1963/1963 2065/2065/2065 2019/2019/2019
f 2072/2072/2072 2019/2019/2019 2020/2020/2020
f 1962/1962/1962 2072/2072/2072 2014/2014/2014
f 2019/2019/2019 2072/2072/2072 1962/1962/1962
f 2017/2017/2017 2071/2071/2071 2073/2073/2073 2066/2066/2066
f 2066/2066/2066 2073/2073/2073 2072/2072/2072 2020/2020/2020
f 2073/2073/2073 2056/2056/2056 2014/2014/2014 2072/2072/2072
f 2071/2071/2071 1970/1970/1970 2056/2056/2056 2073/2073/2073
f 1972/1972/1972 2074/2074/2074 2078/2078/2078 2075/2075/2075
f 2075/2075/2075 2078/2078/2078 2076/2076/2076 2022/2022/2022
f 2078/2078/2078 2077/2077/2077 2024/2024/2024 2076/2076/2076
f 2074/2074/2074 2021/2021/2021 2077/2077/2077 2078/2078/2078
f 2076/2076/2076 1964/1964/1964 2022/2022/2022
f 2023/2023/2023 2076/2076/2076 2024/2024/2024
f 1964/1964/1964 2076/2076/2076 2023/2023/2023
f 2083/2083/2083 2023/2023/2023 2024/2024/2024
f 1963/1963/1963 2083/2083/2083 2018/2018/2018
f 2023/2023/2023 2083/2083/2083 1963/1963/1963
f 2021/2021/2021 2082/2082/2082 2084/2084/2084 2077/2077/2077
f 2077/2077/2077 2084/2084/2084 2083/2083/2083 2024/2024/2024
f 2084/2084/2084 2064/2064/2064 2018/2018/2018 2083/2083/2083
f 2082/2082/2082 1971/1971/1971 2064/2064/2064 2084/2084/2084
f 2086/2086/2086 2089/2089/2089 2087/2087/2087 2026/2026/2026
f 2089/2089/2089 2088/2088/2088 2028/2028/2028 2087/2087/2087
f 2085/2085/2085 2025/2025/2025 2088/2088/2088 2089/2089/2089
f 2087/2087/2087 1965/1965/1965 2026/2026/2026
f 2027/2027/2027 2087/2087/2087 2028/2028/2028
f 1965/1965/1965 2087/2087/2087 2027/2027/2027
f 2092/2092/2092 2027/2027/2027 2028/2028/2028
f 1964/1964/1964 2092/2092/2092 2022/2022/2022
f 2027/2027/2027 2092/2092/2092 1964/1964/1964
f 2025/2025/2025 2091/2091/2091 2093/2093/2093 2088/2088/2088
f 2088/2088/2088 2093/2093/2093 2092/2092/2092 2028/2028/2028
f 2093/2093/2093 2075/2075/2075 2022/2022/2022 2092/2092/2092
f 2091/2091/2091 1972/1972/1972 2075/2075/2075 2093/2093/2093
f 2147/2147/2147 2146/2146/2146 2029/2029/2029 2145/2145/2145
f 2094/2094/2094 2146/2146/2146 2030/2030/2030
f 2146/2146/2146 1965/1965/1965 2029/2029/2029
f 1965/1965/1965 2094/2094/2094 2026/2026/2026
f 2094/2094/2094 1965/1965/1965 2146/2146/2146
f 2095/2095/2095 2086/2086/2086 2026/2026/2026 2094/2094/2094
f 1974/1974/1974 1966/1966/1966 1967/1967/1967
f 2033/2033/2033 1967/1967/1967 1968/1968/1968
f 1974/1974/1974 2033/2033/2033 1975/1975/1975
f 1967/1967/1967 2033/2033/2033 1974/1974/1974
f 1976/1976/1976 2031/2031/2031 2034/2034/2034 2032/2032/2032
f 2032/2032/2032 2034/2034/2034 2008/2008/2008 1969/1969/1969
f 2034/2034/2034 2033/2033/2033 1968/1968/1968 2008/2008/2008
f 2031/2031/2031 1975/1975/1975 2033/2033/2033 2034/2034/2034
f 1977/1977/1977 2060/2060/2060 2062/2062/2062 2061/2061/2061
f 2055/2055/2055 2062/2062/2062 2013/2013/2013
f 2061/2061/2061 2055/2055/2055 1970/1970/1970
f 2062/2062/2062 2055/2055/2055 2061/2061/2061
f 2062/2062/2062 2032/2032/2032 1969/1969/1969 2013/2013/2013
f 2060/2060/2060 1976/1976/1976 2032/2032/2032 2062/2062/2062
f 1978/1978/1978 2068/2068/2068 2070/2070/2070 2069/2069/2069
f 2063/2063/2063 2070/2070/2070 2017/2017/2017
f 2069/2069/2069 2063/2063/2063 1971/1971/1971
f 2070/2070/2070 2063/2063/2063 2069/2069/2069
f 2071/2071/2071 2061/2061/2061 1970/1970/1970
f 2070/2070/2070 2071/2071/2071 2017/2017/2017
f 2061/2061/2061 2071/2071/2071 2070/2070/2070
f 2068/2068/2068 1977/1977/1977 2061/2061/2061 2070/2070/2070
f 1979/1979/1979 2079/2079/2079 2081/2081/2081 2080/2080/2080
f 2074/2074/2074 2081/2081/2081 2021/2021/2021
f 2080/2080/2080 2074/2074/2074 1972/1972/1972
f 2081/2081/2081 2074/2074/2074 2080/2080/2080
f 2082/2082/2082 2069/2069/2069 1971/1971/1971
f 2081/2081/2081 2082/2082/2082 2021/2021/2021
f 2069/2069/2069 2082/2082/2082 2081/2081/2081
f 2079/2079/2079 1978/1978/1978 2069/2069/2069 2081/2081/2081
f 2091/2091/2091 2080/2080/2080 1972/1972/1972
f 2090/2090/2090 2091/2091/2091 2025/2025/2025
f 2080/2080/2080 2091/2091/2091 2090/2090/2090
f 2090/2090/2090 1979/1979/1979 2080/2080/2080
f 1981/1981/1981 1973/1973/1973 1974/1974/1974
f 2037/2037/2037 1974/1974/1974 1975/1975/1975
f 1981/1981/1981 2037/2037/2037 1982/1982/1982
f 1974/1974/1974 2037/2037/2037 1981/1981/1981
f 1983/1983/1983 2035/2035/2035 2038/2038/2038 2036/2036/2036
f 2036/2036/2036 2038/2038/2038 2031/2031/2031 1976/1976/1976
f 2038/2038/2038 2037/2037/2037 1975/1975/1975 2031/2031/2031
f 2035/2035/2035 1982/1982/1982 2037/2037/2037 2038/2038/2038
f 2060/2060/2060 2036/2036/2036 1976/1976/1976
f 2036/2036/2036 1984/1984/1984 1983/1983/1983
f 1984/1984/1984 2060/2060/2060 1977/1977/1977
f 2060/2060/2060 1984/1984/1984 2036/2036/2036
f 2068/2068/2068 1984/1984/1984 1977/1977/1977
f 1985/1985/1985 2068/2068/2068 1978/1978/1978
f 1984/1984/1984 2068/2068/2068 1985/1985/1985
f 2079/2079/2079 1985/1985/1985 1978/1978/1978
f 1986/1986/1986 2079/2079/2079 1979/1979/1979
f 1985/1985/1985 2079/2079/2079 1986/1986/1986
f 2044/2044/2044 1981/1981/1981 1988/1988/1988
f 1981/1981/1981 2044/2044/2044 1980/1980/1980
f 1982/1982/1982 1988/1988/1988 1981/1981/1981
f 2039/2039/2039 2041/2041/2041 2035/2035/2035 1983/1983/1983
f 2041/2041/2041 2040/2040/2040 1982/1982/1982 2035/2035/2035
f 1989/1989/1989 1983/1983/1983 1984/1984/1984
f 1990/1990/1990 1989/1989/1989 1984/1984/1984 1985/1985/1985
f 1986/1986/1986 1990/1990/1990 1985/1985/1985
f 2043/2043/2043 2046/2046/2046 2044/2044/2044 1988/1988/1988
f 2046/2046/2046 1987/1987/1987 2044/2044/2044
f 2042/2042/2042 2045/2045/2045 2046/2046/2046
f 2099/2099/2099 2047/2047/2047 2097/2097/2097
f 2096/2096/2096 2098/2098/2098 2099/2099/2099
f 2118/2118/2118 2116/2116/2116 2000/2000/2000
f 2116/2116/2116 2118/2118/2118 2050/2050/2050
f 2111/2111/2111 2102/2102/2102 2112/2112/2112 2113/2113/2113
f 2101/2101/2101 2119/2119/2119 2121/2121/2121 2110/2110/2110
f 2110/2110/2110 2121/2121/2121 2111/2111/2111 2103/2103/2103
f 2121/2121/2121 2120/2120/2120 2102/2102/2102 2111/2111/2111
f 2119/2119/2119 2049/2049/2049 2120/2120/2120 2121/2121/2121
f 2120/2120/2120 2117/2117/2117 2102/2102/2102
f 2114/2114/2114 2120/2120/2120 2049/2049/2049
f 2117/2117/2117 2120/2120/2120 2114/2114/2114
f 2112/2112/2112 2115/2115/2115 2051/2051/2051
f 2117/2117/2117 2112/2112/2112 2102/2102/2102
f 2115/2115/2115 2112/2112/2112 2117/2117/2117
f 2117/2117/2117 2116/2116/2116 2050/2050/2050 2115/2115/2115
f 2114/2114/2114 2000/2000/2000 2116/2116/2116 2117/2117/2117
f 2001/2001/2001 1995/1995/1995 1996/1996/1996
f 2003/2003/2003 2128/2128/2128 2131/2131/2131 2129/2129/2129
f 2128/2128/2128 2002/2002/2002 2130/2130/2130 2131/2131/2131
f 2004/2004/2004 2132/2132/2132 2134/2134/2134 2133/2133/2133
f 2134/2134/2134 1997/1997/1997 2133/2133/2133
f 2132/2132/2132 2003/2003/2003 2129/2129/2129 2134/2134/2134
f 2005/2005/2005 2135/2135/2135 2138/2138/2138 2136/2136/2136
f 2136/2136/2136 2138/2138/2138 2137/2137/2137 1998/1998/1998
f 2138/2138/2138 2133/2133/2133 1997/1997/1997 2137/2137/2137
f 2135/2135/2135 2004/2004/2004 2133/2133/2133 2138/2138/2138
f 2006/2006/2006 2139/2139/2139 2142/2142/2142 2140/2140/2140
f 2140/2140/2140 2142/2142/2142 2141/2141/2141 1999/1999/1999
f 2142/2142/2142 2136/2136/2136 1998/1998/1998 2141/2141/2141
f 2139/2139/2139 2005/2005/2005 2136/2136/2136 2142/2142/2142
f 2007/2007/2007 2143/2143/2143 2144/2144/2144 2053/2053/2053
f 2053/2053/2053 2144/2144/2144 2118/2118/2118 2000/2000/2000
f 2144/2144/2144 2140/2140/2140 1999/1999/1999 2118/2118/2118
f 2143/2143/2143 2006/2006/2006 2140/2140/2140 2144/2144/2144
f 2107/2107/2107 2106/2106/2106 2054/2054/2054 2105/2105/2105
f 2104/2104/2104 2052/2052/2052 2106/2106/2106 2107/2107/2107
f 2125/2125/2125 2124/2124/2124 2109/2109/2109 2123/2123/2123
f 2122/2122/2122 2105/2105/2105 2124/2124/2124 2125/2125/2125
f 2123/2123/2123 2109/2109/2109 2126/2126/2126 2127/2127/2127
f 2126/2126/2126 2119/2119/2119 2101/2101/2101
f 2119/2119/2119 2108/2108/2108 2049/2049/2049
f 2108/2108/2108 2126/2126/2126 2109/2109/2109
f 2126/2126/2126 2108/2108/2108 2119/2119/2119
f 2124/2124/2124 2108/2108/2108 2109/2109/2109
f 2054/2054/2054 2124/2124/2124 2105/2105/2105
f 2108/2108/2108 2124/2124/2124 2054/2054/2054
f 2108/2108/2108 2114/2114/2114 2049/2049/2049
f 2114/2114/2114 2053/2053/2053 2000/2000/2000
f 2053/2053/2053 2108/2108/2108 2054/2054/2054
f 2108/2108/2108 2053/2053/2053 2114/2114/2114
f 2106/2106/2106 2053/2053/2053 2054/2054/2054
f 2007/2007/2007 2106/2106/2106 2052/2052/2052
f 2053/2053/2053 2106/2106/2106 2007/2007/2007
f 2040/2040/2040 1988/1988/1988 1982/1982/1982
f 2219/2219/2219 1988/1988/1988 2040/2040/2040
f 2199/2199/2199 2198/2198/2198 1988/1988/1988
f 1988/1988/1988 2198/2198/2198 2197/2197/2197
f 2202/2202/2202 2201/2201/2201 2219/2219/2219
f 1988/1988/1988 2201/2201/2201 2200/2200/2200
f 2199/2199/2199 1988/1988/1988 2200/2200/2200
f 2197/2197/2197 2043/2043/2043 1988/1988/1988
f 2202/2202/2202 2219/2219/2219 2203/2203/2203
f 1989/1989/1989 2039/2039/2039 1983/1983/1983
f 2039/2039/2039 1989/1989/1989 2219/2219/2219
f 2206/2206/2206 2219/2219/2219 1989/1989/1989
f 2041/2041/2041 2039/2039/2039 2219/2219/2219
f 2041/2041/2041 2219/2219/2219 2040/2040/2040
f 2219/2219/2219 2206/2206/2206 2205/2205/2205
f 2219/2219/2219 2205/2205/2205 2204/2204/2204
f 2219/2219/2219 2204/2204/2204 2203/2203/2203
f 2201/2201/2201 1988/1988/1988 2219/2219/2219
f 2207/2207/2207 2206/2206/2206 1989/1989/1989
f 2194/2194/2194 2046/2046/2046 2195/2195/2195
f 2196/2196/2196 2195/2195/2195 2043/2043/2043
f 2046/2046/2046 2043/2043/2043 2195/2195/2195
f 2043/2043/2043 2197/2197/2197 2196/2196/2196
f 1991/1991/1991 2193/2193/2193 2192/2192/2192
f 2194/2194/2194 2193/2193/2193 2042/2042/2042
f 2193/2193/2193 1991/1991/1991 2042/2042/2042
f 2046/2046/2046 2194/2194/2194 2042/2042/2042
f 2097/2097/2097 1991/1991/1991 2192/2192/2192
f 2209/2209/2209 2208/2208/2208 1989/1989/1989
f 1989/1989/1989 2210/2210/2210 2209/2209/2209
f 1989/1989/1989 2212/2212/2212 2211/2211/2211
f 1989/1989/1989 1990/1990/1990 2213/2213/2213
f 2213/2213/2213 2212/2212/2212 1989/1989/1989
f 2210/2210/2210 1989/1989/1989 2211/2211/2211
f 2207/2207/2207 1989/1989/1989 2208/2208/2208
f 2214/2214/2214 2213/2213/2213 1990/1990/1990
f 2177/2177/2177 2094/2094/2094 2178/2178/2178
f 2178/2178/2178 2094/2094/2094 2030/2030/2030
f 2176/2176/2176 2175/2175/2175 2086/2086/2086
f 2089/2089/2089 2086/2086/2086 2175/2175/2175
f 2177/2177/2177 2176/2176/2176 2095/2095/2095
f 2086/2086/2086 2095/2095/2095 2176/2176/2176
f 2094/2094/2094 2177/2177/2177 2095/2095/2095
f 2175/2175/2175 2085/2085/2085 2089/2089/2089
f 2183/2183/2183 2147/2147/2147 2145/2145/2145
f 2145/2145/2145 2184/2184/2184 2183/2183/2183
f 2183/2183/2183 2182/2182/2182 2147/2147/2147
f 2180/2180/2180 2179/2179/2179 2030/2030/2030
f 2178/2178/2178 2030/2030/2030 2179/2179/2179
f 2147/2147/2147 2182/2182/2182 2181/2181/2181
f 2181/2181/2181 2180/2180/2180 2146/2146/2146
f 2181/2181/2181 2146/2146/2146 2147/2147/2147
f 2030/2030/2030 2146/2146/2146 2180/2180/2180
f 2220/2220/2220 1986/1986/1986 1979/1979/1979
f 1990/1990/1990 1986/1986/1986 2221/2221/2221
f 2217/2217/2217 2216/2216/2216 1990/1990/1990
f 1986/1986/1986 2220/2220/2220 2221/2221/2221
f 2221/2221/2221 2217/2217/2217 1990/1990/1990
f 2170/2170/2170 2218/2218/2218 2221/2221/2221
f 2218/2218/2218 2217/2217/2217 2221/2221/2221
f 2215/2215/2215 1990/1990/1990 2216/2216/2216
f 2215/2215/2215 2214/2214/2214 1990/1990/1990
f 2170/2170/2170 2221/2221/2221 2171/2171/2171
f 2085/2085/2085 2090/2090/2090 2025/2025/2025
f 2175/2175/2175 2174/2174/2174 2085/2085/2085
f 2085/2085/2085 2174/2174/2174 2173/2173/2173
f 2173/2173/2173 2090/2090/2090 2085/2085/2085
f 2172/2172/2172 2171/2171/2171 2220/2220/2220
f 2221/2221/2221 2220/2220/2220 2171/2171/2171
f 2173/2173/2173 2172/2172/2172 2222/2222/2222
f 2220/2220/2220 2222/2222/2222 2172/2172/2172
f 2090/2090/2090 2173/2173/2173 2222/2222/2222
f 1979/1979/1979 2090/2090/2090 2222/2222/2222
f 1979/1979/1979 2222/2222/2222 2220/2220/2220
f 2048/2048/2048 2189/2189/2189 2188/2188/2188
f 2189/2189/2189 2100/2100/2100 2190/2190/2190
f 2223/2223/2223 2224/2224/2224 1994/1994/1994
f 1993/1993/1993 2187/2187/2187 2223/2223/2223
f 2191/2191/2191 2099/2099/2099 2097/2097/2097
f 2096/2096/2096 2099/2099/2099 2190/2190/2190
f 2191/2191/2191 2190/2190/2190 2099/2099/2099
f 2100/2100/2100 2096/2096/2096 2190/2190/2190
f 2187/2187/2187 2186/2186/2186 2223/2223/2223
f 1992/1992/1992 2188/2188/2188 2187/2187/2187
f 2185/2185/2185 2224/2224/2224 2186/2186/2186
f 2223/2223/2223 2186/2186/2186 2224/2224/2224
f 1995/1995/1995 2185/2185/2185 2169/2169/2169
f 1996/1996/1996 2168/2168/2168 2167/2167/2167
f 2168/2168/2168 1996/1996/1996 2169/2169/2169
f 2169/2169/2169 1996/1996/1996 1995/1995/1995
f 2002/2002/2002 2001/2001/2001 2130/2130/2130
f 1996/1996/1996 2130/2130/2130 2001/2001/2001
f 2225/2225/2225 2130/2130/2130 1996/1996/1996
f 2130/2130/2130 2225/2225/2225 2131/2131/2131
f 1995/1995/1995 2224/2224/2224 2185/2185/2185
f 2225/2225/2225 2166/2166/2166 2165/2165/2165
f 1997/1997/1997 2164/2164/2164 2163/2163/2163
f 2164/2164/2164 2225/2225/2225 2165/2165/2165
f 2129/2129/2129 2131/2131/2131 2225/2225/2225
f 2225/2225/2225 2167/2167/2167 2166/2166/2166
f 1997/1997/1997 2134/2134/2134 2225/2225/2225
f 2129/2129/2129 2225/2225/2225 2134/2134/2134
f 2137/2137/2137 1997/1997/1997 2163/2163/2163
f 2164/2164/2164 1997/1997/1997 2225/2225/2225
f 2167/2167/2167 2225/2225/2225 1996/1996/1996
f 2158/2158/2158 2157/2157/2157 2115/2115/2115
f 2157/2157/2157 2156/2156/2156 2115/2115/2115
f 2050/2050/2050 2159/2159/2159 2158/2158/2158
f 2160/2160/2160 2159/2159/2159 2118/2118/2118
f 2050/2050/2050 2118/2118/2118 2159/2159/2159
f 2158/2158/2158 2115/2115/2115 2050/2050/2050
f 1999/1999/1999 2161/2161/2161 2160/2160/2160
f 2154/2154/2154 2051/2051/2051 2155/2155/2155
f 2051/2051/2051 2156/2156/2156 2155/2155/2155
f 2154/2154/2154 2153/2153/2153 2112/2112/2112
f 2112/2112/2112 2051/2051/2051 2154/2154/2154
f 2153/2153/2153 2152/2152/2152 2113/2113/2113
f 2152/2152/2152 2151/2151/2151 2113/2113/2113
f 2111/2111/2111 2113/2113/2113 2151/2151/2151
f 2103/2103/2103 2111/2111/2111 2151/2151/2151
f 2112/2112/2112 2153/2153/2153 2113/2113/2113
f 2156/2156/2156 2051/2051/2051 2115/2115/2115
f 2141/2141/2141 2162/2162/2162 2161/2161/2161
f 1998/1998/1998 2162/2162/2162 2141/2141/2141
f 2150/2150/2150 2110/2110/2110 2103/2103/2103
f 2161/2161/2161 1999/1999/1999 2141/2141/2141
f 2137/2137/2137 2162/2162/2162 1998/1998/1998
f 1999/1999/1999 2160/2160/2160 2118/2118/2118
f 2150/2150/2150 2126/2126/2126 2101/2101/2101
f 2150/2150/2150 2101/2101/2101 2110/2110/2110
f 2149/2149/2149 2127/2127/2127 2150/2150/2150
f 2149/2149/2149 2125/2125/2125 2123/2123/2123
f 2122/2122/2122 2125/2125/2125 2149/2149/2149
f 2127/2127/2127 2149/2149/2149 2123/2123/2123
f 2126/2126/2126 2150/2150/2150 2127/2127/2127
f 2122/2122/2122 2107/2107/2107 2105/2105/2105
f 2122/2122/2122 2148/2148/2148 2107/2107/2107
f 2104/2104/2104 2107/2107/2107 2148/2148/2148
f 2149/2149/2149 2148/2148/2148 2122/2122/2122
f 2151/2151/2151 2150/2150/2150 2103/2103/2103
f 2137/2137/2137 2163/2163/2163 2162/2162/2162
f 2097/2097/2097 2192/2192/2192 2191/2191/2191
