# Rhino

o object_1
v -3872.35693359375 271.89620971679688 -24431.43359375
v -3872.29931640625 287.34735107421875 -24431.412109375
v -3862.6650390625 279.58944702148438 -24434.080078125
v -3859.2841796875 279.58737182617188 -24441.568359375
v -3859.971923828125 279.59576416015625 -24445.69921875
v -3865.595947265625 279.62515258789062 -24451.6875
v -3877.39013671875 271.94073486328125 -24449.740234375
v -3877.332275390625 287.39190673828125 -24449.71875
v -3859.298828125 275.72457885742188 -24441.57421875
v -3860.22998046875 279.58517456054688 -24437.48828125
v -3862.679443359375 275.72665405273438 -24434.0859375
v -3860.244384765625 275.72238159179688 -24437.494140625
v -3859.269775390625 283.45016479492188 -24441.5625
v -3862.650634765625 283.45223999023438 -24434.07421875
v -3860.215576171875 283.44793701171875 -24437.482421875
v -3865.6103515625 275.76235961914062 -24451.693359375
v -3862.1884765625 279.6090087890625 -24449.25390625
v -3859.986328125 275.73297119140625 -24445.705078125
v -3862.202880859375 275.7462158203125 -24449.2578125
v -3865.58154296875 283.48794555664062 -24451.68359375
v -3859.95751953125 283.45852661132812 -24445.693359375
v -3862.173828125 283.4718017578125 -24449.248046875
v -3877.370849609375 277.09112548828125 -24449.732421875
v -3877.3515625 282.24151611328125 -24449.7265625
v -3872.318603515625 282.19696044921875 -24431.419921875
v -3872.337646484375 277.04656982421875 -24431.427734375
v -3874.275390625 287.38333129882812 -24451.732421875
v -3870.718994140625 287.37127685546875 -24452.603515625
v -3867.0771484375 287.35714721679688 -24452.2265625
v -3863.773681640625 287.34259033203125 -24450.6484375
v -3861.192626953125 287.32931518554688 -24448.052734375
v -3859.63427734375 287.31884765625 -24444.740234375
v -3859.27978515625 287.31240844726562 -24441.095703125
v -3860.1708984375 287.31072998046875 -24437.544921875
v -3862.203369140625 287.31402587890625 -24434.5
v -3865.140869140625 287.3218994140625 -24432.314453125
v -3868.64208984375 287.33346557617188 -24431.244140625
v -3868.36865234375 271.88113403320312 -24431.3125
v -3864.611572265625 271.8690185546875 -24432.65625
v -3861.604736328125 271.86148071289062 -24435.279296875
v -3859.763916015625 271.85958862304688 -24438.8203125
v -3859.34326171875 271.86361694335938 -24442.7890625
v -3860.401123046875 271.87295532226562 -24446.634765625
v -3862.791259765625 271.88638305664062 -24449.830078125
v -3866.18310546875 271.90200805664062 -24451.931640625
v -3870.1083984375 271.91766357421875 -24452.650390625
v -3874.0244140625 271.93118286132812 -24451.884765625
v -3873.807373046875 279.65615844726562 -24451.9453125
v -3872.189697265625 316.723876953125 -24431.37109375
v -3872.247314453125 301.27273559570312 -24431.392578125
v -3862.555419921875 308.96597290039062 -24434.0390625
v -3859.174560546875 308.96389770507812 -24441.52734375
v -3859.8623046875 308.9722900390625 -24445.658203125
v -3865.486328125 309.00167846679688 -24451.646484375
v -3877.22265625 316.7684326171875 -24449.677734375
v -3877.280517578125 301.3172607421875 -24449.69921875
v -3859.16015625 312.82669067382812 -24441.521484375
v -3860.120361328125 308.961669921875 -24437.447265625
v -3862.541015625 312.82876586914062 -24434.033203125
v -3860.10595703125 312.824462890625 -24437.44140625
v -3859.189208984375 305.10110473632812 -24441.53125
v -3862.56982421875 305.10317993164062 -24434.044921875
v -3860.134765625 305.09890747070312 -24437.451171875
v -3865.471923828125 312.86447143554688 -24451.640625
v -3862.07861328125 308.98553466796875 -24449.2109375
v -3859.847900390625 312.83505249023438 -24445.65234375
v -3862.064208984375 312.84832763671875 -24449.20703125
v -3865.500732421875 305.13888549804688 -24451.65234375
v -3859.876708984375 305.1094970703125 -24445.6640625
v -3862.09326171875 305.12274169921875 -24449.216796875
v -3877.241943359375 311.6180419921875 -24449.685546875
v -3877.26123046875 306.4676513671875 -24449.69140625
v -3872.22802734375 306.423095703125 -24431.384765625
v -3872.208984375 311.573486328125 -24431.37890625
v -3873.914794921875 301.30770874023438 -24451.841796875
v -3869.998779296875 301.294189453125 -24452.609375
v -3866.073486328125 301.27853393554688 -24451.890625
v -3862.681640625 301.26290893554688 -24449.7890625
v -3860.29150390625 301.24948120117188 -24446.59375
v -3859.233642578125 301.24014282226562 -24442.74609375
v -3859.654296875 301.23611450195312 -24438.779296875
v -3861.4951171875 301.23800659179688 -24435.23828125
v -3864.501953125 301.24554443359375 -24432.615234375
v -3868.259033203125 301.25765991210938 -24431.271484375
v -3868.201416015625 316.70883178710938 -24431.25
v -3864.444091796875 316.69668579101562 -24432.59375
v -3861.4375 316.68917846679688 -24435.216796875
v -3859.5966796875 316.68728637695312 -24438.7578125
v -3859.176025390625 316.6912841796875 -24442.724609375
v -3860.23388671875 316.70065307617188 -24446.572265625
v -3862.623779296875 316.71408081054688 -24449.767578125
v -3866.015869140625 316.72967529296875 -24451.869140625
v -3869.94091796875 316.74533081054688 -24452.5859375
v -3873.85693359375 316.75888061523438 -24451.8203125
v -3873.69775390625 309.03268432617188 -24451.904296875
v -3885.11669921875 316.75509643554688 -24419.275390625
v -3872.189697265625 316.723876953125 -24431.37109375
v -3872.247314453125 301.27273559570312 -24431.392578125
v -3872.208984375 311.573486328125 -24431.37890625
v -3872.22802734375 306.423095703125 -24431.384765625
v -3885.17431640625 301.303955078125 -24419.296875
v -3885.155029296875 306.454345703125 -24419.2890625
v -3885.135986328125 311.60470581054688 -24419.28125
v -3872.4248046875 301.267578125 -24427.259765625
v -3874.15234375 301.26873779296875 -24423.5
v -3877.173095703125 301.27603149414062 -24420.673828125
v -3881.03857421875 301.28836059570312 -24419.19921875
v -3880.980712890625 316.73953247070312 -24419.177734375
v -3877.115478515625 316.7271728515625 -24420.65234375
v -3874.0947265625 316.71987915039062 -24423.478515625
v -3872.3671875 316.71871948242188 -24427.23828125
v -3880.486572265625 316.767333984375 -24440.23828125
v -3880.54443359375 301.316162109375 -24440.259765625
v -3890.149658203125 316.79965209960938 -24437.58203125
v -3890.20751953125 301.34848022460938 -24437.603515625
v -3890.1689453125 311.64926147460938 -24437.587890625
v -3890.188232421875 306.49887084960938 -24437.595703125
v -3880.525146484375 306.466552734375 -24440.251953125
v -3880.505859375 311.616943359375 -24440.24609375
v -3887.3359375 301.34048461914062 -24439.53515625
v -3883.99951171875 301.32931518554688 -24440.451171875
v -3883.941650390625 316.78048706054688 -24440.4296875
v -3887.2783203125 316.79165649414062 -24439.51171875
v -3877.22265625 316.7684326171875 -24449.677734375
v -3877.280517578125 301.3172607421875 -24449.69921875
v -3880.486572265625 316.767333984375 -24440.23828125
v -3880.54443359375 301.316162109375 -24440.259765625
v -3880.5087890625 301.32089233398438 -24443.70703125
v -3879.382080078125 301.32125854492188 -24446.966796875
v -3879.324462890625 316.77243041992188 -24446.943359375
v -3880.451171875 316.77203369140625 -24443.685546875
v -3877.26123046875 306.4676513671875 -24449.69140625
v -3877.241943359375 311.6180419921875 -24449.685546875
v -3880.505859375 311.616943359375 -24440.24609375
v -3880.525146484375 306.466552734375 -24440.251953125
v -3903.07666015625 316.83087158203125 -24425.484375
v -3903.134521484375 301.37969970703125 -24425.505859375
v -3903.582275390625 309.08572387695312 -24410.322265625
v -3896.094482421875 309.05300903320312 -24406.94140625
v -3888.409423828125 309.02841186523438 -24409.845703125
v -3885.17431640625 301.303955078125 -24419.296875
v -3896.080078125 312.91580200195312 -24406.9375
v -3900.174560546875 309.069580078125 -24407.888671875
v -3903.56787109375 312.94851684570312 -24410.318359375
v -3900.16015625 312.932373046875 -24407.8828125
v -3896.10888671875 305.19021606445312 -24406.947265625
v -3903.5966796875 305.22293090820312 -24410.328125
v -3900.18896484375 305.206787109375 -24407.892578125
v -3888.39501953125 312.89120483398438 -24409.841796875
v -3891.963134765625 309.03857421875 -24407.62890625
v -3891.94873046875 312.9013671875 -24407.625
v -3888.423828125 305.1656494140625 -24409.8515625
v -3891.9775390625 305.17578125 -24407.634765625
v -3885.31689453125 301.29885864257812 -24415.3125
v -3886.90380859375 301.29965209960938 -24411.654296875
v -3889.716064453125 301.30615234375 -24408.828125
v -3893.36572265625 301.31753540039062 -24407.224609375
v -3897.34912109375 301.3321533203125 -24407.0625
v -3901.116943359375 301.34805297851562 -24408.365234375
v -3904.149658203125 301.36300659179688 -24410.953125
v -3906.028564453125 301.37496948242188 -24414.46875
v -3906.494384765625 301.38229370117188 -24418.4296875
v -3905.483154296875 301.38394165039062 -24422.28515625
v -3905.425537109375 316.83511352539062 -24422.263671875
v -3906.436767578125 316.83343505859375 -24418.40625
v -3905.970703125 316.82614135742188 -24414.447265625
v -3904.092041015625 316.81417846679688 -24410.931640625
v -3901.059326171875 316.79922485351562 -24408.34375
v -3897.29150390625 316.7833251953125 -24407.041015625
v -3893.30810546875 316.7686767578125 -24407.203125
v -3889.658447265625 316.75732421875 -24408.806640625
v -3886.84619140625 316.75079345703125 -24411.6328125
v -3885.25927734375 316.75003051757812 -24415.291015625
v -3903.115234375 306.53009033203125 -24425.5
v -3903.095947265625 311.68048095703125 -24425.4921875
v -3885.11669921875 316.75509643554688 -24419.275390625
v -3885.135986328125 311.60470581054688 -24419.28125
v -3885.155029296875 306.454345703125 -24419.2890625
v -3905.540771484375 309.10958862304688 -24422.087890625
v -3905.798583984375 309.0989990234375 -24413.876953125
v -3893.41357421875 316.79855346679688 -24428.142578125
v -3893.471435546875 301.34738159179688 -24428.1640625
v -3903.07666015625 316.83087158203125 -24425.484375
v -3903.134521484375 301.37969970703125 -24425.505859375
v -3903.095947265625 311.68048095703125 -24425.4921875
v -3903.115234375 306.53009033203125 -24425.5
v -3893.4521484375 306.49777221679688 -24428.15625
v -3893.432861328125 311.64816284179688 -24428.1484375
v -3900.262939453125 301.3717041015625 -24427.4375
v -3896.926513671875 301.36053466796875 -24428.35546875
v -3896.86865234375 316.81170654296875 -24428.333984375
v -3900.205322265625 316.8228759765625 -24427.416015625
v -3890.149658203125 316.79965209960938 -24437.58203125
v -3890.20751953125 301.34848022460938 -24437.603515625
v -3893.41357421875 316.79855346679688 -24428.142578125
v -3893.471435546875 301.34738159179688 -24428.1640625
v -3893.435791015625 301.35211181640625 -24431.611328125
v -3892.30908203125 301.35247802734375 -24434.869140625
v -3892.25146484375 316.80364990234375 -24434.84765625
v -3893.378173828125 316.80325317382812 -24431.58984375
v -3890.188232421875 306.49887084960938 -24437.595703125
v -3890.1689453125 311.64926147460938 -24437.587890625
v -3893.432861328125 311.64816284179688 -24428.1484375
v -3893.4521484375 306.49777221679688 -24428.15625
v -3903.134521484375 301.37969970703125 -24425.505859375
v -3903.068115234375 299.88119506835938 -24425.431640625
v -3902.86083984375 298.42010498046875 -24425.20703125
v -3902.517578125 297.01736450195312 -24424.837890625
v -3902.030029296875 295.66448974609375 -24424.31640625
v -3901.40478515625 294.4078369140625 -24423.646484375
v -3905.479248046875 299.88543701171875 -24422.05859375
v -3905.20166015625 298.42422485351562 -24421.931640625
v -3904.74267578125 297.02130126953125 -24421.724609375
v -3904.092041015625 295.66812133789062 -24421.4296875
v -3906.415771484375 299.88323974609375 -24418.017578125
v -3906.11083984375 298.42208862304688 -24418.009765625
v -3905.60693359375 297.01925659179688 -24417.99609375
v -3904.89306640625 295.666259765625 -24417.974609375
v -3903.5400390625 299.86181640625 -24410.408203125
v -3903.319091796875 298.40127563476562 -24410.623046875
v -3902.953125 296.99948120117188 -24410.97265625
v -3902.433837890625 295.64791870117188 -24411.466796875
v -3896.125732421875 299.82943725585938 -24407.060546875
v -3896.121337890625 298.36984252929688 -24407.373046875
v -3896.110595703125 296.9696044921875 -24407.8828125
v -3896.093017578125 295.6202392578125 -24408.60546875
v -3892.03466796875 299.81512451171875 -24407.740234375
v -3892.14990234375 298.35595703125 -24408.033203125
v -3892.335205078125 296.95639038085938 -24408.51171875
v -3892.594482421875 295.60800170898438 -24409.1875
v -3888.515625 299.80508422851562 -24409.935546875
v -3888.73388671875 298.34622192382812 -24410.1640625
v -3889.087646484375 296.94711303710938 -24410.537109375
v -3889.585205078125 295.59939575195312 -24411.064453125
v -3886.1044921875 299.80084228515625 -24413.310546875
v -3886.39306640625 298.34207153320312 -24413.439453125
v -3886.8623046875 296.94320678710938 -24413.65234375
v -3887.523193359375 295.59576416015625 -24413.94921875
v -3885.168212890625 299.80300903320312 -24417.349609375
v -3885.48388671875 298.34420776367188 -24417.361328125
v -3885.998291015625 296.94522094726562 -24417.380859375
v -3886.722412109375 295.59762573242188 -24417.404296875
v -3895.458251953125 299.85684204101562 -24428.30859375
v -3895.473388671875 298.39645385742188 -24428
v -3895.49462890625 296.99490356445312 -24427.4921875
v -3895.522216796875 295.64364624023438 -24426.775390625
v -3903.134521484375 301.37969970703125 -24425.505859375
v -3903.068115234375 299.88119506835938 -24425.431640625
v -3902.86083984375 298.42010498046875 -24425.20703125
v -3902.517578125 297.01736450195312 -24424.837890625
v -3902.030029296875 295.66448974609375 -24424.31640625
v -3903.59521484375 300.61898803710938 -24410.3515625
v -3905.73486328125 299.87496948242188 -24413.92578125
v -3906.492431640625 300.64059448242188 -24418.01953125
v -3905.80615234375 300.63223266601562 -24413.8984375
v -3903.44921875 299.13372802734375 -24410.49609375
v -3905.44970703125 298.41403198242188 -24414.0390625
v -3906.290283203125 299.1549072265625 -24418.015625
v -3905.617431640625 299.14669799804688 -24413.97265625
v -3896.125244140625 300.58636474609375 -24406.98046875
v -3900.165771484375 299.8458251953125 -24407.99609375
v -3900.19580078125 300.6029052734375 -24407.923828125
v -3896.081787109375 294.97915649414062 -24409.041015625
v -3902.1181640625 295.00552368164062 -24411.767578125
v -3899.548095703125 295.63424682617188 -24409.40625
v -3899.37109375 294.99252319335938 -24409.8046875
v -3885.299072265625 299.07565307617188 -24417.35546875
v -3885.71484375 297.64117431640625 -24417.37109375
v -3886.334228515625 296.2620849609375 -24417.390625
v -3903.11962890625 300.63851928710938 -24425.48828125
v -3899.549072265625 299.87115478515625 -24427.626953125
v -3895.452880859375 300.61398315429688 -24428.38671875
v -3899.574462890625 300.62841796875 -24427.69921875
v -3902.98291015625 299.15286254882812 -24425.33984375
v -3899.44482421875 298.41033935546875 -24427.337890625
v -3895.46484375 299.12881469726562 -24428.181640625
v -3899.506591796875 299.1429443359375 -24427.5078125
v -3902.707275390625 297.71539306640625 -24425.04296875
v -3899.27001953125 297.00808715820312 -24426.86328125
v -3895.483154296875 297.6922607421875 -24427.771484375
v -3899.36669921875 297.70584106445312 -24427.125
v -3902.291748046875 296.331787109375 -24424.595703125
v -3899.020751953125 295.6558837890625 -24426.193359375
v -3895.507568359375 296.31005859375 -24427.16015625
v -3899.154541015625 296.32281494140625 -24426.552734375
v -3901.73388671875 295.02130126953125 -24424
v -3895.538330078125 295.00146484375 -24426.33984375
v -3898.868896484375 295.01312255859375 -24425.78515625
v -3905.548828125 300.64279174804688 -24422.08984375
v -3904.43994140625 299.88409423828125 -24423.86328125
v -3903.11962890625 300.63851928710938 -24425.48828125
v -3904.501708984375 300.64144897460938 -24423.908203125
v -3905.365234375 299.15707397460938 -24422.005859375
v -3904.192626953125 298.42291259765625 -24423.685546875
v -3902.98291015625 299.15286254882812 -24425.33984375
v -3904.338134765625 299.15576171875 -24423.791015625
v -3904.996337890625 297.71942138671875 -24421.83984375
v -3903.783447265625 297.02005004882812 -24423.390625
v -3902.707275390625 297.71539306640625 -24425.04296875
v -3904.009521484375 297.7181396484375 -24423.552734375
v -3904.441162109375 296.3355712890625 -24421.587890625
v -3903.203125 295.6669921875 -24422.974609375
v -3902.291748046875 296.331787109375 -24424.595703125
v -3903.5146484375 296.33438110351562 -24423.197265625
v -3903.697021484375 295.02474975585938 -24421.251953125
v -3901.73388671875 295.02130126953125 -24424
v -3902.850830078125 295.023681640625 -24422.72265625
v -3905.483154296875 301.38394165039062 -24422.28515625
v -3906.494384765625 301.38229370117188 -24418.4296875
v -3906.028564453125 301.37496948242188 -24414.46875
v -3904.149658203125 301.36300659179688 -24410.953125
v -3901.116943359375 301.34805297851562 -24408.365234375
v -3897.34912109375 301.3321533203125 -24407.0625
v -3893.36572265625 301.31753540039062 -24407.224609375
v -3889.716064453125 301.30615234375 -24408.828125
v -3886.90380859375 301.29965209960938 -24411.654296875
v -3885.31689453125 301.29885864257812 -24415.3125
v -3885.17431640625 301.303955078125 -24419.296875
v -3885.43994140625 299.19888305664062 -24419.57421875
v -3886.187744140625 297.35800170898438 -24420.369140625
v -3886.934326171875 296.36776733398438 -24421.1640625
v -3886.95947265625 296.34207153320312 -24421.19140625
v -3888.09033203125 295.53146362304688 -24422.3984375
v -3889.334716796875 295.25396728515625 -24423.7265625
v -3889.356201171875 295.25405883789062 -24423.75
v -3890.598388671875 295.54461669921875 -24425.078125
v -3891.723388671875 296.36700439453125 -24426.283203125
v -3891.748046875 296.3929443359375 -24426.30859375
v -3892.487548828125 297.3909912109375 -24427.1015625
v -3893.221435546875 299.2396240234375 -24427.890625
v -3893.471435546875 301.34738159179688 -24428.1640625
v -3896.926513671875 301.36053466796875 -24428.35546875
v -3900.262939453125 301.3717041015625 -24427.4375
v -3901.40478515625 294.4078369140625 -24423.646484375
v -3898.8759765625 294.40069580078125 -24425.265625
v -3895.93310546875 294.39053344726562 -24425.861328125
v -3892.97412109375 294.3787841796875 -24425.3515625
v -3890.3984375 294.36700439453125 -24423.810546875
v -3888.553955078125 294.35678100585938 -24421.44140625
v -3887.689697265625 294.34951782226562 -24418.56640625
v -3887.92236328125 294.34616088867188 -24415.572265625
v -3889.220703125 294.34719848632812 -24412.865234375
v -3891.4091796875 294.35247802734375 -24410.810546875
v -3894.192626953125 294.36126708984375 -24409.68359375
v -3897.194580078125 294.3724365234375 -24409.640625
v -3900.009765625 294.3843994140625 -24410.68359375
v -3902.25830078125 294.39559936523438 -24412.671875
v -3903.635986328125 294.40447998046875 -24415.33984375
v -3903.957275390625 294.40988159179688 -24418.32421875
v -3903.178466796875 294.41104125976562 -24421.224609375
v -3890.317138671875 271.97195434570312 -24437.64453125
v -3890.25927734375 287.42312622070312 -24437.623046875
v -3893.523193359375 287.42202758789062 -24428.18359375
v -3893.48779296875 287.42672729492188 -24431.630859375
v -3892.361083984375 287.4271240234375 -24434.888671875
v -3892.418701171875 271.9759521484375 -24434.91015625
v -3893.54541015625 271.9755859375 -24431.65234375
v -3890.278564453125 282.27273559570312 -24437.62890625
v -3890.2978515625 277.12234497070312 -24437.63671875
v -3893.5810546875 271.97085571289062 -24428.205078125
v -3893.561767578125 277.12124633789062 -24428.197265625
v -3893.54248046875 282.27163696289062 -24428.189453125
v -3893.5810546875 271.97085571289062 -24428.205078125
v -3903.244140625 272.003173828125 -24425.548828125
v -3903.186279296875 287.454345703125 -24425.525390625
v -3903.224853515625 277.153564453125 -24425.541015625
v -3903.20556640625 282.303955078125 -24425.533203125
v -3893.523193359375 287.42202758789062 -24428.18359375
v -3893.54248046875 282.27163696289062 -24428.189453125
v -3893.561767578125 277.12124633789062 -24428.197265625
v -3900.31494140625 287.44635009765625 -24427.45703125
v -3896.978271484375 287.4351806640625 -24428.375
v -3897.0361328125 271.9840087890625 -24428.396484375
v -3900.37255859375 271.99517822265625 -24427.478515625
v -3903.244140625 272.003173828125 -24425.548828125
v -3903.186279296875 287.454345703125 -24425.525390625
v -3906.595947265625 279.7308349609375 -24418.048828125
v -3903.69189453125 279.70919799804688 -24410.36328125
v -3896.2041015625 279.67648315429688 -24406.984375
v -3885.283935546875 271.92742919921875 -24419.337890625
v -3903.677490234375 283.57199096679688 -24410.359375
v -3906.58154296875 283.5936279296875 -24418.04296875
v -3905.908203125 279.72247314453125 -24413.91796875
v -3905.893798828125 283.58526611328125 -24413.912109375
v -3896.218505859375 275.81369018554688 -24406.98828125
v -3900.2841796875 279.69305419921875 -24407.9296875
v -3903.706298828125 275.84640502929688 -24410.369140625
v -3900.298583984375 275.83026123046875 -24407.93359375
v -3896.189697265625 283.53927612304688 -24406.978515625
v -3900.269775390625 283.55584716796875 -24407.923828125
v -3885.226318359375 287.37857055664062 -24419.31640625
v -3885.368896484375 287.37350463867188 -24415.33203125
v -3886.955810546875 287.37429809570312 -24411.673828125
v -3889.76806640625 287.38079833984375 -24408.84765625
v -3893.417724609375 287.39215087890625 -24407.244140625
v -3897.401123046875 287.40679931640625 -24407.08203125
v -3901.1689453125 287.42269897460938 -24408.384765625
v -3904.20166015625 287.43765258789062 -24410.97265625
v -3906.080322265625 287.44961547851562 -24414.48828125
v -3906.54638671875 287.4569091796875 -24418.44921875
v -3905.53515625 287.45858764648438 -24422.3046875
v -3905.5927734375 272.00741577148438 -24422.326171875
v -3906.60400390625 272.00576782226562 -24418.470703125
v -3906.13818359375 271.99844360351562 -24414.509765625
v -3904.25927734375 271.98648071289062 -24410.994140625
v -3901.226806640625 271.97152709960938 -24408.40625
v -3897.458740234375 271.95562744140625 -24407.103515625
v -3893.475341796875 271.94100952148438 -24407.265625
v -3889.82568359375 271.92962646484375 -24408.87109375
v -3887.013427734375 271.92312622070312 -24411.697265625
v -3885.4267578125 271.92233276367188 -24415.353515625
v -3903.20556640625 282.303955078125 -24425.533203125
v -3903.224853515625 277.153564453125 -24425.541015625
v -3885.2646484375 277.07781982421875 -24419.330078125
v -3885.24560546875 282.22817993164062 -24419.32421875
v -3888.51904296875 279.65188598632812 -24409.88671875
v -3885.722412109375 279.64752197265625 -24414.205078125
v -3890.20751953125 301.34848022460938 -24437.603515625
v -3890.162353515625 300.10125732421875 -24437.552734375
v -3890.0166015625 298.85968017578125 -24437.392578125
v -3889.7802734375 297.68417358398438 -24437.138671875
v -3889.44384765625 296.52734375 -24436.77734375
v -3889.008056640625 295.4158935546875 -24436.310546875
v -3888.477783203125 294.37661743164062 -24435.744140625
v -3893.520263671875 300.10333251953125 -24430.115234375
v -3893.305419921875 298.8616943359375 -24430.109375
v -3892.958251953125 297.68612670898438 -24430.099609375
v -3892.465087890625 296.52920532226562 -24430.0859375
v -3891.826904296875 295.41763305664062 -24430.068359375
v -3883.19873046875 300.04934692382812 -24419.123046875
v -3883.196533203125 298.808837890625 -24419.345703125
v -3883.18994140625 297.63504028320312 -24419.697265625
v -3883.178466796875 296.48062133789062 -24420.197265625
v -3883.16259765625 295.372314453125 -24420.841796875
v -3875.565673828125 300.02490234375 -24422.0078125
v -3875.720703125 298.784912109375 -24422.169921875
v -3875.9658203125 297.61190795898438 -24422.427734375
v -3876.310791015625 296.45864868164062 -24422.79296875
v -3876.754638671875 295.351806640625 -24423.26171875
v -3873.14697265625 300.02066040039062 -24425.392578125
v -3873.351806640625 298.78073120117188 -24425.484375
v -3873.6767578125 297.60787963867188 -24425.630859375
v -3874.134521484375 296.45480346679688 -24425.837890625
v -3874.724365234375 295.34823608398438 -24426.103515625
v -3872.207763671875 300.02285766601562 -24429.4453125
v -3872.431884765625 298.78286743164062 -24429.453125
v -3872.787841796875 297.60995483398438 -24429.466796875
v -3873.28955078125 296.456787109375 -24429.484375
v -3873.935791015625 295.35009765625 -24429.505859375
v -3882.529296875 300.07681274414062 -24440.435546875
v -3882.540771484375 298.83575439453125 -24440.21875
v -3882.55615234375 297.66104125976562 -24439.869140625
v -3882.576171875 296.50537109375 -24439.373046875
v -3882.600341796875 295.3953857421875 -24438.732421875
v -3890.20751953125 301.34848022460938 -24437.603515625
v -3890.162353515625 300.10125732421875 -24437.552734375
v -3890.0166015625 298.85968017578125 -24437.392578125
v -3889.7802734375 297.68417358398438 -24437.138671875
v -3889.44384765625 296.52734375 -24436.77734375
v -3889.008056640625 295.4158935546875 -24436.310546875
v -3893.57275390625 300.73287963867188 -24430.115234375
v -3892.580810546875 300.10552978515625 -24434.16796875
v -3890.197509765625 300.73077392578125 -24437.591796875
v -3892.628662109375 300.73507690429688 -24434.189453125
v -3893.14990234375 298.273193359375 -24430.10546875
v -3892.0693359375 297.68820190429688 -24433.935546875
v -3889.910888671875 298.27117919921875 -24437.279296875
v -3892.385498046875 298.86386108398438 -24434.078125
v -3892.24365234375 298.27529907226562 -24434.013671875
v -3892.72998046875 297.10366821289062 -24430.09375
v -3891.6201171875 296.53118896484375 -24433.732421875
v -3889.624755859375 297.10177612304688 -24436.970703125
v -3891.861328125 297.105712890625 -24433.841796875
v -3891.45556640625 294.88729858398438 -24430.056640625
v -3888.75439453125 294.8856201171875 -24436.0390625
v -3891.03857421875 295.41949462890625 -24433.46875
v -3890.699951171875 294.8890380859375 -24433.31640625
v -3883.1982421875 300.67861938476562 -24419.068359375
v -3875.525634765625 300.654052734375 -24421.966796875
v -3879.09521484375 300.03497314453125 -24419.806640625
v -3879.073486328125 300.6641845703125 -24419.75390625
v -3875.830810546875 298.19754028320312 -24422.28515625
v -3879.306396484375 297.6214599609375 -24420.34375
v -3883.19384765625 298.22113037109375 -24419.50390625
v -3879.177490234375 298.79476928710938 -24420.013671875
v -3879.235595703125 298.207275390625 -24420.162109375
v -3876.125732421875 297.03115844726562 -24422.59765625
v -3879.486572265625 296.46771240234375 -24420.8125
v -3883.184814453125 297.05377197265625 -24419.9296875
v -3879.389892578125 297.04049682617188 -24420.560546875
v -3877.012451171875 294.82421875 -24423.53515625
v -3883.15283203125 294.8438720703125 -24421.21484375
v -3879.7177734375 295.36029052734375 -24421.4140625
v -3879.851806640625 294.83230590820312 -24421.765625
v -3872.300537109375 299.40530395507812 -24429.44921875
v -3872.591796875 298.195556640625 -24429.458984375
v -3873.020263671875 297.02926635742188 -24429.474609375
v -3874.50927734375 295.3570556640625 -24432.951171875
v -3873.594970703125 295.89593505859375 -24429.494140625
v -3874.18994140625 295.9031982421875 -24433.0703125
v -3874.311279296875 294.82254028320312 -24429.517578125
v -3874.86083984375 294.82925415039062 -24432.818359375
v -3890.197509765625 300.73077392578125 -24437.591796875
v -3886.632568359375 300.0911865234375 -24439.75390625
v -3882.525146484375 300.70623779296875 -24440.490234375
v -3886.649658203125 300.72067260742188 -24439.802734375
v -3889.910888671875 298.27117919921875 -24437.279296875
v -3886.439697265625 297.67462158203125 -24439.22265625
v -3882.5478515625 298.24761962890625 -24440.0625
v -3886.5595703125 298.84979248046875 -24439.548828125
v -3886.506103515625 298.261474609375 -24439.40234375
v -3889.624755859375 297.10177612304688 -24436.970703125
v -3886.26806640625 296.51828002929688 -24438.7578125
v -3882.565673828125 297.07919311523438 -24439.638671875
v -3886.3603515625 297.09243774414062 -24439.0078125
v -3888.75439453125 294.8856201171875 -24436.0390625
v -3882.614013671875 294.865966796875 -24438.359375
v -3886.045166015625 295.40744018554688 -24438.158203125
v -3885.9150390625 294.87750244140625 -24437.810546875
v -3892.30908203125 301.35247802734375 -24434.869140625
v -3893.435791015625 301.35211181640625 -24431.611328125
v -3893.471435546875 301.34738159179688 -24428.1640625
v -3872.247314453125 301.27273559570312 -24431.392578125
v -3872.512939453125 299.16766357421875 -24431.671875
v -3873.2607421875 297.3267822265625 -24432.46484375
v -3874.00732421875 296.3365478515625 -24433.26171875
v -3874.032470703125 296.31085205078125 -24433.287109375
v -3875.163330078125 295.500244140625 -24434.494140625
v -3876.40771484375 295.22271728515625 -24435.82421875
v -3876.42919921875 295.22283935546875 -24435.845703125
v -3877.67138671875 295.51339721679688 -24437.173828125
v -3878.79638671875 296.33578491210938 -24438.37890625
v -3878.821044921875 296.36172485351562 -24438.40625
v -3879.560546875 297.35977172851562 -24439.197265625
v -3880.29443359375 299.20840454101562 -24439.98828125
v -3880.54443359375 301.316162109375 -24440.259765625
v -3883.99951171875 301.32931518554688 -24440.451171875
v -3887.3359375 301.34048461914062 -24439.53515625
v -3893.221435546875 299.2396240234375 -24427.890625
v -3892.487548828125 297.3909912109375 -24427.1015625
v -3891.748046875 296.3929443359375 -24426.30859375
v -3891.723388671875 296.36700439453125 -24426.283203125
v -3890.598388671875 295.54461669921875 -24425.078125
v -3889.356201171875 295.25405883789062 -24423.75
v -3889.334716796875 295.25396728515625 -24423.7265625
v -3888.09033203125 295.53146362304688 -24422.3984375
v -3886.95947265625 296.34207153320312 -24421.19140625
v -3886.934326171875 296.36776733398438 -24421.1640625
v -3886.187744140625 297.35800170898438 -24420.369140625
v -3885.43994140625 299.19888305664062 -24419.57421875
v -3885.17431640625 301.303955078125 -24419.296875
v -3881.03857421875 301.28836059570312 -24419.19921875
v -3877.173095703125 301.27603149414062 -24420.673828125
v -3874.15234375 301.26873779296875 -24423.5
v -3872.4248046875 301.267578125 -24427.259765625
v -3888.477783203125 294.37661743164062 -24435.744140625
v -3885.948974609375 294.36944580078125 -24437.361328125
v -3883.006103515625 294.35931396484375 -24437.95703125
v -3880.047119140625 294.34756469726562 -24437.44921875
v -3877.471435546875 294.33578491210938 -24435.90625
v -3875.626953125 294.3255615234375 -24433.537109375
v -3874.7626953125 294.31829833984375 -24430.662109375
v -3874.995361328125 294.31494140625 -24427.66796875
v -3876.293701171875 294.31597900390625 -24424.9609375
v -3878.482177734375 294.32125854492188 -24422.90625
v -3881.265625 294.33004760742188 -24421.78125
v -3884.267578125 294.3411865234375 -24421.736328125
v -3887.082763671875 294.35317993164062 -24422.779296875
v -3889.331298828125 294.36434936523438 -24424.76953125
v -3890.709228515625 294.37326049804688 -24427.435546875
v -3891.0302734375 294.378662109375 -24430.421875
v -3890.25146484375 294.37982177734375 -24433.3203125
v -3903.186279296875 287.454345703125 -24425.525390625
v -3903.10888671875 288.95211791992188 -24425.447265625
v -3902.890869140625 290.41098022460938 -24425.21875
v -3902.536865234375 291.81005859375 -24424.845703125
v -3902.03955078125 293.15777587890625 -24424.3203125
v -3901.40478515625 294.4078369140625 -24423.646484375
v -3906.047607421875 288.956298828125 -24420.63671875
v -3905.74365234375 290.4150390625 -24420.548828125
v -3905.2490234375 291.81393432617188 -24420.40625
v -3904.552734375 293.161376953125 -24420.205078125
v -3906.164794921875 288.9490966796875 -24415.203125
v -3905.857421875 290.40805053710938 -24415.275390625
v -3905.357177734375 291.80728149414062 -24415.392578125
v -3904.65283203125 293.15521240234375 -24415.55859375
v -3903.580810546875 288.9327392578125 -24410.423828125
v -3903.34912109375 290.39215087890625 -24410.6328125
v -3902.97265625 291.79217529296875 -24410.98046875
v -3902.443115234375 293.14120483398438 -24411.470703125
v -3898.7705078125 288.91064453125 -24407.484375
v -3898.67919921875 290.3707275390625 -24407.78125
v -3898.533203125 291.77178955078125 -24408.267578125
v -3898.329345703125 293.122314453125 -24408.95703125
v -3893.33740234375 288.89019775390625 -24407.3671875
v -3893.40478515625 290.35089111328125 -24407.66796875
v -3893.519287109375 291.7529296875 -24408.16015625
v -3893.68310546875 293.1048583984375 -24408.857421875
v -3888.556640625 288.87600708007812 -24409.951171875
v -3888.763671875 290.33709716796875 -24410.17578125
v -3889.107177734375 291.73980712890625 -24410.544921875
v -3889.594482421875 293.09271240234375 -24411.06640625
v -3885.61767578125 288.87179565429688 -24414.76171875
v -3885.91064453125 290.3330078125 -24414.845703125
v -3886.39501953125 291.73593139648438 -24414.984375
v -3887.081298828125 293.089111328125 -24415.181640625
v -3886.286865234375 291.74258422851562 -24419.998046875
v -3886.981201171875 293.09527587890625 -24419.828125
v -3893.11083984375 291.778076171875 -24427.123046875
v -3893.3046875 293.12814331054688 -24426.4296875
v -3898.328125 288.93789672851562 -24428.03125
v -3898.249755859375 290.39718627929688 -24427.7265625
v -3898.124755859375 291.79693603515625 -24427.23046875
v -3897.950927734375 293.1456298828125 -24426.529296875
v -3903.186279296875 287.454345703125 -24425.525390625
v -3903.10888671875 288.95211791992188 -24425.447265625
v -3902.890869140625 290.41098022460938 -24425.21875
v -3902.536865234375 291.81005859375 -24424.845703125
v -3902.03955078125 293.15777587890625 -24424.3203125
v -3905.53515625 287.45858764648438 -24422.3046875
v -3906.54638671875 287.4569091796875 -24418.44921875
v -3906.080322265625 287.44961547851562 -24414.48828125
v -3904.20166015625 287.43765258789062 -24410.97265625
v -3901.1689453125 287.42269897460938 -24408.384765625
v -3897.401123046875 287.40679931640625 -24407.08203125
v -3893.417724609375 287.39215087890625 -24407.244140625
v -3889.76806640625 287.38079833984375 -24408.84765625
v -3886.955810546875 287.37429809570312 -24411.673828125
v -3885.368896484375 287.37350463867188 -24415.33203125
v -3885.226318359375 287.37857055664062 -24419.31640625
v -3901.40478515625 294.4078369140625 -24423.646484375
v -3898.8759765625 294.40069580078125 -24425.265625
v -3895.93310546875 294.39053344726562 -24425.861328125
v -3892.97412109375 294.3787841796875 -24425.3515625
v -3890.3984375 294.36700439453125 -24423.810546875
v -3888.553955078125 294.35678100585938 -24421.44140625
v -3887.689697265625 294.34951782226562 -24418.56640625
v -3887.92236328125 294.34616088867188 -24415.572265625
v -3889.220703125 294.34719848632812 -24412.865234375
v -3891.4091796875 294.35247802734375 -24410.810546875
v -3894.192626953125 294.36126708984375 -24409.68359375
v -3897.194580078125 294.3724365234375 -24409.640625
v -3900.009765625 294.3843994140625 -24410.68359375
v -3902.25830078125 294.39559936523438 -24412.671875
v -3903.635986328125 294.40447998046875 -24415.33984375
v -3903.957275390625 294.40988159179688 -24418.32421875
v -3903.178466796875 294.41104125976562 -24421.224609375
v -3885.42236328125 289.25595092773438 -24419.53125
v -3886.00537109375 290.95166015625 -24420.158203125
v -3886.210205078125 291.33499145507812 -24420.376953125
v -3886.949462890625 292.3330078125 -24421.169921875
v -3886.974365234375 292.35894775390625 -24421.197265625
v -3888.09912109375 293.18136596679688 -24422.400390625
v -3889.34130859375 293.47189331054688 -24423.73046875
v -3889.363037109375 293.47201538085938 -24423.751953125
v -3890.607177734375 293.19448852539062 -24425.08203125
v -3891.738037109375 292.3839111328125 -24426.2890625
v -3891.76318359375 292.35821533203125 -24426.314453125
v -3892.510009765625 291.36795043945312 -24427.109375
v -3892.717529296875 290.98678588867188 -24427.33203125
v -3893.313232421875 289.2972412109375 -24427.962890625
v -3893.523193359375 287.42202758789062 -24428.18359375
v -3896.978271484375 287.4351806640625 -24428.375
v -3900.31494140625 287.44635009765625 -24427.45703125
v -3877.332275390625 287.39190673828125 -24449.71875
v -3877.212158203125 289.26828002929688 -24449.595703125
v -3876.8779296875 291.05160522460938 -24449.244140625
v -3876.322998046875 292.76577758789062 -24448.658203125
v -3875.55078125 294.34539794921875 -24447.83984375
v -3879.976318359375 289.2725830078125 -24445.314453125
v -3879.516845703125 291.05569458007812 -24445.15625
v -3878.75244140625 292.76953125 -24444.89453125
v -3879.138427734375 292.76470947265625 -24440.4296875
v -3869.574462890625 289.21408081054688 -24431.330078125
v -3869.5859375 290.99984741210938 -24431.806640625
v -3869.610107421875 292.7181396484375 -24432.603515625
v -3864.768310546875 289.19808959960938 -24432.6953125
v -3864.99755859375 290.98455810546875 -24433.109375
v -3865.385986328125 292.70407104492188 -24433.8046875
v -3861.05029296875 289.18917846679688 -24436.234375
v -3861.44775390625 290.97607421875 -24436.48828125
v -3862.1181640625 292.69622802734375 -24436.9140625
v -3859.443359375 289.18994140625 -24441.03515625
v -3859.913818359375 290.976806640625 -24441.0703125
v -3860.705810546875 292.6968994140625 -24441.1328125
v -3860.226806640625 289.19979858398438 -24445.96875
v -3860.66162109375 290.9862060546875 -24445.78125
v -3861.394287109375 292.70556640625 -24445.470703125
v -3863.270263671875 289.2169189453125 -24450.05859375
v -3863.567138671875 291.0025634765625 -24449.6875
v -3864.069091796875 292.72061157226562 -24449.06640625
v -3867.87255859375 289.2371826171875 -24452.248046875
v -3867.961181640625 291.02188110351562 -24451.77734375
v -3868.1142578125 292.7384033203125 -24450.990234375
v -3872.864990234375 289.25552368164062 -24452.05859375
v -3872.7275390625 291.0394287109375 -24451.595703125
v -3872.502197265625 292.75454711914062 -24450.822265625
v -3877.332275390625 287.39190673828125 -24449.71875
v -3877.212158203125 289.26828002929688 -24449.595703125
v -3876.8779296875 291.05160522460938 -24449.244140625
v -3876.322998046875 292.76577758789062 -24448.658203125
v -3875.55078125 294.34539794921875 -24447.83984375
v -3879.43408203125 287.39590454101562 -24446.986328125
v -3880.560791015625 287.3955078125 -24443.7265625
v -3880.59619140625 287.39080810546875 -24440.279296875
v -3873.02197265625 294.33822631835938 -24449.45703125
v -3870.0791015625 294.32809448242188 -24450.052734375
v -3867.1201171875 294.31634521484375 -24449.544921875
v -3864.54443359375 294.30453491210938 -24448.001953125
v -3862.699951171875 294.29434204101562 -24445.6328125
v -3861.835693359375 294.28704833984375 -24442.7578125
v -3862.068359375 294.28372192382812 -24439.765625
v -3863.36669921875 294.28475952148438 -24437.05859375
v -3865.55517578125 294.2900390625 -24435.001953125
v -3868.338623046875 294.298828125 -24433.876953125
v -3871.340576171875 294.30996704101562 -24433.83203125
v -3874.15576171875 294.32196044921875 -24434.875
v -3876.404296875 294.3331298828125 -24436.865234375
v -3877.7822265625 294.342041015625 -24439.533203125
v -3878.103271484375 294.34744262695312 -24442.517578125
v -3877.324462890625 294.34860229492188 -24445.41796875
v -3880.38623046875 289.26602172851562 -24440.060546875
v -3879.79052734375 290.95556640625 -24439.427734375
v -3879.5830078125 291.33673095703125 -24439.20703125
v -3878.836181640625 292.32699584960938 -24438.412109375
v -3878.81103515625 292.3526611328125 -24438.384765625
v -3877.68017578125 293.16326904296875 -24437.177734375
v -3876.43603515625 293.4407958984375 -24435.849609375
v -3876.414306640625 293.440673828125 -24435.826171875
v -3875.172119140625 293.150146484375 -24434.498046875
v -3874.04736328125 292.32772827148438 -24433.29296875
v -3874.0224609375 292.30178833007812 -24433.267578125
v -3873.283203125 291.30374145507812 -24432.474609375
v -3873.078369140625 290.92041015625 -24432.25390625
v -3872.495361328125 289.2247314453125 -24431.626953125
v -3872.29931640625 287.34735107421875 -24431.412109375
v -3868.64208984375 287.33346557617188 -24431.244140625
v -3865.140869140625 287.3218994140625 -24432.314453125
v -3862.203369140625 287.31402587890625 -24434.5
v -3860.1708984375 287.31072998046875 -24437.544921875
v -3859.27978515625 287.31240844726562 -24441.095703125
v -3859.63427734375 287.31884765625 -24444.740234375
v -3861.192626953125 287.32931518554688 -24448.052734375
v -3863.773681640625 287.34259033203125 -24450.6484375
v -3867.0771484375 287.35714721679688 -24452.2265625
v -3870.718994140625 287.37127685546875 -24452.603515625
v -3874.275390625 287.38333129882812 -24451.732421875
v -3877.39013671875 271.94073486328125 -24449.740234375
v -3877.332275390625 287.39190673828125 -24449.71875
v -3880.59619140625 287.39080810546875 -24440.279296875
v -3880.560791015625 287.3955078125 -24443.7265625
v -3879.43408203125 287.39590454101562 -24446.986328125
v -3879.49169921875 271.94473266601562 -24447.0078125
v -3880.618408203125 271.94436645507812 -24443.748046875
v -3877.3515625 282.24151611328125 -24449.7265625
v -3877.370849609375 277.09112548828125 -24449.732421875
v -3880.654052734375 271.93963623046875 -24440.30078125
v -3880.634765625 277.09002685546875 -24440.29296875
v -3880.615478515625 282.24041748046875 -24440.287109375
v -3880.654052734375 271.93963623046875 -24440.30078125
v -3890.317138671875 271.97195434570312 -24437.64453125
v -3890.25927734375 287.42312622070312 -24437.623046875
v -3890.2978515625 277.12234497070312 -24437.63671875
v -3890.278564453125 282.27273559570312 -24437.62890625
v -3880.59619140625 287.39080810546875 -24440.279296875
v -3880.615478515625 282.24041748046875 -24440.287109375
v -3880.634765625 277.09002685546875 -24440.29296875
v -3887.387939453125 287.41513061523438 -24439.5546875
v -3884.051513671875 287.40396118164062 -24440.470703125
v -3884.109130859375 271.95278930664062 -24440.4921875
v -3887.44580078125 271.96395874023438 -24439.576171875
v -3885.283935546875 271.92742919921875 -24419.337890625
v -3885.226318359375 287.37857055664062 -24419.31640625
v -3872.29931640625 287.34735107421875 -24431.412109375
v -3885.24560546875 282.22817993164062 -24419.32421875
v -3885.2646484375 277.07781982421875 -24419.330078125
v -3872.476806640625 287.34219360351562 -24427.279296875
v -3874.204345703125 287.34335327148438 -24423.51953125
v -3877.22509765625 287.35064697265625 -24420.693359375
v -3881.09033203125 287.36300659179688 -24419.21875
v -3881.148193359375 271.91183471679688 -24419.240234375
v -3877.28271484375 271.89950561523438 -24420.71484375
v -3874.261962890625 271.8922119140625 -24423.541015625
v -3872.534423828125 271.89105224609375 -24427.30078125
v -3872.35693359375 271.89620971679688 -24431.43359375
v -3872.337646484375 277.04656982421875 -24431.427734375
v -3872.318603515625 282.19696044921875 -24431.419921875
v -3877.280517578125 301.3172607421875 -24449.69921875
v -3877.214111328125 299.81875610351562 -24449.625
v -3877.0068359375 298.357666015625 -24449.400390625
v -3876.66357421875 296.95492553710938 -24449.03125
v -3876.176025390625 295.60205078125 -24448.5078125
v -3875.55078125 294.34539794921875 -24447.83984375
v -3880.15283203125 299.82293701171875 -24444.814453125
v -3879.85986328125 298.36172485351562 -24444.73046875
v -3879.375732421875 296.95880126953125 -24444.591796875
v -3878.689453125 295.60562133789062 -24444.39453125
v -3879.483642578125 296.9521484375 -24439.578125
v -3878.789306640625 295.59945678710938 -24439.748046875
v -3872.659912109375 296.91665649414062 -24432.453125
v -3872.466064453125 295.56658935546875 -24433.146484375
v -3867.442626953125 299.7568359375 -24431.544921875
v -3867.52099609375 298.29754638671875 -24431.84765625
v -3867.645751953125 296.89779663085938 -24432.345703125
v -3867.819580078125 295.54910278320312 -24433.046875
v -3862.661865234375 299.74264526367188 -24434.12890625
v -3862.8798828125 298.28375244140625 -24434.357421875
v -3863.233642578125 296.88467407226562 -24434.73046875
v -3863.731201171875 295.53695678710938 -24435.255859375
v -3859.722900390625 299.73843383789062 -24438.939453125
v -3860.02685546875 298.27969360351562 -24439.02734375
v -3860.521484375 296.88079833984375 -24439.169921875
v -3861.218017578125 295.53335571289062 -24439.37109375
v -3859.60595703125 299.74563598632812 -24444.37109375
v -3859.913330078125 298.28668212890625 -24444.30078125
v -3860.41357421875 296.887451171875 -24444.18359375
v -3861.117919921875 295.53952026367188 -24444.015625
v -3862.189697265625 299.76202392578125 -24449.15234375
v -3862.421630859375 298.30258178710938 -24448.94140625
v -3862.798095703125 296.90255737304688 -24448.595703125
v -3863.327392578125 295.55352783203125 -24448.10546875
v -3867.000244140625 299.78408813476562 -24452.091796875
v -3867.09130859375 298.32400512695312 -24451.794921875
v -3867.2373046875 296.92294311523438 -24451.30859375
v -3867.441162109375 295.57241821289062 -24450.619140625
v -3872.433349609375 299.80453491210938 -24452.208984375
v -3872.36572265625 298.3438720703125 -24451.908203125
v -3872.25146484375 296.94180297851562 -24451.416015625
v -3872.087646484375 295.58990478515625 -24450.71875
v -3877.280517578125 301.3172607421875 -24449.69921875
v -3877.214111328125 299.81875610351562 -24449.625
v -3877.0068359375 298.357666015625 -24449.400390625
v -3876.66357421875 296.95492553710938 -24449.03125
v -3876.176025390625 295.60205078125 -24448.5078125
v -3879.382080078125 301.32125854492188 -24446.966796875
v -3880.5087890625 301.32089233398438 -24443.70703125
v -3880.54443359375 301.316162109375 -24440.259765625
v -3880.29443359375 299.20840454101562 -24439.98828125
v -3879.560546875 297.35977172851562 -24439.197265625
v -3878.821044921875 296.36172485351562 -24438.40625
v -3878.79638671875 296.33578491210938 -24438.37890625
v -3877.67138671875 295.51339721679688 -24437.173828125
v -3876.42919921875 295.22283935546875 -24435.845703125
v -3876.40771484375 295.22271728515625 -24435.82421875
v -3875.163330078125 295.500244140625 -24434.494140625
v -3874.032470703125 296.31085205078125 -24433.287109375
v -3874.00732421875 296.3365478515625 -24433.26171875
v -3873.2607421875 297.3267822265625 -24432.46484375
v -3872.512939453125 299.16766357421875 -24431.671875
v -3872.247314453125 301.27273559570312 -24431.392578125
v -3868.259033203125 301.25765991210938 -24431.271484375
v -3864.501953125 301.24554443359375 -24432.615234375
v -3861.4951171875 301.23800659179688 -24435.23828125
v -3859.654296875 301.23611450195312 -24438.779296875
v -3859.233642578125 301.24014282226562 -24442.74609375
v -3860.29150390625 301.24948120117188 -24446.59375
v -3862.681640625 301.26290893554688 -24449.7890625
v -3866.073486328125 301.27853393554688 -24451.890625
v -3869.998779296875 301.294189453125 -24452.609375
v -3873.914794921875 301.30770874023438 -24451.841796875
v -3875.55078125 294.34539794921875 -24447.83984375
v -3873.02197265625 294.33822631835938 -24449.45703125
v -3870.0791015625 294.32809448242188 -24450.052734375
v -3867.1201171875 294.31634521484375 -24449.544921875
v -3864.54443359375 294.30453491210938 -24448.001953125
v -3862.699951171875 294.29434204101562 -24445.6328125
v -3861.835693359375 294.28704833984375 -24442.7578125
v -3862.068359375 294.28372192382812 -24439.765625
v -3863.36669921875 294.28475952148438 -24437.05859375
v -3865.55517578125 294.2900390625 -24435.001953125
v -3868.338623046875 294.298828125 -24433.876953125
v -3871.340576171875 294.30996704101562 -24433.83203125
v -3874.15576171875 294.32196044921875 -24434.875
v -3876.404296875 294.3331298828125 -24436.865234375
v -3877.7822265625 294.342041015625 -24439.533203125
v -3878.103271484375 294.34744262695312 -24442.517578125
v -3877.324462890625 294.34860229492188 -24445.41796875
v -3890.25927734375 287.42312622070312 -24437.623046875
v -3890.205078125 288.66983032226562 -24437.568359375
v -3890.050048828125 289.90982055664062 -24437.40625
v -3889.804931640625 291.08282470703125 -24437.1484375
v -3889.4599609375 292.236083984375 -24436.783203125
v -3889.015869140625 293.34292602539062 -24436.314453125
v -3888.477783203125 294.37661743164062 -24435.744140625
v -3893.15283203125 288.67404174804688 -24432.7421875
v -3892.93701171875 289.91397094726562 -24432.6796875
v -3892.5947265625 291.08682250976562 -24432.58203125
v -3892.1123046875 292.2398681640625 -24432.44140625
v -3891.490478515625 293.34646606445312 -24432.263671875
v -3892.2177734375 292.23336791992188 -24427.5390625
v -3891.589111328125 293.34039306640625 -24427.6875
v -3885.544677734375 292.19866943359375 -24420.572265625
v -3885.36279296875 293.30801391601562 -24421.1875
v -3880.40380859375 288.60772705078125 -24419.431640625
v -3880.45068359375 289.84902954101562 -24419.64453125
v -3880.52880859375 291.02407836914062 -24419.984375
v -3880.641357421875 292.18020629882812 -24420.466796875
v -3880.7880859375 293.29080200195312 -24421.08984375
v -3875.6083984375 288.59347534179688 -24422.0234375
v -3875.75390625 289.83505249023438 -24422.181640625
v -3875.990478515625 291.01058959960938 -24422.4375
v -3876.32666015625 292.16738891601562 -24422.798828125
v -3876.762451171875 293.27883911132812 -24423.265625
v -3872.660400390625 288.58926391601562 -24426.849609375
v -3872.866943359375 289.8309326171875 -24426.908203125
v -3873.200439453125 291.006591796875 -24427.00390625
v -3873.67431640625 292.16360473632812 -24427.140625
v -3874.287841796875 293.27529907226562 -24427.31640625
v -3873.56884765625 292.17010498046875 -24432.04296875
v -3874.189453125 293.2813720703125 -24431.890625
v -3880.241943359375 292.20480346679688 -24439.009765625
v -3880.41552734375 293.31375122070312 -24438.390625
v -3885.40966796875 288.65557861328125 -24440.16015625
v -3885.353271484375 289.8958740234375 -24439.9453125
v -3885.266357421875 291.0693359375 -24439.6015625
v -3885.145263671875 292.2232666015625 -24439.115234375
v -3884.990234375 293.33096313476562 -24438.490234375
v -3890.25927734375 287.42312622070312 -24437.623046875
v -3890.205078125 288.66983032226562 -24437.568359375
v -3890.050048828125 289.90982055664062 -24437.40625
v -3889.804931640625 291.08282470703125 -24437.1484375
v -3889.4599609375 292.236083984375 -24436.783203125
v -3889.015869140625 293.34292602539062 -24436.314453125
v -3888.477783203125 294.37661743164062 -24435.744140625
v -3892.361083984375 287.4271240234375 -24434.888671875
v -3893.48779296875 287.42672729492188 -24431.630859375
v -3893.523193359375 287.42202758789062 -24428.18359375
v -3885.948974609375 294.36944580078125 -24437.361328125
v -3883.006103515625 294.35931396484375 -24437.95703125
v -3880.047119140625 294.34756469726562 -24437.44921875
v -3877.471435546875 294.33578491210938 -24435.90625
v -3875.626953125 294.3255615234375 -24433.537109375
v -3874.7626953125 294.31829833984375 -24430.662109375
v -3874.995361328125 294.31494140625 -24427.66796875
v -3876.293701171875 294.31597900390625 -24424.9609375
v -3878.482177734375 294.32125854492188 -24422.90625
v -3881.265625 294.33004760742188 -24421.78125
v -3884.267578125 294.3411865234375 -24421.736328125
v -3887.082763671875 294.35317993164062 -24422.779296875
v -3889.331298828125 294.36434936523438 -24424.76953125
v -3890.709228515625 294.37326049804688 -24427.435546875
v -3891.0302734375 294.378662109375 -24430.421875
v -3890.25146484375 294.37982177734375 -24433.3203125
v -3893.313232421875 289.2972412109375 -24427.962890625
v -3892.717529296875 290.98678588867188 -24427.33203125
v -3892.510009765625 291.36795043945312 -24427.109375
v -3891.76318359375 292.35821533203125 -24426.314453125
v -3891.738037109375 292.3839111328125 -24426.2890625
v -3890.607177734375 293.19448852539062 -24425.08203125
v -3889.363037109375 293.47201538085938 -24423.751953125
v -3889.34130859375 293.47189331054688 -24423.73046875
v -3888.09912109375 293.18136596679688 -24422.400390625
v -3886.974365234375 292.35894775390625 -24421.197265625
v -3886.949462890625 292.3330078125 -24421.169921875
v -3886.210205078125 291.33499145507812 -24420.376953125
v -3886.00537109375 290.95166015625 -24420.158203125
v -3885.42236328125 289.25595092773438 -24419.53125
v -3885.226318359375 287.37857055664062 -24419.31640625
v -3881.09033203125 287.36300659179688 -24419.21875
v -3877.22509765625 287.35064697265625 -24420.693359375
v -3874.204345703125 287.34335327148438 -24423.51953125
v -3872.476806640625 287.34219360351562 -24427.279296875
v -3872.29931640625 287.34735107421875 -24431.412109375
v -3872.495361328125 289.2247314453125 -24431.626953125
v -3873.078369140625 290.92041015625 -24432.25390625
v -3873.283203125 291.30374145507812 -24432.474609375
v -3874.0224609375 292.30178833007812 -24433.267578125
v -3874.04736328125 292.32772827148438 -24433.29296875
v -3875.172119140625 293.150146484375 -24434.498046875
v -3876.414306640625 293.440673828125 -24435.826171875
v -3876.43603515625 293.4407958984375 -24435.849609375
v -3877.68017578125 293.16326904296875 -24437.177734375
v -3878.81103515625 292.3526611328125 -24438.384765625
v -3878.836181640625 292.32699584960938 -24438.412109375
v -3879.5830078125 291.33673095703125 -24439.20703125
v -3879.79052734375 290.95556640625 -24439.427734375
v -3880.38623046875 289.26602172851562 -24440.060546875
v -3880.59619140625 287.39080810546875 -24440.279296875
v -3884.051513671875 287.40396118164062 -24440.470703125
v -3887.387939453125 287.41513061523438 -24439.5546875
v -3903.07666015625 316.83087158203125 -24425.484375
v -3905.425537109375 316.83511352539062 -24422.263671875
v -3906.436767578125 316.83343505859375 -24418.40625
v -3905.970703125 316.82614135742188 -24414.447265625
v -3904.092041015625 316.81417846679688 -24410.931640625
v -3901.059326171875 316.79922485351562 -24408.34375
v -3897.29150390625 316.7833251953125 -24407.041015625
v -3893.30810546875 316.7686767578125 -24407.203125
v -3889.658447265625 316.75732421875 -24408.806640625
v -3886.84619140625 316.75079345703125 -24411.6328125
v -3885.25927734375 316.75003051757812 -24415.291015625
v -3885.11669921875 316.75509643554688 -24419.275390625
v -3890.149658203125 316.79965209960938 -24437.58203125
v -3892.25146484375 316.80364990234375 -24434.84765625
v -3893.378173828125 316.80325317382812 -24431.58984375
v -3893.41357421875 316.79855346679688 -24428.142578125
v -3877.22265625 316.7684326171875 -24449.677734375
v -3879.324462890625 316.77243041992188 -24446.943359375
v -3880.451171875 316.77203369140625 -24443.685546875
v -3880.486572265625 316.767333984375 -24440.23828125
v -3883.941650390625 316.78048706054688 -24440.4296875
v -3887.2783203125 316.79165649414062 -24439.51171875
v -3872.189697265625 316.723876953125 -24431.37109375
v -3868.201416015625 316.70883178710938 -24431.25
v -3864.444091796875 316.69668579101562 -24432.59375
v -3861.4375 316.68917846679688 -24435.216796875
v -3859.5966796875 316.68728637695312 -24438.7578125
v -3859.176025390625 316.6912841796875 -24442.724609375
v -3860.23388671875 316.70065307617188 -24446.572265625
v -3862.623779296875 316.71408081054688 -24449.767578125
v -3866.015869140625 316.72967529296875 -24451.869140625
v -3869.94091796875 316.74533081054688 -24452.5859375
v -3873.85693359375 316.75888061523438 -24451.8203125
v -3896.86865234375 316.81170654296875 -24428.333984375
v -3900.205322265625 316.8228759765625 -24427.416015625
v -3880.980712890625 316.73953247070312 -24419.177734375
v -3877.115478515625 316.7271728515625 -24420.65234375
v -3874.0947265625 316.71987915039062 -24423.478515625
v -3872.3671875 316.71871948242188 -24427.23828125
v -3877.39013671875 271.94073486328125 -24449.740234375
v -3879.49169921875 271.94473266601562 -24447.0078125
v -3880.618408203125 271.94436645507812 -24443.748046875
v -3880.654052734375 271.93963623046875 -24440.30078125
v -3890.317138671875 271.97195434570312 -24437.64453125
v -3892.418701171875 271.9759521484375 -24434.91015625
v -3893.54541015625 271.9755859375 -24431.65234375
v -3893.5810546875 271.97085571289062 -24428.205078125
v -3903.244140625 272.003173828125 -24425.548828125
v -3905.5927734375 272.00741577148438 -24422.326171875
v -3906.60400390625 272.00576782226562 -24418.470703125
v -3906.13818359375 271.99844360351562 -24414.509765625
v -3904.25927734375 271.98648071289062 -24410.994140625
v -3901.226806640625 271.97152709960938 -24408.40625
v -3897.458740234375 271.95562744140625 -24407.103515625
v -3893.475341796875 271.94100952148438 -24407.265625
v -3889.82568359375 271.92962646484375 -24408.87109375
v -3887.013427734375 271.92312622070312 -24411.697265625
v -3885.4267578125 271.92233276367188 -24415.353515625
v -3885.283935546875 271.92742919921875 -24419.337890625
v -3881.148193359375 271.91183471679688 -24419.240234375
v -3877.28271484375 271.89950561523438 -24420.71484375
v -3874.261962890625 271.8922119140625 -24423.541015625
v -3872.534423828125 271.89105224609375 -24427.30078125
v -3872.35693359375 271.89620971679688 -24431.43359375
v -3897.0361328125 271.9840087890625 -24428.396484375
v -3900.37255859375 271.99517822265625 -24427.478515625
v -3868.36865234375 271.88113403320312 -24431.3125
v -3864.611572265625 271.8690185546875 -24432.65625
v -3861.604736328125 271.86148071289062 -24435.279296875
v -3859.763916015625 271.85958862304688 -24438.8203125
v -3859.34326171875 271.86361694335938 -24442.7890625
v -3860.401123046875 271.87295532226562 -24446.634765625
v -3862.791259765625 271.88638305664062 -24449.830078125
v -3866.18310546875 271.90200805664062 -24451.931640625
v -3870.1083984375 271.91766357421875 -24452.650390625
v -3874.0244140625 271.93118286132812 -24451.884765625
v -3884.109130859375 271.95278930664062 -24440.4921875
v -3887.44580078125 271.96395874023438 -24439.576171875
vt 0.43250870704650879 0.41418197751045227
vt 0.30430299043655396 0.41418197751045227
vt 0.36840584874153137 0.5006488561630249
vt 0.36840584874153137 0.57056158781051636
vt 0.36840584874153137 0.6055179238319397
vt 0.36840584874153137 0.67543059587478638
vt 0.43250870704650879 0.78029966354370117
vt 0.30430299043655396 0.78029966354370117
vt 0.40045729279518127 0.57056158781051636
vt 0.36840584874153137 0.53560525178909302
vt 0.40045729279518127 0.5006488561630249
vt 0.40045729279518127 0.53560525178909302
vt 0.33635443449020386 0.57056158781051636
vt 0.33635443449020386 0.5006488561630249
vt 0.33635443449020386 0.53560525178909302
vt 0.40045729279518127 0.67543059587478638
vt 0.36840584874153137 0.64047425985336304
vt 0.40045729279518127 0.6055179238319397
vt 0.40045729279518127 0.64047425985336304
vt 0.33635443449020386 0.67543059587478638
vt 0.33635443449020386 0.6055179238319397
vt 0.33635443449020386 0.64047425985336304
vt 0.38977348804473877 0.78029966354370117
vt 0.34703823924064636 0.78029966354370117
vt 0.34703823924064636 0.41418197751045227
vt 0.38977348804473877 0.41418197751045227
vt 0.30430299043655396 0.74978983402252197
vt 0.30430299043655396 0.71928000450134277
vt 0.30430299043655396 0.68877023458480835
vt 0.30430299043655396 0.65826040506362915
vt 0.30430299043655396 0.62775063514709473
vt 0.30430299043655396 0.59724080562591553
vt 0.30430299043655396 0.56673097610473633
vt 0.30430299043655396 0.5362212061882019
vt 0.30430299043655396 0.50571137666702271
vt 0.30430299043655396 0.47520157694816589
vt 0.30430299043655396 0.44469177722930908
vt 0.43250870704650879 0.44746538996696472
vt 0.43250870704650879 0.48074883222579956
vt 0.43250870704650879 0.51403224468231201
vt 0.43250870704650879 0.54731565713882446
vt 0.43250870704650879 0.58059906959533691
vt 0.43250870704650879 0.61388254165649414
vt 0.43250870704650879 0.64716595411300659
vt 0.43250870704650879 0.68044936656951904
vt 0.43250870704650879 0.71373277902603149
vt 0.43250870704650879 0.74701625108718872
vt 0.36840584874153137 0.74534332752227783
vt 0 0.20709098875522614
vt 0 0.33676156401634216
vt 0.08646690845489502 0.27192625403404236
vt 0.15637961030006409 0.27192625403404236
vt 0.19133596122264862 0.27192625403404236
vt 0.26124864816665649 0.27192625403404236
vt 0.3661176860332489 0.20709098875522614
vt 0.3661176860332489 0.33676156401634216
vt 0.15637961030006409 0.23950862884521484
vt 0.12142326682806015 0.27192625403404236
vt 0.08646690845489502 0.23950862884521484
vt 0.12142326682806015 0.23950862884521484
vt 0.15637961030006409 0.30434390902519226
vt 0.08646690845489502 0.30434390902519226
vt 0.12142326682806015 0.30434390902519226
vt 0.26124864816665649 0.23950862884521484
vt 0.22629229724407196 0.27192625403404236
vt 0.19133596122264862 0.23950862884521484
vt 0.22629229724407196 0.23950862884521484
vt 0.26124864816665649 0.30434390902519226
vt 0.19133596122264862 0.30434390902519226
vt 0.22629229724407196 0.30434390902519226
vt 0.3661176860332489 0.25031450390815735
vt 0.3661176860332489 0.29353803396224976
vt 0 0.29353803396224976
vt 0 0.25031450390815735
vt 0.33283427357673645 0.33676156401634216
vt 0.29955083131790161 0.33676156401634216
vt 0.26626741886138916 0.33676156401634216
vt 0.23298397660255432 0.33676156401634216
vt 0.19970056414604187 0.33676156401634216
vt 0.16641713678836823 0.33676156401634216
vt 0.13313370943069458 0.33676156401634216
vt 0.099850282073020935 0.33676156401634216
vt 0.06656685471534729 0.33676156401634216
vt 0.033283427357673645 0.33676156401634216
vt 0.033283427357673645 0.20709098875522614
vt 0.06656685471534729 0.20709098875522614
vt 0.099850282073020935 0.20709098875522614
vt 0.13313370943069458 0.20709098875522614
vt 0.16641713678836823 0.20709098875522614
vt 0.19970056414604187 0.20709098875522614
vt 0.23298397660255432 0.20709098875522614
vt 0.26626741886138916 0.20709098875522614
vt 0.29955083131790161 0.20709098875522614
vt 0.33283427357673645 0.20709098875522614
vt 0.33116135001182556 0.27192625403404236
vt 0 0.70653694868087769
vt 0.17316757142543793 0.70653694868087769
vt 0.17316757142543793 0.83620750904083252
vt 0.17316757142543793 0.74976044893264771
vt 0.17316757142543793 0.79298394918441772
vt 0 0.83620750904083252
vt 0 0.79298394918441772
vt 0 0.74976044893264771
vt 0.1385340690612793 0.83620750904083252
vt 0.10390055179595947 0.83620750904083252
vt 0.069267034530639648 0.83620750904083252
vt 0.034633517265319824 0.83620750904083252
vt 0.034633517265319824 0.70653694868087769
vt 0.069267034530639648 0.70653694868087769
vt 0.10390055179595947 0.70653694868087769
vt 0.1385340690612793 0.70653694868087769
vt 0.85823357105255127 0
vt 0.85823357105255127 0.12820573151111603
vt 0.94564247131347656 0
vt 0.94564247131347656 0.12820573151111603
vt 0.94564247131347656 0.042735245078802109
vt 0.94564247131347656 0.085470490157604218
vt 0.85823357105255127 0.085470490157604218
vt 0.85823357105255127 0.042735245078802109
vt 0.91650617122650146 0.12820573151111603
vt 0.88736987113952637 0.12820573151111603
vt 0.88736987113952637 0
vt 0.91650617122650146 0
vt 0.43397355079650879 0
vt 0.43397355079650879 0.12820573151111603
vt 0.52106201648712158 0
vt 0.52106201648712158 0.12820573151111603
vt 0.49203255772590637 0.12820573151111603
vt 0.46300306916236877 0.12820573151111603
vt 0.46300306916236877 0
vt 0.49203255772590637 0
vt 0.43397355079650879 0.085470490157604218
vt 0.43397355079650879 0.042735245078802109
vt 0.52106201648712158 0.042735245078802109
vt 0.52106201648712158 0.085470490157604218
vt 0.30283814668655396 0.41418197751045227
vt 0.17463241517543793 0.41418197751045227
vt 0.23873528838157654 0.55394577980041504
vt 0.23873528838157654 0.62382763624191284
vt 0.23873528838157654 0.69370955228805542
vt 0.17463241517543793 0.77982085943222046
vt 0.27078670263290405 0.62382763624191284
vt 0.23873528838157654 0.58888673782348633
vt 0.27078670263290405 0.55394577980041504
vt 0.27078670263290405 0.58888673782348633
vt 0.20668385922908783 0.62382763624191284
vt 0.20668385922908783 0.55394577980041504
vt 0.20668385922908783 0.58888673782348633
vt 0.27078670263290405 0.69370955228805542
vt 0.23873528838157654 0.65876859426498413
vt 0.27078670263290405 0.65876859426498413
vt 0.20668385922908783 0.69370955228805542
vt 0.20668385922908783 0.65876859426498413
vt 0.17463241517543793 0.74658101797103882
vt 0.17463241517543793 0.71334105730056763
vt 0.17463241517543793 0.68010121583938599
vt 0.17463241517543793 0.64686125516891479
vt 0.17463241517543793 0.61362135410308838
vt 0.17463241517543793 0.58038145303726196
vt 0.17463241517543793 0.54714155197143555
vt 0.17463241517543793 0.51390165090560913
vt 0.17463241517543793 0.4806617796421051
vt 0.17463241517543793 0.44742187857627869
vt 0.30283814668655396 0.44742187857627869
vt 0.30283814668655396 0.4806617796421051
vt 0.30283814668655396 0.51390165090560913
vt 0.30283814668655396 0.54714155197143555
vt 0.30283814668655396 0.58038145303726196
vt 0.30283814668655396 0.61362135410308838
vt 0.30283814668655396 0.64686125516891479
vt 0.30283814668655396 0.68010121583938599
vt 0.30283814668655396 0.71334105730056763
vt 0.30283814668655396 0.74658101797103882
vt 0.21736766397953033 0.41418197751045227
vt 0.26010289788246155 0.41418197751045227
vt 0.30283814668655396 0.77982085943222046
vt 0.26010289788246155 0.77982085943222046
vt 0.21736766397953033 0.77982085943222046
vt 0.23873528838157654 0.44912290573120117
vt 0.23873528838157654 0.51900482177734375
vt 0.71646714210510254 0
vt 0.71646714210510254 0.12820573151111603
vt 0.80387604236602783 0
vt 0.80387604236602783 0.12820573151111603
vt 0.80387604236602783 0.042735245078802109
vt 0.80387604236602783 0.085470490157604218
vt 0.71646714210510254 0.085470490157604218
vt 0.71646714210510254 0.042735245078802109
vt 0.77473974227905273 0.12820573151111603
vt 0.74560344219207764 0.12820573151111603
vt 0.74560344219207764 0
vt 0.77473974227905273 0
vt 0.57522034645080566 0
vt 0.57522034645080566 0.12820573151111603
vt 0.66230881214141846 0
vt 0.66230881214141846 0.12820573151111603
vt 0.63327932357788086 0.12820573151111603
vt 0.60424983501434326 0.12820573151111603
vt 0.60424983501434326 0
vt 0.63327932357788086 0
vt 0.57522034645080566 0.085470490157604218
vt 0.57522034645080566 0.042735245078802109
vt 0.66230881214141846 0.042735245078802109
vt 0.66230881214141846 0.085470490157604218
vt 0.43397355079650879 0.68116652965545654
vt 0.43397355079650879 0.69440507888793945
vt 0.43397355079650879 0.70696127414703369
vt 0.43397355079650879 0.71905642747879028
vt 0.43397355079650879 0.73115158081054688
vt 0.43397355079650879 0.74324673414230347
vt 0.46878427267074585 0.69440507888793945
vt 0.46878427267074585 0.70696127414703369
vt 0.46878427267074585 0.71905642747879028
vt 0.46878427267074585 0.73115158081054688
vt 0.50359499454498291 0.69440507888793945
vt 0.50359499454498291 0.70696127414703369
vt 0.50359499454498291 0.71905642747879028
vt 0.50359499454498291 0.73115158081054688
vt 0.57321637868881226 0.69440507888793945
vt 0.57321637868881226 0.70696127414703369
vt 0.57321637868881226 0.71905642747879028
vt 0.57321637868881226 0.73115158081054688
vt 0.6428377628326416 0.69440507888793945
vt 0.6428377628326416 0.70696127414703369
vt 0.6428377628326416 0.71905642747879028
vt 0.6428377628326416 0.73115158081054688
vt 0.67764848470687866 0.69440507888793945
vt 0.67764848470687866 0.70696127414703369
vt 0.67764848470687866 0.71905642747879028
vt 0.67764848470687866 0.73115158081054688
vt 0.71245920658111572 0.69440507888793945
vt 0.71245920658111572 0.70696127414703369
vt 0.71245920658111572 0.71905642747879028
vt 0.71245920658111572 0.73115158081054688
vt 0.74726992845535278 0.69440507888793945
vt 0.74726992845535278 0.70696127414703369
vt 0.74726992845535278 0.71905642747879028
vt 0.74726992845535278 0.73115158081054688
vt 0.78208059072494507 0.69440507888793945
vt 0.78208059072494507 0.70696127414703369
vt 0.78208059072494507 0.71905642747879028
vt 0.78208059072494507 0.73115158081054688
vt 0.92132341861724854 0.69440507888793945
vt 0.92132341861724854 0.70696127414703369
vt 0.92132341861724854 0.71905642747879028
vt 0.92132341861724854 0.73115158081054688
vt 0.99094486236572266 0.68116652965545654
vt 0.99094486236572266 0.69440507888793945
vt 0.99094486236572266 0.70696127414703369
vt 0.99094486236572266 0.71905642747879028
vt 0.99094486236572266 0.73115158081054688
vt 0.57321637868881226 0.687785804271698
vt 0.5384056568145752 0.69440507888793945
vt 0.50359499454498291 0.687785804271698
vt 0.5384056568145752 0.687785804271698
vt 0.57321637868881226 0.70068317651748657
vt 0.5384056568145752 0.70696127414703369
vt 0.50359499454498291 0.70068317651748657
vt 0.5384056568145752 0.70068317651748657
vt 0.6428377628326416 0.687785804271698
vt 0.60802710056304932 0.69440507888793945
vt 0.60802710056304932 0.687785804271698
vt 0.6428377628326416 0.73719918727874756
vt 0.57321637868881226 0.73719918727874756
vt 0.60802710056304932 0.73115158081054688
vt 0.60802710056304932 0.73719918727874756
vt 0.78208059072494507 0.70068317651748657
vt 0.78208059072494507 0.7130088210105896
vt 0.78208059072494507 0.72510403394699097
vt 0.99094486236572266 0.687785804271698
vt 0.9561341404914856 0.69440507888793945
vt 0.92132341861724854 0.687785804271698
vt 0.9561341404914856 0.687785804271698
vt 0.99094486236572266 0.70068317651748657
vt 0.9561341404914856 0.70696127414703369
vt 0.92132341861724854 0.70068317651748657
vt 0.9561341404914856 0.70068317651748657
vt 0.99094486236572266 0.7130088210105896
vt 0.9561341404914856 0.71905642747879028
vt 0.92132341861724854 0.7130088210105896
vt 0.9561341404914856 0.7130088210105896
vt 0.99094486236572266 0.72510403394699097
vt 0.9561341404914856 0.73115158081054688
vt 0.92132341861724854 0.72510403394699097
vt 0.9561341404914856 0.72510403394699097
vt 0.99094486236572266 0.73719918727874756
vt 0.92132341861724854 0.73719918727874756
vt 0.9561341404914856 0.73719918727874756
vt 0.46878427267074585 0.687785804271698
vt 0.45137891173362732 0.69440507888793945
vt 0.43397355079650879 0.687785804271698
vt 0.45137891173362732 0.687785804271698
vt 0.46878427267074585 0.70068317651748657
vt 0.45137891173362732 0.70696127414703369
vt 0.43397355079650879 0.70068317651748657
vt 0.45137891173362732 0.70068317651748657
vt 0.46878427267074585 0.7130088210105896
vt 0.45137891173362732 0.71905642747879028
vt 0.43397355079650879 0.7130088210105896
vt 0.45137891173362732 0.7130088210105896
vt 0.46878427267074585 0.72510403394699097
vt 0.45137891173362732 0.73115158081054688
vt 0.43397355079650879 0.72510403394699097
vt 0.45137891173362732 0.72510403394699097
vt 0.46878427267074585 0.73719918727874756
vt 0.43397355079650879 0.73719918727874756
vt 0.45137891173362732 0.73719918727874756
vt 0.46708956360816956 0.68116652965545654
vt 0.50020557641983032 0.68116652965545654
vt 0.5333215594291687 0.68116652965545654
vt 0.56643754243850708 0.68116652965545654
vt 0.59955358505249023 0.68116652965545654
vt 0.63266956806182861 0.68116652965545654
vt 0.66578555107116699 0.68116652965545654
vt 0.69890153408050537 0.68116652965545654
vt 0.73201757669448853 0.68116652965545654
vt 0.7651335597038269 0.68116652965545654
vt 0.79824954271316528 0.68116652965545654
vt 0.80086880922317505 0.69965541362762451
vt 0.80898052453994751 0.7155076265335083
vt 0.81797027587890625 0.7242281436920166
vt 0.81828659772872925 0.72445833683013916
vt 0.83342069387435913 0.73187637329101562
vt 0.85138571262359619 0.73453491926193237
vt 0.85170203447341919 0.73453491926193237
vt 0.86966705322265625 0.73187637329101562
vt 0.88480114936828613 0.72445833683013916
vt 0.88511741161346436 0.7242281436920166
vt 0.8941071629524231 0.7155076265335083
vt 0.90221887826919556 0.69965541362762451
vt 0.9048382043838501 0.68116652965545654
vt 0.93354040384292603 0.68116652965545654
vt 0.96224260330200195 0.68116652965545654
vt 0.99094486236572266 0.74324673414230347
vt 0.95818179845809937 0.74324673414230347
vt 0.92541879415512085 0.74324673414230347
vt 0.89265578985214233 0.74324673414230347
vt 0.85989278554916382 0.74324673414230347
vt 0.8271297812461853 0.74324673414230347
vt 0.79436677694320679 0.74324673414230347
vt 0.7616037130355835 0.74324673414230347
vt 0.72884070873260498 0.74324673414230347
vt 0.69607770442962646 0.74324673414230347
vt 0.66331470012664795 0.74324673414230347
vt 0.63055163621902466 0.74324673414230347
vt 0.59778863191604614 0.74324673414230347
vt 0.56502562761306763 0.74324673414230347
vt 0.53226262331008911 0.74324673414230347
vt 0.49949958920478821 0.74324673414230347
vt 0.46673658490180969 0.74324673414230347
vt 0.57522034645080566 0.12967057526111603
vt 0.57522034645080566 0.25787630677223206
vt 0.66230881214141846 0.25787630677223206
vt 0.63327932357788086 0.25787630677223206
vt 0.60424983501434326 0.25787630677223206
vt 0.60424983501434326 0.12967057526111603
vt 0.63327932357788086 0.12967057526111603
vt 0.57522034645080566 0.21514105796813965
vt 0.57522034645080566 0.17240580916404724
vt 0.66230881214141846 0.12967057526111603
vt 0.66230881214141846 0.17240580916404724
vt 0.66230881214141846 0.21514105796813965
vt 0.85823357105255127 0.12967057526111603
vt 0.94564247131347656 0.12967057526111603
vt 0.94564247131347656 0.25787630677223206
vt 0.94564247131347656 0.17240580916404724
vt 0.94564247131347656 0.21514105796813965
vt 0.85823357105255127 0.25787630677223206
vt 0.85823357105255127 0.21514105796813965
vt 0.85823357105255127 0.17240580916404724
vt 0.91650617122650146 0.25787630677223206
vt 0.88736987113952637 0.25787630677223206
vt 0.88736987113952637 0.12967057526111603
vt 0.91650617122650146 0.12967057526111603
vt 0 0
vt 0 0.12967057526111603
vt 0.069881893694400787 0.064835287630558014
vt 0.13976378738880157 0.064835287630558014
vt 0.20964568853378296 0.064835287630558014
vt 0.36563891172409058 0
vt 0.13976378738880157 0.097252927720546722
vt 0.069881893694400787 0.097252927720546722
vt 0.10482284426689148 0.064835287630558014
vt 0.10482284426689148 0.097252927720546722
vt 0.20964568853378296 0.032417643815279007
vt 0.17470474541187286 0.064835287630558014
vt 0.13976378738880157 0.032417643815279007
vt 0.17470474541187286 0.032417643815279007
vt 0.20964568853378296 0.097252927720546722
vt 0.17470474541187286 0.097252927720546722
vt 0.36563891172409058 0.12967057526111603
vt 0.33239904046058655 0.12967057526111603
vt 0.29915910959243774 0.12967057526111603
vt 0.26591923832893372 0.12967057526111603
vt 0.23267930746078491 0.12967057526111603
vt 0.19943942129611969 0.12967057526111603
vt 0.16619952023029327 0.12967057526111603
vt 0.13295961916446686 0.12967057526111603
vt 0.099719710648059845 0.12967057526111603
vt 0.066479809582233429 0.12967057526111603
vt 0.033239904791116714 0.12967057526111603
vt 0.033239904791116714 0
vt 0.066479809582233429 0
vt 0.099719710648059845 0
vt 0.13295961916446686 0
vt 0.16619952023029327 0
vt 0.19943942129611969 0
vt 0.23267930746078491 0
vt 0.26591923832893372 0
vt 0.29915910959243774 0
vt 0.33239904046058655 0
vt 0 0.086447052657604218
vt 0 0.043223526328802109
vt 0.36563891172409058 0.043223526328802109
vt 0.36563891172409058 0.086447052657604218
vt 0.27952757477760315 0.064835287630558014
vt 0.32258325815200806 0.064835287630558014
vt 0.43397355079650879 0.61762142181396484
vt 0.43397355079650879 0.62867653369903564
vt 0.43397355079650879 0.63938444852828979
vt 0.43397355079650879 0.64946377277374268
vt 0.43397355079650879 0.65954309701919556
vt 0.43397355079650879 0.66962236166000366
vt 0.43397355079650879 0.67970168590545654
vt 0.50342637300491333 0.62867653369903564
vt 0.50342637300491333 0.63938444852828979
vt 0.50342637300491333 0.64946377277374268
vt 0.50342637300491333 0.65954309701919556
vt 0.50342637300491333 0.66962236166000366
vt 0.64233207702636719 0.62867653369903564
vt 0.64233207702636719 0.63938444852828979
vt 0.64233207702636719 0.64946377277374268
vt 0.64233207702636719 0.65954309701919556
vt 0.64233207702636719 0.66962236166000366
vt 0.71178489923477173 0.62867653369903564
vt 0.71178489923477173 0.63938444852828979
vt 0.71178489923477173 0.64946377277374268
vt 0.71178489923477173 0.65954309701919556
vt 0.71178489923477173 0.66962236166000366
vt 0.74651134014129639 0.62867653369903564
vt 0.74651134014129639 0.63938444852828979
vt 0.74651134014129639 0.64946377277374268
vt 0.74651134014129639 0.65954309701919556
vt 0.74651134014129639 0.66962236166000366
vt 0.78123772144317627 0.62867653369903564
vt 0.78123772144317627 0.63938444852828979
vt 0.78123772144317627 0.64946377277374268
vt 0.78123772144317627 0.65954309701919556
vt 0.78123772144317627 0.66962236166000366
vt 0.92014342546463013 0.62867653369903564
vt 0.92014342546463013 0.63938444852828979
vt 0.92014342546463013 0.64946377277374268
vt 0.92014342546463013 0.65954309701919556
vt 0.92014342546463013 0.66962236166000366
vt 0.98959624767303467 0.61762142181396484
vt 0.98959624767303467 0.62867653369903564
vt 0.98959624767303467 0.63938444852828979
vt 0.98959624767303467 0.64946377277374268
vt 0.98959624767303467 0.65954309701919556
vt 0.98959624767303467 0.66962236166000366
vt 0.50342637300491333 0.62314897775650024
vt 0.46869999170303345 0.62867653369903564
vt 0.43397355079650879 0.62314897775650024
vt 0.46869999170303345 0.62314897775650024
vt 0.50342637300491333 0.64442414045333862
vt 0.46869999170303345 0.64946377277374268
vt 0.43397355079650879 0.64442414045333862
vt 0.46869999170303345 0.63938444852828979
vt 0.46869999170303345 0.64442414045333862
vt 0.50342637300491333 0.65450340509414673
vt 0.46869999170303345 0.65954309701919556
vt 0.43397355079650879 0.65450340509414673
vt 0.46869999170303345 0.65450340509414673
vt 0.50342637300491333 0.67466205358505249
vt 0.43397355079650879 0.67466205358505249
vt 0.46869999170303345 0.66962236166000366
vt 0.46869999170303345 0.67466205358505249
vt 0.64233207702636719 0.62314897775650024
vt 0.71178489923477173 0.62314897775650024
vt 0.67705851793289185 0.62867653369903564
vt 0.67705851793289185 0.62314897775650024
vt 0.71178489923477173 0.64442414045333862
vt 0.67705851793289185 0.64946377277374268
vt 0.64233207702636719 0.64442414045333862
vt 0.67705851793289185 0.63938444852828979
vt 0.67705851793289185 0.64442414045333862
vt 0.71178489923477173 0.65450340509414673
vt 0.67705851793289185 0.65954309701919556
vt 0.64233207702636719 0.65450340509414673
vt 0.67705851793289185 0.65450340509414673
vt 0.71178489923477173 0.67466205358505249
vt 0.64233207702636719 0.67466205358505249
vt 0.67705851793289185 0.66962236166000366
vt 0.67705851793289185 0.67466205358505249
vt 0.78123772144317627 0.63403052091598511
vt 0.78123772144317627 0.64442414045333862
vt 0.78123772144317627 0.65450340509414673
vt 0.81596416234970093 0.66962236166000366
vt 0.78123772144317627 0.66458272933959961
vt 0.81596416234970093 0.66458272933959961
vt 0.78123772144317627 0.67466205358505249
vt 0.81596416234970093 0.67466205358505249
vt 0.98959624767303467 0.62314897775650024
vt 0.95486986637115479 0.62867653369903564
vt 0.92014342546463013 0.62314897775650024
vt 0.95486986637115479 0.62314897775650024
vt 0.98959624767303467 0.64442414045333862
vt 0.95486986637115479 0.64946377277374268
vt 0.92014342546463013 0.64442414045333862
vt 0.95486986637115479 0.63938444852828979
vt 0.95486986637115479 0.64442414045333862
vt 0.98959624767303467 0.65450340509414673
vt 0.95486986637115479 0.65954309701919556
vt 0.92014342546463013 0.65450340509414673
vt 0.95486986637115479 0.65450340509414673
vt 0.98959624767303467 0.67466205358505249
vt 0.92014342546463013 0.67466205358505249
vt 0.95486986637115479 0.66962236166000366
vt 0.95486986637115479 0.67466205358505249
vt 0.46250110864639282 0.61762142181396484
vt 0.49102866649627686 0.61762142181396484
vt 0.51955616474151611 0.61762142181396484
vt 0.79736757278442383 0.61762142181396484
vt 0.79998046159744263 0.63611030578613281
vt 0.80807256698608398 0.6519625186920166
vt 0.81704050302505493 0.66068309545516968
vt 0.81735605001449585 0.66091328859329224
vt 0.83245354890823364 0.6683313250541687
vt 0.85037505626678467 0.67098987102508545
vt 0.85069060325622559 0.67098987102508545
vt 0.86861211061477661 0.6683313250541687
vt 0.8837096095085144 0.66091328859329224
vt 0.88402509689331055 0.66068309545516968
vt 0.89299309253692627 0.6519625186920166
vt 0.90108513832092285 0.63611030578613281
vt 0.90369808673858643 0.61762142181396484
vt 0.93233078718185425 0.61762142181396484
vt 0.96096354722976685 0.61762142181396484
vt 0.52216917276382446 0.63611030578613281
vt 0.53026121854782104 0.6519625186920166
vt 0.53922915458679199 0.66068309545516968
vt 0.53954470157623291 0.66091328859329224
vt 0.5546422004699707 0.6683313250541687
vt 0.57256370782852173 0.67098987102508545
vt 0.57287925481796265 0.67098987102508545
vt 0.59080076217651367 0.6683313250541687
vt 0.60589820146560669 0.66091328859329224
vt 0.60621374845504761 0.66068309545516968
vt 0.61518174409866333 0.6519625186920166
vt 0.62327378988265991 0.63611030578613281
vt 0.62588673830032349 0.61762142181396484
vt 0.6601828932762146 0.61762142181396484
vt 0.69447904825210571 0.61762142181396484
vt 0.72877520322799683 0.61762142181396484
vt 0.76307135820388794 0.61762142181396484
vt 0.98959624767303467 0.67970168590545654
vt 0.9569125771522522 0.67970168590545654
vt 0.92422890663146973 0.67970168590545654
vt 0.89154517650604248 0.67970168590545654
vt 0.85886150598526001 0.67970168590545654
vt 0.82617783546447754 0.67970168590545654
vt 0.79349416494369507 0.67970168590545654
vt 0.76081043481826782 0.67970168590545654
vt 0.72812676429748535 0.67970168590545654
vt 0.69544309377670288 0.67970168590545654
vt 0.66275936365127563 0.67970168590545654
vt 0.63007569313049316 0.67970168590545654
vt 0.59739202260971069 0.67970168590545654
vt 0.56470829248428345 0.67970168590545654
vt 0.53202462196350098 0.67970168590545654
vt 0.49934095144271851 0.67970168590545654
vt 0.46665725111961365 0.67970168590545654
vt 0.43397355079650879 0.93534684181213379
vt 0.43397355079650879 0.94858533143997192
vt 0.43397355079650879 0.96114152669906616
vt 0.43397355079650879 0.97323673963546753
vt 0.43397355079650879 0.98533189296722412
vt 0.43397355079650879 0.99742704629898071
vt 0.48220339417457581 0.94858533143997192
vt 0.48220339417457581 0.96114152669906616
vt 0.48220339417457581 0.97323673963546753
vt 0.48220339417457581 0.98533189296722412
vt 0.52865868806838989 0.94858533143997192
vt 0.52865868806838989 0.96114152669906616
vt 0.52865868806838989 0.97323673963546753
vt 0.52865868806838989 0.98533189296722412
vt 0.57511395215988159 0.94858533143997192
vt 0.57511395215988159 0.96114152669906616
vt 0.57511395215988159 0.97323673963546753
vt 0.57511395215988159 0.98533189296722412
vt 0.62334376573562622 0.94858533143997192
vt 0.62334376573562622 0.96114152669906616
vt 0.62334376573562622 0.97323673963546753
vt 0.62334376573562622 0.98533189296722412
vt 0.6697990894317627 0.94858533143997192
vt 0.6697990894317627 0.96114152669906616
vt 0.6697990894317627 0.97323673963546753
vt 0.6697990894317627 0.98533189296722412
vt 0.71625435352325439 0.94858533143997192
vt 0.71625435352325439 0.96114152669906616
vt 0.71625435352325439 0.97323673963546753
vt 0.71625435352325439 0.98533189296722412
vt 0.7644842267036438 0.94858533143997192
vt 0.7644842267036438 0.96114152669906616
vt 0.7644842267036438 0.97323673963546753
vt 0.7644842267036438 0.98533189296722412
vt 0.8109394907951355 0.97323673963546753
vt 0.8109394907951355 0.98533189296722412
vt 0.90562456846237183 0.97323673963546753
vt 0.90562456846237183 0.98533189296722412
vt 0.9520798921585083 0.94858533143997192
vt 0.9520798921585083 0.96114152669906616
vt 0.9520798921585083 0.97323673963546753
vt 0.9520798921585083 0.98533189296722412
vt 0.99853515625 0.93534684181213379
vt 0.99853515625 0.94858533143997192
vt 0.99853515625 0.96114152669906616
vt 0.99853515625 0.97323673963546753
vt 0.99853515625 0.98533189296722412
vt 0.46754086017608643 0.93534684181213379
vt 0.50110816955566406 0.93534684181213379
vt 0.5346754789352417 0.93534684181213379
vt 0.56824278831481934 0.93534684181213379
vt 0.6018100380897522 0.93534684181213379
vt 0.63537734746932983 0.93534684181213379
vt 0.66894465684890747 0.93534684181213379
vt 0.70251196622848511 0.93534684181213379
vt 0.73607927560806274 0.93534684181213379
vt 0.76964652538299561 0.93534684181213379
vt 0.80321383476257324 0.93534684181213379
vt 0.99853515625 0.99742704629898071
vt 0.96532565355300903 0.99742704629898071
vt 0.93211615085601807 0.99742704629898071
vt 0.8989066481590271 0.99742704629898071
vt 0.86569714546203613 0.99742704629898071
vt 0.83248764276504517 0.99742704629898071
vt 0.7992781400680542 0.99742704629898071
vt 0.76606863737106323 0.99742704629898071
vt 0.73285913467407227 0.99742704629898071
vt 0.6996496319770813 0.99742704629898071
vt 0.66644012928009033 0.99742704629898071
vt 0.63323062658309937 0.99742704629898071
vt 0.6000211238861084 0.99742704629898071
vt 0.56681156158447266 0.99742704629898071
vt 0.53360205888748169 0.99742704629898071
vt 0.50039255619049072 0.99742704629898071
vt 0.46718308329582214 0.99742704629898071
vt 0.80529755353927612 0.95185458660125732
vt 0.8117142915725708 0.96638697385787964
vt 0.8140910267829895 0.96968793869018555
vt 0.82320326566696167 0.97840851545333862
vt 0.8235238790512085 0.97863870859146118
vt 0.83886432647705078 0.98605668544769287
vt 0.85707414150238037 0.98871523141860962
vt 0.8573947548866272 0.98871523141860962
vt 0.87560462951660156 0.98605668544769287
vt 0.89094501733779907 0.97863870859146118
vt 0.8912656307220459 0.97840851545333862
vt 0.90037786960601807 0.96968793869018555
vt 0.90275460481643677 0.96638697385787964
vt 0.90917134284973145 0.95185458660125732
vt 0.91125506162643433 0.93534684181213379
vt 0.94034838676452637 0.93534684181213379
vt 0.96944177150726318 0.93534684181213379
vt 0.43397355079650879 0.74471157789230347
vt 0.43397355079650879 0.76122534275054932
vt 0.43397355079650879 0.7765539288520813
vt 0.43397355079650879 0.79167288541793823
vt 0.43397355079650879 0.80679184198379517
vt 0.47772708535194397 0.76122534275054932
vt 0.47772708535194397 0.7765539288520813
vt 0.47772708535194397 0.79167288541793823
vt 0.5215117335319519 0.79167288541793823
vt 0.65193164348602295 0.76122534275054932
vt 0.65193164348602295 0.7765539288520813
vt 0.65193164348602295 0.79167288541793823
vt 0.69481348991394043 0.76122534275054932
vt 0.69481348991394043 0.7765539288520813
vt 0.69481348991394043 0.79167288541793823
vt 0.73889279365539551 0.76122534275054932
vt 0.73889279365539551 0.7765539288520813
vt 0.73889279365539551 0.79167288541793823
vt 0.78235161304473877 0.76122534275054932
vt 0.78235161304473877 0.7765539288520813
vt 0.78235161304473877 0.79167288541793823
vt 0.82523339986801147 0.76122534275054932
vt 0.82523339986801147 0.7765539288520813
vt 0.82523339986801147 0.79167288541793823
vt 0.8690115213394165 0.76122534275054932
vt 0.8690115213394165 0.7765539288520813
vt 0.8690115213394165 0.79167288541793823
vt 0.91277158260345459 0.76122534275054932
vt 0.91277158260345459 0.7765539288520813
vt 0.91277158260345459 0.79167288541793823
vt 0.95565336942672729 0.76122534275054932
vt 0.95565336942672729 0.7765539288520813
vt 0.95565336942672729 0.79167288541793823
vt 0.99853515625 0.74471157789230347
vt 0.99853515625 0.76122534275054932
vt 0.99853515625 0.7765539288520813
vt 0.99853515625 0.79167288541793823
vt 0.99853515625 0.80679184198379517
vt 0.46296006441116333 0.74471157789230347
vt 0.49194654822349548 0.74471157789230347
vt 0.52093303203582764 0.74471157789230347
vt 0.96532565355300903 0.80679184198379517
vt 0.93211615085601807 0.80679184198379517
vt 0.8989066481590271 0.80679184198379517
vt 0.86569714546203613 0.80679184198379517
vt 0.83248764276504517 0.80679184198379517
vt 0.7992781400680542 0.80679184198379517
vt 0.76606863737106323 0.80679184198379517
vt 0.73285913467407227 0.80679184198379517
vt 0.6996496319770813 0.80679184198379517
vt 0.66644012928009033 0.80679184198379517
vt 0.63323062658309937 0.80679184198379517
vt 0.6000211238861084 0.80679184198379517
vt 0.56681156158447266 0.80679184198379517
vt 0.53360205888748169 0.80679184198379517
vt 0.50039255619049072 0.80679184198379517
vt 0.46718308329582214 0.80679184198379517
vt 0.52301675081253052 0.76121938228607178
vt 0.5294334888458252 0.77575176954269409
vt 0.5318102240562439 0.779052734375
vt 0.54092246294021606 0.78777331113815308
vt 0.54124313592910767 0.78800344467163086
vt 0.55658352375030518 0.79542148113250732
vt 0.57479333877563477 0.79808002710342407
vt 0.57511395215988159 0.79808002710342407
vt 0.59332382678985596 0.79542148113250732
vt 0.60866421461105347 0.78800344467163086
vt 0.60898482799530029 0.78777331113815308
vt 0.61809706687927246 0.779052734375
vt 0.62047380208969116 0.77575176954269409
vt 0.62689059972763062 0.76121938228607178
vt 0.62897425889968872 0.74471157789230347
vt 0.65977102518081665 0.74471157789230347
vt 0.6905677318572998 0.74471157789230347
vt 0.72136449813842773 0.74471157789230347
vt 0.75216120481491089 0.74471157789230347
vt 0.78295797109603882 0.74471157789230347
vt 0.81375473737716675 0.74471157789230347
vt 0.8445514440536499 0.74471157789230347
vt 0.87534821033477783 0.74471157789230347
vt 0.90614491701126099 0.74471157789230347
vt 0.93694168329238892 0.74471157789230347
vt 0.96773844957351685 0.74471157789230347
vt 0.43397355079650879 0.12967057526111603
vt 0.43397355079650879 0.25787630677223206
vt 0.52106201648712158 0.25787630677223206
vt 0.49203255772590637 0.25787630677223206
vt 0.46300306916236877 0.25787630677223206
vt 0.46300306916236877 0.12967057526111603
vt 0.49203255772590637 0.12967057526111603
vt 0.43397355079650879 0.21514105796813965
vt 0.43397355079650879 0.17240580916404724
vt 0.52106201648712158 0.12967057526111603
vt 0.52106201648712158 0.17240580916404724
vt 0.52106201648712158 0.21514105796813965
vt 0.71646714210510254 0.12967057526111603
vt 0.80387604236602783 0.12967057526111603
vt 0.80387604236602783 0.25787630677223206
vt 0.80387604236602783 0.17240580916404724
vt 0.80387604236602783 0.21514105796813965
vt 0.71646714210510254 0.25787630677223206
vt 0.71646714210510254 0.21514105796813965
vt 0.71646714210510254 0.17240580916404724
vt 0.77473974227905273 0.25787630677223206
vt 0.74560344219207764 0.25787630677223206
vt 0.74560344219207764 0.12967057526111603
vt 0.77473974227905273 0.12967057526111603
vt 0 0.41418197751045227
vt 0 0.54385250806808472
vt 0.17316757142543793 0.54385250806808472
vt 0 0.5006290078163147
vt 0 0.45740547776222229
vt 0.1385340690612793 0.54385250806808472
vt 0.10390055179595947 0.54385250806808472
vt 0.069267034530639648 0.54385250806808472
vt 0.034633517265319824 0.54385250806808472
vt 0.034633517265319824 0.41418197751045227
vt 0.069267034530639648 0.41418197751045227
vt 0.10390055179595947 0.41418197751045227
vt 0.1385340690612793 0.41418197751045227
vt 0.17316757142543793 0.41418197751045227
vt 0.17316757142543793 0.45740547776222229
vt 0.17316757142543793 0.5006290078163147
vt 0.43397355079650879 0.80825668573379517
vt 0.43397355079650879 0.82149523496627808
vt 0.43397355079650879 0.83405143022537231
vt 0.43397355079650879 0.84614658355712891
vt 0.43397355079650879 0.8582417368888855
vt 0.43397355079650879 0.87033689022064209
vt 0.48220339417457581 0.82149523496627808
vt 0.48220339417457581 0.83405143022537231
vt 0.48220339417457581 0.84614658355712891
vt 0.48220339417457581 0.8582417368888855
vt 0.52865868806838989 0.84614658355712891
vt 0.52865868806838989 0.8582417368888855
vt 0.62334376573562622 0.84614658355712891
vt 0.62334376573562622 0.8582417368888855
vt 0.6697990894317627 0.82149523496627808
vt 0.6697990894317627 0.83405143022537231
vt 0.6697990894317627 0.84614658355712891
vt 0.6697990894317627 0.8582417368888855
vt 0.71625435352325439 0.82149523496627808
vt 0.71625435352325439 0.83405143022537231
vt 0.71625435352325439 0.84614658355712891
vt 0.71625435352325439 0.8582417368888855
vt 0.7644842267036438 0.82149523496627808
vt 0.7644842267036438 0.83405143022537231
vt 0.7644842267036438 0.84614658355712891
vt 0.7644842267036438 0.8582417368888855
vt 0.8109394907951355 0.82149523496627808
vt 0.8109394907951355 0.83405143022537231
vt 0.8109394907951355 0.84614658355712891
vt 0.8109394907951355 0.8582417368888855
vt 0.8573947548866272 0.82149523496627808
vt 0.8573947548866272 0.83405143022537231
vt 0.8573947548866272 0.84614658355712891
vt 0.8573947548866272 0.8582417368888855
vt 0.90562456846237183 0.82149523496627808
vt 0.90562456846237183 0.83405143022537231
vt 0.90562456846237183 0.84614658355712891
vt 0.90562456846237183 0.8582417368888855
vt 0.9520798921585083 0.82149523496627808
vt 0.9520798921585083 0.83405143022537231
vt 0.9520798921585083 0.84614658355712891
vt 0.9520798921585083 0.8582417368888855
vt 0.99853515625 0.80825668573379517
vt 0.99853515625 0.82149523496627808
vt 0.99853515625 0.83405143022537231
vt 0.99853515625 0.84614658355712891
vt 0.99853515625 0.8582417368888855
vt 0.46296006441116333 0.80825668573379517
vt 0.49194654822349548 0.80825668573379517
vt 0.52093303203582764 0.80825668573379517
vt 0.52358806133270264 0.82674556970596313
vt 0.53181028366088867 0.84259778261184692
vt 0.54092252254486084 0.85131829977035522
vt 0.54124313592910767 0.85154849290847778
vt 0.55658352375030518 0.85896652936935425
vt 0.57479333877563477 0.861625075340271
vt 0.57511395215988159 0.861625075340271
vt 0.59332382678985596 0.85896652936935425
vt 0.60866415500640869 0.85154849290847778
vt 0.60898476839065552 0.85131829977035522
vt 0.61809700727462769 0.84259778261184692
vt 0.6263192892074585 0.82674556970596313
vt 0.62897425889968872 0.80825668573379517
vt 0.66257071495056152 0.80825668573379517
vt 0.69616717100143433 0.80825668573379517
vt 0.72976356744766235 0.80825668573379517
vt 0.76336002349853516 0.80825668573379517
vt 0.79695647954940796 0.80825668573379517
vt 0.83055293560028076 0.80825668573379517
vt 0.86414939165115356 0.80825668573379517
vt 0.89774578809738159 0.80825668573379517
vt 0.93134224414825439 0.80825668573379517
vt 0.9649387001991272 0.80825668573379517
vt 0.99853515625 0.87033689022064209
vt 0.96532565355300903 0.87033689022064209
vt 0.93211615085601807 0.87033689022064209
vt 0.8989066481590271 0.87033689022064209
vt 0.86569714546203613 0.87033689022064209
vt 0.83248764276504517 0.87033689022064209
vt 0.7992781400680542 0.87033689022064209
vt 0.76606863737106323 0.87033689022064209
vt 0.73285913467407227 0.87033689022064209
vt 0.6996496319770813 0.87033689022064209
vt 0.66644012928009033 0.87033689022064209
vt 0.63323062658309937 0.87033689022064209
vt 0.6000211238861084 0.87033689022064209
vt 0.56681156158447266 0.87033689022064209
vt 0.53360205888748169 0.87033689022064209
vt 0.50039255619049072 0.87033689022064209
vt 0.46718308329582214 0.87033689022064209
vt 0.43397355079650879 0.87180173397064209
vt 0.43397355079650879 0.88285684585571289
vt 0.43397355079650879 0.89356476068496704
vt 0.43397355079650879 0.90364408493041992
vt 0.43397355079650879 0.91372334957122803
vt 0.43397355079650879 0.92380267381668091
vt 0.43397355079650879 0.93388199806213379
vt 0.48220339417457581 0.88285684585571289
vt 0.48220339417457581 0.89356476068496704
vt 0.48220339417457581 0.90364408493041992
vt 0.48220339417457581 0.91372334957122803
vt 0.48220339417457581 0.92380267381668091
vt 0.52865868806838989 0.91372334957122803
vt 0.52865868806838989 0.92380267381668091
vt 0.62334376573562622 0.91372334957122803
vt 0.62334376573562622 0.92380267381668091
vt 0.6697990894317627 0.88285684585571289
vt 0.6697990894317627 0.89356476068496704
vt 0.6697990894317627 0.90364408493041992
vt 0.6697990894317627 0.91372334957122803
vt 0.6697990894317627 0.92380267381668091
vt 0.71625435352325439 0.88285684585571289
vt 0.71625435352325439 0.89356476068496704
vt 0.71625435352325439 0.90364408493041992
vt 0.71625435352325439 0.91372334957122803
vt 0.71625435352325439 0.92380267381668091
vt 0.7644842267036438 0.88285684585571289
vt 0.7644842267036438 0.89356476068496704
vt 0.7644842267036438 0.90364408493041992
vt 0.7644842267036438 0.91372334957122803
vt 0.7644842267036438 0.92380267381668091
vt 0.8109394907951355 0.91372334957122803
vt 0.8109394907951355 0.92380267381668091
vt 0.90562456846237183 0.91372334957122803
vt 0.90562456846237183 0.92380267381668091
vt 0.9520798921585083 0.88285684585571289
vt 0.9520798921585083 0.89356476068496704
vt 0.9520798921585083 0.90364408493041992
vt 0.9520798921585083 0.91372334957122803
vt 0.9520798921585083 0.92380267381668091
vt 0.99853515625 0.87180173397064209
vt 0.99853515625 0.88285684585571289
vt 0.99853515625 0.89356476068496704
vt 0.99853515625 0.90364408493041992
vt 0.99853515625 0.91372334957122803
vt 0.99853515625 0.92380267381668091
vt 0.99853515625 0.93388199806213379
vt 0.46296006441116333 0.87180173397064209
vt 0.49194654822349548 0.87180173397064209
vt 0.52093303203582764 0.87180173397064209
vt 0.96532565355300903 0.93388199806213379
vt 0.93211615085601807 0.93388199806213379
vt 0.8989066481590271 0.93388199806213379
vt 0.86569714546203613 0.93388199806213379
vt 0.83248764276504517 0.93388199806213379
vt 0.7992781400680542 0.93388199806213379
vt 0.76606863737106323 0.93388199806213379
vt 0.73285913467407227 0.93388199806213379
vt 0.6996496319770813 0.93388199806213379
vt 0.66644012928009033 0.93388199806213379
vt 0.63323062658309937 0.93388199806213379
vt 0.6000211238861084 0.93388199806213379
vt 0.56681156158447266 0.93388199806213379
vt 0.53360205888748169 0.93388199806213379
vt 0.50039255619049072 0.93388199806213379
vt 0.46718308329582214 0.93388199806213379
vt 0.52301675081253052 0.8883095383644104
vt 0.5294334888458252 0.90284192562103271
vt 0.5318102240562439 0.90614289045333862
vt 0.54092246294021606 0.9148634672164917
vt 0.54124313592910767 0.91509360074996948
vt 0.55658352375030518 0.92251157760620117
vt 0.57479333877563477 0.9251701831817627
vt 0.57511395215988159 0.9251701831817627
vt 0.59332382678985596 0.92251157760620117
vt 0.60866421461105347 0.91509360074996948
vt 0.60898482799530029 0.9148634672164917
vt 0.61809706687927246 0.90614289045333862
vt 0.62047380208969116 0.90284192562103271
vt 0.62689059972763062 0.8883095383644104
vt 0.62897425889968872 0.87180173397064209
vt 0.66382217407226562 0.87180173397064209
vt 0.69867008924484253 0.87180173397064209
vt 0.73351800441741943 0.87180173397064209
vt 0.76836591958999634 0.87180173397064209
vt 0.80321383476257324 0.87180173397064209
vt 0.80529755353927612 0.8883095383644104
vt 0.8117142915725708 0.90284192562103271
vt 0.8140910267829895 0.90614289045333862
vt 0.82320326566696167 0.9148634672164917
vt 0.8235238790512085 0.91509360074996948
vt 0.83886432647705078 0.92251157760620117
vt 0.85707414150238037 0.9251701831817627
vt 0.8573947548866272 0.9251701831817627
vt 0.87560462951660156 0.92251157760620117
vt 0.89094501733779907 0.91509360074996948
vt 0.8912656307220459 0.9148634672164917
vt 0.90037786960601807 0.90614289045333862
vt 0.90275460481643677 0.90284192562103271
vt 0.90917134284973145 0.8883095383644104
vt 0.91125506162643433 0.87180173397064209
vt 0.94034838676452637 0.87180173397064209
vt 0.96944177150726318 0.87180173397064209
vt 0.52364546060562134 0.61615657806396484
vt 0.49078035354614258 0.60993582010269165
vt 0.46247109770774841 0.59224802255630493
vt 0.44262281060218811 0.56553322076797485
vt 0.43397355079650879 0.53347653150558472
vt 0.43771648406982422 0.50050020217895508
vt 0.4533352255821228 0.47115316987037659
vt 0.4786752462387085 0.44948378205299377
vt 0.51024097204208374 0.43848130106925964
vt 0.54367798566818237 0.43966343998908997
vt 0.57437372207641602 0.45286718010902405
vt 0.59809380769729614 0.47627106308937073
vt 0.67222070693969727 0.61615657806396484
vt 0.64366942644119263 0.61149704456329346
vt 0.6180804967880249 0.59810018539428711
vt 0.59809380769729614 0.57734817266464233
vt 0.82079589366912842 0.61615657806396484
vt 0.79224467277526855 0.61149704456329346
vt 0.76665568351745605 0.59810018539428711
vt 0.74666899442672729 0.57734817266464233
vt 0.72659677267074585 0.59816420078277588
vt 0.70089012384414673 0.6115645170211792
vt 0.74666899442672729 0.47627106308937073
vt 0.77041327953338623 0.45285090804100037
vt 0.80114179849624634 0.43965068459510803
vt 0.83460849523544312 0.43849444389343262
vt 0.866188645362854 0.44954192638397217
vt 0.89151847362518311 0.47126659750938416
vt 0.90709775686264038 0.50066643953323364
vt 0.91077375411987305 0.53367882966995239
vt 0.90203839540481567 0.56574201583862305
vt 0.88209879398345947 0.59242534637451172
vt 0.8537103533744812 0.61004167795181274
vt 0.5780215859413147 0.59816420078277588
vt 0.55231493711471558 0.6115645170211792
vt 0.62288153171539307 0.45215991139411926
vt 0.65502190589904785 0.43913713097572327
vt 0.68974083662033081 0.43913713097572327
vt 0.72188127040863037 0.45215991139411926
vt 0.82079589366912842 0.43701645731925964
vt 0.79224467277526855 0.43235689401626587
vt 0.76665568351745605 0.41896003484725952
vt 0.74666899442672729 0.39820802211761475
vt 0.67222070693969727 0.43701645731925964
vt 0.64366942644119263 0.43235689401626587
vt 0.6180804967880249 0.41896003484725952
vt 0.59809380769729614 0.39820802211761475
vt 0.52364546060562134 0.43701645731925964
vt 0.49078035354614258 0.43079569935798645
vt 0.46247109770774841 0.41310790181159973
vt 0.44262281060218811 0.38639304041862488
vt 0.43397355079650879 0.35433638095855713
vt 0.43771648406982422 0.32136005163192749
vt 0.4533352255821228 0.292013019323349
vt 0.4786752462387085 0.27034363150596619
vt 0.51024097204208374 0.25934115052223206
vt 0.54367798566818237 0.26052328944206238
vt 0.57437372207641602 0.27372702956199646
vt 0.59809380769729614 0.29713091254234314
vt 0.62288153171539307 0.27301973104476929
vt 0.65502190589904785 0.25999698042869568
vt 0.68974083662033081 0.25999698042869568
vt 0.72188127040863037 0.27301973104476929
vt 0.74666899442672729 0.29713091254234314
vt 0.5780215859413147 0.4190240204334259
vt 0.55231493711471558 0.432424396276474
vt 0.77041327953338623 0.27371075749397278
vt 0.80114179849624634 0.26051053404808044
vt 0.83460849523544312 0.25935429334640503
vt 0.866188645362854 0.27040177583694458
vt 0.89151847362518311 0.29212644696235657
vt 0.90709775686264038 0.32152628898620605
vt 0.91077375411987305 0.3545386791229248
vt 0.90203839540481567 0.38660186529159546
vt 0.88209879398345947 0.41328522562980652
vt 0.8537103533744812 0.43090149760246277
vt 0.72659677267074585 0.4190240204334259
vt 0.70089012384414673 0.432424396276474
vn -0.21566656231880188 -0.00056896824389696121 0.97646689414978027
vn -0.21566656231880188 -0.00056896824389696121 0.97646689414978027
vn 0.68454951047897339 -0.0035802247002720833 0.72895753383636475
vn 0.99949991703033447 -0.0037741654086858034 0.031395625323057175
vn 0.93543404340744019 -0.0029935811180621386 -0.35348862409591675
vn 0.41150251030921936 -0.00025339575950056314 -0.91140860319137573
vn -0.68454951047897339 0.0035802247002720833 -0.72895753383636475
vn -0.68454951047897339 0.0035802247002720833 -0.72895753383636475
vn 0.99949991703033447 -0.0037741654086858034 0.031395625323057175
vn 0.91140097379684448 -0.0039801672101020813 0.41150018572807312
vn 0.68454951047897339 -0.0035802247002720833 0.72895753383636475
vn 0.91140097379684448 -0.0039801672101020813 0.41150018572807312
vn 0.99949991703033447 -0.0037741654086858034 0.031395625323057175
vn 0.68454951047897339 -0.0035802247002720833 0.72895753383636475
vn 0.91140097379684448 -0.0039801672101020813 0.41150018572807312
vn 0.41150251030921936 -0.00025339575950056314 -0.91140860319137573
vn 0.72895681858062744 -0.0017572512151673436 -0.68455743789672852
vn 0.93543404340744019 -0.0029935811180621386 -0.35348862409591675
vn 0.72895681858062744 -0.0017572512151673436 -0.68455743789672852
vn 0.41150251030921936 -0.00025339575950056314 -0.91140860319137573
vn 0.93543404340744019 -0.0029935811180621386 -0.35348862409591675
vn 0.72895681858062744 -0.0017572512151673436 -0.68455743789672852
vn -0.68454951047897339 0.0035802247002720833 -0.72895753383636475
vn -0.68454951047897339 0.0035802247002720833 -0.72895753383636475
vn -0.21566656231880188 -0.00056896824389696121 0.97646689414978027
vn -0.21566656231880188 -0.00056896824389696121 0.97646689414978027
vn -0.39974838495254517 0.0027814125642180443 -0.91662067174911499
vn -0.068444617092609406 0.0016590394079685211 -0.9976535439491272
vn 0.27082130312919617 0.0003436704573687166 -0.96262955665588379
vn 0.57858264446258545 -0.0010116775520145893 -0.81562316417694092
vn 0.81903761625289917 -0.0022493372671306133 -0.57373541593551636
vn 0.96421408653259277 -0.0032253321260213852 -0.26510521769523621
vn 0.99722379446029663 -0.0038261248264461756 0.074364610016345978
vn 0.91422665119171143 -0.0039818254299461842 0.40518364310264587
vn 0.72487771511077881 -0.0036743211094290018 0.68886774778366089
vn 0.45120397210121155 -0.0029393837321549654 0.89241600036621094
vn 0.12504175305366516 -0.001862508594058454 0.9921497106552124
vn 0.1558900773525238 -0.0019714718218892813 0.98777246475219727
vn 0.5059051513671875 -0.0031015491113066673 0.86258351802825928
vn 0.78601223230361938 -0.0038030417636036873 0.61819928884506226
vn 0.95750486850738525 -0.0039790146984159946 0.28838968276977539
vn 0.99668556451797485 -0.0036051506176590919 -0.081270761787891388
vn 0.89814013242721558 -0.0027331120800226927 -0.43970087170600891
vn 0.67548596858978271 -0.0014834009343758225 -0.73737132549285889
vn 0.35949045419692993 -2.8707403544103727E-05 -0.93314874172210693
vn -0.0061809811741113663 0.0014299530303105712 -0.99997985363006592
vn -0.37099829316139221 0.0026910167653113604 -0.92862963676452637
vn -0.35348162055015564 0.0026352254208177328 -0.93543773889541626
vn -0.21566656231880188 -0.00056896824389696121 0.97646689414978027
vn -0.21566656231880188 -0.00056896824389696121 0.97646689414978027
vn 0.68454951047897339 -0.0035802247002720833 0.72895753383636475
vn 0.99949991703033447 -0.0037741654086858034 0.031395625323057175
vn 0.93543404340744019 -0.0029935811180621386 -0.35348862409591675
vn 0.41150251030921936 -0.00025339575950056314 -0.91140860319137573
vn -0.68454951047897339 0.0035802247002720833 -0.72895753383636475
vn -0.68454951047897339 0.0035802247002720833 -0.72895753383636475
vn 0.99949991703033447 -0.0037741654086858034 0.031395625323057175
vn 0.91140097379684448 -0.0039801672101020813 0.41150018572807312
vn 0.68454951047897339 -0.0035802247002720833 0.72895753383636475
vn 0.91140097379684448 -0.0039801672101020813 0.41150018572807312
vn 0.99949991703033447 -0.0037741654086858034 0.031395625323057175
vn 0.68454951047897339 -0.0035802247002720833 0.72895753383636475
vn 0.91140097379684448 -0.0039801672101020813 0.41150018572807312
vn 0.41150251030921936 -0.00025339575950056314 -0.91140860319137573
vn 0.72895681858062744 -0.0017572512151673436 -0.68455743789672852
vn 0.93543404340744019 -0.0029935811180621386 -0.35348862409591675
vn 0.72895681858062744 -0.0017572512151673436 -0.68455743789672852
vn 0.41150251030921936 -0.00025339575950056314 -0.91140860319137573
vn 0.93543404340744019 -0.0029935811180621386 -0.35348862409591675
vn 0.72895681858062744 -0.0017572512151673436 -0.68455743789672852
vn -0.68454951047897339 0.0035802247002720833 -0.72895753383636475
vn -0.68454951047897339 0.0035802247002720833 -0.72895753383636475
vn -0.21566656231880188 -0.00056896824389696121 0.97646689414978027
vn -0.21566656231880188 -0.00056896824389696121 0.97646689414978027
vn -0.37099829316139221 0.0026910167653113604 -0.92862963676452637
vn -0.0061809811741113663 0.0014299530303105712 -0.99997985363006592
vn 0.35949045419692993 -2.8707401725114323E-05 -0.93314874172210693
vn 0.67548596858978271 -0.0014834009343758225 -0.73737132549285889
vn 0.89814013242721558 -0.0027331120800226927 -0.43970087170600891
vn 0.99668556451797485 -0.0036051506176590919 -0.081270761787891388
vn 0.95750486850738525 -0.0039790146984159946 0.28838968276977539
vn 0.78601223230361938 -0.0038030417636036873 0.61819928884506226
vn 0.5059051513671875 -0.0031015491113066673 0.86258351802825928
vn 0.1558900773525238 -0.0019714718218892813 0.98777246475219727
vn 0.1558900773525238 -0.0019714718218892813 0.98777246475219727
vn 0.5059051513671875 -0.0031015491113066673 0.86258351802825928
vn 0.78601223230361938 -0.0038030417636036873 0.61819928884506226
vn 0.95750486850738525 -0.0039790146984159946 0.28838968276977539
vn 0.99668556451797485 -0.0036051506176590919 -0.081270761787891388
vn 0.89814013242721558 -0.0027331120800226927 -0.43970087170600891
vn 0.67548596858978271 -0.0014834009343758225 -0.73737132549285889
vn 0.35949045419692993 -2.8707401725114323E-05 -0.93314874172210693
vn -0.0061809811741113663 0.0014299530303105712 -0.99997985363006592
vn -0.37099829316139221 0.0026910167653113604 -0.92862963676452637
vn -0.35348162055015564 0.0026352254208177328 -0.93543773889541626
vn -0.21566656231880188 -0.00056896824389696121 0.97646689414978027
vn 0.98861491680145264 -0.0034777345135807991 -0.15042749047279358
vn 0.98861491680145264 -0.0034777345135807991 -0.15042749047279358
vn 0.98861491680145264 -0.0034777345135807991 -0.15042749047279358
vn 0.98861491680145264 -0.0034777345135807991 -0.15042749047279358
vn -0.21566656231880188 -0.00056896824389696121 0.97646689414978027
vn -0.21566656231880188 -0.00056896824389696121 0.97646689414978027
vn -0.21566656231880188 -0.00056896824389696121 0.97646689414978027
vn 0.97207796573638916 -0.003957756794989109 0.23462472856044769
vn 0.81114959716796875 -0.0038498977664858103 0.58482605218887329
vn 0.52973395586013794 -0.0031701792031526566 0.84815794229507446
vn 0.16963218152523041 -0.0020195657853037119 0.98550540208816528
vn 0.16963218152523041 -0.0020195657853037119 0.98550540208816528
vn 0.52973395586013794 -0.0031701792031526566 0.84815794229507446
vn 0.81114959716796875 -0.0038498977664858103 0.58482605218887329
vn 0.97207796573638916 -0.003957756794989109 0.23462472856044769
vn 0.21566656231880188 0.00056896824389696121 -0.97646689414978027
vn 0.21566656231880188 0.00056896824389696121 -0.97646689414978027
vn -0.68454951047897339 0.0035802247002720833 -0.72895753383636475
vn -0.68454951047897339 0.0035802247002720833 -0.72895753383636475
vn -0.68454951047897339 0.0035802247002720833 -0.72895753383636475
vn -0.68454951047897339 0.0035802247002720833 -0.72895753383636475
vn 0.21566656231880188 0.00056896824389696121 -0.97646689414978027
vn 0.21566656231880188 0.00056896824389696121 -0.97646689414978027
vn -0.41705217957496643 0.0028350946959108114 -0.9088781476020813
vn -0.10621194541454315 0.0017953225178644061 -0.99434190988540649
vn -0.10621194541454315 0.0017953225178644061 -0.99434190988540649
vn -0.41705217957496643 0.0028350946959108114 -0.9088781476020813
vn -0.68454951047897339 0.0035802247002720833 -0.72895753383636475
vn -0.68454951047897339 0.0035802247002720833 -0.72895753383636475
vn -0.98861491680145264 0.0034777345135807991 0.15042749047279358
vn -0.98861491680145264 0.0034777345135807991 0.15042749047279358
vn -0.98530519008636475 0.0039172638207674026 -0.17075802385807037
vn -0.88034027814865112 0.0039526438340544701 -0.47432622313499451
vn -0.88034027814865112 0.0039526438340544701 -0.47432622313499451
vn -0.98530519008636475 0.0039172638207674026 -0.17075802385807037
vn -0.68454951047897339 0.0035802247002720833 -0.72895753383636475
vn -0.68454951047897339 0.0035802247002720833 -0.72895753383636475
vn -0.98861491680145264 0.0034777345135807991 0.15042749047279358
vn -0.98861491680145264 0.0034777345135807991 0.15042749047279358
vn -0.68454951047897339 0.0035802247002720833 -0.72895753383636475
vn -0.68454951047897339 0.0035802247002720833 -0.72895753383636475
vn -0.72895681858062744 0.0017572512151673436 0.68455743789672852
vn -0.031400684267282486 -0.0012890369398519397 0.99950605630874634
vn 0.68454951047897339 -0.0035802247002720833 0.72895753383636475
vn 0.98861491680145264 -0.0034777345135807991 -0.15042749047279358
vn -0.031400684267282486 -0.0012890369398519397 0.99950605630874634
vn -0.41150251030921936 0.00025339575950056314 0.91140860319137573
vn -0.72895681858062744 0.0017572512151673436 0.68455743789672852
vn -0.41150251030921936 0.00025339575950056314 0.91140860319137573
vn -0.031400684267282486 -0.0012890369398519397 0.99950605630874634
vn -0.72895681858062744 0.0017572512151673436 0.68455743789672852
vn -0.41150251030921936 0.00025339575950056314 0.91140860319137573
vn 0.68454951047897339 -0.0035802247002720833 0.72895753383636475
vn 0.35348162055015564 -0.0026352254208177328 0.93543773889541626
vn 0.35348162055015564 -0.0026352254208177328 0.93543773889541626
vn 0.68454951047897339 -0.0035802247002720833 0.72895753383636475
vn 0.35348162055015564 -0.0026352254208177328 0.93543773889541626
vn 0.9753231406211853 -0.0039503420703113079 0.22074680030345917
vn 0.8274882435798645 -0.0038780109025537968 0.5614696741104126
vn 0.56550359725952148 -0.0032707187347114086 0.82473933696746826
vn 0.22550928592681885 -0.002212239895015955 0.97423851490020752
vn -0.14559340476989746 -0.00084858865011483431 0.98934412002563477
vn -0.49661189317703247 0.00063212297391146421 0.86797249317169189
vn -0.77912414073944092 0.0020256349816918373 0.62686640024185181
vn -0.95415830612182617 0.0031397163402289152 0.29928585886955261
vn -0.99756902456283569 0.0038206824101507664 -0.069580376148223877
vn -0.90336781740188599 0.0039745955727994442 -0.42884817719459534
vn -0.90336781740188599 0.0039745955727994442 -0.42884817719459534
vn -0.99756902456283569 0.0038206824101507664 -0.069580376148223877
vn -0.95415830612182617 0.0031397163402289152 0.29928585886955261
vn -0.77912414073944092 0.0020256349816918373 0.62686640024185181
vn -0.49661189317703247 0.00063212297391146421 0.86797249317169189
vn -0.14559340476989746 -0.00084858865011483431 0.98934412002563477
vn 0.22550928592681885 -0.002212239895015955 0.97423851490020752
vn 0.56550359725952148 -0.0032707187347114086 0.82473933696746826
vn 0.8274882435798645 -0.0038780109025537968 0.5614696741104126
vn 0.9753231406211853 -0.0039503420703113079 0.22074680030345917
vn -0.68454951047897339 0.0035802247002720833 -0.72895753383636475
vn -0.68454951047897339 0.0035802247002720833 -0.72895753383636475
vn 0.98861491680145264 -0.0034777345135807991 -0.15042749047279358
vn 0.98861491680145264 -0.0034777345135807991 -0.15042749047279358
vn 0.98861491680145264 -0.0034777345135807991 -0.15042749047279358
vn -0.91140097379684448 0.0039801672101020813 -0.41150018572807312
vn -0.93543404340744019 0.0029935811180621386 0.35348862409591675
vn 0.21566656231880188 0.00056896824389696121 -0.97646689414978027
vn 0.21566656231880188 0.00056896824389696121 -0.97646689414978027
vn -0.68454951047897339 0.0035802247002720833 -0.72895753383636475
vn -0.68454951047897339 0.0035802247002720833 -0.72895753383636475
vn -0.68454951047897339 0.0035802247002720833 -0.72895753383636475
vn -0.68454951047897339 0.0035802247002720833 -0.72895753383636475
vn 0.21566656231880188 0.00056896824389696121 -0.97646689414978027
vn 0.21566656231880188 0.00056896824389696121 -0.97646689414978027
vn -0.41705217957496643 0.0028350946959108114 -0.9088781476020813
vn -0.10621194541454315 0.0017953225178644061 -0.99434190988540649
vn -0.10621194541454315 0.0017953225178644061 -0.99434190988540649
vn -0.41705217957496643 0.0028350946959108114 -0.9088781476020813
vn -0.68454951047897339 0.0035802247002720833 -0.72895753383636475
vn -0.68454951047897339 0.0035802247002720833 -0.72895753383636475
vn -0.98861491680145264 0.0034777345135807991 0.15042749047279358
vn -0.98861491680145264 0.0034777345135807991 0.15042749047279358
vn -0.98530519008636475 0.0039172638207674026 -0.17075802385807037
vn -0.88034027814865112 0.0039526438340544701 -0.47432622313499451
vn -0.88034027814865112 0.0039526438340544701 -0.47432622313499451
vn -0.98530519008636475 0.0039172638207674026 -0.17075802385807037
vn -0.68454951047897339 0.0035802247002720833 -0.72895753383636475
vn -0.68454951047897339 0.0035802247002720833 -0.72895753383636475
vn -0.98861491680145264 0.0034777345135807991 0.15042749047279358
vn -0.98861491680145264 0.0034777345135807991 0.15042749047279358
vn -0.68454951047897339 0.0035802247002720833 -0.72895753383636475
vn -0.67837035655975342 -0.13602179288864136 -0.7220192551612854
vn -0.65907067060470581 -0.27213746309280396 -0.70111840963363647
vn -0.6270790696144104 -0.40281644463539124 -0.66671639680862427
vn -0.5816720724105835 -0.52885067462921143 -0.61804091930389404
vn -0.52342230081558228 -0.64591997861862183 -0.55571258068084717
vn -0.90300148725509644 -0.13562576472759247 -0.40766897797584534
vn -0.87713795900344849 -0.27175301313400269 -0.39595368504524231
vn -0.83438324928283691 -0.40245097875595093 -0.3766135573387146
vn -0.7737734317779541 -0.52851200103759766 -0.34921306371688843
vn -0.99023813009262085 -0.13582974672317505 -0.031284697353839874
vn -0.96182548999786377 -0.27195104956626892 -0.030567631125450134
vn -0.91489094495773315 -0.40263921022415161 -0.029261671006679535
vn -0.84837692975997925 -0.52868646383285522 -0.027334615588188171
vn -0.72234296798706055 -0.13782693445682526 0.67766094207763672
vn -0.70175838470458984 -0.27388986945152283 0.65766215324401855
vn -0.66765987873077393 -0.40448233485221863 0.62499946355819702
vn -0.61927682161331177 -0.53039443492889404 0.5789455771446228
vn -0.031614191830158234 -0.14084340631961823 0.98952698707580566
vn -0.031213203445076942 -0.27681818604469299 0.96041524410247803
vn -0.030210429802536964 -0.40726613998413086 0.91280972957611084
vn -0.02857549861073494 -0.53297406435012817 0.84564894437789917
vn 0.34950104355812073 -0.14217641949653625 0.92608577013015747
vn 0.33876559138298035 -0.27811223268508911 0.89882785081863403
vn 0.32150751352310181 -0.40849632024765015 0.85426205396652222
vn 0.29734879732131958 -0.53411400318145752 0.79139488935470581
vn 0.67732864618301392 -0.14311216771602631 0.72162652015686035
vn 0.65701383352279663 -0.27902066707611084 0.70034301280975342
vn 0.62404811382293701 -0.40935990214347839 0.66557377576828003
vn 0.57770228385925293 -0.53491425514221191 0.61654424667358398
vn 0.90195977687835693 -0.1435081958770752 0.40727624297142029
vn 0.87508112192153931 -0.27940511703491211 0.39517825841903687
vn 0.8313523530960083 -0.4097253680229187 0.37547087669372559
vn 0.76980358362197876 -0.53525292873382568 0.34771642088890076
vn 0.98919641971588135 -0.14330419898033142 0.030891979113221169
vn 0.95976865291595459 -0.27920708060264587 0.029792198911309242
vn 0.91185998916625977 -0.40953713655471802 0.028119008988142014
vn 0.84440714120864868 -0.53507852554321289 0.025837987661361694
vn 0.030572503805160522 -0.13829055428504944 -0.98991972208023071
vn 0.029156357049942017 -0.2743399441242218 -0.96119064092636108
vn 0.027179500088095665 -0.40491020679473877 -0.91395241022109985
vn 0.024605674669146538 -0.53079092502593994 -0.84714555740356445
vn -0.68454951047897339 0.0035802247002720833 -0.72895753383636475
vn -0.67837035655975342 -0.13602179288864136 -0.7220192551612854
vn -0.65907067060470581 -0.27213746309280396 -0.70111840963363647
vn -0.6270790696144104 -0.40281644463539124 -0.66671639680862427
vn -0.5816720724105835 -0.52885067462921143 -0.61804091930389404
vn -0.72747504711151123 -0.067287221550941467 0.68282681703567505
vn -0.92679929733276367 -0.13660269975662231 0.34983250498771667
vn -0.99737256765365601 -0.065275117754936218 -0.031417842954397202
vn -0.9334595799446106 -0.066053837537765503 0.35254800319671631
vn -0.71388405561447144 -0.20565569400787354 0.66938424110412598
vn -0.90024036169052124 -0.27270141243934631 0.33941304683685303
vn -0.9785459041595459 -0.20368261635303497 -0.031004879623651505
vn -0.91587275266647339 -0.20444624125957489 0.34551244974136353
vn -0.031583406031131744 -0.070326238870620728 0.99702394008636475
vn -0.40799576044082642 -0.13931606709957123 0.90229177474975586
vn -0.41077825427055359 -0.068787485361099243 0.90913671255111694
vn -0.027522794902324677 -0.59269565343856812 0.80495613813400269
vn -0.58988326787948608 -0.5902397632598877 0.55104869604110718
vn -0.35045161843299866 -0.53166788816452026 0.77104663848876953
vn -0.33395585417747498 -0.59145218133926392 0.73393309116363525
vn 0.97699809074401855 -0.21106685698032379 0.030421363189816475
vn 0.93826311826705933 -0.34470197558403015 0.029032111167907715
vn 0.88055157661437988 -0.47317758202552795 0.027053341269493103
vn -0.68317371606826782 -0.065468594431877136 -0.72731530666351318
vn -0.35054275393486023 -0.13695754110813141 -0.92647850513458252
vn 0.031068108975887299 -0.067754313349723816 -0.99721819162368774
vn -0.35289579629898071 -0.066411338746547699 -0.93330276012420654
vn -0.67044216394424438 -0.20387233793735504 -0.71340268850326538
vn -0.34082242846488953 -0.2730458676815033 -0.89960324764251709
vn 0.029944177716970444 -0.20611372590065002 -0.97806978225708008
vn -0.34657123684883118 -0.20479680597782135 -0.91539424657821655
vn -0.64475405216217041 -0.33778879046440125 -0.68570470809936523
vn -0.32453843951225281 -0.40368002653121948 -0.85540473461151123
vn 0.028243701905012131 -0.33994251489639282 -0.94002199172973633
vn -0.33354809880256653 -0.33867710828781128 -0.87979739904403687
vn -0.60603708028793335 -0.46668550372123718 -0.64414572715759277
vn -0.30131861567497253 -0.52965092658996582 -0.79289150238037109
vn 0.025965442880988121 -0.46870803833007812 -0.88297146558761597
vn -0.3137880265712738 -0.46751970052719116 -0.82641541957855225
vn -0.55408275127410889 -0.58877015113830566 -0.58850830793380737
vn 0.023106835782527924 -0.59061723947525024 -0.80662095546722412
vn -0.28718015551567078 -0.58953195810317993 -0.75496995449066162
vn -0.90948390960693359 -0.065069608390331268 -0.41061541438102722
vn -0.80616617202758789 -0.13575044274330139 -0.57590621709823608
vn -0.68317371606826782 -0.065468594431877136 -0.72731530666351318
vn -0.81192475557327271 -0.065195217728614807 -0.58011013269424438
vn -0.89236211776733398 -0.20348109304904938 -0.40284642577171326
vn -0.78313219547271729 -0.27187404036521912 -0.55927491188049316
vn -0.67044216394424438 -0.20387233793735504 -0.71340268850326538
vn -0.79669559001922607 -0.20360425114631653 -0.56905317306518555
vn -0.85799586772918701 -0.33741283416748047 -0.38729274272918701
vn -0.74501734972000122 -0.40256604552268982 -0.53187382221221924
vn -0.64475405216217041 -0.33778879046440125 -0.68570470809936523
vn -0.76607030630111694 -0.33753120899200439 -0.54699999094009399
vn -0.80628937482833862 -0.46633246541023254 -0.36391136050224304
vn -0.69096124172210693 -0.52861863374710083 -0.49308711290359497
vn -0.60603708028793335 -0.46668550372123718 -0.64414572715759277
vn -0.7199634313583374 -0.46644359827041626 -0.51389008760452271
vn -0.73696738481521606 -0.5884476900100708 -0.3325783908367157
vn -0.55408275127410889 -0.58877015113830566 -0.58850830793380737
vn -0.65812838077545166 -0.58854919672012329 -0.46954962611198425
vn -0.90336781740188599 0.0039745955727994442 -0.42884817719459534
vn -0.99756902456283569 0.0038206824101507664 -0.069580376148223877
vn -0.95415830612182617 0.0031397163402289152 0.29928585886955261
vn -0.77912414073944092 0.0020256349816918373 0.62686640024185181
vn -0.49661189317703247 0.00063212297391146421 0.86797249317169189
vn -0.14559340476989746 -0.00084858865011483431 0.98934412002563477
vn 0.22550928592681885 -0.002212239895015955 0.97423851490020752
vn 0.56550359725952148 -0.0032707187347114086 0.82473933696746826
vn 0.8274882435798645 -0.0038780109025537968 0.5614696741104126
vn 0.9753231406211853 -0.0039503420703113079 0.22074680030345917
vn 0.98861491680145264 -0.0034777345135807991 -0.15042749047279358
vn 0.96388006210327148 -0.19958554208278656 -0.17635416984558105
vn 0.89421224594116211 -0.37108254432678223 -0.25036409497261047
vn 0.82464605569839478 -0.46333399415016174 -0.32446947693824768
vn 0.82231152057647705 -0.46572750806808472 -0.32695820927619934
vn 0.71695470809936523 -0.54124212265014648 -0.43935513496398926
vn 0.60103511810302734 -0.56709593534469604 -0.56316870450973511
vn 0.59902459383010864 -0.5670853853225708 -0.56531727313995361
vn 0.48330232501029968 -0.54001885652542114 -0.68905621767044067
vn 0.37851336598396301 -0.46340405941009521 -0.8012392520904541
vn 0.37619674205780029 -0.46098619699478149 -0.80372118949890137
vn 0.30732178688049316 -0.36800992488861084 -0.87756597995758057
vn 0.23893620073795319 -0.19579017162322998 -0.95109182596206665
vn 0.21566656231880188 0.00056896824389696121 -0.97646689414978027
vn -0.10621194541454315 0.0017953225178644061 -0.99434190988540649
vn -0.41705217957496643 0.0028350946959108114 -0.9088781476020813
vn -0.52342230081558228 -0.64591997861862183 -0.55571258068084717
vn -0.28782352805137634 -0.64658713340759277 -0.70645785331726074
vn -0.013679550029337406 -0.64753216505050659 -0.76191532611846924
vn 0.26198500394821167 -0.64862746000289917 -0.71459513902664185
vn 0.50194013118743896 -0.64972513914108276 -0.5708882212638855
vn 0.67377853393554688 -0.6506769061088562 -0.35020288825035095
vn 0.75429248809814453 -0.65135425329208374 -0.082343980669975281
vn 0.7326081395149231 -0.65166562795639038 0.19651269912719727
vn 0.61165404319763184 -0.65156906843185425 0.44870597124099731
vn 0.40776580572128296 -0.65107756853103638 0.64017581939697266
vn 0.14847961068153381 -0.65025752782821655 0.74506306648254395
vn -0.13118651509284973 -0.64921963214874268 0.7492021918296814
vn -0.39346209168434143 -0.64810419082641602 0.65203416347503662
vn -0.60292536020278931 -0.64706170558929443 0.46668204665184021
vn -0.73128712177276611 -0.64623308181762695 0.21817870438098907
vn -0.76121145486831665 -0.64573013782501221 -0.059914149343967438
vn -0.68865686655044556 -0.64562088251113892 -0.33003851771354675
vn -0.68454951047897339 0.0035802247002720833 -0.72895753383636475
vn -0.68454951047897339 0.0035802247002720833 -0.72895753383636475
vn -0.98861491680145264 0.0034777345135807991 0.15042749047279358
vn -0.98530519008636475 0.0039172638207674026 -0.17075802385807037
vn -0.88034027814865112 0.0039526438340544701 -0.47432622313499451
vn -0.88034027814865112 0.0039526438340544701 -0.47432622313499451
vn -0.98530519008636475 0.0039172638207674026 -0.17075802385807037
vn -0.68454951047897339 0.0035802247002720833 -0.72895753383636475
vn -0.68454951047897339 0.0035802247002720833 -0.72895753383636475
vn -0.98861491680145264 0.0034777345135807991 0.15042749047279358
vn -0.98861491680145264 0.0034777345135807991 0.15042749047279358
vn -0.98861491680145264 0.0034777345135807991 0.15042749047279358
vn 0.21566656231880188 0.00056896824389696121 -0.97646689414978027
vn -0.68454951047897339 0.0035802247002720833 -0.72895753383636475
vn -0.68454951047897339 0.0035802247002720833 -0.72895753383636475
vn -0.68454951047897339 0.0035802247002720833 -0.72895753383636475
vn -0.68454951047897339 0.0035802247002720833 -0.72895753383636475
vn 0.21566656231880188 0.00056896824389696121 -0.97646689414978027
vn 0.21566656231880188 0.00056896824389696121 -0.97646689414978027
vn 0.21566656231880188 0.00056896824389696121 -0.97646689414978027
vn -0.41705217957496643 0.0028350946959108114 -0.9088781476020813
vn -0.10621194541454315 0.0017953225178644061 -0.99434190988540649
vn -0.10621194541454315 0.0017953225178644061 -0.99434190988540649
vn -0.41705217957496643 0.0028350946959108114 -0.9088781476020813
vn -0.68454951047897339 0.0035802247002720833 -0.72895753383636475
vn -0.68454951047897339 0.0035802247002720833 -0.72895753383636475
vn -0.99949991703033447 0.0037741654086858034 -0.031395625323057175
vn -0.72895681858062744 0.0017572512151673436 0.68455743789672852
vn -0.031400684267282486 -0.0012890369398519397 0.99950605630874634
vn 0.98861491680145264 -0.0034777345135807991 -0.15042749047279358
vn -0.72895681858062744 0.0017572512151673436 0.68455743789672852
vn -0.99949991703033447 0.0037741654086858034 -0.031395625323057175
vn -0.93543404340744019 0.0029935811180621386 0.35348862409591675
vn -0.93543404340744019 0.0029935811180621386 0.35348862409591675
vn -0.031400684267282486 -0.0012890369398519397 0.99950605630874634
vn -0.41150251030921936 0.00025339575950056314 0.91140860319137573
vn -0.72895681858062744 0.0017572512151673436 0.68455743789672852
vn -0.41150251030921936 0.00025339575950056314 0.91140860319137573
vn -0.031400684267282486 -0.0012890369398519397 0.99950605630874634
vn -0.41150251030921936 0.00025339575950056314 0.91140860319137573
vn 0.98861491680145264 -0.0034777345135807991 -0.15042749047279358
vn 0.9753231406211853 -0.0039503420703113079 0.22074680030345917
vn 0.8274882435798645 -0.0038780109025537968 0.5614696741104126
vn 0.56550359725952148 -0.0032707187347114086 0.82473933696746826
vn 0.22550928592681885 -0.002212239895015955 0.97423851490020752
vn -0.14559340476989746 -0.00084858865011483431 0.98934412002563477
vn -0.49661189317703247 0.00063212297391146421 0.86797249317169189
vn -0.77912414073944092 0.0020256349816918373 0.62686640024185181
vn -0.95415830612182617 0.0031397163402289152 0.29928585886955261
vn -0.99756902456283569 0.0038206824101507664 -0.069580376148223877
vn -0.90336781740188599 0.0039745955727994442 -0.42884817719459534
vn -0.90336781740188599 0.0039745955727994442 -0.42884817719459534
vn -0.99756902456283569 0.0038206824101507664 -0.069580376148223877
vn -0.95415830612182617 0.0031397163402289152 0.29928585886955261
vn -0.77912414073944092 0.0020256349816918373 0.62686640024185181
vn -0.49661189317703247 0.00063212297391146421 0.86797249317169189
vn -0.14559340476989746 -0.00084858865011483431 0.98934412002563477
vn 0.22550928592681885 -0.002212239895015955 0.97423851490020752
vn 0.56550359725952148 -0.0032707187347114086 0.82473933696746826
vn 0.8274882435798645 -0.0038780109025537968 0.5614696741104126
vn 0.9753231406211853 -0.0039503420703113079 0.22074680030345917
vn -0.68454951047897339 0.0035802247002720833 -0.72895753383636475
vn -0.68454951047897339 0.0035802247002720833 -0.72895753383636475
vn 0.98861491680145264 -0.0034777345135807991 -0.15042749047279358
vn 0.98861491680145264 -0.0034777345135807991 -0.15042749047279358
vn 0.68454951047897339 -0.0035802247002720833 0.72895753383636475
vn 0.945090651512146 -0.00398670369759202 0.32678398489952087
vn -0.68454951047897339 0.0035802247002720833 -0.72895753383636475
vn -0.68034827709197998 -0.11261207610368729 -0.72418558597564697
vn -0.66677582263946533 -0.22827763855457306 -0.70943593978881836
vn -0.64475405216217041 -0.33778879046440125 -0.68570470809936523
vn -0.61342358589172363 -0.44555816054344177 -0.65206551551818848
vn -0.57282745838165283 -0.54909974336624146 -0.6085706353187561
vn -0.52342230081558228 -0.64591997861862183 -0.55571258068084717
vn -0.99316626787185669 -0.11241944879293442 -0.031346496194601059
vn -0.97315090894699097 -0.22808897495269775 -0.030866865068674088
vn -0.94080942869186401 -0.33760648965835571 -0.029992060735821724
vn -0.89487951993942261 -0.44538483023643494 -0.028688115999102592
vn -0.83542835712432861 -0.54893803596496582 -0.026953937485814095
vn -0.031621608883142471 -0.11744837462902069 0.99257540702819824
vn -0.031410619616508484 -0.23301433026790619 0.97196590900421143
vn -0.030789982527494431 -0.34236592054367065 0.93906205892562866
vn -0.029735976830124855 -0.44990956783294678 0.89257895946502686
vn -0.028241723775863647 -0.55315965414047241 0.83259642124176025
vn 0.67948120832443237 -0.11972405016422272 0.72385871410369873
vn 0.66504603624343872 -0.23524312674999237 0.70878380537033081
vn 0.64220774173736572 -0.34451967477798462 0.68474477529525757
vn 0.61007416248321533 -0.451957106590271 0.65080279111862183
vn 0.56870681047439575 -0.55507004261016846 0.6070171594619751
vn 0.9047967791557312 -0.12012128531932831 0.40855064988136292
vn 0.88572090864181519 -0.23563218116760254 0.39996996521949768
vn 0.85544955730438232 -0.34489560127258301 0.38633280992507935
vn 0.81280034780502319 -0.45231449604034424 0.36710646748542786
vn 0.75785219669342041 -0.55540347099304199 0.34232595562934875
vn 0.99229925870895386 -0.11991667747497559 0.031019620597362518
vn 0.97142112255096436 -0.23543179035186768 0.030214730650186539
vn 0.93826311826705933 -0.34470197558403015 0.029032111167907715
vn 0.89153009653091431 -0.45213040709495544 0.027425389736890793
vn 0.83130770921707153 -0.55523175001144409 0.025400463491678238
vn 0.030754560604691505 -0.11488775163888931 -0.99290227890014648
vn 0.029680823907256126 -0.23050644993782043 -0.97261804342269897
vn 0.028243701905012131 -0.33994251489639282 -0.94002199172973633
vn 0.026386573910713196 -0.4476056694984436 -0.89384168386459351
vn 0.024121114984154701 -0.55101007223129272 -0.83414989709854126
vn -0.68454951047897339 0.0035802247002720833 -0.72895753383636475
vn -0.68034827709197998 -0.11261207610368729 -0.72418558597564697
vn -0.66677582263946533 -0.22827763855457306 -0.70943593978881836
vn -0.64475405216217041 -0.33778879046440125 -0.68570470809936523
vn -0.61342358589172363 -0.44555816054344177 -0.65206551551818848
vn -0.57282745838165283 -0.54909974336624146 -0.6085706353187561
vn -0.9980587363243103 -0.05377061665058136 -0.031424559652805328
vn -0.90566384792327881 -0.11221484839916229 -0.40887755155563354
vn -0.68363010883331299 -0.053964234888553619 -0.72783082723617554
vn -0.91010576486587524 -0.053564954549074173 -0.41089937090873718
vn -0.9586605429649353 -0.28291475772857666 -0.030482342466711998
vn -0.85799586772918701 -0.33741283416748047 -0.38729274272918701
vn -0.65691590309143066 -0.28310057520866394 -0.69879579544067383
vn -0.8874506950378418 -0.22788858413696289 -0.40062209963798523
vn -0.87425559759140015 -0.28271740674972534 -0.39464926719665527
vn -0.91955256462097168 -0.39186617732048035 -0.029394228011369705
vn -0.81614977121353149 -0.44520074129104614 -0.36836919188499451
vn -0.63025909662246704 -0.39204433560371399 -0.67013037204742432
vn -0.83863043785095215 -0.39167696237564087 -0.37853416800498962
vn -0.80081796646118164 -0.59834623336791992 -0.025930330157279968
vn -0.54918098449707031 -0.59850120544433594 -0.58326369524002075
vn -0.76197278499603271 -0.54876625537872314 -0.34387940168380737
vn -0.73042929172515869 -0.59818166494369507 -0.32962372899055481
vn -0.03156338632106781 -0.058825429528951645 0.99776917695999146
vn 0.6832006573677063 -0.061112821102142334 0.72766894102096558
vn 0.35065481066703796 -0.11878544837236404 0.92894089221954346
vn 0.35268124938011169 -0.060169387608766556 0.93380701541900635
vn 0.65477734804153442 -0.28996080160140991 0.69798952341079712
vn 0.33100181818008423 -0.34363135695457458 0.8788374662399292
vn -0.031153358519077301 -0.28776568174362183 0.95719403028488159
vn 0.34299227595329285 -0.23432385921478271 0.90964204072952271
vn 0.33759096264839172 -0.28905540704727173 0.89581209421157837
vn 0.6273084282875061 -0.39862146973609924 0.6690179705619812
vn 0.31421473622322083 -0.45111259818077087 0.83532422780990601
vn -0.0303180031478405 -0.39651691913604736 0.91752666234970093
vn 0.3232104480266571 -0.39775344729423523 0.85867756605148315
vn 0.54469263553619385 -0.60422217845916748 0.58157157897949219
vn -0.027332507073879242 -0.60239160060882568 0.79773259162902832
vn 0.29266735911369324 -0.55428206920623779 0.77917724847793579
vn 0.28017815947532654 -0.60346716642379761 0.7465437650680542
vn 0.98365235328674316 -0.17744627594947815 0.03067377395927906
vn 0.95652198791503906 -0.2901465892791748 0.02967609278857708
vn 0.91660189628601074 -0.3987995982170105 0.028281828388571739
vn 0.77789056301116943 -0.55458086729049683 -0.29551026225090027
vn 0.86307644844055176 -0.5043795108795166 0.026464099064469337
vn 0.80763512849807739 -0.5037040114402771 -0.30660676956176758
vn 0.7963295578956604 -0.6043771505355835 0.024238200858235359
vn 0.74514263868331909 -0.60375350713729858 -0.28327405452728271
vn -0.68363010883331299 -0.053964234888553619 -0.72783082723617554
vn -0.35152187943458557 -0.11355067789554596 -0.9292677640914917
vn 0.031133934855461121 -0.056251626461744308 -0.99793106317520142
vn -0.35311070084571838 -0.054907668381929398 -0.93396896123886108
vn -0.65691590309143066 -0.28310057520866394 -0.69879579544067383
vn -0.33354809880256653 -0.33867710828781128 -0.87979739904403687
vn 0.029014773666858673 -0.28529569506645203 -0.95800024271011353
vn -0.34472206234931946 -0.22919690608978271 -0.91029417514801025
vn -0.33972954750061035 -0.28400593996047974 -0.89661836624145508
vn -0.63025909662246704 -0.39204433560371399 -0.67013037204742432
vn -0.31756415963172913 -0.44640263915061951 -0.83658695220947266
vn 0.027367349714040756 -0.39414885640144348 -0.91863906383514404
vn -0.32616111636161804 -0.39291232824325562 -0.85978996753692627
vn -0.54918098449707031 -0.59850120544433594 -0.58326369524002075
vn 0.022844111546874046 -0.60033178329467773 -0.79942470788955688
vn -0.29678797721862793 -0.54988765716552734 -0.7807307243347168
vn -0.28466656804084778 -0.59925621747970581 -0.74823588132858276
vn -0.88034027814865112 0.0039526438340544701 -0.47432622313499451
vn -0.98530519008636475 0.0039172638207674026 -0.17075802385807037
vn -0.98861491680145264 0.0034777345135807991 0.15042749047279358
vn 0.98861491680145264 -0.0034777345135807991 -0.15042749047279358
vn 0.96388006210327148 -0.19958554208278656 -0.17635416984558105
vn 0.89421224594116211 -0.37108254432678223 -0.25036409497261047
vn 0.82464605569839478 -0.46333399415016174 -0.32446947693824768
vn 0.82231152057647705 -0.46572750806808472 -0.32695820927619934
vn 0.71695470809936523 -0.54124212265014648 -0.43935513496398926
vn 0.60103511810302734 -0.56709593534469604 -0.56316870450973511
vn 0.59902459383010864 -0.5670853853225708 -0.56531727313995361
vn 0.48330232501029968 -0.54001885652542114 -0.68905621767044067
vn 0.37851336598396301 -0.46340405941009521 -0.8012392520904541
vn 0.37619674205780029 -0.46098619699478149 -0.80372118949890137
vn 0.30732178688049316 -0.36800992488861084 -0.87756597995758057
vn 0.23893620073795319 -0.19579017162322998 -0.95109182596206665
vn 0.21566656231880188 0.00056896824389696121 -0.97646689414978027
vn -0.10621194541454315 0.0017953225178644061 -0.99434190988540649
vn -0.41705217957496643 0.0028350946959108114 -0.9088781476020813
vn -0.96534472703933716 -0.19288140535354614 0.17580200731754303
vn -0.89695960283279419 -0.365101158618927 0.24932834506034851
vn -0.82808464765548706 -0.45807743072509766 0.32317313551902771
vn -0.82576805353164673 -0.46049529314041138 0.32565507292747498
vn -0.72097891569137573 -0.5371100902557373 0.43783798813819885
vn -0.60525685548782349 -0.56417661905288696 0.56157708168029785
vn -0.60324639081954956 -0.56418716907501221 0.56372570991516113
vn -0.48732659220695496 -0.53833335638046265 0.68753904104232788
vn -0.38196989893913269 -0.46281874179840088 0.79993611574172974
vn -0.37963533401489258 -0.46042522788047791 0.8024248480796814
vn -0.31006911396980286 -0.36817377805709839 0.8765302300453186
vn -0.24040082097053528 -0.19667677581310272 0.95053970813751221
vn -0.21566656231880188 -0.00056896824389696121 0.97646689414978027
vn 0.16963218152523041 -0.0020195657853037119 0.98550540208816528
vn 0.52973395586013794 -0.0031701792031526566 0.84815794229507446
vn 0.81114959716796875 -0.0038498977664858103 0.58482605218887329
vn 0.97207796573638916 -0.003957756794989109 0.23462472856044769
vn -0.52342230081558228 -0.64591997861862183 -0.55571258068084717
vn -0.28782352805137634 -0.64658713340759277 -0.70645785331726074
vn -0.013679550029337406 -0.64753216505050659 -0.76191532611846924
vn 0.26198500394821167 -0.64862746000289917 -0.71459513902664185
vn 0.50194013118743896 -0.64972513914108276 -0.5708882212638855
vn 0.67377853393554688 -0.6506769061088562 -0.35020288825035095
vn 0.75429248809814453 -0.65135425329208374 -0.082343980669975281
vn 0.7326081395149231 -0.65166562795639038 0.19651269912719727
vn 0.61165404319763184 -0.65156906843185425 0.44870597124099731
vn 0.40776580572128296 -0.65107756853103638 0.64017581939697266
vn 0.14847961068153381 -0.65025752782821655 0.74506306648254395
vn -0.13118651509284973 -0.64921963214874268 0.7492021918296814
vn -0.39346209168434143 -0.64810419082641602 0.65203416347503662
vn -0.60292536020278931 -0.64706170558929443 0.46668204665184021
vn -0.73128712177276611 -0.64623308181762695 0.21817870438098907
vn -0.76121145486831665 -0.64573013782501221 -0.059914149343967438
vn -0.68865686655044556 -0.64562088251113892 -0.33003851771354675
vn -0.68454951047897339 0.0035802247002720833 -0.72895753383636475
vn -0.67732864618301392 0.14311216771602631 -0.72162652015686035
vn -0.65701383352279663 0.27902066707611084 -0.70034301280975342
vn -0.62404811382293701 0.40935990214347839 -0.66557377576828003
vn -0.57770228385925293 0.53491425514221191 -0.61654424667358398
vn -0.51858097314834595 0.65136969089508057 -0.55388742685317993
vn -0.95111089944839478 0.14350338280200958 -0.2734864354133606
vn -0.92279601097106934 0.27940043807029724 -0.26529785990715027
vn -0.87671220302581787 0.40972095727920532 -0.25200092792510986
vn -0.81183689832687378 0.53524881601333618 -0.23330129683017731
vn -0.96201068162918091 0.142831951379776 0.23266810178756714
vn -0.93337726593017578 0.27874863147735596 0.2260664701461792
vn -0.88677126169204712 0.40910130739212036 0.2151113748550415
vn -0.82115828990936279 0.53467464447021484 0.19955481588840485
vn -0.72130125761032104 0.14130702614784241 0.67805367708206177
vn -0.69970154762268066 0.27726826071739197 0.65843755006790161
vn -0.66462892293930054 0.407694011926651 0.62614214420318604
vn -0.6153070330619812 0.53337055444717407 0.58044219017028809
vn -0.27316531538963318 0.13924945890903473 0.95183521509170532
vn -0.26466041803359985 0.27527081966400146 0.92421901226043701
vn -0.25105991959571838 0.40579515695571899 0.87880557775497437
vn -0.2320675402879715 0.53161096572875977 0.81457626819610596
vn 0.23298615217208862 0.13734523952007294 0.96273243427276611
vn 0.22670093178749084 0.2734222412109375 0.93479782342910767
vn 0.21604956686496735 0.40403780341148376 0.88886219263076782
vn 0.20078590512275696 0.52998250722885132 0.82389539480209351
vn 0.67837035655975342 0.13602179288864136 0.7220192551612854
vn 0.65907067060470581 0.27213746309280396 0.70111840963363647
vn 0.6270790696144104 0.40281644463539124 0.66671639680862427
vn 0.5816720724105835 0.52885067462921143 0.61804091930389404
vn 0.95215260982513428 0.13563057780265808 0.27387914061546326
vn 0.92485284805297852 0.27175769209861755 0.2660733163356781
vn 0.87974309921264648 0.40245541930198669 0.25314360857009888
vn 0.81580674648284912 0.52851611375808716 0.23479790985584259
vn 0.88980215787887573 0.40307503938674927 -0.21396870911121368
vn 0.82512807846069336 0.52909034490585327 -0.19805818796157837
vn 0.25409084558486938 0.40638118982315063 -0.87766289710998535
vn 0.23603738844394684 0.53215402364730835 -0.8130795955657959
vn -0.23194445669651031 0.14178872108459473 -0.96233969926834106
vn -0.22464407980442047 0.27773588895797729 -0.93402236700057983
vn -0.21301862597465515 0.40813854336738586 -0.88771957159042358
vn -0.196816086769104 0.5337824821472168 -0.82239872217178345
vn -0.68454951047897339 0.0035802247002720833 -0.72895753383636475
vn -0.67732864618301392 0.14311216771602631 -0.72162652015686035
vn -0.65701383352279663 0.27902066707611084 -0.70034301280975342
vn -0.62404811382293701 0.40935990214347839 -0.66557377576828003
vn -0.57770228385925293 0.53491425514221191 -0.61654424667358398
vn -0.90336781740188599 0.0039745955727994442 -0.42884817719459534
vn -0.99756902456283569 0.0038206824101507664 -0.069580376148223877
vn -0.95415830612182617 0.0031397163402289152 0.29928585886955261
vn -0.77912414073944092 0.0020256349816918373 0.62686640024185181
vn -0.49661189317703247 0.00063212297391146421 0.86797249317169189
vn -0.14559340476989746 -0.00084858865011483431 0.98934412002563477
vn 0.22550928592681885 -0.002212239895015955 0.97423851490020752
vn 0.56550359725952148 -0.0032707187347114086 0.82473933696746826
vn 0.8274882435798645 -0.0038780109025537968 0.5614696741104126
vn 0.9753231406211853 -0.0039503420703113079 0.22074680030345917
vn 0.98861491680145264 -0.0034777345135807991 -0.15042749047279358
vn -0.51858097314834595 0.65136969089508057 -0.55388742685317993
vn -0.2829822301864624 0.65070259571075439 -0.70463269948959351
vn -0.0088382456451654434 0.6497575044631958 -0.760090172290802
vn 0.266826331615448 0.64866220951080322 -0.71276998519897461
vn 0.50678145885467529 0.64756453037261963 -0.56906300783157349
vn 0.6786198616027832 0.64661276340484619 -0.34837770462036133
vn 0.75913375616073608 0.64593547582626343 -0.080518804490566254
vn 0.73744940757751465 0.64562404155731201 0.1983378678560257
vn 0.61649537086486816 0.64572060108184814 0.45053115487098694
vn 0.4126071035861969 0.64621210098266602 0.64200097322463989
vn 0.15332090854644775 0.64703220129013062 0.74688822031021118
vn -0.12634521722793579 0.64807003736495972 0.75102734565734863
vn -0.38862079381942749 0.64918553829193115 0.65385931730270386
vn -0.59808409214019775 0.65022796392440796 0.46850723028182983
vn -0.72644585371017456 0.65105664730072021 0.2200038731098175
vn -0.7563701868057251 0.65155953168869019 -0.058088973164558411
vn -0.683815598487854 0.65166884660720825 -0.32821333408355713
vn 0.97035092115402222 0.17141759395599365 -0.17039680480957031
vn 0.9160420298576355 0.32939058542251587 -0.22884237766265869
vn 0.89695960283279419 0.36510151624679565 -0.24932785332202911
vn 0.82808446884155273 0.45807817578315735 -0.32317247986793518
vn 0.82576793432235718 0.46049579977989197 -0.32565465569496155
vn 0.72097891569137573 0.53711014986038208 -0.43783795833587646
vn 0.60525685548782349 0.56417661905288696 -0.56157708168029785
vn 0.60324639081954956 0.56418716907501221 -0.56372570991516113
vn 0.48732656240463257 0.53833341598510742 -0.68753904104232788
vn 0.38196945190429688 0.46281927824020386 -0.79993605613708496
vn 0.37963464856147766 0.46042600274085999 -0.80242472887039185
vn 0.31006863713264465 0.36817413568496704 -0.8765302300453186
vn 0.29072001576423645 0.33266440033912659 -0.89711552858352661
vn 0.2352348268032074 0.17526623606681824 -0.95600539445877075
vn 0.21566656231880188 0.00056896824389696121 -0.97646689414978027
vn -0.10621194541454315 0.0017953225178644061 -0.99434190988540649
vn -0.41705217957496643 0.0028350946959108114 -0.9088781476020813
vn -0.68454951047897339 0.0035802247002720833 -0.72895753383636475
vn -0.67335009574890137 0.17838564515113831 -0.71748048067092896
vn -0.64220774173736572 0.34451967477798462 -0.68474477529525757
vn -0.59052491188049316 0.50421172380447388 -0.63011974096298218
vn -0.51858097314834595 0.65136969089508057 -0.55388742685317993
vn -0.93085306882858276 0.17878550291061401 -0.31866639852523804
vn -0.8880499005317688 0.34490141272544861 -0.30399072170257568
vn -0.81684964895248413 0.50456315279006958 -0.27959376573562622
vn -0.85280072689056396 0.50411206483840942 0.13638877868652344
vn 0.038180138915777206 0.17333629727363586 0.98412233591079712
vn 0.037101313471794128 0.33969897031784058 0.93980216979980469
vn 0.034853864461183548 0.49977374076843262 0.86545443534851074
vn 0.48591211438179016 0.17184434831142426 0.85694748163223267
vn 0.46455806493759155 0.33827459812164307 0.81838631629943848
vn 0.42837482690811157 0.49846243858337402 0.75367778539657593
vn 0.83229970932006836 0.17101548612117767 0.5272863507270813
vn 0.79525971412658691 0.33748325705528259 0.50365364551544189
vn 0.73282212018966675 0.49773392081260681 0.46393176913261414
vn 0.98199558258056641 0.17108601331710815 0.08008912205696106
vn 0.93817675113677979 0.3375505805015564 0.076707445085048676
vn 0.86439293622970581 0.49779590964317322 0.070880793035030365
vn 0.90902072191238403 0.17200508713722229 -0.37959927320480347
vn 0.86850649118423462 0.33842805027961731 -0.36216428875923157
vn 0.80025380849838257 0.4986037015914917 -0.33314892649650574
vn 0.62549108266830444 0.17359931766986847 -0.76067352294921875
vn 0.59781628847122192 0.3399500846862793 -0.72598183155059814
vn 0.55105370283126831 0.50000488758087158 -0.66808301210403442
vn 0.19674040377140045 0.17548629641532898 -0.96462315320968628
vn 0.18848128616809845 0.34175160527229309 -0.9206957221031189
vn 0.17421579360961914 0.50166338682174683 -0.84733861684799194
vn -0.26836374402046204 0.17719703912734985 -0.94688022136688232
vn -0.25556093454360962 0.34338489174842834 -0.90375626087188721
vn -0.23457394540309906 0.50316703319549561 -0.83174395561218262
vn -0.68454951047897339 0.0035802247002720833 -0.72895753383636475
vn -0.67335009574890137 0.17838564515113831 -0.71748048067092896
vn -0.64220774173736572 0.34451967477798462 -0.68474477529525757
vn -0.59052491188049316 0.50421172380447388 -0.63011974096298218
vn -0.51858097314834595 0.65136969089508057 -0.55388742685317993
vn -0.88034027814865112 0.0039526438340544701 -0.47432622313499451
vn -0.98530519008636475 0.0039172638207674026 -0.17075802385807037
vn -0.98861491680145264 0.0034777345135807991 0.15042749047279358
vn -0.2829822301864624 0.65070259571075439 -0.70463269948959351
vn -0.0088382456451654434 0.6497575044631958 -0.760090172290802
vn 0.266826331615448 0.64866220951080322 -0.71276998519897461
vn 0.50678145885467529 0.64756453037261963 -0.56906300783157349
vn 0.6786198616027832 0.64661276340484619 -0.34837770462036133
vn 0.75913375616073608 0.64593547582626343 -0.080518804490566254
vn 0.73744940757751465 0.64562404155731201 0.1983378678560257
vn 0.61649537086486816 0.64572060108184814 0.45053115487098694
vn 0.4126071035861969 0.64621210098266602 0.64200097322463989
vn 0.15332090854644775 0.64703220129013062 0.74688822031021118
vn -0.12634521722793579 0.64807003736495972 0.75102734565734863
vn -0.38862079381942749 0.64918553829193115 0.65385931730270386
vn -0.59808409214019775 0.65022796392440796 0.46850723028182983
vn -0.72644585371017456 0.65105664730072021 0.2200038731098175
vn -0.7563701868057251 0.65155953168869019 -0.058088973164558411
vn -0.683815598487854 0.65166884660720825 -0.32821333408355713
vn -0.96904629468917847 0.17817500233650208 0.17088864743709564
vn -0.91356050968170166 0.33557316660881042 0.22977793216705322
vn -0.89421224594116211 0.37108290195465088 0.25036361813545227
vn -0.82464593648910522 0.46333476901054382 0.32446882128715515
vn -0.8223114013671875 0.4657280445098877 0.32695776224136353
vn -0.71695464849472046 0.54124218225479126 0.43935510516166687
vn -0.60103511810302734 0.56709593534469604 0.56316870450973511
vn -0.59902459383010864 0.5670853853225708 0.56531727313995361
vn -0.48330232501029968 0.54001891613006592 0.68905621767044067
vn -0.3785129189491272 0.46340456604957581 0.80123913288116455
vn -0.37619608640670776 0.46098694205284119 0.80372107028961182
vn -0.30732131004333496 0.36801028251647949 0.87756597995758057
vn -0.28823846578598022 0.33229935169219971 0.89805108308792114
vn -0.23393018543720245 0.17432636022567749 0.95649725198745728
vn -0.21566656231880188 -0.00056896824389696121 0.97646689414978027
vn 0.12504175305366516 -0.001862508594058454 0.9921497106552124
vn 0.45120397210121155 -0.0029393837321549654 0.89241600036621094
vn 0.72487771511077881 -0.0036743211094290018 0.68886774778366089
vn 0.91422665119171143 -0.0039818254299461842 0.40518364310264587
vn 0.99722379446029663 -0.0038261248264461756 0.074364610016345978
vn 0.96421408653259277 -0.0032253321260213852 -0.26510521769523621
vn 0.81903761625289917 -0.0022493372671306133 -0.57373541593551636
vn 0.57858264446258545 -0.0010116775520145893 -0.81562316417694092
vn 0.27082130312919617 0.0003436704573687166 -0.96262955665588379
vn -0.068444617092609406 0.0016590394079685211 -0.9976535439491272
vn -0.39974838495254517 0.0027814125642180443 -0.91662067174911499
vn -0.68454951047897339 0.0035802247002720833 -0.72895753383636475
vn -0.68454951047897339 0.0035802247002720833 -0.72895753383636475
vn -0.98861491680145264 0.0034777345135807991 0.15042749047279358
vn -0.98530519008636475 0.0039172638207674026 -0.17075802385807037
vn -0.88034027814865112 0.0039526438340544701 -0.47432622313499451
vn -0.88034027814865112 0.0039526438340544701 -0.47432622313499451
vn -0.98530519008636475 0.0039172638207674026 -0.17075802385807037
vn -0.68454951047897339 0.0035802247002720833 -0.72895753383636475
vn -0.68454951047897339 0.0035802247002720833 -0.72895753383636475
vn -0.98861491680145264 0.0034777345135807991 0.15042749047279358
vn -0.98861491680145264 0.0034777345135807991 0.15042749047279358
vn -0.98861491680145264 0.0034777345135807991 0.15042749047279358
vn 0.21566656231880188 0.00056896824389696121 -0.97646689414978027
vn -0.68454951047897339 0.0035802247002720833 -0.72895753383636475
vn -0.68454951047897339 0.0035802247002720833 -0.72895753383636475
vn -0.68454951047897339 0.0035802247002720833 -0.72895753383636475
vn -0.68454951047897339 0.0035802247002720833 -0.72895753383636475
vn 0.21566656231880188 0.00056896824389696121 -0.97646689414978027
vn 0.21566656231880188 0.00056896824389696121 -0.97646689414978027
vn 0.21566656231880188 0.00056896824389696121 -0.97646689414978027
vn -0.41705217957496643 0.0028350946959108114 -0.9088781476020813
vn -0.10621194541454315 0.0017953225178644061 -0.99434190988540649
vn -0.10621194541454315 0.0017953225178644061 -0.99434190988540649
vn -0.41705217957496643 0.0028350946959108114 -0.9088781476020813
vn -0.21566656231880188 -0.00056896824389696121 0.97646689414978027
vn -0.21566656231880188 -0.00056896824389696121 0.97646689414978027
vn 0.98861491680145264 -0.0034777345135807991 -0.15042749047279358
vn -0.21566656231880188 -0.00056896824389696121 0.97646689414978027
vn -0.21566656231880188 -0.00056896824389696121 0.97646689414978027
vn 0.97207796573638916 -0.003957756794989109 0.23462472856044769
vn 0.81114959716796875 -0.0038498977664858103 0.58482605218887329
vn 0.52973395586013794 -0.0031701792031526566 0.84815794229507446
vn 0.16963218152523041 -0.0020195657853037119 0.98550540208816528
vn 0.16963218152523041 -0.0020195657853037119 0.98550540208816528
vn 0.52973395586013794 -0.0031701792031526566 0.84815794229507446
vn 0.81114959716796875 -0.0038498977664858103 0.58482605218887329
vn 0.97207796573638916 -0.003957756794989109 0.23462472856044769
vn 0.98861491680145264 -0.0034777345135807991 -0.15042749047279358
vn 0.98861491680145264 -0.0034777345135807991 -0.15042749047279358
vn 0.98861491680145264 -0.0034777345135807991 -0.15042749047279358
vn -0.68454951047897339 0.0035802247002720833 -0.72895753383636475
vn -0.67837035655975342 -0.13602179288864136 -0.7220192551612854
vn -0.65907067060470581 -0.27213746309280396 -0.70111840963363647
vn -0.6270790696144104 -0.40281644463539124 -0.66671639680862427
vn -0.5816720724105835 -0.52885067462921143 -0.61804091930389404
vn -0.52342230081558228 -0.64591997861862183 -0.55571258068084717
vn -0.95215260982513428 -0.13563057780265808 -0.27387914061546326
vn -0.92485284805297852 -0.27175769209861755 -0.2660733163356781
vn -0.87974309921264648 -0.40245541930198669 -0.25314360857009888
vn -0.81580674648284912 -0.52851611375808716 -0.23479790985584259
vn -0.88980215787887573 -0.40307503938674927 0.21396870911121368
vn -0.82512807846069336 -0.52909034490585327 0.19805818796157837
vn -0.25409084558486938 -0.40638118982315063 0.87766289710998535
vn -0.23603738844394684 -0.53215402364730835 0.8130795955657959
vn 0.23194445669651031 -0.14178872108459473 0.96233969926834106
vn 0.22464407980442047 -0.27773588895797729 0.93402236700057983
vn 0.21301862597465515 -0.40813854336738586 0.88771957159042358
vn 0.196816086769104 -0.5337824821472168 0.82239872217178345
vn 0.67732864618301392 -0.14311216771602631 0.72162652015686035
vn 0.65701383352279663 -0.27902066707611084 0.70034301280975342
vn 0.62404811382293701 -0.40935990214347839 0.66557377576828003
vn 0.57770228385925293 -0.53491425514221191 0.61654424667358398
vn 0.95111089944839478 -0.14350338280200958 0.2734864354133606
vn 0.92279601097106934 -0.27940043807029724 0.26529785990715027
vn 0.87671220302581787 -0.40972095727920532 0.25200092792510986
vn 0.81183689832687378 -0.53524881601333618 0.23330129683017731
vn 0.96201068162918091 -0.142831951379776 -0.23266810178756714
vn 0.93337726593017578 -0.27874863147735596 -0.2260664701461792
vn 0.88677126169204712 -0.40910130739212036 -0.2151113748550415
vn 0.82115828990936279 -0.53467464447021484 -0.19955481588840485
vn 0.72130125761032104 -0.14130702614784241 -0.67805367708206177
vn 0.69970154762268066 -0.27726826071739197 -0.65843755006790161
vn 0.66462892293930054 -0.407694011926651 -0.62614214420318604
vn 0.6153070330619812 -0.53337055444717407 -0.58044219017028809
vn 0.27316531538963318 -0.13924945890903473 -0.95183521509170532
vn 0.26466041803359985 -0.27527081966400146 -0.92421901226043701
vn 0.25105991959571838 -0.40579515695571899 -0.87880557775497437
vn 0.2320675402879715 -0.53161096572875977 -0.81457626819610596
vn -0.23298615217208862 -0.13734523952007294 -0.96273243427276611
vn -0.22670093178749084 -0.2734222412109375 -0.93479782342910767
vn -0.21604956686496735 -0.40403780341148376 -0.88886219263076782
vn -0.20078590512275696 -0.52998250722885132 -0.82389539480209351
vn -0.68454951047897339 0.0035802247002720833 -0.72895753383636475
vn -0.67837035655975342 -0.13602179288864136 -0.7220192551612854
vn -0.65907067060470581 -0.27213746309280396 -0.70111840963363647
vn -0.6270790696144104 -0.40281644463539124 -0.66671639680862427
vn -0.5816720724105835 -0.52885067462921143 -0.61804091930389404
vn -0.88034027814865112 0.0039526438340544701 -0.47432622313499451
vn -0.98530519008636475 0.0039172638207674026 -0.17075802385807037
vn -0.98861491680145264 0.0034777345135807991 0.15042749047279358
vn -0.96534472703933716 -0.19288140535354614 0.17580200731754303
vn -0.89695960283279419 -0.365101158618927 0.24932834506034851
vn -0.82808464765548706 -0.45807743072509766 0.32317313551902771
vn -0.82576805353164673 -0.46049529314041138 0.32565507292747498
vn -0.72097891569137573 -0.5371100902557373 0.43783798813819885
vn -0.60525685548782349 -0.56417661905288696 0.56157708168029785
vn -0.60324639081954956 -0.56418716907501221 0.56372570991516113
vn -0.48732659220695496 -0.53833335638046265 0.68753904104232788
vn -0.38196989893913269 -0.46281874179840088 0.79993611574172974
vn -0.37963533401489258 -0.46042522788047791 0.8024248480796814
vn -0.31006911396980286 -0.36817377805709839 0.8765302300453186
vn -0.24040082097053528 -0.19667677581310272 0.95053970813751221
vn -0.21566656231880188 -0.00056896824389696121 0.97646689414978027
vn 0.1558900773525238 -0.0019714718218892813 0.98777246475219727
vn 0.5059051513671875 -0.0031015491113066673 0.86258351802825928
vn 0.78601223230361938 -0.0038030417636036873 0.61819928884506226
vn 0.95750486850738525 -0.0039790146984159946 0.28838968276977539
vn 0.99668556451797485 -0.0036051506176590919 -0.081270761787891388
vn 0.89814013242721558 -0.0027331120800226927 -0.43970087170600891
vn 0.67548596858978271 -0.0014834009343758225 -0.73737132549285889
vn 0.35949045419692993 -2.870740536309313E-05 -0.93314874172210693
vn -0.0061809811741113663 0.0014299530303105712 -0.99997985363006592
vn -0.37099829316139221 0.0026910167653113604 -0.92862963676452637
vn -0.52342230081558228 -0.64591997861862183 -0.55571258068084717
vn -0.28782352805137634 -0.64658713340759277 -0.70645785331726074
vn -0.013679550029337406 -0.64753216505050659 -0.76191532611846924
vn 0.26198500394821167 -0.64862746000289917 -0.71459513902664185
vn 0.50194013118743896 -0.64972513914108276 -0.5708882212638855
vn 0.67377853393554688 -0.6506769061088562 -0.35020288825035095
vn 0.75429248809814453 -0.65135425329208374 -0.082343980669975281
vn 0.7326081395149231 -0.65166562795639038 0.19651269912719727
vn 0.61165404319763184 -0.65156906843185425 0.44870597124099731
vn 0.40776580572128296 -0.65107756853103638 0.64017581939697266
vn 0.14847961068153381 -0.65025752782821655 0.74506306648254395
vn -0.13118651509284973 -0.64921963214874268 0.7492021918296814
vn -0.39346209168434143 -0.64810419082641602 0.65203416347503662
vn -0.60292536020278931 -0.64706170558929443 0.46668204665184021
vn -0.73128712177276611 -0.64623308181762695 0.21817870438098907
vn -0.76121145486831665 -0.64573013782501221 -0.059914149343967438
vn -0.68865686655044556 -0.64562088251113892 -0.33003851771354675
vn -0.68454951047897339 0.0035802247002720833 -0.72895753383636475
vn -0.67948120832443237 0.11972405016422272 -0.72385871410369873
vn -0.66504603624343872 0.23524312674999237 -0.70878380537033081
vn -0.64220774173736572 0.34451967477798462 -0.68474477529525757
vn -0.61007416248321533 0.451957106590271 -0.65080279111862183
vn -0.56870681047439575 0.55507004261016846 -0.6070171594619751
vn -0.51858097314834595 0.65136969089508057 -0.55388742685317993
vn -0.9540976881980896 0.1201164647936821 -0.27435320615768433
vn -0.93400633335113525 0.23562745749950409 -0.26853650808334351
vn -0.90210860967636108 0.34489104151725769 -0.25932645797729492
vn -0.85715848207473755 0.45231017470359802 -0.24636319279670715
vn -0.79923874139785767 0.55539941787719727 -0.22967138886451721
vn -0.86699539422988892 0.45170420408248901 0.21043358743190765
vn -0.80841660499572754 0.55483406782150269 0.19652406871318817
vn -0.24532288312911987 0.4484710693359375 0.85947096347808838
vn -0.2283906489610672 0.55181753635406494 0.80208176374435425
vn 0.23360709846019745 0.1139395609498024 0.96563220024108887
vn 0.2292359322309494 0.22957777976989746 0.94590955972671509
vn 0.22195190191268921 0.33904513716697693 0.91421318054199219
vn 0.21147111058235168 0.44675254821777344 0.86930555105209351
vn 0.19780221581459045 0.55021411180496216 0.81125748157501221
vn 0.68034827709197998 0.11261207610368729 0.72418558597564697
vn 0.66677582263946533 0.22827763855457306 0.70943593978881836
vn 0.64475405216217041 0.33778879046440125 0.68570470809936523
vn 0.61342358589172363 0.44555816054344177 0.65206551551818848
vn 0.57282745838165283 0.54909974336624146 0.6085706353187561
vn 0.95496469736099243 0.11221966147422791 0.27468007802963257
vn 0.93573611974716187 0.22789330780506134 0.26918864250183105
vn 0.90465492010116577 0.33741739392280579 0.26028639078140259
vn 0.86050790548324585 0.44520509243011475 0.2476259171962738
vn 0.80335932970046997 0.54877030849456787 0.23122484982013702
vn 0.87034481763839722 0.44581103324890137 -0.20917084813117981
vn 0.81253725290298462 0.54933571815490723 -0.19497060775756836
vn 0.24867229163646698 0.44904416799545288 -0.85820823907852173
vn 0.2325112521648407 0.55235224962234497 -0.80052828788757324
vn -0.23274005949497223 0.1183965653181076 -0.96530526876449585
vn -0.2275061309337616 0.23394298553466797 -0.94525742530822754
vn -0.21940562129020691 0.34326332807540894 -0.91325324773788452
vn -0.20812170207500458 0.45076271891593933 -0.86804282665252686
vn -0.19368161261081696 0.55395561456680298 -0.8097040057182312
vn -0.68454951047897339 0.0035802247002720833 -0.72895753383636475
vn -0.67948120832443237 0.11972405016422272 -0.72385871410369873
vn -0.66504603624343872 0.23524312674999237 -0.70878380537033081
vn -0.64220774173736572 0.34451967477798462 -0.68474477529525757
vn -0.61007416248321533 0.451957106590271 -0.65080279111862183
vn -0.56870681047439575 0.55507004261016846 -0.6070171594619751
vn -0.51858097314834595 0.65136969089508057 -0.55388742685317993
vn -0.88034027814865112 0.0039526438340544701 -0.47432622313499451
vn -0.98530519008636475 0.0039172638207674026 -0.17075802385807037
vn -0.98861491680145264 0.0034777345135807991 0.15042749047279358
vn -0.2829822301864624 0.65070259571075439 -0.70463269948959351
vn -0.0088382456451654434 0.6497575044631958 -0.760090172290802
vn 0.266826331615448 0.64866220951080322 -0.71276998519897461
vn 0.50678145885467529 0.64756453037261963 -0.56906300783157349
vn 0.6786198616027832 0.64661276340484619 -0.34837770462036133
vn 0.75913375616073608 0.64593547582626343 -0.080518804490566254
vn 0.73744940757751465 0.64562404155731201 0.1983378678560257
vn 0.61649537086486816 0.64572060108184814 0.45053115487098694
vn 0.4126071035861969 0.64621210098266602 0.64200097322463989
vn 0.15332090854644775 0.64703220129013062 0.74688822031021118
vn -0.12634521722793579 0.64807003736495972 0.75102734565734863
vn -0.38862079381942749 0.64918553829193115 0.65385931730270386
vn -0.59808409214019775 0.65022796392440796 0.46850723028182983
vn -0.72644585371017456 0.65105664730072021 0.2200038731098175
vn -0.7563701868057251 0.65155953168869019 -0.058088973164558411
vn -0.683815598487854 0.65166884660720825 -0.32821333408355713
vn -0.96904629468917847 0.17817500233650208 0.17088864743709564
vn -0.91356050968170166 0.33557316660881042 0.22977793216705322
vn -0.89421224594116211 0.37108290195465088 0.25036361813545227
vn -0.82464593648910522 0.46333476901054382 0.32446882128715515
vn -0.8223114013671875 0.4657280445098877 0.32695776224136353
vn -0.71695464849472046 0.54124218225479126 0.43935510516166687
vn -0.60103511810302734 0.56709593534469604 0.56316870450973511
vn -0.59902459383010864 0.5670853853225708 0.56531727313995361
vn -0.48330232501029968 0.54001891613006592 0.68905621767044067
vn -0.3785129189491272 0.46340456604957581 0.80123913288116455
vn -0.37619608640670776 0.46098694205284119 0.80372107028961182
vn -0.30732131004333496 0.36801028251647949 0.87756597995758057
vn -0.28823846578598022 0.33229935169219971 0.89805108308792114
vn -0.23393018543720245 0.17432636022567749 0.95649725198745728
vn -0.21566656231880188 -0.00056896824389696121 0.97646689414978027
vn 0.16963218152523041 -0.0020195657853037119 0.98550540208816528
vn 0.52973395586013794 -0.0031701792031526566 0.84815794229507446
vn 0.81114959716796875 -0.0038498977664858103 0.58482605218887329
vn 0.97207796573638916 -0.003957756794989109 0.23462472856044769
vn 0.98861491680145264 -0.0034777345135807991 -0.15042749047279358
vn 0.97035092115402222 0.17141759395599365 -0.17039680480957031
vn 0.9160420298576355 0.32939058542251587 -0.22884237766265869
vn 0.89695960283279419 0.36510151624679565 -0.24932785332202911
vn 0.82808446884155273 0.45807817578315735 -0.32317247986793518
vn 0.82576793432235718 0.46049579977989197 -0.32565465569496155
vn 0.72097891569137573 0.53711014986038208 -0.43783795833587646
vn 0.60525685548782349 0.56417661905288696 -0.56157708168029785
vn 0.60324639081954956 0.56418716907501221 -0.56372570991516113
vn 0.48732656240463257 0.53833341598510742 -0.68753904104232788
vn 0.38196945190429688 0.46281927824020386 -0.79993605613708496
vn 0.37963464856147766 0.46042600274085999 -0.80242472887039185
vn 0.31006863713264465 0.36817413568496704 -0.8765302300453186
vn 0.29072001576423645 0.33266440033912659 -0.89711552858352661
vn 0.2352348268032074 0.17526623606681824 -0.95600539445877075
vn 0.21566656231880188 0.00056896824389696121 -0.97646689414978027
vn -0.10621194541454315 0.0017953225178644061 -0.99434190988540649
vn -0.41705217957496643 0.0028350946959108114 -0.9088781476020813
vn 0.0037318309769034386 0.99999207258224487 0.0014069036114960909
vn 0.0037318309769034386 0.99999207258224487 0.0014069036114960909
vn 0.0037318309769034386 0.99999207258224487 0.0014069036114960909
vn 0.0037318309769034386 0.99999207258224487 0.0014069036114960909
vn 0.0037318309769034386 0.99999207258224487 0.0014069036114960909
vn 0.0037318309769034386 0.99999207258224487 0.0014069036114960909
vn 0.0037318309769034386 0.99999207258224487 0.0014069036114960909
vn 0.0037318309769034386 0.99999207258224487 0.0014069036114960909
vn 0.0037318309769034386 0.99999207258224487 0.0014069036114960909
vn 0.0037318309769034386 0.99999207258224487 0.0014069036114960909
vn 0.0037318309769034386 0.99999207258224487 0.0014069036114960909
vn 0.0037318309769034386 0.99999207258224487 0.0014069036114960909
vn 0.0037318309769034386 0.99999207258224487 0.0014069036114960909
vn 0.0037318309769034386 0.99999207258224487 0.0014069036114960909
vn 0.0037318309769034386 0.99999207258224487 0.0014069036114960909
vn 0.0037318309769034386 0.99999207258224487 0.0014069036114960909
vn 0.0037318309769034386 0.99999207258224487 0.0014069036114960909
vn 0.0037318309769034386 0.99999207258224487 0.0014069036114960909
vn 0.0037318309769034386 0.99999207258224487 0.0014069036114960909
vn 0.0037318309769034386 0.99999207258224487 0.0014069036114960909
vn 0.0037318309769034386 0.99999207258224487 0.0014069036114960909
vn 0.0037318309769034386 0.99999207258224487 0.0014069036114960909
vn 0.0037318309769034386 0.99999207258224487 0.0014069036114960909
vn 0.0037318309769034386 0.99999207258224487 0.0014069036114960909
vn 0.0037318309769034386 0.99999207258224487 0.0014069036114960909
vn 0.0037318309769034386 0.99999207258224487 0.0014069036114960909
vn 0.0037318309769034386 0.99999207258224487 0.0014069036114960909
vn 0.0037318309769034386 0.99999207258224487 0.0014069036114960909
vn 0.0037318309769034386 0.99999207258224487 0.0014069036114960909
vn 0.0037318309769034386 0.99999207258224487 0.0014069036114960909
vn 0.0037318309769034386 0.99999207258224487 0.0014069036114960909
vn 0.0037318309769034386 0.99999207258224487 0.0014069036114960909
vn 0.0037318309769034386 0.99999207258224487 0.0014069036114960909
vn 0.0037318309769034386 0.99999207258224487 0.0014069036114960909
vn 0.0037318309769034386 0.99999207258224487 0.0014069036114960909
vn 0.0037318309769034386 0.99999207258224487 0.0014069036114960909
vn 0.0037318309769034386 0.99999207258224487 0.0014069036114960909
vn 0.0037318309769034386 0.99999207258224487 0.0014069036114960909
vn 0.0037318309769034386 0.99999207258224487 0.0014069036114960909
vn -0.0037318309769034386 -0.99999207258224487 -0.0014069036114960909
vn -0.0037318309769034386 -0.99999207258224487 -0.0014069036114960909
vn -0.0037318309769034386 -0.99999207258224487 -0.0014069036114960909
vn -0.0037318309769034386 -0.99999207258224487 -0.0014069036114960909
vn -0.0037318309769034386 -0.99999207258224487 -0.0014069036114960909
vn -0.0037318309769034386 -0.99999207258224487 -0.0014069036114960909
vn -0.0037318309769034386 -0.99999207258224487 -0.0014069036114960909
vn -0.0037318309769034386 -0.99999207258224487 -0.0014069036114960909
vn -0.0037318309769034386 -0.99999207258224487 -0.0014069036114960909
vn -0.0037318309769034386 -0.99999207258224487 -0.0014069036114960909
vn -0.0037318309769034386 -0.99999207258224487 -0.0014069036114960909
vn -0.0037318309769034386 -0.99999207258224487 -0.0014069036114960909
vn -0.0037318309769034386 -0.99999207258224487 -0.0014069036114960909
vn -0.0037318309769034386 -0.99999207258224487 -0.0014069036114960909
vn -0.0037318309769034386 -0.99999207258224487 -0.0014069036114960909
vn -0.0037318309769034386 -0.99999207258224487 -0.0014069036114960909
vn -0.0037318309769034386 -0.99999207258224487 -0.0014069036114960909
vn -0.0037318309769034386 -0.99999207258224487 -0.0014069036114960909
vn -0.0037318309769034386 -0.99999207258224487 -0.0014069036114960909
vn -0.0037318309769034386 -0.99999207258224487 -0.0014069036114960909
vn -0.0037318309769034386 -0.99999207258224487 -0.0014069036114960909
vn -0.0037318309769034386 -0.99999207258224487 -0.0014069036114960909
vn -0.0037318309769034386 -0.99999207258224487 -0.0014069036114960909
vn -0.0037318309769034386 -0.99999207258224487 -0.0014069036114960909
vn -0.0037318309769034386 -0.99999207258224487 -0.0014069036114960909
vn -0.0037318309769034386 -0.99999207258224487 -0.0014069036114960909
vn -0.0037318309769034386 -0.99999207258224487 -0.0014069036114960909
vn -0.0037318309769034386 -0.99999207258224487 -0.0014069036114960909
vn -0.0037318309769034386 -0.99999207258224487 -0.0014069036114960909
vn -0.0037318309769034386 -0.99999207258224487 -0.0014069036114960909
vn -0.0037318309769034386 -0.99999207258224487 -0.0014069036114960909
vn -0.0037318309769034386 -0.99999207258224487 -0.0014069036114960909
vn -0.0037318309769034386 -0.99999207258224487 -0.0014069036114960909
vn -0.0037318309769034386 -0.99999207258224487 -0.0014069036114960909
vn -0.0037318309769034386 -0.99999207258224487 -0.0014069036114960909
vn -0.0037318309769034386 -0.99999207258224487 -0.0014069036114960909
vn -0.0037318309769034386 -0.99999207258224487 -0.0014069036114960909
vn -0.0037318309769034386 -0.99999207258224487 -0.0014069036114960909
vn -0.0037318309769034386 -0.99999207258224487 -0.0014069036114960909
f 4/4/4 10/10/10 12/12/12 9/9/9
f 10/10/10 3/3/3 11/11/11 12/12/12
f 15/15/15 14/14/14 3/3/3 10/10/10
f 13/13/13 15/15/15 10/10/10 4/4/4
f 6/6/6 17/17/17 19/19/19 16/16/16
f 17/17/17 5/5/5 18/18/18 19/19/19
f 22/22/22 21/21/21 5/5/5 17/17/17
f 20/20/20 22/22/22 17/17/17 6/6/6
f 26/26/26 1/1/1 38/38/38
f 3/3/3 26/26/26 38/38/38
f 38/38/38 39/39/39 3/3/3
f 40/40/40 11/11/11 39/39/39
f 39/39/39 11/11/11 3/3/3
f 40/40/40 41/41/41 12/12/12 11/11/11
f 41/41/41 42/42/42 9/9/9 12/12/12
f 4/4/4 9/9/9 18/18/18 5/5/5
f 25/25/25 26/26/26 3/3/3
f 37/37/37 2/2/2 25/25/25
f 3/3/3 14/14/14 36/36/36
f 37/37/37 25/25/25 3/3/3
f 36/36/36 37/37/37 3/3/3
f 14/14/14 35/35/35 36/36/36
f 14/14/14 15/15/15 34/34/34 35/35/35
f 13/13/13 21/21/21 32/32/32 33/33/33
f 15/15/15 13/13/13 33/33/33 34/34/34
f 13/13/13 4/4/4 5/5/5 21/21/21
f 18/18/18 9/9/9 42/42/42 43/43/43
f 43/43/43 44/44/44 19/19/19 18/18/18
f 16/16/16 19/19/19 44/44/44 45/45/45
f 16/16/16 45/45/45 46/46/46
f 47/47/47 48/48/48 46/46/46
f 6/6/6 16/16/16 46/46/46
f 7/7/7 23/23/23 47/47/47
f 48/48/48 47/47/47 23/23/23
f 21/21/21 22/22/22 31/31/31 32/32/32
f 31/31/31 22/22/22 30/30/30
f 20/20/20 30/30/30 22/22/22
f 29/29/29 30/30/30 20/20/20
f 20/20/20 6/6/6 28/28/28
f 28/28/28 29/29/29 20/20/20
f 48/48/48 28/28/28 6/6/6
f 23/23/23 24/24/24 48/48/48
f 24/24/24 27/27/27 48/48/48
f 48/48/48 27/27/27 28/28/28
f 24/24/24 8/8/8 27/27/27
f 48/48/48 6/6/6 46/46/46
f 52/52/52 57/57/57 60/60/60 58/58/58
f 58/58/58 60/60/60 59/59/59 51/51/51
f 63/63/63 58/58/58 51/51/51 62/62/62
f 61/61/61 52/52/52 58/58/58 63/63/63
f 54/54/54 64/64/64 67/67/67 65/65/65
f 65/65/65 67/67/67 66/66/66 53/53/53
f 70/70/70 65/65/65 53/53/53 69/69/69
f 68/68/68 54/54/54 65/65/65 70/70/70
f 74/74/74 85/85/85 49/49/49
f 51/51/51 85/85/85 74/74/74
f 85/85/85 51/51/51 86/86/86
f 87/87/87 86/86/86 59/59/59
f 86/86/86 51/51/51 59/59/59
f 87/87/87 59/59/59 60/60/60 88/88/88
f 88/88/88 60/60/60 57/57/57 89/89/89
f 52/52/52 53/53/53 66/66/66 57/57/57
f 73/73/73 51/51/51 74/74/74
f 73/73/73 84/84/84 51/51/51
f 51/51/51 83/83/83 62/62/62
f 73/73/73 50/50/50 84/84/84
f 83/83/83 51/51/51 84/84/84
f 83/83/83 82/82/82 62/62/62
f 61/61/61 80/80/80 79/79/79 69/69/69
f 63/63/63 81/81/81 80/80/80 61/61/61
f 81/81/81 63/63/63 62/62/62 82/82/82
f 61/61/61 69/69/69 53/53/53 52/52/52
f 66/66/66 90/90/90 89/89/89 57/57/57
f 90/90/90 66/66/66 67/67/67 91/91/91
f 64/64/64 92/92/92 91/91/91 67/67/67
f 64/64/64 93/93/93 92/92/92
f 94/94/94 93/93/93 95/95/95
f 54/54/54 93/93/93 64/64/64
f 55/55/55 94/94/94 71/71/71
f 95/95/95 71/71/71 94/94/94
f 69/69/69 79/79/79 78/78/78 70/70/70
f 70/70/70 78/78/78 77/77/77 68/68/68
f 68/68/68 76/76/76 54/54/54
f 76/76/76 68/68/68 77/77/77
f 95/95/95 54/54/54 76/76/76
f 71/71/71 95/95/95 72/72/72
f 72/72/72 95/95/95 75/75/75
f 95/95/95 76/76/76 75/75/75
f 72/72/72 75/75/75 56/56/56
f 95/95/95 93/93/93 54/54/54
f 108/108/108 96/96/96 103/103/103
f 107/107/107 108/108/108 103/103/103
f 108/108/108 107/107/107 106/106/106 109/109/109
f 107/107/107 102/102/102 101/101/101
f 103/103/103 102/102/102 107/107/107
f 105/105/105 110/110/110 109/109/109 106/106/106
f 110/110/110 105/105/105 104/104/104 111/111/111
f 111/111/111 99/99/99 97/97/97
f 99/99/99 111/111/111 100/100/100
f 104/104/104 98/98/98 100/100/100
f 104/104/104 100/100/100 111/111/111
f 119/119/119 122/122/122 112/112/112
f 118/118/118 122/122/122 119/119/119
f 113/113/113 121/121/121 118/118/118
f 118/118/118 121/121/121 120/120/120
f 117/117/117 122/122/122 118/118/118
f 116/116/116 114/114/114 123/123/123
f 122/122/122 117/117/117 116/116/116
f 115/115/115 117/117/117 120/120/120
f 117/117/117 118/118/118 120/120/120
f 116/116/116 123/123/123 122/122/122
f 133/133/133 130/130/130 124/124/124
f 131/131/131 133/133/133 132/132/132
f 125/125/125 129/129/129 132/132/132
f 132/132/132 129/129/129 128/128/128
f 130/130/130 133/133/133 131/131/131
f 134/134/134 126/126/126 131/131/131
f 135/135/135 134/134/134 131/131/131
f 127/127/127 135/135/135 128/128/128
f 131/131/131 128/128/128 135/135/135
f 132/132/132 128/128/128 131/131/131
f 139/139/139 142/142/142 145/145/145 143/143/143
f 143/143/143 145/145/145 144/144/144 138/138/138
f 148/148/148 143/143/143 138/138/138 147/147/147
f 146/146/146 139/139/139 143/143/143 148/148/148
f 140/140/140 149/149/149 151/151/151 150/150/150
f 150/150/150 151/151/151 142/142/142 139/139/139
f 153/153/153 150/150/150 139/139/139 146/146/146
f 152/152/152 140/140/140 150/150/150 153/153/153
f 175/175/175 164/164/164 136/136/136
f 175/175/175 179/179/179 164/164/164
f 165/165/165 164/164/164 179/179/179
f 180/180/180 166/166/166 165/165/165 179/179/179
f 174/174/174 179/179/179 175/175/175
f 144/144/144 167/167/167 166/166/166
f 145/145/145 168/168/168 167/167/167 144/144/144
f 168/168/168 145/145/145 142/142/142 169/169/169
f 144/144/144 166/166/166 180/180/180
f 163/163/163 174/174/174 137/137/137
f 179/179/179 174/174/174 163/163/163
f 162/162/162 161/161/161 180/180/180
f 163/163/163 162/162/162 179/179/179
f 147/147/147 138/138/138 180/180/180
f 144/144/144 180/180/180 138/138/138
f 161/161/161 160/160/160 147/147/147
f 159/159/159 148/148/148 147/147/147 160/160/160
f 158/158/158 146/146/146 148/148/148 159/159/159
f 180/180/180 161/161/161 147/147/147
f 162/162/162 180/180/180 179/179/179
f 169/169/169 142/142/142 151/151/151 170/170/170
f 170/170/170 151/151/151 149/149/149 171/171/171
f 149/149/149 173/173/173 172/172/172
f 140/140/140 173/173/173 149/149/149
f 176/176/176 173/173/173 177/177/177
f 171/171/171 149/149/149 172/172/172
f 140/140/140 177/177/177 173/173/173
f 146/146/146 158/158/158 157/157/157 153/153/153
f 156/156/156 152/152/152 153/153/153 157/157/157
f 154/154/154 140/140/140 152/152/152
f 177/177/177 140/140/140 178/178/178
f 178/178/178 140/140/140 154/154/154
f 152/152/152 155/155/155 154/154/154
f 178/178/178 154/154/154 141/141/141
f 156/156/156 155/155/155 152/152/152
f 188/188/188 191/191/191 181/181/181
f 185/185/185 188/188/188 190/190/190
f 182/182/182 190/190/190 187/187/187
f 188/188/188 187/187/187 190/190/190
f 185/185/185 191/191/191 188/188/188
f 185/185/185 183/183/183 192/192/192
f 190/190/190 186/186/186 185/185/185
f 184/184/184 186/186/186 189/189/189
f 186/186/186 190/190/190 189/189/189
f 185/185/185 192/192/192 191/191/191
f 202/202/202 199/199/199 193/193/193
f 201/201/201 199/199/199 202/202/202
f 194/194/194 198/198/198 201/201/201
f 199/199/199 201/201/201 198/198/198
f 198/198/198 197/197/197 199/199/199
f 203/203/203 195/195/195 200/200/200
f 203/203/203 199/199/199 204/204/204
f 196/196/196 204/204/204 197/197/197
f 204/204/204 199/199/199 197/197/197
f 200/200/200 199/199/199 203/203/203
f 211/211/211 289/289/289 292/292/292 290/290/290
f 290/290/290 292/292/292 291/291/291 206/206/206
f 212/212/212 293/293/293 296/296/296 294/294/294
f 294/294/294 296/296/296 295/295/295 207/207/207
f 296/296/296 290/290/290 206/206/206 295/295/295
f 293/293/293 211/211/211 290/290/290 296/296/296
f 213/213/213 297/297/297 300/300/300 298/298/298
f 298/298/298 300/300/300 299/299/299 208/208/208
f 300/300/300 294/294/294 207/207/207 299/299/299
f 297/297/297 212/212/212 294/294/294 300/300/300
f 214/214/214 301/301/301 304/304/304 302/302/302
f 302/302/302 304/304/304 303/303/303 209/209/209
f 304/304/304 298/298/298 208/208/208 303/303/303
f 301/301/301 213/213/213 298/298/298 304/304/304
f 307/307/307 302/302/302 209/209/209 306/306/306
f 305/305/305 214/214/214 302/302/302 307/307/307
f 258/258/258 293/293/293 212/212/212 216/216/216
f 293/293/293 258/258/258 215/215/215 211/211/211
f 297/297/297 216/216/216 212/212/212
f 217/217/217 297/297/297 213/213/213
f 216/216/216 297/297/297 217/217/217
f 301/301/301 217/217/217 213/213/213
f 218/218/218 301/301/301 214/214/214
f 217/217/217 301/301/301 218/218/218
f 219/219/219 252/252/252 255/255/255 253/253/253
f 253/253/253 255/255/255 254/254/254 215/215/215
f 220/220/220 256/256/256 259/259/259 257/257/257
f 257/257/257 259/259/259 258/258/258 216/216/216
f 259/259/259 253/253/253 215/215/215 258/258/258
f 256/256/256 219/219/219 253/253/253 259/259/259
f 257/257/257 221/221/221 220/220/220
f 217/217/217 257/257/257 216/216/216
f 221/221/221 257/257/257 217/217/217
f 222/222/222 221/221/221 217/217/217 218/218/218
f 223/223/223 260/260/260 262/262/262 261/261/261
f 261/261/261 262/262/262 252/252/252 219/219/219
f 256/256/256 261/261/261 219/219/219
f 261/261/261 224/224/224 223/223/223
f 224/224/224 256/256/256 220/220/220
f 256/256/256 224/224/224 261/261/261
f 225/225/225 224/224/224 220/220/220 221/221/221
f 265/265/265 221/221/221 222/222/222
f 225/225/225 265/265/265 226/226/226
f 221/221/221 265/265/265 225/225/225
f 266/266/266 265/265/265 222/222/222 264/264/264
f 263/263/263 226/226/226 265/265/265 266/266/266
f 228/228/228 227/227/227 223/223/223 224/224/224
f 229/229/229 228/228/228 224/224/224 225/225/225
f 230/230/230 229/229/229 225/225/225 226/226/226
f 232/232/232 231/231/231 227/227/227 228/228/228
f 233/233/233 232/232/232 228/228/228 229/229/229
f 234/234/234 233/233/233 229/229/229 230/230/230
f 236/236/236 235/235/235 231/231/231 232/232/232
f 237/237/237 236/236/236 232/232/232 233/233/233
f 238/238/238 237/237/237 233/233/233 234/234/234
f 267/267/267 236/236/236 240/240/240
f 235/235/235 267/267/267 239/239/239
f 236/236/236 267/267/267 235/235/235
f 268/268/268 237/237/237 241/241/241
f 236/236/236 268/268/268 240/240/240
f 237/237/237 268/268/268 236/236/236
f 269/269/269 238/238/238 242/242/242
f 237/237/237 269/269/269 241/241/241
f 238/238/238 269/269/269 237/237/237
f 248/248/248 270/270/270 273/273/273 271/271/271
f 271/271/271 273/273/273 272/272/272 243/243/243
f 249/249/249 274/274/274 277/277/277 275/275/275
f 275/275/275 277/277/277 276/276/276 244/244/244
f 277/277/277 271/271/271 243/243/243 276/276/276
f 274/274/274 248/248/248 271/271/271 277/277/277
f 250/250/250 278/278/278 281/281/281 279/279/279
f 279/279/279 281/281/281 280/280/280 245/245/245
f 281/281/281 275/275/275 244/244/244 280/280/280
f 278/278/278 249/249/249 275/275/275 281/281/281
f 251/251/251 282/282/282 285/285/285 283/283/283
f 283/283/283 285/285/285 284/284/284 246/246/246
f 285/285/285 279/279/279 245/245/245 284/284/284
f 282/282/282 250/250/250 279/279/279 285/285/285
f 288/288/288 283/283/283 246/246/246 287/287/287
f 286/286/286 251/251/251 283/283/283 288/288/288
f 205/205/205 291/291/291 292/292/292
f 308/308/308 205/205/205 292/292/292
f 308/308/308 289/289/289 254/254/254 309/309/309
f 309/309/309 254/254/254 255/255/255 310/310/310
f 308/308/308 292/292/292 289/289/289
f 211/211/211 215/215/215 254/254/254 289/289/289
f 310/310/310 255/255/255 252/252/252 311/311/311
f 311/311/311 252/252/252 262/262/262 312/312/312
f 312/312/312 262/262/262 260/260/260 313/313/313
f 314/314/314 227/227/227 231/231/231 315/315/315
f 315/315/315 231/231/231 235/235/235 316/316/316
f 260/260/260 314/314/314 313/313/313
f 260/260/260 223/223/223 227/227/227
f 314/314/314 260/260/260 227/227/227
f 210/210/210 307/307/307 306/306/306
f 218/218/218 214/214/214 305/305/305
f 222/222/222 218/218/218 348/348/348
f 210/210/210 350/350/350 307/307/307
f 305/305/305 307/307/307 350/350/350
f 349/349/349 305/305/305 350/350/350
f 218/218/218 305/305/305 349/349/349
f 348/348/348 218/218/218 349/349/349
f 347/347/347 264/264/264 348/348/348
f 264/264/264 222/222/222 348/348/348
f 264/264/264 347/347/347 346/346/346 266/266/266
f 234/234/234 342/342/342 341/341/341 238/238/238
f 230/230/230 226/226/226 263/263/263
f 230/230/230 344/344/344 343/343/343 234/234/234
f 345/345/345 263/263/263 266/266/266 346/346/346
f 344/344/344 263/263/263 345/345/345
f 230/230/230 263/263/263 344/344/344
f 343/343/343 342/342/342 234/234/234
f 235/235/235 317/317/317 316/316/316
f 318/318/318 317/317/317 239/239/239
f 239/239/239 319/319/319 318/318/318
f 267/267/267 319/319/319 239/239/239
f 240/240/240 319/319/319 267/267/267
f 320/320/320 240/240/240 268/268/268
f 320/320/320 241/241/241 321/321/321
f 268/268/268 241/241/241 320/320/320
f 320/320/320 319/319/319 240/240/240
f 329/329/329 244/244/244 330/330/330
f 272/272/272 332/332/332 331/331/331
f 273/273/273 333/333/333 332/332/332 272/272/272
f 330/330/330 243/243/243 272/272/272
f 270/270/270 247/247/247 333/333/333 273/273/273
f 243/243/243 330/330/330 276/276/276
f 276/276/276 330/330/330 244/244/244
f 280/280/280 329/329/329 245/245/245
f 244/244/244 329/329/329 280/280/280
f 272/272/272 331/331/331 330/330/330
f 245/245/245 329/329/329 328/328/328
f 322/322/322 269/269/269 242/242/242
f 238/238/238 341/341/341 340/340/340 242/242/242
f 242/242/242 323/323/323 322/322/322
f 269/269/269 322/322/322 321/321/321
f 321/321/321 241/241/241 269/269/269
f 323/323/323 242/242/242 340/340/340
f 339/339/339 323/323/323 340/340/340
f 338/338/338 325/325/325 324/324/324
f 326/326/326 325/325/325 338/338/338
f 339/339/339 338/338/338 324/324/324
f 323/323/323 339/339/339 324/324/324
f 284/284/284 328/328/328 327/327/327
f 246/246/246 327/327/327 326/326/326
f 327/327/327 246/246/246 284/284/284
f 326/326/326 287/287/287 246/246/246
f 284/284/284 245/245/245 328/328/328
f 337/337/337 287/287/287 326/326/326
f 337/337/337 336/336/336 287/287/287
f 287/287/287 336/336/336 335/335/335 288/288/288
f 334/334/334 286/286/286 288/288/288 335/335/335
f 338/338/338 337/337/337 326/326/326
f 239/239/239 317/317/317 235/235/235
f 359/359/359 351/351/351 356/356/356
f 355/355/355 359/359/359 356/356/356
f 352/352/352 358/358/358 355/355/355
f 359/359/359 355/355/355 358/358/358
f 355/355/355 356/356/356 354/354/354
f 361/361/361 357/357/357 360/360/360
f 356/356/356 361/361/361 354/354/354
f 353/353/353 354/354/354 362/362/362
f 361/361/361 362/362/362 354/354/354
f 357/357/357 361/361/361 356/356/356
f 370/370/370 363/363/363 373/373/373
f 370/370/370 371/371/371 369/369/369
f 368/368/368 369/369/369 372/372/372
f 369/369/369 371/371/371 372/372/372
f 374/374/374 370/370/370 373/373/373
f 366/366/366 374/374/374 364/364/364
f 370/370/370 366/366/366 371/371/371
f 365/365/365 371/371/371 367/367/367
f 366/366/366 367/367/367 371/371/371
f 374/374/374 366/366/366 370/370/370
f 384/384/384 382/382/382 377/377/377 383/383/383
f 381/381/381 384/384/384 383/383/383 378/378/378
f 379/379/379 386/386/386 388/388/388 385/385/385
f 386/386/386 378/378/378 387/387/387 388/388/388
f 390/390/390 381/381/381 378/378/378 386/386/386
f 389/389/389 390/390/390 386/386/386 379/379/379
f 413/413/413 375/375/375 402/402/402
f 413/413/413 402/402/402 377/377/377
f 403/403/403 377/377/377 402/402/402
f 403/403/403 404/404/404 383/383/383 377/377/377
f 412/412/412 413/413/413 377/377/377
f 387/387/387 404/404/404 405/405/405
f 383/383/383 404/404/404 387/387/387
f 405/405/405 406/406/406 388/388/388 387/387/387
f 378/378/378 383/383/383 387/387/387
f 412/412/412 377/377/377 401/401/401
f 401/401/401 377/377/377 382/382/382
f 412/412/412 401/401/401 376/376/376
f 382/382/382 400/400/400 401/401/401
f 399/399/399 400/400/400 382/382/382 384/384/384
f 381/381/381 390/390/390 397/397/397 398/398/398
f 384/384/384 381/381/381 398/398/398 399/399/399
f 385/385/385 407/407/407 408/408/408
f 385/385/385 388/388/388 406/406/406 407/407/407
f 408/408/408 379/379/379 385/385/385
f 416/416/416 379/379/379 408/408/408 409/409/409
f 410/410/410 416/416/416 409/409/409
f 414/414/414 411/411/411 380/380/380
f 417/417/417 410/410/410 411/411/411
f 411/411/411 414/414/414 417/417/417
f 390/390/390 389/389/389 396/396/396 397/397/397
f 389/389/389 395/395/395 396/396/396
f 395/395/395 416/416/416 394/394/394
f 395/395/395 389/389/389 379/379/379
f 416/416/416 417/417/417 392/392/392 393/393/393
f 410/410/410 417/417/417 416/416/416
f 414/414/414 415/415/415 417/417/417
f 415/415/415 392/392/392 417/417/417
f 415/415/415 391/391/391 392/392/392
f 394/394/394 416/416/416 393/393/393
f 379/379/379 416/416/416 395/395/395
f 425/425/425 461/461/461 464/464/464 462/462/462
f 462/462/462 464/464/464 463/463/463 419/419/419
f 468/468/468 462/462/462 419/419/419 420/420/420
f 462/462/462 468/468/468 426/426/426 425/425/425
f 427/427/427 465/465/465 469/469/469 466/466/466
f 466/466/466 469/469/469 467/467/467 421/421/421
f 469/469/469 468/468/468 420/420/420 467/467/467
f 465/465/465 426/426/426 468/468/468 469/469/469
f 428/428/428 470/470/470 473/473/473 471/471/471
f 471/471/471 473/473/473 472/472/472 422/422/422
f 473/473/473 466/466/466 421/421/421 472/472/472
f 470/470/470 427/427/427 466/466/466 473/473/473
f 476/476/476 471/471/471 422/422/422 423/423/423
f 471/471/471 476/476/476 429/429/429 428/428/428
f 477/477/477 476/476/476 423/423/423 475/475/475
f 474/474/474 429/429/429 476/476/476 477/477/477
f 435/435/435 479/479/479 481/481/481 480/480/480
f 480/480/480 481/481/481 478/478/478 430/430/430
f 485/485/485 480/480/480 430/430/430 431/431/431
f 480/480/480 485/485/485 436/436/436 435/435/435
f 437/437/437 482/482/482 486/486/486 483/483/483
f 483/483/483 486/486/486 484/484/484 432/432/432
f 486/486/486 485/485/485 431/431/431 484/484/484
f 482/482/482 436/436/436 485/485/485 486/486/486
f 438/438/438 487/487/487 490/490/490 488/488/488
f 488/488/488 490/490/490 489/489/489 433/433/433
f 490/490/490 483/483/483 432/432/432 489/489/489
f 487/487/487 437/437/437 483/483/483 490/490/490
f 493/493/493 488/488/488 433/433/433 434/434/434
f 488/488/488 493/493/493 439/439/439 438/438/438
f 494/494/494 493/493/493 434/434/434 492/492/492
f 491/491/491 439/439/439 493/493/493 494/494/494
f 441/441/441 440/440/440 435/435/435 436/436/436
f 482/482/482 441/441/441 436/436/436
f 442/442/442 482/482/482 437/437/437
f 441/441/441 482/482/482 442/442/442
f 487/487/487 442/442/442 437/437/437
f 443/443/443 487/487/487 438/438/438
f 442/442/442 487/487/487 443/443/443
f 444/444/444 443/443/443 438/438/438 439/439/439
f 495/495/495 441/441/441 446/446/446
f 440/440/440 495/495/495 445/445/445
f 441/441/441 495/495/495 440/440/440
f 496/496/496 442/442/442 447/447/447
f 441/441/441 496/496/496 446/446/446
f 442/442/442 496/496/496 441/441/441
f 497/497/497 443/443/443 448/448/448
f 442/442/442 497/497/497 447/447/447
f 443/443/443 497/497/497 442/442/442
f 499/499/499 444/444/444 449/449/449
f 443/443/443 499/499/499 448/448/448
f 444/444/444 499/499/499 443/443/443
f 498/498/498 500/500/500 499/499/499 449/449/449
f 502/502/502 498/498/498 449/449/449 501/501/501
f 456/456/456 503/503/503 506/506/506 504/504/504
f 504/504/504 506/506/506 505/505/505 450/450/450
f 510/510/510 504/504/504 450/450/450 451/451/451
f 504/504/504 510/510/510 457/457/457 456/456/456
f 458/458/458 507/507/507 511/511/511 508/508/508
f 508/508/508 511/511/511 509/509/509 452/452/452
f 511/511/511 510/510/510 451/451/451 509/509/509
f 507/507/507 457/457/457 510/510/510 511/511/511
f 459/459/459 512/512/512 515/515/515 513/513/513
f 513/513/513 515/515/515 514/514/514 453/453/453
f 515/515/515 508/508/508 452/452/452 514/514/514
f 512/512/512 458/458/458 508/508/508 515/515/515
f 518/518/518 513/513/513 453/453/453 454/454/454
f 513/513/513 518/518/518 460/460/460 459/459/459
f 519/519/519 518/518/518 454/454/454 517/517/517
f 516/516/516 460/460/460 518/518/518 519/519/519
f 418/418/418 463/463/463 464/464/464 520/520/520
f 461/461/461 522/522/522 521/521/521
f 461/461/461 521/521/521 520/520/520 464/464/464
f 461/461/461 425/425/425 522/522/522
f 539/539/539 425/425/425 426/426/426
f 539/539/539 426/426/426 465/465/465
f 427/427/427 540/540/540 465/465/465
f 539/539/539 465/465/465 540/540/540
f 540/540/540 470/470/470 541/541/541
f 427/427/427 470/470/470 540/540/540
f 539/539/539 522/522/522 425/425/425
f 430/430/430 478/478/478 551/551/551
f 551/551/551 478/478/478 481/481/481 552/552/552
f 550/550/550 430/430/430 551/551/551
f 481/481/481 553/553/553 552/552/552
f 553/553/553 481/481/481 479/479/479
f 479/479/479 554/554/554 553/553/553
f 550/550/550 549/549/549 484/484/484
f 431/431/431 430/430/430 550/550/550
f 431/431/431 550/550/550 484/484/484
f 549/549/549 489/489/489 432/432/432
f 549/549/549 432/432/432 484/484/484
f 435/435/435 440/440/440 479/479/479
f 489/489/489 549/549/549 548/548/548
f 542/542/542 428/428/428 429/429/429
f 428/428/428 542/542/542 541/541/541
f 474/474/474 543/543/543 429/429/429
f 429/429/429 543/543/543 542/542/542
f 428/428/428 541/541/541 470/470/470
f 543/543/543 570/570/570 544/544/544
f 572/572/572 477/477/477 475/475/475 424/424/424
f 571/571/571 474/474/474 477/477/477 572/572/572
f 570/570/570 474/474/474 571/571/571
f 543/543/543 474/474/474 570/570/570
f 570/570/570 569/569/569 544/544/544
f 569/569/569 545/545/545 544/544/544
f 434/434/434 547/547/547 546/546/546
f 546/546/546 545/545/545 568/568/568
f 547/547/547 434/434/434 433/433/433
f 434/434/434 546/546/546 492/492/492
f 548/548/548 547/547/547 433/433/433
f 567/567/567 492/492/492 568/568/568
f 546/546/546 568/568/568 492/492/492
f 566/566/566 494/494/494 492/492/492 567/567/567
f 494/494/494 566/566/566 565/565/565 491/491/491
f 565/565/565 564/564/564 491/491/491
f 491/491/491 444/444/444 439/439/439
f 569/569/569 568/568/568 545/545/545
f 548/548/548 433/433/433 489/489/489
f 440/440/440 555/555/555 554/554/554
f 445/445/445 523/523/523 555/555/555 440/440/440
f 524/524/524 523/523/523 445/445/445
f 446/446/446 524/524/524 495/495/495
f 445/445/445 495/495/495 524/524/524
f 496/496/496 524/524/524 446/446/446
f 525/525/525 496/496/496 447/447/447
f 525/525/525 497/497/497 526/526/526
f 525/525/525 524/524/524 496/496/496
f 497/497/497 448/448/448 526/526/526
f 447/447/447 497/497/497 525/525/525
f 505/505/505 537/537/537 536/536/536
f 506/506/506 538/538/538 537/537/537 505/505/505
f 450/450/450 505/505/505 536/536/536
f 538/538/538 506/506/506 503/503/503 455/455/455
f 451/451/451 450/450/450 535/535/535
f 536/536/536 535/535/535 450/450/450
f 509/509/509 451/451/451 535/535/535
f 509/509/509 534/534/534 452/452/452
f 534/534/534 533/533/533 514/514/514
f 452/452/452 534/534/534 514/514/514
f 534/534/534 509/509/509 535/535/535
f 514/514/514 533/533/533 453/453/453
f 501/501/501 449/449/449 444/444/444
f 499/499/499 500/500/500 527/527/527
f 527/527/527 500/500/500 528/528/528
f 527/527/527 448/448/448 499/499/499
f 527/527/527 526/526/526 448/448/448
f 528/528/528 500/500/500 498/498/498
f 564/564/564 563/563/563 444/444/444
f 563/563/563 501/501/501 444/444/444
f 562/562/562 501/501/501 563/563/563
f 501/501/501 562/562/562 561/561/561 502/502/502
f 502/502/502 528/528/528 498/498/498
f 561/561/561 529/529/529 502/502/502
f 529/529/529 528/528/528 502/502/502
f 444/444/444 491/491/491 564/564/564
f 531/531/531 530/530/530 559/559/559
f 530/530/530 529/529/529 560/560/560
f 532/532/532 453/453/453 533/533/533
f 454/454/454 531/531/531 517/517/517
f 453/453/453 532/532/532 454/454/454
f 532/532/532 531/531/531 454/454/454
f 531/531/531 559/559/559 517/517/517
f 559/559/559 530/530/530 560/560/560
f 558/558/558 517/517/517 559/559/559
f 519/519/519 557/557/557 556/556/556 516/516/516
f 557/557/557 519/519/519 517/517/517 558/558/558
f 561/561/561 560/560/560 529/529/529
f 554/554/554 479/479/479 440/440/440
f 580/580/580 575/575/575 574/574/574 579/579/579
f 581/581/581 576/576/576 575/575/575 580/580/580
f 582/582/582 577/577/577 576/576/576 581/581/581
f 584/584/584 580/580/580 579/579/579 583/583/583
f 585/585/585 581/581/581 580/580/580 584/584/584
f 586/586/586 582/582/582 581/581/581 585/585/585
f 588/588/588 584/584/584 583/583/583 587/587/587
f 589/589/589 585/585/585 584/584/584 588/588/588
f 590/590/590 586/586/586 585/585/585 589/589/589
f 592/592/592 588/588/588 587/587/587 591/591/591
f 593/593/593 589/589/589 588/588/588 592/592/592
f 594/594/594 590/590/590 589/589/589 593/593/593
f 596/596/596 592/592/592 591/591/591 595/595/595
f 597/597/597 593/593/593 592/592/592 596/596/596
f 598/598/598 594/594/594 593/593/593 597/597/597
f 600/600/600 596/596/596 595/595/595 599/599/599
f 601/601/601 597/597/597 596/596/596 600/600/600
f 602/602/602 598/598/598 597/597/597 601/601/601
f 604/604/604 600/600/600 599/599/599 603/603/603
f 605/605/605 601/601/601 600/600/600 604/604/604
f 606/606/606 602/602/602 601/601/601 605/605/605
f 608/608/608 606/606/606 605/605/605 607/607/607
f 614/614/614 610/610/610 609/609/609 613/613/613
f 617/617/617 612/612/612 611/611/611 616/616/616
f 618/618/618 613/613/613 612/612/612 617/617/617
f 619/619/619 614/614/614 613/613/613 618/618/618
f 573/573/573 620/620/620 579/579/579 574/574/574
f 583/583/583 621/621/621 622/622/622
f 579/579/579 620/620/620 621/621/621
f 587/587/587 583/583/583 622/622/622 623/623/623
f 621/621/621 583/583/583 579/579/579
f 624/624/624 587/587/587 623/623/623
f 591/591/591 624/624/624 625/625/625
f 626/626/626 627/627/627 599/599/599 595/595/595
f 599/599/599 627/627/627 628/628/628
f 625/625/625 626/626/626 595/595/595 591/591/591
f 603/603/603 599/599/599 628/628/628 629/629/629
f 648/648/648 604/604/604 603/603/603
f 587/587/587 624/624/624 591/591/591
f 577/577/577 582/582/582 647/647/647 578/578/578
f 586/586/586 590/590/590 644/644/644 645/645/645
f 582/582/582 586/586/586 645/645/645 646/646/646
f 646/646/646 647/647/647 582/582/582
f 644/644/644 590/590/590 643/643/643
f 594/594/594 598/598/598 641/641/641 642/642/642
f 602/602/602 606/606/606 638/638/638 639/639/639
f 598/598/598 602/602/602 640/640/640 641/641/641
f 594/594/594 642/642/642 643/643/643
f 602/602/602 639/639/639 640/640/640
f 590/590/590 594/594/594 643/643/643
f 605/605/605 604/604/604 649/649/649
f 603/603/603 630/630/630 648/648/648
f 604/604/604 648/648/648 649/649/649
f 607/607/607 605/605/605 650/650/650
f 650/650/650 605/605/605 649/649/649
f 609/609/609 658/658/658 659/659/659
f 651/651/651 607/607/607 650/650/650
f 659/659/659 660/660/660 609/609/609
f 611/611/611 662/662/662 663/663/663
f 616/616/616 611/611/611 664/664/664 615/615/615
f 663/663/663 664/664/664 611/611/611
f 661/661/661 662/662/662 611/611/611
f 660/660/660 612/612/612 613/613/613
f 612/612/612 660/660/660 661/661/661
f 611/611/611 612/612/612 661/661/661
f 660/660/660 613/613/613 609/609/609
f 610/610/610 658/658/658 609/609/609
f 652/652/652 608/608/608 651/651/651
f 606/606/606 608/608/608 637/637/637 638/638/638
f 608/608/608 652/652/652 653/653/653
f 636/636/636 608/608/608 653/653/653
f 654/654/654 635/635/635 636/636/636
f 608/608/608 636/636/636 637/637/637
f 655/655/655 635/635/635 654/654/654
f 653/653/653 654/654/654 636/636/636
f 651/651/651 608/608/608 607/607/607
f 610/610/610 656/656/656 657/657/657
f 634/634/634 656/656/656 610/610/610
f 658/658/658 610/610/610 657/657/657
f 610/610/610 614/614/614 633/633/633 634/634/634
f 614/614/614 619/619/619 631/631/631 632/632/632
f 656/656/656 634/634/634 635/635/635
f 614/614/614 632/632/632 633/633/633
f 655/655/655 656/656/656 635/635/635
f 603/603/603 629/629/629 630/630/630
f 671/671/671 667/667/667 666/666/666 670/670/670
f 672/672/672 668/668/668 667/667/667 671/671/671
f 673/673/673 672/672/672 671/671/671
f 678/678/678 675/675/675 674/674/674 677/677/677
f 679/679/679 676/676/676 675/675/675 678/678/678
f 681/681/681 678/678/678 677/677/677 680/680/680
f 682/682/682 679/679/679 678/678/678 681/681/681
f 684/684/684 681/681/681 680/680/680 683/683/683
f 685/685/685 682/682/682 681/681/681 684/684/684
f 687/687/687 684/684/684 683/683/683 686/686/686
f 688/688/688 685/685/685 684/684/684 687/687/687
f 690/690/690 687/687/687 686/686/686 689/689/689
f 691/691/691 688/688/688 687/687/687 690/690/690
f 693/693/693 690/690/690 689/689/689 692/692/692
f 694/694/694 691/691/691 690/690/690 693/693/693
f 696/696/696 693/693/693 692/692/692 695/695/695
f 697/697/697 694/694/694 693/693/693 696/696/696
f 700/700/700 696/696/696 695/695/695 699/699/699
f 701/701/701 697/697/697 696/696/696 700/700/700
f 666/666/666 665/665/665 703/703/703
f 722/722/722 704/704/704 705/705/705
f 670/670/670 703/703/703 704/704/704
f 670/670/670 666/666/666 703/703/703
f 723/723/723 671/671/671 722/722/722
f 670/670/670 722/722/722 671/671/671
f 724/724/724 671/671/671 723/723/723
f 670/670/670 704/704/704 722/722/722
f 674/674/674 735/735/735 736/736/736
f 736/736/736 737/737/737 674/674/674
f 675/675/675 735/735/735 674/674/674
f 673/673/673 671/671/671 724/724/724
f 675/675/675 733/733/733 734/734/734
f 735/735/735 675/675/675 734/734/734
f 675/675/675 676/676/676 733/733/733
f 725/725/725 673/673/673 724/724/724
f 668/668/668 672/672/672 721/721/721 669/669/669
f 727/727/727 673/673/673 726/726/726
f 725/725/725 726/726/726 673/673/673
f 672/672/672 673/673/673 720/720/720 721/721/721
f 720/720/720 673/673/673 719/719/719
f 718/718/718 719/719/719 727/727/727
f 727/727/727 719/719/719 673/673/673
f 730/730/730 717/717/717 729/729/729
f 676/676/676 731/731/731 732/732/732
f 733/733/733 676/676/676 732/732/732
f 716/716/716 730/730/730 731/731/731
f 731/731/731 676/676/676 716/716/716
f 718/718/718 728/728/728 729/729/729
f 727/727/727 728/728/728 718/718/718
f 717/717/717 718/718/718 729/729/729
f 716/716/716 717/717/717 730/730/730
f 716/716/716 676/676/676 715/715/715
f 676/676/676 679/679/679 714/714/714 715/715/715
f 677/677/677 674/674/674 737/737/737 738/738/738
f 677/677/677 738/738/738 739/739/739
f 740/740/740 741/741/741 683/683/683 680/680/680
f 680/680/680 739/739/739 740/740/740
f 680/680/680 677/677/677 739/739/739
f 686/686/686 683/683/683 741/741/741 742/742/742
f 743/743/743 686/686/686 742/742/742
f 689/689/689 743/743/743 744/744/744
f 692/692/692 745/745/745 746/746/746
f 744/744/744 745/745/745 692/692/692 689/689/689
f 699/699/699 695/695/695 747/747/747 698/698/698
f 746/746/746 695/695/695 692/692/692
f 746/746/746 747/747/747 695/695/695
f 686/686/686 743/743/743 689/689/689
f 679/679/679 682/682/682 713/713/713 714/714/714
f 685/685/685 688/688/688 710/710/710 711/711/711
f 682/682/682 685/685/685 712/712/712 713/713/713
f 685/685/685 711/711/711 712/712/712
f 688/688/688 691/691/691 709/709/709 710/710/710
f 691/691/691 694/694/694 708/708/708 709/709/709
f 697/697/697 701/701/701 702/702/702 706/706/706
f 694/694/694 697/697/697 706/706/706 707/707/707
f 707/707/707 708/708/708 694/694/694
f 756/756/756 748/748/748 753/753/753
f 752/752/752 756/756/756 753/753/753
f 749/749/749 755/755/755 752/752/752
f 756/756/756 752/752/752 755/755/755
f 753/753/753 754/754/754 751/751/751 752/752/752
f 758/758/758 754/754/754 757/757/757
f 751/751/751 754/754/754 758/758/758
f 750/750/750 751/751/751 759/759/759
f 758/758/758 759/759/759 751/751/751
f 767/767/767 760/760/760 770/770/770
f 763/763/763 769/769/769 767/767/767
f 765/765/765 766/766/766 769/769/769
f 767/767/767 769/769/769 766/766/766
f 763/763/763 767/767/767 770/770/770
f 763/763/763 771/771/771 761/761/761
f 763/763/763 764/764/764 769/769/769
f 762/762/762 768/768/768 764/764/764
f 764/764/764 768/768/768 769/769/769
f 771/771/771 763/763/763 770/770/770
f 781/781/781 776/776/776 772/772/772
f 780/780/780 776/776/776 781/781/781
f 781/781/781 782/782/782 779/779/779 780/780/780
f 780/780/780 773/773/773 775/775/775
f 776/776/776 780/780/780 775/775/775
f 778/778/778 779/779/779 782/782/782 783/783/783
f 783/783/783 784/784/784 777/777/777 778/778/778
f 784/784/784 785/785/785 786/786/786
f 786/786/786 777/777/777 784/784/784
f 777/777/777 787/787/787 774/774/774
f 777/777/777 786/786/786 787/787/787
f 795/795/795 794/794/794 789/789/789 790/790/790
f 796/796/796 795/795/795 790/790/790 791/791/791
f 797/797/797 796/796/796 791/791/791 792/792/792
f 799/799/799 798/798/798 796/796/796 797/797/797
f 805/805/805 804/804/804 800/800/800 801/801/801
f 807/807/807 806/806/806 802/802/802 803/803/803
f 808/808/808 807/807/807 803/803/803 804/804/804
f 809/809/809 808/808/808 804/804/804 805/805/805
f 811/811/811 810/810/810 806/806/806 807/807/807
f 812/812/812 811/811/811 807/807/807 808/808/808
f 813/813/813 812/812/812 808/808/808 809/809/809
f 815/815/815 814/814/814 810/810/810 811/811/811
f 816/816/816 815/815/815 811/811/811 812/812/812
f 817/817/817 816/816/816 812/812/812 813/813/813
f 819/819/819 818/818/818 814/814/814 815/815/815
f 820/820/820 819/819/819 815/815/815 816/816/816
f 821/821/821 820/820/820 816/816/816 817/817/817
f 823/823/823 822/822/822 818/818/818 819/819/819
f 824/824/824 823/823/823 819/819/819 820/820/820
f 825/825/825 824/824/824 820/820/820 821/821/821
f 827/827/827 826/826/826 822/822/822 823/823/823
f 828/828/828 827/827/827 823/823/823 824/824/824
f 829/829/829 828/828/828 824/824/824 825/825/825
f 832/832/832 831/831/831 826/826/826 827/827/827
f 833/833/833 832/832/832 827/827/827 828/828/828
f 834/834/834 833/833/833 828/828/828 829/829/829
f 789/789/789 835/835/835 788/788/788
f 794/794/794 837/837/837 836/836/836
f 794/794/794 836/836/836 835/835/835
f 835/835/835 789/789/789 794/794/794
f 839/839/839 795/795/795 796/796/796
f 794/794/794 795/795/795 838/838/838
f 838/838/838 795/795/795 839/839/839
f 838/838/838 837/837/837 794/794/794
f 802/802/802 850/850/850 849/849/849
f 850/850/850 802/802/802 851/851/851
f 852/852/852 851/851/851 802/802/802
f 803/803/803 849/849/849 848/848/848
f 840/840/840 839/839/839 798/798/798
f 796/796/796 798/798/798 839/839/839
f 848/848/848 800/800/800 804/804/804
f 800/800/800 848/848/848 847/847/847
f 840/840/840 798/798/798 799/799/799
f 792/792/792 793/793/793 877/877/877 797/797/797
f 842/842/842 841/841/841 799/799/799
f 840/840/840 799/799/799 841/841/841
f 797/797/797 876/876/876 875/875/875 799/799/799
f 797/797/797 877/877/877 876/876/876
f 874/874/874 842/842/842 875/875/875
f 842/842/842 799/799/799 875/875/875
f 845/845/845 844/844/844 873/873/873
f 801/801/801 847/847/847 846/846/846
f 801/801/801 800/800/800 847/847/847
f 845/845/845 801/801/801 846/846/846
f 801/801/801 845/845/845 873/873/873
f 874/874/874 844/844/844 843/843/843
f 842/842/842 874/874/874 843/843/843
f 873/873/873 844/844/844 874/874/874
f 872/872/872 801/801/801 873/873/873
f 871/871/871 805/805/805 801/801/801 872/872/872
f 849/849/849 803/803/803 802/802/802
f 806/806/806 853/853/853 852/852/852
f 854/854/854 810/810/810 814/814/814 855/855/855
f 853/853/853 806/806/806 810/810/810 854/854/854
f 818/818/818 857/857/857 856/856/856 814/814/814
f 855/855/855 814/814/814 856/856/856
f 852/852/852 802/802/802 806/806/806
f 857/857/857 818/818/818 822/822/822 858/858/858
f 826/826/826 860/860/860 859/859/859
f 822/822/822 859/859/859 858/858/858
f 831/831/831 830/830/830 860/860/860 826/826/826
f 859/859/859 822/822/822 826/826/826
f 809/809/809 869/869/869 868/868/868 813/813/813
f 805/805/805 871/871/871 870/870/870 809/809/809
f 869/869/869 809/809/809 870/870/870
f 867/867/867 817/817/817 813/813/813 868/868/868
f 866/866/866 817/817/817 867/867/867
f 821/821/821 866/866/866 865/865/865
f 817/817/817 866/866/866 821/821/821
f 821/821/821 865/865/865 864/864/864 825/825/825
f 825/825/825 864/864/864 863/863/863 829/829/829
f 829/829/829 862/862/862 861/861/861 834/834/834
f 829/829/829 863/863/863 862/862/862
f 848/848/848 804/804/804 803/803/803
f 886/886/886 880/880/880 879/879/879 885/885/885
f 887/887/887 881/881/881 880/880/880 886/886/886
f 888/888/888 882/882/882 881/881/881 887/887/887
f 889/889/889 883/883/883 882/882/882 888/888/888
f 891/891/891 889/889/889 888/888/888 890/890/890
f 898/898/898 893/893/893 892/892/892 897/897/897
f 900/900/900 895/895/895 894/894/894 899/899/899
f 901/901/901 896/896/896 895/895/895 900/900/900
f 902/902/902 897/897/897 896/896/896 901/901/901
f 903/903/903 898/898/898 897/897/897 902/902/902
f 905/905/905 900/900/900 899/899/899 904/904/904
f 906/906/906 901/901/901 900/900/900 905/905/905
f 907/907/907 902/902/902 901/901/901 906/906/906
f 908/908/908 903/903/903 902/902/902 907/907/907
f 910/910/910 908/908/908 907/907/907 909/909/909
f 917/917/917 912/912/912 911/911/911 916/916/916
f 920/920/920 914/914/914 913/913/913 919/919/919
f 921/921/921 915/915/915 914/914/914 920/920/920
f 922/922/922 916/916/916 915/915/915 921/921/921
f 923/923/923 917/917/917 916/916/916 922/922/922
f 925/925/925 879/879/879 878/878/878
f 885/885/885 879/879/879 925/925/925
f 926/926/926 885/885/885 925/925/925
f 927/927/927 885/885/885 926/926/926
f 944/944/944 886/886/886 885/885/885
f 886/886/886 945/945/945 887/887/887
f 890/890/890 888/888/888 946/946/946
f 888/888/888 887/887/887 946/946/946
f 945/945/945 886/886/886 944/944/944
f 944/944/944 885/885/885 927/927/927
f 958/958/958 894/894/894 957/957/957
f 959/959/959 894/894/894 958/958/958
f 899/899/899 894/894/894 959/959/959 960/960/960
f 961/961/961 899/899/899 960/960/960
f 895/895/895 957/957/957 894/894/894
f 947/947/947 890/890/890 946/946/946
f 887/887/887 945/945/945 946/946/946
f 896/896/896 956/956/956 895/895/895
f 955/955/955 956/956/956 896/896/896
f 956/956/956 957/957/957 895/895/895
f 896/896/896 897/897/897 955/955/955
f 883/883/883 889/889/889 943/943/943 884/884/884
f 889/889/889 891/891/891 941/941/941 942/942/942
f 891/891/891 948/948/948 949/949/949
f 948/948/948 891/891/891 890/890/890
f 890/890/890 947/947/947 948/948/948
f 941/941/941 891/891/891 949/949/949
f 942/942/942 943/943/943 889/889/889
f 941/941/941 949/949/949 940/940/940
f 951/951/951 940/940/940 950/950/950
f 940/940/940 949/949/949 950/950/950
f 892/892/892 953/953/953 954/954/954
f 893/893/893 952/952/952 953/953/953
f 955/955/955 897/897/897 892/892/892
f 953/953/953 892/892/892 893/893/893
f 939/939/939 952/952/952 893/893/893
f 951/951/951 952/952/952 939/939/939
f 939/939/939 893/893/893 938/938/938
f 940/940/940 951/951/951 939/939/939
f 936/936/936 937/937/937 898/898/898
f 937/937/937 938/938/938 893/893/893 898/898/898
f 898/898/898 903/903/903 936/936/936
f 954/954/954 955/955/955 892/892/892
f 961/961/961 962/962/962 904/904/904 899/899/899
f 904/904/904 963/963/963 964/964/964
f 962/962/962 963/963/963 904/904/904
f 905/905/905 904/904/904 964/964/964
f 965/965/965 906/906/906 905/905/905
f 966/966/966 907/907/907 906/906/906
f 909/909/909 907/907/907 966/966/966
f 965/965/965 966/966/966 906/906/906
f 966/966/966 967/967/967 909/909/909
f 965/965/965 905/905/905 964/964/964
f 913/913/913 978/978/978 979/979/979
f 980/980/980 913/913/913 979/979/979
f 977/977/977 978/978/978 913/913/913
f 919/919/919 980/980/980 918/918/918
f 913/913/913 980/980/980 919/919/919
f 975/975/975 916/916/916 911/911/911
f 976/976/976 915/915/915 975/975/975
f 976/976/976 914/914/914 915/915/915
f 913/913/913 914/914/914 977/977/977
f 977/977/977 914/914/914 976/976/976
f 915/915/915 916/916/916 975/975/975
f 911/911/911 974/974/974 975/975/975
f 903/903/903 908/908/908 934/934/934 935/935/935
f 908/908/908 910/910/910 933/933/933 934/934/934
f 910/910/910 968/968/968 969/969/969
f 968/968/968 910/910/910 909/909/909
f 909/909/909 967/967/967 968/968/968
f 932/932/932 910/910/910 969/969/969
f 970/970/970 931/931/931 932/932/932
f 910/910/910 932/932/932 933/933/933
f 971/971/971 931/931/931 970/970/970
f 970/970/970 932/932/932 969/969/969
f 936/936/936 903/903/903 935/935/935
f 973/973/973 974/974/974 911/911/911
f 912/912/912 972/972/972 973/973/973
f 911/911/911 912/912/912 973/973/973
f 912/912/912 917/917/917 929/929/929 930/930/930
f 930/930/930 972/972/972 912/912/912
f 930/930/930 931/931/931 972/972/972
f 924/924/924 928/928/928 917/917/917 923/923/923
f 917/917/917 928/928/928 929/929/929
f 971/971/971 972/972/972 931/931/931
f 991/991/991 987/987/987 988/988/988
f 987/987/987 992/992/992 986/986/986
f 989/989/989 990/990/990 988/988/988
f 1016/1016/1016 1003/1003/1003 992/992/992
f 991/991/991 992/992/992 987/987/987
f 1003/1003/1003 985/985/985 992/992/992
f 990/990/990 991/991/991 988/988/988
f 985/985/985 986/986/986 992/992/992
f 984/984/984 996/996/996 983/983/983
f 981/981/981 982/982/982 1015/1015/1015
f 982/982/982 983/983/983 1014/1014/1014
f 996/996/996 984/984/984 985/985/985
f 1001/1001/1001 994/994/994 995/995/995
f 1014/1014/1014 1015/1015/1015 982/982/982
f 996/996/996 1000/1000/1000 995/995/995
f 996/996/996 1014/1014/1014 983/983/983
f 1010/1010/1010 996/996/996 985/985/985
f 1016/1016/1016 1017/1017/1017 1019/1019/1019
f 1004/1004/1004 1008/1008/1008 1003/1003/1003
f 1019/1019/1019 1003/1003/1003 1016/1016/1016
f 1007/1007/1007 1004/1004/1004 1005/1005/1005
f 1010/1010/1010 985/985/985 1003/1003/1003
f 1004/1004/1004 1007/1007/1007 1008/1008/1008
f 1009/1009/1009 1010/1010/1010 1003/1003/1003
f 1009/1009/1009 1003/1003/1003 1008/1008/1008
f 1005/1005/1005 1006/1006/1006 1007/1007/1007
f 996/996/996 1010/1010/1010 1000/1000/1000
f 1012/1012/1012 999/999/999 1000/1000/1000
f 993/993/993 994/994/994 1002/1002/1002
f 1002/1002/1002 994/994/994 1001/1001/1001
f 1001/1001/1001 995/995/995 1000/1000/1000
f 1012/1012/1012 1013/1013/1013 999/999/999
f 997/997/997 998/998/998 1013/1013/1013
f 1013/1013/1013 998/998/998 999/999/999
f 1011/1011/1011 1012/1012/1012 1000/1000/1000
f 1011/1011/1011 1000/1000/1000 1010/1010/1010
f 1019/1019/1019 1017/1017/1017 1018/1018/1018
f 1038/1038/1038 1035/1035/1035 1034/1034/1034
f 1034/1034/1034 1033/1033/1033 1039/1039/1039
f 1036/1036/1036 1035/1035/1035 1037/1037/1037
f 1040/1040/1040 1039/1039/1039 1044/1044/1044
f 1038/1038/1038 1034/1034/1034 1039/1039/1039
f 1027/1027/1027 1023/1023/1023 1039/1039/1039
f 1037/1037/1037 1035/1035/1035 1038/1038/1038
f 1032/1032/1032 1039/1039/1039 1033/1033/1033
f 1031/1031/1031 1030/1030/1030 1027/1027/1027
f 1028/1028/1028 1046/1046/1046 1029/1029/1029
f 1029/1029/1029 1045/1045/1045 1030/1030/1030
f 1027/1027/1027 1032/1032/1032 1031/1031/1031
f 1057/1057/1057 1026/1026/1026 1025/1025/1025
f 1045/1045/1045 1029/1029/1029 1046/1046/1046
f 1027/1027/1027 1026/1026/1026 1023/1023/1023
f 1027/1027/1027 1030/1030/1030 1045/1045/1045
f 1027/1027/1027 1039/1039/1039 1032/1032/1032
f 1040/1040/1040 1043/1043/1043 1041/1041/1041
f 1047/1047/1047 1044/1044/1044 1051/1051/1051
f 1043/1043/1043 1040/1040/1040 1044/1044/1044
f 1050/1050/1050 1048/1048/1048 1047/1047/1047
f 1044/1044/1044 1039/1039/1039 1023/1023/1023
f 1047/1047/1047 1051/1051/1051 1050/1050/1050
f 1052/1052/1052 1044/1044/1044 1053/1053/1053
f 1052/1052/1052 1051/1051/1051 1044/1044/1044
f 1048/1048/1048 1050/1050/1050 1049/1049/1049
f 1023/1023/1023 1053/1053/1053 1044/1044/1044
f 1055/1055/1055 1023/1023/1023 1022/1022/1022
f 1024/1024/1024 1058/1058/1058 1025/1025/1025
f 1058/1058/1058 1057/1057/1057 1025/1025/1025
f 1057/1057/1057 1023/1023/1023 1026/1026/1026
f 1055/1055/1055 1022/1022/1022 1056/1056/1056
f 1020/1020/1020 1056/1056/1056 1021/1021/1021
f 1056/1056/1056 1022/1022/1022 1021/1021/1021
f 1054/1054/1054 1023/1023/1023 1055/1055/1055
f 1054/1054/1054 1053/1053/1053 1023/1023/1023
f 1043/1043/1043 1042/1042/1042 1041/1041/1041
