# Rhino

o object_1
v -3986.002197265625 293.86587524414062 -24307.515625
v -3981.566650390625 296.3563232421875 -24314.572265625
v -3974.944580078125 298.1578369140625 -24317.564453125
v -3965.26708984375 299.23159790039062 -24315.8046875
v -3960.5810546875 298.91592407226562 -24311.6640625
v -3985.859375 292.5447998046875 -24307.84765625
v -3981.40283203125 295.04983520507812 -24314.94921875
v -3974.73876953125 296.86209106445312 -24317.958984375
v -3965.017578125 297.93820190429688 -24316.181640625
v -3960.326171875 297.62103271484375 -24312.03125
v -3985.845458984375 291.16983032226562 -24308.19140625
v -3981.32373046875 293.72048950195312 -24315.431640625
v -3974.52783203125 295.56634521484375 -24318.4921875
v -3964.670654296875 296.6497802734375 -24316.658203125
v -3959.96240234375 296.32785034179688 -24312.48046875
v -3985.97314453125 289.7564697265625 -24308.537109375
v -3981.3388671875 292.38604736328125 -24316.01953125
v -3974.314697265625 294.2900390625 -24319.166015625
v -3964.22216796875 295.38613891601562 -24317.23828125
v -3959.484375 295.05606079101562 -24313.0078125
v -3986.251953125 288.32327270507812 -24308.8828125
v -3981.455810546875 291.06668090820312 -24316.712890625
v -3974.1025390625 293.054443359375 -24319.986328125
v -3963.67041015625 294.16867065429688 -24317.91796875
v -3958.8896484375 293.8271484375 -24313.6171875
v -3986.687255859375 286.89144897460938 -24309.22265625
v -3981.679931640625 289.78421020507812 -24317.5078125
v -3973.894287109375 291.88180541992188 -24320.947265625
v -3963.017578125 293.01953125 -24318.697265625
v -3958.1796875 292.66336059570312 -24314.3046875
v -3987.280029296875 285.48394775390625 -24309.548828125
v -3982.013671875 288.56103515625 -24318.400390625
v -3973.69384765625 290.79409790039062 -24322.04296875
v -3962.2685546875 291.96060180664062 -24319.56640625
v -3957.359375 291.5869140625 -24315.060546875
v -3988.02587890625 284.12442016601562 -24309.857421875
v -3982.456298828125 287.419189453125 -24319.37890625
v -3973.504150390625 289.81216430664062 -24323.2578125
v -3961.43212890625 291.01223754882812 -24320.513671875
v -3956.43701171875 290.6185302734375 -24315.875
v -3988.91650390625 282.8359375 -24310.142578125
v -3983.003173828125 286.37899780273438 -24320.427734375
v -3973.3291015625 288.9542236328125 -24324.578125
v -3960.519775390625 290.19219970703125 -24321.52734375
v -3955.42529296875 289.77642822265625 -24316.740234375
v -3989.937744140625 281.63983154296875 -24310.3984375
v -3983.64599609375 285.45794677734375 -24321.533203125
v -3973.1708984375 288.2349853515625 -24325.982421875
v -3959.5458984375 289.5145263671875 -24322.58984375
v -3954.33984375 289.07510375976562 -24317.640625
v -3984.374267578125 284.66976928710938 -24322.673828125
v -3973.032470703125 287.66473388671875 -24327.4453125
v -3958.526611328125 288.98873901367188 -24323.68359375
v -3953.1982421875 288.52462768554688 -24318.5625
v -3985.17431640625 284.023681640625 -24323.833984375
v -3972.915283203125 287.24893188476562 -24328.9453125
v -3957.479248046875 288.61956787109375 -24324.791015625
v -3952.019775390625 288.13006591796875 -24319.48828125
v -3950.82421875 287.89151000976562 -24320.40625
v -3949.63037109375 287.8043212890625 -24321.302734375
v -3949.03955078125 287.81488037109375 -24321.73828125
v -3948.45556640625 287.85977172851562 -24322.1640625
v -3947.88037109375 287.93734741210938 -24322.578125
v -3947.3154296875 288.04592895507812 -24322.982421875
v -3946.761962890625 288.18362426757812 -24323.373046875
v -3946.221923828125 288.34857177734375 -24323.75
v -3945.686279296875 288.54251098632812 -24324.119140625
v -3945.14697265625 288.76925659179688 -24324.48828125
v -3944.60595703125 289.02972412109375 -24324.8515625
v -3944.064697265625 289.32461547851562 -24325.212890625
v -3943.525390625 289.6544189453125 -24325.56640625
v -3942.990478515625 290.01937866210938 -24325.912109375
v -3941.941650390625 290.85476684570312 -24326.572265625
v -3940.936279296875 291.82748413085938 -24327.18359375
v -3939.9931640625 292.92977905273438 -24327.728515625
v -3939.1298828125 294.14913940429688 -24328.201171875
v -3938.36181640625 295.46878051757812 -24328.587890625
v -3998.661376953125 289.22659301757812 -24336.513671875
v -3945.086181640625 297.67306518554688 -24336.615234375
v -3937.70263671875 296.86834716796875 -24328.8828125
v -3999.48486328125 290.5096435546875 -24336.875
v -3973.694580078125 297.11062622070312 -24346.8984375
v -3944.6416015625 299.14410400390625 -24336.931640625
v -3937.161376953125 298.32489013671875 -24329.08203125
v -4000.2216796875 291.85223388671875 -24337.115234375
v -3973.89599609375 298.58639526367188 -24347.33203125
v -3944.30615234375 300.64566040039062 -24337.134765625
v -3936.744140625 299.81423950195312 -24329.185546875
v -4000.864013671875 293.23135375976562 -24337.234375
v -3974.104736328125 300.07330322265625 -24347.607421875
v -3944.08056640625 302.15338134765625 -24337.22265625
v -3936.45263671875 301.3121337890625 -24329.1953125
v -4001.406982421875 294.62432861328125 -24337.23828125
v -3974.31787109375 301.54833984375 -24347.73046875
v -3943.962890625 303.644287109375 -24337.205078125
v -3936.284423828125 302.7955322265625 -24329.115234375
v -4015.540771484375 285.79208374023438 -24308.306640625
v -4001.640625 295.31924438476562 -24337.19921875
v -3974.4248046875 302.2747802734375 -24347.736328125
v -3943.942626953125 304.3768310546875 -24337.15625
v -3936.244873046875 303.52520751953125 -24329.044921875
v -4015.794921875 286.44796752929688 -24308.1328125
v -4001.849365234375 296.009765625 -24337.134765625
v -3974.531494140625 302.99063110351562 -24347.708984375
v -3943.947265625 305.09759521484375 -24337.083984375
v -3936.23388671875 304.24365234375 -24328.953125
v -4016.013427734375 287.1053466796875 -24307.9609375
v -4002.033203125 296.693603515625 -24337.044921875
v -3974.637451171875 303.69378662109375 -24347.6484375
v -3943.975341796875 305.80447387695312 -24336.990234375
v -3936.25 304.94879150390625 -24328.84375
v -4016.197265625 287.76187133789062 -24307.791015625
v -4002.192626953125 297.36859130859375 -24336.931640625
v -3974.74267578125 304.38229370117188 -24347.5546875
v -3944.026123046875 306.49560546875 -24336.873046875
v -3936.29248046875 305.638671875 -24328.716796875
v -4016.34716796875 288.41525268554688 -24307.623046875
v -4002.328369140625 298.03280639648438 -24336.798828125
v -3974.846435546875 305.05441284179688 -24347.431640625
v -3944.097900390625 307.16925048828125 -24336.736328125
v -3936.359375 306.31161499023438 -24328.576171875
v -4016.46435546875 289.06341552734375 -24307.45703125
v -4002.44091796875 298.68450927734375 -24336.64453125
v -3974.94873046875 305.70870971679688 -24347.28125
v -3944.189697265625 307.82403564453125 -24336.58203125
v -3936.44970703125 306.96615600585938 -24328.41796875
v -4016.5517578125 289.71630859375 -24307.29296875
v -4002.53271484375 299.3338623046875 -24336.466796875
v -3975.051025390625 306.35549926757812 -24347.1015625
v -3944.302490234375 308.4703369140625 -24336.40625
v -3936.56396484375 307.6126708984375 -24328.244140625
v -4016.609375 290.38427734375 -24307.125
v -4002.604736328125 299.99099731445312 -24336.265625
v -3975.15478515625 307.00469970703125 -24346.888671875
v -3944.438232421875 309.11798095703125 -24336.20703125
v -3936.70458984375 308.26104736328125 -24328.05078125
v -4016.635986328125 291.06561279296875 -24306.955078125
v -4002.655517578125 300.65386962890625 -24336.0390625
v -3975.260009765625 307.654052734375 -24346.640625
v -3944.597900390625 309.76473999023438 -24335.982421875
v -3936.87255859375 308.9090576171875 -24327.837890625
v -4016.629638671875 291.758544921875 -24306.783203125
v -4002.68408203125 301.32034301757812 -24335.78515625
v -3975.3662109375 308.30120849609375 -24346.359375
v -3944.781982421875 310.40817260742188 -24335.734375
v -3937.068359375 309.55422973632812 -24327.603515625
v -4016.5888671875 292.46099853515625 -24306.611328125
v -4002.68896484375 301.9881591796875 -24335.50390625
v -3975.472900390625 308.94366455078125 -24346.04296875
v -3944.990966796875 311.04574584960938 -24335.4609375
v -3937.29296875 310.194091796875 -24327.349609375
v -4016.512451171875 293.17074584960938 -24306.439453125
v -4002.669189453125 302.65481567382812 -24335.197265625
v -3975.580078125 309.57879638671875 -24345.689453125
v -3945.22509765625 311.67477416992188 -24335.1640625
v -3937.546630859375 310.82601928710938 -24327.07421875
v -4002.552490234375 303.97418212890625 -24334.50390625
v -3975.793212890625 310.81610107421875 -24344.876953125
v -3945.76904296875 312.89620971679688 -24334.494140625
v -3938.14111328125 312.054931640625 -24326.46484375
v -3976.002685546875 311.99087524414062 -24343.92578125
v -3946.412841796875 314.05014038085938 -24333.728515625
v -3938.85107421875 313.21871948242188 -24325.779296875
v -3976.20458984375 313.08090209960938 -24342.83984375
v -3947.151611328125 315.1143798828125 -24332.873046875
v -3939.67138671875 314.295166015625 -24325.0234375
v -3976.3955078125 314.06527709960938 -24341.634765625
v -3947.977294921875 316.06829833984375 -24331.94140625
v -3940.59375 315.2635498046875 -24324.20703125
v -3976.572021484375 314.9256591796875 -24340.326171875
v -3948.87890625 316.893798828125 -24330.943359375
v -3941.60546875 316.10565185546875 -24323.341796875
v -3976.731201171875 315.64718627929688 -24338.931640625
v -3949.842529296875 317.57662963867188 -24329.89453125
v -3942.69091796875 316.80697631835938 -24322.443359375
v -3976.87060546875 316.219482421875 -24337.4765625
v -3950.8525390625 318.10699462890625 -24328.8125
v -3943.83251953125 317.35745239257812 -24321.521484375
v -3945.010986328125 317.75201416015625 -24320.595703125
v -3946.20654296875 317.99057006835938 -24319.677734375
v -3947.400390625 318.0777587890625 -24318.78125
v -3947.9912109375 318.06719970703125 -24318.345703125
v -3948.5751953125 318.02230834960938 -24317.919921875
v -3949.150390625 317.94473266601562 -24317.50390625
v -3949.715576171875 317.83615112304688 -24317.1015625
v -3950.268798828125 317.69842529296875 -24316.7109375
v -3950.808837890625 317.53350830078125 -24316.333984375
v -3951.344482421875 317.33956909179688 -24315.962890625
v -3951.8837890625 317.11279296875 -24315.595703125
v -3952.425048828125 316.85235595703125 -24315.23046875
v -3952.966064453125 316.55746459960938 -24314.87109375
v -3953.50537109375 316.2276611328125 -24314.517578125
v -3954.040283203125 315.86270141601562 -24314.171875
v -3955.089111328125 315.02731323242188 -24313.509765625
v -3956.094482421875 314.05459594726562 -24312.900390625
v -3994.91162109375 304.98208618164062 -24304.4140625
v -3962.365966796875 313.41641235351562 -24317.4765625
v -3957.03759765625 312.95230102539062 -24312.353515625
v -3993.498779296875 304.29763793945312 -24304.640625
v -3987.207275390625 308.11575317382812 -24315.775390625
v -3976.732177734375 310.89279174804688 -24320.224609375
v -3963.10693359375 312.17233276367188 -24316.83203125
v -3957.90087890625 311.73294067382812 -24311.8828125
v -3992.159912109375 303.47280883789062 -24304.8984375
v -3986.24658203125 307.015869140625 -24315.18359375
v -3976.572509765625 309.59109497070312 -24319.333984375
v -3963.76318359375 310.82907104492188 -24316.283203125
v -3958.6689453125 310.41329956054688 -24311.49609375
v -3990.917236328125 302.51962280273438 -24305.18359375
v -3985.347412109375 305.81439208984375 -24314.703125
v -3976.3955078125 308.20736694335938 -24318.583984375
v -3964.3232421875 309.407470703125 -24315.83984375
v -3959.328369140625 309.01373291015625 -24311.201171875
v -3989.7900390625 301.45425415039062 -24305.490234375
v -3984.52392578125 304.53131103515625 -24314.341796875
v -3976.203857421875 306.764404296875 -24317.984375
v -3964.778564453125 307.93087768554688 -24315.5078125
v -3959.869384765625 307.55718994140625 -24311.001953125
v -3988.794189453125 300.29592895507812 -24305.81640625
v -3983.78662109375 303.18869018554688 -24314.1015625
v -3976.001220703125 305.28628540039062 -24317.541015625
v -3965.124267578125 306.42401123046875 -24315.291015625
v -3960.28662109375 306.06784057617188 -24310.8984375
v -3987.9404296875 299.06610107421875 -24306.15234375
v -3983.14404296875 301.80950927734375 -24313.982421875
v -3975.791015625 303.79727172851562 -24317.255859375
v -3965.35888671875 304.91146850585938 -24315.189453125
v -3960.578125 304.5699462890625 -24310.888671875
v -3987.2353515625 297.78692626953125 -24306.49609375
v -3982.600830078125 300.41653442382812 -24313.978515625
v -3975.576904296875 302.32049560546875 -24317.125
v -3965.484130859375 303.41659545898438 -24315.197265625
v -3960.746337890625 303.0865478515625 -24310.96875
v -3986.68017578125 296.48040771484375 -24306.841796875
v -3982.158447265625 299.03106689453125 -24314.08203125
v -3975.362548828125 300.87692260742188 -24317.142578125
v -3965.50537109375 301.96035766601562 -24315.30859375
v -3960.797119140625 301.638427734375 -24311.130859375
v -3986.271484375 295.16720581054688 -24307.181640625
v -3981.815185546875 297.6722412109375 -24314.283203125
v -3975.15087890625 299.4844970703125 -24317.29296875
v -3965.429931640625 300.56060791015625 -24315.515625
v -3960.73828125 300.243408203125 -24311.365234375
v -3986.002197265625 293.86587524414062 -24307.515625
v -3981.566650390625 296.3563232421875 -24314.572265625
v -3974.944580078125 298.1578369140625 -24317.564453125
v -3965.26708984375 299.23159790039062 -24315.8046875
v -3960.5810546875 298.91592407226562 -24311.6640625
v -3985.96240234375 290.96725463867188 -24301.705078125
v -3985.91552734375 293.21292114257812 -24307.6796875
v -3986.1123046875 292.29385375976562 -24301.396484375
v -3986.02392578125 291.6395263671875 -24301.556640625
v -3985.92724609375 289.57501220703125 -24301.96484375
v -3985.83544921875 291.8631591796875 -24308.01953125
v -3985.9296875 290.27847290039062 -24301.841796875
v -3986.01806640625 288.13174438476562 -24302.171875
v -3985.89111328125 290.46685791015625 -24308.36328125
v -3985.956298828125 288.85867309570312 -24302.076171875
v -3986.2431640625 286.655517578125 -24302.314453125
v -3986.09326171875 289.04107666015625 -24308.7109375
v -3986.11328125 287.396484375 -24302.251953125
v -3986.6083984375 285.1673583984375 -24302.388671875
v -3986.449951171875 287.60577392578125 -24309.0546875
v -3986.408203125 285.91152954101562 -24302.361328125
v -3987.114501953125 283.6904296875 -24302.388671875
v -3986.964111328125 286.18319702148438 -24309.388671875
v -3986.843994140625 284.42599487304688 -24302.3984375
v -3987.758544921875 282.24908447265625 -24302.3125
v -3987.63427734375 284.79672241210938 -24309.70703125
v -3987.419677734375 282.96377563476562 -24302.361328125
v -3988.532470703125 280.867431640625 -24302.158203125
v -3988.453857421875 283.46990966796875 -24310.00390625
v -3988.1298828125 281.54931640625 -24302.24609375
v -3989.4248046875 279.56826782226562 -24301.9296875
v -3989.411865234375 282.22512817382812 -24310.275390625
v -3988.964599609375 280.20620727539062 -24302.052734375
v -3992.98583984375 302.22607421875 -24296.171875
v -3994.197509765625 304.65798950195312 -24304.5234375
v -3994.25927734375 302.79934692382812 -24295.421875
v -3993.615966796875 302.53173828125 -24295.796875
v -3991.77587890625 301.50430297851562 -24296.9140625
v -3992.81884765625 303.90213012695312 -24304.765625
v -3992.37158203125 301.88320922851562 -24296.544921875
v -3990.649658203125 300.644287109375 -24297.638671875
v -3991.525390625 303.01132202148438 -24305.037109375
v -3991.201171875 301.09072875976562 -24297.279296875
v -3989.62451171875 299.66073608398438 -24298.330078125
v -3990.338134765625 301.99981689453125 -24305.333984375
v -3990.12353515625 300.1668701171875 -24297.98828125
v -3988.71533203125 298.57183837890625 -24298.982421875
v -3989.27490234375 300.88540649414062 -24305.65234375
v -3989.15478515625 299.12820434570312 -24298.662109375
v -3987.931640625 297.39834594726562 -24299.583984375
v -3988.348876953125 299.68856811523438 -24305.982421875
v -3988.307373046875 297.99432373046875 -24299.291015625
v -3987.280029296875 296.1622314453125 -24300.130859375
v -3987.569091796875 298.43130493164062 -24306.32421875
v -3987.58935546875 296.78671264648438 -24299.865234375
v -3986.761962890625 294.88558959960938 -24300.615234375
v -3986.939208984375 297.13577270507812 -24306.669921875
v -3987.00439453125 295.52761840820312 -24300.380859375
v -3986.374755859375 293.58963012695312 -24301.037109375
v -3986.457763671875 295.82342529296875 -24307.01171875
v -3986.55224609375 294.23876953125 -24300.833984375
v -3986.1123046875 292.29385375976562 -24301.396484375
v -3986.119873046875 294.51397705078125 -24307.349609375
v -3986.228271484375 292.94061279296875 -24301.224609375
v -3983.556396484375 291.25140380859375 -24295.71484375
v -3983.399169921875 289.9239501953125 -24296.013671875
v -3983.340576171875 288.52899169921875 -24296.25
v -3983.39111328125 287.08090209960938 -24296.412109375
v -3983.559326171875 285.5975341796875 -24296.490234375
v -3984.26806640625 282.6103515625 -24296.37890625
v -3985.468505859375 279.75430297851562 -24295.8828125
v -3987.099853515625 277.2152099609375 -24295.025390625
v -3989.048095703125 275.14010620117188 -24293.869140625
v -3990.096923828125 274.30471801757812 -24293.20703125
v -3991.17138671875 273.60989379882812 -24292.5078125
v -3992.253662109375 273.0545654296875 -24291.783203125
v -3993.32861328125 272.63385009765625 -24291.044921875
v -3994.421875 272.33120727539062 -24290.27734375
v -3995.562255859375 272.14505004882812 -24289.458984375
v -3996.737060546875 272.08956909179688 -24288.59765625
v -3997.930908203125 272.1767578125 -24287.701171875
v -4000.3046875 272.80984497070312 -24285.857421875
v -4002.53173828125 274.06155395507812 -24284.037109375
v -4004.4658203125 275.87203979492188 -24282.35546875
v -4005.996337890625 278.1123046875 -24280.9140625
v -4006.5908203125 279.34124755859375 -24280.3046875
v -4007.069091796875 280.61306762695312 -24279.775390625
v -4007.432861328125 281.90625 -24279.328125
v -4007.687744140625 283.20120239257812 -24278.9609375
v -4007.844970703125 284.52865600585938 -24278.662109375
v -4007.903564453125 285.92361450195312 -24278.42578125
v -4007.85302734375 287.3717041015625 -24278.263671875
v -4007.684814453125 288.8551025390625 -24278.18359375
v -4006.97607421875 291.84225463867188 -24278.296875
v -4005.775634765625 294.69830322265625 -24278.79296875
v -4004.144287109375 297.23739624023438 -24279.650390625
v -4002.196044921875 299.3125 -24280.806640625
v -4001.147216796875 300.14788818359375 -24281.466796875
v -4000.07275390625 300.84271240234375 -24282.166015625
v -3998.990478515625 301.3980712890625 -24282.890625
v -3997.91552734375 301.81878662109375 -24283.62890625
v -3996.822265625 302.12142944335938 -24284.396484375
v -3995.681884765625 302.30758666992188 -24285.21484375
v -3994.507080078125 302.363037109375 -24286.078125
v -3993.313232421875 302.27584838867188 -24286.97265625
v -3990.939453125 301.64279174804688 -24288.81640625
v -3988.71240234375 300.39105224609375 -24290.638671875
v -3986.7783203125 298.58059692382812 -24292.3203125
v -3985.247802734375 296.34033203125 -24293.76171875
v -3984.6533203125 295.11135864257812 -24294.37109375
v -3984.175048828125 293.83956909179688 -24294.900390625
v -3983.811279296875 292.54635620117188 -24295.34765625
v -3983.556396484375 291.25140380859375 -24295.71484375
v -4010.22509765625 304.18399047851562 -24317.986328125
v -4010.378662109375 303.97943115234375 -24318.16015625
v -4010.544677734375 303.74124145507812 -24318.375
v -4011.00341796875 302.9312744140625 -24319.2265625
v -4011.2119140625 302.38912963867188 -24319.9140625
v -4011.31787109375 301.91534423828125 -24320.619140625
v -4011.271728515625 301.13827514648438 -24322.123046875
v -4011.21875 301.00225830078125 -24322.46484375
v -4011.17138671875 300.91265869140625 -24322.712890625
v -4011.106201171875 300.81640625 -24323.0078125
v -4010.634033203125 300.50152587890625 -24324.505859375
v -4010.2314453125 300.46066284179688 -24325.427734375
v -4009.237548828125 300.76113891601562 -24327.15234375
v -4009.048583984375 300.86312866210938 -24327.423828125
v -4007.96337890625 301.6524658203125 -24328.71484375
v -4007.240478515625 302.33761596679688 -24329.3515625
v -4006.890869140625 302.7066650390625 -24329.59765625
v -4005.991455078125 303.74920654296875 -24330.041015625
v -4005.641845703125 304.18466186523438 -24330.13671875
v -4005.179931640625 304.78073120117188 -24330.19140625
v -4004.732666015625 305.37591552734375 -24330.1640625
v -4004.70556640625 305.41241455078125 -24330.16015625
v -4003.72412109375 306.75662231445312 -24329.77734375
v -4003.1083984375 307.60690307617188 -24329.27734375
v -4002.87109375 307.9237060546875 -24329.037109375
v -4001.989990234375 308.94229125976562 -24328.169921875
v -4001.017578125 309.82962036132812 -24327.267578125
v -4001.014892578125 309.83175659179688 -24327.265625
v -3999.957275390625 310.5804443359375 -24326.357421875
v -3998.822021484375 311.1907958984375 -24325.4609375
v -3998.17578125 311.464599609375 -24324.98046875
v -3997.63330078125 311.65826416015625 -24324.587890625
v -3997.027587890625 311.83810424804688 -24324.162109375
v -3996.419677734375 311.98208618164062 -24323.7421875
v -3995.813720703125 312.09048461914062 -24323.328125
v -3995.275390625 312.15774536132812 -24322.9609375
v -3995.2138671875 312.16366577148438 -24322.919921875
v -3994.624267578125 312.2021484375 -24322.515625
v -3994.04931640625 312.20663452148438 -24322.115234375
v -3993.482421875 312.17703247070312 -24321.7109375
v -3992.918212890625 312.11090087890625 -24321.291015625
v -3992.363037109375 312.00521850585938 -24320.857421875
v -3991.823486328125 311.85693359375 -24320.40625
v -3991.30810546875 311.66275024414062 -24319.93359375
v -3990.82568359375 311.41921997070312 -24319.4375
v -3990.00732421875 310.76736450195312 -24318.34375
v -3989.833251953125 310.55145263671875 -24318.01953125
v -3989.639892578125 310.23080444335938 -24317.55859375
v -3989.49755859375 309.85409545898438 -24317.03125
v -3989.445556640625 309.1754150390625 -24316.08203125
v -3989.63671875 308.53289794921875 -24315.125
v -3989.67236328125 308.46517944335938 -24315.017578125
v -3989.992431640625 308.02783203125 -24314.267578125
v -3990.423095703125 307.667724609375 -24313.533203125
v -3990.5859375 307.56832885742188 -24313.294921875
v -3991.2353515625 307.2967529296875 -24312.486328125
v -3991.989501953125 307.14999389648438 -24311.740234375
v -3992.4912109375 307.11953735351562 -24311.328125
v -3994.474365234375 307.29818725585938 -24310.25390625
v -3994.600341796875 307.31918334960938 -24310.2109375
v -3994.678955078125 307.33261108398438 -24310.185546875
v -3996.2802734375 307.63812255859375 -24309.91015625
v -3997.7958984375 307.92593383789062 -24310.001953125
v -3998.511474609375 308.0438232421875 -24310.1484375
v -3999.202880859375 308.14059448242188 -24310.345703125
v -3999.871337890625 308.21463012695312 -24310.5859375
v -4000.517578125 308.26495361328125 -24310.857421875
v -4001.142578125 308.29104614257812 -24311.15625
v -4001.74609375 308.2928466796875 -24311.474609375
v -4002.33984375 308.26995849609375 -24311.814453125
v -4002.71728515625 308.24160766601562 -24312.041015625
v -4002.93310546875 308.2203369140625 -24312.17578125
v -4003.525634765625 308.141845703125 -24312.55859375
v -4004.115966796875 308.03244018554688 -24312.958984375
v -4004.570556640625 307.92538452148438 -24313.279296875
v -4004.70263671875 307.89031982421875 -24313.373046875
v -4005.28466796875 307.71389770507812 -24313.798828125
v -4006.427490234375 307.25308227539062 -24314.669921875
v -4007.529052734375 306.64404296875 -24315.55078125
v -4008.57080078125 305.8878173828125 -24316.427734375
v -4009.530029296875 304.99334716796875 -24317.29296875
v -3954.788330078125 316.9466552734375 -24317.373046875
v -3954.85986328125 316.84188842773438 -24317.162109375
v -3954.9599609375 316.72494506835938 -24316.951171875
v -3955.216552734375 316.48858642578125 -24316.6015625
v -3955.327880859375 316.40093994140625 -24316.49609375
v -3955.738525390625 316.12060546875 -24316.236328125
v -3956.177734375 315.87124633789062 -24316.109375
v -3956.755615234375 315.60354614257812 -24316.1015625
v -3956.88671875 315.55166625976562 -24316.12109375
v -3957.017822265625 315.50311279296875 -24316.146484375
v -3957.14892578125 315.4580078125 -24316.177734375
v -3957.279296875 315.41647338867188 -24316.216796875
v -3965.995849609375 318.24432373046875 -24328.830078125
v -3966.015625 318.31234741210938 -24329.33984375
v -3966.012939453125 318.322265625 -24329.419921875
v -3965.92333984375 318.3992919921875 -24330.1328125
v -3965.751953125 318.44659423828125 -24330.728515625
v -3965.7158203125 318.45254516601562 -24330.82421875
v -3965.385986328125 318.48080444335938 -24331.4921875
v -3965.05810546875 318.48526000976562 -24331.958984375
v -3964.279296875 318.461181640625 -24332.70703125
v -3964.031982421875 318.44927978515625 -24332.875
v -3963.9287109375 318.444091796875 -24332.9375
v -3962.672119140625 318.384765625 -24333.41015625
v -3961.941162109375 318.36434936523438 -24333.4765625
v -3961.94091796875 318.36431884765625 -24333.4765625
v -3961.5126953125 318.36053466796875 -24333.447265625
v -3960.476806640625 318.38525390625 -24333.154296875
v -3959.57373046875 318.46023559570312 -24332.57421875
v -3959.422607421875 318.47940063476562 -24332.43359375
v -3959.3544921875 318.48880004882812 -24332.365234375
v -3959.333251953125 318.49185180664062 -24332.34375
v -3958.5712890625 318.64663696289062 -24331.150390625
v -3958.116943359375 318.75198364257812 -24330.0390625
v -3957.81640625 318.79470825195312 -24329.3203125
v -3957.1640625 318.82418823242188 -24327.7578125
v -3956.6865234375 318.79330444335938 -24326.580078125
v -3956.621337890625 318.7855224609375 -24326.416015625
v -3956.573486328125 318.77926635742188 -24326.294921875
v -3956.22802734375 318.7188720703125 -24325.39453125
v -3955.8037109375 318.60272216796875 -24324.208984375
v -3955.679443359375 318.55792236328125 -24323.837890625
v -3955.42724609375 318.44741821289062 -24323.0390625
v -3955.111572265625 318.25650024414062 -24321.90234375
v -3955.0107421875 318.17617797851562 -24321.484375
v -3954.86865234375 318.03424072265625 -24320.814453125
v -3954.706298828125 317.78070068359375 -24319.779296875
v -3954.658935546875 317.6402587890625 -24319.27734375
v -3954.637939453125 317.49472045898438 -24318.802734375
v -3954.6416015625 317.36532592773438 -24318.416015625
v -3954.681884765625 317.1800537109375 -24317.916015625
v -3957.482421875 315.35714721679688 -24316.2890625
v -3958.20361328125 315.18704223632812 -24316.607421875
v -3958.969482421875 315.07080078125 -24317.041015625
v -3959.7080078125 315.01950073242188 -24317.529296875
v -3961.029296875 315.08209228515625 -24318.55859375
v -3961.0986328125 315.09121704101562 -24318.619140625
v -3961.78271484375 315.21487426757812 -24319.240234375
v -3962.42626953125 315.39190673828125 -24319.892578125
v -3962.870361328125 315.55267333984375 -24320.390625
v -3963.693603515625 315.94866943359375 -24321.46484375
v -3964.330078125 316.36282348632812 -24322.50390625
v -3964.5341796875 316.5208740234375 -24322.8984375
v -3964.75830078125 316.71124267578125 -24323.380859375
v -3964.861328125 316.80551147460938 -24323.623046875
v -3965.0830078125 317.0247802734375 -24324.203125
v -3965.33349609375 317.30426025390625 -24324.9921875
v -3965.5283203125 317.55032348632812 -24325.755859375
v -3965.680908203125 317.76364135742188 -24326.5
v -3965.78857421875 317.92559814453125 -24327.142578125
v -3965.801025390625 317.94497680664062 -24327.224609375
v -3965.898681640625 318.09768676757812 -24327.94921875
v -3965.98095703125 318.22314453125 -24328.68359375
v -3976.552490234375 314.02517700195312 -24323.337890625
v -3976.92724609375 313.1846923828125 -24322.361328125
v -3976.982666015625 313.10507202148438 -24322.279296875
v -3977.09619140625 312.95703125 -24322.126953125
v -3977.690185546875 312.38668823242188 -24321.576171875
v -3978.468994140625 311.93572998046875 -24321.1640625
v -3978.935791015625 311.77001953125 -24321.009765625
v -3979.011474609375 311.74917602539062 -24320.990234375
v -3980.04150390625 311.60952758789062 -24320.8359375
v -3981.08642578125 311.7049560546875 -24320.890625
v -3981.12939453125 311.71347045898438 -24320.8984375
v -3982.251708984375 312.06222534179688 -24321.23828125
v -3982.6640625 312.25384521484375 -24321.45703125
v -3983.474609375 312.75656127929688 -24322.130859375
v -3983.774169921875 313.00527954101562 -24322.513671875
v -3983.972412109375 313.2042236328125 -24322.845703125
v -3984.16064453125 313.44110107421875 -24323.271484375
v -3984.33154296875 313.77215576171875 -24323.919921875
v -3984.37890625 314.005615234375 -24324.416015625
v -3984.38427734375 314.09588623046875 -24324.615234375
v -3984.402587890625 314.39126586914062 -24325.32421875
v -3984.41552734375 314.65151977539062 -24326.03125
v -3984.418701171875 314.87860107421875 -24326.736328125
v -3984.4072265625 315.0745849609375 -24327.4375
v -3984.376708984375 315.24444580078125 -24328.1484375
v -3984.3203125 315.39132690429688 -24328.8828125
v -3984.230224609375 315.51495361328125 -24329.638671875
v -3984.1259765625 315.59814453125 -24330.26953125
v -3984.09716796875 315.6153564453125 -24330.41796875
v -3984.027099609375 315.65005493164062 -24330.744140625
v -3983.90966796875 315.69302368164062 -24331.21875
v -3983.65283203125 315.74929809570312 -24332.041015625
v -3982.83544921875 315.80996704101562 -24333.75
v -3981.8623046875 315.83908081054688 -24334.9921875
v -3981.202880859375 315.86895751953125 -24335.568359375
v -3980.891845703125 315.88858032226562 -24335.787109375
v -3979.6591796875 316.01004028320312 -24336.376953125
v -3978.320068359375 316.234619140625 -24336.56640625
v -3977.625 316.39511108398438 -24336.474609375
v -3976.97021484375 316.57733154296875 -24336.240234375
v -3976.562744140625 316.70773315429688 -24336
v -3975.94775390625 316.93267822265625 -24335.439453125
v -3975.48388671875 317.12786865234375 -24334.73828125
v -3975.376953125 317.17623901367188 -24334.513671875
v -3974.977783203125 317.36160278320312 -24333.01953125
v -3974.918701171875 317.3770751953125 -24332.283203125
v -3974.921142578125 317.34796142578125 -24331.560546875
v -3974.969970703125 317.27816772460938 -24330.849609375
v -3975.0537109375 317.171142578125 -24330.15625
v -3975.163330078125 317.02999877929688 -24329.4765625
v -3975.167724609375 317.02420043945312 -24329.453125
v -3975.291259765625 316.85772705078125 -24328.81640625
v -3975.433837890625 316.65328979492188 -24328.162109375
v -3975.58837890625 316.41329956054688 -24327.50390625
v -3975.7509765625 316.13735961914062 -24326.84375
v -3975.916259765625 315.82546997070312 -24326.185546875
v -3976.079345703125 315.47769165039062 -24325.52734375
v -3976.23486328125 315.09457397460938 -24324.876953125
v -3976.505126953125 314.22531127929688 -24323.599609375
v -4011.7607421875 283.0340576171875 -24315.779296875
v -4011.941650390625 283.13949584960938 -24315.576171875
v -4012.56103515625 283.44577026367188 -24314.689453125
v -4013.041015625 283.57565307617188 -24313.6796875
v -4013.1416015625 283.57916259765625 -24313.40625
v -4013.433837890625 283.47344970703125 -24312.314453125
v -4013.55908203125 283.22174072265625 -24311.33984375
v -4013.56787109375 283.1607666015625 -24311.16796875
v -4013.5302734375 282.71731567382812 -24310.189453125
v -4013.33837890625 282.1407470703125 -24309.302734375
v -4013.298583984375 282.050048828125 -24309.1875
v -4012.794921875 281.15084838867188 -24308.279296875
v -4012.532958984375 280.77853393554688 -24308.005859375
v -4011.73486328125 283.01852416992188 -24315.806640625
v -4011.741455078125 283.02239990234375 -24315.798828125
v -4011.747802734375 283.02630615234375 -24315.79296875
v -4011.75439453125 283.03018188476562 -24315.78515625
v -3994.658203125 276.81878662109375 -24305.521484375
v -3994.1064453125 277.10891723632812 -24305.513671875
v -3993.652099609375 277.3870849609375 -24305.55859375
v -3992.42919921875 278.347900390625 -24305.986328125
v -3992.281005859375 278.48953247070312 -24306.080078125
v -3991.849853515625 278.94058227539062 -24306.419921875
v -3991.44189453125 279.42770385742188 -24306.875
v -3991.295166015625 279.619873046875 -24307.08203125
v -3990.880615234375 280.21878051757812 -24307.8671875
v -3990.600830078125 280.68020629882812 -24308.685546875
v -3990.398681640625 281.0576171875 -24309.65234375
v -3990.31005859375 281.2591552734375 -24310.478515625
v -3990.30078125 281.37814331054688 -24311.6015625
v -3990.379638671875 281.36294555664062 -24312.42578125
v -3990.518310546875 281.28305053710938 -24313.146484375
v -3990.62939453125 281.212158203125 -24313.55078125
v -3991.195068359375 280.859375 -24314.830078125
v -3991.279296875 280.81002807617188 -24314.96484375
v -3991.3740234375 280.7557373046875 -24315.10546875
v -3991.833251953125 280.5072021484375 -24315.666015625
v -3992.302978515625 280.27560424804688 -24316.091796875
v -3993.5234375 279.75341796875 -24316.755859375
v -3993.532958984375 279.749755859375 -24316.759765625
v -3994.200439453125 279.50595092773438 -24316.97265625
v -3994.879150390625 279.29052734375 -24317.154296875
v -3995.564208984375 279.10452270507812 -24317.3125
v -3996.25146484375 278.94839477539062 -24317.44921875
v -3996.927001953125 278.8238525390625 -24317.56640625
v -3996.937255859375 278.82220458984375 -24317.56640625
v -3997.618408203125 278.72564697265625 -24317.669921875
v -3998.304443359375 278.65707397460938 -24317.763671875
v -3999.005859375 278.61663818359375 -24317.84765625
v -3999.720703125 278.60629272460938 -24317.923828125
v -4000.446533203125 278.62783813476562 -24317.990234375
v -4001.181396484375 278.68267822265625 -24318.05078125
v -4001.9228515625 278.77197265625 -24318.1015625
v -4003.416748046875 279.05654907226562 -24318.16796875
v -4003.876953125 279.17257690429688 -24318.17578125
v -4004.911376953125 279.48239135742188 -24318.171875
v -4006.390625 280.04254150390625 -24318.08203125
v -4007.260498046875 280.43508911132812 -24317.96875
v -4007.84033203125 280.72161865234375 -24317.857421875
v -4009.249755859375 281.49453735351562 -24317.439453125
v -4010.614013671875 282.32305908203125 -24316.740234375
v -4012.080078125 280.21197509765625 -24307.666015625
v -4011.703125 279.79241943359375 -24307.455078125
v -4010.4765625 278.6556396484375 -24307.02734375
v -4009.149169921875 277.70611572265625 -24306.80078125
v -4008.828125 277.51034545898438 -24306.767578125
v -4007.747314453125 276.93267822265625 -24306.68359375
v -4006.295166015625 276.32821655273438 -24306.615234375
v -4004.816162109375 275.88546752929688 -24306.5546875
v -4003.33349609375 275.59600830078125 -24306.4765625
v -4002.597412109375 275.50582885742188 -24306.42578125
v -4001.867919921875 275.45028686523438 -24306.365234375
v -4001.1474609375 275.4281005859375 -24306.298828125
v -4000.438232421875 275.43795776367188 -24306.224609375
v -3999.7421875 275.47842407226562 -24306.14453125
v -3999.06103515625 275.54818725585938 -24306.05859375
v -3998.46875 275.63375854492188 -24305.982421875
v -3998.38427734375 275.64785766601562 -24305.970703125
v -3997.701904296875 275.78033447265625 -24305.87890625
v -3997.015869140625 275.94741821289062 -24305.787109375
v -3996.329345703125 276.1510009765625 -24305.697265625
v -3995.645263671875 276.39291381835938 -24305.615234375
v -3994.967041015625 276.67507934570312 -24305.546875
v -4009.435791015625 288.91848754882812 -24326.455078125
v -4009.636474609375 289.06890869140625 -24326.279296875
v -4009.963134765625 289.2845458984375 -24325.95703125
v -4010.740966796875 289.60665893554688 -24324.982421875
v -4010.886474609375 289.62692260742188 -24324.763671875
v -4011.53076171875 289.46121215820312 -24323.5859375
v -4011.94091796875 288.8575439453125 -24322.44921875
v -4012.061279296875 288.1475830078125 -24321.6796875
v -4012.0185546875 287.43515014648438 -24321.13671875
v -4012.010009765625 287.37985229492188 -24321.1015625
v -4011.51611328125 285.82318115234375 -24320.375
v -4011.3232421875 285.4456787109375 -24320.267578125
v -4010.988525390625 284.8978271484375 -24320.158203125
v -4010.69189453125 284.48931884765625 -24320.115234375
v -4009.600830078125 283.3636474609375 -24320.208984375
v -4009.198486328125 283.05349731445312 -24320.314453125
v -3990.870849609375 283.21463012695312 -24330.7109375
v -3990.9560546875 283.293701171875 -24330.947265625
v -3991.292236328125 283.517333984375 -24331.5703125
v -3991.74853515625 283.7332763671875 -24332.091796875
v -3992.317138671875 283.94488525390625 -24332.515625
v -3993.62255859375 284.32562255859375 -24333.041015625
v -3993.764892578125 284.3619384765625 -24333.07421875
v -3995.057373046875 284.6649169921875 -24333.23046875
v -3995.578125 284.77691650390625 -24333.234375
v -3997.677490234375 285.19735717773438 -24332.978515625
v -3999.7841796875 285.60333251953125 -24332.3828125
v -3999.9541015625 285.63653564453125 -24332.322265625
v -4002.276611328125 286.11688232421875 -24331.31640625
v -4003.69921875 286.45388793945312 -24330.55078125
v -4004.5078125 286.66961669921875 -24330.068359375
v -4004.943603515625 286.79550170898438 -24329.79296875
v -4006.525390625 287.330322265625 -24328.71875
v -4008.2431640625 288.1287841796875 -24327.423828125
v -4008.291015625 282.43438720703125 -24320.544921875
v -4006.903564453125 281.60745239257812 -24320.763671875
v -4005.449462890625 280.90557861328125 -24320.896484375
v -4003.933349609375 280.35336303710938 -24320.994140625
v -4003.72265625 280.2908935546875 -24321.0078125
v -4002.4296875 279.98199462890625 -24321.09765625
v -4002.35888671875 279.96875 -24321.103515625
v -4000.726806640625 279.76531982421875 -24321.26953125
v -3999.885986328125 279.73562622070312 -24321.392578125
v -3999.02392578125 279.75677490234375 -24321.552734375
v -3998.133544921875 279.83221435546875 -24321.765625
v -3997.201904296875 279.9678955078125 -24322.048828125
v -3996.8857421875 280.02676391601562 -24322.162109375
v -3996.202392578125 280.17562866210938 -24322.439453125
v -3996.108642578125 280.19827270507812 -24322.48046875
v -3995.07177734375 280.484619140625 -24323.017578125
v -3993.492431640625 281.04043579101562 -24324.166015625
v -3993.271240234375 281.12991333007812 -24324.369140625
v -3992.076416015625 281.67221069335938 -24325.74609375
v -3991.567626953125 281.94973754882812 -24326.552734375
v -3991.4609375 282.0146484375 -24326.751953125
v -3990.878662109375 282.47210693359375 -24328.244140625
v -3990.70654296875 282.79232788085938 -24329.3359375
v -3990.752685546875 283.05615234375 -24330.212890625
v -3990.795166015625 283.12469482421875 -24330.431640625
v -3969.866943359375 291.44302368164062 -24342.845703125
v -3969.891357421875 292.28271484375 -24343.673828125
v -3969.99853515625 292.65679931640625 -24344.021484375
v -3970.4111328125 293.42324829101562 -24344.69140625
v -3970.82763671875 293.9058837890625 -24345.0859375
v -3971.677001953125 294.55374145507812 -24345.591796875
v -3972.248046875 294.84042358398438 -24345.806640625
v -3972.935546875 295.07296752929688 -24345.982421875
v -3973.440673828125 295.17684936523438 -24346.06640625
v -3973.582763671875 295.19659423828125 -24346.083984375
v -3973.725830078125 295.21234130859375 -24346.09765625
v -3973.9013671875 295.22613525390625 -24346.11328125
v -3974.02734375 295.2322998046875 -24346.12109375
v -3974.153564453125 295.23532104492188 -24346.126953125
v -3974.506103515625 295.22720336914062 -24346.134765625
v -3974.85693359375 295.19461059570312 -24346.126953125
v -3975.545654296875 295.0567626953125 -24346.068359375
v -3976.404052734375 294.73153686523438 -24345.90234375
v -3977.165771484375 294.26138305664062 -24345.638671875
v -3977.734619140625 293.744384765625 -24345.330078125
v -3977.98193359375 293.44940185546875 -24345.14453125
v -3978.277587890625 292.99948120117188 -24344.84765625
v -3978.473388671875 292.59298706054688 -24344.564453125
v -3978.655029296875 291.979248046875 -24344.107421875
v -3978.697509765625 291.66156005859375 -24343.853515625
v -3979.46728515625 285.46035766601562 -24331.3359375
v -3979.449951171875 285.46310424804688 -24331.291015625
v -3979.406982421875 285.47076416015625 -24331.189453125
v -3979.091064453125 285.54733276367188 -24330.640625
v -3978.650634765625 285.67926025390625 -24330.15625
v -3978.123291015625 285.84750366210938 -24329.78125
v -3977.627685546875 286.00442504882812 -24329.55859375
v -3977.534912109375 286.0330810546875 -24329.52734375
v -3976.566650390625 286.31155395507812 -24329.3671875
v -3976.21240234375 286.40133666992188 -24329.375
v -3975.85888671875 286.48348999023438 -24329.41796875
v -3975.5087890625 286.55685424804688 -24329.494140625
v -3975.16552734375 286.62091064453125 -24329.6015625
v -3974.947021484375 286.65744018554688 -24329.689453125
v -3978.78173828125 290.72030639648438 -24343.025390625
v -3978.928466796875 289.57736206054688 -24341.826171875
v -3979.1201171875 288.55691528320312 -24340.525390625
v -3979.34375 287.66864013671875 -24339.14453125
v -3979.45361328125 287.29409790039062 -24338.466796875
v -3979.458984375 287.27688598632812 -24338.43359375
v -3979.5283203125 287.05343627929688 -24337.9921875
v -3979.5703125 286.92135620117188 -24337.71484375
v -3979.6728515625 286.60284423828125 -24336.990234375
v -3979.76171875 286.3221435546875 -24336.265625
v -3979.83154296875 286.07974243164062 -24335.546875
v -3979.876953125 285.87615966796875 -24334.8359375
v -3979.89306640625 285.70895385742188 -24334.125
v -3979.87158203125 285.57864379882812 -24333.408203125
v -3979.80126953125 285.49020385742188 -24332.69140625
v -3979.66748046875 285.4493408203125 -24331.982421875
v -3973.816650390625 286.80535888671875 -24330.3515625
v -3973.010009765625 286.88308715820312 -24331.080078125
v -3972.77490234375 286.90512084960938 -24331.34375
v -3972.29345703125 286.95684814453125 -24331.984375
v -3971.84423828125 287.02664184570312 -24332.740234375
v -3971.498779296875 287.112548828125 -24333.474609375
v -3971.227783203125 287.21890258789062 -24334.19140625
v -3971.0126953125 287.3475341796875 -24334.890625
v -3970.8408203125 287.49899291992188 -24335.5703125
v -3970.702392578125 287.67306518554688 -24336.232421875
v -3970.6455078125 287.76458740234375 -24336.54296875
v -3970.588134765625 287.87295532226562 -24336.88671875
v -3970.490966796875 288.10336303710938 -24337.54296875
v -3970.4072265625 288.36593627929688 -24338.197265625
v -3970.3330078125 288.66204833984375 -24338.8515625
v -3970.2646484375 288.99282836914062 -24339.5
v -3970.19873046875 289.35916137695312 -24340.140625
v -3970.062255859375 290.20025634765625 -24341.390625
v -3969.907470703125 291.18490600585938 -24342.572265625
v -4009.7138671875 276.93597412109375 -24295.693359375
v -4009.8251953125 277.03280639648438 -24295.576171875
v -4009.852294921875 277.05673217773438 -24295.544921875
v -4010.095947265625 277.28384399414062 -24295.23828125
v -4010.3095703125 277.5020751953125 -24294.90625
v -4010.4921875 277.70928955078125 -24294.548828125
v -4010.6435546875 277.9034423828125 -24294.169921875
v -4010.692138671875 277.97256469726562 -24294.021484375
v -4010.7783203125 278.10867309570312 -24293.705078125
v -4010.8603515625 278.267822265625 -24293.28125
v -4010.90869140625 278.4051513671875 -24292.845703125
v -4010.923828125 278.51895141601562 -24292.400390625
v -4010.906494140625 278.60760498046875 -24291.94921875
v -4010.8857421875 278.64166259765625 -24291.724609375
v -4010.822265625 278.68899536132812 -24291.279296875
v -4010.584228515625 278.6956787109375 -24290.326171875
v -4010.422607421875 278.6505126953125 -24289.880859375
v -4009.987548828125 278.45071411132812 -24288.98828125
v -4009.7255859375 278.2987060546875 -24288.576171875
v -4009.1806640625 277.93975830078125 -24287.908203125
v -4008.870849609375 277.71841430664062 -24287.61328125
v -4008.864990234375 277.71414184570312 -24287.607421875
v -4008.224853515625 277.23284912109375 -24287.1484375
v -4007.779296875 276.88690185546875 -24286.927734375
v -4007.344482421875 276.54544067382812 -24286.78515625
v -4006.8046875 276.12100219726562 -24286.697265625
v -4006.278076171875 275.71072387695312 -24286.703125
v -4006.03662109375 275.52508544921875 -24286.734375
v -4005.925537109375 275.4403076171875 -24286.755859375
v -4005.30029296875 274.97308349609375 -24286.953125
v -4004.699951171875 274.54354858398438 -24287.2734375
v -4004.48779296875 274.39743041992188 -24287.421875
v -4004.24755859375 274.23599243164062 -24287.61328125
v -3991.57470703125 274.8795166015625 -24295.99609375
v -3990.72314453125 275.5341796875 -24296.455078125
v -3990.386962890625 275.87301635742188 -24296.732421875
v -3990.13037109375 276.18072509765625 -24297.005859375
v -3989.870361328125 276.56069946289062 -24297.37109375
v -3989.710693359375 276.85052490234375 -24297.67578125
v -3989.4443359375 277.6441650390625 -24298.65625
v -3989.429931640625 277.7459716796875 -24298.8046875
v -3989.427001953125 277.774169921875 -24298.84765625
v -3989.420654296875 277.85232543945312 -24298.96875
v -3989.4326171875 278.16238403320312 -24299.505859375
v -3989.553955078125 278.50799560546875 -24300.298828125
v -3989.556884765625 278.5125732421875 -24300.3125
v -3989.760009765625 278.70840454101562 -24301.029296875
v -3990.044189453125 278.79373168945312 -24301.740234375
v -3990.0791015625 278.7962646484375 -24301.81640625
v -3990.215576171875 278.79470825195312 -24302.08984375
v -3990.78076171875 278.66177368164062 -24302.994140625
v -3990.957763671875 278.59402465820312 -24303.22265625
v -3991.027587890625 278.56515502929688 -24303.306640625
v -3991.029052734375 278.56451416015625 -24303.30859375
v -3992.2275390625 277.96368408203125 -24304.349609375
v -3992.80908203125 277.64447021484375 -24304.6484375
v -3993.094970703125 277.48684692382812 -24304.75390625
v -3993.212646484375 277.42221069335938 -24304.791015625
v -3993.568603515625 277.22763061523438 -24304.87890625
v -3994.8896484375 276.52655029296875 -24304.9140625
v -3995.197998046875 276.36798095703125 -24304.859375
v -3995.54052734375 276.19381713867188 -24304.767578125
v -3996.17919921875 275.87237548828125 -24304.5078125
v -3996.6416015625 275.63970947265625 -24304.23828125
v -3996.799072265625 275.5599365234375 -24304.12890625
v -3996.845947265625 275.53607177734375 -24304.09375
v -3997.255126953125 275.33489990234375 -24303.783203125
v -3997.401611328125 275.2666015625 -24303.671875
v -3997.9970703125 275.00967407226562 -24303.220703125
v -3998.58544921875 274.7890625 -24302.77734375
v -3999.177001953125 274.60107421875 -24302.341796875
v -3999.782470703125 274.44418334960938 -24301.908203125
v -4000.401611328125 274.3209228515625 -24301.48046875
v -4001.0341796875 274.23358154296875 -24301.0625
v -4001.678955078125 274.18399047851562 -24300.65625
v -4002.3349609375 274.17373657226562 -24300.26171875
v -4003.6708984375 274.27493286132812 -24299.5078125
v -4005.018798828125 274.5399169921875 -24298.7890625
v -4006.34765625 274.96432495117188 -24298.072265625
v -4007.6220703125 275.53744506835938 -24297.322265625
v -4008.803955078125 276.24261474609375 -24296.498046875
v -4009.0908203125 276.44473266601562 -24296.265625
v -4003.612060546875 273.84429931640625 -24288.1796875
v -4002.525146484375 273.31182861328125 -24289.205078125
v -4001.4140625 272.93984985351562 -24290.263671875
v -4000.841552734375 272.81094360351562 -24290.7890625
v -4000.27197265625 272.72134399414062 -24291.29296875
v -3999.0986328125 272.64569091796875 -24292.24609375
v -3998.501708984375 272.65750122070312 -24292.68359375
v -3997.900146484375 272.70028686523438 -24293.08984375
v -3997.296142578125 272.77239990234375 -24293.466796875
v -3996.69189453125 272.87237548828125 -24293.8125
v -3996.09033203125 272.99874877929688 -24294.126953125
v -3995.49462890625 273.15005493164062 -24294.416015625
v -3995.028564453125 273.28680419921875 -24294.62890625
v -3994.89697265625 273.32839965820312 -24294.6875
v -3994.289306640625 273.53775024414062 -24294.943359375
v -3993.67578125 273.77960205078125 -24295.19140625
v -3993.06005859375 274.05532836914062 -24295.4296875
v -3992.446533203125 274.36614990234375 -24295.662109375
v -3991.840576171875 274.71319580078125 -24295.892578125
v -4007.337890625 303.35577392578125 -24297.6171875
v -4007.198974609375 303.48165893554688 -24297.841796875
v -4006.96875 303.64968872070312 -24298.087890625
v -4006.61328125 303.85443115234375 -24298.314453125
v -4006.32470703125 303.98797607421875 -24298.41015625
v -4005.99072265625 304.11373901367188 -24298.44921875
v -4005.64794921875 304.21469116210938 -24298.41796875
v -4005.55029296875 304.23837280273438 -24298.396484375
v -4005.040771484375 304.32485961914062 -24298.1875
v -4004.9423828125 304.33383178710938 -24298.125
v -4004.477294921875 304.33242797851562 -24297.69921875
v -4002.16455078125 302.1708984375 -24287.939453125
v -4002.169921875 302.15414428710938 -24287.888671875
v -4002.259765625 301.99649047851562 -24287.453125
v -4002.37890625 301.86090087890625 -24287.134765625
v -4002.611328125 301.65350341796875 -24286.724609375
v -4002.788818359375 301.51681518554688 -24286.5
v -4003.0224609375 301.3519287109375 -24286.26953125
v -4003.1650390625 301.2567138671875 -24286.15625
v -4003.29638671875 301.17214965820312 -24286.068359375
v -4003.85595703125 300.83499145507812 -24285.810546875
v -4003.883056640625 300.8194580078125 -24285.802734375
v -4004.000732421875 300.7529296875 -24285.771484375
v -4004.485107421875 300.49209594726562 -24285.708984375
v -4005.031005859375 300.22454833984375 -24285.7578125
v -4005.31103515625 300.099609375 -24285.830078125
v -4005.572998046875 299.99163818359375 -24285.927734375
v -4005.770751953125 299.91677856445312 -24286.0234375
v -4006.55419921875 299.69842529296875 -24286.609375
v -4006.7578125 299.6722412109375 -24286.8359375
v -4006.896240234375 299.66607666015625 -24287.015625
v -4007.228515625 299.71469116210938 -24287.583984375
v -4007.4404296875 299.86056518554688 -24288.19140625
v -4007.5400390625 299.9974365234375 -24288.626953125
v -4007.650634765625 300.16665649414062 -24289.15625
v -4008.0244140625 301.0631103515625 -24291.8515625
v -4008.086669921875 301.53323364257812 -24293.1875
v -4008.033447265625 302.11538696289062 -24294.755859375
v -4008.01904296875 302.1761474609375 -24294.912109375
v -4007.533447265625 303.13619995117188 -24297.17578125
v -4004.292236328125 304.30902099609375 -24297.455078125
v -4004.167724609375 304.28814697265625 -24297.275390625
v -4003.428955078125 304.0748291015625 -24295.919921875
v -4003.149169921875 303.94891357421875 -24295.248046875
v -4002.87353515625 303.79293823242188 -24294.46484375
v -4002.641357421875 303.627197265625 -24293.669921875
v -4002.425537109375 303.42703247070312 -24292.748046875
v -4002.306396484375 303.28125 -24292.099609375
v -4002.208740234375 303.12142944335938 -24291.412109375
v -4002.09130859375 302.67568969726562 -24289.646484375
v -4002.094482421875 302.5216064453125 -24289.091796875
v -4002.14501953125 302.23898315429688 -24288.15234375
v -3989.2490234375 309.94818115234375 -24317.24609375
v -3986.031005859375 283.52420043945312 -24324.99609375
v -3987.85107421875 282.95993041992188 -24327.248046875
v -3987.3876953125 283.0482177734375 -24326.697265625
v -3988.316650390625 282.9051513671875 -24327.78515625
v -3988.783203125 282.882568359375 -24328.310546875
v -4011.592529296875 280.74057006835938 -24288.904296875
v -4014.5595703125 283.85955810546875 -24308.826171875
v -4011.860595703125 281.37567138671875 -24288.650390625
v -4013.723388671875 282.62777709960938 -24309.166015625
v -4012.096923828125 282.01812744140625 -24288.4140625
v -4015.250244140625 285.14028930664062 -24308.48046875
v -4012.3017578125 282.665283203125 -24288.193359375
v -3986.928466796875 283.17111206054688 -24326.138671875
v -3989.248779296875 282.8907470703125 -24328.822265625
v -3989.711669921875 282.92813110351562 -24329.318359375
v -3990.17919921875 282.9945068359375 -24329.806640625
v -3990.65869140625 283.09173583984375 -24330.294921875
v -3955.3681640625 288.34487915039062 -24326.978515625
v -3993.714111328125 284.38113403320312 -24333.119140625
v -3994.76123046875 285.09292602539062 -24333.97265625
v -3995.796142578125 285.94366455078125 -24334.751953125
v -4002.32861328125 305.2567138671875 -24333.708984375
v -3954.848876953125 288.3680419921875 -24327.5078125
v -3954.336181640625 288.42535400390625 -24328.025390625
v -3953.83203125 288.51516723632812 -24328.533203125
v -3953.337646484375 288.63577270507812 -24329.02734375
v -3952.854248046875 288.7852783203125 -24329.5078125
v -3952.38330078125 288.96173095703125 -24329.97265625
v -3951.9169921875 289.1671142578125 -24330.431640625
v -3951.4482421875 289.40542602539062 -24330.888671875
v -3950.978515625 289.677490234375 -24331.341796875
v -3950.509521484375 289.98403930664062 -24331.79296875
v -3996.80224609375 286.92529296875 -24335.443359375
v -3997.7626953125 288.02517700195312 -24336.03515625
v -3950.04345703125 290.32550048828125 -24332.23828125
v -3949.58154296875 290.70211791992188 -24332.673828125
v -3948.6787109375 291.56048583984375 -24333.517578125
v -3947.8173828125 292.55563354492188 -24334.3046875
v -3947.01318359375 293.6793212890625 -24335.021484375
v -3946.281494140625 294.9188232421875 -24335.65234375
v -3945.635498046875 296.25692749023438 -24336.1875
v -4012.82470703125 285.264892578125 -24287.470703125
v -4012.6201171875 283.96383666992188 -24287.80078125
v -4012.475830078125 283.31463623046875 -24287.98828125
v -4012.924072265625 286.62554931640625 -24287.1875
v -4012.887939453125 285.93704223632812 -24287.322265625
v -4012.854736328125 288.77102661132812 -24286.86328125
v -4012.931396484375 287.32870483398438 -24287.064453125
v -4012.90869140625 288.04458618164062 -24286.95703125
v -4015.830322265625 296.03225708007812 -24305.759765625
v -4012.735595703125 284.61062622070312 -24287.62890625
v -4015.2568359375 297.43756103515625 -24305.435546875
v -4014.531005859375 298.7947998046875 -24305.130859375
v -4013.660400390625 300.08096313476562 -24304.849609375
v -4011.540283203125 302.3582763671875 -24304.375
v -4010.32763671875 303.3167724609375 -24304.1875
v -4012.65771484375 301.27487182617188 -24304.595703125
v -4009.042236328125 304.14044189453125 -24304.0390625
v -4007.70703125 304.82400512695312 -24303.92578125
v -4007.028076171875 305.11279296875 -24303.8828125
v -4001.994873046875 306.47991943359375 -24332.81640625
v -4001.552734375 307.62179565429688 -24331.837890625
v -4001.00634765625 308.66204833984375 -24330.7890625
v -4006.344970703125 305.36663818359375 -24303.84765625
v -4000.363525390625 309.5831298828125 -24329.685546875
v -3999.635498046875 310.371337890625 -24328.544921875
v -3998.835693359375 311.01742553710938 -24327.3828125
v -3997.979248046875 311.51693725585938 -24326.22265625
v -3997.081787109375 311.87005615234375 -24325.080078125
v -3996.622802734375 311.99295043945312 -24324.521484375
v -3996.159423828125 312.08123779296875 -24323.970703125
v -3999.908447265625 303.34811401367188 -24291.458984375
v -3998.6298828125 303.44808959960938 -24292.13671875
v -4001.142822265625 303.12420654296875 -24290.82421875
v -3997.978515625 303.447509765625 -24292.4921875
v -4001.5400390625 306.236328125 -24303.83203125
v -4002.248779296875 306.20233154296875 -24303.8125
v -4000.531982421875 303.25076293945312 -24291.134765625
v -3999.27392578125 303.41445922851562 -24291.79296875
v -4000.8193359375 306.23870849609375 -24303.861328125
v -4000.088623046875 306.20797729492188 -24303.900390625
v -4002.943603515625 306.13833618164062 -24303.798828125
v -3999.350341796875 306.14279174804688 -24303.947265625
v -3997.861328125 305.90487670898438 -24304.06640625
v -3996.373779296875 305.5186767578125 -24304.22265625
v -4005.660400390625 305.58602905273438 -24303.822265625
v -4004.97705078125 305.771728515625 -24303.8046875
v -4003.622802734375 306.04598999023438 -24303.79296875
v -4004.297119140625 305.9246826171875 -24303.794921875
v -3995.693603515625 312.13604736328125 -24323.43359375
v -3988.213623046875 309.097412109375 -24316.466796875
v -3952.94384765625 318.69631958007812 -24326.62109375
v -3953.991455078125 318.760498046875 -24325.544921875
v -3954.509033203125 318.73828125 -24325.017578125
v -3955.02001953125 318.68173217773438 -24324.5
v -3955.523193359375 318.59249877929688 -24323.994140625
v -3983.556396484375 291.25140380859375 -24295.71484375
v -3983.399169921875 289.9239501953125 -24296.013671875
v -3983.340576171875 288.52899169921875 -24296.25
v -3983.39111328125 287.08090209960938 -24296.412109375
v -3983.559326171875 285.5975341796875 -24296.490234375
v -3984.26806640625 282.6103515625 -24296.37890625
v -3985.468505859375 279.75430297851562 -24295.8828125
v -3987.099853515625 277.2152099609375 -24295.025390625
v -3989.048095703125 275.14010620117188 -24293.869140625
v -3990.096923828125 274.30471801757812 -24293.20703125
v -3991.17138671875 273.60989379882812 -24292.5078125
v -3992.253662109375 273.0545654296875 -24291.783203125
v -3993.32861328125 272.63385009765625 -24291.044921875
v -3994.421875 272.33120727539062 -24290.27734375
v -3995.562255859375 272.14505004882812 -24289.458984375
v -3996.737060546875 272.08956909179688 -24288.59765625
v -3997.930908203125 272.1767578125 -24287.701171875
v -4000.3046875 272.80984497070312 -24285.857421875
v -4002.53173828125 274.06155395507812 -24284.037109375
v -4004.4658203125 275.87203979492188 -24282.35546875
v -4005.996337890625 278.1123046875 -24280.9140625
v -4006.5908203125 279.34124755859375 -24280.3046875
v -4007.069091796875 280.61306762695312 -24279.775390625
v -4007.432861328125 281.90625 -24279.328125
v -4007.687744140625 283.20120239257812 -24278.9609375
v -4007.844970703125 284.52865600585938 -24278.662109375
v -4007.903564453125 285.92361450195312 -24278.42578125
v -4007.85302734375 287.3717041015625 -24278.263671875
v -4007.684814453125 288.8551025390625 -24278.18359375
v -4006.97607421875 291.84225463867188 -24278.296875
v -4005.775634765625 294.69830322265625 -24278.79296875
v -4004.144287109375 297.23739624023438 -24279.650390625
v -4002.196044921875 299.3125 -24280.806640625
v -4001.147216796875 300.14788818359375 -24281.466796875
v -4000.07275390625 300.84271240234375 -24282.166015625
v -3998.990478515625 301.3980712890625 -24282.890625
v -3997.91552734375 301.81878662109375 -24283.62890625
v -3996.822265625 302.12142944335938 -24284.396484375
v -3995.681884765625 302.30758666992188 -24285.21484375
v -3994.507080078125 302.363037109375 -24286.078125
v -3993.313232421875 302.27584838867188 -24286.97265625
v -3990.939453125 301.64279174804688 -24288.81640625
v -3988.71240234375 300.39105224609375 -24290.638671875
v -3986.7783203125 298.58059692382812 -24292.3203125
v -3985.247802734375 296.34033203125 -24293.76171875
v -3984.6533203125 295.11135864257812 -24294.37109375
v -3984.175048828125 293.83956909179688 -24294.900390625
v -3983.811279296875 292.54635620117188 -24295.34765625
v -3960.5810546875 298.91592407226562 -24311.6640625
v -3960.326171875 297.62103271484375 -24312.03125
v -3959.96240234375 296.32785034179688 -24312.48046875
v -3959.484375 295.05606079101562 -24313.0078125
v -3958.8896484375 293.8271484375 -24313.6171875
v -3958.1796875 292.66336059570312 -24314.3046875
v -3957.359375 291.5869140625 -24315.060546875
v -3956.43701171875 290.6185302734375 -24315.875
v -3955.42529296875 289.77642822265625 -24316.740234375
v -3954.33984375 289.07510375976562 -24317.640625
v -3953.1982421875 288.52462768554688 -24318.5625
v -3952.019775390625 288.13006591796875 -24319.48828125
v -3950.82421875 287.89151000976562 -24320.40625
v -3949.63037109375 287.8043212890625 -24321.302734375
v -3949.03955078125 287.81488037109375 -24321.73828125
v -3948.45556640625 287.85977172851562 -24322.1640625
v -3947.88037109375 287.93734741210938 -24322.578125
v -3947.3154296875 288.04592895507812 -24322.982421875
v -3946.761962890625 288.18362426757812 -24323.373046875
v -3946.221923828125 288.34857177734375 -24323.75
v -3945.686279296875 288.54251098632812 -24324.119140625
v -3945.14697265625 288.76925659179688 -24324.48828125
v -3944.60595703125 289.02972412109375 -24324.8515625
v -3944.064697265625 289.32461547851562 -24325.212890625
v -3943.525390625 289.6544189453125 -24325.56640625
v -3942.990478515625 290.01937866210938 -24325.912109375
v -3941.941650390625 290.85476684570312 -24326.572265625
v -3940.936279296875 291.82748413085938 -24327.18359375
v -3939.9931640625 292.92977905273438 -24327.728515625
v -3939.1298828125 294.14913940429688 -24328.201171875
v -3938.36181640625 295.46878051757812 -24328.587890625
v -3937.70263671875 296.86834716796875 -24328.8828125
v -3937.161376953125 298.32489013671875 -24329.08203125
v -3936.744140625 299.81423950195312 -24329.185546875
v -3936.45263671875 301.3121337890625 -24329.1953125
v -3936.284423828125 302.7955322265625 -24329.115234375
v -3936.244873046875 303.52520751953125 -24329.044921875
v -3936.23388671875 304.24365234375 -24328.953125
v -3936.25 304.94879150390625 -24328.84375
v -3936.29248046875 305.638671875 -24328.716796875
v -3936.359375 306.31161499023438 -24328.576171875
v -3936.44970703125 306.96615600585938 -24328.41796875
v -3936.56396484375 307.6126708984375 -24328.244140625
v -3936.70458984375 308.26104736328125 -24328.05078125
v -3936.87255859375 308.9090576171875 -24327.837890625
v -3937.068359375 309.55422973632812 -24327.603515625
v -3937.29296875 310.194091796875 -24327.349609375
v -3937.546630859375 310.82601928710938 -24327.07421875
v -3938.14111328125 312.054931640625 -24326.46484375
v -3938.85107421875 313.21871948242188 -24325.779296875
v -3939.67138671875 314.295166015625 -24325.0234375
v -3940.59375 315.2635498046875 -24324.20703125
v -3941.60546875 316.10565185546875 -24323.341796875
v -3942.69091796875 316.80697631835938 -24322.443359375
v -3943.83251953125 317.35745239257812 -24321.521484375
v -3945.010986328125 317.75201416015625 -24320.595703125
v -3946.20654296875 317.99057006835938 -24319.677734375
v -3947.400390625 318.0777587890625 -24318.78125
v -3947.9912109375 318.06719970703125 -24318.345703125
v -3948.5751953125 318.02230834960938 -24317.919921875
v -3949.150390625 317.94473266601562 -24317.50390625
v -3949.715576171875 317.83615112304688 -24317.1015625
v -3950.268798828125 317.69842529296875 -24316.7109375
v -3950.808837890625 317.53350830078125 -24316.333984375
v -3951.344482421875 317.33956909179688 -24315.962890625
v -3951.8837890625 317.11279296875 -24315.595703125
v -3952.425048828125 316.85235595703125 -24315.23046875
v -3952.966064453125 316.55746459960938 -24314.87109375
v -3953.50537109375 316.2276611328125 -24314.517578125
v -3954.040283203125 315.86270141601562 -24314.171875
v -3955.089111328125 315.02731323242188 -24313.509765625
v -3956.094482421875 314.05459594726562 -24312.900390625
v -3957.03759765625 312.95230102539062 -24312.353515625
v -3957.90087890625 311.73294067382812 -24311.8828125
v -3958.6689453125 310.41329956054688 -24311.49609375
v -3959.328369140625 309.01373291015625 -24311.201171875
v -3959.869384765625 307.55718994140625 -24311.001953125
v -3960.28662109375 306.06784057617188 -24310.8984375
v -3960.578125 304.5699462890625 -24310.888671875
v -3960.746337890625 303.0865478515625 -24310.96875
v -3960.797119140625 301.638427734375 -24311.130859375
v -3960.73828125 300.243408203125 -24311.365234375
v -4010.22509765625 304.18399047851562 -24317.986328125
v -4010.833984375 300.95462036132812 -24321.611328125
v -4010.290283203125 301.001708984375 -24320.697265625
v -4009.681640625 301.1663818359375 -24319.873046875
v -4009.0341796875 301.43222045898438 -24319.16015625
v -4010.314208984375 300.29598999023438 -24324.48046875
v -4009.759033203125 299.94442749023438 -24323.69140625
v -4009.113037109375 299.72531127929688 -24322.87109375
v -4008.412841796875 299.66073608398438 -24322.072265625
v -4007.695068359375 299.7474365234375 -24321.328125
v -4006.98486328125 299.96853637695312 -24320.662109375
v -4009.080322265625 300.0479736328125 -24325.8359375
v -4008.311767578125 299.65359497070312 -24325.283203125
v -4007.477783203125 299.396728515625 -24324.669921875
v -4006.62939453125 299.30230712890625 -24324.03125
v -4005.807861328125 299.3681640625 -24323.40234375
v -4005.038330078125 299.57730102539062 -24322.80078125
v -4008.113037109375 300.5400390625 -24327.388671875
v -4007.177490234375 300.23068237304688 -24327.10546875
v -4006.196533203125 300.04867553710938 -24326.7265625
v -4005.2314453125 300.01345825195312 -24326.27734375
v -4004.32861328125 300.12066650390625 -24325.77734375
v -4003.512451171875 300.35357666015625 -24325.251953125
v -4007.631103515625 301.68447875976562 -24328.806640625
v -4006.6123046875 301.5728759765625 -24328.765625
v -4005.557861328125 301.56503295898438 -24328.603515625
v -4004.53515625 301.66754150390625 -24328.32421875
v -4003.591796875 301.87091064453125 -24327.9453125
v -4002.752197265625 302.15899658203125 -24327.486328125
v -4004.64599609375 303.87896728515625 -24329.767578125
v -4003.709228515625 304.21090698242188 -24329.470703125
v -4002.873291015625 304.57278442382812 -24329.060546875
v -4003.1083984375 307.60690307617188 -24329.27734375
v -4002.375244140625 305.803955078125 -24328.8984375
v -4002.009765625 304.03253173828125 -24328.087890625
v -4002.0419921875 302.43896484375 -24326.908203125
v -4002.4697265625 301.155029296875 -24325.458984375
v -4003.257080078125 300.2867431640625 -24323.861328125
v -4010.378662109375 303.97943115234375 -24318.16015625
v -4010.544677734375 303.74124145507812 -24318.375
v -4011.00341796875 302.9312744140625 -24319.2265625
v -4011.2119140625 302.38912963867188 -24319.9140625
v -4011.31787109375 301.91534423828125 -24320.619140625
v -4011.271728515625 301.13827514648438 -24322.123046875
v -4011.21875 301.00225830078125 -24322.46484375
v -4011.17138671875 300.91265869140625 -24322.712890625
v -4011.106201171875 300.81640625 -24323.0078125
v -4010.634033203125 300.50152587890625 -24324.505859375
v -4010.2314453125 300.46066284179688 -24325.427734375
v -4009.237548828125 300.76113891601562 -24327.15234375
v -4009.048583984375 300.86312866210938 -24327.423828125
v -4007.96337890625 301.6524658203125 -24328.71484375
v -4007.240478515625 302.33761596679688 -24329.3515625
v -4006.890869140625 302.7066650390625 -24329.59765625
v -4005.991455078125 303.74920654296875 -24330.041015625
v -4005.641845703125 304.18466186523438 -24330.13671875
v -4005.179931640625 304.78073120117188 -24330.19140625
v -4004.732666015625 305.37591552734375 -24330.1640625
v -4004.70556640625 305.41241455078125 -24330.16015625
v -4003.72412109375 306.75662231445312 -24329.77734375
v -4004.474853515625 299.89544677734375 -24322.068359375
v -4005.93212890625 300.1455078125 -24320.435546875
v -4007.480224609375 301.011474609375 -24319.130859375
v -4008.961669921875 302.40499877929688 -24318.28515625
v -4003.257080078125 300.2867431640625 -24323.861328125
v -3990.423095703125 307.667724609375 -24313.533203125
v -3996.840087890625 303.97723388671875 -24318.697265625
v -3990.5859375 307.56832885742188 -24313.294921875
v -3991.2353515625 307.2967529296875 -24312.486328125
v -3991.989501953125 307.14999389648438 -24311.740234375
v -3992.4912109375 307.11953735351562 -24311.328125
v -3994.474365234375 307.29818725585938 -24310.25390625
v -3994.600341796875 307.31918334960938 -24310.2109375
v -3994.678955078125 307.33261108398438 -24310.185546875
v -3996.2802734375 307.63812255859375 -24309.91015625
v -3997.7958984375 307.92593383789062 -24310.001953125
v -3998.511474609375 308.0438232421875 -24310.1484375
v -3999.202880859375 308.14059448242188 -24310.345703125
v -3999.871337890625 308.21463012695312 -24310.5859375
v -4000.517578125 308.26495361328125 -24310.857421875
v -4001.142578125 308.29104614257812 -24311.15625
v -4001.74609375 308.2928466796875 -24311.474609375
v -4002.33984375 308.26995849609375 -24311.814453125
v -4002.71728515625 308.24160766601562 -24312.041015625
v -4002.93310546875 308.2203369140625 -24312.17578125
v -4003.525634765625 308.141845703125 -24312.55859375
v -4004.115966796875 308.03244018554688 -24312.958984375
v -4004.570556640625 307.92538452148438 -24313.279296875
v -4004.70263671875 307.89031982421875 -24313.373046875
v -4005.28466796875 307.71389770507812 -24313.798828125
v -4006.427490234375 307.25308227539062 -24314.669921875
v -4007.529052734375 306.64404296875 -24315.55078125
v -4008.57080078125 305.8878173828125 -24316.427734375
v -4009.530029296875 304.99334716796875 -24317.29296875
v -4010.22509765625 304.18399047851562 -24317.986328125
v -4008.961669921875 302.40499877929688 -24318.28515625
v -4007.480224609375 301.011474609375 -24319.130859375
v -4005.93212890625 300.1455078125 -24320.435546875
v -4004.474853515625 299.89544677734375 -24322.068359375
v -4003.257080078125 300.2867431640625 -24323.861328125
v -4002.4697265625 301.155029296875 -24325.458984375
v -4002.0419921875 302.43896484375 -24326.908203125
v -4002.009765625 304.03253173828125 -24328.087890625
v -4002.375244140625 305.803955078125 -24328.8984375
v -4003.1083984375 307.60690307617188 -24329.27734375
v -3990.423095703125 307.667724609375 -24313.533203125
v -3996.840087890625 303.97723388671875 -24318.697265625
v -4002.87109375 307.9237060546875 -24329.037109375
v -4001.989990234375 308.94229125976562 -24328.169921875
v -4001.017578125 309.82962036132812 -24327.267578125
v -4001.014892578125 309.83175659179688 -24327.265625
v -3999.957275390625 310.5804443359375 -24326.357421875
v -3998.822021484375 311.1907958984375 -24325.4609375
v -3998.17578125 311.464599609375 -24324.98046875
v -3997.63330078125 311.65826416015625 -24324.587890625
v -3997.027587890625 311.83810424804688 -24324.162109375
v -3996.419677734375 311.98208618164062 -24323.7421875
v -3995.813720703125 312.09048461914062 -24323.328125
v -3995.275390625 312.15774536132812 -24322.9609375
v -3995.2138671875 312.16366577148438 -24322.919921875
v -3994.624267578125 312.2021484375 -24322.515625
v -3994.04931640625 312.20663452148438 -24322.115234375
v -3993.482421875 312.17703247070312 -24321.7109375
v -3992.918212890625 312.11090087890625 -24321.291015625
v -3992.363037109375 312.00521850585938 -24320.857421875
v -3991.823486328125 311.85693359375 -24320.40625
v -3991.30810546875 311.66275024414062 -24319.93359375
v -3990.82568359375 311.41921997070312 -24319.4375
v -3990.00732421875 310.76736450195312 -24318.34375
v -3989.833251953125 310.55145263671875 -24318.01953125
v -3989.639892578125 310.23080444335938 -24317.55859375
v -3989.49755859375 309.85409545898438 -24317.03125
v -3989.445556640625 309.1754150390625 -24316.08203125
v -3989.63671875 308.53289794921875 -24315.125
v -3989.67236328125 308.46517944335938 -24315.017578125
v -3989.992431640625 308.02783203125 -24314.267578125
v -3957.279296875 315.41647338867188 -24316.216796875
v -3956.8349609375 315.51925659179688 -24316.376953125
v -3956.755615234375 315.60354614257812 -24316.1015625
v -3956.794677734375 315.55880737304688 -24316.240234375
v -3956.88671875 315.55166625976562 -24316.12109375
v -3957.017822265625 315.50311279296875 -24316.146484375
v -3957.14892578125 315.4580078125 -24316.177734375
v -3957.129638671875 315.44525146484375 -24316.26953125
v -3956.9814453125 315.47952270507812 -24316.32421875
v -3963.2509765625 315.20993041992188 -24333.64453125
v -3963.640869140625 316.53118896484375 -24333.65625
v -3963.882568359375 317.88720703125 -24333.24609375
v -3963.2509765625 315.20993041992188 -24333.64453125
v -3964.2060546875 316.16946411132812 -24333.390625
v -3964.9794921875 317.18521118164062 -24332.73046875
v -3965.449462890625 318.12149047851562 -24331.724609375
v -3963.2509765625 315.20993041992188 -24333.64453125
v -3964.482177734375 315.578125 -24333.1484375
v -3965.51513671875 316.03762817382812 -24332.26171875
v -3966.191162109375 316.53244018554688 -24331.076171875
v -3966.426025390625 316.99343872070312 -24329.759765625
v -3963.2509765625 315.20993041992188 -24333.64453125
v -3964.421142578125 314.90444946289062 -24332.984375
v -3965.396484375 314.730224609375 -24331.9453125
v -3966.02685546875 314.72207641601562 -24330.63671875
v -3966.23388671875 314.87698364257812 -24329.248046875
v -3963.2509765625 315.20993041992188 -24333.64453125
v -3964.018798828125 314.30642700195312 -24332.943359375
v -3964.615966796875 313.56967163085938 -24331.86328125
v -3964.946044921875 313.11502075195312 -24330.525390625
v -3964.97021484375 312.99822998046875 -24329.1171875
v -3963.2509765625 315.20993041992188 -24333.64453125
v -3963.40966796875 313.98345947265625 -24333.037109375
v -3963.433837890625 312.94290161132812 -24332.046875
v -3963.30908203125 312.24710083007812 -24330.779296875
v -3963.056640625 311.98358154296875 -24329.4140625
v -3963.2509765625 315.20993041992188 -24333.64453125
v -3962.74365234375 313.99496459960938 -24333.240234375
v -3962.141357421875 312.96527099609375 -24332.439453125
v -3961.51953125 312.278076171875 -24331.3203125
v -3960.96435546875 312.01980590820312 -24330.046875
v -3963.2509765625 315.20993041992188 -24333.64453125
v -3962.178466796875 314.35671997070312 -24333.505859375
v -3961.04443359375 313.66726684570312 -24332.955078125
v -3960.00048828125 313.25015258789062 -24332.03515625
v -3959.188720703125 313.15621948242188 -24330.8828125
v -3963.2509765625 315.20993041992188 -24333.64453125
v -3961.90234375 314.94802856445312 -24333.748046875
v -3960.5087890625 314.81484985351562 -24333.423828125
v -3959.2587890625 314.8392333984375 -24332.685546875
v -3958.321533203125 315.01394653320312 -24331.642578125
v -3963.2509765625 315.20993041992188 -24333.64453125
v -3961.963623046875 315.62173461914062 -24333.91015625
v -3960.62744140625 316.12225341796875 -24333.7421875
v -3959.423095703125 316.64959716796875 -24333.125
v -3958.513427734375 317.13040161132812 -24332.15625
v -3963.2509765625 315.20993041992188 -24333.64453125
v -3962.36572265625 316.21975708007812 -24333.953125
v -3961.407958984375 317.28280639648438 -24333.822265625
v -3963.2509765625 315.20993041992188 -24333.64453125
v -3962.974853515625 316.542724609375 -24333.857421875
v -3962.590087890625 317.90957641601562 -24333.638671875
v -3963.640869140625 316.53118896484375 -24333.65625
v -3963.882568359375 317.88720703125 -24333.24609375
v -3958.5712890625 318.64663696289062 -24331.150390625
v -3957.87451171875 317.1597900390625 -24330.95703125
v -3957.74462890625 315.55908203125 -24330.564453125
v -3958.199462890625 314.06362915039062 -24330.025390625
v -3959.1767578125 312.87823486328125 -24329.4140625
v -3960.54248046875 312.16513061523438 -24328.814453125
v -3965.995849609375 318.24432373046875 -24328.830078125
v -3966.015625 318.31234741210938 -24329.33984375
v -3966.012939453125 318.322265625 -24329.419921875
v -3965.92333984375 318.3992919921875 -24330.1328125
v -3965.751953125 318.44659423828125 -24330.728515625
v -3965.7158203125 318.45254516601562 -24330.82421875
v -3965.385986328125 318.48080444335938 -24331.4921875
v -3965.05810546875 318.48526000976562 -24331.958984375
v -3964.279296875 318.461181640625 -24332.70703125
v -3964.031982421875 318.44927978515625 -24332.875
v -3963.9287109375 318.444091796875 -24332.9375
v -3963.9287109375 318.444091796875 -24332.9375
v -3962.672119140625 318.384765625 -24333.41015625
v -3961.941162109375 318.36434936523438 -24333.4765625
v -3961.94091796875 318.36431884765625 -24333.4765625
v -3961.5126953125 318.36053466796875 -24333.447265625
v -3960.476806640625 318.38525390625 -24333.154296875
v -3959.57373046875 318.46023559570312 -24332.57421875
v -3959.422607421875 318.47940063476562 -24332.43359375
v -3959.3544921875 318.48880004882812 -24332.365234375
v -3959.333251953125 318.49185180664062 -24332.34375
v -3962.161865234375 312.02734375 -24328.294921875
v -3963.759765625 312.51663208007812 -24327.951171875
v -3965.103271484375 313.56173706054688 -24327.83203125
v -3965.99658203125 315.01016235351562 -24327.95703125
v -3966.309326171875 316.65078735351562 -24328.306640625
v -3965.995849609375 318.24432373046875 -24328.830078125
v -3960.54248046875 312.16513061523438 -24328.814453125
v -3956.8349609375 315.51925659179688 -24316.376953125
v -3958.688720703125 313.84219360351562 -24322.595703125
v -3957.279296875 315.41647338867188 -24316.216796875
v -3957.482421875 315.35714721679688 -24316.2890625
v -3958.20361328125 315.18704223632812 -24316.607421875
v -3958.969482421875 315.07080078125 -24317.041015625
v -3959.7080078125 315.01950073242188 -24317.529296875
v -3961.029296875 315.08209228515625 -24318.55859375
v -3961.0986328125 315.09121704101562 -24318.619140625
v -3961.78271484375 315.21487426757812 -24319.240234375
v -3962.42626953125 315.39190673828125 -24319.892578125
v -3962.870361328125 315.55267333984375 -24320.390625
v -3963.693603515625 315.94866943359375 -24321.46484375
v -3964.330078125 316.36282348632812 -24322.50390625
v -3964.5341796875 316.5208740234375 -24322.8984375
v -3964.75830078125 316.71124267578125 -24323.380859375
v -3964.861328125 316.80551147460938 -24323.623046875
v -3965.0830078125 317.0247802734375 -24324.203125
v -3965.33349609375 317.30426025390625 -24324.9921875
v -3965.5283203125 317.55032348632812 -24325.755859375
v -3965.680908203125 317.76364135742188 -24326.5
v -3965.78857421875 317.92559814453125 -24327.142578125
v -3965.801025390625 317.94497680664062 -24327.224609375
v -3965.898681640625 318.09768676757812 -24327.94921875
v -3965.98095703125 318.22314453125 -24328.68359375
v -3956.9814453125 315.47952270507812 -24316.32421875
v -3957.129638671875 315.44525146484375 -24316.26953125
v -3966.309326171875 316.65078735351562 -24328.306640625
v -3965.99658203125 315.01016235351562 -24327.95703125
v -3965.103271484375 313.56173706054688 -24327.83203125
v -3963.759765625 312.51663208007812 -24327.951171875
v -3962.161865234375 312.02734375 -24328.294921875
v -3956.8349609375 315.51925659179688 -24316.376953125
v -3954.788330078125 316.9466552734375 -24317.373046875
v -3956.050048828125 315.84320068359375 -24316.69921875
v -3955.3583984375 316.32562255859375 -24317.03515625
v -3956.755615234375 315.60354614257812 -24316.1015625
v -3956.794677734375 315.55880737304688 -24316.240234375
v -3954.85986328125 316.84188842773438 -24317.162109375
v -3954.9599609375 316.72494506835938 -24316.951171875
v -3955.216552734375 316.48858642578125 -24316.6015625
v -3955.327880859375 316.40093994140625 -24316.49609375
v -3955.738525390625 316.12060546875 -24316.236328125
v -3956.177734375 315.87124633789062 -24316.109375
v -3960.54248046875 312.16513061523438 -24328.814453125
v -3956.8349609375 315.51925659179688 -24316.376953125
v -3958.5712890625 318.64663696289062 -24331.150390625
v -3954.788330078125 316.9466552734375 -24317.373046875
v -3955.3583984375 316.32562255859375 -24317.03515625
v -3956.050048828125 315.84320068359375 -24316.69921875
v -3959.1767578125 312.87823486328125 -24329.4140625
v -3958.199462890625 314.06362915039062 -24330.025390625
v -3957.74462890625 315.55908203125 -24330.564453125
v -3957.87451171875 317.1597900390625 -24330.95703125
v -3958.688720703125 313.84219360351562 -24322.595703125
v -3958.116943359375 318.75198364257812 -24330.0390625
v -3957.81640625 318.79470825195312 -24329.3203125
v -3957.1640625 318.82418823242188 -24327.7578125
v -3956.6865234375 318.79330444335938 -24326.580078125
v -3956.621337890625 318.7855224609375 -24326.416015625
v -3956.573486328125 318.77926635742188 -24326.294921875
v -3956.22802734375 318.7188720703125 -24325.39453125
v -3955.8037109375 318.60272216796875 -24324.208984375
v -3955.679443359375 318.55792236328125 -24323.837890625
v -3955.42724609375 318.44741821289062 -24323.0390625
v -3955.111572265625 318.25650024414062 -24321.90234375
v -3955.0107421875 318.17617797851562 -24321.484375
v -3954.86865234375 318.03424072265625 -24320.814453125
v -3954.706298828125 317.78070068359375 -24319.779296875
v -3954.658935546875 317.6402587890625 -24319.27734375
v -3954.637939453125 317.49472045898438 -24318.802734375
v -3954.6416015625 317.36532592773438 -24318.416015625
v -3954.681884765625 317.1800537109375 -24317.916015625
v -3980.72900390625 309.42498779296875 -24321.8828125
v -3980.999267578125 310.94219970703125 -24321.05859375
v -3980.72900390625 309.42498779296875 -24321.8828125
v -3980.1787109375 310.84725952148438 -24321.029296875
v -3980.72900390625 309.42498779296875 -24321.8828125
v -3979.4775390625 310.47250366210938 -24321.2578125
v -3980.72900390625 309.42498779296875 -24321.8828125
v -3979.064697265625 309.9178466796875 -24321.6796875
v -3977.52587890625 310.81903076171875 -24322.04296875
v -3976.439453125 311.96127319335938 -24322.92578125
v -3980.72900390625 309.42498779296875 -24321.8828125
v -3979.021484375 309.28131103515625 -24322.224609375
v -3977.4443359375 309.62197875976562 -24323.06640625
v -3976.3330078125 310.40032958984375 -24324.2578125
v -3980.72900390625 309.42498779296875 -24321.8828125
v -3979.36328125 308.744384765625 -24322.734375
v -3978.08740234375 308.6123046875 -24324.025390625
v -3977.17138671875 309.08370971679688 -24325.5078125
v -3980.72900390625 309.42498779296875 -24321.8828125
v -3980.001708984375 308.41256713867188 -24323.107421875
v -3979.287841796875 307.98828125 -24324.7265625
v -3978.73681640625 308.26998901367188 -24326.423828125
v -3980.72900390625 309.42498779296875 -24321.8828125
v -3980.817626953125 308.3587646484375 -24323.263671875
v -3980.822021484375 307.88711547851562 -24325.021484375
v -3980.737548828125 308.13809204101562 -24326.80859375
v -3980.72900390625 309.42498779296875 -24321.8828125
v -3981.59423828125 308.6029052734375 -24323.158203125
v -3982.282958984375 308.34625244140625 -24324.822265625
v -3982.642333984375 308.73675537109375 -24326.548828125
v -3980.72900390625 309.42498779296875 -24321.8828125
v -3982.1591796875 309.07855224609375 -24322.82421875
v -3983.344970703125 309.24069213867188 -24324.1953125
v -3984.02734375 309.90310668945312 -24325.73046875
v -3980.72900390625 309.42498779296875 -24321.8828125
v -3982.3974609375 309.6937255859375 -24322.326171875
v -3983.79345703125 310.3975830078125 -24323.2578125
v -3984.612060546875 311.41168212890625 -24324.5078125
v -3980.72900390625 309.42498779296875 -24321.8828125
v -3982.23974609375 310.29733276367188 -24321.783203125
v -3983.49658203125 311.53265380859375 -24322.23828125
v -3984.22509765625 312.89178466796875 -24323.177734375
v -3980.72900390625 309.42498779296875 -24321.8828125
v -3981.73583984375 310.74240112304688 -24321.330078125
v -3980.999267578125 310.94219970703125 -24321.05859375
v -3984.37890625 314.005615234375 -24324.416015625
v -3984.75048828125 312.83840942382812 -24325.47265625
v -3984.545654296875 311.609375 -24326.505859375
v -3983.790283203125 310.47662353515625 -24327.380859375
v -3982.58203125 309.58590698242188 -24327.986328125
v -3981.075927734375 309.05178833007812 -24328.2421875
v -3979.4658203125 308.94305419921875 -24328.119140625
v -3976.552490234375 314.02517700195312 -24323.337890625
v -3976.92724609375 313.1846923828125 -24322.361328125
v -3976.982666015625 313.10507202148438 -24322.279296875
v -3977.09619140625 312.95703125 -24322.126953125
v -3977.690185546875 312.38668823242188 -24321.576171875
v -3978.468994140625 311.93572998046875 -24321.1640625
v -3978.935791015625 311.77001953125 -24321.009765625
v -3979.011474609375 311.74917602539062 -24320.990234375
v -3980.04150390625 311.60952758789062 -24320.8359375
v -3981.08642578125 311.7049560546875 -24320.890625
v -3981.08642578125 311.7049560546875 -24320.890625
v -3981.12939453125 311.71347045898438 -24320.8984375
v -3982.251708984375 312.06222534179688 -24321.23828125
v -3982.6640625 312.25384521484375 -24321.45703125
v -3983.474609375 312.75656127929688 -24322.130859375
v -3983.774169921875 313.00527954101562 -24322.513671875
v -3983.972412109375 313.2042236328125 -24322.845703125
v -3984.16064453125 313.44110107421875 -24323.271484375
v -3984.33154296875 313.77215576171875 -24323.919921875
v -3978.073486328125 309.23074340820312 -24327.681640625
v -3976.919677734375 309.85818481445312 -24326.984375
v -3976.129638671875 310.7572021484375 -24326.099609375
v -3975.789306640625 311.83013916015625 -24325.12890625
v -3975.935546875 312.96038818359375 -24324.171875
v -3979.4658203125 308.94305419921875 -24328.119140625
v -3978.320068359375 316.234619140625 -24336.56640625
v -3982.250732421875 313.36676025390625 -24332.126953125
v -3984.37890625 314.005615234375 -24324.416015625
v -3982.537353515625 311.54385375976562 -24330.015625
v -3980.64404296875 312.72848510742188 -24332.458984375
v -3980.930419921875 310.90557861328125 -24330.34765625
v -3980.357666015625 314.55136108398438 -24334.572265625
v -3981.075927734375 309.05178833007812 -24328.2421875
v -3982.58203125 309.58590698242188 -24327.986328125
v -3983.790283203125 310.47662353515625 -24327.380859375
v -3984.545654296875 311.609375 -24326.505859375
v -3984.75048828125 312.83840942382812 -24325.47265625
v -3978.701904296875 313.8040771484375 -24333.75
v -3979.083984375 311.37356567382812 -24330.935546875
v -3984.38427734375 314.09588623046875 -24324.615234375
v -3984.402587890625 314.39126586914062 -24325.32421875
v -3984.41552734375 314.65151977539062 -24326.03125
v -3984.418701171875 314.87860107421875 -24326.736328125
v -3984.4072265625 315.0745849609375 -24327.4375
v -3984.376708984375 315.24444580078125 -24328.1484375
v -3984.3203125 315.39132690429688 -24328.8828125
v -3984.230224609375 315.51495361328125 -24329.638671875
v -3984.1259765625 315.59814453125 -24330.26953125
v -3984.09716796875 315.6153564453125 -24330.41796875
v -3984.027099609375 315.65005493164062 -24330.744140625
v -3983.90966796875 315.69302368164062 -24331.21875
v -3983.65283203125 315.74929809570312 -24332.041015625
v -3982.83544921875 315.80996704101562 -24333.75
v -3981.8623046875 315.83908081054688 -24334.9921875
v -3981.202880859375 315.86895751953125 -24335.568359375
v -3980.891845703125 315.88858032226562 -24335.787109375
v -3979.6591796875 316.01004028320312 -24336.376953125
v -3976.552490234375 314.02517700195312 -24323.337890625
v -3975.998779296875 313.85116577148438 -24330.94140625
v -3979.4658203125 308.94305419921875 -24328.119140625
v -3976.288330078125 312.00830078125 -24328.806640625
v -3975.3017578125 315.02713012695312 -24329.83203125
v -3975.56201171875 314.51498413085938 -24326.544921875
v -3975.59130859375 313.18426513671875 -24327.697265625
v -3975.709228515625 315.69403076171875 -24333.078125
v -3979.083984375 311.37356567382812 -24330.935546875
v -3978.701904296875 313.8040771484375 -24333.75
v -3978.320068359375 316.234619140625 -24336.56640625
v -3977.625 316.39511108398438 -24336.474609375
v -3976.97021484375 316.57733154296875 -24336.240234375
v -3976.562744140625 316.70773315429688 -24336
v -3975.94775390625 316.93267822265625 -24335.439453125
v -3975.48388671875 317.12786865234375 -24334.73828125
v -3975.376953125 317.17623901367188 -24334.513671875
v -3974.977783203125 317.36160278320312 -24333.01953125
v -3974.918701171875 317.3770751953125 -24332.283203125
v -3974.921142578125 317.34796142578125 -24331.560546875
v -3974.969970703125 317.27816772460938 -24330.849609375
v -3975.0537109375 317.171142578125 -24330.15625
v -3975.163330078125 317.02999877929688 -24329.4765625
v -3975.167724609375 317.02420043945312 -24329.453125
v -3975.291259765625 316.85772705078125 -24328.81640625
v -3975.433837890625 316.65328979492188 -24328.162109375
v -3975.58837890625 316.41329956054688 -24327.50390625
v -3975.7509765625 316.13735961914062 -24326.84375
v -3975.916259765625 315.82546997070312 -24326.185546875
v -3976.079345703125 315.47769165039062 -24325.52734375
v -3976.23486328125 315.09457397460938 -24324.876953125
v -3976.505126953125 314.22531127929688 -24323.599609375
v -3975.935546875 312.96038818359375 -24324.171875
v -3975.789306640625 311.83013916015625 -24325.12890625
v -3976.129638671875 310.7572021484375 -24326.099609375
v -3976.919677734375 309.85818481445312 -24326.984375
v -3978.073486328125 309.23074340820312 -24327.681640625
v -4012.532958984375 280.77853393554688 -24308.005859375
v -4012.678466796875 282.44326782226562 -24309.548828125
v -4013.033447265625 282.43551635742188 -24309.599609375
v -4012.45703125 283.42022705078125 -24311.509765625
v -4012.81298828125 283.40731811523438 -24311.55078125
v -4012.2548828125 283.6280517578125 -24313.689453125
v -4012.612060546875 283.61404418945312 -24313.71875
v -4011.73681640625 283.03286743164062 -24315.77734375
v -4011.748779296875 283.03347778320312 -24315.77734375
v -4011.7607421875 283.0340576171875 -24315.779296875
v -4011.941650390625 283.13949584960938 -24315.576171875
v -4012.56103515625 283.44577026367188 -24314.689453125
v -4013.041015625 283.57565307617188 -24313.6796875
v -4013.1416015625 283.57916259765625 -24313.40625
v -4013.433837890625 283.47344970703125 -24312.314453125
v -4013.55908203125 283.22174072265625 -24311.33984375
v -4013.56787109375 283.1607666015625 -24311.16796875
v -4013.5302734375 282.71731567382812 -24310.189453125
v -4013.33837890625 282.1407470703125 -24309.302734375
v -4013.298583984375 282.050048828125 -24309.1875
v -4012.794921875 281.15084838867188 -24308.279296875
v -4012.394287109375 281.93121337890625 -24308.92578125
v -4012.246337890625 282.82476806640625 -24310.09765625
v -4012.09814453125 283.40594482421875 -24311.453125
v -4011.95849609375 283.64007568359375 -24312.908203125
v -4011.83544921875 283.51318359375 -24314.37890625
v -3994.658203125 276.81878662109375 -24305.521484375
v -3992.8662109375 278.87615966796875 -24306.0546875
v -3993.424560546875 278.95343017578125 -24305.986328125
v -3993.97314453125 279.0093994140625 -24305.966796875
v -3991.079833984375 280.13751220703125 -24307.626953125
v -3991.576171875 280.35589599609375 -24307.474609375
v -3992.113037109375 280.54855346679688 -24307.353515625
v -3992.66748046875 280.70516967773438 -24307.271484375
v -3993.221435546875 280.82223510742188 -24307.23046875
v -3993.767333984375 280.90118408203125 -24307.224609375
v -3990.892333984375 281.2025146484375 -24309.154296875
v -3991.37841796875 281.47793579101562 -24309.08203125
v -3991.90673828125 281.71939086914062 -24309.03125
v -3992.45458984375 281.91397094726562 -24309.00390625
v -3993.00390625 282.05734252929688 -24309
v -3993.547119140625 282.15151977539062 -24309.017578125
v -3990.712890625 281.647216796875 -24310.939453125
v -3991.189697265625 281.94644165039062 -24310.96484375
v -3991.709716796875 282.20831298828125 -24310.994140625
v -3992.251220703125 282.41873168945312 -24311.03125
v -3992.796142578125 282.57308959960938 -24311.0703125
v -3993.336669921875 282.67361450195312 -24311.11328125
v -3991.031494140625 281.71762084960938 -24312.892578125
v -3991.544677734375 281.96954345703125 -24313.005859375
v -3992.080810546875 282.1722412109375 -24313.107421875
v -3992.6220703125 282.32122802734375 -24313.193359375
v -3993.16064453125 282.41860961914062 -24313.26171875
v -3991.962646484375 281.15158081054688 -24315.037109375
v -3992.501220703125 281.27835083007812 -24315.1640625
v -3993.038330078125 281.3629150390625 -24315.2578125
v -3993.5234375 279.75341796875 -24316.755859375
v -3993.536865234375 280.7066650390625 -24316.05859375
v -3993.572998046875 281.507080078125 -24315.19140625
v -3993.630615234375 282.12432861328125 -24314.185546875
v -3994.1064453125 277.10891723632812 -24305.513671875
v -3993.652099609375 277.3870849609375 -24305.55859375
v -3992.42919921875 278.347900390625 -24305.986328125
v -3992.281005859375 278.48953247070312 -24306.080078125
v -3991.849853515625 278.94058227539062 -24306.419921875
v -3991.44189453125 279.42770385742188 -24306.875
v -3991.295166015625 279.619873046875 -24307.08203125
v -3990.880615234375 280.21878051757812 -24307.8671875
v -3990.600830078125 280.68020629882812 -24308.685546875
v -3990.398681640625 281.0576171875 -24309.65234375
v -3990.31005859375 281.2591552734375 -24310.478515625
v -3990.30078125 281.37814331054688 -24311.6015625
v -3990.379638671875 281.36294555664062 -24312.42578125
v -3990.518310546875 281.28305053710938 -24313.146484375
v -3990.62939453125 281.212158203125 -24313.55078125
v -3991.195068359375 280.859375 -24314.830078125
v -3991.279296875 280.81002807617188 -24314.96484375
v -3991.3740234375 280.7557373046875 -24315.10546875
v -3991.833251953125 280.5072021484375 -24315.666015625
v -3992.302978515625 280.27560424804688 -24316.091796875
v -3993.731689453125 282.61114501953125 -24312.755859375
v -3993.85791015625 282.72885131835938 -24311.25390625
v -3994.001220703125 282.47012329101562 -24309.76953125
v -3994.153076171875 281.85101318359375 -24308.396484375
v -3994.303466796875 280.91009521484375 -24307.22265625
v -3994.443603515625 279.70587158203125 -24306.31640625
v -3994.564208984375 278.31320190429688 -24305.73828125
v -3993.630615234375 282.12432861328125 -24314.185546875
v -4011.73681640625 283.03286743164062 -24315.77734375
v -4002.68359375 282.57861328125 -24314.98046875
v -4012.532958984375 280.77853393554688 -24308.005859375
v -4012.080078125 280.21197509765625 -24307.666015625
v -4011.703125 279.79241943359375 -24307.455078125
v -4010.4765625 278.6556396484375 -24307.02734375
v -4009.149169921875 277.70611572265625 -24306.80078125
v -4008.828125 277.51034545898438 -24306.767578125
v -4007.747314453125 276.93267822265625 -24306.68359375
v -4006.295166015625 276.32821655273438 -24306.615234375
v -4004.816162109375 275.88546752929688 -24306.5546875
v -4003.33349609375 275.59600830078125 -24306.4765625
v -4002.597412109375 275.50582885742188 -24306.42578125
v -4001.867919921875 275.45028686523438 -24306.365234375
v -4001.1474609375 275.4281005859375 -24306.298828125
v -4000.438232421875 275.43795776367188 -24306.224609375
v -3999.7421875 275.47842407226562 -24306.14453125
v -3999.06103515625 275.54818725585938 -24306.05859375
v -3998.46875 275.63375854492188 -24305.982421875
v -3998.38427734375 275.64785766601562 -24305.970703125
v -3997.701904296875 275.78033447265625 -24305.87890625
v -3997.015869140625 275.94741821289062 -24305.787109375
v -3996.329345703125 276.1510009765625 -24305.697265625
v -3995.645263671875 276.39291381835938 -24305.615234375
v -3994.967041015625 276.67507934570312 -24305.546875
v -3994.658203125 276.81878662109375 -24305.521484375
v -4011.83544921875 283.51318359375 -24314.37890625
v -4011.95849609375 283.64007568359375 -24312.908203125
v -4012.09814453125 283.40594482421875 -24311.453125
v -4012.246337890625 282.82476806640625 -24310.09765625
v -4012.394287109375 281.93121337890625 -24308.92578125
v -3994.564208984375 278.31320190429688 -24305.73828125
v -3994.443603515625 279.70587158203125 -24306.31640625
v -3994.303466796875 280.91009521484375 -24307.22265625
v -3994.153076171875 281.85101318359375 -24308.396484375
v -3994.001220703125 282.47012329101562 -24309.76953125
v -3993.85791015625 282.72885131835938 -24311.25390625
v -3993.731689453125 282.61114501953125 -24312.755859375
v -4011.73681640625 283.03286743164062 -24315.77734375
v -4011.7607421875 283.0340576171875 -24315.779296875
v -4011.73486328125 283.01852416992188 -24315.806640625
v -4011.73583984375 283.02572631835938 -24315.791015625
v -4011.748779296875 283.03347778320312 -24315.77734375
v -4011.741455078125 283.02239990234375 -24315.798828125
v -4011.747802734375 283.02630615234375 -24315.79296875
v -4011.75439453125 283.03018188476562 -24315.78515625
v -3993.630615234375 282.12432861328125 -24314.185546875
v -4011.73681640625 283.03286743164062 -24315.77734375
v -4011.73486328125 283.01852416992188 -24315.806640625
v -4011.73583984375 283.02572631835938 -24315.791015625
v -3993.572998046875 281.507080078125 -24315.19140625
v -3993.536865234375 280.7066650390625 -24316.05859375
v -3993.5234375 279.75341796875 -24316.755859375
v -4002.68359375 282.57861328125 -24314.98046875
v -3993.532958984375 279.749755859375 -24316.759765625
v -3994.200439453125 279.50595092773438 -24316.97265625
v -3994.879150390625 279.29052734375 -24317.154296875
v -3995.564208984375 279.10452270507812 -24317.3125
v -3996.25146484375 278.94839477539062 -24317.44921875
v -3996.927001953125 278.8238525390625 -24317.56640625
v -3996.937255859375 278.82220458984375 -24317.56640625
v -3997.618408203125 278.72564697265625 -24317.669921875
v -3998.304443359375 278.65707397460938 -24317.763671875
v -3999.005859375 278.61663818359375 -24317.84765625
v -3999.720703125 278.60629272460938 -24317.923828125
v -4000.446533203125 278.62783813476562 -24317.990234375
v -4001.181396484375 278.68267822265625 -24318.05078125
v -4001.9228515625 278.77197265625 -24318.1015625
v -4003.416748046875 279.05654907226562 -24318.16796875
v -4003.876953125 279.17257690429688 -24318.17578125
v -4004.911376953125 279.48239135742188 -24318.171875
v -4006.390625 280.04254150390625 -24318.08203125
v -4007.260498046875 280.43508911132812 -24317.96875
v -4007.84033203125 280.72161865234375 -24317.857421875
v -4009.249755859375 281.49453735351562 -24317.439453125
v -4010.614013671875 282.32305908203125 -24316.740234375
v -4001.97998046875 292.6005859375 -24321.31640625
v -4003.3564453125 293.38665771484375 -24320.32421875
v -4005.058349609375 293.66653442382812 -24319.4140625
v -4006.87646484375 293.3603515625 -24318.71484375
v -4008.557373046875 292.52484130859375 -24318.3203125
v -4009.89013671875 291.349365234375 -24318.240234375
v -4004.503173828125 293.90231323242188 -24322.1953125
v -4006.029052734375 294.10317993164062 -24320.998046875
v -4007.56787109375 293.67132568359375 -24319.84375
v -4008.906494140625 292.681884765625 -24318.890625
v -4009.89013671875 291.349365234375 -24318.240234375
v -4006.057861328125 293.68115234375 -24323.814453125
v -4007.345703125 293.9158935546875 -24322.3671875
v -4008.50537109375 293.53793334960938 -24320.818359375
v -4009.3798828125 292.61453247070312 -24319.3828125
v -4009.89013671875 291.349365234375 -24318.240234375
v -4009.418212890625 291.27005004882812 -24325.37890625
v -4010.191162109375 291.87420654296875 -24323.693359375
v -4010.53173828125 292.08401489257812 -24321.76171875
v -4010.4033203125 291.8802490234375 -24319.859375
v -4009.89013671875 291.349365234375 -24318.240234375
v -4011.287353515625 290.33062744140625 -24323.447265625
v -4011.312255859375 290.98483276367188 -24321.587890625
v -4010.797607421875 291.32513427734375 -24319.771484375
v -4009.89013671875 291.349365234375 -24318.240234375
v -4011.7685546875 289.85028076171875 -24320.994140625
v -4011.028076171875 290.752197265625 -24319.470703125
v -4009.89013671875 291.349365234375 -24318.240234375
v -4011.5390625 286.34310913085938 -24319.759765625
v -4011.491455078125 288.14523315429688 -24318.9609375
v -4010.88818359375 289.89108276367188 -24318.4453125
v -4009.89013671875 291.349365234375 -24318.240234375
v -4009.863525390625 284.22256469726562 -24318.86328125
v -4010.568115234375 285.90646362304688 -24318.17578125
v -4010.800048828125 287.83425903320312 -24317.833984375
v -4010.538818359375 289.73406982421875 -24317.875
v -4009.89013671875 291.349365234375 -24318.240234375
v -4008.308837890625 284.4437255859375 -24317.24609375
v -4009.251708984375 286.09371948242188 -24316.806640625
v -4009.86279296875 287.9676513671875 -24316.857421875
v -4010.0654296875 289.80142211914062 -24317.3828125
v -4009.89013671875 291.349365234375 -24318.240234375
v -4004.9482421875 286.85479736328125 -24315.6796875
v -4006.406005859375 288.13540649414062 -24315.48046875
v -4007.836181640625 289.42156982421875 -24315.9140625
v -4009.0419921875 290.53567504882812 -24316.90625
v -4009.89013671875 291.349365234375 -24318.240234375
v -4003.654052734375 288.67764282226562 -24315.970703125
v -4005.31005859375 289.67898559570312 -24315.7265625
v -4007.0556640625 290.520751953125 -24316.08984375
v -4008.64794921875 291.09078979492188 -24316.994140625
v -4009.89013671875 291.349365234375 -24318.240234375
v -4002.89697265625 290.55908203125 -24316.955078125
v -4004.669189453125 291.27215576171875 -24316.560546875
v -4006.599365234375 291.65530395507812 -24316.68359375
v -4008.41748046875 291.66375732421875 -24317.294921875
v -4009.89013671875 291.349365234375 -24318.240234375
v -4001.97998046875 292.6005859375 -24321.31640625
v -4003.3564453125 293.38665771484375 -24320.32421875
v -4005.058349609375 293.66653442382812 -24319.4140625
v -4006.87646484375 293.3603515625 -24318.71484375
v -4008.557373046875 292.52484130859375 -24318.3203125
v -4009.89013671875 291.349365234375 -24318.240234375
v -4008.90234375 290.84628295898438 -24326.0703125
v -4007.78369140625 292.75680541992188 -24324.931640625
v -4005.414306640625 293.34893798828125 -24324.447265625
v -4007.205810546875 292.38949584960938 -24325.607421875
v -4009.849853515625 291.614501953125 -24324.5859375
v -4008.80712890625 293.1331787109375 -24323.314453125
v -4006.70263671875 293.87261962890625 -24323.12109375
v -4008.319091796875 293.0069580078125 -24324.16796875
v -4010.42041015625 292.03195190429688 -24322.744140625
v -4009.546142578125 292.98056030273438 -24321.4921875
v -4007.95166015625 293.80319213867188 -24321.59375
v -4009.219482421875 293.1241455078125 -24322.4140625
v -4010.523681640625 292.03070068359375 -24320.7890625
v -4009.905517578125 292.33303833007812 -24319.72265625
v -4008.986083984375 293.1339111328125 -24320.072265625
v -4009.775634765625 292.71096801757812 -24320.583984375
v -4004.2626953125 286.26336669921875 -24316.00390625
v -4006.582763671875 285.3680419921875 -24316.12890625
v -4007.750732421875 283.76071166992188 -24317.62890625
v -4005.959228515625 284.72015380859375 -24316.46875
v -4005.66357421875 287.47940063476562 -24315.50390625
v -4007.790283203125 286.87643432617188 -24315.859375
v -4008.810791015625 285.22128295898438 -24316.96875
v -4007.1943359375 286.08697509765625 -24315.921875
v -4002.6103515625 293.04324340820312 -24320.82421875
v -4002.79248046875 292.212646484375 -24318.484375
v -4002.133544921875 290.10830688476562 -24317.328125
v -4002.025146484375 291.82467651367188 -24318.9140625
v -4004.1728515625 293.5968017578125 -24319.853515625
v -4004.58056640625 292.67239379882812 -24317.85546875
v -4003.742431640625 290.94863891601562 -24316.697265625
v -4003.64453125 292.497314453125 -24318.12890625
v -4005.96728515625 293.58685302734375 -24319.03125
v -4006.536376953125 292.65243530273438 -24317.60546875
v -4005.629638671875 291.50967407226562 -24316.5546875
v -4005.552978515625 292.72439575195312 -24317.677734375
v -4007.75 292.9991455078125 -24318.4765625
v -4008.385498046875 292.16732788085938 -24317.759765625
v -4007.539794921875 291.70541381835938 -24316.935546875
v -4007.491943359375 292.46200561523438 -24317.634765625
v -4003.800537109375 293.5784912109375 -24322.767578125
v -4003.8662109375 293.7342529296875 -24321.275390625
v -4002.6103515625 293.04324340820312 -24320.82421875
v -4003.139404296875 293.404052734375 -24321.810546875
v -4005.24658203125 294.07977294921875 -24321.60546875
v -4005.48974609375 293.96087646484375 -24320.216796875
v -4004.1728515625 293.5968017578125 -24319.853515625
v -4004.650146484375 293.92236328125 -24320.7421875
v -4006.8095703125 293.96566772460938 -24320.404296875
v -4007.18359375 293.56997680664062 -24319.287109375
v -4005.96728515625 293.58685302734375 -24319.03125
v -4006.341552734375 293.84219360351562 -24319.728515625
v -4008.274658203125 293.235107421875 -24319.33203125
v -4008.71240234375 292.63070678710938 -24318.609375
v -4007.75 292.9991455078125 -24318.4765625
v -4007.983154296875 293.158203125 -24318.91015625
v -4003.11767578125 293.1339111328125 -24323.1953125
v -4004.655029296875 292.96307373046875 -24324.84375
v -4006.37890625 292.11175537109375 -24326.03125
v -4008.0498046875 290.69818115234375 -24326.595703125
v -4009.435791015625 288.91848754882812 -24326.455078125
v -4009.636474609375 289.06890869140625 -24326.279296875
v -4009.963134765625 289.2845458984375 -24325.95703125
v -4010.740966796875 289.60665893554688 -24324.982421875
v -4010.886474609375 289.62692260742188 -24324.763671875
v -4011.53076171875 289.46121215820312 -24323.5859375
v -4011.94091796875 288.8575439453125 -24322.44921875
v -4012.061279296875 288.1475830078125 -24321.6796875
v -4012.0185546875 287.43515014648438 -24321.13671875
v -4012.010009765625 287.37985229492188 -24321.1015625
v -4011.51611328125 285.82318115234375 -24320.375
v -4011.3232421875 285.4456787109375 -24320.267578125
v -4010.988525390625 284.8978271484375 -24320.158203125
v -4010.69189453125 284.48931884765625 -24320.115234375
v -4009.600830078125 283.3636474609375 -24320.208984375
v -4009.198486328125 283.05349731445312 -24320.314453125
v -4007.8154296875 283.03558349609375 -24318.66015625
v -4006.202880859375 283.65225219726562 -24317.369140625
v -4004.564453125 284.82559204101562 -24316.60546875
v -4003.10693359375 286.407470703125 -24316.4609375
v -4002.014404296875 288.1981201171875 -24316.958984375
v -4001.425048828125 289.97140502929688 -24318.033203125
v -4001.412841796875 291.50338745117188 -24319.55078125
v -4009.198486328125 283.05349731445312 -24320.314453125
v -3990.870849609375 283.21463012695312 -24330.7109375
v -4001.97998046875 292.6005859375 -24321.31640625
v -4008.291015625 282.43438720703125 -24320.544921875
v -4006.903564453125 281.60745239257812 -24320.763671875
v -4005.449462890625 280.90557861328125 -24320.896484375
v -4003.933349609375 280.35336303710938 -24320.994140625
v -4003.72265625 280.2908935546875 -24321.0078125
v -4002.4296875 279.98199462890625 -24321.09765625
v -4002.35888671875 279.96875 -24321.103515625
v -4000.726806640625 279.76531982421875 -24321.26953125
v -3999.885986328125 279.73562622070312 -24321.392578125
v -3999.02392578125 279.75677490234375 -24321.552734375
v -3998.133544921875 279.83221435546875 -24321.765625
v -3997.201904296875 279.9678955078125 -24322.048828125
v -3996.8857421875 280.02676391601562 -24322.162109375
v -3996.202392578125 280.17562866210938 -24322.439453125
v -3996.108642578125 280.19827270507812 -24322.48046875
v -3995.07177734375 280.484619140625 -24323.017578125
v -3993.492431640625 281.04043579101562 -24324.166015625
v -3993.271240234375 281.12991333007812 -24324.369140625
v -3992.076416015625 281.67221069335938 -24325.74609375
v -3991.567626953125 281.94973754882812 -24326.552734375
v -3991.4609375 282.0146484375 -24326.751953125
v -3990.878662109375 282.47210693359375 -24328.244140625
v -3990.70654296875 282.79232788085938 -24329.3359375
v -3990.752685546875 283.05615234375 -24330.212890625
v -3990.795166015625 283.12469482421875 -24330.431640625
v -4001.412841796875 291.50338745117188 -24319.55078125
v -4001.425048828125 289.97140502929688 -24318.033203125
v -4002.014404296875 288.1981201171875 -24316.958984375
v -4003.10693359375 286.407470703125 -24316.4609375
v -4004.564453125 284.82559204101562 -24316.60546875
v -4006.202880859375 283.65225219726562 -24317.369140625
v -4007.8154296875 283.03558349609375 -24318.66015625
v -3996.42529296875 287.9075927734375 -24326.013671875
v -4001.97998046875 292.6005859375 -24321.31640625
v -4009.435791015625 288.91848754882812 -24326.455078125
v -4008.0498046875 290.69818115234375 -24326.595703125
v -4006.37890625 292.11175537109375 -24326.03125
v -4004.655029296875 292.96307373046875 -24324.84375
v -4003.11767578125 293.1339111328125 -24323.1953125
v -3990.870849609375 283.21463012695312 -24330.7109375
v -3990.9560546875 283.293701171875 -24330.947265625
v -3991.292236328125 283.517333984375 -24331.5703125
v -3991.74853515625 283.7332763671875 -24332.091796875
v -3992.317138671875 283.94488525390625 -24332.515625
v -3993.62255859375 284.32562255859375 -24333.041015625
v -3993.764892578125 284.3619384765625 -24333.07421875
v -3995.057373046875 284.6649169921875 -24333.23046875
v -3995.578125 284.77691650390625 -24333.234375
v -3997.677490234375 285.19735717773438 -24332.978515625
v -3999.7841796875 285.60333251953125 -24332.3828125
v -3999.9541015625 285.63653564453125 -24332.322265625
v -4002.276611328125 286.11688232421875 -24331.31640625
v -4003.69921875 286.45388793945312 -24330.55078125
v -4004.5078125 286.66961669921875 -24330.068359375
v -4004.943603515625 286.79550170898438 -24329.79296875
v -4006.525390625 287.330322265625 -24328.71875
v -4008.2431640625 288.1287841796875 -24327.423828125
v -3996.42529296875 287.9075927734375 -24326.013671875
v -3978.697509765625 291.66156005859375 -24343.853515625
v -3978.54150390625 293.71347045898438 -24343.17578125
v -3978.222900390625 294.197021484375 -24343.81640625
v -3977.7509765625 294.61212158203125 -24344.43359375
v -3977.14404296875 294.93484497070312 -24344.994140625
v -3976.427001953125 295.14981079101562 -24345.47265625
v -3975.643310546875 295.24752807617188 -24345.84375
v -3977.744384765625 294.9578857421875 -24341.9921875
v -3977.468994140625 295.37374877929688 -24342.69921875
v -3977.069580078125 295.67547607421875 -24343.423828125
v -3976.56201171875 295.84310913085938 -24344.130859375
v -3975.967041015625 295.86764526367188 -24344.791015625
v -3975.320556640625 295.75115966796875 -24345.365234375
v -3974.66162109375 295.51083374023438 -24345.830078125
v -3976.3173828125 295.78512573242188 -24341.0859375
v -3976.11962890625 296.156005859375 -24341.83984375
v -3975.850341796875 296.38235473632812 -24342.6484375
v -3975.5205078125 296.4468994140625 -24343.46875
v -3975.14404296875 296.34481811523438 -24344.267578125
v -3974.7431640625 296.0859375 -24344.998046875
v -3974.341552734375 295.69635009765625 -24345.625
v -3974.472412109375 296.05255126953125 -24340.603515625
v -3974.375 296.40887451171875 -24341.38671875
v -3974.273681640625 296.61087036132812 -24342.236328125
v -3974.173828125 296.64208984375 -24343.1171875
v -3974.079833984375 296.49908447265625 -24343.990234375
v -3973.99658203125 296.19415283203125 -24344.802734375
v -3973.927734375 295.75631713867188 -24345.517578125
v -3972.583740234375 295.68502807617188 -24340.666015625
v -3972.5888671875 296.06134033203125 -24341.443359375
v -3972.659912109375 296.29681396484375 -24342.2890625
v -3972.79541015625 296.37384033203125 -24343.162109375
v -3972.990234375 296.28707885742188 -24344.025390625
v -3973.232177734375 296.04544067382812 -24344.828125
v -3973.504150390625 295.67388916015625 -24345.53125
v -3971.036865234375 294.77804565429688 -24341.23828125
v -3971.126220703125 295.20370483398438 -24341.984375
v -3971.338134765625 295.52178955078125 -24342.779296875
v -3971.666259765625 295.71185302734375 -24343.580078125
v -3972.097900390625 295.763916015625 -24344.35546875
v -3972.606201171875 295.67837524414062 -24345.05859375
v -3973.1572265625 295.47048950195312 -24345.66015625
v -3970.067138671875 293.4937744140625 -24342.21484375
v -3970.20947265625 293.98928833007812 -24342.908203125
v -3970.509521484375 294.42437744140625 -24343.61328125
v -3970.958740234375 294.77447509765625 -24344.29296875
v -3971.538818359375 295.02310180664062 -24344.91796875
v -3972.213623046875 295.15863037109375 -24345.455078125
v -3972.93994140625 295.18246459960938 -24345.87890625
v -3969.866943359375 291.44302368164062 -24342.845703125
v -3969.891357421875 292.28271484375 -24343.673828125
v -3969.99853515625 292.65679931640625 -24344.021484375
v -3970.4111328125 293.42324829101562 -24344.69140625
v -3970.82763671875 293.9058837890625 -24345.0859375
v -3971.677001953125 294.55374145507812 -24345.591796875
v -3972.248046875 294.84042358398438 -24345.806640625
v -3972.935546875 295.07296752929688 -24345.982421875
v -3973.440673828125 295.17684936523438 -24346.06640625
v -3973.582763671875 295.19659423828125 -24346.083984375
v -3973.725830078125 295.21234130859375 -24346.09765625
v -3973.9013671875 295.22613525390625 -24346.11328125
v -3974.02734375 295.2322998046875 -24346.12109375
v -3974.153564453125 295.23532104492188 -24346.126953125
v -3974.506103515625 295.22720336914062 -24346.134765625
v -3974.85693359375 295.19461059570312 -24346.126953125
v -3975.545654296875 295.0567626953125 -24346.068359375
v -3976.404052734375 294.73153686523438 -24345.90234375
v -3977.165771484375 294.26138305664062 -24345.638671875
v -3977.734619140625 293.744384765625 -24345.330078125
v -3977.98193359375 293.44940185546875 -24345.14453125
v -3978.277587890625 292.99948120117188 -24344.84765625
v -3978.473388671875 292.59298706054688 -24344.564453125
v -3978.655029296875 291.979248046875 -24344.107421875
v -3978.796142578125 292.74374389648438 -24342.93359375
v -3978.448974609375 293.76580810546875 -24342.00390625
v -3977.691162109375 294.62594604492188 -24341.16015625
v -3976.59814453125 295.23846435546875 -24340.482421875
v -3975.278564453125 295.5423583984375 -24340.041015625
v -3973.864013671875 295.50735473632812 -24339.87890625
v -3972.495361328125 295.13690185546875 -24340.013671875
v -3971.30908203125 294.46795654296875 -24340.4296875
v -3970.423095703125 293.567138671875 -24341.087890625
v -3969.92578125 292.52420043945312 -24341.919921875
v -3976.566650390625 286.31155395507812 -24329.3671875
v -3976.510009765625 286.75668334960938 -24329.814453125
v -3974.947021484375 286.65744018554688 -24329.689453125
v -3975.467041015625 286.73681640625 -24329.69140625
v -3975.990478515625 286.77005004882812 -24329.732421875
v -3976.21240234375 286.40133666992188 -24329.375
v -3975.85888671875 286.48348999023438 -24329.41796875
v -3975.5087890625 286.55685424804688 -24329.494140625
v -3975.16552734375 286.62091064453125 -24329.6015625
v -3976.5400390625 286.54495239257812 -24329.5859375
v -3978.70654296875 289.93350219726562 -24336.359375
v -3972.460693359375 290.37799072265625 -24335.12890625
v -3979.05224609375 287.73388671875 -24333.810546875
v -3979.403564453125 288.75753784179688 -24337.46875
v -3979.749267578125 286.55792236328125 -24334.919921875
v -3978.36083984375 292.13311767578125 -24338.908203125
v -3979.087158203125 289.62646484375 -24341.169921875
v -3979.057861328125 290.9571533203125 -24340.017578125
v -3971.2431640625 289.33828735351562 -24335.861328125
v -3972.115234375 292.57760620117188 -24337.677734375
v -3970.8974609375 291.53790283203125 -24338.41015625
v -3976.510009765625 286.75668334960938 -24329.814453125
v -3975.990478515625 286.77005004882812 -24329.732421875
v -3975.467041015625 286.73681640625 -24329.69140625
v -3974.947021484375 286.65744018554688 -24329.689453125
v -3978.697509765625 291.66156005859375 -24343.853515625
v -3978.78173828125 290.72030639648438 -24343.025390625
v -3978.928466796875 289.57736206054688 -24341.826171875
v -3979.1201171875 288.55691528320312 -24340.525390625
v -3979.34375 287.66864013671875 -24339.14453125
v -3979.45361328125 287.29409790039062 -24338.466796875
v -3979.458984375 287.27688598632812 -24338.43359375
v -3979.5283203125 287.05343627929688 -24337.9921875
v -3979.5703125 286.92135620117188 -24337.71484375
v -3979.6728515625 286.60284423828125 -24336.990234375
v -3979.76171875 286.3221435546875 -24336.265625
v -3979.83154296875 286.07974243164062 -24335.546875
v -3979.876953125 285.87615966796875 -24334.8359375
v -3979.89306640625 285.70895385742188 -24334.125
v -3979.87158203125 285.57864379882812 -24333.408203125
v -3979.80126953125 285.49020385742188 -24332.69140625
v -3979.66748046875 285.4493408203125 -24331.982421875
v -3979.46728515625 285.46035766601562 -24331.3359375
v -3973.816650390625 286.80535888671875 -24330.3515625
v -3973.010009765625 286.88308715820312 -24331.080078125
v -3972.77490234375 286.90512084960938 -24331.34375
v -3972.29345703125 286.95684814453125 -24331.984375
v -3971.84423828125 287.02664184570312 -24332.740234375
v -3971.498779296875 287.112548828125 -24333.474609375
v -3971.227783203125 287.21890258789062 -24334.19140625
v -3971.0126953125 287.3475341796875 -24334.890625
v -3970.8408203125 287.49899291992188 -24335.5703125
v -3970.702392578125 287.67306518554688 -24336.232421875
v -3970.6455078125 287.76458740234375 -24336.54296875
v -3970.588134765625 287.87295532226562 -24336.88671875
v -3970.490966796875 288.10336303710938 -24337.54296875
v -3970.4072265625 288.36593627929688 -24338.197265625
v -3970.3330078125 288.66204833984375 -24338.8515625
v -3970.2646484375 288.99282836914062 -24339.5
v -3970.19873046875 289.35916137695312 -24340.140625
v -3970.062255859375 290.20025634765625 -24341.390625
v -3969.907470703125 291.18490600585938 -24342.572265625
v -3969.866943359375 291.44302368164062 -24342.845703125
v -3969.92578125 292.52420043945312 -24341.919921875
v -3970.423095703125 293.567138671875 -24341.087890625
v -3971.30908203125 294.46795654296875 -24340.4296875
v -3972.495361328125 295.13690185546875 -24340.013671875
v -3973.864013671875 295.50735473632812 -24339.87890625
v -3975.278564453125 295.5423583984375 -24340.041015625
v -3976.59814453125 295.23846435546875 -24340.482421875
v -3977.691162109375 294.62594604492188 -24341.16015625
v -3978.448974609375 293.76580810546875 -24342.00390625
v -3978.796142578125 292.74374389648438 -24342.93359375
v -3978.67333984375 286.10498046875 -24330.671875
v -3977.6630859375 286.54788208007812 -24330.15234375
v -3975.818603515625 291.15591430664062 -24334.912109375
v -3974.0673828125 291.01626586914062 -24334.794921875
v -3979.46728515625 285.46035766601562 -24331.3359375
v -3976.510009765625 286.75668334960938 -24329.814453125
v -3979.449951171875 285.46310424804688 -24331.291015625
v -3979.406982421875 285.47076416015625 -24331.189453125
v -3979.091064453125 285.54733276367188 -24330.640625
v -3978.650634765625 285.67926025390625 -24330.15625
v -3978.123291015625 285.84750366210938 -24329.78125
v -3977.627685546875 286.00442504882812 -24329.55859375
v -3977.534912109375 286.0330810546875 -24329.52734375
v -3976.566650390625 286.31155395507812 -24329.3671875
v -3976.5400390625 286.54495239257812 -24329.5859375
v -3977.6630859375 286.54788208007812 -24330.15234375
v -3978.67333984375 286.10498046875 -24330.671875
v -4008.819091796875 279.59182739257812 -24293.884765625
v -4010.906494140625 278.60760498046875 -24291.94921875
v -4009.76953125 278.9222412109375 -24294.060546875
v -4010.308349609375 278.74200439453125 -24293.576171875
v -4010.020751953125 278.30078125 -24294.548828125
v -4009.7138671875 276.93597412109375 -24295.693359375
v -4009.039306640625 279.25213623046875 -24294.279296875
v -4009.23388671875 278.86428833007812 -24294.64453125
v -4009.400634765625 278.43313598632812 -24294.970703125
v -4009.537109375 277.96405029296875 -24295.2578125
v -4009.64208984375 277.462890625 -24295.498046875
v -4010.697998046875 278.815185546875 -24292.2265625
v -4010.468505859375 278.99920654296875 -24292.498046875
v -4010.220947265625 279.1588134765625 -24292.759765625
v -4009.958251953125 279.29354858398438 -24293.01171875
v -4009.68359375 279.403564453125 -24293.251953125
v -4009.400390625 279.48928833007812 -24293.4765625
v -4009.111083984375 279.55166625976562 -24293.6875
v -4009.8251953125 277.03280639648438 -24295.576171875
v -4009.852294921875 277.05673217773438 -24295.544921875
v -4010.095947265625 277.28384399414062 -24295.23828125
v -4010.3095703125 277.5020751953125 -24294.90625
v -4010.4921875 277.70928955078125 -24294.548828125
v -4010.6435546875 277.9034423828125 -24294.169921875
v -4010.692138671875 277.97256469726562 -24294.021484375
v -4010.7783203125 278.10867309570312 -24293.705078125
v -4010.8603515625 278.267822265625 -24293.28125
v -4010.90869140625 278.4051513671875 -24292.845703125
v -4010.923828125 278.51895141601562 -24292.400390625
v -3991.57470703125 274.8795166015625 -24295.99609375
v -3989.83984375 277.3870849609375 -24297.5234375
v -3990.333984375 277.35891723632812 -24296.765625
v -3990.927001953125 277.3115234375 -24296.1328125
v -3989.66650390625 278.80242919921875 -24299.662109375
v -3989.94482421875 279.11239624023438 -24298.83203125
v -3990.36767578125 279.3406982421875 -24298.0390625
v -3990.906494140625 279.47760009765625 -24297.32421875
v -3991.525146484375 279.52511596679688 -24296.71484375
v -3990.4755859375 279.4876708984375 -24301.751953125
v -3990.8740234375 280.16586303710938 -24301.326171875
v -3991.399169921875 280.75442504882812 -24300.8359375
v -3992.019775390625 281.20611572265625 -24300.31640625
v -3992.6982421875 281.50067138671875 -24299.794921875
v -3993.397216796875 281.6387939453125 -24299.294921875
v -3991 279.48654174804688 -24302.568359375
v -3991.55419921875 280.1644287109375 -24302.384765625
v -3992.218017578125 280.752685546875 -24302.111328125
v -3992.9501953125 281.20413208007812 -24301.763671875
v -3993.707275390625 281.49850463867188 -24301.36328125
v -3994.451416015625 281.63656616210938 -24300.935546875
v -3991.4580078125 279.11566162109375 -24303.33984375
v -3992.14794921875 279.68350219726562 -24303.3828125
v -3992.93310546875 280.1734619140625 -24303.314453125
v -3993.7626953125 280.546142578125 -24303.130859375
v -3994.588134765625 280.784912109375 -24302.845703125
v -3995.371826171875 280.8909912109375 -24302.484375
v -3992.693115234375 278.19284057617188 -24304.46484375
v -3993.589599609375 278.37823486328125 -24304.6171875
v -3994.508544921875 278.50668334960938 -24304.611328125
v -3995.39697265625 278.5731201171875 -24304.451171875
v -3996.217041015625 278.58010864257812 -24304.162109375
v -3996.845947265625 275.53607177734375 -24304.09375
v -3991.123291015625 280.47607421875 -24301.0859375
v -3990.600830078125 280.17843627929688 -24299.685546875
v -3989.786865234375 278.96697998046875 -24299.244140625
v -3990.21142578125 279.68759155273438 -24300.37109375
v -3990.3896484375 279.94671630859375 -24300.029296875
v -3991.699951171875 280.99932861328125 -24300.578125
v -3991.113037109375 280.5517578125 -24299.0078125
v -3990.139892578125 279.23776245117188 -24298.427734375
v -3990.843505859375 280.38140869140625 -24299.34375
v -3993.04736328125 281.58865356445312 -24299.541015625
v -3992.36962890625 280.89736938476562 -24297.8125
v -3991.208251953125 279.5120849609375 -24297.005859375
v -3991.714599609375 280.791015625 -24298.375
v -3992.037841796875 280.8602294921875 -24298.083984375
v -3993.74365234375 281.65328979492188 -24299.060546875
v -3991.852783203125 279.51812744140625 -24296.455078125
v -3992.705810546875 280.904296875 -24297.564453125
v -3997.018798828125 277.05230712890625 -24304.125
v -3996.941162109375 278.53512573242188 -24303.76953125
v -3996.619873046875 279.849853515625 -24303.064453125
v -3996.084716796875 280.87701416015625 -24302.0703125
v -3990.72314453125 275.5341796875 -24296.455078125
v -3990.386962890625 275.87301635742188 -24296.732421875
v -3990.13037109375 276.18072509765625 -24297.005859375
v -3989.870361328125 276.56069946289062 -24297.37109375
v -3989.710693359375 276.85052490234375 -24297.67578125
v -3989.4443359375 277.6441650390625 -24298.65625
v -3989.429931640625 277.7459716796875 -24298.8046875
v -3989.427001953125 277.774169921875 -24298.84765625
v -3989.420654296875 277.85232543945312 -24298.96875
v -3989.4326171875 278.16238403320312 -24299.505859375
v -3989.553955078125 278.50799560546875 -24300.298828125
v -3989.556884765625 278.5125732421875 -24300.3125
v -3989.760009765625 278.70840454101562 -24301.029296875
v -3990.044189453125 278.79373168945312 -24301.740234375
v -3990.0791015625 278.7962646484375 -24301.81640625
v -3990.215576171875 278.79470825195312 -24302.08984375
v -3990.78076171875 278.66177368164062 -24302.994140625
v -3990.957763671875 278.59402465820312 -24303.22265625
v -3991.027587890625 278.56515502929688 -24303.306640625
v -3991.029052734375 278.56451416015625 -24303.30859375
v -3992.2275390625 277.96368408203125 -24304.349609375
v -3992.80908203125 277.64447021484375 -24304.6484375
v -3993.094970703125 277.48684692382812 -24304.75390625
v -3993.212646484375 277.42221069335938 -24304.791015625
v -3993.568603515625 277.22763061523438 -24304.87890625
v -3994.8896484375 276.52655029296875 -24304.9140625
v -3995.197998046875 276.36798095703125 -24304.859375
v -3995.54052734375 276.19381713867188 -24304.767578125
v -3996.17919921875 275.87237548828125 -24304.5078125
v -3996.6416015625 275.63970947265625 -24304.23828125
v -3996.799072265625 275.5599365234375 -24304.12890625
v -3995.234375 281.59869384765625 -24300.634765625
v -3994.258544921875 281.68698120117188 -24299.103515625
v -3993.283203125 281.1304931640625 -24297.673828125
v -3992.433837890625 280.00094604492188 -24296.529296875
v -3991.820068359375 278.44393920898438 -24295.818359375
v -3991.520751953125 276.66015625 -24295.6328125
v -3996.084716796875 280.87701416015625 -24302.0703125
v -4008.819091796875 279.59182739257812 -24293.884765625
v -4000.329345703125 280.4486083984375 -24299.341796875
v -4004.57421875 280.02023315429688 -24296.61328125
v -4004.24755859375 274.23599243164062 -24287.61328125
v -4003.612060546875 273.84429931640625 -24288.1796875
v -4002.525146484375 273.31182861328125 -24289.205078125
v -4001.4140625 272.93984985351562 -24290.263671875
v -4000.841552734375 272.81094360351562 -24290.7890625
v -4000.27197265625 272.72134399414062 -24291.29296875
v -3999.0986328125 272.64569091796875 -24292.24609375
v -3998.501708984375 272.65750122070312 -24292.68359375
v -3997.900146484375 272.70028686523438 -24293.08984375
v -3997.296142578125 272.77239990234375 -24293.466796875
v -3996.69189453125 272.87237548828125 -24293.8125
v -3996.09033203125 272.99874877929688 -24294.126953125
v -3995.49462890625 273.15005493164062 -24294.416015625
v -3995.028564453125 273.28680419921875 -24294.62890625
v -3994.89697265625 273.32839965820312 -24294.6875
v -3994.289306640625 273.53775024414062 -24294.943359375
v -3993.67578125 273.77960205078125 -24295.19140625
v -3993.06005859375 274.05532836914062 -24295.4296875
v -3992.446533203125 274.36614990234375 -24295.662109375
v -3991.840576171875 274.71319580078125 -24295.892578125
v -3991.57470703125 274.8795166015625 -24295.99609375
v -4008.275146484375 280.13812255859375 -24292.953125
v -4007.658447265625 280.4141845703125 -24291.94921875
v -4007.003662109375 280.404296875 -24290.93359375
v -4006.3486328125 280.10903930664062 -24289.9609375
v -4005.73046875 279.54519653320312 -24289.0859375
v -4005.184326171875 278.74496459960938 -24288.36328125
v -4004.741455078125 277.75396728515625 -24287.830078125
v -4004.42724609375 276.62869262695312 -24287.517578125
v -4004.259521484375 275.43331909179688 -24287.443359375
v -3991.520751953125 276.66015625 -24295.6328125
v -3991.820068359375 278.44393920898438 -24295.818359375
v -3992.433837890625 280.00094604492188 -24296.529296875
v -3993.283203125 281.1304931640625 -24297.673828125
v -3994.258544921875 281.68698120117188 -24299.103515625
v -3995.234375 281.59869384765625 -24300.634765625
v -4004.24755859375 274.23599243164062 -24287.61328125
v -4004.818115234375 275.84033203125 -24287.154296875
v -4005.39501953125 275.77719116210938 -24286.916015625
v -4005.19189453125 277.51617431640625 -24287.47265625
v -4005.7607421875 277.41583251953125 -24287.2265625
v -4006.280029296875 277.30117797851562 -24287.06640625
v -4006.841796875 277.15411376953125 -24286.95703125
v -4007.416259765625 276.97970581054688 -24286.912109375
v -4005.85546875 278.9508056640625 -24288.279296875
v -4006.409423828125 278.81866455078125 -24288.015625
v -4006.907470703125 278.6578369140625 -24287.830078125
v -4007.438232421875 278.44378662109375 -24287.68359375
v -4007.972900390625 278.18301391601562 -24287.58984375
v -4008.499755859375 277.87908935546875 -24287.5546875
v -4006.697998046875 279.9183349609375 -24289.439453125
v -4007.2333984375 279.76473999023438 -24289.150390625
v -4007.704345703125 279.57278442382812 -24288.92578125
v -4008.19580078125 279.31353759765625 -24288.724609375
v -4008.6796875 278.99456787109375 -24288.5625
v -4009.14501953125 278.62002563476562 -24288.44140625
v -4007.61376953125 280.34292602539062 -24290.796875
v -4008.128662109375 280.17990112304688 -24290.4765625
v -4008.570068359375 279.97427368164062 -24290.208984375
v -4009.018798828125 279.69522094726562 -24289.9453125
v -4009.447509765625 279.35067749023438 -24289.701171875
v -4009.846435546875 278.94515991210938 -24289.48046875
v -4008.515380859375 280.20266723632812 -24292.220703125
v -4009.01025390625 280.04275512695312 -24291.869140625
v -4009.422607421875 279.84164428710938 -24291.556640625
v -4009.829345703125 279.56912231445312 -24291.2265625
v -4010.203857421875 279.2330322265625 -24290.89453125
v -4010.536865234375 278.83773803710938 -24290.572265625
v -4008.819091796875 279.59182739257812 -24293.884765625
v -4009.111083984375 279.55166625976562 -24293.6875
v -4009.400390625 279.48928833007812 -24293.4765625
v -4009.68359375 279.403564453125 -24293.251953125
v -4009.958251953125 279.29354858398438 -24293.01171875
v -4010.220947265625 279.1588134765625 -24292.759765625
v -4010.468505859375 278.99920654296875 -24292.498046875
v -4010.697998046875 278.815185546875 -24292.2265625
v -4010.906494140625 278.60760498046875 -24291.94921875
v -4010.8857421875 278.64166259765625 -24291.724609375
v -4010.822265625 278.68899536132812 -24291.279296875
v -4010.584228515625 278.6956787109375 -24290.326171875
v -4010.422607421875 278.6505126953125 -24289.880859375
v -4009.987548828125 278.45071411132812 -24288.98828125
v -4009.7255859375 278.2987060546875 -24288.576171875
v -4009.1806640625 277.93975830078125 -24287.908203125
v -4008.870849609375 277.71841430664062 -24287.61328125
v -4008.864990234375 277.71414184570312 -24287.607421875
v -4008.224853515625 277.23284912109375 -24287.1484375
v -4007.779296875 276.88690185546875 -24286.927734375
v -4007.344482421875 276.54544067382812 -24286.78515625
v -4006.8046875 276.12100219726562 -24286.697265625
v -4006.278076171875 275.71072387695312 -24286.703125
v -4006.03662109375 275.52508544921875 -24286.734375
v -4005.925537109375 275.4403076171875 -24286.755859375
v -4005.30029296875 274.97308349609375 -24286.953125
v -4004.699951171875 274.54354858398438 -24287.2734375
v -4004.48779296875 274.39743041992188 -24287.421875
v -4004.259521484375 275.43331909179688 -24287.443359375
v -4004.42724609375 276.62869262695312 -24287.517578125
v -4004.741455078125 277.75396728515625 -24287.830078125
v -4005.184326171875 278.74496459960938 -24288.36328125
v -4005.73046875 279.54519653320312 -24289.0859375
v -4006.3486328125 280.10903930664062 -24289.9609375
v -4007.003662109375 280.404296875 -24290.93359375
v -4007.658447265625 280.4141845703125 -24291.94921875
v -4008.275146484375 280.13812255859375 -24292.953125
v -3996.084716796875 280.87701416015625 -24302.0703125
v -4008.819091796875 279.59182739257812 -24293.884765625
v -4009.7138671875 276.93597412109375 -24295.693359375
v -4009.64208984375 277.462890625 -24295.498046875
v -4009.537109375 277.96405029296875 -24295.2578125
v -4009.400634765625 278.43313598632812 -24294.970703125
v -4009.23388671875 278.86428833007812 -24294.64453125
v -4009.039306640625 279.25213623046875 -24294.279296875
v -3996.619873046875 279.849853515625 -24303.064453125
v -3996.941162109375 278.53512573242188 -24303.76953125
v -3997.018798828125 277.05230712890625 -24304.125
v -3996.845947265625 275.53607177734375 -24304.09375
v -4004.57421875 280.02023315429688 -24296.61328125
v -4000.329345703125 280.4486083984375 -24299.341796875
v -3997.255126953125 275.33489990234375 -24303.783203125
v -3997.401611328125 275.2666015625 -24303.671875
v -3997.9970703125 275.00967407226562 -24303.220703125
v -3998.58544921875 274.7890625 -24302.77734375
v -3999.177001953125 274.60107421875 -24302.341796875
v -3999.782470703125 274.44418334960938 -24301.908203125
v -4000.401611328125 274.3209228515625 -24301.48046875
v -4001.0341796875 274.23358154296875 -24301.0625
v -4001.678955078125 274.18399047851562 -24300.65625
v -4002.3349609375 274.17373657226562 -24300.26171875
v -4003.6708984375 274.27493286132812 -24299.5078125
v -4005.018798828125 274.5399169921875 -24298.7890625
v -4006.34765625 274.96432495117188 -24298.072265625
v -4007.6220703125 275.53744506835938 -24297.322265625
v -4008.803955078125 276.24261474609375 -24296.498046875
v -4009.0908203125 276.44473266601562 -24296.265625
v -4004.477294921875 304.33242797851562 -24297.69921875
v -4006.459716796875 303.39480590820312 -24297.84765625
v -4006.53515625 303.60714721679688 -24298.08984375
v -4006.61328125 303.85443115234375 -24298.314453125
v -4006.32470703125 303.98797607421875 -24298.41015625
v -4005.99072265625 304.11373901367188 -24298.44921875
v -4005.64794921875 304.21469116210938 -24298.41796875
v -4005.55029296875 304.23837280273438 -24298.396484375
v -4005.040771484375 304.32485961914062 -24298.1875
v -4004.9423828125 304.33383178710938 -24298.125
v -4005.39453125 303.72760009765625 -24297.90234375
v -4003.79541015625 299.38729858398438 -24285.87890625
v -4003.718994140625 298.36318969726562 -24286.421875
v -4003.3681640625 299.388916015625 -24286.005859375
v -4003.156494140625 300.62823486328125 -24285.99609375
v -4003.718994140625 298.36318969726562 -24286.421875
v -4003.001953125 299.2542724609375 -24286.21875
v -4002.452880859375 300.36959838867188 -24286.408203125
v -4002.227783203125 301.46157836914062 -24286.98828125
v -4003.718994140625 298.36318969726562 -24286.421875
v -4002.657470703125 298.67593383789062 -24286.775390625
v -4001.791015625 299.25863647460938 -24287.4765625
v -4001.357421875 300.000732421875 -24288.39453125
v -4003.718994140625 298.36318969726562 -24286.421875
v -4002.731689453125 298.32028198242188 -24287.033203125
v -4001.933349609375 298.57540893554688 -24287.970703125
v -4001.544921875 299.10235595703125 -24289.04296875
v -4003.718994140625 298.36318969726562 -24286.421875
v -4002.963623046875 297.9910888671875 -24287.22265625
v -4002.379150390625 297.94302368164062 -24288.333984375
v -4002.130859375 298.27084350585938 -24289.5234375
v -4003.7412109375 297.60089111328125 -24287.298828125
v -4003.872802734375 297.19345092773438 -24288.48046875
v -4004.094970703125 297.28518676757812 -24289.71484375
v -4003.718994140625 298.36318969726562 -24286.421875
v -4004.16845703125 297.59927368164062 -24287.173828125
v -4004.693359375 297.19036865234375 -24288.240234375
v -4005.174072265625 297.28115844726562 -24289.3984375
v -4003.718994140625 298.36318969726562 -24286.421875
v -4004.53466796875 297.73391723632812 -24286.958984375
v -4005.397216796875 297.44900512695312 -24287.828125
v -4006.099365234375 297.6212158203125 -24288.857421875
v -4004.879150390625 298.312255859375 -24286.40234375
v -4006.05908203125 298.55996704101562 -24286.759765625
v -4006.9697265625 299.08206176757812 -24287.451171875
v -4003.718994140625 298.36318969726562 -24286.421875
v -4004.804931640625 298.66790771484375 -24286.14453125
v -4005.91650390625 299.24319458007812 -24286.265625
v -4003.718994140625 298.36318969726562 -24286.421875
v -4004.572998046875 298.99710083007812 -24285.955078125
v -4003.718994140625 298.36318969726562 -24286.421875
v -4004.218505859375 299.24972534179688 -24285.86328125
v -4003.79541015625 299.38729858398438 -24285.87890625
v -4001.326904296875 300.37423706054688 -24288.86328125
v -4001.597412109375 300.82919311523438 -24287.671875
v -4001.58056640625 301.2503662109375 -24288.099609375
v -4003.71728515625 297.9527587890625 -24286.8125
v -4003.318115234375 297.73846435546875 -24287.31640625
v -4003.332763671875 298.14566040039062 -24286.775390625
v -4003.718994140625 298.36318969726562 -24286.421875
v -4003.508056640625 298.02078247070312 -24286.822265625
v -4003.793212890625 297.33926391601562 -24287.86328125
v -4003.06005859375 297.45773315429688 -24288.513671875
v -4002.63720703125 297.91934204101562 -24287.751953125
v -4003.164306640625 297.54379272460938 -24287.890625
v -4003.975830078125 297.1763916015625 -24289.111328125
v -4003.0263671875 297.63272094726562 -24289.7578125
v -4002.207763671875 298.06365966796875 -24288.9375
v -4003.013916015625 297.48922729492188 -24289.150390625
v -4004.221923828125 297.50238037109375 -24290.259765625
v -4002.144775390625 298.54473876953125 -24290.056640625
v -4003.091796875 297.86990356445312 -24290.306640625
v -4004.27978515625 298.30441284179688 -24286.369140625
v -4004.7841796875 297.98428344726562 -24286.6875
v -4004.109375 298.01852416992188 -24286.64453125
v -4003.718994140625 298.36318969726562 -24286.421875
v -4004.23291015625 298.14230346679688 -24286.51171875
v -4005.485107421875 298.39678955078125 -24286.533203125
v -4005.876708984375 297.929931640625 -24287.30859375
v -4004.972900390625 297.53701782226562 -24287.359375
v -4005.343994140625 297.90921020507812 -24286.95703125
v -4006.5634765625 298.7939453125 -24287.07421875
v -4006.729736328125 298.25360107421875 -24288.173828125
v -4005.780029296875 297.4788818359375 -24288.337890625
v -4006.34765625 298.04815673828125 -24287.72265625
v -4007.26220703125 299.40267944335938 -24287.8671875
v -4006.341552734375 297.85775756835938 -24289.353515625
v -4007.008544921875 298.52655029296875 -24288.630859375
v -4007.4404296875 299.86056518554688 -24288.19140625
v -4007.309326171875 299.0987548828125 -24288.828125
v -4006.876953125 298.45486450195312 -24289.4609375
v -4006.188232421875 297.99606323242188 -24290.025390625
v -4005.315185546875 297.77029418945312 -24290.462890625
v -4004.348876953125 297.8011474609375 -24290.724609375
v -4002.16455078125 302.1708984375 -24287.939453125
v -4002.169921875 302.15414428710938 -24287.888671875
v -4002.259765625 301.99649047851562 -24287.453125
v -4002.37890625 301.86090087890625 -24287.134765625
v -4002.611328125 301.65350341796875 -24286.724609375
v -4002.788818359375 301.51681518554688 -24286.5
v -4003.0224609375 301.3519287109375 -24286.26953125
v -4003.1650390625 301.2567138671875 -24286.15625
v -4003.29638671875 301.17214965820312 -24286.068359375
v -4003.85595703125 300.83499145507812 -24285.810546875
v -4003.883056640625 300.8194580078125 -24285.802734375
v -4004.000732421875 300.7529296875 -24285.771484375
v -4004.000732421875 300.7529296875 -24285.771484375
v -4004.485107421875 300.49209594726562 -24285.708984375
v -4005.031005859375 300.22454833984375 -24285.7578125
v -4005.31103515625 300.099609375 -24285.830078125
v -4005.572998046875 299.99163818359375 -24285.927734375
v -4005.770751953125 299.91677856445312 -24286.0234375
v -4006.55419921875 299.69842529296875 -24286.609375
v -4006.7578125 299.6722412109375 -24286.8359375
v -4006.896240234375 299.66607666015625 -24287.015625
v -4007.228515625 299.71469116210938 -24287.583984375
v -4003.39013671875 298.08541870117188 -24290.78515625
v -4002.539306640625 298.59344482421875 -24290.638671875
v -4001.88525390625 299.27212524414062 -24290.298828125
v -4001.49609375 300.05059814453125 -24289.802734375
v -4001.41259765625 300.84759521484375 -24289.201171875
v -4001.643310546875 301.579833984375 -24288.55859375
v -4002.16455078125 302.1708984375 -24287.939453125
v -4004.348876953125 297.8011474609375 -24290.724609375
v -4006.459716796875 303.39480590820312 -24297.84765625
v -4005.052490234375 299.66571044921875 -24293.09765625
v -4005.756103515625 301.53024291992188 -24295.47265625
v -4004.477294921875 304.33242797851562 -24297.69921875
v -4004.292236328125 304.30902099609375 -24297.455078125
v -4004.167724609375 304.28814697265625 -24297.275390625
v -4003.428955078125 304.0748291015625 -24295.919921875
v -4003.149169921875 303.94891357421875 -24295.248046875
v -4002.87353515625 303.79293823242188 -24294.46484375
v -4002.641357421875 303.627197265625 -24293.669921875
v -4002.425537109375 303.42703247070312 -24292.748046875
v -4002.306396484375 303.28125 -24292.099609375
v -4002.208740234375 303.12142944335938 -24291.412109375
v -4002.09130859375 302.67568969726562 -24289.646484375
v -4002.094482421875 302.5216064453125 -24289.091796875
v -4002.14501953125 302.23898315429688 -24288.15234375
v -4005.39453125 303.72760009765625 -24297.90234375
v -4001.643310546875 301.579833984375 -24288.55859375
v -4001.41259765625 300.84759521484375 -24289.201171875
v -4001.49609375 300.05059814453125 -24289.802734375
v -4001.88525390625 299.27212524414062 -24290.298828125
v -4002.539306640625 298.59344482421875 -24290.638671875
v -4003.39013671875 298.08541870117188 -24290.78515625
v -4006.459716796875 303.39480590820312 -24297.84765625
v -4006.61328125 303.85443115234375 -24298.314453125
v -4007.337890625 303.35577392578125 -24297.6171875
v -4006.90283203125 303.34860229492188 -24297.751953125
v -4006.53515625 303.60714721679688 -24298.08984375
v -4007.198974609375 303.48165893554688 -24297.841796875
v -4006.96875 303.64968872070312 -24298.087890625
v -4004.348876953125 297.8011474609375 -24290.724609375
v -4006.459716796875 303.39480590820312 -24297.84765625
v -4007.4404296875 299.86056518554688 -24288.19140625
v -4007.337890625 303.35577392578125 -24297.6171875
v -4006.90283203125 303.34860229492188 -24297.751953125
v -4005.315185546875 297.77029418945312 -24290.462890625
v -4006.188232421875 297.99606323242188 -24290.025390625
v -4006.876953125 298.45486450195312 -24289.4609375
v -4007.309326171875 299.0987548828125 -24288.828125
v -4005.756103515625 301.53024291992188 -24295.47265625
v -4005.052490234375 299.66571044921875 -24293.09765625
v -4007.5400390625 299.9974365234375 -24288.626953125
v -4007.650634765625 300.16665649414062 -24289.15625
v -4008.0244140625 301.0631103515625 -24291.8515625
v -4008.086669921875 301.53323364257812 -24293.1875
v -4008.033447265625 302.11538696289062 -24294.755859375
v -4008.01904296875 302.1761474609375 -24294.912109375
v -4007.533447265625 303.13619995117188 -24297.17578125
vt 0.80746626853942871 0.33368131518363953
vt 0.67493510246276855 0.33368131518363953
vt 0.56133699417114258 0.33368131518363953
vt 0.40987280011177063 0.33368131518363953
vt 0.31520769000053406 0.33368131518363953
vt 0.80746626853942871 0.34186762571334839
vt 0.67493510246276855 0.34186762571334839
vt 0.56133699417114258 0.34186762571334839
vt 0.40987280011177063 0.34186762571334839
vt 0.31520769000053406 0.34186762571334839
vt 0.80746626853942871 0.35005390644073486
vt 0.67493510246276855 0.35005390644073486
vt 0.56133699417114258 0.35005390644073486
vt 0.40987280011177063 0.35005390644073486
vt 0.31520769000053406 0.35005390644073486
vt 0.80746626853942871 0.35824018716812134
vt 0.67493510246276855 0.35824018716812134
vt 0.56133699417114258 0.35824018716812134
vt 0.40987280011177063 0.35824018716812134
vt 0.31520769000053406 0.35824018716812134
vt 0.80746626853942871 0.36642646789550781
vt 0.67493510246276855 0.36642646789550781
vt 0.56133699417114258 0.36642646789550781
vt 0.40987280011177063 0.36642646789550781
vt 0.31520769000053406 0.36642646789550781
vt 0.80746626853942871 0.37461274862289429
vt 0.67493510246276855 0.37461274862289429
vt 0.56133699417114258 0.37461274862289429
vt 0.40987280011177063 0.37461274862289429
vt 0.31520769000053406 0.37461274862289429
vt 0.80746626853942871 0.38279905915260315
vt 0.67493510246276855 0.38279905915260315
vt 0.56133699417114258 0.38279905915260315
vt 0.40987280011177063 0.38279905915260315
vt 0.31520769000053406 0.38279905915260315
vt 0.80746626853942871 0.39098533987998962
vt 0.67493510246276855 0.39098533987998962
vt 0.56133699417114258 0.39098533987998962
vt 0.40987280011177063 0.39098533987998962
vt 0.31520769000053406 0.39098533987998962
vt 0.80746626853942871 0.3991716206073761
vt 0.67493510246276855 0.3991716206073761
vt 0.56133699417114258 0.3991716206073761
vt 0.40987280011177063 0.3991716206073761
vt 0.31520769000053406 0.3991716206073761
vt 0.80746626853942871 0.40735790133476257
vt 0.67493510246276855 0.40735790133476257
vt 0.56133699417114258 0.40735790133476257
vt 0.40987280011177063 0.40735790133476257
vt 0.31520769000053406 0.40735790133476257
vt 0.67493510246276855 0.41554418206214905
vt 0.56133699417114258 0.41554418206214905
vt 0.40987280011177063 0.41554418206214905
vt 0.31520769000053406 0.41554418206214905
vt 0.67493510246276855 0.42373049259185791
vt 0.56133699417114258 0.42373049259185791
vt 0.40987280011177063 0.42373049259185791
vt 0.31520769000053406 0.42373049259185791
vt 0.31520769000053406 0.43191677331924438
vt 0.31520769000053406 0.44010305404663086
vt 0.31520769000053406 0.4441961944103241
vt 0.31520769000053406 0.44828933477401733
vt 0.31520769000053406 0.45238247513771057
vt 0.31520769000053406 0.45647561550140381
vt 0.31520769000053406 0.46056875586509705
vt 0.31520769000053406 0.46466192603111267
vt 0.31520769000053406 0.46875506639480591
vt 0.31520769000053406 0.47284820675849915
vt 0.31520769000053406 0.47694134712219238
vt 0.31520769000053406 0.48103448748588562
vt 0.31520769000053406 0.48512762784957886
vt 0.31520769000053406 0.48922076821327209
vt 0.31520769000053406 0.49740704894065857
vt 0.31520769000053406 0.50559335947036743
vt 0.31520769000053406 0.51377964019775391
vt 0.31520769000053406 0.52196592092514038
vt 0.31520769000053406 0.53015220165252686
vt 0.67493510246276855 0.53833848237991333
vt 0.40987280011177063 0.53833848237991333
vt 0.31520769000053406 0.53833848237991333
vt 0.67493510246276855 0.5465247631072998
vt 0.56133699417114258 0.5465247631072998
vt 0.40987280011177063 0.5465247631072998
vt 0.31520769000053406 0.5465247631072998
vt 0.67493510246276855 0.55471104383468628
vt 0.56133699417114258 0.55471104383468628
vt 0.40987280011177063 0.55471104383468628
vt 0.31520769000053406 0.55471104383468628
vt 0.67493510246276855 0.56289732456207275
vt 0.56133699417114258 0.56289732456207275
vt 0.40987280011177063 0.56289732456207275
vt 0.31520769000053406 0.56289732456207275
vt 0.67493510246276855 0.571083664894104
vt 0.56133699417114258 0.571083664894104
vt 0.40987280011177063 0.571083664894104
vt 0.31520769000053406 0.571083664894104
vt 0.80746626853942871 0.57517677545547485
vt 0.67493510246276855 0.57517677545547485
vt 0.56133699417114258 0.57517677545547485
vt 0.40987280011177063 0.57517677545547485
vt 0.31520769000053406 0.57517677545547485
vt 0.80746626853942871 0.57926994562149048
vt 0.67493510246276855 0.57926994562149048
vt 0.56133699417114258 0.57926994562149048
vt 0.40987280011177063 0.57926994562149048
vt 0.31520769000053406 0.57926994562149048
vt 0.80746626853942871 0.58336305618286133
vt 0.67493510246276855 0.58336305618286133
vt 0.56133699417114258 0.58336305618286133
vt 0.40987280011177063 0.58336305618286133
vt 0.31520769000053406 0.58336305618286133
vt 0.80746626853942871 0.58745622634887695
vt 0.67493510246276855 0.58745622634887695
vt 0.56133699417114258 0.58745622634887695
vt 0.40987280011177063 0.58745622634887695
vt 0.31520769000053406 0.58745622634887695
vt 0.80746626853942871 0.5915493369102478
vt 0.67493510246276855 0.5915493369102478
vt 0.56133699417114258 0.5915493369102478
vt 0.40987280011177063 0.5915493369102478
vt 0.31520769000053406 0.5915493369102478
vt 0.80746626853942871 0.59564250707626343
vt 0.67493510246276855 0.59564250707626343
vt 0.56133699417114258 0.59564250707626343
vt 0.40987280011177063 0.59564250707626343
vt 0.31520769000053406 0.59564250707626343
vt 0.80746626853942871 0.59973561763763428
vt 0.67493510246276855 0.59973561763763428
vt 0.56133699417114258 0.59973561763763428
vt 0.40987280011177063 0.59973561763763428
vt 0.31520769000053406 0.59973561763763428
vt 0.80746626853942871 0.6038287878036499
vt 0.67493510246276855 0.6038287878036499
vt 0.56133699417114258 0.6038287878036499
vt 0.40987280011177063 0.6038287878036499
vt 0.31520769000053406 0.6038287878036499
vt 0.80746626853942871 0.60792189836502075
vt 0.67493510246276855 0.60792189836502075
vt 0.56133699417114258 0.60792189836502075
vt 0.40987280011177063 0.60792189836502075
vt 0.31520769000053406 0.60792189836502075
vt 0.80746626853942871 0.61201506853103638
vt 0.67493510246276855 0.61201506853103638
vt 0.56133699417114258 0.61201506853103638
vt 0.40987280011177063 0.61201506853103638
vt 0.31520769000053406 0.61201506853103638
vt 0.80746626853942871 0.616108238697052
vt 0.67493510246276855 0.616108238697052
vt 0.56133699417114258 0.616108238697052
vt 0.40987280011177063 0.616108238697052
vt 0.31520769000053406 0.616108238697052
vt 0.80746626853942871 0.62020134925842285
vt 0.67493510246276855 0.62020134925842285
vt 0.56133699417114258 0.62020134925842285
vt 0.40987280011177063 0.62020134925842285
vt 0.31520769000053406 0.62020134925842285
vt 0.67493510246276855 0.62838762998580933
vt 0.56133699417114258 0.62838762998580933
vt 0.40987280011177063 0.62838762998580933
vt 0.31520769000053406 0.62838762998580933
vt 0.56133699417114258 0.6365739107131958
vt 0.40987280011177063 0.6365739107131958
vt 0.31520769000053406 0.6365739107131958
vt 0.56133699417114258 0.64476019144058228
vt 0.40987280011177063 0.64476019144058228
vt 0.31520769000053406 0.64476019144058228
vt 0.56133699417114258 0.65294653177261353
vt 0.40987280011177063 0.65294653177261353
vt 0.31520769000053406 0.65294653177261353
vt 0.56133699417114258 0.6611328125
vt 0.40987280011177063 0.6611328125
vt 0.31520769000053406 0.6611328125
vt 0.56133699417114258 0.66931909322738647
vt 0.40987280011177063 0.66931909322738647
vt 0.31520769000053406 0.66931909322738647
vt 0.56133699417114258 0.67750537395477295
vt 0.40987280011177063 0.67750537395477295
vt 0.31520769000053406 0.67750537395477295
vt 0.31520769000053406 0.68569165468215942
vt 0.31520769000053406 0.6938779354095459
vt 0.31520769000053406 0.70206421613693237
vt 0.31520769000053406 0.706157386302948
vt 0.31520769000053406 0.71025049686431885
vt 0.31520769000053406 0.71434366703033447
vt 0.31520769000053406 0.71843677759170532
vt 0.31520769000053406 0.72252994775772095
vt 0.31520769000053406 0.7266230583190918
vt 0.31520769000053406 0.73071622848510742
vt 0.31520769000053406 0.73480939865112305
vt 0.31520769000053406 0.7389025092124939
vt 0.31520769000053406 0.74299567937850952
vt 0.31520769000053406 0.74708878993988037
vt 0.31520769000053406 0.751181960105896
vt 0.31520769000053406 0.75936824083328247
vt 0.31520769000053406 0.76755452156066895
vt 0.80746626853942871 0.77574080228805542
vt 0.40987280011177063 0.77574080228805542
vt 0.31520769000053406 0.77574080228805542
vt 0.80746626853942871 0.78392708301544189
vt 0.67493510246276855 0.78392708301544189
vt 0.56133699417114258 0.78392708301544189
vt 0.40987280011177063 0.78392708301544189
vt 0.31520769000053406 0.78392708301544189
vt 0.80746626853942871 0.79211336374282837
vt 0.67493510246276855 0.79211336374282837
vt 0.56133699417114258 0.79211336374282837
vt 0.40987280011177063 0.79211336374282837
vt 0.31520769000053406 0.79211336374282837
vt 0.80746626853942871 0.80029964447021484
vt 0.67493510246276855 0.80029964447021484
vt 0.56133699417114258 0.80029964447021484
vt 0.40987280011177063 0.80029964447021484
vt 0.31520769000053406 0.80029964447021484
vt 0.80746626853942871 0.80848592519760132
vt 0.67493510246276855 0.80848592519760132
vt 0.56133699417114258 0.80848592519760132
vt 0.40987280011177063 0.80848592519760132
vt 0.31520769000053406 0.80848592519760132
vt 0.80746626853942871 0.81667220592498779
vt 0.67493510246276855 0.81667220592498779
vt 0.56133699417114258 0.81667220592498779
vt 0.40987280011177063 0.81667220592498779
vt 0.31520769000053406 0.81667220592498779
vt 0.80746626853942871 0.82485854625701904
vt 0.67493510246276855 0.82485854625701904
vt 0.56133699417114258 0.82485854625701904
vt 0.40987280011177063 0.82485854625701904
vt 0.31520769000053406 0.82485854625701904
vt 0.80746626853942871 0.83304482698440552
vt 0.67493510246276855 0.83304482698440552
vt 0.56133699417114258 0.83304482698440552
vt 0.40987280011177063 0.83304482698440552
vt 0.31520769000053406 0.83304482698440552
vt 0.80746626853942871 0.84123110771179199
vt 0.67493510246276855 0.84123110771179199
vt 0.56133699417114258 0.84123110771179199
vt 0.40987280011177063 0.84123110771179199
vt 0.31520769000053406 0.84123110771179199
vt 0.80746626853942871 0.84941738843917847
vt 0.67493510246276855 0.84941738843917847
vt 0.56133699417114258 0.84941738843917847
vt 0.40987280011177063 0.84941738843917847
vt 0.31520769000053406 0.84941738843917847
vt 0.80746626853942871 0.85760366916656494
vt 0.67493510246276855 0.85760366916656494
vt 0.56133699417114258 0.85760366916656494
vt 0.40987280011177063 0.85760366916656494
vt 0.31520769000053406 0.85760366916656494
vt 0.90300071239471436 0.34186762571334839
vt 0.80746626853942871 0.33777448534965515
vt 0.90300071239471436 0.33368131518363953
vt 0.90300071239471436 0.33777448534965515
vt 0.90300071239471436 0.35005390644073486
vt 0.80746626853942871 0.34596076607704163
vt 0.90300071239471436 0.34596076607704163
vt 0.90300071239471436 0.35824018716812134
vt 0.80746626853942871 0.3541470468044281
vt 0.90300071239471436 0.3541470468044281
vt 0.90300071239471436 0.36642646789550781
vt 0.80746626853942871 0.36233332753181458
vt 0.90300071239471436 0.36233332753181458
vt 0.90300071239471436 0.37461274862289429
vt 0.80746626853942871 0.37051960825920105
vt 0.90300071239471436 0.37051960825920105
vt 0.90300071239471436 0.38279905915260315
vt 0.80746626853942871 0.37870591878890991
vt 0.90300071239471436 0.37870591878890991
vt 0.90300071239471436 0.39098533987998962
vt 0.80746626853942871 0.38689219951629639
vt 0.90300071239471436 0.38689219951629639
vt 0.90300071239471436 0.3991716206073761
vt 0.80746626853942871 0.39507848024368286
vt 0.90300071239471436 0.39507848024368286
vt 0.90300071239471436 0.40735790133476257
vt 0.80746626853942871 0.40326476097106934
vt 0.90300071239471436 0.40326476097106934
vt 0.90300071239471436 0.78392708301544189
vt 0.80746626853942871 0.77983397245407104
vt 0.90300071239471436 0.77574080228805542
vt 0.90300071239471436 0.77983397245407104
vt 0.90300071239471436 0.79211336374282837
vt 0.80746626853942871 0.78802025318145752
vt 0.90300071239471436 0.78802025318145752
vt 0.90300071239471436 0.80029964447021484
vt 0.80746626853942871 0.79620653390884399
vt 0.90300071239471436 0.79620653390884399
vt 0.90300071239471436 0.80848592519760132
vt 0.80746626853942871 0.80439281463623047
vt 0.90300071239471436 0.80439281463623047
vt 0.90300071239471436 0.81667220592498779
vt 0.80746626853942871 0.81257909536361694
vt 0.90300071239471436 0.81257909536361694
vt 0.90300071239471436 0.82485854625701904
vt 0.80746626853942871 0.82076537609100342
vt 0.90300071239471436 0.82076537609100342
vt 0.90300071239471436 0.83304482698440552
vt 0.80746626853942871 0.82895165681838989
vt 0.90300071239471436 0.82895165681838989
vt 0.90300071239471436 0.84123110771179199
vt 0.80746626853942871 0.83713793754577637
vt 0.90300071239471436 0.83713793754577637
vt 0.90300071239471436 0.84941738843917847
vt 0.80746626853942871 0.84532421827316284
vt 0.90300071239471436 0.84532421827316284
vt 0.90300071239471436 0.85760366916656494
vt 0.80746626853942871 0.85351049900054932
vt 0.90300071239471436 0.85351049900054932
vt 0.99853515625 0.33368131518363953
vt 0.99853509664535522 0.34186720848083496
vt 0.99853485822677612 0.35005307197570801
vt 0.99853450059890747 0.35823896527290344
vt 0.99853402376174927 0.36642488837242126
vt 0.99853271245956421 0.38279682397842407
vt 0.9985310435295105 0.39916887879371643
vt 0.99852907657623291 0.41554170846939087
vt 0.99852687120437622 0.43191462755203247
vt 0.99852567911148071 0.44010105729103088
vt 0.99852448701858521 0.44828757643699646
vt 0.9985232949256897 0.45647403597831726
vt 0.99852204322814941 0.46466052532196045
vt 0.99852079153060913 0.47284674644470215
vt 0.99851959943771362 0.48103293776512146
vt 0.99851840734481812 0.48921915888786316
vt 0.99851721525192261 0.49740535020828247
vt 0.99851500988006592 0.51377773284912109
vt 0.99851298332214355 0.53015011548995972
vt 0.99851131439208984 0.54652321338653564
vt 0.99851006269454956 0.56289631128311157
vt 0.99850958585739136 0.57108283042907715
vt 0.99850922822952271 0.5792694091796875
vt 0.9985089898109436 0.58745592832565308
vt 0.99850893020629883 0.59564250707626343
vt 0.9985089898109436 0.60382866859436035
vt 0.99850922822952271 0.61201483011245728
vt 0.99850958585739136 0.62020105123519897
vt 0.99851006269454956 0.6283872127532959
vt 0.99851131439208984 0.64475959539413452
vt 0.99851298332214355 0.66113191843032837
vt 0.99851500988006592 0.67750507593154907
vt 0.99851721525192261 0.693878173828125
vt 0.99851840734481812 0.70206475257873535
vt 0.99851959943771362 0.7102513313293457
vt 0.99852079153060913 0.71843791007995605
vt 0.99852204322814941 0.72662442922592163
vt 0.9985232949256897 0.73481059074401855
vt 0.99852448701858521 0.7429966926574707
vt 0.99852567911148071 0.75118279457092285
vt 0.99852687120437622 0.759368896484375
vt 0.99852907657623291 0.77574104070663452
vt 0.9985310435295105 0.79211318492889404
vt 0.99853271245956421 0.80848592519760132
vt 0.99853402376174927 0.82485860586166382
vt 0.99853450059890747 0.83304488658905029
vt 0.99853485822677612 0.84123116731643677
vt 0.99853509664535522 0.84941744804382324
vt 0.99853515625 0.85760366916656494
vt 0.74365746974945068 0.66272759437561035
vt 0.74345606565475464 0.6611328125
vt 0.74315392971038818 0.65927755832672119
vt 0.74156695604324341 0.65294653177261353
vt 0.73996788263320923 0.6486363410949707
vt 0.73812425136566162 0.64476019144058228
vt 0.73366135358810425 0.63790422677993774
vt 0.73255652189254761 0.6365739107131958
vt 0.73173415660858154 0.63565731048583984
vt 0.73073649406433105 0.63462263345718384
vt 0.72532814741134644 0.63027983903884888
vt 0.72168987989425659 0.62838762998580933
vt 0.71410685777664185 0.62674921751022339
vt 0.71280115842819214 0.62676882743835449
vt 0.70587855577468872 0.62838762998580933
vt 0.70173549652099609 0.6306794285774231
vt 0.69985896348953247 0.63209360837936401
vt 0.69542747735977173 0.6365739107131958
vt 0.69386816024780273 0.63862693309783936
vt 0.69195973873138428 0.64159965515136719
vt 0.69029080867767334 0.64476019144058228
vt 0.69019585847854614 0.64496052265167236
vt 0.68729257583618164 0.65294653177261353
vt 0.68612349033355713 0.65877503156661987
vt 0.6858026385307312 0.6611328125
vt 0.68469482660293579 0.66931909322738647
vt 0.68350660800933838 0.67750537395477295
vt 0.68350332975387573 0.67752641439437866
vt 0.6821473240852356 0.68569165468215942
vt 0.68056952953338623 0.6938779354095459
vt 0.67961215972900391 0.69836115837097168
vt 0.67877739667892456 0.70206421613693237
vt 0.67781704664230347 0.706157386302948
vt 0.67682909965515137 0.71025049686431885
vt 0.67582857608795166 0.71434366703033447
vt 0.67493510246276855 0.71801489591598511
vt 0.67483329772949219 0.71843677759170532
vt 0.67386358976364136 0.72252994775772095
vt 0.67294180393218994 0.7266230583190918
vt 0.67207759618759155 0.73071622848510742
vt 0.67129009962081909 0.73480939865112305
vt 0.67062598466873169 0.7389025092124939
vt 0.67014491558074951 0.74299567937850952
vt 0.66992348432540894 0.74708878993988037
vt 0.67006063461303711 0.751181960105896
vt 0.67197871208190918 0.75936824083328247
vt 0.67302674055099487 0.7615581750869751
vt 0.67493510246276855 0.76449435949325562
vt 0.67771649360656738 0.76755452156066895
vt 0.684306800365448 0.77221858501434326
vt 0.69281017780303955 0.77574080228805542
vt 0.69386816024780273 0.77605921030044556
vt 0.7017054557800293 0.77782124280929565
vt 0.71002352237701416 0.77874284982681274
vt 0.71280115842819214 0.77886080741882324
vt 0.72252655029296875 0.77854949235916138
vt 0.73173415660858154 0.77712446451187134
vt 0.73684573173522949 0.77574080228805542
vt 0.75066721439361572 0.76812160015106201
vt 0.75125491619110107 0.76755452156066895
vt 0.7516060471534729 0.76719731092453003
vt 0.75654971599578857 0.75936824083328247
vt 0.75819993019104004 0.751181960105896
vt 0.75825256109237671 0.74708878993988037
vt 0.75797265768051147 0.74299567937850952
vt 0.75745505094528198 0.7389025092124939
vt 0.75677269697189331 0.73480939865112305
vt 0.75598245859146118 0.73071622848510742
vt 0.75512844324111938 0.7266230583190918
vt 0.75422817468643188 0.72252994775772095
vt 0.75363469123840332 0.71992594003677368
vt 0.75329053401947021 0.71843677759170532
vt 0.75233739614486694 0.71434366703033447
vt 0.7513883113861084 0.71025049686431885
vt 0.75066721439361572 0.70708173513412476
vt 0.75046026706695557 0.706157386302948
vt 0.74956780672073364 0.70206421613693237
vt 0.74793201684951782 0.6938779354095459
vt 0.74653303623199463 0.68569165468215942
vt 0.74536854028701782 0.67750537395477295
vt 0.74438422918319702 0.66931909322738647
vt 0.35597404837608337 0.74175119400024414
vt 0.35443106293678284 0.74299567937850952
vt 0.35307374596595764 0.74436867237091064
vt 0.35138338804244995 0.74708878993988037
vt 0.35108980536460876 0.74807858467102051
vt 0.35131484270095825 0.751181960105896
vt 0.35307374596595764 0.75387382507324219
vt 0.35700371861457825 0.75672060251235962
vt 0.35810378193855286 0.75727200508117676
vt 0.35927277803421021 0.75778985023498535
vt 0.360505610704422 0.75827348232269287
vt 0.3617972731590271 0.75872212648391724
vt 0.49170947074890137 0.7176353931427002
vt 0.49317264556884766 0.71479672193527222
vt 0.4933660626411438 0.71434366703033447
vt 0.49466127157211304 0.71025049686431885
vt 0.49516642093658447 0.70672982931137085
vt 0.49519720673561096 0.706157386302948
vt 0.49499431252479553 0.70206421613693237
vt 0.49434927105903625 0.69906461238861084
vt 0.49204662442207336 0.6938779354095459
vt 0.49117651581764221 0.69258701801300049
vt 0.49079805612564087 0.69208592176437378
vt 0.48560488224029541 0.68741267919540405
vt 0.48212915658950806 0.68569165468215942
vt 0.48212739825248718 0.68569093942642212
vt 0.4799293577671051 0.68499135971069336
vt 0.47401335835456848 0.6842997670173645
vt 0.4678482711315155 0.68517184257507324
vt 0.46667188405990601 0.68551301956176758
vt 0.46612256765365601 0.68569165468215942
vt 0.46594750881195068 0.68575119972229004
vt 0.45825907588005066 0.6897091269493103
vt 0.45201247930526733 0.6938779354095459
vt 0.44773885607719421 0.69650512933731079
vt 0.43787273764610291 0.70206421613693237
vt 0.42994663119316101 0.706157386302948
vt 0.42880582809448242 0.70672553777694702
vt 0.42795756459236145 0.70714503526687622
vt 0.42152935266494751 0.71025049686431885
vt 0.41271132230758667 0.71434366703033447
vt 0.40987280011177063 0.71563148498535156
vt 0.40361398458480835 0.71843677759170532
vt 0.39440059661865234 0.72252994775772095
vt 0.39093977212905884 0.72407543659210205
vt 0.38528341054916382 0.7266230583190918
vt 0.37637144327163696 0.73071622848510742
vt 0.37200677394866943 0.73278194665908813
vt 0.36788135766983032 0.73480939865112305
vt 0.36454993486404419 0.7365342378616333
vt 0.36033186316490173 0.7389025092124939
vt 0.36390504240989685 0.75936824083328247
vt 0.37200677394866943 0.76125460863113403
vt 0.38138142228126526 0.76262867450714111
vt 0.39093977212905884 0.76337629556655884
vt 0.40890476107597351 0.76326602697372437
vt 0.40987280011177063 0.76320528984069824
vt 0.41953006386756897 0.76227849721908569
vt 0.42880582809448242 0.76079875230789185
vt 0.43532580137252808 0.75936824083328247
vt 0.44773885607719421 0.75557148456573486
vt 0.45777177810668945 0.751181960105896
vt 0.46111759543418884 0.74937677383422852
vt 0.46489134430885315 0.74708878993988037
vt 0.46667188405990601 0.74590474367141724
vt 0.47063142061233521 0.74299567937850952
vt 0.47539332509040833 0.7389025092124939
vt 0.47942638397216797 0.73480939865112305
vt 0.48290014266967773 0.73071622848510742
vt 0.48560488224029541 0.72709476947784424
vt 0.48593723773956299 0.7266230583190918
vt 0.48867818713188171 0.72252994775772095
vt 0.49122855067253113 0.71843677759170532
vt 0.55717074871063232 0.76109373569488525
vt 0.56079989671707153 0.76755452156066895
vt 0.56133699417114258 0.76810234785079956
vt 0.56243860721588135 0.769092857837677
vt 0.5682407021522522 0.77254301309585571
vt 0.57581919431686401 0.77469033002853394
vt 0.58026999235153198 0.77518665790557861
vt 0.5809827446937561 0.77522248029708862
vt 0.59031766653060913 0.77465087175369263
vt 0.59887677431106567 0.77228248119354248
vt 0.59920305013656616 0.77214890718460083
vt 0.60692030191421509 0.76755452156066895
vt 0.60928094387054443 0.76526254415512085
vt 0.6128959059715271 0.75936824083328247
vt 0.61373937129974365 0.75643175840377808
vt 0.61405164003372192 0.75405424833297729
vt 0.6140320897102356 0.751181960105896
vt 0.6133078932762146 0.74708878993988037
vt 0.61229705810546875 0.74415451288223267
vt 0.61182194948196411 0.74299567937850952
vt 0.61023813486099243 0.7389025092124939
vt 0.60876679420471191 0.73480939865112305
vt 0.60736829042434692 0.73071622848510742
vt 0.60600882768630981 0.7266230583190918
vt 0.60463392734527588 0.72252994775772095
vt 0.60318917036056519 0.71843677759170532
vt 0.60164111852645874 0.71434366703033447
vt 0.60028350353240967 0.71102362871170044
vt 0.59995144605636597 0.71025049686431885
vt 0.59920305013656616 0.70856308937072754
vt 0.59807312488555908 0.706157386302948
vt 0.59594517946243286 0.70206421613693237
vt 0.59054350852966309 0.6938779354095459
vt 0.58517122268676758 0.68822121620178223
vt 0.58181029558181763 0.68569165468215942
vt 0.58026999235153198 0.68476241827011108
vt 0.57432067394256592 0.68242865800857544
vt 0.56793832778930664 0.68207806348800659
vt 0.56457978487014771 0.68284302949905396
vt 0.56133699417114258 0.68430572748184204
vt 0.5592573881149292 0.68569165468215942
vt 0.55596774816513062 0.68882220983505249
vt 0.5532715916633606 0.69265329837799072
vt 0.55260175466537476 0.6938779354095459
vt 0.54964190721511841 0.70206421613693237
vt 0.54887300729751587 0.706157386302948
vt 0.54844635725021362 0.71025049686431885
vt 0.5483013391494751 0.71434366703033447
vt 0.54839158058166504 0.71843677759170532
vt 0.54867887496948242 0.72252994775772095
vt 0.54869270324707031 0.72268027067184448
vt 0.54913061857223511 0.7266230583190918
vt 0.54972964525222778 0.73071622848510742
vt 0.55046939849853516 0.73480939865112305
vt 0.55133384466171265 0.7389025092124939
vt 0.55230337381362915 0.74299567937850952
vt 0.55335444211959839 0.74708878993988037
vt 0.55445975065231323 0.751181960105896
vt 0.55670887231826782 0.75936824083328247
vt 0.77882254123687744 0.54540807008743286
vt 0.77962535619735718 0.5465247631072998
vt 0.78320300579071045 0.55025762319564819
vt 0.78737533092498779 0.55294585227966309
vt 0.78853327035903931 0.55346077680587769
vt 0.79323142766952515 0.55471104383468628
vt 0.79758912324905396 0.55479973554611206
vt 0.79838603734970093 0.55471104383468628
vt 0.80301088094711304 0.55355679988861084
vt 0.80746626853942871 0.55134528875350952
vt 0.80807274580001831 0.55095076560974121
vt 0.81316184997558594 0.5465247631072998
vt 0.81487458944320679 0.54444301128387451
vt 0.77871483564376831 0.54524749517440796
vt 0.77874165773391724 0.54528772830963135
vt 0.77876853942871094 0.54532790184020996
vt 0.77879548072814941 0.5453680157661438
vt 0.85466277599334717 0.4382215142250061
vt 0.85558205842971802 0.4348045289516449
vt 0.8558468222618103 0.43191677331924438
vt 0.85340291261672974 0.42373049259185791
vt 0.85266363620758057 0.42269164323806763
vt 0.84968411922454834 0.41960662603378296
vt 0.84533232450485229 0.4166240394115448
vt 0.84325283765792847 0.41554418206214905
vt 0.83512216806411743 0.41256111860275269
vt 0.82639926671981812 0.4107758104801178
vt 0.81609100103378296 0.4099443256855011
vt 0.80746626853942871 0.41012948751449585
vt 0.7962568998336792 0.41153693199157715
vt 0.78853327035903931 0.41337308287620544
vt 0.78222036361694336 0.41554418206214905
vt 0.77890896797180176 0.41699740290641785
vt 0.76960021257400513 0.42295792698860168
vt 0.76874399185180664 0.42373049259185791
vt 0.76788020133972168 0.42457315325737
vt 0.76477301120758057 0.42838191986083984
vt 0.76286870241165161 0.43191677331924438
vt 0.761272132396698 0.44004470109939575
vt 0.76127272844314575 0.44010305404663086
vt 0.76141434907913208 0.4441961944103241
vt 0.76170742511749268 0.44828933477401733
vt 0.76209837198257446 0.45238247513771057
vt 0.76254671812057495 0.45647561550140381
vt 0.7630152702331543 0.46050825715065002
vt 0.76302236318588257 0.46056875586509705
vt 0.76350343227386475 0.46466192603111267
vt 0.76398336887359619 0.46875506639480591
vt 0.76445984840393066 0.47284820675849915
vt 0.76492482423782349 0.47694134712219238
vt 0.7653733491897583 0.48103448748588562
vt 0.76580357551574707 0.48512762784957886
vt 0.76621711254119873 0.48922076821327209
vt 0.76701748371124268 0.49740704894065857
vt 0.7672656774520874 0.49992352724075317
vt 0.7678534984588623 0.50559335947036743
vt 0.76885360479354858 0.51377964019775391
vt 0.76960021257400513 0.51866751909255981
vt 0.77019590139389038 0.52196592092514038
vt 0.77212327718734741 0.53015220165252686
vt 0.77500736713409424 0.53833848237991333
vt 0.81720799207687378 0.54103600978851318
vt 0.81880402565002441 0.53833848237991333
vt 0.82272958755493164 0.53015220165252686
vt 0.82577157020568848 0.52196592092514038
vt 0.82639926671981812 0.5200575590133667
vt 0.82832479476928711 0.51377964019775391
vt 0.83065497875213623 0.50559335947036743
vt 0.83296054601669312 0.49740704894065857
vt 0.83538532257080078 0.48922076821327209
vt 0.83667200803756714 0.48512762784957886
vt 0.83801639080047607 0.48103448748588562
vt 0.83941960334777832 0.47694134712219238
vt 0.84087878465652466 0.47284820675849915
vt 0.84238713979721069 0.46875506639480591
vt 0.84393405914306641 0.46466192603111267
vt 0.84533232450485229 0.4610770046710968
vt 0.8455348014831543 0.46056875586509705
vt 0.84720337390899658 0.45647561550140381
vt 0.84891849756240845 0.45238247513771057
vt 0.85064905881881714 0.44828933477401733
vt 0.85235178470611572 0.4441961944103241
vt 0.85396862030029297 0.44010305404663086
vt 0.72963547706604004 0.56163120269775391
vt 0.7303769588470459 0.56289732456207275
vt 0.73173415660858154 0.56484127044677734
vt 0.73582750558853149 0.56867367029190063
vt 0.73675888776779175 0.56922018527984619
vt 0.74186027050018311 0.57051640748977661
vt 0.74701392650604248 0.56913608312606812
vt 0.75066721439361572 0.56639379262924194
vt 0.75335979461669922 0.56316268444061279
vt 0.75354117155075073 0.56289732456207275
vt 0.75743216276168823 0.55471104383468628
vt 0.75806158781051636 0.55251717567443848
vt 0.75875669717788696 0.54916834831237793
vt 0.75909113883972168 0.5465247631072998
vt 0.75892210006713867 0.53833848237991333
vt 0.75844645500183105 0.53573286533355713
vt 0.6741146445274353 0.47554406523704529
vt 0.67350709438323975 0.47694134712219238
vt 0.67237013578414917 0.48103448748588562
vt 0.67207270860671997 0.48512762784957886
vt 0.67250657081604004 0.48922076821327209
vt 0.67493510246276855 0.49669116735458374
vt 0.67526799440383911 0.49740704894065857
vt 0.67865538597106934 0.50338691473007202
vt 0.68015730381011963 0.50559335947036743
vt 0.6867213249206543 0.51377964019775391
vt 0.69386816024780273 0.52136683464050293
vt 0.69446265697479248 0.52196592092514038
vt 0.70281332731246948 0.53015220165252686
vt 0.7080991268157959 0.53530168533325195
vt 0.71114832162857056 0.53833848237991333
vt 0.71280115842819214 0.54002171754837036
vt 0.71882849931716919 0.5465247631072998
vt 0.72530901432037354 0.55471104383468628
vt 0.75728559494018555 0.53015220165252686
vt 0.75582748651504517 0.52196592092514038
vt 0.75440043210983276 0.51377964019775391
vt 0.75273478031158447 0.50559335947036743
vt 0.75247514247894287 0.50448048114776611
vt 0.75066721439361572 0.49776861071586609
vt 0.75055599212646484 0.49740704894065857
vt 0.74753952026367188 0.48922076821327209
vt 0.74558299779891968 0.48512762784957886
vt 0.74322545528411865 0.48103448748588562
vt 0.74035203456878662 0.47694134712219238
vt 0.73678469657897949 0.47284820675849915
vt 0.73542678356170654 0.47151562571525574
vt 0.7322077751159668 0.46875506639480591
vt 0.73173415660858154 0.46839085221290588
vt 0.72591346502304077 0.46466192603111267
vt 0.71465581655502319 0.46056875586509705
vt 0.71280115842819214 0.46021038293838501
vt 0.70125710964202881 0.45968270301818848
vt 0.69525885581970215 0.46056875586509705
vt 0.69386816024780273 0.46089980006217957
vt 0.68456947803497314 0.46466192603111267
vt 0.6791081428527832 0.46875506639480591
vt 0.67565184831619263 0.47284820675849915
vt 0.67493510246276855 0.47399556636810303
vt 0.54637891054153442 0.50756615400314331
vt 0.54650866985321045 0.51377964019775391
vt 0.54699373245239258 0.51648706197738647
vt 0.54879224300384521 0.52196592092514038
vt 0.55055904388427734 0.52541172504425049
vt 0.55409079790115356 0.53015220165252686
vt 0.55643916130065918 0.53238248825073242
vt 0.55926018953323364 0.53438401222229004
vt 0.56133699417114258 0.53546243906021118
vt 0.56192302703857422 0.53571152687072754
vt 0.56251311302185059 0.5359387993812561
vt 0.56323903799057007 0.53618639707565308
vt 0.56376123428344727 0.53634315729141235
vt 0.56428545713424683 0.53648263216018677
vt 0.56575560569763184 0.53677970170974731
vt 0.5672309398651123 0.53693956136703491
vt 0.57016700506210327 0.53684413433074951
vt 0.5739402174949646 0.53587377071380615
vt 0.57745867967605591 0.53398615121841431
vt 0.58026999235153198 0.53160858154296875
vt 0.58157646656036377 0.53015220165252686
vt 0.58326226472854614 0.52780967950820923
vt 0.5845179557800293 0.52557170391082764
vt 0.58598905801773071 0.52196592092514038
vt 0.586556077003479 0.51998209953308105
vt 0.61023515462875366 0.44446012377738953
vt 0.61020207405090332 0.4441961944103241
vt 0.61010229587554932 0.44357481598854065
vt 0.60893511772155762 0.44010305404663086
vt 0.60663735866546631 0.43676680326461792
vt 0.60333561897277832 0.43389785289764404
vt 0.59987878799438477 0.43191677331924438
vt 0.59920305013656616 0.43160799145698547
vt 0.59174907207489014 0.4293631911277771
vt 0.58889347314834595 0.42895174026489258
vt 0.58600115776062012 0.42875069379806519
vt 0.58311301469802856 0.42876112461090088
vt 0.58026999235153198 0.42898300290107727
vt 0.57846230268478394 0.42924061417579651
vt 0.58815819025039673 0.51377964019775391
vt 0.59056031703948975 0.50559335947036743
vt 0.59334594011306763 0.49740704894065857
vt 0.59648728370666504 0.48922076821327209
vt 0.59807801246643066 0.48531576991081238
vt 0.59815573692321777 0.48512762784957886
vt 0.59920305013656616 0.48260512948036194
vt 0.59985899925231934 0.48103448748588562
vt 0.60156798362731934 0.47694134712219238
vt 0.60324889421463013 0.47284820675849915
vt 0.60486346483230591 0.46875506639480591
vt 0.60636895895004272 0.46466192603111267
vt 0.60774099826812744 0.46056875586509705
vt 0.60893255472183228 0.45647561550140381
vt 0.60984265804290771 0.45238247513771057
vt 0.6103324294090271 0.44828933477401733
vt 0.5692753791809082 0.43191677331924438
vt 0.56306332349777222 0.43541264533996582
vt 0.56133699417114258 0.43675437569618225
vt 0.5579524040222168 0.44010305404663086
vt 0.55502194166183472 0.4441961944103241
vt 0.55295646190643311 0.44828933477401733
vt 0.55148047208786011 0.45238247513771057
vt 0.55042177438735962 0.45647561550140381
vt 0.54966294765472412 0.46056875586509705
vt 0.54911971092224121 0.46466192603111267
vt 0.54891622066497803 0.46660879254341125
vt 0.54872328042984009 0.46875506639480591
vt 0.54842633008956909 0.47284820675849915
vt 0.54819685220718384 0.47694134712219238
vt 0.54800641536712646 0.48103448748588562
vt 0.54782992601394653 0.48512762784957886
vt 0.54764604568481445 0.48922076821327209
vt 0.54719096422195435 0.49740704894065857
vt 0.54655909538269043 0.50559335947036743
vt 0.88292098045349121 0.53717529773712158
vt 0.88319838047027588 0.53810840845108032
vt 0.88327324390411377 0.53833848237991333
vt 0.88411730527877808 0.54052072763442993
vt 0.88517236709594727 0.54261893033981323
vt 0.88643234968185425 0.54462361335754395
vt 0.88789224624633789 0.5465247631072998
vt 0.88849145174026489 0.54721015691757202
vt 0.88982266187667847 0.54857891798019409
vt 0.89171105623245239 0.5502282977104187
vt 0.893768310546875 0.55172157287597656
vt 0.895987868309021 0.55305039882659912
vt 0.89836353063583374 0.55420601367950439
vt 0.89959472417831421 0.55471104383468628
vt 0.90213137865066528 0.55557304620742798
vt 0.90802478790283203 0.55677813291549683
vt 0.91103321313858032 0.55702126026153564
vt 0.91765731573104858 0.55678528547286987
vt 0.92106437683105469 0.55628061294555664
vt 0.92730343341827393 0.55471104383468628
vt 0.93047314882278442 0.55359077453613281
vt 0.93053090572357178 0.55356830358505249
vt 0.93639332056045532 0.55086910724639893
vt 0.93999743461608887 0.54875022172927856
vt 0.94316428899765015 0.5465247631072998
vt 0.94661915302276611 0.54356992244720459
vt 0.94946396350860596 0.5404970645904541
vt 0.9505840539932251 0.53902757167816162
vt 0.95105856657028198 0.53833848237991333
vt 0.95321124792098999 0.53430384397506714
vt 0.95433974266052246 0.53015220165252686
vt 0.9544793963432312 0.52861028909683228
vt 0.95444780588150024 0.52680814266204834
vt 0.9564441442489624 0.43828180432319641
vt 0.95677191019058228 0.43191677331924438
vt 0.95581889152526855 0.42901811003684998
vt 0.95438528060913086 0.42656299471855164
vt 0.95189976692199707 0.42373049259185791
vt 0.94946396350860596 0.42170298099517822
vt 0.93999743461608887 0.41670837998390198
vt 0.93840759992599487 0.41613030433654785
vt 0.93794763088226318 0.41597303748130798
vt 0.93662542104721069 0.41554418206214905
vt 0.93053090572357178 0.41395872831344604
vt 0.92106437683105469 0.41252687573432922
vt 0.92090469598770142 0.41251197457313538
vt 0.91203397512435913 0.41211956739425659
vt 0.90308201313018799 0.41255828738212585
vt 0.90213137865066528 0.41265419125556946
vt 0.89865720272064209 0.41308814287185669
vt 0.8871772289276123 0.41554418206214905
vt 0.88428550958633423 0.41645097732543945
vt 0.8832210898399353 0.41681957244873047
vt 0.88319838047027588 0.41682764887809753
vt 0.86983597278594971 0.42373049259185791
vt 0.86581128835678101 0.42725685238838196
vt 0.8642653226852417 0.42900678515434265
vt 0.86370354890823364 0.42972809076309204
vt 0.86224460601806641 0.43191677331924438
vt 0.85957252979278564 0.44010305404663086
vt 0.85950177907943726 0.44203540682792664
vt 0.85965591669082642 0.4441961944103241
vt 0.86061525344848633 0.44828933477401733
vt 0.86190629005432129 0.4513283371925354
vt 0.86247599124908447 0.45238247513771057
vt 0.86265963315963745 0.45269852876663208
vt 0.8642653226852417 0.45547628402709961
vt 0.86482506990432739 0.45647561550140381
vt 0.86700648069381714 0.46056875586509705
vt 0.86899489164352417 0.46466192603111267
vt 0.87080812454223633 0.46875506639480591
vt 0.87245762348175049 0.47284820675849915
vt 0.87392294406890869 0.47694134712219238
vt 0.87519097328186035 0.48103448748588562
vt 0.87625753879547119 0.48512762784957886
vt 0.87712830305099487 0.48922076821327209
vt 0.87835288047790527 0.49740704894065857
vt 0.87908196449279785 0.50559335947036743
vt 0.87961190938949585 0.51377964019775391
vt 0.88026434183120728 0.52196592092514038
vt 0.88136303424835205 0.53015220165252686
vt 0.88176256418228149 0.53227835893630981
vt 0.95389056205749512 0.52196592092514038
vt 0.95232212543487549 0.51377964019775391
vt 0.95040816068649292 0.50559335947036743
vt 0.94946396350860596 0.50145977735519409
vt 0.94862532615661621 0.49740704894065857
vt 0.94737917184829712 0.48922076821327209
vt 0.94705122709274292 0.48512762784957886
vt 0.94694900512695312 0.48103448748588562
vt 0.9470791220664978 0.47694134712219238
vt 0.94743621349334717 0.47284820675849915
vt 0.94800388813018799 0.46875506639480591
vt 0.94875669479370117 0.46466192603111267
vt 0.94946396350860596 0.46146488189697266
vt 0.9496806263923645 0.46056875586509705
vt 0.95076584815979004 0.45647561550140381
vt 0.95197999477386475 0.45238247513771057
vt 0.95327931642532349 0.44828933477401733
vt 0.95460879802703857 0.4441961944103241
vt 0.95590126514434814 0.44010305404663086
vt 0.84664410352706909 0.70359611511230469
vt 0.84533232450485229 0.70459771156311035
vt 0.84394145011901855 0.706157386302948
vt 0.84279251098632812 0.70844882726669312
vt 0.84242784976959229 0.71025049686431885
vt 0.84249424934387207 0.71228909492492676
vt 0.84305495023727417 0.71434366703033447
vt 0.84330523014068604 0.71492117643356323
vt 0.84533232450485229 0.71787971258163452
vt 0.84588325023651123 0.71843677759170532
vt 0.84950894117355347 0.72097110748291016
vt 0.9301379919052124 0.71776127815246582
vt 0.93053090572357178 0.71759319305419922
vt 0.93371158838272095 0.71590006351470947
vt 0.93581360578536987 0.71434366703033447
vt 0.93813604116439819 0.71188604831695557
vt 0.9391779899597168 0.71025049686431885
vt 0.93999743461608887 0.70828312635421753
vt 0.94027507305145264 0.70715427398681641
vt 0.9404107928276062 0.706157386302948
vt 0.93999743461608887 0.70224231481552124
vt 0.93994331359863281 0.70206421613693237
vt 0.93967711925506592 0.70130324363708496
vt 0.93808668851852417 0.69834274053573608
vt 0.93544751405715942 0.69531238079071045
vt 0.93376904726028442 0.6938779354095459
vt 0.9319993257522583 0.69261151552200317
vt 0.93053090572357178 0.69170665740966797
vt 0.92338556051254272 0.68864142894744873
vt 0.92106437683105469 0.68802660703659058
vt 0.91932332515716553 0.68767368793487549
vt 0.91424989700317383 0.68716686964035034
vt 0.9093707799911499 0.68745505809783936
vt 0.90607285499572754 0.68794524669647217
vt 0.90213137865066528 0.68855947256088257
vt 0.88319838047027588 0.69196152687072754
vt 0.87433278560638428 0.6938779354095459
vt 0.8642653226852417 0.69646120071411133
vt 0.8632737398147583 0.69674903154373169
vt 0.84929025173187256 0.70206421613693237
vt 0.85151654481887817 0.72191429138183594
vt 0.85299819707870483 0.72252994775772095
vt 0.8642653226852417 0.72572535276412964
vt 0.86989647150039673 0.7266230583190918
vt 0.8764912486076355 0.72722995281219482
vt 0.88319838047027588 0.72741526365280151
vt 0.89096993207931519 0.72712963819503784
vt 0.89640522003173828 0.7266230583190918
vt 0.90213137865066528 0.72581899166107178
vt 0.91661155223846436 0.72252994775772095
vt 0.92106437683105469 0.72114843130111694
vt 0.92848837375640869 0.71843677759170532
vt 0.67493510246276855 0.76755452156066895
vt 0.67493510246276855 0.43191677331924438
vt 0.67493510246276855 0.44828933477401733
vt 0.67493510246276855 0.4441961944103241
vt 0.67493510246276855 0.45238247513771057
vt 0.67493510246276855 0.45647561550140381
vt 0.91095823049545288 0.571083664894104
vt 0.80746626853942871 0.56289732456207275
vt 0.91095805168151855 0.57517677545547485
vt 0.80746626853942871 0.55471104383468628
vt 0.91095787286758423 0.57926994562149048
vt 0.80746626853942871 0.571083664894104
vt 0.91095775365829468 0.58336305618286133
vt 0.67493510246276855 0.44010305404663086
vt 0.67493510246276855 0.46056875586509705
vt 0.67493510246276855 0.46466192603111267
vt 0.67493510246276855 0.46875506639480591
vt 0.67493510246276855 0.47284820675849915
vt 0.40987280011177063 0.44010305404663086
vt 0.67493510246276855 0.49740704894065857
vt 0.67493510246276855 0.50559335947036743
vt 0.67493510246276855 0.51377964019775391
vt 0.67493510246276855 0.6365739107131958
vt 0.40987280011177063 0.4441961944103241
vt 0.40987280011177063 0.44828933477401733
vt 0.40987280011177063 0.45238247513771057
vt 0.40987280011177063 0.45647561550140381
vt 0.40987280011177063 0.46056875586509705
vt 0.40987280011177063 0.46466192603111267
vt 0.40987280011177063 0.46875506639480591
vt 0.40987280011177063 0.47284820675849915
vt 0.40987280011177063 0.47694134712219238
vt 0.40987280011177063 0.48103448748588562
vt 0.67493510246276855 0.52196592092514038
vt 0.67493510246276855 0.53015220165252686
vt 0.40987280011177063 0.48512762784957886
vt 0.40987280011177063 0.48922076821327209
vt 0.40987280011177063 0.49740704894065857
vt 0.40987280011177063 0.50559335947036743
vt 0.40987280011177063 0.51377964019775391
vt 0.40987280011177063 0.52196592092514038
vt 0.40987280011177063 0.53015220165252686
vt 0.91095763444900513 0.59973561763763428
vt 0.91095763444900513 0.5915493369102478
vt 0.91095763444900513 0.58745622634887695
vt 0.91095775365829468 0.60792189836502075
vt 0.91095763444900513 0.6038287878036499
vt 0.91095823049545288 0.62020134925842285
vt 0.91095787286758423 0.61201506853103638
vt 0.91095805168151855 0.616108238697052
vt 0.80746626853942871 0.6365739107131958
vt 0.91095757484436035 0.59564250707626343
vt 0.80746626853942871 0.64476019144058228
vt 0.80746626853942871 0.65294653177261353
vt 0.80746626853942871 0.6611328125
vt 0.80746626853942871 0.67750537395477295
vt 0.80746626853942871 0.68569165468215942
vt 0.80746626853942871 0.66931909322738647
vt 0.80746626853942871 0.6938779354095459
vt 0.80746626853942871 0.70206421613693237
vt 0.80746626853942871 0.706157386302948
vt 0.67493510246276855 0.64476019144058228
vt 0.67493510246276855 0.65294653177261353
vt 0.67493510246276855 0.6611328125
vt 0.80746626853942871 0.71025049686431885
vt 0.67493510246276855 0.66931909322738647
vt 0.67493510246276855 0.67750537395477295
vt 0.67493510246276855 0.68569165468215942
vt 0.67493510246276855 0.6938779354095459
vt 0.67493510246276855 0.70206421613693237
vt 0.67493510246276855 0.706157386302948
vt 0.67493510246276855 0.71025049686431885
vt 0.91097253561019897 0.7389025092124939
vt 0.91097372770309448 0.74708878993988037
vt 0.91097134351730347 0.73071622848510742
vt 0.91097438335418701 0.751181960105896
vt 0.80746626853942871 0.7389025092124939
vt 0.80746626853942871 0.73480939865112305
vt 0.91097193956375122 0.73480939865112305
vt 0.91097313165664673 0.74299567937850952
vt 0.80746626853942871 0.74299567937850952
vt 0.80746626853942871 0.74708878993988037
vt 0.80746626853942871 0.73071622848510742
vt 0.80746626853942871 0.751181960105896
vt 0.80746626853942871 0.75936824083328247
vt 0.80746626853942871 0.76755452156066895
vt 0.80746626853942871 0.71434366703033447
vt 0.80746626853942871 0.71843677759170532
vt 0.80746626853942871 0.7266230583190918
vt 0.80746626853942871 0.72252994775772095
vt 0.67493510246276855 0.71434366703033447
vt 0.67493510246276855 0.77574080228805542
vt 0.40987280011177063 0.6938779354095459
vt 0.40987280011177063 0.70206421613693237
vt 0.40987280011177063 0.706157386302948
vt 0.40987280011177063 0.71025049686431885
vt 0.40987280011177063 0.71434366703033447
vt 0.82656824588775635 0.24763023853302002
vt 0.82622992992401123 0.25508147478103638
vt 0.82517188787460327 0.26271966099739075
vt 0.82333958148956299 0.27044793963432312
vt 0.82069563865661621 0.27815479040145874
vt 0.8129342794418335 0.29300811886787415
vt 0.80207008123397827 0.30626788735389709
vt 0.78869527578353882 0.31703972816467285
vt 0.77371275424957275 0.32473516464233398
vt 0.76593887805938721 0.32735669612884521
vt 0.75814330577850342 0.32917341589927673
vt 0.7504386305809021 0.33022245764732361
vt 0.74292254447937012 0.33055791258811951
vt 0.73540675640106201 0.330222487449646
vt 0.72770243883132935 0.32917353510856628
vt 0.71990722417831421 0.32735699415206909
vt 0.71213364601135254 0.32473570108413696
vt 0.69715172052383423 0.31704097986221313
vt 0.68377715349197388 0.3062700629234314
vt 0.67291206121444702 0.29301005601882935
vt 0.66514992713928223 0.27815619111061096
vt 0.66250574588775635 0.27044901251792908
vt 0.66067326068878174 0.26272037625312805
vt 0.659615159034729 0.25508183240890503
vt 0.65927678346633911 0.24763023853302002
vt 0.65961509943008423 0.24017898738384247
vt 0.66067314147949219 0.23254081606864929
vt 0.66250544786453247 0.22481253743171692
vt 0.66514939069747925 0.2171056866645813
vt 0.67291074991226196 0.20225235819816589
vt 0.68377494812011719 0.18899260461330414
vt 0.69714975357055664 0.17822076380252838
vt 0.71213227510452271 0.17052531242370605
vt 0.71990615129470825 0.16790379583835602
vt 0.72770172357559204 0.16608706116676331
vt 0.73540639877319336 0.16503801941871643
vt 0.74292254447937012 0.16470254957675934
vt 0.75043827295303345 0.16503798961639404
vt 0.75814259052276611 0.16608692705631256
vt 0.76593780517578125 0.16790349781513214
vt 0.77371138334274292 0.17052476108074188
vt 0.78869330883026123 0.1782194972038269
vt 0.80206787586212158 0.18899041414260864
vt 0.81293302774429321 0.20225043594837189
vt 0.82069510221481323 0.21710430085659027
vt 0.82333928346633911 0.22481147944927216
vt 0.82517176866531372 0.23254011571407318
vt 0.82622992992401123 0.24017864465713501
vt 0.48417210578918457 0.24763023853302002
vt 0.48383376002311707 0.2550816535949707
vt 0.48277568817138672 0.2627200186252594
vt 0.48094329237937927 0.2704484760761261
vt 0.47829920053482056 0.27815547585487366
vt 0.47482755780220032 0.28571847081184387
vt 0.47053748369216919 0.29300907254219055
vt 0.4654650092124939 0.2998993992805481
vt 0.45967283844947815 0.30626896023750305
vt 0.45324811339378357 0.31201142072677612
vt 0.44629815220832825 0.31704035401344299
vt 0.43894439935684204 0.32129359245300293
vt 0.43131592869758606 0.32473543286323547
vt 0.42354217171669006 0.32735687494277954
vt 0.41963985562324524 0.32836389541625977
vt 0.41574680805206299 0.32917347550392151
vt 0.41187670826911926 0.32979089021682739
vt 0.408042311668396 0.330222487449646
vt 0.40425533056259155 0.33047547936439514
vt 0.40052637457847595 0.33055791258811951
vt 0.39679741859436035 0.33047547936439514
vt 0.39301043748855591 0.330222487449646
vt 0.38917601108551025 0.32979089021682739
vt 0.38530594110488892 0.32917347550392151
vt 0.38141289353370667 0.32836389541625977
vt 0.37751057744026184 0.32735687494277954
vt 0.36973682045936584 0.32473543286323547
vt 0.36210831999778748 0.32129359245300293
vt 0.35475459694862366 0.31704035401344299
vt 0.34780460596084595 0.31201142072677612
vt 0.34137988090515137 0.30626896023750305
vt 0.33558771014213562 0.2998993992805481
vt 0.33051523566246033 0.29300907254219055
vt 0.32622519135475159 0.28571847081184387
vt 0.32275351881980896 0.27815547585487366
vt 0.32010939717292786 0.27044844627380371
vt 0.31909364461898804 0.26657965779304504
vt 0.31827706098556519 0.2627200186252594
vt 0.31765428185462952 0.25888314843177795
vt 0.31721895933151245 0.2550816535949707
vt 0.31696376204490662 0.25132718682289124
vt 0.31688061356544495 0.24763023853302002
vt 0.31696376204490662 0.24393330514431
vt 0.31721895933151245 0.24017882347106934
vt 0.31765428185462952 0.23637732863426208
vt 0.31827706098556519 0.23254045844078064
vt 0.31909364461898804 0.22868083417415619
vt 0.32010939717292786 0.22481201589107513
vt 0.32275351881980896 0.21710500121116638
vt 0.32622519135475159 0.20954199135303497
vt 0.33051523566246033 0.20225140452384949
vt 0.33558771014213562 0.19536106288433075
vt 0.34137988090515137 0.18899150192737579
vt 0.34780460596084595 0.18324905633926392
vt 0.35475459694862366 0.17822013795375824
vt 0.36210831999778748 0.1739668995141983
vt 0.36973682045936584 0.17052504420280457
vt 0.37751057744026184 0.16790361702442169
vt 0.38141289353370667 0.16689659655094147
vt 0.38530594110488892 0.16608700156211853
vt 0.38917601108551025 0.16546957194805145
vt 0.39301043748855591 0.16503800451755524
vt 0.39679741859436035 0.1647849977016449
vt 0.40052637457847595 0.16470254957675934
vt 0.40425533056259155 0.1647849977016449
vt 0.408042311668396 0.16503800451755524
vt 0.41187670826911926 0.16546957194805145
vt 0.41574680805206299 0.16608700156211853
vt 0.41963985562324524 0.16689659655094147
vt 0.42354217171669006 0.16790361702442169
vt 0.43131592869758606 0.17052504420280457
vt 0.43894439935684204 0.1739668995141983
vt 0.44629815220832825 0.17822013795375824
vt 0.45324811339378357 0.18324905633926392
vt 0.45967283844947815 0.18899150192737579
vt 0.4654650092124939 0.19536106288433075
vt 0.47053748369216919 0.20225140452384949
vt 0.47482755780220032 0.20954199135303497
vt 0.47829920053482056 0.21710500121116638
vt 0.48094329237937927 0.22481200098991394
vt 0.48277568817138672 0.23254045844078064
vt 0.48383376002311707 0.24017882347106934
vt 0.055492211133241653 0.44454625248908997
vt 0.077520586550235748 0.46170651912689209
vt 0.072013489902019501 0.46170651912689209
vt 0.06650640070438385 0.46170651912689209
vt 0.060999304056167603 0.46170651912689209
vt 0.08815348893404007 0.47812619805335999
vt 0.082950688898563385 0.47812619805335999
vt 0.077520586550235748 0.47812619805335999
vt 0.072013489902019501 0.47812619805335999
vt 0.06650640070438385 0.47812619805335999
vt 0.060999304056167603 0.47812619805335999
vt 0.08815348893404007 0.49447569251060486
vt 0.082950688898563385 0.49447569251060486
vt 0.077520586550235748 0.49447569251060486
vt 0.072013489902019501 0.49447569251060486
vt 0.06650640070438385 0.49447569251060486
vt 0.060999304056167603 0.49447569251060486
vt 0.08815348893404007 0.51122647523880005
vt 0.082950688898563385 0.51122647523880005
vt 0.077520586550235748 0.51122647523880005
vt 0.072013489902019501 0.51122647523880005
vt 0.06650640070438385 0.51122647523880005
vt 0.060999304056167603 0.51122647523880005
vt 0.08815348893404007 0.52787739038467407
vt 0.082950688898563385 0.52787739038467407
vt 0.077520586550235748 0.52787739038467407
vt 0.072013489902019501 0.52787739038467407
vt 0.06650640070438385 0.52787739038467407
vt 0.060999304056167603 0.52787739038467407
vt 0.072013489902019501 0.54403066635131836
vt 0.06650640070438385 0.54403066635131836
vt 0.060999304056167603 0.54403066635131836
vt 0.055492211133241653 0.56018394231796265
vt 0.055492211133241653 0.54923206567764282
vt 0.055492211133241653 0.538280189037323
vt 0.055492211133241653 0.5273282527923584
vt 0.055492211133241653 0.51637637615203857
vt 0.055492211133241653 0.50542449951171875
vt 0.057210072875022888 0.44510158896446228
vt 0.059171814471483231 0.44578832387924194
vt 0.065651766955852509 0.44853770732879639
vt 0.069959118962287903 0.45089408755302429
vt 0.073830202221870422 0.45350757241249084
vt 0.080866098403930664 0.46009978652000427
vt 0.082288406789302826 0.46186590194702148
vt 0.083284303545951843 0.46322757005691528
vt 0.084426067769527435 0.46493962407112122
vt 0.089464977383613586 0.47560638189315796
vt 0.091767691075801849 0.48430541157722473
vt 0.093306221067905426 0.50542449951171875
vt 0.093091666698455811 0.50912529230117798
vt 0.089797951281070709 0.52675926685333252
vt 0.08633161336183548 0.53524261713027954
vt 0.084426060318946838 0.53862118721008301
vt 0.078997023403644562 0.54573094844818115
vt 0.076696939766407013 0.54802340269088745
vt 0.073485985398292542 0.55074918270111084
vt 0.070167377591133118 0.55311840772628784
vt 0.069959118962287903 0.55325436592102051
vt 0.061690051108598709 0.55772638320922852
vt 0.055492211133241653 0.49324882030487061
vt 0.055492211133241653 0.48107320070266724
vt 0.055492211133241653 0.46889755129814148
vt 0.055492211133241653 0.45672190189361572
vt 0.23080576956272125 0.22919565439224243
vt 0.23080576956272125 0.32833772897720337
vt 0.23080576956272125 0.2787666916847229
vt 0.2291729748249054 0.3282228410243988
vt 0.22343067824840546 0.32761716842651367
vt 0.21772952377796173 0.32669225335121155
vt 0.21431173384189606 0.32595536112785339
vt 0.2027224600315094 0.3219933807849884
vt 0.20206654071807861 0.32168057560920715
vt 0.20166189968585968 0.32148182392120361
vt 0.19403240084648132 0.31678551435470581
vt 0.18774417042732239 0.31122225522994995
vt 0.18504835665225983 0.3082314133644104
vt 0.18259955942630768 0.30512818694114685
vt 0.18037420511245728 0.30193328857421875
vt 0.17835547029972076 0.29866686463356018
vt 0.17653071880340576 0.29534795880317688
vt 0.17489007115364075 0.29199445247650146
vt 0.17339973151683807 0.28855982422828674
vt 0.17251802980899811 0.28630527853965759
vt 0.17203770577907562 0.28499159216880798
vt 0.17081461846828461 0.28129839897155762
vt 0.16974133253097534 0.27749010920524597
vt 0.16902036964893341 0.27446973323822021
vt 0.16882902383804321 0.27357771992683411
vt 0.16808919608592987 0.2695731520652771
vt 0.16716884076595306 0.26133978366851807
vt 0.16705356538295746 0.25290226936340332
vt 0.16779008507728577 0.2443820983171463
vt 0.16939288377761841 0.23590505123138428
vt 0.17130410671234131 0.22919565439224243
vt 0.18320444226264954 0.22919565439224243
vt 0.19510477781295776 0.22919565439224243
vt 0.2070050984621048 0.22919565439224243
vt 0.21890543401241302 0.22919565439224243
vt 0.1806749701499939 0.64196079969406128
vt 0.19125902652740479 0.64196079969406128
vt 0.20184308290481567 0.64196079969406128
vt 0.21242713928222656 0.64196079969406128
vt 0.22301118075847626 0.64196079969406128
vt 0.23359523713588715 0.64196079969406128
vt 0.1806749701499939 0.74110287427902222
vt 0.1806749701499939 0.69153183698654175
vt 0.23442907631397247 0.64434945583343506
vt 0.23679153621196747 0.6528046727180481
vt 0.23830527067184448 0.6614307165145874
vt 0.23830805718898773 0.66145306825637817
vt 0.23895622789859772 0.67011457681655884
vt 0.23875942826271057 0.67873555421829224
vt 0.23830810189247131 0.68338561058044434
vt 0.23776184022426605 0.68716990947723389
vt 0.23698484897613525 0.69127863645553589
vt 0.23603679239749908 0.69529533386230469
vt 0.2349284440279007 0.69920557737350464
vt 0.23380808532238007 0.70261114835739136
vt 0.23367199301719666 0.70299607515335083
vt 0.23227769136428833 0.70665383338928223
vt 0.2307567298412323 0.71016746759414673
vt 0.22908619046211243 0.71358698606491089
vt 0.22723230719566345 0.71695554256439209
vt 0.22518585622310638 0.72024917602539062
vt 0.22293446958065033 0.72344112396240234
vt 0.22046200931072235 0.72650229930877686
vt 0.21774573624134064 0.72940093278884888
vt 0.21143065392971039 0.73457032442092896
vt 0.20949156582355499 0.73578059673309326
vt 0.20667383074760437 0.73726797103881836
vt 0.20339988172054291 0.73863482475280762
vt 0.19739261269569397 0.74029529094696045
vt 0.19122336804866791 0.74111056327819824
vt 0.19052252173423767 0.74115800857543945
vt 0.18559794127941132 0.74128276109695435
vt 0 0.26490771770477295
vt 0.0024378534872084856 0.26490771770477295
vt 0.0024378534872084856 0.26655322313308716
vt 0.0024378534872084856 0.26573047041893005
vt 0.0018032413208857179 0.26618966460227966
vt 0.0011854295153170824 0.26579338312149048
vt 0.0005843800026923418 0.26536568999290466
vt 0.00081261788727715611 0.26490771770477295
vt 0.0016252357745543122 0.26490771770477295
vt 0.094771064817905426 0.44454625248908997
vt 0.094771064817905426 0.45253562927246094
vt 0.094771064817905426 0.46025678515434265
vt 0.10794393718242645 0.44454625248908997
vt 0.10794393718242645 0.45253562927246094
vt 0.10794393718242645 0.46025678515434265
vt 0.10794393718242645 0.46786969900131226
vt 0.12063214182853699 0.44454625248908997
vt 0.12063214182853699 0.45253562927246094
vt 0.12063214182853699 0.46025678515434265
vt 0.12063214182853699 0.46786969900131226
vt 0.12063214182853699 0.47548261284828186
vt 0.13332034647464752 0.44454625248908997
vt 0.13332034647464752 0.45253562927246094
vt 0.13332034647464752 0.46025678515434265
vt 0.13332034647464752 0.46786969900131226
vt 0.13332034647464752 0.47548261284828186
vt 0.14649321138858795 0.44454625248908997
vt 0.14649321138858795 0.45253562927246094
vt 0.14649321138858795 0.46025678515434265
vt 0.14649321138858795 0.46786969900131226
vt 0.14649321138858795 0.47548261284828186
vt 0.15918141603469849 0.44454625248908997
vt 0.15918141603469849 0.45253562927246094
vt 0.15918141603469849 0.46025678515434265
vt 0.15918141603469849 0.46786969900131226
vt 0.15918141603469849 0.47548261284828186
vt 0.17186962068080902 0.44454625248908997
vt 0.17186962068080902 0.45253562927246094
vt 0.17186962068080902 0.46025678515434265
vt 0.17186962068080902 0.46786969900131226
vt 0.17186962068080902 0.47548261284828186
vt 0.18504250049591064 0.44454625248908997
vt 0.18504250049591064 0.45253562927246094
vt 0.18504250049591064 0.46025678515434265
vt 0.18504250049591064 0.46786969900131226
vt 0.18504250049591064 0.47548261284828186
vt 0.19773070514202118 0.44454625248908997
vt 0.19773070514202118 0.45253562927246094
vt 0.19773070514202118 0.46025678515434265
vt 0.19773070514202118 0.46786969900131226
vt 0.19773070514202118 0.47548261284828186
vt 0.21041889488697052 0.44454625248908997
vt 0.21041889488697052 0.45253562927246094
vt 0.21041889488697052 0.46025678515434265
vt 0.21041889488697052 0.46786969900131226
vt 0.21041889488697052 0.47548261284828186
vt 0.22359177470207214 0.44454625248908997
vt 0.22359177470207214 0.45253562927246094
vt 0.22359177470207214 0.46025678515434265
vt 0.23627997934818268 0.44454625248908997
vt 0.23627997934818268 0.45253562927246094
vt 0.23627997934818268 0.46025678515434265
vt 0.24896818399429321 0.45253562927246094
vt 0.24896818399429321 0.46025678515434265
vt 0.21753640472888947 0.48309552669525146
vt 0.20840305089950562 0.48309552669525146
vt 0.19926969707012177 0.48309552669525146
vt 0.19013634324073792 0.48309552669525146
vt 0.18100297451019287 0.48309552669525146
vt 0.17186962068080902 0.48309552669525146
vt 0.11529421806335449 0.48309552669525146
vt 0.11404571682214737 0.4803328812122345
vt 0.11383883655071259 0.47991335391998291
vt 0.11183987557888031 0.47632378339767456
vt 0.10986132919788361 0.47345820069313049
vt 0.10950899124145508 0.47300764918327332
vt 0.10664525628089905 0.46989867091178894
vt 0.10402218997478485 0.46775391697883606
vt 0.097730167210102081 0.46448063850402832
vt 0.095650859177112579 0.46382081508636475
vt 0.094771064817905426 0.46359151601791382
vt 0.24896818399429321 0.46359151601791382
vt 0.23821550607681274 0.46278709173202515
vt 0.23258452117443085 0.46382001042366028
vt 0.23258200287818909 0.46382075548171997
vt 0.22969353199005127 0.46486291289329529
vt 0.22404421865940094 0.46859610080718994
vt 0.22045712172985077 0.47345823049545288
vt 0.21995545923709869 0.47448626160621643
vt 0.21973739564418793 0.47497817873954773
vt 0.21966998279094696 0.47513660788536072
vt 0.16244038939476013 0.48309552669525146
vt 0.15301115810871124 0.48309552669525146
vt 0.14358191192150116 0.48309552669525146
vt 0.13415268063545227 0.48309552669525146
vt 0.12472344934940338 0.48309552669525146
vt 0 0.44454625248908997
vt 0.054027367383241653 0.44454625248908997
vt 0.054027367383241653 0.51816821098327637
vt 0.054027367383241653 0.48135724663734436
vt 0.051491569727659225 0.51816821098327637
vt 0.050565708428621292 0.51741772890090942
vt 0.04741206020116806 0.51445770263671875
vt 0.04420013353228569 0.51092994213104248
vt 0.041152041405439377 0.50724667310714722
vt 0.035620760172605515 0.50008302927017212
vt 0.035322375595569611 0.49968627095222473
vt 0.032310225069522858 0.49564781785011292
vt 0.029318379238247871 0.49159291386604309
vt 0.027127228677272797 0.48859995603561401
vt 0.022663407027721405 0.48242154717445374
vt 0.018656982108950615 0.47672542929649353
vt 0.017214264720678329 0.47462168335914612
vt 0.015508687123656273 0.47208818793296814
vt 0.014671859331429005 0.47082415223121643
vt 0.012728247791528702 0.46782684326171875
vt 0.010220394469797611 0.46380987763404846
vt 0.0079308990389108658 0.45996218919754028
vt 0.0058266362175345421 0.45623752474784851
vt 0.0041029695421457291 0.4530220627784729
vt 0.0038863224908709526 0.45260578393936157
vt 0.0020644478499889374 0.4489806592464447
vt 0.00032907319837249815 0.44528079032897949
vt 0.053182102739810944 0.51816821098327637
vt 0.052336834371089935 0.51816821098327637
vt 0.0090045612305402756 0.44454625248908997
vt 0.018009122461080551 0.44454625248908997
vt 0.027013683691620827 0.44454625248908997
vt 0.036018244922161102 0.44454625248908997
vt 0.045022804290056229 0.44454625248908997
vt 0.049312841147184372 0.26384833455085754
vt 0.049312841147184372 0.27861163020133972
vt 0.049312841147184372 0.26876944303512573
vt 0.049312841147184372 0.27369052171707153
vt 0.04764721542596817 0.26384833455085754
vt 0.048480026423931122 0.26384833455085754
vt 0.048472292721271515 0.27755379676818848
vt 0.047710474580526352 0.27635815739631653
vt 0.046650242060422897 0.2738928496837616
vt 0.046402063220739365 0.27296197414398193
vt 0.04609309509396553 0.26991739869117737
vt 0.046449631452560425 0.26709818840026855
vt 0.81259465217590332 0
vt 0.73897272348403931 0
vt 0.81259465217590332 0.044643152505159378
vt 0.73897272348403931 0.01464993879199028
vt 0.73897272348403931 0.009766625240445137
vt 0.73897272348403931 0.0048833126202225685
vt 0.81259465217590332 0.0089286305010318756
vt 0.81259465217590332 0.017857261002063751
vt 0.81259465217590332 0.026785893365740776
vt 0.81259465217590332 0.035714522004127502
vt 0.7757837176322937 0
vt 0.80609774589538574 0.0434107705950737
vt 0.80191618204116821 0.042479142546653748
vt 0.79291915893554688 0.040160369127988815
vt 0.78624111413955688 0.038190174847841263
vt 0.78531521558761597 0.037901017814874649
vt 0.78463214635848999 0.037685226649045944
vt 0.77959853410720825 0.036030478775501251
vt 0.77307325601577759 0.033707577735185623
vt 0.77105879783630371 0.032947104424238205
vt 0.76675516366958618 0.031245039775967598
vt 0.7607424259185791 0.028662955388426781
vt 0.75857657194137573 0.027662808075547218
vt 0.75513899326324463 0.025980431586503983
vt 0.74996232986450195 0.023162199184298515
vt 0.74752473831176758 0.021671352908015251
vt 0.7452734112739563 0.020161772146821022
vt 0.74348795413970947 0.018842592835426331
vt 0.74125975370407104 0.016978127881884575
vt 0 0.33544182777404785
vt 0 0.3454858660697937
vt 0.012068012729287148 0.33544182777404785
vt 0.012068012729287148 0.3454858660697937
vt 0.024144602939486504 0.33544182777404785
vt 0.024144602939486504 0.3454858660697937
vt 0.035972177982330322 0.33544182777404785
vt 0.035972177982330322 0.3454858660697937
vt 0.035972177982330322 0.35515108704566956
vt 0.035972177982330322 0.36476099491119385
vt 0.048213128000497818 0.33544182777404785
vt 0.048213128000497818 0.3454858660697937
vt 0.048213128000497818 0.35515108704566956
vt 0.048213128000497818 0.36476099491119385
vt 0.060116782784461975 0.33544182777404785
vt 0.060116782784461975 0.3454858660697937
vt 0.060116782784461975 0.35515108704566956
vt 0.060116782784461975 0.36476099491119385
vt 0.071944355964660645 0.33544182777404785
vt 0.071944355964660645 0.3454858660697937
vt 0.071944355964660645 0.35515108704566956
vt 0.071944355964660645 0.36476099491119385
vt 0.084102235734462738 0.33544182777404785
vt 0.084102235734462738 0.3454858660697937
vt 0.084102235734462738 0.35515108704566956
vt 0.084102235734462738 0.36476099491119385
vt 0.096088960766792297 0.33544182777404785
vt 0.096088960766792297 0.3454858660697937
vt 0.096088960766792297 0.35515108704566956
vt 0.096088960766792297 0.36476099491119385
vt 0.10791653394699097 0.33544182777404785
vt 0.10791653394699097 0.3454858660697937
vt 0.10791653394699097 0.35515108704566956
vt 0.10791653394699097 0.36476099491119385
vt 0.11999133974313736 0.33544182777404785
vt 0.11999133974313736 0.3454858660697937
vt 0.11999133974313736 0.35515108704566956
vt 0.11999133974313736 0.36476099491119385
vt 0.13206113874912262 0.33544182777404785
vt 0.13206113874912262 0.3454858660697937
vt 0.13206113874912262 0.35515108704566956
vt 0.13206113874912262 0.36476099491119385
vt 0.14388871192932129 0.33544182777404785
vt 0.14388871192932129 0.3454858660697937
vt 0.15571628510951996 0.3454858660697937
vt 0.13148424029350281 0.37437090277671814
vt 0.12254655361175537 0.37437090277671814
vt 0.11360887438058853 0.37437090277671814
vt 0.10467119514942169 0.37437090277671814
vt 0.095733508467674255 0.37437090277671814
vt 0.086795829236507416 0.37437090277671814
vt 0.077858142554759979 0.37437090277671814
vt 0.028619794175028801 0.37437090277671814
vt 0.027837803587317467 0.36662444472312927
vt 0.027717700228095055 0.36592909693717957
vt 0.027461564168334007 0.36463862657546997
vt 0.025823008269071579 0.35953548550605774
vt 0.0226322952657938 0.35490629076957703
vt 0.019961278885602951 0.35280883312225342
vt 0.019464798271656036 0.3525107204914093
vt 0.010869155637919903 0.34971797466278076
vt 0 0.34968477487564087
vt 0.15571628510951996 0.34968477487564087
vt 0.15528008341789246 0.34974756836891174
vt 0.14539004862308502 0.35299912095069885
vt 0.14256110787391663 0.35490632057189941
vt 0.13786791265010834 0.35995447635650635
vt 0.13625171780586243 0.36251965165138245
vt 0.13513514399528503 0.36463853716850281
vt 0.13394483923912048 0.36727634072303772
vt 0.13245253264904022 0.37126269936561584
vt 0.069651752710342407 0.37437090277671814
vt 0.061445359140634537 0.37437090277671814
vt 0.053238969296216965 0.37437090277671814
vt 0.045032575726509094 0.37437090277671814
vt 0.036826185882091522 0.37437090277671814
vt 0.15638487040996552 0.73263883590698242
vt 0.094771064817905426 0.73263883590698242
vt 0.12557797133922577 0.75171458721160889
vt 0.15638487040996552 0.7851938009262085
vt 0.14098142087459564 0.75171458721160889
vt 0.12557797133922577 0.74217671155929565
vt 0.14098142087459564 0.74217671155929565
vt 0.1101745143532753 0.74217671155929565
vt 0.15638487040996552 0.74139797687530518
vt 0.15638487040996552 0.75015717744827271
vt 0.15638487040996552 0.75891631841659546
vt 0.15638487040996552 0.76767545938491821
vt 0.15638487040996552 0.77643465995788574
vt 0.11530900001525879 0.73263883590698242
vt 0.13584692776203156 0.73263883590698242
vt 0.15523597598075867 0.78482633829116821
vt 0.1512637585401535 0.7834470272064209
vt 0.14741955697536469 0.78195035457611084
vt 0.14369584619998932 0.78034865856170654
vt 0.14008601009845734 0.77865087985992432
vt 0.13651943206787109 0.77682924270629883
vt 0.13292761147022247 0.77484554052352905
vt 0.12930795550346375 0.77268522977828979
vt 0.12634822726249695 0.77079033851623535
vt 0.12565545737743378 0.77032911777496338
vt 0.12413846701383591 0.76929444074630737
vt 0.12196256220340729 0.76774817705154419
vt 0.11821708828210831 0.76489818096160889
vt 0.11046726256608963 0.75805336236953735
vt 0.1046866849064827 0.75171458721160889
vt 0.10182001441717148 0.74791502952575684
vt 0.10067158937454224 0.74620270729064941
vt 0.097113028168678284 0.73967826366424561
vt 0.31520769000053406 0.079599872231483459
vt 0.34433367848396301 0.11074427515268326
vt 0.36337468028068542 0.079599872231483459
vt 0.34433367848396301 0.09517206996679306
vt 0.33481317758560181 0.11074427515268326
vt 0.32529264688491821 0.09517206996679306
vt 0.33481317758560181 0.09517206996679306
vt 0.34433367848396301 0.12631648778915405
vt 0.36337468028068542 0.10013780742883682
vt 0.36337468028068542 0.12067574262619019
vt 0.36337468028068542 0.14121368527412415
vt 0.359548419713974 0.14179335534572601
vt 0.35568040609359741 0.14183981716632843
vt 0.35306152701377869 0.14154404401779175
vt 0.34856608510017395 0.14037159085273743
vt 0.34433364868164062 0.1384323388338089
vt 0.34315410256385803 0.13773557543754578
vt 0.33655881881713867 0.13243967294692993
vt 0.33384224772453308 0.12948647141456604
vt 0.33140078186988831 0.12638795375823975
vt 0.32919022440910339 0.12317454814910889
vt 0.32718196511268616 0.11987117677927017
vt 0.32535633444786072 0.11649972945451736
vt 0.32529264688491821 0.11637503653764725
vt 0.3236997127532959 0.11307971924543381
vt 0.32217642664909363 0.10956419259309769
vt 0.3207632303237915 0.10589944571256638
vt 0.31947064399719238 0.1020946130156517
vt 0.31831181049346924 0.098160691559314728
vt 0.31730189919471741 0.09411080926656723
vt 0.31645786762237549 0.089960195124149323
vt 0.31533756852149963 0.081426873803138733
vt 0.32323554158210754 0.079599872231483459
vt 0.33126336336135864 0.079599872231483459
vt 0.33929118514060974 0.079599872231483459
vt 0.34731903672218323 0.079599872231483459
vt 0.35534685850143433 0.079599872231483459
vt 0.82001841068267822 0.096780046820640564
vt 0.83240103721618652 0.098805107176303864
vt 0.83240103721618652 0.10076094418764114
vt 0.84455549716949463 0.098805107176303864
vt 0.84455549716949463 0.10076094418764114
vt 0.85669273138046265 0.098805107176303864
vt 0.85669273138046265 0.10076094418764114
vt 0.86882990598678589 0.096780046820640564
vt 0.86882990598678589 0.096848130226135254
vt 0.86882990598678589 0.096916221082210541
vt 0.86752623319625854 0.097854867577552795
vt 0.86214160919189453 0.10090091824531555
vt 0.85630226135253906 0.10303671658039093
vt 0.85472583770751953 0.10344527661800385
vt 0.84844470024108887 0.10446327924728394
vt 0.8427283763885498 0.1046082004904747
vt 0.84169089794158936 0.10455700010061264
vt 0.83570122718811035 0.10378041118383408
vt 0.82994216680526733 0.10218361020088196
vt 0.82915449142456055 0.10189102590084076
vt 0.82240772247314453 0.098474830389022827
vt 0.82815366983413696 0.096780046820640564
vt 0.8362889289855957 0.096780046820640564
vt 0.84442418813705444 0.096780046820640564
vt 0.85255944728851318 0.096780046820640564
vt 0.86069464683532715 0.096780046820640564
vt 0.61959391832351685 0.15940119326114655
vt 0.63207036256790161 0.14989915490150452
vt 0.63207036256790161 0.15306650102138519
vt 0.63207036256790161 0.15623384714126587
vt 0.64460378885269165 0.14066483080387115
vt 0.64460378885269165 0.14362257719039917
vt 0.64460378885269165 0.14673180878162384
vt 0.64460378885269165 0.14989915490150452
vt 0.64460378885269165 0.15306650102138519
vt 0.64460378885269165 0.15623384714126587
vt 0.65666079521179199 0.14066483080387115
vt 0.65666079521179199 0.14362257719039917
vt 0.65666079521179199 0.14673180878162384
vt 0.65666079521179199 0.14989915490150452
vt 0.65666079521179199 0.15306650102138519
vt 0.65666079521179199 0.15623384714126587
vt 0.66857492923736572 0.14066483080387115
vt 0.66857492923736572 0.14362257719039917
vt 0.66857492923736572 0.14673180878162384
vt 0.66857492923736572 0.14989915490150452
vt 0.66857492923736572 0.15306650102138519
vt 0.66857492923736572 0.15623384714126587
vt 0.68048906326293945 0.14362257719039917
vt 0.68048906326293945 0.14673180878162384
vt 0.68048906326293945 0.14989915490150452
vt 0.68048906326293945 0.15306650102138519
vt 0.68048906326293945 0.15623384714126587
vt 0.69290280342102051 0.14989915490150452
vt 0.69290280342102051 0.15306650102138519
vt 0.69290280342102051 0.15623384714126587
vt 0.70489251613616943 0.15940119326114655
vt 0.69845801591873169 0.15940119326114655
vt 0.69202345609664917 0.15940119326114655
vt 0.68558895587921143 0.15940119326114655
vt 0.62133139371871948 0.15622349083423615
vt 0.62301695346832275 0.15370306372642517
vt 0.62930446863174438 0.14722232520580292
vt 0.63032108545303345 0.14646025002002716
vt 0.63376748561859131 0.14426711201667786
vt 0.6379358172416687 0.14223852753639221
vt 0.63974249362945557 0.14152377843856812
vt 0.64620357751846313 0.13958932459354401
vt 0.65254724025726318 0.13842526078224182
vt 0.65967822074890137 0.13779595494270325
vt 0.66552454233169556 0.13775809109210968
vt 0.6731528639793396 0.1383698582649231
vt 0.67854064702987671 0.13932166993618011
vt 0.6831049919128418 0.1405496746301651
vt 0.68558895587921143 0.14141927659511566
vt 0.69319683313369751 0.14531835913658142
vt 0.69397819042205811 0.14586009085178375
vt 0.69479078054428101 0.14646023511886597
vt 0.69802504777908325 0.1492951512336731
vt 0.70051020383834839 0.15211328864097595
vt 0.67733955383300781 0.15940119326114655
vt 0.66909021139144897 0.15940119326114655
vt 0.66084080934524536 0.15940119326114655
vt 0.65259140729904175 0.15940119326114655
vt 0.64434206485748291 0.15940119326114655
vt 0.6360926628112793 0.15940119326114655
vt 0.62784326076507568 0.15940119326114655
vt 0.31374284625053406 0.64196079969406128
vt 0.31374284625053406 0.74191176891326904
vt 0.31374284625053406 0.69193631410598755
vt 0.26668599247932434 0.74191176891326904
vt 0.26341632008552551 0.73911839723587036
vt 0.26110881567001343 0.73684251308441162
vt 0.25519153475761414 0.72962307929992676
vt 0.25049704313278198 0.72200125455856323
vt 0.24954897165298462 0.72017663717269897
vt 0.24678601324558258 0.71407198905944824
vt 0.24396258592605591 0.70593798160552979
vt 0.24198289215564728 0.69770687818527222
vt 0.24081534147262573 0.68948745727539062
vt 0.24052456021308899 0.68541568517684937
vt 0.24042107164859772 0.68138623237609863
vt 0.24049752950668335 0.67741149663925171
vt 0.24074563384056091 0.67350316047668457
vt 0.24115641415119171 0.66967219114303589
vt 0.24172045290470123 0.66592895984649658
vt 0.24234363436698914 0.66267794370651245
vt 0.24244242906570435 0.66221600770950317
vt 0.24333822727203369 0.65847861766815186
vt 0.24441514909267426 0.65473198890686035
vt 0.24568048119544983 0.6509934663772583
vt 0.24714285135269165 0.64728266000747681
vt 0.24881167709827423 0.64362096786499023
vt 0.24965165555477142 0.64196079969406128
vt 0.30590003728866577 0.74191176891326904
vt 0.29805722832679749 0.74191176891326904
vt 0.2902144193649292 0.74191176891326904
vt 0.28237161040306091 0.74191176891326904
vt 0.27452880144119263 0.74191176891326904
vt 0.2576630711555481 0.64196079969406128
vt 0.26567447185516357 0.64196079969406128
vt 0.27368584275245667 0.64196079969406128
vt 0.28169724345207214 0.64196079969406128
vt 0.28970864415168762 0.64196079969406128
vt 0.2977200448513031 0.64196079969406128
vt 0.30573144555091858 0.64196079969406128
vt 0 0.26384833455085754
vt 0 0.2639809250831604
vt 0.00016177963698282838 0.26384833455085754
vt 8.0889818491414189E-05 0.26384833455085754
vt 0 0.26391464471817017
vt 0.00012139767204644158 0.26388159394264221
vt 8.0973455624189228E-05 0.2639147937297821
vt 4.0507420635549352E-05 0.26394787430763245
vt 0.20104421675205231 0
vt 0.20104421675205231 0.099950999021530151
vt 0.20122310519218445 0.099950999021530151
vt 0.20113366842269897 0.099950999021530151
vt 0.20751959085464478 0
vt 0.21399496495723724 0
vt 0.22047033905982971 0
vt 0.20104421675205231 0.049975499510765076
vt 0.22049671411514282 5.1995069952681661E-05
vt 0.22223389148712158 0.0037345639429986477
vt 0.223756343126297 0.007471858523786068
vt 0.22507470846176147 0.011240046471357346
vt 0.22619736194610596 0.015018193982541561
vt 0.22711947560310364 0.018732292577624321
vt 0.22713194787502289 0.018787803128361702
vt 0.22788624465465546 0.022532623261213303
vt 0.22847624123096466 0.026307497173547745
vt 0.22890758514404297 0.030169874429702759
vt 0.2291703075170517 0.034109100699424744
vt 0.22925487160682678 0.038113906979560852
vt 0.22915281355381012 0.042172480374574661
vt 0.22885654866695404 0.046272531151771545
vt 0.22765621542930603 0.054546475410461426
vt 0.22711947560310364 0.057097110897302628
vt 0.22561343014240265 0.062832191586494446
vt 0.22269560396671295 0.071025602519512177
vt 0.22051902115345001 0.075831875205039978
vt 0.2188572883605957 0.079025782644748688
vt 0.21399892866611481 0.086739018559455872
vt 0.20787304639816284 0.094084203243255615
vt 0.094771064817905426 0.52828073501586914
vt 0.094771064817905426 0.53912729024887085
vt 0.094771064817905426 0.5496097207069397
vt 0.094771064817905426 0.55994522571563721
vt 0.094771064817905426 0.57028073072433472
vt 0.094771064817905426 0.58061623573303223
vt 0.10764561593532562 0.53912729024887085
vt 0.10764561593532562 0.5496097207069397
vt 0.10764561593532562 0.55994522571563721
vt 0.10764561593532562 0.57028073072433472
vt 0.10764561593532562 0.58061623573303223
vt 0.12052017450332642 0.53912729024887085
vt 0.12052017450332642 0.5496097207069397
vt 0.12052017450332642 0.55994522571563721
vt 0.12052017450332642 0.57028073072433472
vt 0.12052017450332642 0.58061623573303223
vt 0.14626927673816681 0.53912729024887085
vt 0.14626927673816681 0.5496097207069397
vt 0.14626927673816681 0.55994522571563721
vt 0.14626927673816681 0.57028073072433472
vt 0.14626927673816681 0.58061623573303223
vt 0.1591438353061676 0.5496097207069397
vt 0.1591438353061676 0.55994522571563721
vt 0.1591438353061676 0.57028073072433472
vt 0.1591438353061676 0.58061623573303223
vt 0.1720183938741684 0.55994522571563721
vt 0.1720183938741684 0.57028073072433472
vt 0.1720183938741684 0.58061623573303223
vt 0.19776749610900879 0.5496097207069397
vt 0.19776749610900879 0.55994522571563721
vt 0.19776749610900879 0.57028073072433472
vt 0.19776749610900879 0.58061623573303223
vt 0.21064205467700958 0.53912729024887085
vt 0.21064205467700958 0.5496097207069397
vt 0.21064205467700958 0.55994522571563721
vt 0.21064205467700958 0.57028073072433472
vt 0.21064205467700958 0.58061623573303223
vt 0.22351661324501038 0.53912729024887085
vt 0.22351661324501038 0.5496097207069397
vt 0.22351661324501038 0.55994522571563721
vt 0.22351661324501038 0.57028073072433472
vt 0.22351661324501038 0.58061623573303223
vt 0.24926571547985077 0.53912729024887085
vt 0.24926571547985077 0.5496097207069397
vt 0.24926571547985077 0.55994522571563721
vt 0.24926571547985077 0.57028073072433472
vt 0.24926571547985077 0.58061623573303223
vt 0.26214027404785156 0.53912729024887085
vt 0.26214027404785156 0.5496097207069397
vt 0.26214027404785156 0.55994522571563721
vt 0.26214027404785156 0.57028073072433472
vt 0.26214027404785156 0.58061623573303223
vt 0.27501481771469116 0.53912729024887085
vt 0.27501481771469116 0.5496097207069397
vt 0.27501481771469116 0.55994522571563721
vt 0.27501481771469116 0.57028073072433472
vt 0.27501481771469116 0.58061623573303223
vt 0.30076393485069275 0.52828073501586914
vt 0.30076393485069275 0.53912729024887085
vt 0.30076393485069275 0.5496097207069397
vt 0.30076393485069275 0.55994522571563721
vt 0.30076393485069275 0.57028073072433472
vt 0.30076393485069275 0.58061623573303223
vt 0.14626927673816681 0.53370404243469238
vt 0.13339473307132721 0.53912729024887085
vt 0.12052017450332642 0.53370404243469238
vt 0.13339473307132721 0.53370404243469238
vt 0.14626927673816681 0.54436850547790527
vt 0.13339473307132721 0.5496097207069397
vt 0.12052017450332642 0.54436850547790527
vt 0.13339473307132721 0.54436850547790527
vt 0.14626927673816681 0.55477750301361084
vt 0.13339473307132721 0.55994522571563721
vt 0.12052017450332642 0.55477750301361084
vt 0.13339473307132721 0.55477750301361084
vt 0.14626927673816681 0.56511300802230835
vt 0.13339473307132721 0.57028073072433472
vt 0.12052017450332642 0.56511300802230835
vt 0.13339473307132721 0.56511300802230835
vt 0.24926571547985077 0.53370404243469238
vt 0.23639117181301117 0.53912729024887085
vt 0.22351661324501038 0.53370404243469238
vt 0.23639117181301117 0.53370404243469238
vt 0.24926571547985077 0.54436850547790527
vt 0.23639117181301117 0.5496097207069397
vt 0.22351661324501038 0.54436850547790527
vt 0.23639117181301117 0.54436850547790527
vt 0.30076393485069275 0.53370404243469238
vt 0.28788939118385315 0.53912729024887085
vt 0.27501481771469116 0.53370404243469238
vt 0.28788939118385315 0.53370404243469238
vt 0.30076393485069275 0.54436850547790527
vt 0.28788939118385315 0.5496097207069397
vt 0.27501481771469116 0.54436850547790527
vt 0.28788939118385315 0.54436850547790527
vt 0.30076393485069275 0.55477750301361084
vt 0.28788939118385315 0.55994522571563721
vt 0.27501481771469116 0.55477750301361084
vt 0.28788939118385315 0.55477750301361084
vt 0.30076393485069275 0.56511300802230835
vt 0.28788939118385315 0.57028073072433472
vt 0.27501481771469116 0.56511300802230835
vt 0.28788939118385315 0.56511300802230835
vt 0.10764561593532562 0.53370404243469238
vt 0.10120833665132523 0.53912729024887085
vt 0.094771064817905426 0.53370404243469238
vt 0.10120833665132523 0.53370404243469238
vt 0.10764561593532562 0.54436850547790527
vt 0.10120833665132523 0.5496097207069397
vt 0.094771064817905426 0.54436850547790527
vt 0.10120833665132523 0.54436850547790527
vt 0.10764561593532562 0.55477750301361084
vt 0.10120833665132523 0.55994522571563721
vt 0.094771064817905426 0.55477750301361084
vt 0.10120833665132523 0.55477750301361084
vt 0.10764561593532562 0.56511300802230835
vt 0.10120833665132523 0.57028073072433472
vt 0.094771064817905426 0.56511300802230835
vt 0.10120833665132523 0.56511300802230835
vt 0.10705699771642685 0.52828073501586914
vt 0.11934293061494827 0.52828073501586914
vt 0.13162887096405029 0.52828073501586914
vt 0.14391480386257172 0.52828073501586914
vt 0.15620073676109314 0.52828073501586914
vt 0.15629366040229797 0.53012746572494507
vt 0.15662328898906708 0.53309720754623413
vt 0.15862779319286346 0.54006421566009521
vt 0.15928155183792114 0.54136461019515991
vt 0.16425627470016479 0.54713034629821777
vt 0.1720183938741684 0.55067735910415649
vt 0.179277703166008 0.55141186714172363
vt 0.18540897965431213 0.55061084032058716
vt 0.1858416348695755 0.55050432682037354
vt 0.19585750997066498 0.54566097259521484
vt 0.19776749610900879 0.54403334856033325
vt 0.20027130842208862 0.54136472940444946
vt 0.20196481049060822 0.53910964727401733
vt 0.20605386793613434 0.53119111061096191
vt 0.20706237852573395 0.52828073501586914
vt 0.21877506375312805 0.52828073501586914
vt 0.23048776388168335 0.52828073501586914
vt 0.24220046401023865 0.52828073501586914
vt 0.25391316413879395 0.52828073501586914
vt 0.26562586426734924 0.52828073501586914
vt 0.27733856439590454 0.52828073501586914
vt 0.28905123472213745 0.52828073501586914
vt 0 0
vt 0.095085367560386658 0.094142571091651917
vt 0 0.094142571091651917
vt 0.0057296738959848881 0.0022509233094751835
vt 0.013734572567045689 0.0062165665440261364
vt 0.021341444924473763 0.010781078599393368
vt 0.02861914224922657 0.015814846381545067
vt 0.029586624354124069 0.016531674191355705
vt 0.035331141203641891 0.021016204729676247
vt 0.035636775195598602 0.021265801042318344
vt 0.042492903769016266 0.027158951386809349
vt 0.045910108834505081 0.030306842178106308
vt 0.049363967031240463 0.033628486096858978
vt 0.052908357232809067 0.037177633494138718
vt 0.056631751358509064 0.041046876460313797
vt 0.057906892150640488 0.04240194708108902
vt 0.060697969049215317 0.045414753258228302
vt 0.06108543649315834 0.045837618410587311
vt 0.065487273037433624 0.05070853978395462
vt 0.072819307446479797 0.059035558253526688
vt 0.073939904570579529 0.06033024936914444
vt 0.080636799335479736 0.068272270262241364
vt 0.08400978147983551 0.072519443929195404
vt 0.084786303341388702 0.073539189994335175
vt 0.089923486113548279 0.081042245030403137
vt 0.092828728258609772 0.086595654487609863
vt 0.094490759074687958 0.091293759644031525
vt 0.094788163900375366 0.092524528503417969
vt 0 0.082374751567840576
vt 0 0.070606924593448639
vt 0 0.058839105069637299
vt 0 0.047071285545825958
vt 0 0.035303462296724319
vt 0 0.023535642772912979
vt 0 0.01176782138645649
vt 0.047542683780193329 0.094142571091651917
vt 0.23713354766368866 0.095260448753833771
vt 0.29816329479217529 0.095260448753833771
vt 0.28595736622810364 0.095260448753833771
vt 0.27375140786170959 0.095260448753833771
vt 0.26154544949531555 0.095260448753833771
vt 0.24933949112892151 0.095260448753833771
vt 0.23713354766368866 0.00017507621669210494
vt 0.2385423481464386 3.6807598462473834E-06
vt 0.24252773821353912 0
vt 0.24636656045913696 0.0006976249860599637
vt 0.25011312961578369 0.002065607812255621
vt 0.25681072473526001 0.0062331492081284523
vt 0.25744596123695374 0.0067432443611323833
vt 0.26271504163742065 0.011735182255506516
vt 0.26464205980300903 0.013897121883928776
vt 0.27168357372283936 0.023307779803872108
vt 0.27796944975852966 0.033717386424541473
vt 0.27845132350921631 0.034595981240272522
vt 0.28473082184791565 0.04720461368560791
vt 0.28829658031463623 0.05550311878323555
vt 0.29021480679512024 0.060436401516199112
vt 0.29120919108390808 0.063164927065372467
vt 0.29451394081115723 0.073534496128559113
vt 0.2972416877746582 0.085823290050029755
vt 0.23713354766368866 0.047717761248350143
vt 0.094771064817905426 0.64196079969406128
vt 0.10567542165517807 0.64692676067352295
vt 0.10567542165517807 0.65173721313476562
vt 0.10567542165517807 0.65644818544387817
vt 0.10567542165517807 0.66109347343444824
vt 0.10567542165517807 0.66573870182037354
vt 0.10567542165517807 0.67038393020629883
vt 0.11609339714050293 0.64692676067352295
vt 0.11609339714050293 0.65173721313476562
vt 0.11609339714050293 0.65644818544387817
vt 0.11609339714050293 0.66109347343444824
vt 0.11609339714050293 0.66573870182037354
vt 0.11609339714050293 0.67038393020629883
vt 0.11609339714050293 0.6750292181968689
vt 0.12645511329174042 0.64692676067352295
vt 0.12645511329174042 0.65173721313476562
vt 0.12645511329174042 0.65644818544387817
vt 0.12645511329174042 0.66109347343444824
vt 0.12645511329174042 0.66573870182037354
vt 0.12645511329174042 0.67038393020629883
vt 0.12645511329174042 0.6750292181968689
vt 0.13705682754516602 0.64692676067352295
vt 0.13705682754516602 0.65173721313476562
vt 0.13705682754516602 0.65644818544387817
vt 0.13705682754516602 0.66109347343444824
vt 0.13705682754516602 0.66573870182037354
vt 0.13705682754516602 0.67038393020629883
vt 0.13705682754516602 0.6750292181968689
vt 0.14765684306621552 0.64692676067352295
vt 0.14765684306621552 0.65173721313476562
vt 0.14765684306621552 0.65644818544387817
vt 0.14765684306621552 0.66109347343444824
vt 0.14765684306621552 0.66573870182037354
vt 0.14765684306621552 0.67038393020629883
vt 0.14765684306621552 0.6750292181968689
vt 0.158018559217453 0.64692676067352295
vt 0.158018559217453 0.65173721313476562
vt 0.158018559217453 0.65644818544387817
vt 0.158018559217453 0.66109347343444824
vt 0.158018559217453 0.66573870182037354
vt 0.158018559217453 0.67038393020629883
vt 0.158018559217453 0.6750292181968689
vt 0.16838027536869049 0.64692676067352295
vt 0.16838027536869049 0.65173721313476562
vt 0.16838027536869049 0.65644818544387817
vt 0.16838027536869049 0.66109347343444824
vt 0.16838027536869049 0.66573870182037354
vt 0.16838027536869049 0.67038393020629883
vt 0.16838027536869049 0.6750292181968689
vt 0.1792101263999939 0.64196079969406128
vt 0.17878526449203491 0.64883482456207275
vt 0.17855051159858704 0.6516958475112915
vt 0.17791686952114105 0.6575322151184082
vt 0.17733801901340485 0.66143083572387695
vt 0.176007941365242 0.66758763790130615
vt 0.174765944480896 0.67116588354110718
vt 0.17202745378017426 0.67522990703582764
vt 0.16599439084529877 0.67808061838150024
vt 0.16155554354190826 0.67881268262863159
vt 0.15300579369068146 0.67941832542419434
vt 0.13398417830467224 0.67965435981750488
vt 0.12188825011253357 0.6793329119682312
vt 0.11496248096227646 0.67878419160842896
vt 0.10726911574602127 0.67692750692367554
vt 0.10442524403333664 0.67499029636383057
vt 0.10181260854005814 0.6711660623550415
vt 0.099964544177055359 0.66624748706817627
vt 0.098635070025920868 0.66143083572387695
vt 0.097628526389598846 0.65716266632080078
vt 0.097147636115550995 0.65494275093078613
vt 0.096487931907176971 0.6516958475112915
vt 0.095940932631492615 0.64881110191345215
vt 0.095163531601428986 0.64437079429626465
vt 0.10244733840227127 0.64196079969406128
vt 0.11012361943721771 0.64196079969406128
vt 0.11779990047216415 0.64196079969406128
vt 0.1254761815071106 0.64196079969406128
vt 0.13315245509147644 0.64196079969406128
vt 0.14082874357700348 0.64196079969406128
vt 0.14850501716136932 0.64196079969406128
vt 0.15618129074573517 0.64196079969406128
vt 0.16385757923126221 0.64196079969406128
vt 0.17153385281562805 0.64196079969406128
vt 0 0.30759590864181519
vt 0 0.31108051538467407
vt 0.0082756904885172844 0.31108051538467407
vt 0.0055171274580061436 0.31108051538467407
vt 0.0027585637290030718 0.31108051538467407
vt 0.0018554544076323509 0.30814412236213684
vt 0.0036712959408760071 0.3088061511516571
vt 0.0054448111914098263 0.30957666039466858
vt 0.0071741212159395218 0.31045308709144592
vt 0 0.30933821201324463
vt 0.2726210355758667 0.25083103775978088
vt 0.2726210355758667 0.28894826769828796
vt 0.29120784997940063 0.25083103775978088
vt 0.2726210355758667 0.24130171537399292
vt 0.29120784997940063 0.24130171537399292
vt 0.25403422117233276 0.25083103775978088
vt 0.25403422117233276 0.23177240788936615
vt 0.25403422117233276 0.24130171537399292
vt 0.2726210355758667 0.29847756028175354
vt 0.25403422117233276 0.28894826769828796
vt 0.25403422117233276 0.29847756028175354
vt 0.30979466438293457 0.26988965272903442
vt 0.30979466438293457 0.27272039651870728
vt 0.30979466438293457 0.27555114030838013
vt 0.30979466438293457 0.27838188409805298
vt 0.23544739186763763 0.2306002676486969
vt 0.24228493869304657 0.22965346276760101
vt 0.25140589475631714 0.22919565439224243
vt 0.26053687930107117 0.22962881624698639
vt 0.26954007148742676 0.23089811205863953
vt 0.27374264597892761 0.23177240788936615
vt 0.27394309639930725 0.23181863129138947
vt 0.2766106128692627 0.23247317969799042
vt 0.27825090289115906 0.23291271924972534
vt 0.28244027495384216 0.23416763544082642
vt 0.2864876389503479 0.23557165265083313
vt 0.29036930203437805 0.2371145635843277
vt 0.2940618097782135 0.23878853023052216
vt 0.29760459065437317 0.24062325060367584
vt 0.30102288722991943 0.24266456067562103
vt 0.30426511168479919 0.24493759870529175
vt 0.30726909637451172 0.24748033285140991
vt 0.30979466438293457 0.25015857815742493
vt 0.30588877201080322 0.28437072038650513
vt 0.30215302109718323 0.28894826769828796
vt 0.30084910988807678 0.29036363959312439
vt 0.29774612188339233 0.29343268275260925
vt 0.29411652684211731 0.29657977819442749
vt 0.29057574272155762 0.29927775263786316
vt 0.28708028793334961 0.30164247751235962
vt 0.28361067175865173 0.30373886227607727
vt 0.2801591157913208 0.30560696125030518
vt 0.27672377228736877 0.30727264285087585
vt 0.27507862448692322 0.30800679326057434
vt 0.27324283123016357 0.30877980589866638
vt 0.26965337991714478 0.31015616655349731
vt 0.26595628261566162 0.31139466166496277
vt 0.262154221534729 0.31248599290847778
vt 0.25825169682502747 0.3134191632270813
vt 0.25425499677658081 0.31418204307556152
vt 0.2460135817527771 0.3151479959487915
vt 0.23751932382583618 0.31529676914215088
vt 0.23544739186763763 0.31520354747772217
vt 0.23544739186763763 0.30751234292984009
vt 0.23544739186763763 0.29982113838195801
vt 0.23544739186763763 0.29212993383407593
vt 0.23544739186763763 0.28443872928619385
vt 0.23544739186763763 0.27674752473831177
vt 0.23544739186763763 0.26905632019042969
vt 0.23544739186763763 0.26136508584022522
vt 0.23544739186763763 0.25367388129234314
vt 0.23544739186763763 0.24598267674446106
vt 0.23544739186763763 0.23829147219657898
vt 0.30979466438293457 0.25673559308052063
vt 0.30979466438293457 0.26331260800361633
vt 0.2726210355758667 0.26988965272903442
vt 0.2726210355758667 0.2794189453125
vt 0.04609309509396553 0.32750889658927917
vt 0.066141560673713684 0.32750889658927917
vt 0.046293836086988449 0.32734203338623047
vt 0.046776287257671356 0.32696068286895752
vt 0.049758866429328918 0.32512211799621582
vt 0.053204264491796494 0.32384017109870911
vt 0.05684705451130867 0.32319578528404236
vt 0.059989280998706818 0.32310816645622253
vt 0.060554362833499908 0.32313331961631775
vt 0.066141560673713684 0.32399892807006836
vt 0.066141560673713684 0.32575392723083496
vt 0.059458736330270767 0.32750889658927917
vt 0.052775915712118149 0.32750889658927917
vt 0.064026117324829102 0.27606853842735291
vt 0.064026117324829102 0.29285255074501038
vt 0.068939432501792908 0.28051465749740601
vt 0.068939432501792908 0.28466376662254333
vt 0.073508791625499725 0.28051465749740601
vt 0.082523971796035767 0.27606853842735291
vt 0.067109093070030212 0.27606853842735291
vt 0.070192068815231323 0.27606853842735291
vt 0.073275044560432434 0.27606853842735291
vt 0.076358020305633545 0.27606853842735291
vt 0.079440996050834656 0.27606853842735291
vt 0.064026117324829102 0.29075455665588379
vt 0.064026117324829102 0.28865653276443481
vt 0.064026117324829102 0.28655853867530823
vt 0.064026117324829102 0.28446054458618164
vt 0.064026117324829102 0.28236255049705505
vt 0.064026117324829102 0.28026455640792847
vt 0.064026117324829102 0.27816653251647949
vt 0.081890091300010681 0.27695664763450623
vt 0.081731453537940979 0.27717459201812744
vt 0.080172203481197357 0.27922618389129639
vt 0.078557908535003662 0.28118348121643066
vt 0.076874196529388428 0.28305539488792419
vt 0.075105488300323486 0.28484824299812317
vt 0.074415609240531921 0.28550228476524353
vt 0.07293354719877243 0.28682699799537659
vt 0.070911042392253876 0.28846988081932068
vt 0.068765498697757721 0.29002296924591064
vt 0.066477425396442413 0.29148527979850769
vt 0.61959391832351685 0
vt 0.63440310955047607 0.013192817568778992
vt 0.629466712474823 0.013192817568778992
vt 0.62453031539916992 0.013192817568778992
vt 0.64423811435699463 0.026385635137557983
vt 0.63933950662612915 0.026385635137557983
vt 0.63440310955047607 0.026385635137557983
vt 0.629466712474823 0.026385635137557983
vt 0.62453031539916992 0.026385635137557983
vt 0.64899963140487671 0.04806310310959816
vt 0.64423811435699463 0.04806310310959816
vt 0.63933950662612915 0.04806310310959816
vt 0.63440310955047607 0.04806310310959816
vt 0.629466712474823 0.04806310310959816
vt 0.62453031539916992 0.04806310310959816
vt 0.64899963140487671 0.058901842683553696
vt 0.64423811435699463 0.058901842683553696
vt 0.63933950662612915 0.058901842683553696
vt 0.63440310955047607 0.058901842683553696
vt 0.629466712474823 0.058901842683553696
vt 0.62453031539916992 0.058901842683553696
vt 0.64899963140487671 0.069740578532218933
vt 0.64423811435699463 0.069740578532218933
vt 0.63933950662612915 0.069740578532218933
vt 0.63440310955047607 0.069740578532218933
vt 0.629466712474823 0.069740578532218933
vt 0.62453031539916992 0.069740578532218933
vt 0.64423811435699463 0.086441352963447571
vt 0.63933950662612915 0.086441352963447571
vt 0.63440310955047607 0.086441352963447571
vt 0.629466712474823 0.086441352963447571
vt 0.62453031539916992 0.086441352963447571
vt 0.61959391832351685 0.10314212739467621
vt 0.64178884029388428 0.04806310310959816
vt 0.63933950662612915 0.037224370986223221
vt 0.64178884029388428 0.026385635137557983
vt 0.64423811435699463 0.037224370986223221
vt 0.64178884029388428 0.037224370986223221
vt 0.63687127828598022 0.04806310310959816
vt 0.63440310955047607 0.037224370986223221
vt 0.63687127828598022 0.026385635137557983
vt 0.63687127828598022 0.037224370986223221
vt 0.62699848413467407 0.04806310310959816
vt 0.62453031539916992 0.037224370986223221
vt 0.62699848413467407 0.026385635137557983
vt 0.629466712474823 0.037224370986223221
vt 0.62699848413467407 0.037224370986223221
vt 0.622062087059021 0.04806310310959816
vt 0.622062087059021 0.026385635137557983
vt 0.622062087059021 0.037224370986223221
vt 0.61959391832351685 0.09479174017906189
vt 0.61959391832351685 0.086441352963447571
vt 0.61959391832351685 0.078090965747833252
vt 0.61959391832351685 0.069740578532218933
vt 0.6256747841835022 0.0031196197960525751
vt 0.62836343050003052 0.0047081629745662212
vt 0.6306423544883728 0.0061920331791043282
vt 0.63331699371337891 0.0081313168630003929
vt 0.63529717922210693 0.0097327865660190582
vt 0.64074927568435669 0.015114779584109783
vt 0.64148432016372681 0.015981331467628479
vt 0.64169085025787354 0.016232287511229515
vt 0.64227056503295898 0.016955571249127388
vt 0.64472240209579468 0.020371934399008751
vt 0.64800989627838135 0.026276256889104843
vt 0.64806097745895386 0.026385631412267685
vt 0.65067362785339355 0.033245053142309189
vt 0.65273934602737427 0.042414266616106033
vt 0.65291023254394531 0.043561957776546478
vt 0.65342718362808228 0.048063095659017563
vt 0.65347069501876831 0.065357238054275513
vt 0.6529771089553833 0.069740608334541321
vt 0.65273964405059814 0.071300849318504333
vt 0.65273422002792358 0.07133377343416214
vt 0.64698272943496704 0.087528832256793976
vt 0.64386659860610962 0.091418050229549408
vt 0.64232534170150757 0.092890061438083649
vt 0.64169085025787354 0.093433544039726257
vt 0.63976573944091797 0.09490291029214859
vt 0.63243961334228516 0.098871752619743347
vt 0.6306423544883728 0.099599570035934448
vt 0.62858039140701294 0.10036095976829529
vt 0.62446784973144531 0.10171124339103699
vt 0.62117111682891846 0.10269123315811157
vt 0.61996346712112427 0.10303715616464615
vt 0.61959391832351685 0.059777639806270599
vt 0.61959391832351685 0.049814701080322266
vt 0.61959391832351685 0.039851758629083633
vt 0.61959391832351685 0.0298888199031353
vt 0.61959391832351685 0.019925879314541817
vt 0.61959391832351685 0.0099629396572709084
vt 0.39865180850028992 0.078135028481483459
vt 0.31520769000053406 0.078135028481483459
vt 0.37083712220191956 0.078135028481483459
vt 0.34302240610122681 0.078135028481483459
vt 0.31520769000053406 0.013576529920101166
vt 0.31962782144546509 0.011018639430403709
vt 0.32741871476173401 0.0072331978008151054
vt 0.33548891544342041 0.0041667292825877666
vt 0.33962371945381165 0.0029154210351407528
vt 0.3436921238899231 0.0018956683343276381
vt 0.3518812358379364 0.0004951577284373343
vt 0.35592725872993469 0.00013482420763466507
vt 0.35992041230201721 0
vt 0.36384749412536621 8.3857477875426412E-05
vt 0.36769711971282959 0.00037503856583498418
vt 0.37145993113517761 0.00085841229883953929
vt 0.37512817978858948 0.0015164656797423959
vt 0.37796503305435181 0.002150197047740221
vt 0.37876126170158386 0.0023474146146327257
vt 0.3824164867401123 0.0033600993920117617
vt 0.38608372211456299 0.0045519783161580563
vt 0.3897520899772644 0.0059197060763835907
vt 0.39340996742248535 0.007459862157702446
vt 0.3970450758934021 0.0091696996241807938
vt 0.39865180850028992 0.0099847819656133652
vt 0.31520769000053406 0.071679174900054932
vt 0.31520769000053406 0.065223328769207001
vt 0.31520769000053406 0.058767475187778473
vt 0.31520769000053406 0.052311629056930542
vt 0.31520769000053406 0.045855779200792313
vt 0.31520769000053406 0.039399929344654083
vt 0.31520769000053406 0.032944079488515854
vt 0.31520769000053406 0.026488229632377625
vt 0.31520769000053406 0.020032379776239395
vt 0.39865180850028992 0.01972053200006485
vt 0.39865180850028992 0.029456280171871185
vt 0.39865180850028992 0.039192028343677521
vt 0.39865180850028992 0.048927776515483856
vt 0.39865180850028992 0.05866352841258049
vt 0.39865180850028992 0.068399272859096527
vt 0.76197147369384766 0.052157137542963028
vt 0.75844037532806396 0.061364252120256424
vt 0.75484156608581543 0.061364252120256424
vt 0.75844037532806396 0.071078784763813019
vt 0.75484156608581543 0.071078784763813019
vt 0.75176036357879639 0.071078784763813019
vt 0.74856317043304443 0.071078784763813019
vt 0.74536603689193726 0.071078784763813019
vt 0.75844037532806396 0.080952577292919159
vt 0.75484156608581543 0.080952577292919159
vt 0.75176036357879639 0.080952577292919159
vt 0.74856317043304443 0.080952577292919159
vt 0.74536603689193726 0.080952577292919159
vt 0.74216890335083008 0.080952577292919159
vt 0.75844037532806396 0.09056970477104187
vt 0.75484156608581543 0.09056970477104187
vt 0.75176036357879639 0.09056970477104187
vt 0.74856317043304443 0.09056970477104187
vt 0.74536603689193726 0.09056970477104187
vt 0.74216890335083008 0.09056970477104187
vt 0.75844037532806396 0.099977321922779083
vt 0.75484156608581543 0.099977321922779083
vt 0.75176036357879639 0.099977321922779083
vt 0.74856317043304443 0.099977321922779083
vt 0.74536603689193726 0.099977321922779083
vt 0.74216890335083008 0.099977321922779083
vt 0.75844037532806396 0.1093849390745163
vt 0.75484156608581543 0.1093849390745163
vt 0.75176036357879639 0.1093849390745163
vt 0.74856317043304443 0.1093849390745163
vt 0.74536603689193726 0.1093849390745163
vt 0.74216890335083008 0.1093849390745163
vt 0.76197147369384766 0.11879254877567291
vt 0.75983750820159912 0.11879254877567291
vt 0.75770354270935059 0.11879254877567291
vt 0.75556957721710205 0.11879254877567291
vt 0.75343555212020874 0.11879254877567291
vt 0.75130158662796021 0.11879254877567291
vt 0.74916762113571167 0.11879254877567291
vt 0.74703365564346313 0.11879254877567291
vt 0.74489963054656982 0.11879254877567291
vt 0.74424916505813599 0.11749998480081558
vt 0.74304455518722534 0.11480315029621124
vt 0.74087566137313843 0.10829845070838928
vt 0.74008560180664062 0.10483407974243164
vt 0.7390860915184021 0.096927925944328308
vt 0.73897272348403931 0.092787407338619232
vt 0.73947644233703613 0.085294336080551147
vt 0.74008548259735107 0.081611983478069305
vt 0.74009883403778076 0.081545934081077576
vt 0.741871178150177 0.075063236057758331
vt 0.74340271949768066 0.071286894381046295
vt 0.745078444480896 0.068064093589782715
vt 0.74737280607223511 0.064569137990474701
vt 0.74982845783233643 0.061578128486871719
vt 0.75102847814559937 0.060315970331430435
vt 0.75159752368927002 0.059754557907581329
vt 0.75502181053161621 0.05677858367562294
vt 0.75875383615493774 0.05411742627620697
vt 0.76021009683609009 0.053198609501123428
vt 0.76197147369384766 0.058820679783821106
vt 0.76197147369384766 0.065484218299388885
vt 0.76197147369384766 0.072147764265537262
vt 0.76197147369384766 0.078811302781105042
vt 0.76197147369384766 0.085474841296672821
vt 0.76197147369384766 0.092138387262821198
vt 0.76197147369384766 0.098801925778388977
vt 0.76197147369384766 0.10546547174453735
vt 0.76197147369384766 0.11212901026010513
vt 0.48494401574134827 0.079599872231483459
vt 0.48494401574134827 0.16157914698123932
vt 0.50340014696121216 0.16157914698123932
vt 0.50032413005828857 0.16157914698123932
vt 0.4972480833530426 0.16157914698123932
vt 0.49417206645011902 0.16157914698123932
vt 0.49109604954719543 0.16157914698123932
vt 0.48802003264427185 0.16157914698123932
vt 0.49326369166374207 0.079599872231483459
vt 0.50158339738845825 0.079599872231483459
vt 0.50990307331085205 0.079599872231483459
vt 0.51822280883789062 0.079599872231483459
vt 0.48494401574134827 0.13425272703170776
vt 0.48494401574134827 0.10692629963159561
vt 0.51910257339477539 0.082443408668041229
vt 0.5193982720375061 0.083460651338100433
vt 0.5204925537109375 0.087585195899009705
vt 0.52139753103256226 0.091631993651390076
vt 0.52212381362915039 0.095660679042339325
vt 0.5226702094078064 0.099731378257274628
vt 0.52301889657974243 0.10383112728595734
vt 0.52315431833267212 0.10794765502214432
vt 0.52306497097015381 0.11206963658332825
vt 0.52274388074874878 0.11618681252002716
vt 0.52140241861343384 0.12437121570110321
vt 0.5191657543182373 0.13243867456912994
vt 0.51611059904098511 0.1403367668390274
vt 0.51231497526168823 0.14801834523677826
vt 0.50782299041748047 0.15544132888317108
vt 0.50654178857803345 0.15732268989086151
vt 0.064026117324829102 0.26384833455085754
vt 0.076045863330364227 0.26384833455085754
vt 0.076045863330364227 0.2657073438167572
vt 0.076045863330364227 0.26756632328033447
vt 0.074287548661231995 0.26804789900779724
vt 0.07231169193983078 0.26820859313011169
vt 0.070343270897865295 0.26798683404922485
vt 0.069795086979866028 0.26785445213317871
vt 0.067014329135417938 0.26663067936897278
vt 0.066491298377513885 0.26627784967422485
vt 0.070035994052886963 0.26384833455085754
vt 0.18698117136955261 0
vt 0.19362372159957886 0.0065947491675615311
vt 0.18698117136955261 0.0065947491675615311
vt 0.18033863604068756 0.0065947491675615311
vt 0.19362372159957886 0.013189498335123062
vt 0.18698117136955261 0.013189498335123062
vt 0.18033863604068756 0.013189498335123062
vt 0.17369610071182251 0.013189498335123062
vt 0.19362372159957886 0.026378996670246124
vt 0.18698117136955261 0.026378996670246124
vt 0.18033863604068756 0.026378996670246124
vt 0.17369610071182251 0.026378996670246124
vt 0.19362372159957886 0.032973743975162506
vt 0.18698117136955261 0.032973743975162506
vt 0.18033863604068756 0.032973743975162506
vt 0.17369610071182251 0.032973743975162506
vt 0.19362372159957886 0.039568495005369186
vt 0.18698117136955261 0.039568495005369186
vt 0.18033863604068756 0.039568495005369186
vt 0.17369610071182251 0.039568495005369186
vt 0.18698117136955261 0.052757993340492249
vt 0.18033863604068756 0.052757993340492249
vt 0.17369610071182251 0.052757993340492249
vt 0.19362372159957886 0.05935274064540863
vt 0.18698117136955261 0.05935274064540863
vt 0.18033863604068756 0.05935274064540863
vt 0.17369610071182251 0.05935274064540863
vt 0.19362372159957886 0.065947487950325012
vt 0.18698117136955261 0.065947487950325012
vt 0.18033863604068756 0.065947487950325012
vt 0.17369610071182251 0.065947487950325012
vt 0.18698117136955261 0.079136990010738373
vt 0.18033863604068756 0.079136990010738373
vt 0.17369610071182251 0.079136990010738373
vt 0.19362372159957886 0.085731737315654755
vt 0.18698117136955261 0.085731737315654755
vt 0.18033863604068756 0.085731737315654755
vt 0.19362372159957886 0.092326484620571136
vt 0.18698117136955261 0.092326484620571136
vt 0.19362372159957886 0.098921239376068115
vt 0.18698117136955261 0.098921239376068115
vt 0.18698117136955261 0.1055159866809845
vt 0.17037484049797058 0.026378996670246124
vt 0.17369610071182251 0.019784247502684593
vt 0.17037484049797058 0.019784247502684593
vt 0.19030244648456573 0.052757993340492249
vt 0.18698117136955261 0.046163242310285568
vt 0.19030244648456573 0.039568495005369186
vt 0.19362372159957886 0.046163242310285568
vt 0.19030244648456573 0.046163242310285568
vt 0.18365991115570068 0.052757993340492249
vt 0.18033863604068756 0.046163242310285568
vt 0.18365991115570068 0.039568495005369186
vt 0.18365991115570068 0.046163242310285568
vt 0.17701737582683563 0.052757993340492249
vt 0.17369610071182251 0.046163242310285568
vt 0.17701737582683563 0.039568495005369186
vt 0.17701737582683563 0.046163242310285568
vt 0.17037484049797058 0.052757993340492249
vt 0.17037484049797058 0.039568495005369186
vt 0.17037484049797058 0.046163242310285568
vt 0.19030244648456573 0.079136990010738373
vt 0.18698117136955261 0.072542242705821991
vt 0.19030244648456573 0.065947487950325012
vt 0.19362372159957886 0.072542242705821991
vt 0.19030244648456573 0.072542242705821991
vt 0.18365991115570068 0.079136990010738373
vt 0.18033863604068756 0.072542242705821991
vt 0.18365991115570068 0.065947487950325012
vt 0.18365991115570068 0.072542242705821991
vt 0.17701737582683563 0.079136990010738373
vt 0.17369610071182251 0.072542242705821991
vt 0.17701737582683563 0.065947487950325012
vt 0.17701737582683563 0.072542242705821991
vt 0.17037484049797058 0.079136990010738373
vt 0.17037484049797058 0.065947487950325012
vt 0.17037484049797058 0.072542242705821991
vt 0.16705356538295746 0.080010749399662018
vt 0.16705356538295746 0.074560195207595825
vt 0.16705356538295746 0.069109648466110229
vt 0.16705356538295746 0.063659094274044037
vt 0.16705356538295746 0.058208547532558441
vt 0.16705356538295746 0.052757993340492249
vt 0.16705356538295746 0.014601144008338451
vt 0.16734199225902557 0.014466841705143452
vt 0.16974721848964691 0.013189520686864853
vt 0.17147430777549744 0.012061407789587975
vt 0.17369614541530609 0.010250180959701538
vt 0.17494967579841614 0.0089788902550935745
vt 0.17628106474876404 0.0073396079242229462
vt 0.17696896195411682 0.0063304584473371506
vt 0.17753265798091888 0.0053901867941021919
vt 0.17933686077594757 0.0011598715791478753
vt 0.17940190434455872 0.00094452971825376153
vt 0.17966108024120331 0
vt 0.17966108024120331 0.1055159866809845
vt 0.18033865094184875 0.10146702826023102
vt 0.18033865094184875 0.096780344843864441
vt 0.18002042174339294 0.09443385899066925
vt 0.17952670156955719 0.092326484620571136
vt 0.1790277510881424 0.0908079594373703
vt 0.17587405443191528 0.085467405617237091
vt 0.17466069757938385 0.084234155714511871
vt 0.1736961156129837 0.083419628441333771
vt 0.17058935761451721 0.08146282285451889
vt 0.16705356538295746 0.047307014465332031
vt 0.16705356538295746 0.041856035590171814
vt 0.16705356538295746 0.036405056715011597
vt 0.16705356538295746 0.030954077839851379
vt 0.16705356538295746 0.025503100827336311
vt 0.16705356538295746 0.020052121952176094
vt 0.87109273672103882 0.052157137542963028
vt 0.87109273672103882 0.090351477265357971
vt 0.82001841068267822 0.090351477265357971
vt 0.85406798124313354 0.090351477265357971
vt 0.8370431661605835 0.090351477265357971
vt 0.82001841068267822 0.07816663384437561
vt 0.82135003805160522 0.07714901864528656
vt 0.82232922315597534 0.076455317437648773
vt 0.8296579122543335 0.072075255215167999
vt 0.83324676752090454 0.070213019847869873
vt 0.83739942312240601 0.06817086786031723
vt 0.84158045053482056 0.066186174750328064
vt 0.84639161825180054 0.063946537673473358
vt 0.84974801540374756 0.062392976135015488
vt 0.85328805446624756 0.060750406235456467
vt 0.86233979463577271 0.056475557386875153
vt 0.86517798900604248 0.055099882185459137
vt 0.87000167369842529 0.052708674222230911
vt 0.82001841068267822 0.084259055554866791
vt 0.87109273672103882 0.057613469660282135
vt 0.87109273672103882 0.063069805502891541
vt 0.87109273672103882 0.068526141345500946
vt 0.87109273672103882 0.073982477188110352
vt 0.87109273672103882 0.07943880558013916
vt 0.87109273672103882 0.084895141422748566
vt 0 0.27805709838867188
vt 0 0.28175356984138489
vt 0.0047387764789164066 0.27805709838867188
vt 0.0023693882394582033 0.27805709838867188
vt 0 0.27990534901618958
vt 0.0037158837076276541 0.27927026152610779
vt 0.0021906956098973751 0.28058293461799622
vt 0.87109273672103882 0.1060730442404747
vt 0.82001841068267822 0.1060730442404747
vt 0.87109273672103882 0.13319340348243713
vt 0.82001841068267822 0.11098816990852356
vt 0.82001841068267822 0.10853061079978943
vt 0.87109273672103882 0.11149711906909943
vt 0.87109273672103882 0.11692119389772415
vt 0.87109273672103882 0.12234526127576828
vt 0.87109273672103882 0.12776933610439301
vt 0.8370431661605835 0.1060730442404747
vt 0.85406798124313354 0.1060730442404747
vt 0.86868470907211304 0.13232389092445374
vt 0.86575520038604736 0.13127231597900391
vt 0.85099077224731445 0.12591426074504852
vt 0.843738853931427 0.12312530726194382
vt 0.83528900146484375 0.11957875639200211
vt 0.83444559574127197 0.11919846385717392
vt 0.82235521078109741 0.11269410699605942
vn 0.96090573072433472 0.08399973064661026 0.26382607221603394
vn 0.65502041578292847 -0.087753921747207642 0.75049817562103271
vn 0.198328897356987 -0.21199220418930054 0.95693516731262207
vn -0.46906477212905884 -0.28604200482368469 0.83555859327316284
vn -0.79223710298538208 -0.26430094242095947 0.55000483989715576
vn 0.97082555294036865 -0.0021352402400225401 0.23977731168270111
vn 0.66603416204452515 -0.17346517741680145 0.72547107934951782
vn 0.21023520827293396 -0.29741388559341431 0.93131417036056519
vn -0.4546254575252533 -0.37101438641548157 0.80973082780838013
vn -0.77550148963928223 -0.34931886196136475 0.52590280771255493
vn 0.97335559129714966 -0.090474240481853485 0.21069724857807159
vn 0.6720089316368103 -0.26046004891395569 0.69322764873504639
vn 0.21909937262535095 -0.38347500562667847 0.8971858024597168
vn -0.43782028555870056 -0.45568090677261353 0.77502793073654175
vn -0.75161004066467285 -0.43422451615333557 0.4965192973613739
vn 0.96762543916702271 -0.18004664778709412 0.17687346041202545
vn 0.67232239246368408 -0.34760063886642456 0.65357208251953125
vn 0.22476236522197723 -0.46891939640045166 0.85416418313980103
vn -0.41832852363586426 -0.5387614369392395 0.73125737905502319
vn -0.72022008895874023 -0.51772964000701904 0.46177816390991211
vn 0.95284700393676758 -0.26974162459373474 0.1390039324760437
vn 0.66641980409622192 -0.43357390165328979 0.60654622316360474
vn 0.22730126976966858 -0.55227875709533691 0.80207371711730957
vn -0.39568108320236206 -0.61881691217422485 0.67860305309295654
vn -0.68118143081665039 -0.59842103719711304 0.42176315188407898
vn 0.92840313911437988 -0.35838127136230469 0.098135069012641907
vn 0.65386658906936646 -0.51698058843612671 0.55243957042694092
vn 0.22701343894004822 -0.63198381662368774 0.74098670482635498
vn -0.36932426691055298 -0.69436198472976685 0.61762529611587524
vn -0.63456612825393677 -0.67483377456665039 0.37672954797744751
vn 0.89393913745880127 -0.44473215937614441 0.05555315688252449
vn 0.63439756631851196 -0.59638500213623047 0.49179732799530029
vn 0.22435076534748077 -0.70644152164459229 0.67127275466918945
vn -0.33873999118804932 -0.76393169164657593 0.54923909902572632
vn -0.58069413900375366 -0.74551337957382202 0.3271147608757019
vn 0.8494376540184021 -0.52753770351409912 0.012635581195354462
vn 0.60795885324478149 -0.67038577795028687 0.42540439963340759
vn 0.21983303129673004 -0.77413606643676758 0.59362173080444336
vn -0.30357235670089722 -0.82616686820983887 0.47464948892593384
vn -0.52013856172561646 -0.80909621715545654 0.27353096008300781
vn 0.79525989294052124 -0.60556036233901978 -0.02929689921438694
vn 0.57473444938659668 -0.7376895546913147 0.35425195097923279
vn 0.21396476030349731 -0.83372682332992554 0.50903695821762085
vn -0.26372885704040527 -0.8798941969871521 0.39526352286338806
vn -0.45371207594871521 -0.86438840627670288 0.21674425899982452
vn 0.73214292526245117 -0.67763727903366089 -0.069097369909286499
vn 0.53515046834945679 -0.79718273878097534 0.279488205909729
vn 0.20717531442642212 -0.88413214683532715 0.41879439353942871
vn -0.2194293737411499 -0.92419445514678955 0.31259459257125854
vn -0.38243326544761658 -0.91043645143508911 0.1576397716999054
vn 0.48985645174980164 -0.84799253940582275 0.2023594081401825
vn 0.19979004561901093 -0.92458945512771606 0.32437366247177124
vn -0.1711982786655426 -0.95845121145248413 0.2281719446182251
vn -0.30747517943382263 -0.94658106565475464 0.097176477313041687
vn 0.43968537449836731 -0.88953077793121338 0.12414414435625076
vn 0.19202961027622223 -0.95468723773956299 0.22736950218677521
vn -0.11980888247489929 -0.9823768138885498 0.14346298575401306
vn -0.23010142147541046 -0.97248810529708862 0.036335445940494537
vn -0.15160021185874939 -0.98815220594406128 -0.02392931841313839
vn -0.073216356337070465 -0.99387812614440918 -0.08273865282535553
vn -0.034414209425449371 -0.99318349361419678 -0.11136498302221298
vn 0.0039245276711881161 -0.99023705720901489 -0.13933826982975006
vn 0.041688498109579086 -0.98514443635940552 -0.16659067571163177
vn 0.078825056552886963 -0.9780082106590271 -0.19309736788272858
vn 0.11507589370012283 -0.96898543834686279 -0.21868877112865448
vn 0.1505928635597229 -0.95814204216003418 -0.24348637461662292
vn 0.18580940365791321 -0.94538813829421997 -0.26779866218566895
vn 0.22114264965057373 -0.93052983283996582 -0.29190772771835327
vn 0.25670960545539856 -0.91341161727905273 -0.31587877869606018
vn 0.29223078489303589 -0.89405566453933716 -0.33950796723365784
vn 0.32762813568115234 -0.87240308523178101 -0.36272948980331421
vn 0.36276987195014954 -0.84842926263809204 -0.38544228672981262
vn 0.43162927031517029 -0.79358154535293579 -0.42886421084403992
vn 0.49762499332427979 -0.72971159219741821 -0.46892464160919189
vn 0.55954557657241821 -0.65733420848846436 -0.50479751825332642
vn 0.61623287200927734 -0.57727068662643433 -0.53573834896087646
vn 0.6666494607925415 -0.49062293767929077 -0.56113064289093018
vn -0.42892009019851685 -0.54150485992431641 -0.7230491042137146
vn 0.57202130556106567 -0.38369950652122498 -0.72495949268341064
vn 0.70993638038635254 -0.39872822165489197 -0.58052229881286621
vn -0.48254010081291199 -0.4570925235748291 -0.74714219570159912
vn 0.025639550760388374 -0.32702511548995972 -0.9446677565574646
vn 0.59810775518417358 -0.28695583343505859 -0.74828034639358521
vn 0.74546158313751221 -0.30309075117111206 -0.59365230798721313
vn -0.53056138753890991 -0.36880141496658325 -0.76321041584014893
vn 0.010014959610998631 -0.23052158951759338 -0.97301566600799561
vn 0.61761558055877686 -0.18823572993278503 -0.76362180709838867
vn 0.77285027503967285 -0.20530018210411072 -0.60046172142028809
vn -0.57245081663131714 -0.27814182639122009 -0.77132171392440796
vn -0.0055863452143967152 -0.13320271670818329 -0.99107307195663452
vn 0.63044613599777222 -0.08913709968328476 -0.77109807729721069
vn 0.79199343919754028 -0.10694984346628189 -0.60108911991119385
vn -0.60789448022842407 -0.18660545349121094 -0.77177888154983521
vn -0.020967405289411545 -0.036586735397577286 -0.99911051988601685
vn 0.63671994209289551 0.0088263349607586861 -0.77104461193084717
vn 0.80303782224655151 -0.0095540452748537064 -0.59585142135620117
vn -0.9268726110458374 -0.3490922749042511 -0.13799171149730682
vn -0.62316673994064331 -0.14093156158924103 -0.76928633451461792
vn -0.028520239517092705 0.011040966957807541 -0.99953222274780273
vn 0.63748955726623535 0.056970056146383286 -0.76834988594055176
vn 0.80563271045684814 0.038372136652469635 -0.59117132425308228
vn -0.94353383779525757 -0.30588272213935852 -0.12719936668872833
vn -0.63680022954940796 -0.095571830868721008 -0.76508265733718872
vn -0.035946950316429138 0.057971473783254623 -0.99767082929611206
vn 0.63675045967102051 0.10431453585624695 -0.76398122310638428
vn 0.80635690689086914 0.085541911423206329 -0.58521032333374023
vn -0.9578595757484436 -0.26261883974075317 -0.11634574085474014
vn -0.64881759881973267 -0.050667814910411835 -0.75925523042678833
vn -0.043229490518569946 0.10407358407974243 -0.99362963438034058
vn 0.6345672607421875 0.15073184669017792 -0.7580265998840332
vn 0.80528748035430908 0.13182617723941803 -0.57804316282272339
vn -0.96992075443267822 -0.21939083933830261 -0.10545780509710312
vn -0.65926331281661987 -0.0062917787581682205 -0.75188583135604858
vn -0.050360724329948425 0.14928826689720154 -0.98751038312911987
vn 0.6310046911239624 0.19616693258285522 -0.75056749582290649
vn 0.80250358581542969 0.17716820538043976 -0.5697363018989563
vn -0.9797358512878418 -0.17653375864028931 -0.094622917473316193
vn -0.66813409328460693 0.037236630916595459 -0.74310851097106934
vn -0.057293146848678589 0.19330707192420959 -0.97946405410766602
vn 0.62615859508514404 0.24031445384025574 -0.74173742532730103
vn 0.79811209440231323 0.22126138210296631 -0.56041103601455688
vn -0.98744457960128784 -0.1339009702205658 -0.083807356655597687
vn -0.6755337119102478 0.080089189112186432 -0.73296654224395752
vn -0.064058192074298859 0.23632016777992249 -0.96956139802932739
vn 0.62007659673690796 0.28336969017982483 -0.73157817125320435
vn 0.79217898845672607 0.26429882645606995 -0.55008965730667114
vn -0.99318158626556396 -0.090985886752605438 -0.072883196175098419
vn -0.6815798282623291 0.12278452515602112 -0.72136878967285156
vn -0.070738859474658966 0.27885493636131287 -0.95772433280944824
vn 0.61271291971206665 0.32586231827735901 -0.71999770402908325
vn 0.78466635942459106 0.30680927634239197 -0.53867131471633911
vn -0.99697387218475342 -0.047266397625207901 -0.061716951429843903
vn -0.68631643056869507 0.16583271324634552 -0.7081449031829834
vn -0.077413827180862427 0.32141274213790894 -0.94376957416534424
vn 0.60395163297653198 0.36829134821891785 -0.70682662725448608
vn 0.77545046806335449 0.34929272532463074 -0.52599543333053589
vn -0.99873286485671997 -0.0025638798251748085 -0.050259679555892944
vn -0.68969088792800903 0.20938721299171448 -0.69316917657852173
vn -0.08410278707742691 0.36412858963012695 -0.92754358053207397
vn 0.59369397163391113 0.41078677773475647 -0.6919405460357666
vn 0.76441419124603271 0.39188122749328613 -0.51195710897445679
vn -0.99833786487579346 0.042806167155504227 -0.038589328527450562
vn -0.69160425662994385 0.25311720371246338 -0.67647260427474976
vn -0.090750999748706818 0.40666043758392334 -0.9090607762336731
vn 0.58194643259048462 0.4530034065246582 -0.67537122964859009
vn 0.75155282020568848 0.43423095345497131 -0.49660027027130127
vn -0.9956931471824646 0.088776141405105591 -0.026719076558947563
vn -0.69198733568191528 0.29693692922592163 -0.65801370143890381
vn -0.097340792417526245 0.44890943169593811 -0.88825958967208862
vn 0.56866896152496338 0.49483844637870789 -0.65707725286483765
vn 0.73681211471557617 0.47624063491821289 -0.47989869117736816
vn -0.99070852994918823 0.1352076530456543 -0.014679649844765663
vn -0.69077104330062866 0.34069386124610901 -0.63777977228164673
vn -0.10384393483400345 0.49071243405342102 -0.86511141061782837
vn 0.55384343862533569 0.53612536191940308 -0.63704556226730347
vn 0.7201613187789917 0.5177452564239502 -0.4618523120880127
vn -0.68331688642501831 0.42723986506462097 -0.5920676589012146
vn -0.1164524033665657 0.57217884063720703 -0.81181907653808594
vn 0.51958012580871582 0.61624431610107422 -0.59184414148330688
vn 0.68112736940383911 0.59843182563781738 -0.42183506488800049
vn -0.12831863760948181 0.64962130784988403 -0.74935072660446167
vn 0.47928205132484436 0.69190698862075806 -0.53995692729949951
vn 0.63451665639877319 0.67484283447265625 -0.37679675221443176
vn -0.13917270302772522 0.72158730030059814 -0.67819076776504517
vn 0.43329554796218872 0.76165640354156494 -0.48180335760116577
vn 0.58064931631088257 0.74552178382873535 -0.32717522978782654
vn -0.14874817430973053 0.78670954704284668 -0.59913444519042969
vn 0.38218435645103455 0.82413190603256226 -0.41802120208740234
vn 0.52009934186935425 0.80910348892211914 -0.27358391880989075
vn -0.15679624676704407 0.84378623962402344 -0.51326382160186768
vn 0.32671317458152771 0.87814980745315552 -0.34944441914558411
vn 0.45367902517318726 0.86439454555511475 -0.21678891777992249
vn -0.16309893131256104 0.8918498158454895 -0.42190364003181458
vn 0.2678169310092926 0.92277145385742188 -0.27706840634346008
vn 0.38240659236907959 0.91044139862060547 -0.15767581760883331
vn -0.16748128831386566 0.93022161722183228 -0.32655438780784607
vn 0.20655320584774017 0.95735681056976318 -0.2019992470741272
vn 0.30745479464530945 0.94658488035202026 -0.097204022109508514
vn 0.23008687794208527 0.97249078750610352 -0.036355085670948029
vn 0.15159077942371368 0.98815393447875977 0.023916581645607948
vn 0.073211044073104858 0.99387907981872559 0.082731485366821289
vn 0.034410540014505386 0.99318420886993408 0.11136002093553543
vn -0.0039268606342375278 0.99023747444152832 0.13933512568473816
vn -0.04168979823589325 0.98514473438262939 0.16658893227577209
vn -0.078825622797012329 0.97800827026367188 0.1930965930223465
vn -0.11507603526115417 0.96898543834686279 0.21868857741355896
vn -0.1505928635597229 0.95814204216003418 0.24348637461662292
vn -0.18580955266952515 0.94538813829421997 0.26779848337173462
vn -0.2211432158946991 0.93052995204925537 0.29190695285797119
vn -0.25671091675758362 0.91341185569763184 0.31587702035903931
vn -0.29223310947418213 0.89405608177185059 0.33950483798980713
vn -0.32763183116912842 0.87240374088287354 0.36272451281547546
vn -0.36277517676353455 0.84843027591705322 0.38543513417243958
vn -0.4316386878490448 0.79358327388763428 0.42885148525238037
vn -0.49763953685760498 0.72971433401107788 0.4689050018787384
vn 0.40906471014022827 0.86117666959762573 0.30172964930534363
vn -0.42328903079032898 0.64546781778335571 0.6357654333114624
vn -0.5595659613609314 0.65733802318572998 0.50476992130279541
vn 0.49831661581993103 0.81007474660873413 0.30896517634391785
vn 0.30132412910461426 0.69052934646606445 0.65755075216293335
vn -0.026650993153452873 0.60357993841171265 0.79685693979263306
vn -0.45325565338134766 0.56351757049560547 0.69065713882446289
vn -0.61625957489013672 0.57727563381195068 0.53570228815078735
vn 0.58228945732116699 0.74945694208145142 0.31504479050636292
vn 0.36176395416259766 0.61732786893844604 0.69859367609024048
vn 0.00099431548733264208 0.52129054069519043 0.85337865352630615
vn -0.47669929265975952 0.47512304782867432 0.73960518836975098
vn -0.66668254137039185 0.49062907695770264 0.56108599901199341
vn 0.65960067510604858 0.68029367923736572 0.31957387924194336
vn 0.41812184453010559 0.53744596242904663 0.73234277963638306
vn 0.029996028169989586 0.43369549512863159 0.90056008100509644
vn -0.49340933561325073 0.38166448473930359 0.78158777952194214
vn -0.70997554063796997 0.39873552322387695 0.58046936988830566
vn 0.72912698984146118 0.60387957096099854 0.32203000783920288
vn 0.46958532929420471 0.452227383852005 0.7582743763923645
vn 0.059538569301366806 0.34217053651809692 0.93774968385696411
vn -0.5035521388053894 0.28468003869056702 0.8157159686088562
vn -0.7455064058303833 0.30309900641441345 0.59359180927276611
vn 0.790069580078125 0.52176129817962646 0.32179993391036987
vn 0.51553291082382202 0.36316287517547607 0.77610468864440918
vn 0.088679827749729156 0.24815915524959564 0.96465170383453369
vn -0.50765782594680786 0.18578055500984192 0.8412901759147644
vn -0.77289986610412598 0.20530970394611359 0.60039466619491577
vn 0.84198135137557983 0.43563714623451233 0.31825721263885498
vn 0.55555403232574463 0.27180588245391846 0.78579980134963989
vn 0.11643556505441666 0.15310047566890717 0.98132717609405518
vn -0.50654667615890503 0.08656185120344162 0.85785633325576782
vn -0.79204720258712769 0.10695876926183701 0.60101670026779175
vn 0.88475072383880615 0.34724089503288269 0.31086960434913635
vn 0.58944755792617798 0.17968761920928955 0.78756839036941528
vn 0.1418876051902771 0.058368496596813202 0.98816043138504028
vn -0.50120323896408081 -0.011473855935037136 0.8652535080909729
vn -0.80309486389160156 0.0095586236566305161 0.59577447175979614
vn 0.91855013370513916 0.25822365283966064 0.29930958151817322
vn 0.61720335483551025 0.088238462805747986 0.78184014558792114
vn 0.16429387032985687 -0.034776818007230759 0.985798180103302
vn -0.49262574315071106 -0.10698296874761581 0.86364024877548218
vn -0.8064156174659729 -0.085526004433631897 0.58513176441192627
vn 0.9437602162361145 0.17006732523441315 0.28353801369667053
vn 0.6389690637588501 -0.0012641650391742587 0.76923143863677979
vn 0.18316996097564697 -0.12521207332611084 0.97507470846176147
vn -0.48169082403182983 -0.19881190359592438 0.85349154472351074
vn -0.80256658792495728 -0.17711788415908813 0.56966316699981689
vn 0.9609106183052063 0.083968713879585266 0.26381820440292358
vn 0.65502458810806274 -0.087780684232711792 0.75049138069152832
vn 0.19833345711231232 -0.21202117204666138 0.9569278359413147
vn -0.46905991435050964 -0.28607279062271118 0.83555078506469727
vn -0.79223710298538208 -0.26430094242095947 0.55000483989715576
vn 0.97788280248641968 0.10576176643371582 -0.1804429292678833
vn 0.96673399209976196 0.04126434400677681 0.2524334192276001
vn 0.96849417686462402 0.19241388142108917 -0.15810100734233856
vn 0.97419106960296631 0.14955137670040131 -0.16907428205013275
vn 0.97880500555038452 0.015812955796718597 -0.20418310165405273
vn 0.97306936979293823 -0.046078462153673172 0.22586005926132202
vn 0.97945541143417358 0.061154987663030624 -0.19216449558734894
vn 0.97047364711761475 -0.0765213742852211 -0.22874753177165985
vn 0.97157561779022217 -0.13516990840435028 0.19434492290019989
vn 0.97583764791488647 -0.030117414891719818 -0.21641115844249725
vn 0.95232439041137695 -0.17014668881893158 -0.25323578715324402
vn 0.96141165494918823 -0.22494681179523468 0.15838739275932312
vn 0.96265155076980591 -0.12324126064777374 -0.2410675436258316
vn 0.9240795373916626 -0.26385512948036194 -0.27650937438011169
vn 0.94186347723007202 -0.3142663836479187 0.11886889487504959
vn 0.93946963548660278 -0.21706703305244446 -0.26510122418403625
vn 0.88578808307647705 -0.35633900761604309 -0.29732474684715271
vn 0.91243427991867065 -0.4019189178943634 0.076973132789134979
vn 0.9061741828918457 -0.31033232808113098 -0.28730154037475586
vn 0.83783775568008423 -0.44622963666915894 -0.31449484825134277
vn 0.87293034791946411 -0.48665508627891541 0.034051235765218735
vn 0.86298376321792603 -0.40169358253479004 -0.30643311142921448
vn 0.78093856573104858 -0.53214913606643677 -0.32703551650047302
vn 0.82352107763290405 -0.56722158193588257 -0.0085305850952863693
vn 0.81045114994049072 -0.48977002501487732 -0.32139429450035095
vn 0.71608024835586548 -0.61277633905410767 -0.33426666259765625
vn 0.7647586464881897 -0.64241057634353638 -0.049526546150445938
vn 0.74943268299102783 -0.57320320606231689 -0.33134382963180542
vn 0.48225390911102295 0.87493604421615601 0.04379596933722496
vn 0.45425465703010559 0.83686280250549316 0.30547237396240234
vn 0.39238113164901733 0.91700094938278198 0.071737892925739288
vn 0.43773713707923889 0.89725571870803833 0.057605240494012833
vn 0.56796807050704956 0.82286858558654785 0.017306292429566383
vn 0.54105395078659058 0.78090327978134155 0.31217089295387268
vn 0.52572792768478394 0.85011106729507446 0.030353723093867302
vn 0.64800071716308594 0.76160222291946411 -0.00755643704906106
vn 0.62185543775558472 0.71586918830871582 0.31753286719322205
vn 0.60878545045852661 0.79332119226455688 0.0046692793257534504
vn 0.72097587585449219 0.69227325916290283 -0.030847771093249321
vn 0.69539618492126465 0.64290004968643188 0.32109770178794861
vn 0.68544954061508179 0.72786200046539307 -0.019386555999517441
vn 0.78574591875076294 0.61628788709640503 -0.052844367921352386
vn 0.76070910692214966 0.56342756748199463 0.3222903311252594
vn 0.75444895029067993 0.65501463413238525 -0.041984245181083679
vn 0.84145867824554443 0.5352325439453125 -0.073982372879981995
vn 0.81717056035995483 0.47908824682235718 0.32047891616821289
vn 0.81477665901184082 0.57628798484802246 -0.063491083681583405
vn 0.88759887218475342 0.45076650381088257 -0.094751313328742981
vn 0.86450588703155518 0.39161291718482971 0.31506967544555664
vn 0.86574572324752808 0.4933188259601593 -0.084385156631469727
vn 0.92399948835372925 0.36451110243797302 -0.11557072401046753
vn 0.90275347232818604 0.30270862579345703 0.30562013387680054
vn 0.90701550245285034 0.40776139497756958 -0.10513588786125183
vn 0.95081740617752075 0.27796435356140137 -0.13668221235275269
vn 0.93220055103302002 0.21394819021224976 0.29193893074989319
vn 0.9385865330696106 0.32118183374404907 -0.12608557939529419
vn 0.96849900484085083 0.1923830658197403 -0.15810883045196533
vn 0.95330655574798584 0.12669619917869568 0.27414363622665405
vn 0.96076363325119019 0.23498323559761047 -0.14736403524875641
vn 0.79530125856399536 0.26372501254081726 -0.54584336280822754
vn 0.80560517311096191 0.17655497789382935 -0.56553393602371216
vn 0.80937826633453369 0.084986038506031036 -0.58110600709915161
vn 0.8059314489364624 -0.010066481307148933 -0.5919232964515686
vn 0.79471158981323242 -0.10742679983377457 -0.59740525484085083
vn 0.74772119522094727 -0.30347234010696411 -0.59060776233673096
vn 0.66837805509567261 -0.49090185761451721 -0.55882567167282104
vn 0.5607445240020752 -0.65752452611923218 -0.50321668386459351
vn 0.43235480785369873 -0.79369461536407471 -0.42792308330535889
vn 0.36328759789466858 -0.84850841760635376 -0.38477993011474609
vn 0.29256036877632141 -0.8941042423248291 -0.3390958309173584
vn 0.22130404412746429 -0.93055075407028198 -0.29171863198280334
vn 0.15060465037822723 -0.958138108253479 -0.24349451065063477
vn 0.078703373670578003 -0.97798031568527222 -0.19328799843788147
vn 0.0036772866733372211 -0.99018698930740356 -0.13970045745372772
vn -0.073580391705036163 -0.99380767345428467 -0.083260178565979004
vn -0.15207107365131378 -0.98806345462799072 -0.024597642943263054
vn -0.30813068151473999 -0.94646203517913818 0.096255354583263397
vn -0.45451301336288452 -0.86424750089645386 0.21562500298023224
vn -0.58160859346389771 -0.74535232782363892 0.3258548378944397
vn -0.68217229843139648 -0.59824472665786743 0.42040959000587463
vn -0.72123473882675171 -0.51755142211914062 0.46039217710494995
vn -0.75264614820480347 -0.43403124809265137 0.49511677026748657
vn -0.77655529975891113 -0.34908869862556458 0.52449870109558105
vn -0.79328775405883789 -0.26409178972244263 0.54858916997909546
vn -0.80360889434814453 -0.17696332931518555 0.56824004650115967
vn -0.80745178461074829 -0.08534066379070282 0.58372819423675537
vn -0.80411475896835327 0.0097504062578082085 0.59439414739608765
vn -0.79304426908493042 0.10713917016983032 0.59966826438903809
vn -0.74643385410308838 0.30326193571090698 0.59234172105789185
vn -0.66750568151473999 0.49076995253562927 0.55998307466506958
vn -0.56024110317230225 0.65745830535888672 0.50386351346969604
vn -0.43212386965751648 0.7936742901802063 0.42819401621818542
vn -0.36315014958381653 0.84850281476974487 0.38492193818092346
vn -0.29248768091201782 0.8941081166267395 0.33914831280708313
vn -0.22126853466033936 0.93055903911590576 0.29171919822692871
vn -0.15058106184005737 0.95814597606658936 0.24347823858261108
vn -0.078667059540748596 0.97798341512680054 0.1932872086763382
vn -0.0036029333714395761 0.99018025398254395 0.13975024223327637
vn 0.073720403015613556 0.99378573894500732 0.083398014307022095
vn 0.15230549871921539 0.98802065849304199 0.024862855672836304
vn 0.3086395263671875 0.94636088609695435 -0.095617480576038361
vn 0.45539256930351257 0.86406952142715454 -0.21447940170764923
vn 0.58290392160415649 0.74509072303771973 -0.32413399219512939
vn 0.68384695053100586 0.59791046380996704 -0.41815844178199768
vn 0.72305899858474731 0.51718705892562866 -0.45793360471725464
vn 0.75457519292831421 0.43366020917892456 -0.49249878525733948
vn 0.7785416841506958 0.34874355792999268 -0.52177655696868896
vn 0.79530125856399536 0.26372501254081726 -0.54584336280822754
vn -0.73632413148880005 0.66656684875488281 -0.1162557527422905
vn -0.74704462289810181 0.65267127752304077 -0.1262715756893158
vn -0.75900036096572876 0.63626736402511597 -0.13813865184783936
vn -0.79532629251480103 0.57869327068328857 -0.18047221004962921
vn -0.81584024429321289 0.53833937644958496 -0.21117620170116425
vn -0.83106154203414917 0.50157290697097778 -0.24033598601818085
vn -0.84938067197799683 0.43647405505180359 -0.29672020673751831
vn -0.85145056247711182 0.42397746443748474 -0.30866661667823792
vn -0.85254192352294922 0.41542896628379822 -0.31716093420982361
vn -0.85341066122055054 0.4058765172958374 -0.32703906297683716
vn -0.85159718990325928 0.36754858493804932 -0.37375158071517944
vn -0.84599220752716064 0.35280680656433105 -0.39978066086769104
vn -0.8270411491394043 0.34720128774642944 -0.44210201501846313
vn -0.82298493385314941 0.34952017664909363 -0.44780740141868591
vn -0.79793572425842285 0.37806037068367004 -0.46943467855453491
vn -0.77962654829025269 0.40905985236167908 -0.47418615221977234
vn -0.77023893594741821 0.42692822217941284 -0.47377660870552063
vn -0.74412029981613159 0.48038151860237122 -0.46423977613449097
vn -0.73305529356002808 0.50371193885803223 -0.45706045627593994
vn -0.7175140380859375 0.53635001182556152 -0.44441229104995728
vn -0.70128089189529419 0.56977277994155884 -0.42844387888908386
vn -0.70025557279586792 0.5718497633934021 -0.42735221982002258
vn -0.65931642055511475 0.65016621351242065 -0.37760534882545471
vn -0.62875765562057495 0.70187932252883911 -0.33470770716667175
vn -0.61596214771270752 0.72153645753860474 -0.31618940830230713
vn -0.56789600849151611 0.78439706563949585 -0.24943017959594727
vn -0.51462060213088989 0.8383600115776062 -0.17977237701416016
vn -0.51447707414627075 0.83848726749420166 -0.17958976328372955
vn -0.45707765221595764 0.88279628753662109 -0.10840097814798355
vn -0.39649930596351624 0.91731637716293335 -0.036317162215709686
vn -0.36253607273101807 0.93196439743041992 0.0031544766388833523
vn -0.33427739143371582 0.94180065393447876 0.035639230161905289
vn -0.30297526717185974 0.95032352209091187 0.071352571249008179
vn -0.27178496122360229 0.95641952753067017 0.10674569010734558
vn -0.24084533751010895 0.96015816926956177 0.14173835515975952
vn -0.21337543427944183 0.96157568693161011 0.1727517694234848
vn -0.21023626625537872 0.96162426471710205 0.17629358172416687
vn -0.18019169569015503 0.96091657876968384 0.21016719937324524
vn -0.1505928635597229 0.95814204216003418 0.24348637461662292
vn -0.12105846405029297 0.95332115888595581 0.27662906050682068
vn -0.091189250349998474 0.94637066125869751 0.30994686484336853
vn -0.060792483389377594 0.93718951940536499 0.34348219633102417
vn -0.029966976493597031 0.92578184604644775 0.37686857581138611
vn 0.0014233710244297981 0.91213881969451904 0.4098789393901825
vn 0.033549956977367401 0.89630371332168579 0.44216975569725037
vn 0.10115285217761993 0.85858231782913208 0.50259780883789062
vn 0.12040124088525772 0.84728693962097168 0.51730877161026001
vn 0.14730009436607361 0.8315502405166626 0.53556221723556519
vn 0.17717790603637695 0.8145744800567627 0.5523371696472168
vn 0.22803269326686859 0.78851962089538574 0.57117235660552979
vn 0.27416041493415833 0.77036291360855103 0.57565361261367798
vn 0.27893838286399841 0.76891785860061646 0.57529008388519287
vn 0.30920246243476868 0.762553870677948 0.56824773550033569
vn 0.33276844024658203 0.76287037134170532 0.55434095859527588
vn 0.33882373571395874 0.76440626382827759 0.54852670431137085
vn 0.35260286927223206 0.7750740647315979 0.52433907985687256
vn 0.35341927409172058 0.79293245077133179 0.49633952975273132
vn 0.34716597199440002 0.80651366710662842 0.4785514771938324
vn 0.2856718897819519 0.86239272356033325 0.41793584823608398
vn 0.28025698661804199 0.86578363180160522 0.41457781195640564
vn 0.27681079506874084 0.86787694692611694 0.41251105070114136
vn 0.19687655568122864 0.906333327293396 0.37389776110649109
vn 0.10865431278944016 0.93394333124160767 0.34050571918487549
vn 0.064132004976272583 0.94364255666732788 0.32469341158866882
vn 0.019843237474560738 0.95086723566055298 0.30896246433258057
vn -0.023956881836056709 0.95578628778457642 0.29308471083641052
vn -0.06711994856595993 0.95855182409286499 0.27689936757087708
vn -0.10928627848625183 0.9592931866645813 0.26040944457054138
vn -0.1505928635597229 0.95814204216003418 0.24348637461662292
vn -0.19151899218559265 0.95514345169067383 0.22587928175926208
vn -0.21756190061569214 0.95225119590759277 0.21420654654502869
vn -0.23253242671489716 0.95023429393768311 0.20732448995113373
vn -0.27375894784927368 0.94330531358718872 0.18769945204257965
vn -0.31487005949020386 0.93430787324905396 0.16710956394672394
vn -0.346568763256073 0.92587018013000488 0.15051427483558655
vn -0.35577821731567383 0.92316329479217529 0.14557275176048279
vn -0.3963395357131958 0.90980660915374756 0.12315388768911362
vn -0.47571679949760437 0.87630182504653931 0.076083473861217499
vn -0.55176377296447754 0.8335716724395752 0.026739291846752167
vn -0.62319868803024292 0.78169667720794678 -0.023951966315507889
vn -0.68872940540313721 0.72111421823501587 -0.07514084130525589
vn -0.26916328072547913 0.89835882186889648 0.34713485836982727
vn -0.27945315837860107 0.89213663339614868 0.35496214032173157
vn -0.29073566198348999 0.88501924276351929 0.36361211538314819
vn -0.31273800134658813 0.87013280391693115 0.3808724582195282
vn -0.32059329748153687 0.86444765329360962 0.38723400235176086
vn -0.34448036551475525 0.84565162658691406 0.40768444538116455
vn -0.3638480007648468 0.82813727855682373 0.42638391256332397
vn -0.38207164406776428 0.80833625793457031 0.44789925217628479
vn -0.38520270586013794 0.80433380603790283 0.45240029692649841
vn -0.38797903060913086 0.80052107572555542 0.45676934719085693
vn -0.3904004693031311 0.79691106081008911 0.46099916100502014
vn -0.39246761798858643 0.79351645708084106 0.46508145332336426
vn -0.12343499064445496 0.98077791929244995 0.15112397074699402
vn -0.1150146871805191 0.98601055145263672 0.12064322084188461
vn -0.11365655809640884 0.98675554990768433 0.11573944985866547
vn -0.10104787349700928 0.99234741926193237 0.070964328944683075
vn -0.089494846761226654 0.99547648429870605 0.031893763691186905
vn -0.087535768747329712 0.99583476781845093 0.025507725775241852
vn -0.072681441903114319 0.9971473217010498 -0.020361995324492455
vn -0.060653381049633026 0.99669545888900757 -0.054030872881412506
vn -0.03666624054312706 0.99305397272109985 -0.11180080473423004
vn -0.029846519231796265 0.99158161878585815 -0.12599639594554901
vn -0.027085056528449059 0.99095070362091064 -0.13146516680717468
vn 0.0032298618461936712 0.98351538181304932 -0.1807955801486969
vn 0.018374616280198097 0.98014658689498901 -0.19742105901241302
vn 0.018381493166089058 0.98014521598815918 -0.19742715358734131
vn 0.02634955570101738 0.97873532772064209 -0.20342786610126495
vn 0.042205549776554108 0.97765517234802246 -0.20593464374542236
vn 0.050157912075519562 0.9803500771522522 -0.1907823234796524
vn 0.050623007118701935 0.9812469482421875 -0.185988649725914
vn 0.050716649740934372 0.98170262575149536 -0.18354234099388123
vn 0.050729576498270035 0.98185259103775024 -0.18273487687110901
vn 0.042325131595134735 0.99017006158828735 -0.1333109438419342
vn 0.027526926249265671 0.99608373641967773 -0.08402058482170105
vn 0.017470074817538261 0.99842345714569092 -0.053342744708061218
vn -0.0059840874746441841 0.99993282556533813 0.0099284090101718903
vn -0.02541206032037735 0.99817913770675659 0.05470479279756546
vn -0.028257600963115692 0.99775177240371704 0.060769587755203247
vn -0.030382491648197174 0.99740815162658691 0.065222188830375671
vn -0.046767823398113251 0.99413645267486572 0.097495876252651215
vn -0.070083849132061005 0.98795253038406372 0.13797846436500549
vn -0.077817298471927643 0.98558837175369263 0.15019991993904114
vn -0.095320597290992737 0.97977352142333984 0.17594844102859497
vn -0.12218493223190308 0.96980464458465576 0.21106827259063721
vn -0.13275600969791412 0.96558916568756104 0.2236366868019104
vn -0.1505928635597229 0.95814204216003418 0.24348637461662292
vn -0.18064400553703308 0.944710373878479 0.27366042137145996
vn -0.19645668566226959 0.93720853328704834 0.28817528486251831
vn -0.21242192387580872 0.92932069301605225 0.30205962061882019
vn -0.22630298137664795 0.92219144105911255 0.31360796093940735
vn -0.24564123153686523 0.91180455684661865 0.32904839515686035
vn -0.39512208104133606 0.78855133056640625 0.47123807668685913
vn -0.40007442235946655 0.77355682849884033 0.4914776086807251
vn -0.39868888258934021 0.76207727193832397 0.510181725025177
vn -0.3917807936668396 0.75545793771743774 0.52515816688537598
vn -0.36773002147674561 0.75547629594802856 0.54224550724029541
vn -0.36609122157096863 0.75593245029449463 0.54271847009658813
vn -0.34811177849769592 0.76309806108474731 0.54451769590377808
vn -0.32825550436973572 0.77460658550262451 0.54058575630187988
vn -0.31290963292121887 0.78556710481643677 0.53382760286331177
vn -0.28075674176216125 0.81338965892791748 0.5094829797744751
vn -0.25191494822502136 0.84304195642471313 0.47520431876182556
vn -0.24166491627693176 0.85444241762161255 0.45991981029510498
vn -0.22968216240406036 0.86819469928741455 0.43986821174621582
vn -0.22385524213314056 0.8750113844871521 0.42923647165298462
vn -0.21044951677322388 0.89090204238891602 0.40249788761138916
vn -0.19338788092136383 0.91119509935379028 0.36376452445983887
vn -0.17793290317058563 0.92914444208145142 0.32408401370048523
vn -0.16378018260002136 0.94473659992218018 0.28398740291595459
vn -0.15206030011177063 0.95671582221984863 0.24813815951347351
vn -0.1505928635597229 0.95814204216003418 0.24348637461662292
vn -0.13802172243595123 0.96957147121429443 0.2021910548210144
vn -0.12580461800098419 0.97912567853927612 0.15964366495609283
vn -0.10029566287994385 0.79399287700653076 0.59959656000137329
vn -0.076776489615440369 0.74728769063949585 0.66005039215087891
vn -0.074035562574863434 0.74319702386856079 0.66496384143829346
vn -0.068655140697956085 0.73579025268554688 0.67372041940689087
vn -0.043645355850458145 0.71027177572250366 0.70257318019866943
vn -0.016132423654198647 0.6960524320602417 0.71780967712402344
vn -0.0021679333876818419 0.69427013397216797 0.71971124410629272
vn -8.3991828432772309E-05 0.69436651468276978 0.71962153911590576
vn 0.022755483165383339 0.70462387800216675 0.70921599864959717
vn 0.034365672618150711 0.72910231351852417 0.68354141712188721
vn 0.034565482288599014 0.73036223649978638 0.68218487501144409
vn 0.030792172998189926 0.76996427774429321 0.63734358549118042
vn 0.02443646639585495 0.78766494989395142 0.61561906337738037
vn 0.0014740813057869673 0.82823050022125244 0.56038564443588257
vn -0.012140166945755482 0.84610426425933838 0.53287911415100098
vn -0.023756593465805054 0.85950499773025513 0.51057493686676025
vn -0.038260601460933685 0.87451976537704468 0.48347839713096619
vn -0.059306152164936066 0.89377754926681519 0.44457221031188965
vn -0.074339531362056732 0.90610897541046143 0.41646149754524231
vn -0.080178998410701752 0.91067022085189819 0.40527898073196411
vn -0.09984268993139267 0.92548495531082153 0.36538884043693542
vn -0.11811587959527969 0.93832504749298096 0.32495349645614624
vn -0.13498543202877045 0.94917005300521851 0.28435045480728149
vn -0.1505928635597229 0.95814204216003418 0.24348637461662292
vn -0.16514886915683746 0.96538251638412476 0.20189715921878815
vn -0.17877452075481415 0.97094625234603882 0.1590694785118103
vn -0.1914086788892746 0.97477346658706665 0.11480163782835007
vn -0.2007472813129425 0.97652912139892578 0.078047506511211395
vn -0.20279552042484283 0.97676092386245728 0.06936924159526825
vn -0.2070799320936203 0.97703039646148682 0.050294488668441772
vn -0.21271264553070068 0.9768487811088562 0.02279946580529213
vn -0.22085583209991455 0.97499066591262817 -0.024816753342747688
vn -0.22995966672897339 0.96543735265731812 -0.12267552316188812
vn -0.22766423225402832 0.95461052656173706 -0.19206176698207855
vn -0.22253172099590302 0.94893640279769897 -0.22360542416572571
vn -0.21950428187847137 0.94680935144424438 -0.23530817031860352
vn -0.20517675578594208 0.94210469722747803 -0.26521924138069153
vn -0.18749810755252838 0.94411718845367432 -0.27108517289161682
vn -0.17815248668193817 0.94832271337509155 -0.26257514953613281
vn -0.16957169771194458 0.95445573329925537 -0.24547854065895081
vn -0.16448628902435303 0.95942968130111694 -0.22899539768695831
vn -0.15747687220573425 0.96878468990325928 -0.19146086275577545
vn -0.15309213101863861 0.97745949029922485 -0.14538128674030304
vn -0.15226386487483978 0.97966951131820679 -0.13062660396099091
vn -0.15049457550048828 0.9880678653717041 -0.032760333269834518
vn -0.15085810422897339 0.98843449354171753 0.015464125201106071
vn -0.1514245867729187 0.98646104335784912 0.06297033280134201
vn -0.15188592672348022 0.98229914903640747 0.10963157564401627
vn -0.15200962126255035 0.97608703374862671 0.15539355576038361
vn -0.15162287652492523 0.96800392866134644 0.19994731247425079
vn -0.15159717202186584 0.96767312288284302 0.20156137645244598
vn -0.1505928635597229 0.95814204216003418 0.24348637461662292
vn -0.14879223704338074 0.94644290208816528 0.28654274344444275
vn -0.1460706889629364 0.93274557590484619 0.32961961627006531
vn -0.14228309690952301 0.91691946983337402 0.3728460967540741
vn -0.13733266294002533 0.89899694919586182 0.41586560010910034
vn -0.13113677501678467 0.87893187999725342 0.45856502652168274
vn -0.12365212291479111 0.85670572519302368 0.50076490640640259
vn -0.10487192869186401 0.80582010746002197 0.58280003070831299
vn -0.71795171499252319 -0.61172765493392944 -0.33216655254364014
vn -0.72799158096313477 -0.60231572389602661 -0.32748126983642578
vn -0.76109808683395386 -0.57142406702041626 -0.3069271445274353
vn -0.78491407632827759 -0.55072993040084839 -0.28391274809837341
vn -0.78959089517593384 -0.54717683792114258 -0.27774754166603088
vn -0.80186218023300171 -0.54085856676101685 -0.25394695997238159
vn -0.80487853288650513 -0.54542124271392822 -0.23385097086429596
vn -0.80461549758911133 -0.54727321863174438 -0.23040385544300079
vn -0.79802095890045166 -0.56412702798843384 -0.21195097267627716
vn -0.78259068727493286 -0.59052765369415283 -0.19705063104629517
vn -0.77967733144760132 -0.59495264291763306 -0.19528083503246307
vn -0.74480617046356201 -0.64150547981262207 -0.18366949260234833
vn -0.72727537155151367 -0.66192531585693359 -0.18145370483398438
vn -0.7165035605430603 -0.61308175325393677 -0.33279633522033691
vn -0.71686667203903198 -0.61274230480194092 -0.33263948559761047
vn -0.71722906827926636 -0.6124035120010376 -0.33248221874237061
vn -0.71759074926376343 -0.61206531524658203 -0.33232459425926208
vn 0.43533426523208618 -0.8640943169593811 -0.25263634324073792
vn 0.47152301669120789 -0.84504193067550659 -0.25213137269020081
vn 0.50188624858856201 -0.82787019014358521 -0.25048175454139709
vn 0.5862470269203186 -0.77486801147460938 -0.23641912639141083
vn 0.59674876928329468 -0.76778417825698853 -0.23323464393615723
vn 0.62749272584915161 -0.74657577276229858 -0.22108259797096252
vn 0.65654134750366211 -0.72611719369888306 -0.20422358810901642
vn 0.66685754060745239 -0.71884244680404663 -0.19638372957706451
vn 0.69432187080383301 -0.70005351305007935 -0.16685996949672699
vn 0.70921510457992554 -0.69151848554611206 -0.13717192411422729
vn 0.71384716033935547 -0.69234263896942139 -0.10527989268302917
vn 0.70891457796096802 -0.70051974058151245 -0.08192811906337738
vn 0.69105029106140137 -0.7205086350440979 -0.057591676712036133
vn 0.67036080360412598 -0.74059969186782837 -0.046135783195495605
vn 0.64699190855026245 -0.76137822866439819 -0.041287306696176529
vn 0.63171625137329102 -0.77411890029907227 -0.04092080146074295
vn 0.57080930471420288 -0.81940180063247681 -0.052511114627122879
vn 0.56301826238632202 -0.82460904121398926 -0.055048543959856033
vn 0.55453985929489136 -0.83013284206390381 -0.058008328080177307
vn 0.51648634672164917 -0.85314685106277466 -0.073364078998565674
vn 0.48130238056182861 -0.87194567918777466 -0.089770466089248657
vn 0.40037825703620911 -0.90688395500183105 -0.13137243688106537
vn 0.39979439973831177 -0.90709692239761353 -0.13167986273765564
vn 0.35869348049163818 -0.920856773853302 -0.15284569561481476
vn 0.3172600269317627 -0.93239855766296387 -0.17314445972442627
vn 0.27560693025588989 -0.94181376695632935 -0.19242575764656067
vn 0.2338050901889801 -0.94919627904891968 -0.21062189340591431
vn 0.192792147397995 -0.95453399419784546 -0.22736774384975433
vn 0.19217845797538757 -0.95459997653961182 -0.22761012613773346
vn 0.1505928635597229 -0.95814204216003418 -0.24348637461662292
vn 0.10856350511312485 -0.95990049839019775 -0.25846666097640991
vn 0.065584547817707062 -0.95985335111618042 -0.27272740006446838
vn 0.021484469994902611 -0.95789808034896851 -0.28630357980728149
vn -0.023420695215463638 -0.9539414644241333 -0.29907724261283875
vn -0.069057434797286987 -0.9478917121887207 -0.3110181987285614
vn -0.11528322845697403 -0.93966811895370483 -0.32207700610160828
vn -0.2087462842464447 -0.91648286581039429 -0.34129765629768372
vn -0.23760482668876648 -0.90750753879547119 -0.34637272357940674
vn -0.30244800448417664 -0.88410305976867676 -0.35621199011802673
vn -0.39496132731437683 -0.84260290861129761 -0.36609545350074768
vn -0.44904375076293945 -0.81366449594497681 -0.36920160055160522
vn -0.48489966988563538 -0.79246610403060913 -0.36995911598205566
vn -0.57100266218185425 -0.73461800813674927 -0.36645922064781189
vn -0.65223366022109985 -0.67048817873001099 -0.35360559821128845
vn -0.69735366106033325 -0.69374346733093262 -0.18004955351352692
vn -0.67257797718048096 -0.71776139736175537 -0.18015952408313751
vn -0.59241873025894165 -0.78417599201202393 -0.18468368053436279
vn -0.50587648153305054 -0.84079033136367798 -0.19277085363864899
vn -0.48492172360420227 -0.85256022214889526 -0.19491530954837799
vn -0.41446548700332642 -0.88731396198272705 -0.20221857726573944
vn -0.31975284218788147 -0.92355471849441528 -0.21167153120040894
vn -0.2233254611492157 -0.94951987266540527 -0.22031281888484955
vn -0.1267285943031311 -0.96543383598327637 -0.22776602208614349
vn -0.078801214694976807 -0.96975106000900269 -0.23102641105651855
vn -0.031379111111164093 -0.97173190116882324 -0.23399239778518677
vn 0.015394098125398159 -0.9714629054069519 -0.23669137060642242
vn 0.061446983367204666 -0.96903449296951294 -0.23915773630142212
vn 0.10645248740911484 -0.96456700563430786 -0.24140912294387817
vn 0.1505928635597229 -0.95814204216003418 -0.24348637461662292
vn 0.1889566034078598 -0.95088106393814087 -0.24519506096839905
vn 0.19440236687660217 -0.94972187280654907 -0.24543048441410065
vn 0.23839846253395081 -0.93916255235671997 -0.24726475775241852
vn 0.2827284038066864 -0.92632544040679932 -0.24896949529647827
vn 0.32704856991767883 -0.91120731830596924 -0.25048050284385681
vn 0.37127071619033813 -0.89375835657119751 -0.25170236825942993
vn 0.41524624824523926 -0.8739694356918335 -0.2524835467338562
vn -0.7491498589515686 -0.37871631979942322 -0.54345971345901489
vn -0.75827872753143311 -0.36631464958190918 -0.53928369283676147
vn -0.77246010303497314 -0.34757125377655029 -0.53150689601898193
vn -0.80242842435836792 -0.31282854080200195 -0.50818002223968506
vn -0.80736297369003296 -0.3084222674369812 -0.50303149223327637
vn -0.82545119524002075 -0.30258673429489136 -0.47652032971382141
vn -0.82980883121490479 -0.32561060786247253 -0.45320531725883484
vn -0.82289928197860718 -0.36062940955162048 -0.43907088041305542
vn -0.80980676412582397 -0.39902955293655396 -0.43010282516479492
vn -0.80857753753662109 -0.40210723876953125 -0.42954874038696289
vn -0.76248747110366821 -0.49260756373405457 -0.41946470737457275
vn -0.74779421091079712 -0.51561629772186279 -0.41826269030570984
vn -0.72374272346496582 -0.54967325925827026 -0.41719990968704224
vn -0.70337241888046265 -0.57572108507156372 -0.41690823435783386
vn -0.63330483436584473 -0.65104430913925171 -0.41840922832489014
vn -0.60887664556503296 -0.67321985960006714 -0.41957628726959229
vn 0.069348320364952087 -0.94126218557357788 -0.3304789662361145
vn 0.058892793953418732 -0.93789267539978027 -0.34189021587371826
vn 0.027832582592964172 -0.92656737565994263 -0.37509763240814209
vn -0.0041536311618983746 -0.91314178705215454 -0.40762096643447876
vn -0.03735801950097084 -0.89770525693893433 -0.43900984525680542
vn -0.10173787176609039 -0.8647007942199707 -0.49187597632408142
vn -0.10820388048887253 -0.86121964454650879 -0.49658089876174927
vn -0.1641528308391571 -0.83021193742752075 -0.53273063898086548
vn -0.1857336163520813 -0.81789374351501465 -0.54456663131713867
vn -0.26969811320304871 -0.76849603652954102 -0.58023858070373535
vn -0.35189694166183472 -0.71789181232452393 -0.60066622495651245
vn -0.35851746797561646 -0.7137000560760498 -0.6017453670501709
vn -0.4492519199848175 -0.65390974283218384 -0.60874849557876587
vn -0.50561743974685669 -0.61382424831390381 -0.60627615451812744
vn -0.53814017772674561 -0.5892719030380249 -0.60263073444366455
vn -0.55585122108459473 -0.57536220550537109 -0.59998983144760132
vn -0.62128043174743652 -0.51974445581436157 -0.58640968799591064
vn -0.69526690244674683 -0.44525372982025146 -0.56422781944274902
vn -0.55426281690597534 -0.71820855140686035 -0.42067709565162659
vn -0.46988987922668457 -0.77827346324920654 -0.41652598977088928
vn -0.3814384937286377 -0.83020186424255371 -0.40653359889984131
vn -0.29021868109703064 -0.8732154369354248 -0.39149439334869385
vn -0.27766606211662292 -0.87835925817489624 -0.38908430933952332
vn -0.20182546973228455 -0.90568399429321289 -0.37283104658126831
vn -0.19772803783416748 -0.90698271989822388 -0.37186822295188904
vn -0.10558152943849564 -0.9316098690032959 -0.34778663516044617
vn -0.060144931077957153 -0.94064700603485107 -0.3340146541595459
vn -0.015456700697541237 -0.94762146472930908 -0.3190213143825531
vn 0.0282569769769907 -0.9526669979095459 -0.30269977450370789
vn 0.070794224739074707 -0.95595163106918335 -0.28485903143882751
vn 0.084315173327922821 -0.95667159557342529 -0.27869418263435364
vn 0.1116492748260498 -0.95767146348953247 -0.26532968878746033
vn 0.11519571393728256 -0.95775842666625977 -0.26349335908889771
vn 0.1505928635597229 -0.95814204216003418 -0.24348637461662292
vn 0.18688555061817169 -0.9580082893371582 -0.21747151017189026
vn 0.18977183103561401 -0.95805251598358154 -0.21476027369499207
vn 0.19230343401432037 -0.95890587568283081 -0.20861193537712097
vn 0.18392772972583771 -0.95940560102462769 -0.21380232274532318
vn 0.18102291226387024 -0.95946532487869263 -0.21600237488746643
vn 0.1505928635597229 -0.95814204216003418 -0.24348637461662292
vn 0.1197168380022049 -0.95383018255233765 -0.27545565366744995
vn 0.089421629905700684 -0.94703143835067749 -0.3084399402141571
vn 0.080889180302619934 -0.94469565153121948 -0.31781601905822754
vn 0.13450385630130768 -0.72129851579666138 -0.67943882942199707
vn 0.12973710894584656 -0.66664117574691772 -0.73400121927261353
vn 0.1260630339384079 -0.64157319068908691 -0.75663197040557861
vn 0.11493122577667236 -0.588908851146698 -0.79998570680618286
vn 0.10475724190473557 -0.55464321374893188 -0.82546764612197876
vn 0.085019700229167938 -0.50660306215286255 -0.85797727108001709
vn 0.072197809815406799 -0.48388880491256714 -0.87214624881744385
vn 0.057177990674972534 -0.46381199359893799 -0.88408660888671875
vn 0.046442262828350067 -0.45332956314086914 -0.89013224840164185
vn 0.043471436947584152 -0.45098084211349487 -0.89147436618804932
vn 0.040509939193725586 -0.44887769222259521 -0.89267450571060181
vn 0.036910742521286011 -0.44664618372917175 -0.89394897222518921
vn 0.034352637827396393 -0.445280522108078 -0.89473187923431396
vn 0.031812328845262527 -0.44410955905914307 -0.89540755748748779
vn 0.024842925369739532 -0.441883385181427 -0.89672845602035522
vn 0.018100716173648834 -0.44120648503303528 -0.89722305536270142
vn 0.0055512525141239166 -0.44451424479484558 -0.89575457572937012
vn -0.0084715858101844788 -0.45820853114128113 -0.88880437612533569
vn -0.018660787492990494 -0.48163390159606934 -0.87617379426956177
vn -0.023905692622065544 -0.50942230224609375 -0.86018455028533936
vn -0.025082577019929886 -0.52588802576065063 -0.85018390417098999
vn -0.024904306977987289 -0.55159562826156616 -0.8337397575378418
vn -0.022979378700256348 -0.5753166675567627 -0.81760787963867188
vn -0.017189532518386841 -0.61205184459686279 -0.79063081741333008
vn -0.012887760065495968 -0.6314924955368042 -0.77527487277984619
vn 0.2293170839548111 -0.97285395860671997 -0.031126432120800018
vn 0.23029513657093048 -0.97271203994750977 -0.028202973306179047
vn 0.23256491124629974 -0.97234761714935303 -0.021299319341778755
vn 0.24419553577899933 -0.96956104040145874 0.017886554822325706
vn 0.25292316079139709 -0.96582788228988647 0.056625250726938248
vn 0.25727340579032898 -0.96204078197479248 0.0910382941365242
vn 0.25738167762756348 -0.95935714244842529 0.11570905894041061
vn 0.25706329941749573 -0.95895928144454956 0.1196477934718132
vn 0.24884453415870667 -0.9569135308265686 0.14964263141155243
vn 0.24406491219997406 -0.9571526050567627 0.1558564305305481
vn 0.23857790231704712 -0.95792526006698608 0.15956133604049683
vn 0.2325626015663147 -0.9592134952545166 0.16069892048835754
vn 0.22620081901550293 -0.96097791194915771 0.1592312753200531
vn 0.22196176648139954 -0.96235442161560059 0.1568661630153656
vn 0.0019348759669810534 -0.68910151720046997 -0.72466224431991577
vn 0.022504625841975212 -0.75785404443740845 -0.65203589200973511
vn 0.044359069317579269 -0.81751841306686401 -0.57419151067733765
vn 0.067883402109146118 -0.86749863624572754 -0.49278590083122253
vn 0.079815082252025604 -0.88783985376358032 -0.45317760109901428
vn 0.080401785671710968 -0.88876169919967651 -0.4512629508972168
vn 0.088378317654132843 -0.90060937404632568 -0.42554906010627747
vn 0.093453608453273773 -0.90751141309738159 -0.40949901938438416
vn 0.10704433172941208 -0.9237704873085022 -0.36768144369125366
vn 0.12116497009992599 -0.9375985860824585 -0.32592624425888062
vn 0.13568203151226044 -0.94900393486022949 -0.28457319736480713
vn 0.1505928635597229 -0.95814204216003418 -0.24348637461662292
vn 0.16598732769489288 -0.96518248319625854 -0.20216561853885651
vn 0.18192997574806213 -0.97019422054290771 -0.16007721424102783
vn 0.19827914237976074 -0.97313958406448364 -0.11698194593191147
vn 0.21458733081817627 -0.97396790981292725 -0.073066815733909607
vn 0.19923245906829834 -0.97157824039459229 0.12783655524253845
vn 0.18352478742599487 -0.97912204265594482 0.087399743497371674
vn 0.17921638488769531 -0.98119378089904785 0.071695491671562195
vn 0.17095233500003815 -0.98474812507629395 0.032348360866308212
vn 0.16408821940422058 -0.98632240295410156 -0.015593307092785835
vn 0.15945330262184143 -0.98519372940063477 -0.062991924583911896
vn 0.1562218964099884 -0.98161983489990234 -0.10962303727865219
vn 0.15387479960918427 -0.9757961630821228 -0.15538455545902252
vn 0.15207730233669281 -0.96793317794799805 -0.19994452595710754
vn 0.1505928635597229 -0.95814204216003418 -0.24348637461662292
vn 0.1499474048614502 -0.95281726121902466 -0.26392251253128052
vn 0.14925192296504974 -0.94637131690979004 -0.28654006123542786
vn 0.14794182777404785 -0.93245363235473633 -0.32961100339889526
vn 0.14659008383750916 -0.91624540090560913 -0.372834712266922
vn 0.14516673982143402 -0.89776605367660522 -0.41586387157440186
vn 0.14365445077419281 -0.87695622444152832 -0.45859700441360474
vn 0.14205712080001831 -0.8537866473197937 -0.50086736679077148
vn 0.13869830965995789 -0.80040186643600464 -0.58319777250289917
vn 0.13530772924423218 -0.73775136470794678 -0.66137337684631348
vn -0.62786495685577393 -0.77749210596084595 0.035938877612352371
vn -0.63600802421569824 -0.77058875560760498 0.04107048362493515
vn -0.63799655437469482 -0.76887339353561401 0.042357288300991058
vn -0.65639317035675049 -0.75241339206695557 0.054973363876342773
vn -0.67326265573501587 -0.73628205060958862 0.06786830723285675
vn -0.68860435485839844 -0.72059851884841919 0.081005200743675232
vn -0.70241242647171021 -0.7054905891418457 0.094338692724704742
vn -0.7071947455406189 -0.69999891519546509 0.099383719265460968
vn -0.71638214588165283 -0.68900102376937866 0.10988257080316544
vn -0.7267526388168335 -0.67571866512298584 0.12342978268861771
vn -0.73537963628768921 -0.66370630264282227 0.13678714632987976
vn -0.74230402708053589 -0.65308433771133423 0.14988525211811066
vn -0.74755603075027466 -0.64397656917572021 0.16264733672142029
vn -0.74954366683959961 -0.64006775617599487 0.16881214082241058
vn -0.75227975845336914 -0.63359701633453369 0.18063786625862122
vn -0.75285464525222778 -0.62575113773345947 0.20407210290431976
vn -0.75058972835540771 -0.62512892484664917 0.21407695114612579
vn -0.74052780866622925 -0.63077998161315918 0.23180854320526123
vn -0.73285835981369019 -0.63714319467544556 0.23867794871330261
vn -0.71452736854553223 -0.65448236465454102 0.24719105660915375
vn -0.70299696922302246 -0.66603893041610718 0.24937407672405243
vn -0.70277220010757446 -0.66626656055450439 0.24939960241317749
vn -0.67691022157669067 -0.69264000654220581 0.24908308684825897
vn -0.65747648477554321 -0.71232879161834717 0.24558570981025696
vn -0.63741058111190796 -0.73224782943725586 0.2398349940776825
vn -0.61105889081954956 -0.75751584768295288 0.22973205149173737
vn -0.58381158113479614 -0.78239136934280396 0.21685902774333954
vn -0.57076519727706909 -0.79381638765335083 0.20995853841304779
vn -0.56463426351547241 -0.79907292127609253 0.20656855404376984
vn -0.52871882915496826 -0.82837796211242676 0.18505774438381195
vn -0.4915597140789032 -0.8559759259223938 0.16023196280002594
vn -0.47768294811248779 -0.86556488275527954 0.15038767457008362
vn -0.46145805716514587 -0.87628084421157837 0.13852198421955109
vn 0.3984009325504303 -0.84172159433364868 -0.36439183354377747
vn 0.45719775557518005 -0.79959779977798462 -0.38937583565711975
vn 0.48424661159515381 -0.7788233757019043 -0.39867204427719116
vn 0.50738060474395752 -0.76056069135665894 -0.40510788559913635
vn 0.53455185890197754 -0.73876333236694336 -0.41046682000160217
vn 0.554423987865448 -0.72278034687042236 -0.41255620121955872
vn 0.60593605041503906 -0.68284499645233154 -0.40812277793884277
vn 0.61230933666229248 -0.67825382947921753 -0.40626227855682373
vn 0.61406660079956055 -0.67701053619384766 -0.40568333864212036
vn 0.61891657114028931 -0.67363661527633667 -0.40392574667930603
vn 0.63783031702041626 -0.66157490015029907 -0.39432364702224731
vn 0.65807592868804932 -0.65233802795410156 -0.37602013349533081
vn 0.65833455324172974 -0.65226918458938599 -0.37568673491477966
vn 0.66868704557418823 -0.65255755186080933 -0.3564075231552124
vn 0.67124432325363159 -0.66064542531967163 -0.3361230194568634
vn 0.67103612422943115 -0.6619536280632019 -0.33395802974700928
vn 0.66944235563278198 -0.6674727201461792 -0.32607841491699219
vn 0.65369784832000732 -0.69433766603469849 -0.30095568299293518
vn 0.64670628309249878 -0.70338243246078491 -0.29499843716621399
vn 0.64376485347747803 -0.7069661021232605 -0.29285785555839539
vn 0.64369982481002808 -0.70704412460327148 -0.2928125262260437
vn 0.58217489719390869 -0.76710629463195801 -0.26948162913322449
vn 0.54781466722488403 -0.79375654458999634 -0.26429089903831482
vn 0.53031396865844727 -0.80609500408172607 -0.26263642311096191
vn 0.52302092313766479 -0.81102228164672852 -0.26209154725074768
vn 0.50061500072479248 -0.82543790340423584 -0.26083886623382568
vn 0.41441309452056885 -0.87237000465393066 -0.25929206609725952
vn 0.39365494251251221 -0.88195645809173584 -0.25920751690864563
vn 0.37035930156707764 -0.89202600717544556 -0.25908210873603821
vn 0.32603603601455688 -0.90932750701904297 -0.25850334763526917
vn 0.293081134557724 -0.92074048519134521 -0.25756627321243286
vn 0.28166544437408447 -0.92442518472671509 -0.25710445642471313
vn 0.27824419736862183 -0.92550349235534668 -0.25695022940635681
vn 0.24822060763835907 -0.93450498580932617 -0.2551213800907135
vn 0.23744775354862213 -0.93753576278686523 -0.25425428152084351
vn 0.1938071995973587 -0.94874107837677002 -0.24965806305408478
vn 0.1505928635597229 -0.95814204216003418 -0.24348637461662292
vn 0.10728252679109573 -0.96585524082183838 -0.23582640290260315
vn 0.063341684639453888 -0.9719051718711853 -0.22668968141078949
vn 0.018577834591269493 -0.97618871927261353 -0.21612592041492462
vn -0.026711063459515572 -0.97854399681091309 -0.20429922640323639
vn -0.072483204305171967 -0.97884541749954224 -0.19133168458938599
vn -0.11862856894731522 -0.97697049379348755 -0.17735803127288818
vn -0.2113959938287735 -0.96629470586776733 -0.14692287147045135
vn -0.30379417538642883 -0.94591641426086426 -0.11380340903997421
vn -0.39434814453125 -0.91560769081115723 -0.078434988856315613
vn -0.48140379786491394 -0.87554562091827393 -0.040869247168302536
vn -0.56321597099304199 -0.82630932331085205 -0.00082557532005012035
vn -0.58340871334075928 -0.81211650371551514 0.01005454920232296
vn -0.41713574528694153 -0.90268141031265259 0.10565992444753647
vn -0.33939310908317566 -0.93936538696289062 0.049041152000427246
vn -0.25870978832244873 -0.96592849493026733 -0.0071710902266204357
vn -0.21712560951709747 -0.97552090883255005 -0.034862831234931946
vn -0.17598918080329895 -0.98247933387756348 -0.061336930841207504
vn -0.0923747718334198 -0.98936671018600464 -0.11234063655138016
vn -0.050622180104255676 -0.98934847116470337 -0.13648058474063873
vn -0.0091655077412724495 -0.98712825775146484 -0.15966767072677612
vn 0.031832475215196609 -0.98279780149459839 -0.18192093074321747
vn 0.072268277406692505 -0.97644490003585815 -0.20330433547496796
vn 0.11181389540433884 -0.96820747852325439 -0.22376748919487
vn 0.1505928635597229 -0.95814204216003418 -0.24348637461662292
vn 0.18061482906341553 -0.94895905256271362 -0.25856328010559082
vn 0.18904322385787964 -0.94615751504898071 -0.26277095079421997
vn 0.22759144008159637 -0.93206048011779785 -0.28189605474472046
vn 0.26634311676025391 -0.9156913161277771 -0.30094978213310242
vn 0.30498191714286804 -0.89706295728683472 -0.31978753209114075
vn 0.34342741966247559 -0.87611645460128784 -0.33834525942802429
vn 0.38156172633171082 -0.85283225774765015 -0.35649380087852478
vn -0.39858445525169373 0.88116419315338135 0.25432273745536804
vn -0.38800263404846191 0.88637608289718628 0.25256961584091187
vn -0.37137141823768616 0.89398652315139771 0.25074175000190735
vn -0.34672966599464417 0.90425515174865723 0.24920114874839783
vn -0.32723620533943176 0.91166567802429199 0.24856022000312805
vn -0.3051203191280365 0.91940224170684814 0.24819561839103699
vn -0.28281670808792114 0.92654532194137573 0.24804940819740295
vn -0.27654421329498291 0.92844212055206299 0.24802927672863007
vn -0.24438938498497009 0.93744367361068726 0.2479378879070282
vn -0.2383352667093277 0.93900942802429199 0.24790647625923157
vn -0.2109435498714447 0.94561129808425903 0.24763306975364685
vn -0.23663856089115143 0.93039345741271973 0.27994680404663086
vn -0.23822364211082458 0.92974478006362915 0.2807563841342926
vn -0.25419437885284424 0.92301321029663086 0.28884568810462952
vn -0.26886406540870667 0.91649901866912842 0.29621225595474243
vn -0.29201444983482361 0.90556156635284424 0.30771061778068542
vn -0.30744096636772156 0.89783018827438354 0.31524759531021118
vn -0.32601428031921387 0.88806003332138062 0.32413589954376221
vn -0.33667674660682678 0.88222801685333252 0.329123854637146
vn -0.34610280394554138 0.87693971395492554 0.33345100283622742
vn -0.38327324390411377 0.85492628812789917 0.3495749831199646
vn -0.38497233390808105 0.85387784242630005 0.35026982426643372
vn -0.39223852753639221 0.84935480356216431 0.35319307446479797
vn -0.42060524225234985 0.83112674951553345 0.36375758051872253
vn -0.44997760653495789 0.81144458055496216 0.37293139100074768
vn -0.46408951282501221 0.80178171396255493 0.37651962041854858
vn -0.47669190168380737 0.7930985689163208 0.37915623188018799
vn -0.48579680919647217 0.78682917356491089 0.38065901398658752
vn -0.51793932914733887 0.76544559001922607 0.38187950849533081
vn -0.52495843172073364 0.76126724481582642 0.38064524531364441
vn -0.52925288677215576 0.75896281003952026 0.3792978823184967
vn -0.53706079721450806 0.75633507966995239 0.37352773547172546
vn -0.53745293617248535 0.75992488861083984 0.36559337377548218
vn -0.53491419553756714 0.7646404504776001 0.35943257808685303
vn -0.53148955106735229 0.77045661211013794 0.35201621055603027
vn -0.50846785306930542 0.80089783668518066 0.31626427173614502
vn -0.49300539493560791 0.81671589612960815 0.29986810684204102
vn -0.47001945972442627 0.83640748262405396 0.2819649875164032
vn -0.46733611822128296 0.8384818434715271 0.28025904297828674
vn -0.41458356380462646 0.87267065048217773 0.25800472497940063
vn -0.20080576837062836 0.94786936044692993 0.2474282830953598
vn -0.19420233368873596 0.94929808378219604 0.24722170829772949
vn -0.16001801192760468 0.95627957582473755 0.24479292333126068
vn -0.1505928635597229 0.95814204216003418 0.24348637461662292
vn -0.14429266750812531 0.95942080020904541 0.24226297438144684
vn -0.14241789281368256 0.95985430479049683 0.24165436625480652
vn -0.14542332291603088 0.959278404712677 0.24215084314346313
vn -0.1505928635597229 0.95814204216003418 0.24348637461662292
vn -0.15868078172206879 0.95620101690292358 0.24596761167049408
vn -0.19115404784679413 0.94693100452423096 0.25842168927192688
vn -0.20445266366004944 0.94251590967178345 0.2643159031867981
vn -0.23025535047054291 0.93295890092849731 0.27671316266059875
vn 0.17214725911617279 0.81267160177230835 0.55671370029449463
vn 0.38560137152671814 -0.92151343822479248 0.046092469245195389
vn 0.26982364058494568 -0.95716506242752075 -0.10502487421035767
vn 0.29939058423042297 -0.9516909122467041 -0.068188905715942383
vn 0.24005395174026489 -0.96045798063278198 -0.14104816317558289
vn 0.21015340089797974 -0.96165555715560913 -0.17622174322605133
vn -0.82857811450958252 -0.4874197244644165 0.27546381950378418
vn -0.86258053779602051 -0.47667416930198669 -0.16951875388622284
vn -0.84646236896514893 -0.44558921456336975 0.29146471619606018
vn -0.8078080415725708 -0.55821734666824341 -0.18931344151496887
vn -0.86219257116317749 -0.40331822633743286 0.30652636289596558
vn -0.90783202648162842 -0.39209139347076416 -0.14867870509624481
vn -0.87580728530883789 -0.36076971888542175 0.32063505053520203
vn 0.3286379873752594 -0.94395899772644043 -0.030633773654699326
vn 0.18036384880542755 -0.96085184812545776 -0.21031560003757477
vn 0.1505928635597229 -0.95814204216003418 -0.24348637461662292
vn 0.12049166113138199 -0.95353305339813232 -0.27614569664001465
vn 0.089693315327167511 -0.94692850112915039 -0.30867713689804077
vn -0.011396459303796291 -0.99970203638076782 -0.021586133167147636
vn -0.10767587274312973 -0.86101925373077393 -0.49704304337501526
vn -0.17550726234912872 -0.81393861770629883 -0.55380600690841675
vn -0.24265772104263306 -0.75777006149291992 -0.60572415590286255
vn -0.66889500617980957 0.51134157180786133 -0.53954541683197021
vn 0.016151312738656998 -0.99799823760986328 -0.061144411563873291
vn 0.043613959103822708 -0.99405419826507568 -0.099770069122314453
vn 0.070883959531784058 -0.98797881603240967 -0.13738025724887848
vn 0.097896881401538849 -0.97987604141235352 -0.1739514023065567
vn 0.1244373545050621 -0.96990984678268433 -0.20926119387149811
vn 0.1505928635597229 -0.95814204216003418 -0.24348637461662292
vn 0.17666305601596832 -0.94447129964828491 -0.27706336975097656
vn 0.20294451713562012 -0.92869275808334351 -0.31039214134216309
vn 0.22951364517211914 -0.91064739227294922 -0.34357646107673645
vn 0.25615173578262329 -0.89036446809768677 -0.37634745240211487
vn -0.30800443887710571 -0.69304478168487549 -0.65178382396697998
vn -0.37043800950050354 -0.62059128284454346 -0.6911165714263916
vn 0.28278765082359314 -0.86778658628463745 -0.40862888097763062
vn 0.30930912494659424 -0.8428921103477478 -0.44029626250267029
vn 0.36145731806755066 -0.78623157739639282 -0.50118708610534668
vn 0.41158252954483032 -0.7206079363822937 -0.55796414613723755
vn 0.45864394307136536 -0.64656209945678711 -0.60959267616271973
vn 0.50164318084716797 -0.56494039297103882 -0.65513086318969727
vn 0.53968358039855957 -0.47686737775802612 -0.69378608465194702
vn -0.91033965349197388 -0.18992972373962402 0.36770689487457275
vn -0.89689397811889648 -0.27547767758369446 0.34596717357635498
vn -0.88737040758132935 -0.31804221868515015 0.33380070328712463
vn -0.91668057441711426 -0.1007145494222641 0.3867211639881134
vn -0.91442352533340454 -0.14591763913631439 0.37754160165786743
vn -0.91145467758178711 0.039879750460386276 0.40946298837661743
vn -0.91699665784835815 -0.054629039019346237 0.39513647556304932
vn -0.9152829647064209 -0.0077204452827572823 0.40273743867874146
vn -0.94614160060882568 0.32192546129226685 0.034351494163274765
vn -0.9045073390007019 -0.23294062912464142 0.35721862316131592
vn -0.90867054462432861 0.41334682703018188 0.058841273188591003
vn -0.86122989654541016 0.50141274929046631 0.082875564694404602
vn -0.80434566736221313 0.58460378646850586 0.10614342242479324
vn -0.66588938236236572 0.73095357418060303 0.14932578802108765
vn -0.58676517009735107 0.79195749759674072 0.168848916888237
vn -0.73885971307754517 0.66151928901672363 0.1283688098192215
vn -0.50295722484588623 0.84387552738189697 0.18683710694313049
vn -0.41599169373512268 0.88636291027069092 0.20325291156768799
vn -0.37177765369415283 0.90405279397964478 0.21087880432605743
vn -0.64735239744186401 0.59152001142501831 -0.48066514730453491
vn -0.61875712871551514 0.66632688045501709 -0.41611072421073914
vn -0.58340847492218018 0.73442614078521729 -0.34677484631538391
vn -0.32734930515289307 0.919383704662323 0.21811936795711517
vn -0.54183071851730347 0.79466730356216431 -0.27372130751609802
vn -0.49474847316741943 0.8461490273475647 -0.19813069701194763
vn -0.44304537773132324 0.8882637619972229 -0.12123644351959229
vn -0.38771435618400574 0.92071628570556641 -0.044262249022722244
vn -0.32979947328567505 0.94352060556411743 0.031640522181987762
vn -0.30018645524978638 0.95139044523239136 0.068878933787345886
vn -0.27032572031021118 0.95697551965713501 0.10546028614044189
vn -0.023774709552526474 0.97965919971466064 0.19925527274608612
vn 0.065160602331161499 0.98364615440368652 0.16791161894798279
vn -0.10928602516651154 0.96723276376724243 0.22916661202907562
vn 0.11061949282884598 0.98219376802444458 0.15185119211673737
vn -0.015771329402923584 0.96549040079116821 0.25996065139770508
vn -0.061638131737709045 0.96508365869522095 0.25458657741546631
vn -0.067074708640575409 0.97443139553070068 0.21443973481655121
vn 0.020321646705269814 0.98276597261428833 0.18373365700244904
vn 0.030752668157219887 0.96370333433151245 0.26519832015037537
vn 0.077859237790107727 0.95962220430374146 0.27030199766159058
vn -0.10651896893978119 0.9626009464263916 0.24910455942153931
vn 0.12540091574192047 0.95315396785736084 0.27526727318763733
vn 0.22099867463111877 0.93277812004089355 0.28475344181060791
vn 0.31608471274375916 0.90215665102005005 0.29360491037368774
vn -0.28286996483802795 0.93239784240722656 0.22498625516891479
vn -0.23843540251255035 0.94316256046295166 0.23150143027305603
vn -0.1505928635597229 0.95814204216003418 0.24348637461662292
vn -0.19439239799976349 0.95170074701309204 0.23764948546886444
vn -0.24033209681510925 0.96035295724868774 0.14128941297531128
vn 0.23776569962501526 0.75592654943466187 0.60995286703109741
vn 0.081418849527835846 0.99550378322601318 -0.048406295478343964
vn 0.01975029893219471 0.99941623210906982 0.027877498418092728
vn -0.010429949499666691 0.99780064821243286 0.065460599958896637
vn -0.040005914866924286 0.99392867088317871 0.10249563306570053
vn -0.068885758519172668 0.98790889978408813 0.13889123499393463
vn 0.59134286642074585 -0.11007000505924225 0.79887306690216064
vn 0.59134286642074585 -0.11007000505924225 0.79887306690216064
vn 0.59134286642074585 -0.11007000505924225 0.79887306690216064
vn 0.59134286642074585 -0.11007000505924225 0.79887306690216064
vn 0.59134286642074585 -0.11007000505924225 0.79887306690216064
vn 0.59134286642074585 -0.11007000505924225 0.79887306690216064
vn 0.59134286642074585 -0.11007000505924225 0.79887306690216064
vn 0.59134286642074585 -0.11007000505924225 0.79887306690216064
vn 0.59134286642074585 -0.11007000505924225 0.79887306690216064
vn 0.59134286642074585 -0.11007000505924225 0.79887306690216064
vn 0.59134286642074585 -0.11007000505924225 0.79887306690216064
vn 0.59134286642074585 -0.11007000505924225 0.79887306690216064
vn 0.59134286642074585 -0.11007000505924225 0.79887306690216064
vn 0.59134286642074585 -0.11007000505924225 0.79887306690216064
vn 0.59134286642074585 -0.11007000505924225 0.79887306690216064
vn 0.59134286642074585 -0.11007000505924225 0.79887306690216064
vn 0.59134286642074585 -0.11007000505924225 0.79887306690216064
vn 0.59134286642074585 -0.11007000505924225 0.79887306690216064
vn 0.59134286642074585 -0.11007000505924225 0.79887306690216064
vn 0.59134286642074585 -0.11007000505924225 0.79887306690216064
vn 0.59134286642074585 -0.11007000505924225 0.79887306690216064
vn 0.59134286642074585 -0.11007000505924225 0.79887306690216064
vn 0.59134286642074585 -0.11007000505924225 0.79887306690216064
vn 0.59134286642074585 -0.11007000505924225 0.79887306690216064
vn 0.59134286642074585 -0.11007000505924225 0.79887306690216064
vn 0.59134286642074585 -0.11007000505924225 0.79887306690216064
vn 0.59134286642074585 -0.11007000505924225 0.79887306690216064
vn 0.59134286642074585 -0.11007000505924225 0.79887306690216064
vn 0.59134286642074585 -0.11007000505924225 0.79887306690216064
vn 0.59134286642074585 -0.11007000505924225 0.79887306690216064
vn 0.59134286642074585 -0.11007000505924225 0.79887306690216064
vn 0.59134286642074585 -0.11007000505924225 0.79887306690216064
vn 0.59134286642074585 -0.11007000505924225 0.79887306690216064
vn 0.59134286642074585 -0.11007000505924225 0.79887306690216064
vn 0.59134286642074585 -0.11007000505924225 0.79887306690216064
vn 0.59134286642074585 -0.11007000505924225 0.79887306690216064
vn 0.59134286642074585 -0.11007000505924225 0.79887306690216064
vn 0.59134286642074585 -0.11007000505924225 0.79887306690216064
vn 0.59134286642074585 -0.11007000505924225 0.79887306690216064
vn 0.59134286642074585 -0.11007000505924225 0.79887306690216064
vn 0.59134286642074585 -0.11007000505924225 0.79887306690216064
vn 0.59134286642074585 -0.11007000505924225 0.79887306690216064
vn 0.59134286642074585 -0.11007000505924225 0.79887306690216064
vn 0.59134286642074585 -0.11007000505924225 0.79887306690216064
vn 0.59134286642074585 -0.11007000505924225 0.79887306690216064
vn 0.59134286642074585 -0.11007000505924225 0.79887306690216064
vn 0.59134286642074585 -0.11007000505924225 0.79887306690216064
vn 0.59134286642074585 -0.11007000505924225 0.79887306690216064
vn 0.59134286642074585 -0.11007000505924225 0.79887306690216064
vn 0.59134286642074585 -0.11007000505924225 0.79887306690216064
vn 0.59134286642074585 -0.11007000505924225 0.79887306690216064
vn 0.59134286642074585 -0.11007000505924225 0.79887306690216064
vn 0.59134286642074585 -0.11007000505924225 0.79887306690216064
vn 0.59134286642074585 -0.11007000505924225 0.79887306690216064
vn 0.59134286642074585 -0.11007000505924225 0.79887306690216064
vn 0.59134286642074585 -0.11007000505924225 0.79887306690216064
vn 0.59134286642074585 -0.11007000505924225 0.79887306690216064
vn 0.59134286642074585 -0.11007000505924225 0.79887306690216064
vn 0.59134286642074585 -0.11007000505924225 0.79887306690216064
vn 0.59134286642074585 -0.11007000505924225 0.79887306690216064
vn 0.59134286642074585 -0.11007000505924225 0.79887306690216064
vn 0.59134286642074585 -0.11007000505924225 0.79887306690216064
vn 0.59134286642074585 -0.11007000505924225 0.79887306690216064
vn 0.59134286642074585 -0.11007000505924225 0.79887306690216064
vn 0.59134286642074585 -0.11007000505924225 0.79887306690216064
vn 0.59134286642074585 -0.11007000505924225 0.79887306690216064
vn 0.59134286642074585 -0.11007000505924225 0.79887306690216064
vn 0.59134286642074585 -0.11007000505924225 0.79887306690216064
vn 0.59134286642074585 -0.11007000505924225 0.79887306690216064
vn 0.59134286642074585 -0.11007000505924225 0.79887306690216064
vn 0.59134286642074585 -0.11007000505924225 0.79887306690216064
vn 0.59134286642074585 -0.11007000505924225 0.79887306690216064
vn 0.59134286642074585 -0.11007000505924225 0.79887306690216064
vn 0.59134286642074585 -0.11007000505924225 0.79887306690216064
vn 0.59134286642074585 -0.11007000505924225 0.79887306690216064
vn 0.59134286642074585 -0.11007000505924225 0.79887306690216064
vn 0.59134286642074585 -0.11007000505924225 0.79887306690216064
vn 0.59134286642074585 -0.11007000505924225 0.79887306690216064
vn 0.59134286642074585 -0.11007000505924225 0.79887306690216064
vn 0.59134286642074585 -0.11007000505924225 0.79887306690216064
vn 0.59134286642074585 -0.11007000505924225 0.79887306690216064
vn 0.59134286642074585 -0.11007000505924225 0.79887306690216064
vn 0.59134286642074585 -0.11007000505924225 0.79887306690216064
vn 0.59134286642074585 -0.11007000505924225 0.79887306690216064
vn 0.59134286642074585 -0.11007000505924225 0.79887306690216064
vn 0.59134286642074585 -0.11007000505924225 0.79887306690216064
vn 0.59134286642074585 -0.11007000505924225 0.79887306690216064
vn 0.59134286642074585 -0.11007000505924225 0.79887306690216064
vn 0.59134286642074585 -0.11007000505924225 0.79887306690216064
vn 0.59134286642074585 -0.11007000505924225 0.79887306690216064
vn 0.59134286642074585 -0.11007000505924225 0.79887306690216064
vn 0.59134286642074585 -0.11007000505924225 0.79887306690216064
vn 0.59134286642074585 -0.11007000505924225 0.79887306690216064
vn 0.59134286642074585 -0.11007000505924225 0.79887306690216064
vn 0.59134286642074585 -0.11007000505924225 0.79887306690216064
vn 0.59134286642074585 -0.11007000505924225 0.79887306690216064
vn 0.59134286642074585 -0.11007000505924225 0.79887306690216064
vn 0.59134286642074585 -0.11007000505924225 0.79887306690216064
vn 0.59134286642074585 -0.11007000505924225 0.79887306690216064
vn 0.59134286642074585 -0.11007000505924225 0.79887306690216064
vn 0.59134286642074585 -0.11007000505924225 0.79887306690216064
vn 0.59134286642074585 -0.11007000505924225 0.79887306690216064
vn 0.59134286642074585 -0.11007000505924225 0.79887306690216064
vn 0.59134286642074585 -0.11007000505924225 0.79887306690216064
vn 0.59134286642074585 -0.11007000505924225 0.79887306690216064
vn 0.59134286642074585 -0.11007000505924225 0.79887306690216064
vn 0.59134286642074585 -0.11007000505924225 0.79887306690216064
vn 0.59134286642074585 -0.11007000505924225 0.79887306690216064
vn 0.59134286642074585 -0.11007000505924225 0.79887306690216064
vn 0.59134286642074585 -0.11007000505924225 0.79887306690216064
vn 0.59134286642074585 -0.11007000505924225 0.79887306690216064
vn 0.59134286642074585 -0.11007000505924225 0.79887306690216064
vn 0.59134286642074585 -0.11007000505924225 0.79887306690216064
vn 0.59134286642074585 -0.11007000505924225 0.79887306690216064
vn 0.59134286642074585 -0.11007000505924225 0.79887306690216064
vn 0.59134286642074585 -0.11007000505924225 0.79887306690216064
vn 0.59134286642074585 -0.11007000505924225 0.79887306690216064
vn 0.59134286642074585 -0.11007000505924225 0.79887306690216064
vn 0.59134286642074585 -0.11007000505924225 0.79887306690216064
vn 0.59134286642074585 -0.11007000505924225 0.79887306690216064
vn 0.59134286642074585 -0.11007000505924225 0.79887306690216064
vn 0.59134286642074585 -0.11007000505924225 0.79887306690216064
vn 0.59134286642074585 -0.11007000505924225 0.79887306690216064
vn 0.59134286642074585 -0.11007000505924225 0.79887306690216064
vn 0.59134286642074585 -0.11007000505924225 0.79887306690216064
vn 0.59134286642074585 -0.11007000505924225 0.79887306690216064
vn 0.59134286642074585 -0.11007000505924225 0.79887306690216064
vn 0.59134286642074585 -0.11007000505924225 0.79887306690216064
vn 0.59134286642074585 -0.11007000505924225 0.79887306690216064
vn 0.59134286642074585 -0.11007000505924225 0.79887306690216064
vn 0.49311563372612 0.29017552733421326 -0.82014334201812744
vn 0.58141571283340454 0.75842732191085815 -0.2945229709148407
vn 0.5025789737701416 0.75160139799118042 -0.42721158266067505
vn 0.41430932283401489 0.72772616147994995 -0.54659163951873779
vn 0.32043656706809998 0.68917608261108398 -0.64988976716995239
vn 0.5060541033744812 0.85393041372299194 0.12129340320825577
vn 0.42555662989616394 0.90490394830703735 0.0071020368486642838
vn 0.33186474442481995 0.93667745590209961 -0.11180862039327621
vn 0.23036259412765503 0.9460410475730896 -0.22790218889713287
vn 0.12626829743385315 0.93346911668777466 -0.33569589257240295
vn 0.023310715332627296 0.90140813589096069 -0.43234238028526306
vn 0.32712468504905701 0.88988959789276123 0.31794008612632751
vn 0.21570791304111481 0.94707691669464111 0.23772959411144257
vn 0.094787821173667908 0.98432248830795288 0.14874324202537537
vn -0.028246836736798286 0.99801343679428101 0.056314282119274139
vn -0.14737474918365479 0.98846280574798584 -0.034957200288772583
vn -0.25896304845809937 0.95813632011413574 -0.12211836874485016
vn 0.18688581883907318 0.8185427188873291 0.54319566488265991
vn 0.051235534250736237 0.86340117454528809 0.50190973281860352
vn -0.091025106608867645 0.88978958129882812 0.44720116257667542
vn -0.23093621432781219 0.89489465951919556 0.38187965750694275
vn -0.36184698343276978 0.87934941053390503 0.30953410267829895
vn -0.48019975423812866 0.8455815315246582 0.23323822021484375
vn 0.11701527237892151 0.65260040760040283 0.7486121654510498
vn -0.030708758160471916 0.66878372430801392 0.74282252788543701
vn -0.18360181152820587 0.66992026567459106 0.71937280893325806
vn -0.33192119002342224 0.65505564212799072 0.6787712574005127
vn -0.46870246529579163 0.62556803226470947 0.62368476390838623
vn -0.59042549133300781 0.58379584550857544 0.5572972297668457
vn -0.31583008170127869 0.33440262079238892 0.88793367147445679
vn -0.45167592167854309 0.28627461194992065 0.84500634670257568
vn -0.57286190986633301 0.23380108177661896 0.78559929132461548
vn -0.53878211975097656 -0.20614190399646759 0.81683498620986938
vn -0.64508819580078125 0.055282711982727051 0.76210564374923706
vn -0.69808477163314819 0.31213882565498352 0.64439660310745239
vn -0.69339221715927124 0.54320001602172852 0.47343525290489197
vn -0.63139837980270386 0.72937172651290894 0.26334956288337708
vn -0.51722633838653564 0.85526871681213379 0.031500913202762604
vn 0.51539039611816406 0.3198373019695282 -0.79503262042999268
vn 0.53946655988693237 0.35437607765197754 -0.76380199193954468
vn 0.60599452257156372 0.47181525826454163 -0.64043813943862915
vn 0.63622200489044189 0.5504295825958252 -0.54060041904449463
vn 0.65156930685043335 0.6191258430480957 -0.43833848834037781
vn 0.64487141370773315 0.73179870843887329 -0.22048009932041168
vn 0.63719433546066284 0.75152277946472168 -0.17087110877037048
vn 0.63035321235656738 0.76451188325881958 -0.1348196417093277
vn 0.62090307474136353 0.77846992015838623 -0.091999702155590057
vn 0.55242812633514404 0.8241274356842041 0.12504848837852478
vn 0.49405199289321899 0.83004719018936157 0.2587166428565979
vn 0.34993559122085571 0.78648048639297485 0.50891405344009399
vn 0.32252803444862366 0.77169507741928101 0.54814445972442627
vn 0.16520090401172638 0.65724259614944458 0.7353508472442627
vn 0.060376141220331192 0.55789470672607422 0.82771265506744385
vn 0.0096674226224422455 0.50438582897186279 0.86342424154281616
vn -0.12074708193540573 0.35321927070617676 0.92771559953689575
vn -0.17142605781555176 0.29007831215858459 0.94152414798736572
vn -0.23840239644050598 0.20364980399608612 0.94957417249679565
vn -0.30327388644218445 0.11734747886657715 0.94565033912658691
vn -0.30720087885856628 0.11205727607011795 0.94502425193786621
vn -0.44949913024902344 -0.082852132618427277 0.88943016529083252
vn -0.34066158533096313 0.91200768947601318 -0.22845502197742462
vn -0.12935906648635864 0.87574779987335205 -0.46511504054069519
vn 0.09513440728187561 0.75018662214279175 -0.65434658527374268
vn 0.30992686748504639 0.54812777042388916 -0.77685344219207764
vn -0.51722633838653564 0.85526871681213379 0.031500913202762604
vn -0.51722633838653564 0.85526871681213379 0.031500913202762604
vn -0.51722633838653564 0.85526871681213379 0.031500913202762604
vn -0.49576756358146667 0.86844319105148315 -0.0045799189247190952
vn -0.41297075152397156 0.9012829065322876 -0.13093604147434235
vn -0.32099801301956177 0.91257894039154053 -0.25329810380935669
vn -0.26208874583244324 0.90903908014297485 -0.32397142052650452
vn -0.04889877513051033 0.84036451578140259 -0.53981143236160278
vn -0.036491304636001587 0.83394414186477661 -0.55064105987548828
vn -0.028831038624048233 0.82985323667526245 -0.5572364330291748
vn 0.1152278333902359 0.73485803604125977 -0.66836082935333252
vn 0.23057492077350616 0.63307315111160278 -0.73895442485809326
vn 0.27818933129310608 0.58369314670562744 -0.76283222436904907
vn 0.32017526030540466 0.53616166114807129 -0.78103679418563843
vn 0.35712581872940063 0.49093726277351379 -0.79463309049606323
vn 0.38953834772109985 0.44838050007820129 -0.8044966459274292
vn 0.41784703731536865 0.40876790881156921 -0.81136465072631836
vn 0.44243904948234558 0.37230536341667175 -0.81586545705795288
vn 0.46402996778488159 0.33855032920837402 -0.81857186555862427
vn 0.47645306587219238 0.31832012534141541 -0.81955158710479736
vn 0.48310807347297668 0.30722293257713318 -0.81989061832427979
vn 0.49968615174293518 0.27873727679252625 -0.82013368606567383
vn 0.51378720998764038 0.25348994135856628 -0.81961303949356079
vn 0.52301883697509766 0.23640994727611542 -0.81887829303741455
vn 0.5254359245300293 0.23186163604259491 -0.81863135099411011
vn 0.53464937210083008 0.21421901881694794 -0.81747186183929443
vn 0.54581397771835327 0.19215334951877594 -0.81557601690292358
vn 0.54718875885009766 0.18938106298446655 -0.81530314683914185
vn 0.53831428289413452 0.2070615142583847 -0.81691080331802368
vn 0.51827335357666016 0.24524664878845215 -0.81929653882980347
vn 0.49311563372612 0.29017552733421326 -0.82014334201812744
vn 0.30992686748504639 0.54812777042388916 -0.77685344219207764
vn 0.09513440728187561 0.75018662214279175 -0.65434658527374268
vn -0.12935906648635864 0.87574779987335205 -0.46511504054069519
vn -0.34066158533096313 0.91200768947601318 -0.22845502197742462
vn -0.51722633838653564 0.85526871681213379 0.031500913202762604
vn -0.63139837980270386 0.72937172651290894 0.26334956288337708
vn -0.69339221715927124 0.54320001602172852 0.47343525290489197
vn -0.69808477163314819 0.31213882565498352 0.64439660310745239
vn -0.64508819580078125 0.055282711982727051 0.76210564374923706
vn -0.53878211975097656 -0.20614190399646759 0.81683498620986938
vn -0.51722633838653564 0.85526871681213379 0.031500913202762604
vn -0.51722633838653564 0.85526871681213379 0.031500913202762604
vn -0.52837306261062622 -0.22629056870937347 0.81829977035522461
vn -0.49741834402084351 -0.28270778059959412 0.82015323638916016
vn -0.47649216651916504 -0.31825542449951172 0.81955397129058838
vn -0.47645291686058044 -0.31832036375999451 0.81955158710479736
vn -0.46724164485931396 -0.33337923884391785 0.81886720657348633
vn -0.47005397081375122 -0.32881778478622437 0.81910204887390137
vn -0.47645232081413269 -0.3183213472366333 0.81955152750015259
vn -0.48409989476203918 -0.30555298924446106 0.81992965936660767
vn -0.49479243159294128 -0.28727537393569946 0.82015442848205566
vn -0.50753802061080933 -0.26480019092559814 0.81993049383163452
vn -0.52200835943222046 -0.23830187320709229 0.81897467374801636
vn -0.53615128993988037 -0.21129569411277771 0.81724900007247925
vn -0.53783547878265381 -0.20800118148326874 0.81698745489120483
vn -0.55466008186340332 -0.1740921288728714 0.81366091966629028
vn -0.57209897041320801 -0.1368175595998764 0.8086925745010376
vn -0.59011906385421753 -0.09560878574848175 0.80163484811782837
vn -0.60868340730667114 -0.049649294465780258 0.7918582558631897
vn -0.62737023830413818 0.0012269334401935339 0.77872014045715332
vn -0.64567214250564575 0.057187076658010483 0.76147037744522095
vn -0.66296893358230591 0.11838674545288086 0.73922711610794067
vn -0.67849957942962646 0.18499113619327545 0.7109265923500061
vn -0.70013278722763062 0.33531096577644348 0.63038134574890137
vn -0.70263689756393433 0.37967860698699951 0.60178530216217041
vn -0.7027779221534729 0.44222769141197205 0.557259202003479
vn -0.69773977994918823 0.51160550117492676 0.50141698122024536
vn -0.67411559820175171 0.62793999910354614 0.38892096281051636
vn -0.63109713792800903 0.72990447282791138 0.26259443163871765
vn -0.62505632638931274 0.74023401737213135 0.24770580232143402
vn -0.57631427049636841 0.80499845743179321 0.14085221290588379
vn -0.23017297685146332 0.95465236902236938 -0.18883651494979858
vn -0.32958391308784485 0.93164670467376709 -0.15299952030181885
vn -0.34737765789031982 0.91278409957885742 -0.21483471989631653
vn -0.33861225843429565 0.92279654741287231 -0.18381588160991669
vn -0.31801995635032654 0.92439472675323486 -0.21061262488365173
vn -0.28866273164749146 0.93526351451873779 -0.20483167469501495
vn -0.25936177372932434 0.94535940885543823 -0.1975526362657547
vn -0.26366728544235229 0.94821381568908691 -0.1771160364151001
vn -0.29681864380836487 0.94054192304611206 -0.16516520082950592
vn 0.27657648921012878 0.25021824240684509 0.92784494161605835
vn 0.36383041739463806 -0.045474592596292496 0.93035447597503662
vn 0.41791221499443054 -0.34895011782646179 0.83879870176315308
vn 0.27657648921012878 0.25021824240684509 0.92784494161605835
vn 0.49032706022262573 0.035480760037899017 0.87081599235534668
vn 0.66340005397796631 -0.19184273481369019 0.72325426340103149
vn 0.76858419179916382 -0.40138736367225647 0.49816316366195679
vn 0.27657648921012878 0.25021824240684509 0.92784494161605835
vn 0.55210155248641968 0.16782021522521973 0.81671309471130371
vn 0.7832837700843811 0.064984045922756195 0.61825853586196899
vn 0.93458938598632812 -0.045754596590995789 0.35277363657951355
vn 0.98711460828781128 -0.14892420172691345 0.058535259217023849
vn 0.27657648921012878 0.25021824240684509 0.92784494161605835
vn 0.53841668367385864 0.31859016418457031 0.78013318777084351
vn 0.75672602653503418 0.35757830739021301 0.54726910591125488
vn 0.89781433343887329 0.35940605401992798 0.25447329878807068
vn 0.94412201642990112 0.32473742961883545 -0.056384850293397903
vn 0.27657648921012878 0.25021824240684509 0.92784494161605835
vn 0.44840505719184875 0.45242640376091003 0.77087175846099854
vn 0.58204340934753418 0.6173098087310791 0.52929580211639404
vn 0.65592813491821289 0.71906107664108276 0.22958528995513916
vn 0.66133981943130493 0.74519979953765869 -0.0854807049036026
vn 0.27657648921012878 0.25021824240684509 0.92784494161605835
vn 0.31207704544067383 0.5247071385383606 0.79201662540435791
vn 0.31747615337371826 0.75758266448974609 0.5703309178352356
vn 0.2895769476890564 0.91329950094223022 0.28640744090080261
vn 0.23304915428161621 0.97227829694747925 -0.019051576033234596
vn 0.27657648921012878 0.25021824240684509 0.92784494161605835
vn 0.16303291916847229 0.52212685346603394 0.83714026212692261
vn 0.028231194242835045 0.75257521867752075 0.65790086984634399
vn -0.11094585061073303 0.90636557340621948 0.40766710042953491
vn -0.23519052565097809 0.96417206525802612 0.12270963191986084
vn 0.27657648921012878 0.25021824240684509 0.92784494161605835
vn 0.036536272615194321 0.44117152690887451 0.89667874574661255
vn -0.21725665032863617 0.59546786546707153 0.7734452486038208
vn -0.45087739825248718 0.6888161301612854 0.56766360998153687
vn -0.63259470462799072 0.70984125137329102 0.30975690484046936
vn 0.27657648921012878 0.25021824240684509 0.92784494161605835
vn -0.025238227099180222 0.3088320791721344 0.95078164339065552
vn -0.33714038133621216 0.33864107728004456 0.8784409761428833
vn -0.6168825626373291 0.33318331837654114 0.71305310726165771
vn -0.82666659355163574 0.29408121109008789 0.47972759604454041
vn 0.27657648921012878 0.25021824240684509 0.92784494161605835
vn -0.011553371325135231 0.15806211531162262 0.98736155033111572
vn -0.31058263778686523 0.046046815812587738 0.94943040609359741
vn -0.58010756969451904 -0.071977324783802032 0.81135344505310059
vn -0.78367400169372559 -0.1795804500579834 0.59464770555496216
vn 0.27657648921012878 0.25021824240684509 0.92784494161605835
vn 0.078458264470100403 0.024225877597928047 0.99662297964096069
vn -0.13590003550052643 -0.21368472278118134 0.96740376949310303
vn 0.27657648921012878 0.25021824240684509 0.92784494161605835
vn 0.21478630602359772 -0.048054873943328857 0.97547811269760132
vn 0.12866725027561188 -0.35395756363868713 0.9263685941696167
vn 0.36383041739463806 -0.045474592596292496 0.93035447597503662
vn 0.41791221499443054 -0.34895011782646179 0.83879870176315308
vn -0.77075529098510742 -0.51890933513641357 0.3696882426738739
vn -0.92670536041259766 -0.18615765869617462 0.32643917202949524
vn -0.9557759165763855 0.17208170890808105 0.2384958416223526
vn -0.85398685932159424 0.50676059722900391 0.11789895594120026
vn -0.63527458906173706 0.77205651998519897 -0.018840020522475243
vn -0.32958391308784485 0.93164670467376709 -0.15299952030181885
vn 0.8908422589302063 -0.42887455224990845 -0.14988903701305389
vn 0.89526045322418213 -0.44410061836242676 -0.035823415964841843
vn 0.8946954607963562 -0.44631966948509216 -0.017855385318398476
vn 0.87464642524719238 -0.46355745196342468 0.1418030858039856
vn 0.83630383014678955 -0.47413930296897888 0.2752959132194519
vn 0.8282088041305542 -0.47547271847724915 0.29664096236228943
vn 0.75438159704208374 -0.48179423809051514 0.44585058093070984
vn 0.68101716041564941 -0.48279246687889099 0.55056977272033691
vn 0.50669592618942261 -0.47738754749298096 0.71788603067398071
vn 0.45134854316711426 -0.47473829984664917 0.75558453798294067
vn 0.42822977900505066 -0.47358053922653198 0.76963675022125244
vn 0.42822977900505066 -0.47358053922653198 0.76963675022125244
vn 0.14700093865394592 -0.46030658483505249 0.87550473213195801
vn -0.016576383262872696 -0.45572775602340698 0.88996487855911255
vn -0.016655569896101952 -0.45572641491889954 0.88996404409408569
vn -0.11248335987329483 -0.45488324761390686 0.8834187388420105
vn -0.34428837895393372 -0.46041315793991089 0.81822079420089722
vn -0.54640036821365356 -0.47719475626945496 0.68828177452087402
vn -0.58020883798599243 -0.48148283362388611 0.65691089630126953
vn -0.59544509649276733 -0.48358860611915588 0.64155060052871704
vn -0.60022604465484619 -0.48427280783653259 0.63655996322631836
vn 0.032812904566526413 0.962485671043396 -0.26934108138084412
vn 0.39042502641677856 0.85297709703445435 -0.34640789031982422
vn 0.69110620021820068 0.61908918619155884 -0.37296223640441895
vn 0.89101177453994751 0.29492700099945068 -0.34513202309608459
vn 0.96099185943603516 -0.072240762412548065 -0.26697543263435364
vn 0.8908422589302063 -0.42887455224990845 -0.14988903701305389
vn -0.32958391308784485 0.93164670467376709 -0.15299952030181885
vn -0.32958391308784485 0.93164670467376709 -0.15299952030181885
vn -0.32958391308784485 0.93164670467376709 -0.15299952030181885
vn -0.23017297685146332 0.95465236902236938 -0.18883651494979858
vn -0.1931430846452713 0.96027964353561401 -0.20139209926128387
vn -0.065102353692054749 0.96816802024841309 -0.24168641865253448
vn 0.066499859094619751 0.9582098126411438 -0.27822953462600708
vn 0.1902744472026825 0.93213433027267456 -0.30809289216995239
vn 0.40526127815246582 0.84508579969406128 -0.34870225191116333
vn 0.41632220149040222 0.83900213241577148 -0.35035872459411621
vn 0.52390313148498535 0.77015060186386108 -0.36385929584503174
vn 0.62220722436904907 0.68918371200561523 -0.37132737040519714
vn 0.68786299228668213 0.62268835306167603 -0.37296611070632935
vn 0.80247205495834351 0.47106903791427612 -0.36624112725257874
vn 0.88072067499160767 0.32030361890792847 -0.34890788793563843
vn 0.90270698070526123 0.26348671317100525 -0.3401394784450531
vn 0.92428219318389893 0.19504745304584503 -0.32811424136161804
vn 0.93308460712432861 0.16106793284416199 -0.3215746283531189
vn 0.94892287254333496 0.081429235637187958 -0.30481907725334167
vn 0.95971065759658813 -0.022077366709709167 -0.28012141585350037
vn 0.95997321605682373 -0.11638112366199493 -0.25476816296577454
vn 0.95213973522186279 -0.20209771394729614 -0.22931733727455139
vn 0.94000309705734253 -0.27112838625907898 -0.20708361268043518
vn 0.93811643123626709 -0.27970871329307556 -0.20420731604099274
vn 0.91909646987915039 -0.35084763169288635 -0.1793532520532608
vn 0.89581513404846191 -0.41664448380470276 -0.15466953814029694
vn -0.29681864380836487 0.94054192304611206 -0.16516520082950592
vn -0.26366728544235229 0.94821381568908691 -0.1771160364151001
vn 0.96099185943603516 -0.072240762412548065 -0.26697543263435364
vn 0.89101177453994751 0.29492700099945068 -0.34513202309608459
vn 0.69110620021820068 0.61908918619155884 -0.37296223640441895
vn 0.39042502641677856 0.85297709703445435 -0.34640789031982422
vn 0.032812904566526413 0.962485671043396 -0.26934108138084412
vn -0.32958391308784485 0.93164670467376709 -0.15299952030181885
vn -0.78762662410736084 0.61219978332519531 0.069683462381362915
vn -0.50525665283203125 0.85915136337280273 -0.081083841621875763
vn -0.66006821393966675 0.7511831521987915 -0.0058203451335430145
vn -0.34737765789031982 0.91278409957885742 -0.21483471989631653
vn -0.33861225843429565 0.92279654741287231 -0.18381588160991669
vn -0.7716560959815979 0.63564646244049072 0.022370116785168648
vn -0.74926185607910156 0.66181737184524536 -0.024585342034697533
vn -0.6918303370475769 0.71471422910690308 -0.1027345135807991
vn -0.66691058874130249 0.73432564735412598 -0.12647557258605957
vn -0.57499969005584717 0.79706686735153198 -0.18455293774604797
vn -0.47667074203491211 0.85287719964981079 -0.21303871273994446
vn -0.32958391308784485 0.93164670467376709 -0.15299952030181885
vn -0.32958391308784485 0.93164670467376709 -0.15299952030181885
vn -0.77075529098510742 -0.51890933513641357 0.3696882426738739
vn -0.78762662410736084 0.61219978332519531 0.069683462381362915
vn -0.66006821393966675 0.7511831521987915 -0.0058203451335430145
vn -0.50525665283203125 0.85915136337280273 -0.081083841621875763
vn -0.63527458906173706 0.77205651998519897 -0.018840020522475243
vn -0.85398685932159424 0.50676059722900391 0.11789895594120026
vn -0.9557759165763855 0.17208170890808105 0.2384958416223526
vn -0.92670536041259766 -0.18615765869617462 0.32643917202949524
vn -0.32958391308784485 0.93164670467376709 -0.15299952030181885
vn -0.79920947551727295 -0.47625550627708435 0.36666727066040039
vn -0.81932413578033447 -0.44317090511322021 0.36374098062515259
vn -0.86396384239196777 -0.35803386569023132 0.35408791899681091
vn -0.89557009935379028 -0.28303709626197815 0.34328436851501465
vn -0.89970546960830688 -0.27185726165771484 0.34150213003158569
vn -0.90270644426345825 -0.2634882926940918 0.34013974666595459
vn -0.92327463626861572 -0.1986539363861084 0.32878649234771729
vn -0.94472193717956543 -0.10611808300018311 0.31022483110427856
vn -0.94982796907424927 -0.075564943253993988 0.30350741744041443
vn -0.95779192447662354 -0.0069530564360320568 0.28737831115722656
vn -0.9606671929359436 0.097086459398269653 0.2601783275604248
vn -0.95879149436950684 0.13714902102947235 0.24881526827812195
vn -0.95188099145889282 0.203966423869133 0.22873625159263611
vn -0.92984879016876221 0.31348583102226257 0.19263395667076111
vn -0.91298413276672363 0.36976781487464905 0.1724289208650589
vn -0.89231669902801514 0.42530179023742676 0.15129204094409943
vn -0.87136125564575195 0.47246047854423523 0.13232792913913727
vn -0.83726829290390015 0.5366441011428833 0.10485650599002838
vn 0.10213333368301392 0.64996141195297241 -0.75307303667068481
vn 0.16202513873577118 0.31372517347335815 -0.93558770418167114
vn 0.10213333368301392 0.64996141195297241 -0.75307303667068481
vn -0.019820483401417732 0.33476066589355469 -0.94209468364715576
vn 0.10213333368301392 0.64996141195297241 -0.75307303667068481
vn -0.17518746852874756 0.41781899333000183 -0.89148002862930298
vn 0.10213333368301392 0.64996141195297241 -0.75307303667068481
vn -0.26667845249176025 0.54073429107666016 -0.7978026270866394
vn -0.60769850015640259 0.34101739525794983 -0.71722358465194702
vn -0.84849965572357178 0.087882399559020996 -0.52184772491455078
vn 0.10213333368301392 0.64996141195297241 -0.75307303667068481
vn -0.2762921154499054 0.68180406093597412 -0.67735213041305542
vn -0.62577730417251587 0.60630339384078979 -0.49071270227432251
vn -0.8720741868019104 0.43381273746490479 -0.22647976875305176
vn 0.10213333368301392 0.64996141195297241 -0.75307303667068481
vn -0.20051892101764679 0.80079197883605957 -0.56437963247299194
vn -0.48328346014022827 0.83006381988525391 -0.27826449275016785
vn -0.68626368045806885 0.72559410333633423 0.050550583750009537
vn 0.10213333368301392 0.64996141195297241 -0.75307303667068481
vn -0.059048935770988464 0.87433236837387085 -0.48172199726104736
vn -0.21724477410316467 0.96835887432098389 -0.12282425165176392
vn -0.33935186266899109 0.90592950582504272 0.25324314832687378
vn 0.10213333368301392 0.64996141195297241 -0.75307303667068481
vn 0.12175558507442474 0.88625341653823853 -0.44691213965415955
vn 0.12276370078325272 0.99077671766281128 -0.057363212108612061
vn 0.10401583462953568 0.93516212701797485 0.338603675365448
vn 0.10213333368301392 0.64996141195297241 -0.75307303667068481
vn 0.29391339421272278 0.83214712142944336 -0.47026175260543823
vn 0.44651177525520325 0.88902813196182251 -0.10127288103103638
vn 0.52618014812469482 0.8024829626083374 0.2813459038734436
vn 0.10213333368301392 0.64996141195297241 -0.75307303667068481
vn 0.41908228397369385 0.7267385721206665 -0.54426193237304688
vn 0.68189573287963867 0.690804123878479 -0.24043256044387817
vn 0.8331184983253479 0.54400086402893066 0.099883079528808594
vn 0.10213333368301392 0.64996141195297241 -0.75307303667068481
vn 0.47191926836967468 0.59040355682373047 -0.65476393699645996
vn 0.7812572717666626 0.43442198634147644 -0.44823497533798218
vn 0.9626849889755249 0.20968107879161835 -0.17108920216560364
vn 0.10213333368301392 0.64996141195297241 -0.75307303667068481
vn 0.43694785237312317 0.45663842558860779 -0.77495670318603516
vn 0.71549248695373535 0.18287248909473419 -0.67426115274429321
vn 0.87692832946777344 -0.1183369904756546 -0.46582517027854919
vn 0.10213333368301392 0.64996141195297241 -0.75307303667068481
vn 0.32527518272399902 0.35800477862358093 -0.87523061037063599
vn 0.16202513873577118 0.31372517347335815 -0.93558770418167114
vn 0.91100180149078369 -0.36517840623855591 -0.19162578880786896
vn 0.99339032173156738 -0.10650616139173508 0.042802460491657257
vn 0.94797343015670776 0.16586871445178986 0.27172392606735229
vn 0.78059428930282593 0.41690361499786377 0.46568652987480164
vn 0.5127871036529541 0.61430144309997559 0.59973585605621338
vn 0.17900693416595459 0.73266583681106567 0.65662568807601929
vn -0.17780354619026184 0.75676852464675903 0.62903684377670288
vn -0.82343548536300659 -0.36951443552970886 -0.43059614300727844
vn -0.74038708209991455 -0.18324977159500122 -0.64671981334686279
vn -0.72809582948684692 -0.1656048446893692 -0.66517031192779541
vn -0.70294559001922607 -0.13279394805431366 -0.69873690605163574
vn -0.57132214307785034 -0.0063954861834645271 -0.820701003074646
vn -0.39870011806488037 0.093548938632011414 -0.91229754686355591
vn -0.29527336359024048 0.13027897477149963 -0.94648879766464233
vn -0.27848732471466064 0.13490474224090576 -0.95091825723648071
vn -0.050207991153001785 0.16583123803138733 -0.98487520217895508
vn 0.18137063086032867 0.14468188583850861 -0.9727136492729187
vn 0.18137063086032867 0.14468188583850861 -0.9727136492729187
vn 0.19085589051246643 0.14279645681381226 -0.97117620706558228
vn 0.4395831823348999 0.065510369837284088 -0.89580971002578735
vn 0.53100067377090454 0.023045120760798454 -0.84705793857574463
vn 0.71063393354415894 -0.088366232812404633 -0.6979905366897583
vn 0.7770048975944519 -0.14348733425140381 -0.61292314529418945
vn 0.82092839479446411 -0.18756982684135437 -0.53934597969055176
vn 0.86266523599624634 -0.2400745302438736 -0.44516617059707642
vn 0.90050870180130005 -0.31343132257461548 -0.30140480399131775
vn -0.48634791374206543 0.69301247596740723 0.53216487169265747
vn -0.74205124378204346 0.55396151542663574 0.37747395038604736
vn -0.91713172197341919 0.35472345352172852 0.18177101016044617
vn -0.99256706237792969 0.11694516986608505 -0.033681116998195648
vn -0.96016138792037964 -0.13353905081748962 -0.24547383189201355
vn -0.17780354619026184 0.75676852464675903 0.62903684377670288
vn -0.17780354619026184 0.75676852464675903 0.62903684377670288
vn 0.56635576486587524 0.58436852693557739 0.58116650581359863
vn 0.91100180149078369 -0.36517840623855591 -0.19162578880786896
vn 0.56635576486587524 0.58436852693557739 0.58116650581359863
vn 0.21028295159339905 0.72581815719604492 0.65495729446411133
vn 0.21028295159339905 0.72581815719604492 0.65495729446411133
vn 0.21028295159339905 0.72581815719604492 0.65495729446411133
vn 0.17900693416595459 0.73266583681106567 0.65662568807601929
vn 0.5127871036529541 0.61430144309997559 0.59973585605621338
vn 0.78059428930282593 0.41690361499786377 0.46568652987480164
vn 0.94797343015670776 0.16586871445178986 0.27172392606735229
vn 0.99339032173156738 -0.10650616139173508 0.042802460491657257
vn -0.17780354619026184 0.75676852464675903 0.62903684377670288
vn -0.17780354619026184 0.75676852464675903 0.62903684377670288
vn 0.916942298412323 -0.35505366325378418 -0.18208169937133789
vn 0.93735772371292114 -0.31634309887886047 -0.14590264856815338
vn 0.95608967542648315 -0.27318838238716125 -0.10611623525619507
vn 0.97211384773254395 -0.22586174309253693 -0.063096389174461365
vn 0.98448407649993896 -0.17462888360023499 -0.017200712114572525
vn 0.99240809679031372 -0.11871721595525742 0.032130144536495209
vn 0.99469000101089478 -0.057081427425146103 0.085636161267757416
vn 0.98963207006454468 0.010460527613759041 0.14324423670768738
vn 0.978751540184021 0.069653622806072235 0.19285689294338226
vn 0.97519874572753906 0.084011301398277283 0.20476686954498291
vn 0.96595168113708496 0.11610164493322372 0.23120926320552826
vn 0.948871910572052 0.16364769637584686 0.26992884278297424
vn 0.90737920999526978 0.24940665066242218 0.33831828832626343
vn 0.75819689035415649 0.43921196460723877 0.48190280795097351
vn 0.5663561224937439 0.58436834812164307 0.58116638660430908
vn 0.43202519416809082 0.65293025970458984 0.62212246656417847
vn 0.3678317666053772 0.67870217561721802 0.63565963506698608
vn 0.10933121293783188 0.74511140584945679 0.65791767835617065
vn -0.82343548536300659 -0.36951443552970886 -0.43059614300727844
vn -0.81780797243118286 0.48586374521255493 0.3084259033203125
vn -0.17780354619026184 0.75676852464675903 0.62903684377670288
vn -0.81780797243118286 0.48586374521255493 0.3084259033203125
vn -0.97229105234146118 0.22525139153003693 0.062545575201511383
vn -0.97875159978866577 -0.069653429090976715 -0.19285672903060913
vn -0.97229105234146118 0.22525139153003693 0.062545575201511383
vn -0.81780797243118286 0.48586374521255493 0.3084259033203125
vn -0.17780354619026184 0.75676852464675903 0.62903684377670288
vn -0.17780354619026184 0.75676852464675903 0.62903684377670288
vn -0.17780354619026184 0.75676852464675903 0.62903684377670288
vn -0.3294251561164856 0.73641544580459595 0.59090727567672729
vn -0.47436285018920898 0.69723808765411377 0.53743737936019897
vn -0.56586802005767822 0.66057783365249634 0.49338656663894653
vn -0.70700621604919434 0.57997846603393555 0.4046815037727356
vn -0.81780838966369629 0.48586329817771912 0.30842545628547668
vn -0.84438502788543701 0.45686790347099304 0.27979576587677002
vn -0.95464354753494263 0.27688440680503845 0.10950234532356262
vn -0.97993052005767822 0.1960112452507019 0.036272943019866943
vn -0.99217599630355835 0.12119977176189423 -0.029956020414829254
vn -0.99459230899810791 0.052383873611688614 -0.089677274227142334
vn -0.9896233081817627 -0.010526732541620731 -0.14330017566680908
vn -0.97921526432037354 -0.067665241658687592 -0.19120365381240845
vn -0.97875159978866577 -0.069653443992137909 -0.19285675883293152
vn -0.96496522426605225 -0.11919157207012177 -0.23374232649803162
vn -0.94788563251495361 -0.1660846471786499 -0.27189838886260986
vn -0.92869377136230469 -0.2090061753988266 -0.30634018778800964
vn -0.9083753228187561 -0.24764730036258698 -0.336934894323349
vn -0.88796299695968628 -0.2816944420337677 -0.36355191469192505
vn -0.86851847171783447 -0.31084334850311279 -0.38607260584831238
vn -0.85110956430435181 -0.33479398488998413 -0.4043828547000885
vn -0.82641363143920898 -0.36595168709754944 -0.42792510986328125
vn -0.96016138792037964 -0.13353905081748962 -0.24547383189201355
vn -0.99256706237792969 0.11694516986608505 -0.033681116998195648
vn -0.91713172197341919 0.35472345352172852 0.18177101016044617
vn -0.74205124378204346 0.55396151542663574 0.37747395038604736
vn -0.48634791374206543 0.69301247596740723 0.53216487169265747
vn 0.048205886036157608 -0.52637505531311035 -0.84888482093811035
vn 0.072187356650829315 -0.80079942941665649 -0.5945664644241333
vn 0.13068859279155731 -0.79952114820480347 -0.58624774217605591
vn 0.035685986280441284 -0.96184682846069336 -0.27125111222267151
vn 0.094380170106887817 -0.95971733331680298 -0.26464137434959412
vn 0.0023773298598825932 -0.99610704183578491 0.088119685649871826
vn 0.061247576028108597 -0.99379640817642212 0.092829830944538116
vn -0.083043135702610016 -0.89799386262893677 0.43210050463676453
vn -0.081064417958259583 -0.89809137582778931 0.43227356672286987
vn -0.079083755612373352 -0.89818543195724487 0.43244507908821106
vn -0.049288500100374222 -0.91556823253631592 0.39913088083267212
vn 0.0528414286673069 -0.96605944633483887 0.25285759568214417
vn 0.13195465505123138 -0.98747009038925171 0.08654959499835968
vn 0.14852283895015717 -0.98804885149002075 0.041236113756895065
vn 0.19669666886329651 -0.97061783075332642 -0.1386055201292038
vn 0.21737602353096008 -0.92912584543228149 -0.29912018775939941
vn 0.21881173551082611 -0.91907483339309692 -0.32775434851646423
vn 0.21261939406394958 -0.84597605466842651 -0.48899644613265991
vn 0.18098285794258118 -0.75092893838882446 -0.63509917259216309
vn 0.1744203120470047 -0.73597544431686401 -0.65415418148040771
vn 0.091384746134281158 -0.58774912357330322 -0.80386555194854736
vn 0.025341326370835304 -0.71638882160186768 -0.69724094867706299
vn 0.00096581864636391401 -0.86368864774703979 -0.50402480363845825
vn -0.023467276245355606 -0.959492027759552 -0.28075677156448364
vn -0.04650115966796875 -0.99808675050735474 -0.040748938918113708
vn -0.066762462258338928 -0.97717171907424927 0.20168851315975189
vn 0.0863756462931633 -0.023395407944917679 -0.99598789215087891
vn -0.20901748538017273 -0.36254745721817017 -0.90822410583496094
vn -0.11698204278945923 -0.37528353929519653 -0.9194985032081604
vn -0.026574954390525818 -0.38450971245765686 -0.92273831367492676
vn -0.50350600481033325 -0.57047468423843384 -0.64887624979019165
vn -0.42170453071594238 -0.60647541284561157 -0.6740570068359375
vn -0.3332025408744812 -0.63823193311691284 -0.6940000057220459
vn -0.24178963899612427 -0.66405075788497925 -0.70751279592514038
vn -0.15046735107898712 -0.68334800004959106 -0.71441936492919922
vn -0.060472268611192703 -0.69636458158493042 -0.71513599157333374
vn -0.53443396091461182 -0.74603730440139771 -0.39725136756896973
vn -0.45428839325904846 -0.79143774509429932 -0.40896010398864746
vn -0.36720448732376099 -0.83124405145645142 -0.41736575961112976
vn -0.27689385414123535 -0.86331981420516968 -0.42191079258918762
vn -0.18633547425270081 -0.88695347309112549 -0.42260223627090454
vn -0.096781708300113678 -0.90247517824172974 -0.41972836852073669
vn -0.56398487091064453 -0.81934630870819092 -0.10292094945907593
vn -0.48542144894599915 -0.868671715259552 -0.09887116402387619
vn -0.39969247579574585 -0.91183936595916748 -0.093781359493732452
vn -0.31043502688407898 -0.94652777910232544 -0.087836623191833496
vn -0.22060656547546387 -0.97197216749191284 -0.081258125603199005
vn -0.13147446513175964 -0.98853987455368042 -0.074184402823448181
vn -0.51146292686462402 -0.83095216751098633 0.21891583502292633
vn -0.42686730623245239 -0.87247824668884277 0.23783615231513977
vn -0.33849078416824341 -0.90589070320129395 0.25453105568885803
vn -0.24927286803722382 -0.93045073747634888 0.26855999231338501
vn -0.16049346327781677 -0.94650763273239136 0.27993780374526978
vn -0.35799610614776611 -0.73763817548751831 0.57247591018676758
vn -0.26920264959335327 -0.75853681564331055 0.59342384338378906
vn -0.18066847324371338 -0.77247852087020874 0.60879868268966675
vn -0.10068878531455994 -0.50715881586074829 0.85595077276229858
vn -0.098465479910373688 -0.664295494556427 0.74095618724822998
vn -0.092508293688297272 -0.79624170064926147 0.59786403179168701
vn -0.083043135702610016 -0.89799386262893677 0.43210050463676453
vn -0.0045803911052644253 -0.071224220097064972 -0.99744981527328491
vn -0.079502500593662262 -0.11707639694213867 -0.98993557691574097
vn -0.28108644485473633 -0.27546223998069763 -0.91929918527603149
vn -0.30549833178520203 -0.29881331324577332 -0.904091477394104
vn -0.37659344077110291 -0.3731670081615448 -0.84789371490478516
vn -0.44382160902023315 -0.45346739888191223 -0.77290987968444824
vn -0.46803492307662964 -0.48514300584793091 -0.73863357305526733
vn -0.53636378049850464 -0.58386659622192383 -0.60943722724914551
vn -0.58249235153198242 -0.65993493795394897 -0.4745403528213501
vn -0.61579495668411255 -0.72214895486831665 -0.31511494517326355
vn -0.63040149211883545 -0.75537329912185669 -0.17889992892742157
vn -0.6319466233253479 -0.77498799562454224 0.0060934959910809994
vn -0.61894696950912476 -0.77248466014862061 0.1420285701751709
vn -0.59606635570526123 -0.75931370258331299 0.26105093955993652
vn -0.57776987552642822 -0.74762749671936035 0.32746762037277222
vn -0.48453053832054138 -0.68946933746337891 0.53838849067687988
vn -0.47062656283378601 -0.6813349723815918 0.56061863899230957
vn -0.45503422617912292 -0.67238831520080566 0.5838131308555603
vn -0.37930265069007874 -0.6314164400100708 0.67634516954421997
vn -0.30187603831291199 -0.59323400259017944 0.74628698825836182
vn -0.066364839673042297 -0.97824478149414062 0.19655241072177887
vn -0.045558560639619827 -0.99764764308929443 -0.051221504807472229
vn -0.021918486803770065 -0.95499551296234131 -0.29580938816070557
vn 0.0030849464237689972 -0.85294139385223389 -0.52199751138687134
vn 0.027896491810679436 -0.69783329963684082 -0.71571677923202515
vn 0.050972841680049896 -0.49931904673576355 -0.86491745710372925
vn 0.070878610014915466 -0.26974651217460632 -0.96031922101974487
vn -0.083043135702610016 -0.89799386262893677 0.43210050463676453
vn -0.083043135702610016 -0.89799386262893677 0.43210050463676453
vn -0.083043135702610016 -0.89799386262893677 0.43210050463676453
vn 0.048205886036157608 -0.52637505531311035 -0.84888482093811035
vn 0.056962404400110245 -0.43716496229171753 -0.89757567644119263
vn 0.062790513038635254 -0.37141185998916626 -0.92634260654449463
vn 0.076180562376976013 -0.19483605027198792 -0.97787290811538696
vn 0.084979720413684845 -0.049730349332094193 -0.99514085054397583
vn 0.086541116237640381 -0.020195245742797852 -0.99604356288909912
vn 0.090654633939266205 0.065885946154594421 -0.99370056390762329
vn 0.094161920249462128 0.15334036946296692 -0.98367691040039062
vn 0.096186645328998566 0.21399053931236267 -0.97208857536315918
vn 0.097209088504314423 0.24939154088497162 -0.96351140737533569
vn 0.097443707287311554 0.25815883278846741 -0.96117568016052246
vn 0.097525261342525482 0.261273592710495 -0.96032541990280151
vn 0.097465105354785919 0.25897243618965149 -0.96095466613769531
vn 0.097266070544719696 0.25149539113044739 -0.96295863389968872
vn 0.096923701465129852 0.23908238112926483 -0.96614980697631836
vn 0.096427656710147858 0.22197453677654266 -0.97027266025543213
vn 0.095844849944114685 0.2029929906129837 -0.97447812557220459
vn 0.095749117434024811 0.19997654855251312 -0.97511100769042969
vn 0.094839669764041901 0.17254237830638885 -0.98042571544647217
vn 0.093648284673690796 0.13938497006893158 -0.98580008745193481
vn 0.092113383114337921 0.10022803395986557 -0.9906914234161377
vn 0.090160667896270752 0.054782617837190628 -0.9944193959236145
vn 0.08770308643579483 0.0027874673251062632 -0.99614274501800537
vn 0.0863756462931633 -0.023395407944917679 -0.99598789215087891
vn -0.066762462258338928 -0.97717171907424927 0.20168851315975189
vn -0.04650115966796875 -0.99808675050735474 -0.040748938918113708
vn -0.023467276245355606 -0.959492027759552 -0.28075677156448364
vn 0.00096581864636391401 -0.86368864774703979 -0.50402480363845825
vn 0.025341326370835304 -0.71638882160186768 -0.69724094867706299
vn 0.070878610014915466 -0.26974651217460632 -0.96031922101974487
vn 0.050972841680049896 -0.49931904673576355 -0.86491745710372925
vn 0.027896491810679436 -0.69783329963684082 -0.71571677923202515
vn 0.0030849464237689972 -0.85294139385223389 -0.52199751138687134
vn -0.021918486803770065 -0.95499551296234131 -0.29580938816070557
vn -0.045558560639619827 -0.99764764308929443 -0.051221504807472229
vn -0.066364839673042297 -0.97824478149414062 0.19655241072177887
vn -0.083043135702610016 -0.89799386262893677 0.43210050463676453
vn -0.079083755612373352 -0.89818543195724487 0.43244507908821106
vn -0.083348840475082397 -0.89562541246414185 0.4369303286075592
vn -0.083196289837360382 -0.89681291580200195 0.43451699614524841
vn -0.081064417958259583 -0.89809137582778931 0.43227356672286987
vn -0.082280218601226807 -0.89626836776733398 0.43581297993659973
vn -0.081213153898715973 -0.89690941572189331 0.43469294905662537
vn -0.08014766126871109 -0.8975483775138855 0.43357032537460327
vn -0.083043135702610016 -0.89799386262893677 0.43210050463676453
vn -0.083043135702610016 -0.89799386262893677 0.43210050463676453
vn -0.083348840475082397 -0.89562541246414185 0.4369303286075592
vn -0.083196289837360382 -0.89681291580200195 0.43451699614524841
vn -0.092508293688297272 -0.79624170064926147 0.59786403179168701
vn -0.098465479910373688 -0.664295494556427 0.74095618724822998
vn -0.10068878531455994 -0.50715881586074829 0.85595077276229858
vn -0.083043135702610016 -0.89799386262893677 0.43210050463676453
vn -0.10069004446268082 -0.50647497177124023 0.85635542869567871
vn -0.10063284635543823 -0.46076092123985291 0.88180065155029297
vn -0.10035621374845505 -0.41965612769126892 0.9021182656288147
vn -0.099946156144142151 -0.38334551453590393 0.91818135976791382
vn -0.099472716450691223 -0.35194623470306396 0.93071961402893066
vn -0.098998747766017914 -0.32585343718528748 0.94022274017333984
vn -0.098991811275482178 -0.32549887895584106 0.94034624099731445
vn -0.098546460270881653 -0.30396410822868347 0.94757288694381714
vn -0.098162643611431122 -0.28701013326644897 0.9528847336769104
vn -0.097862407565116882 -0.27455738186836243 0.9565778374671936
vn -0.097671456634998322 -0.26695027947425842 0.95874804258346558
vn -0.097608685493469238 -0.2644977867603302 0.959433913230896
vn -0.097684361040592194 -0.26745712757110596 0.95860546827316284
vn -0.097898803651332855 -0.27603361010551453 0.95614916086196899
vn -0.098687678575515747 -0.31054845452308655 0.94542074203491211
vn -0.098998747766017914 -0.32585331797599792 0.94022274017333984
vn -0.099733203649520874 -0.36833053827285767 0.92432999610900879
vn -0.10057128965854645 -0.44839385151863098 0.8881601095199585
vn -0.100691057741642 -0.50589668750762939 0.85669708251953125
vn -0.1004912257194519 -0.5483473539352417 0.83019071817398071
vn -0.098467998206615448 -0.66420638561248779 0.74103569984436035
vn -0.092926628887653351 -0.78977799415588379 0.60631293058395386
vn -0.6622995138168335 -0.74839967489242554 -0.035459037870168686
vn -0.43535670638084412 -0.87797832489013672 -0.19904430210590363
vn -0.15484121441841125 -0.92411565780639648 -0.34933435916900635
vn 0.14487490057945251 -0.87364566326141357 -0.46449378132820129
vn 0.4219716489315033 -0.73591262102127075 -0.52950215339660645
vn 0.64166510105133057 -0.54213875532150269 -0.54254168272018433
vn -0.24634605646133423 -0.96298307180404663 0.10944055765867233
vn 0.0052113961428403854 -0.99609696865081787 -0.088111996650695801
vn 0.25885123014450073 -0.92490488290786743 -0.27847263216972351
vn 0.47953188419342041 -0.76179951429367065 -0.43555790185928345
vn 0.64166510105133057 -0.54213875532150269 -0.54254168272018433
vn 0.0099264215677976608 -0.92652463912963867 0.37610313296318054
vn 0.2222207635641098 -0.96522426605224609 0.13769562542438507
vn 0.41338753700256348 -0.90291988849639893 -0.1176709458231926
vn 0.55757564306259155 -0.75069665908813477 -0.35435000061988831
vn 0.64166510105133057 -0.54213875532150269 -0.54254168272018433
vn 0.56389594078063965 -0.52906674146652222 0.63412123918533325
vn 0.69131743907928467 -0.62866026163101196 0.35618314146995544
vn 0.74743974208831787 -0.66324657201766968 0.037917967885732651
vn 0.72627842426300049 -0.6296570897102356 -0.27577462792396545
vn 0.64166510105133057 -0.54213875532150269 -0.54254168272018433
vn 0.87198907136917114 -0.37420779466629028 0.31560033559799194
vn 0.87609928846359253 -0.48204636573791504 0.0090182032436132431
vn 0.79125392436981201 -0.53814750909805298 -0.29036954045295715
vn 0.64166510105133057 -0.54213875532150269 -0.54254168272018433
vn 0.95134830474853516 -0.29502317309379578 -0.088868916034698486
vn 0.82925611734390259 -0.44369721412658691 -0.33980441093444824
vn 0.64166510105133057 -0.54213875532150269 -0.54254168272018433
vn 0.91350901126861572 0.28312206268310547 -0.29213565587997437
vn 0.90566635131835938 -0.01394993718713522 -0.42376154661178589
vn 0.80618584156036377 -0.30174985527992249 -0.50893157720565796
vn 0.64166510105133057 -0.54213875532150269 -0.54254168272018433
vn 0.63727754354476929 0.63268750905990601 -0.439981609582901
vn 0.75345635414123535 0.35510334372520447 -0.55335801839828491
vn 0.79168999195098877 0.037309248000383377 -0.60978269577026367
vn 0.74862563610076904 -0.27586299180984497 -0.60287582874298096
vn 0.64166510105133057 -0.54213875532150269 -0.54254168272018433
vn 0.38100507855415344 0.59622907638549805 -0.70664417743682861
vn 0.53644698858261108 0.32423067092895508 -0.77916562557220459
vn 0.6371537446975708 0.015324248000979424 -0.77058440446853638
vn 0.6705818772315979 -0.28696584701538086 -0.68408375978469849
vn 0.64166510105133057 -0.54213875532150269 -0.54254168272018433
vn -0.17296446859836578 0.1987711638212204 -0.96466225385665894
vn 0.067350313067436218 -0.012333322316408157 -0.99765318632125854
vn 0.30310148000717163 -0.22434903681278229 -0.92617332935333252
vn 0.50187909603118896 -0.40800541639328003 -0.76265913248062134
vn 0.64166510105133057 -0.54213875532150269 -0.54254168272018433
vn -0.3863246738910675 -0.10171894729137421 -0.916736900806427
vn -0.11332131177186966 -0.26678580045700073 -0.95707035064697266
vn 0.17444196343421936 -0.40554925799369812 -0.89727354049682617
vn 0.43690359592437744 -0.49951496720314026 -0.74806421995162964
vn 0.64166510105133057 -0.54213875532150269 -0.54254168272018433
vn -0.51111257076263428 -0.41186553239822388 -0.75440752506256104
vn -0.21899065375328064 -0.5294153094291687 -0.81961119174957275
vn 0.099192917346954346 -0.59257245063781738 -0.79938644170761108
vn 0.39890137314796448 -0.59396529197692871 -0.69862931966781616
vn 0.64166510105133057 -0.54213875532150269 -0.54254168272018433
vn -0.6622995138168335 -0.74839967489242554 -0.035459037870168686
vn -0.43535670638084412 -0.87797832489013672 -0.19904430210590363
vn -0.15484121441841125 -0.92411565780639648 -0.34933435916900635
vn 0.14487490057945251 -0.87364566326141357 -0.46449378132820129
vn 0.4219716489315033 -0.73591262102127075 -0.52950215339660645
vn 0.64166510105133057 -0.54213875532150269 -0.54254168272018433
vn 0.47884920239448547 -0.4592100977897644 0.74821758270263672
vn 0.29444557428359985 -0.77415347099304199 0.56034648418426514
vn -0.09615769237279892 -0.8717617392539978 0.48040106892585754
vn 0.19916626811027527 -0.7136041522026062 0.67164117097854614
vn 0.63505584001541138 -0.5858498215675354 0.50347203016281128
vn 0.46314916014671326 -0.83619767427444458 0.2937113344669342
vn 0.11623314023017883 -0.95809084177017212 0.26182398200035095
vn 0.38270086050033569 -0.81538695096969604 0.43437793850898743
vn 0.72908222675323486 -0.65466326475143433 0.19963748753070831
vn 0.58495700359344482 -0.81103771924972534 -0.0065693454816937447
vn 0.32212641835212708 -0.94664287567138672 0.010092832148075104
vn 0.53113919496536255 -0.83470833301544189 0.14544126391410828
vn 0.74610048532485962 -0.65445846319198608 -0.1225486621260643
vn 0.64422154426574707 -0.70429438352584839 -0.29824155569076538
vn 0.49263185262680054 -0.83631527423858643 -0.24060477316379547
vn 0.62281352281570435 -0.76659786701202393 -0.15630427002906799
vn -0.28599399328231812 0.29626792669296265 -0.91128081083297729
vn 0.096485920250415802 0.44385793805122375 -0.8908875584602356
vn 0.28901293873786926 0.70881956815719604 -0.64346432685852051
vn -0.0063110445626080036 0.55066204071044922 -0.83470445871353149
vn -0.055054150521755219 0.095810070633888245 -0.99387598037719727
vn 0.29551860690116882 0.19520406424999237 -0.93518131971359253
vn 0.46376854181289673 0.46805110573768616 -0.75222796201705933
vn 0.19730083644390106 0.3253471851348877 -0.9247819185256958
vn -0.55835074186325073 -0.82137185335159302 -0.11658799648284912
vn -0.52833032608032227 -0.68445158004760742 -0.5023874044418335
vn -0.63698351383209229 -0.3375580906867981 -0.69304150342941284
vn -0.65485513210296631 -0.62049579620361328 -0.43145075440406799
vn -0.30079880356788635 -0.9126245379447937 -0.27683296799659729
vn -0.23357050120830536 -0.76023882627487183 -0.60620272159576416
vn -0.37174832820892334 -0.47608450055122375 -0.79696094989776611
vn -0.38787367939949036 -0.73137623071670532 -0.56093037128448486
vn -0.0049864519387483597 -0.91097986698150635 -0.41242066025733948
vn 0.088810347020626068 -0.75694608688354492 -0.64741438627243042
vn -0.060638066381216049 -0.56856518983840942 -0.82040029764175415
vn -0.073286533355712891 -0.76881170272827148 -0.6352618932723999
vn 0.28889268636703491 -0.8141028881072998 -0.50376331806182861
vn 0.39365798234939575 -0.67697709798812866 -0.62188053131103516
vn 0.25423058867454529 -0.60083311796188354 -0.75786960124969482
vn 0.24635264277458191 -0.72555476427078247 -0.64255785942077637
vn -0.36216229200363159 -0.90960472822189331 0.20361177623271942
vn -0.35135844349861145 -0.93527853488922119 -0.042441748082637787
vn -0.55835074186325073 -0.82137185335159302 -0.11658799648284912
vn -0.47116261720657349 -0.88084805011749268 0.045961640775203705
vn -0.1237800195813179 -0.99223613739013672 0.012079926207661629
vn -0.083712205290794373 -0.97263699769973755 -0.21672464907169342
vn -0.30079880356788635 -0.9126245379447937 -0.27683296799659729
vn -0.22212985157966614 -0.96628934144973755 -0.13016614317893982
vn 0.13386410474777222 -0.97342586517333984 -0.18580222129821777
vn 0.19552713632583618 -0.90819859504699707 -0.3700600266456604
vn -0.0049864519387483597 -0.91097986698150635 -0.41242066025733948
vn 0.056720145046710968 -0.95307362079620361 -0.29737764596939087
vn 0.375374436378479 -0.852996826171875 -0.3626161515712738
vn 0.44755199551582336 -0.75336253643035889 -0.4818112850189209
vn 0.28889268636703491 -0.8141028881072998 -0.50376331806182861
vn 0.32732605934143066 -0.84032058715820312 -0.43210986256599426
vn -0.4747488796710968 -0.83631545305252075 0.27420791983604431
vn -0.22130405902862549 -0.80815231800079346 0.54581534862518311
vn 0.06285732239484787 -0.66781920194625854 0.74166464805603027
vn 0.33829423785209656 -0.4347940981388092 0.83457237482070923
vn 0.5667765736579895 -0.14142043888568878 0.81164312362670898
vn 0.59985160827636719 -0.16621494293212891 0.78265613317489624
vn 0.65372741222381592 -0.20176041126251221 0.72933751344680786
vn 0.7819361686706543 -0.25486022233963013 0.5688779354095459
vn 0.80593419075012207 -0.25820460915565491 0.53272926807403564
vn 0.91213816404342651 -0.2308952808380127 0.33866116404533386
vn 0.97976177930831909 -0.13137343525886536 0.15102262794971466
vn 0.9996030330657959 -0.014340545982122421 0.024252358824014664
vn 0.99253636598587036 0.10310234874486923 -0.065126523375511169
vn 0.99114358425140381 0.11221958696842194 -0.071000881493091583
vn 0.90970736742019653 0.36882737278938293 -0.1907849907875061
vn 0.87793028354644775 0.43105897307395935 -0.20839034020900726
vn 0.82275772094726562 0.52136808633804321 -0.22637373208999634
vn 0.77386081218719482 0.58871185779571533 -0.23357617855072021
vn 0.59400707483291626 0.77427732944488525 -0.21828937530517578
vn 0.52765661478042603 0.82540106773376465 -0.20072753727436066
vn 0.29967895150184631 0.82835471630096436 -0.47330859303474426
vn 0.033856909722089767 0.72670120000839233 -0.68611884117126465
vn -0.2362406849861145 0.53327769041061401 -0.81228393316268921
vn -0.4765051007270813 0.27251031994819641 -0.83587139844894409
vn -0.65659505128860474 -0.022670475766062737 -0.75390255451202393
vn -0.75376814603805542 -0.31498837471008301 -0.57672858238220215
vn -0.75575321912765503 -0.56752860546112061 -0.32672363519668579
vn 0.52765661478042603 0.82540106773376465 -0.20072753727436066
vn -0.6622995138168335 -0.74839967489242554 -0.035459037870168686
vn -0.6622995138168335 -0.74839967489242554 -0.035459037870168686
vn 0.4884164035320282 0.83422750234603882 -0.25595688819885254
vn 0.41385623812675476 0.84028893709182739 -0.35019633173942566
vn 0.32069116830825806 0.83220976591110229 -0.45230966806411743
vn 0.21089409291744232 0.80481570959091187 -0.55479311943054199
vn 0.19479747116565704 0.79936838150024414 -0.56838732957839966
vn 0.092308558523654938 0.75681442022323608 -0.64707887172698975
vn 0.08653637021780014 0.75402599573135376 -0.65111923217773438
vn -0.050464190542697906 0.67599457502365112 -0.73517662286758423
vn -0.12326228618621826 0.62528353929519653 -0.77060168981552124
vn -0.19884571433067322 0.56559586524963379 -0.80035096406936646
vn -0.27735421061515808 0.49548599123954773 -0.82314532995223999
vn -0.35924798250198364 0.41253477334976196 -0.83711165189743042
vn -0.38681375980377197 0.38207852840423584 -0.83928012847900391
vn -0.44569030404090881 0.31212374567985535 -0.83901065587997437
vn -0.45366674661636353 0.3020825982093811 -0.83841073513031006
vn -0.53983348608016968 0.18325605988502502 -0.82158201932907104
vn -0.6589476466178894 -0.027679815888404846 -0.75167936086654663
vn -0.6738620400428772 -0.060660086572170258 -0.73636287450790405
vn -0.74183547496795654 -0.25902855396270752 -0.61853402853012085
vn -0.76072496175765991 -0.35966366529464722 -0.54031431674957275
vn -0.76338750123977661 -0.38299828767776489 -0.52014601230621338
vn -0.76042395830154419 -0.54200303554534912 -0.35775431990623474
vn -0.73284429311752319 -0.64206504821777344 -0.22514811158180237
vn -0.69323676824569702 -0.71259874105453491 -0.10782294720411301
vn -0.68049407005310059 -0.72873598337173462 -0.076626881957054138
vn -0.75575321912765503 -0.56752860546112061 -0.32672363519668579
vn -0.75376814603805542 -0.31498837471008301 -0.57672858238220215
vn -0.65659505128860474 -0.022670475766062737 -0.75390255451202393
vn -0.4765051007270813 0.27251031994819641 -0.83587139844894409
vn -0.2362406849861145 0.53327769041061401 -0.81228393316268921
vn 0.033856909722089767 0.72670120000839233 -0.68611884117126465
vn 0.29967895150184631 0.82835471630096436 -0.47330859303474426
vn -0.6622995138168335 -0.74839967489242554 -0.035459037870168686
vn -0.6622995138168335 -0.74839967489242554 -0.035459037870168686
vn 0.5667765736579895 -0.14142043888568878 0.81164312362670898
vn 0.33829423785209656 -0.4347940981388092 0.83457237482070923
vn 0.06285732239484787 -0.66781920194625854 0.74166464805603027
vn -0.22130405902862549 -0.80815231800079346 0.54581534862518311
vn -0.4747488796710968 -0.83631545305252075 0.27420791983604431
vn -0.6622995138168335 -0.74839967489242554 -0.035459037870168686
vn -0.6449543833732605 -0.76422059535980225 0.00086427014321088791
vn -0.58946925401687622 -0.80114752054214478 0.10338611155748367
vn -0.52767974138259888 -0.82539451122283936 0.20069365203380585
vn -0.46030804514884949 -0.83801805973052979 0.29298844933509827
vn -0.32534471154212952 -0.83296877145767212 0.44756433367729187
vn -0.31173792481422424 -0.83065211772918701 0.46134215593338013
vn -0.19479718804359436 -0.79936826229095459 0.56838756799697876
vn -0.15059269964694977 -0.78265368938446045 0.6039661169052124
vn 0.014234188944101334 -0.69883018732070923 0.71514594554901123
vn 0.16104617714881897 -0.59636539220809937 0.78639203310012817
vn 0.17212212085723877 -0.58754265308380127 0.79067540168762207
vn 0.31213974952697754 -0.46155655384063721 0.83038204908370972
vn 0.38681599497795105 -0.38207602500915527 0.83928024768829346
vn 0.42512762546539307 -0.33736348152160645 0.83991211652755737
vn 0.44441547989845276 -0.31371527910232544 0.83909332752227783
vn 0.50544619560241699 -0.23314440250396729 0.83076339960098267
vn 0.55193018913269043 -0.1647975891828537 0.8174440860748291
vn -0.6622995138168335 -0.74839967489242554 -0.035459037870168686
vn 0.96902477741241455 0.10611263662576675 0.22300474345684052
vn 0.93445849418640137 -0.34862092137336731 0.072462365031242371
vn 0.86382126808166504 -0.45578274130821228 0.21465077996253967
vn 0.75923293828964233 -0.54777467250823975 0.35143738985061646
vn 0.62471491098403931 -0.61929458379745483 0.47561070322990417
vn 0.46582657098770142 -0.66694086790084839 0.58154577016830444
vn 0.29214149713516235 -0.68859624862670898 0.6636931300163269
vn 0.75776129961013794 -0.62440276145935059 -0.18952317535877228
vn 0.69673341512680054 -0.71656668186187744 -0.033087138086557388
vn 0.60824453830718994 -0.78343123197555542 0.12756983935832977
vn 0.49574661254882812 -0.8205830454826355 0.28439190983772278
vn 0.36390146613121033 -0.82602143287658691 0.43042337894439697
vn 0.22063204646110535 -0.8002052903175354 0.55766743421554565
vn 0.074567027390003204 -0.74694281816482544 0.6606937050819397
vn 0.44154945015907288 -0.80773484706878662 -0.39063853025436401
vn 0.39771819114685059 -0.88992857933044434 -0.22326518595218658
vn 0.33804047107696533 -0.94008910655975342 -0.044283926486968994
vn 0.26494899392127991 -0.95439398288726807 0.13760124146938324
vn 0.18149948120117188 -0.93177378177642822 0.31441304087638855
vn 0.092660993337631226 -0.87439990043640137 0.4762759804725647
vn 0.0036531805526465178 -0.78805696964263916 0.61559146642684937
vn 0.0326521135866642 -0.86699718236923218 -0.49724209308624268
vn 0.011058044619858265 -0.94596803188323975 -0.32407131791114807
vn -0.011363700032234192 -0.99072897434234619 -0.13537703454494476
vn -0.033498171716928482 -0.99764853715896606 0.059793125838041306
vn -0.054366733878850937 -0.9659583568572998 0.25292038917541504
vn -0.072819925844669342 -0.89838337898254395 0.43313345313072205
vn -0.088046371936798096 -0.80134713649749756 0.59168452024459839
vn -0.38591668009757996 -0.78555011749267578 -0.48371404409408569
vn -0.38474762439727783 -0.86895030736923218 -0.31127896904945374
vn -0.36903217434883118 -0.92113220691680908 -0.12381727248430252
vn -0.33900439739227295 -0.93820172548294067 0.069667018949985504
vn -0.29581180214881897 -0.91897684335708618 0.26072382926940918
vn -0.24221490323543549 -0.86542171239852905 0.43860825896263123
vn -0.18191485106945038 -0.78308182954788208 0.594718337059021
vn -0.72873014211654663 -0.58454930782318115 -0.35672754049301147
vn -0.70891773700714111 -0.67888057231903076 -0.19119837880134583
vn -0.66196745634078979 -0.74937629699707031 -0.015306858345866203
vn -0.58921808004379272 -0.79149466753005981 0.1623523086309433
vn -0.49355852603912354 -0.80303257703781128 0.33397409319877625
vn -0.3809516429901123 -0.78407657146453857 0.48999977111816406
vn -0.2587943971157074 -0.73800522089004517 0.62319636344909668
vn -0.94359785318374634 -0.29993429780006409 -0.1402231752872467
vn -0.91210025548934937 -0.40974387526512146 0.01353177335113287
vn -0.84557265043258667 -0.5061718225479126 0.1696968674659729
vn -0.74604636430740356 -0.58375906944274902 0.32037514448165894
vn -0.61750167608261108 -0.63885670900344849 0.45886135101318359
vn -0.46790871024131775 -0.66889274120330811 0.57761919498443604
vn -0.30698075890541077 -0.67417728900909424 0.6717497706413269
vn -0.98798501491546631 0.15454855561256409 -0.00060500187100842595
vn -0.98257982730865479 -0.031541608273983002 0.1831449419260025
vn -0.95880794525146484 -0.11444374918937683 0.259980708360672
vn -0.86738747358322144 -0.28430554270744324 0.4084230363368988
vn -0.7750777006149292 -0.39126643538475037 0.49615034461021423
vn -0.586844801902771 -0.53483885526657104 0.60791492462158203
vn -0.46031942963600159 -0.59837114810943604 0.65578806400299072
vn -0.30795103311538696 -0.64990568161010742 0.69483006000518799
vn -0.19599123299121857 -0.67292743921279907 0.7132713794708252
vn -0.16447006165981293 -0.67729806900024414 0.71708923578262329
vn -0.1327984631061554 -0.68079507350921631 0.72033506631851196
vn -0.093904994428157806 -0.68385076522827148 0.72355371713638306
vn -0.065986350178718567 -0.68521362543106079 0.72534686326980591
vn -0.038032785058021545 -0.68587857484817505 0.72672146558761597
vn 0.040087524801492691 -0.68408805131912231 0.72829705476760864
vn 0.11789703369140625 -0.67686927318572998 0.72660046815872192
vn 0.27048054337501526 -0.64631325006484985 0.71352607011795044
vn 0.46071559190750122 -0.57424432039260864 0.67674559354782104
vn 0.62954205274581909 -0.47004801034927368 0.61865311861038208
vn 0.75562423467636108 -0.35547176003456116 0.55015617609024048
vn 0.81039828062057495 -0.29009932279586792 0.50901573896408081
vn 0.87593847513198853 -0.19039157032966614 0.44326385855674744
vn 0.91931384801864624 -0.10030583292245865 0.38052695989608765
vn 0.9595986008644104 0.035708636045455933 0.27909749746322632
vn 0.99083846807479858 -0.13371273875236511 0.018974939361214638
vn 0.91394460201263428 -0.3602176308631897 -0.18694515526294708
vn 0.74600344896316528 -0.55083757638931274 -0.37424170970916748
vn 0.50374519824981689 -0.68658292293548584 -0.52425622940063477
vn 0.21130378544330597 -0.75393080711364746 -0.62204426527023315
vn -0.10218776017427444 -0.74617189168930054 -0.65786409378051758
vn -0.40549933910369873 -0.66407918930053711 -0.62814736366271973
vn -0.66841500997543335 -0.51583075523376465 -0.53585445880889893
vn -0.86474299430847168 -0.31619518995285034 -0.39017963409423828
vn -0.97492510080337524 -0.085060171782970428 -0.20563502609729767
vn 0.19037117063999176 -0.65812373161315918 -0.72844493389129639
vn 0.17780354619026184 -0.75676852464675903 -0.62903684377670288
vn -0.16855074465274811 -0.73477905988693237 -0.65703147649765015
vn -0.053298301994800568 -0.7523689866065979 -0.65658217668533325
vn 0.062678612768650055 -0.75973218679428101 -0.64720815420150757
vn 0.11187281459569931 -0.67802375555038452 -0.72647660970687866
vn 0.033504113554954529 -0.69622355699539185 -0.71704274415969849
vn -0.044064156711101532 -0.71248757839202881 -0.70029979944229126
vn -0.1201460212469101 -0.72668099403381348 -0.67638719081878662
vn 0.18446119129657745 -0.70984995365142822 -0.67976987361907959
vn 0.81780797243118286 -0.48586374521255493 -0.3084259033203125
vn -0.56635576486587524 -0.58436852693557739 -0.58116650581359863
vn 0.81780797243118286 -0.48586374521255493 -0.3084259033203125
vn 0.97229105234146118 -0.22525139153003693 -0.062545575201511383
vn 0.97229105234146118 -0.22525139153003693 -0.062545575201511383
vn 0.81780797243118286 -0.48586374521255493 -0.3084259033203125
vn 0.97875159978866577 0.069653429090976715 0.19285672903060913
vn 0.97229105234146118 -0.22525139153003693 -0.062545575201511383
vn -0.83620607852935791 -0.35395413637161255 -0.41889837384223938
vn -0.56635576486587524 -0.58436852693557739 -0.58116650581359863
vn -0.83620607852935791 -0.35395413637161255 -0.41889837384223938
vn 0.17780354619026184 -0.75676852464675903 -0.62903684377670288
vn 0.062678612768650055 -0.75973218679428101 -0.64720815420150757
vn -0.053298301994800568 -0.7523689866065979 -0.65658217668533325
vn -0.16855074465274811 -0.73477905988693237 -0.65703147649765015
vn 0.96902477741241455 0.10611263662576675 0.22300474345684052
vn 0.95951610803604126 0.13538616895675659 0.24698053300380707
vn 0.95439362525939941 0.14946946501731873 0.25844079256057739
vn 0.95924901962280273 0.13614562153816223 0.2475997656583786
vn 0.97171157598495483 0.096868433058261871 0.2153906524181366
vn 0.978751540184021 0.06965366005897522 0.19285693764686584
vn 0.9790884256362915 0.068212144076824188 0.19165848195552826
vn 0.98347741365432739 0.047773357480764389 0.17461343109607697
vn 0.98602330684661865 0.034028075635433197 0.16309545934200287
vn 0.99150937795639038 -0.0052622966468334198 0.12992879748344421
vn 0.99450445175170898 -0.049198508262634277 0.092414572834968567
vn 0.99395722150802612 -0.097286470234394073 0.050836656242609024
vn 0.98882079124450684 -0.14900738000869751 0.0055008167400956154
vn 0.97778958082199097 -0.204872727394104 -0.044211450964212418
vn 0.9589543342590332 -0.26563835144042969 -0.099211454391479492
vn 0.93000775575637817 -0.33107304573059082 -0.15961255133152008
vn 0.88797855377197266 -0.40080550312995911 -0.22549726068973541
vn 0.83318644762039185 -0.46948567032814026 -0.29220467805862427
vn -0.402952641248703 -0.66511189937591553 -0.6286933422088623
vn -0.56635594367980957 -0.58436846733093262 -0.58116644620895386
vn -0.61306649446487427 -0.55505150556564331 -0.56219857931137085
vn -0.70698589086532593 -0.48514005541801453 -0.51459705829620361
vn -0.79155373573303223 -0.40541321039199829 -0.45725575089454651
vn -0.85351604223251343 -0.33158966898918152 -0.40194365382194519
vn -0.89918029308319092 -0.26348504424095154 -0.34935709834098816
vn -0.93254005908966064 -0.20099662244319916 -0.29994896054267883
vn -0.95641285181045532 -0.14403510093688965 -0.25402435660362244
vn -0.97292464971542358 -0.092515513300895691 -0.21179826557636261
vn -0.97875100374221802 -0.069655910134315491 -0.19285880029201508
vn -0.98391765356063843 -0.045517165213823318 -0.1727258712053299
vn -0.9906427264213562 -0.0024399834219366312 -0.13645893335342407
vn -0.99397122859954834 0.036333199590444565 -0.10344603657722473
vn -0.99475890398025513 0.07042425125837326 -0.074129596352577209
vn -0.99383682012557983 0.09946431964635849 -0.04894067719578743
vn -0.99199116230010986 0.12309756129980087 -0.028293011710047722
vn -0.98824799060821533 0.15284456312656403 -0.0021113462280482054
vn -0.98753213882446289 0.15740592777729034 0.0019225674914196134
vn -0.98798501491546631 0.15454855561256409 -0.00060500187100842595
vn -0.97492510080337524 -0.085060171782970428 -0.20563502609729767
vn -0.86474299430847168 -0.31619518995285034 -0.39017963409423828
vn -0.66841500997543335 -0.51583075523376465 -0.53585445880889893
vn -0.40549933910369873 -0.66407918930053711 -0.62814736366271973
vn -0.10218776017427444 -0.74617189168930054 -0.65786409378051758
vn 0.21130378544330597 -0.75393080711364746 -0.62204426527023315
vn 0.50374519824981689 -0.68658292293548584 -0.52425622940063477
vn 0.74600344896316528 -0.55083757638931274 -0.37424170970916748
vn 0.91394460201263428 -0.3602176308631897 -0.18694515526294708
vn 0.99083846807479858 -0.13371273875236511 0.018974939361214638
vn 0.6572643518447876 -0.61234384775161743 -0.43936151266098022
vn 0.43335402011871338 -0.71049350500106812 -0.55443954467773438
vn 0.17780354619026184 -0.75676852464675903 -0.62903684377670288
vn -0.21028295159339905 -0.72581815719604492 -0.65495729446411133
vn 0.83318644762039185 -0.46948567032814026 -0.29220467805862427
vn 0.17780354619026184 -0.75676852464675903 -0.62903684377670288
vn 0.82938235998153687 -0.47008818387985229 -0.30189728736877441
vn 0.81981515884399414 -0.47178599238395691 -0.32453218102455139
vn 0.74982386827468872 -0.48875677585601807 -0.44596076011657715
vn 0.65220719575881958 -0.5179903507232666 -0.55345439910888672
vn 0.53533762693405151 -0.5552828311920166 -0.63645470142364502
vn 0.42551952600479126 -0.59005546569824219 -0.68612515926361084
vn 0.40497726202011108 -0.59641087055206299 -0.6930277943611145
vn 0.19037117063999176 -0.65812373161315918 -0.72844493389129639
vn 0.18446119129657745 -0.70984995365142822 -0.67976987361907959
vn 0.43335402011871338 -0.71049350500106812 -0.55443954467773438
vn 0.6572643518447876 -0.61234384775161743 -0.43936151266098022
vn 0.36006367206573486 -0.8278508186340332 0.43013620376586914
vn 0.77222806215286255 -0.63351160287857056 0.048238202929496765
vn 0.54775911569595337 -0.69563877582550049 0.46480819582939148
vn 0.65413743257522583 -0.66004681587219238 0.36938118934631348
vn 0.59733867645263672 -0.57292598485946655 0.56119716167449951
vn 0.53674054145812988 -0.30343616008758545 0.78729671239852905
vn 0.40354371070861816 -0.76077687740325928 0.50830215215682983
vn 0.44197967648506165 -0.68419367074966431 0.58011460304260254
vn 0.47489121556282043 -0.59905856847763062 0.64467602968215942
vn 0.50186693668365479 -0.5064355731010437 0.70117944478988647
vn 0.52256959676742554 -0.40748250484466553 0.74891853332519531
vn 0.73107153177261353 -0.67449778318405151 0.10289407521486282
vn 0.68576288223266602 -0.71083557605743408 0.15633964538574219
vn 0.63687241077423096 -0.74234819412231445 0.20811694860458374
vn 0.58500677347183228 -0.76895684003829956 0.2578226625919342
vn 0.53078758716583252 -0.7906760573387146 0.30511623620986938
vn 0.47483262419700623 -0.80760550498962402 0.34972465038299561
vn 0.41773787140846252 -0.81991881132125854 0.39144369959831238
vn 0.55874574184417725 -0.32255846261978149 0.76404142379760742
vn 0.56406116485595703 -0.32727923989295959 0.75810509920120239
vn 0.61221343278884888 -0.37212413549423218 0.69765204191207886
vn 0.65438276529312134 -0.41521385312080383 0.63196569681167603
vn 0.69045591354370117 -0.45613431930541992 0.56143754720687866
vn 0.72031706571578979 -0.49447143077850342 0.48645788431167603
vn 0.72990769147872925 -0.50811994075775146 0.45721858739852905
vn 0.7469482421875 -0.53499042987823486 0.39478299021720886
vn 0.7631460428237915 -0.56641769409179688 0.31109338998794556
vn 0.77268964052200317 -0.59353077411651611 0.22510425746440887
vn 0.77568483352661133 -0.61600089073181152 0.13731671869754791
vn -0.53043299913406372 0.35639449954032898 -0.76917088031768799
vn -0.87301117181777954 -0.13874465227127075 -0.46754831075668335
vn -0.7754509449005127 -0.13317787647247314 -0.61720293760299683
vn -0.6583477258682251 -0.1238194927573204 -0.74246013164520264
vn -0.9072110652923584 -0.41821020841598511 -0.045478429645299911
vn -0.85227710008621216 -0.47941243648529053 -0.20925453305244446
vn -0.76875960826873779 -0.5244976282119751 -0.36593839526176453
vn -0.66238945722579956 -0.55152952671051025 -0.50700628757476807
vn -0.54022175073623657 -0.56091076135635376 -0.6273273229598999
vn -0.74745863676071167 -0.55351549386978149 0.36732292175292969
vn -0.66877579689025879 -0.68743062019348145 0.28315731883049011
vn -0.56512129306793213 -0.80364388227462769 0.18653281033039093
vn -0.44254201650619507 -0.89283418655395508 0.083687871694564819
vn -0.30860432982444763 -0.95099300146102905 -0.019383653998374939
vn -0.1705891489982605 -0.97826778888702393 -0.11786212772130966
vn -0.64390546083450317 -0.55329549312591553 0.52844089269638062
vn -0.53449630737304688 -0.68714535236358643 0.49208226799964905
vn -0.40340384840965271 -0.80330032110214233 0.43814831972122192
vn -0.25882619619369507 -0.89244389533996582 0.36953061819076538
vn -0.10936328768730164 -0.95056968927383423 0.29061469435691833
vn 0.037576675415039062 -0.9778255820274353 0.20602229237556458
vn -0.55349576473236084 -0.48006108403205872 0.68057608604431152
vn -0.41726016998291016 -0.59218078851699829 0.68935900926589966
vn -0.2622123658657074 -0.6889311671257019 0.67573553323745728
vn -0.098428413271903992 -0.76251715421676636 0.63943678140640259
vn 0.064589165151119232 -0.80966329574584961 0.58332973718643188
vn 0.21932114660739899 -0.83060741424560547 0.51184916496276855
vn -0.30961975455284119 -0.29784324765205383 0.90300887823104858
vn -0.13257730007171631 -0.33445033431053162 0.93304139375686646
vn 0.048840887844562531 -0.35981631278991699 0.93174397945404053
vn 0.22430369257926941 -0.37293156981468201 0.90033876895904541
vn 0.38618993759155273 -0.37431269884109497 0.84305834770202637
vn 0.51037502288818359 0.22675205767154694 0.82951843738555908
vn -0.61955946683883667 -0.74868214130401611 0.23584133386611938
vn -0.72274458408355713 -0.68990957736968994 -0.04080483689904213
vn -0.88346320390701294 -0.45070493221282959 -0.12789767980575562
vn -0.79965579509735107 -0.59299319982528687 0.094391100108623505
vn -0.76441943645477295 -0.64415735006332397 0.026912027969956398
vn -0.50570434331893921 -0.8520045280456543 0.13546746969223022
vn -0.62160682678222656 -0.76362866163253784 -0.17457450926303864
vn -0.81376659870147705 -0.50416731834411621 -0.28913527727127075
vn -0.67480343580245972 -0.72998976707458496 -0.10842156410217285
vn -0.23966740071773529 -0.96836709976196289 -0.069460421800613403
vn -0.37348496913909912 -0.8318668007850647 -0.41049560904502869
vn -0.60281068086624146 -0.55833721160888672 -0.56998145580291748
vn -0.50280129909515381 -0.81086868047714233 -0.29947090148925781
vn -0.4390011727809906 -0.82453626394271851 -0.35695639252662659
vn -0.10216131061315536 -0.98112863302230835 -0.1641635000705719
vn -0.4755503237247467 -0.55953019857406616 -0.67880618572235107
vn -0.30711907148361206 -0.83323979377746582 -0.45977088809013367
vn 0.54450422525405884 -0.072638407349586487 0.83560687303543091
vn 0.52917259931564331 -0.36543065309524536 0.76579165458679199
vn 0.46577271819114685 -0.62502843141555786 0.62641459703445435
vn 0.36006367206573486 -0.8278508186340332 0.43013620376586914
vn -0.69857192039489746 0.22712564468383789 -0.67853611707687378
vn -0.76495760679244995 0.16021683812141418 -0.62383520603179932
vn -0.81561803817749023 0.099459394812583923 -0.56997811794281006
vn -0.86699992418289185 0.024434499442577362 -0.49770885705947876
vn -0.89849334955215454 -0.032794352620840073 -0.43776053190231323
vn -0.95107787847518921 -0.1895018070936203 -0.24400798976421356
vn -0.95392918586730957 -0.20960749685764313 -0.21467152237892151
vn -0.95453739166259766 -0.21517743170261383 -0.20629344880580902
vn -0.95578783750534058 -0.2306094616651535 -0.18245242536067963
vn -0.95341843366622925 -0.29182517528533936 -0.076363161206245422
vn -0.92946797609329224 -0.36007168889045715 0.080235272645950317
vn -0.9288896918296814 -0.36097750067710876 0.08282008022069931
vn -0.88876587152481079 -0.399640291929245 0.22446128726005554
vn -0.83267796039581299 -0.41649273037910461 0.36494001746177673
vn -0.82576274871826172 -0.41699260473251343 0.37978020310401917
vn -0.79879212379455566 -0.41668161749839783 0.43394419550895691
vn -0.68723857402801514 -0.39043626189231873 0.61258691549301147
vn -0.65224874019622803 -0.37705579400062561 0.65757167339324951
vn -0.63847720623016357 -0.37135037779808044 0.67412596940994263
vn -0.63817757368087769 -0.37122392654418945 0.67447918653488159
vn -0.40152484178543091 -0.25259554386138916 0.88032567501068115
vn -0.28671717643737793 -0.18956217169761658 0.93907374143600464
vn -0.23023796081542969 -0.15844075381755829 0.96014946699142456
vn -0.20701821148395538 -0.14567987620830536 0.9674299955368042
vn -0.1367361843585968 -0.10725125670433044 0.98478442430496216
vn 0.1241065040230751 0.031178480014204979 0.99177896976470947
vn 0.18500468134880066 0.062486689537763596 0.98074907064437866
vn 0.25261270999908447 0.096875548362731934 0.96270555257797241
vn 0.37873199582099915 0.1603495180606842 0.91150981187820435
vn 0.4700600802898407 0.20628610253334045 0.85818970203399658
vn 0.50113093852996826 0.22204197943210602 0.83640009164810181
vn 0.19217026233673096 -0.97035050392150879 0.1465962678194046
vn -0.00049183156806975603 -0.98778241872787476 -0.15583835542201996
vn -0.19309054315090179 -0.87789982557296753 -0.43818709254264832
vn -0.36080193519592285 -0.65486538410186768 -0.66405820846557617
vn -0.48200985789299011 -0.34742575883865356 -0.80433934926986694
vn -0.54109185934066772 0.0047932630404829979 -0.84094983339309692
vn 0.36006367206573486 -0.8278508186340332 0.43013620376586914
vn 0.36006367206573486 -0.8278508186340332 0.43013620376586914
vn 0.36006367206573486 -0.8278508186340332 0.43013620376586914
vn 0.36006367206573486 -0.8278508186340332 0.43013620376586914
vn -0.54259485006332397 0.22969074547290802 -0.80798083543777466
vn -0.53490906953811646 0.32047367095947266 -0.7817729115486145
vn -0.5147443413734436 0.44930562376976013 -0.73017990589141846
vn -0.4909629225730896 0.54730260372161865 -0.67780178785324097
vn -0.4794171154499054 0.58532989025115967 -0.65387165546417236
vn -0.46924367547035217 0.61539232730865479 -0.63332664966583252
vn -0.45418164134025574 0.65523743629455566 -0.60364139080047607
vn -0.45010665059089661 0.6652076244354248 -0.59573721885681152
vn -0.44856122136116028 0.66890764236450195 -0.59275239706039429
vn -0.44952374696731567 0.66660827398300171 -0.59461063146591187
vn -0.45283219218254089 0.65857416391372681 -0.60101836919784546
vn -0.45820760726928711 0.64506810903549194 -0.61150056123733521
vn -0.46528872847557068 0.62634915113449097 -0.6254543662071228
vn -0.47184634208679199 0.60796952247619629 -0.63854062557220459
vn -0.47383409738540649 0.60218077898025513 -0.64254146814346313
vn -0.48363965749740601 0.57195621728897095 -0.66253960132598877
vn -0.49430596828460693 0.53535383939743042 -0.68487799167633057
vn -0.5053555965423584 0.49206763505935669 -0.70886188745498657
vn -0.51624161005020142 0.44181567430496216 -0.73368489742279053
vn -0.52635431289672852 0.38434755802154541 -0.75843793153762817
vn -0.53043299913406372 0.35639449954032898 -0.76917088031768799
vn 0.25267165899276733 -0.93571829795837402 0.24614691734313965
vn 0.13087214529514313 -0.99023061990737915 0.048122193664312363
vn 0.0016102540539577603 -0.98827952146530151 -0.15264646708965302
vn -0.12774345278739929 -0.92997622489929199 -0.34471115469932556
vn -0.24981316924095154 -0.81864523887634277 -0.51712024211883545
vn -0.35763841867446899 -0.66063463687896729 -0.66004288196563721
vn -0.44507095217704773 -0.46495437622070312 -0.76532953977584839
vn -0.50712531805038452 -0.24276214838027954 -0.8269767165184021
vn -0.54026311635971069 -0.0067275022156536579 -0.84146928787231445
vn -0.54109185934066772 0.0047932630404829979 -0.84094983339309692
vn -0.48200985789299011 -0.34742575883865356 -0.80433934926986694
vn -0.36080193519592285 -0.65486538410186768 -0.66405820846557617
vn -0.19309054315090179 -0.87789982557296753 -0.43818709254264832
vn -0.00049183156806975603 -0.98778241872787476 -0.15583835542201996
vn 0.19217026233673096 -0.97035050392150879 0.1465962678194046
vn -0.54259485006332397 0.22969074547290802 -0.80798083543777466
vn -0.42996636033058167 -0.087096348404884338 -0.89863407611846924
vn -0.31603825092315674 -0.074628949165344238 -0.94580674171447754
vn -0.35613334178924561 -0.41799864172935486 -0.8357309103012085
vn -0.24384307861328125 -0.39819067716598511 -0.88429903984069824
vn -0.1412973552942276 -0.37554985284805298 -0.91596800088882446
vn -0.030372682958841324 -0.3465120792388916 -0.93755364418029785
vn 0.083082348108291626 -0.31207063794136047 -0.94641917943954468
vn -0.22512355446815491 -0.70127725601196289 -0.67640930414199829
vn -0.11573957651853561 -0.67518520355224609 -0.72851169109344482
vn -0.017408723011612892 -0.64343065023422241 -0.76530641317367554
vn 0.087397485971450806 -0.60116308927536011 -0.79433280229568481
vn 0.19296865165233612 -0.5496746301651001 -0.81278592348098755
vn 0.29702523350715637 -0.48965930938720703 -0.81976205110549927
vn -0.058728445321321487 -0.89232158660888672 -0.44756358861923218
vn 0.046964310109615326 -0.86199146509170532 -0.50474256277084351
vn 0.13994184136390686 -0.82409060001373291 -0.54889982938766479
vn 0.23697701096534729 -0.77290081977844238 -0.58861380815505981
vn 0.33253490924835205 -0.70991569757461548 -0.62083834409713745
vn 0.42444980144500732 -0.63596010208129883 -0.64451307058334351
vn 0.12206666171550751 -0.97615784406661987 -0.17948704957962036
vn 0.22374874353408813 -0.94396793842315674 -0.24261291325092316
vn 0.3109096884727478 -0.90336984395980835 -0.29539477825164795
vn 0.39950129389762878 -0.84826475381851196 -0.34762859344482422
vn 0.48417934775352478 -0.78023457527160645 -0.39598533511161804
vn 0.56290185451507568 -0.70016151666641235 -0.43922135233879089
vn 0.30009472370147705 -0.94846242666244507 0.10179466754198074
vn 0.39782750606536865 -0.91688692569732666 0.032428979873657227
vn 0.4792608916759491 -0.87717986106872559 -0.029402360320091248
vn 0.55953812599182129 -0.82336819171905518 -0.094772681593894958
vn 0.63350290060043335 -0.75700467824935913 -0.16005630791187286
vn 0.69923484325408936 -0.67895251512527466 -0.22381718456745148
vn 0.36006367206573486 -0.8278508186340332 0.43013620376586914
vn 0.41773787140846252 -0.81991881132125854 0.39144369959831238
vn 0.47483262419700623 -0.80760550498962402 0.34972465038299561
vn 0.53078758716583252 -0.7906760573387146 0.30511623620986938
vn 0.58500677347183228 -0.76895684003829956 0.2578226625919342
vn 0.63687241077423096 -0.74234819412231445 0.20811694860458374
vn 0.68576288223266602 -0.71083557605743408 0.15633964538574219
vn 0.73107153177261353 -0.67449778318405151 0.10289407521486282
vn 0.77222806215286255 -0.63351160287857056 0.048238202929496765
vn 0.76816785335540771 -0.64023697376251221 0.0038363221101462841
vn 0.75561583042144775 -0.64958423376083374 -0.084172315895557404
vn 0.7086145281791687 -0.65089595317840576 -0.27239659428596497
vn 0.67669802904129028 -0.6419823169708252 -0.36046984791755676
vn 0.59081321954727173 -0.60252320766448975 -0.53656834363937378
vn 0.53904438018798828 -0.57251405715942383 -0.61778539419174194
vn 0.4314863383769989 -0.50163686275482178 -0.7497866153717041
vn 0.37030932307243347 -0.45793488621711731 -0.80818724632263184
vn 0.36915156245231628 -0.45708999037742615 -0.80919456481933594
vn 0.24272651970386505 -0.36205169558525085 -0.90000134706497192
vn 0.15476019680500031 -0.29374507069587708 -0.94327253103256226
vn 0.06891428679227829 -0.2263236790895462 -0.97161126136779785
vn -0.037668440490961075 -0.14251309633255005 -0.98907589912414551
vn -0.14167250692844391 -0.061503659933805466 -0.98800110816955566
vn -0.18934632837772369 -0.024846011772751808 -0.98159599304199219
vn -0.21128450334072113 -0.008110586553812027 -0.97739094495773315
vn -0.33473017811775208 0.084148198366165161 -0.93854928016662598
vn -0.45327946543693542 0.16896091401576996 -0.87520849704742432
vn -0.49515751004219055 0.19781292974948883 -0.84598410129547119
vn -0.54026311635971069 -0.0067275022156536579 -0.84146928787231445
vn -0.50712531805038452 -0.24276214838027954 -0.8269767165184021
vn -0.44507095217704773 -0.46495437622070312 -0.76532953977584839
vn -0.35763841867446899 -0.66063463687896729 -0.66004288196563721
vn -0.24981316924095154 -0.81864523887634277 -0.51712024211883545
vn -0.12774345278739929 -0.92997622489929199 -0.34471115469932556
vn 0.0016102540539577603 -0.98827952146530151 -0.15264646708965302
vn 0.13087214529514313 -0.99023061990737915 0.048122193664312363
vn 0.25267165899276733 -0.93571829795837402 0.24614691734313965
vn 0.36006367206573486 -0.8278508186340332 0.43013620376586914
vn 0.36006367206573486 -0.8278508186340332 0.43013620376586914
vn 0.53674054145812988 -0.30343616008758545 0.78729671239852905
vn 0.52256959676742554 -0.40748250484466553 0.74891853332519531
vn 0.50186693668365479 -0.5064355731010437 0.70117944478988647
vn 0.47489121556282043 -0.59905856847763062 0.64467602968215942
vn 0.44197967648506165 -0.68419367074966431 0.58011460304260254
vn 0.40354371070861816 -0.76077687740325928 0.50830215215682983
vn 0.46577271819114685 -0.62502843141555786 0.62641459703445435
vn 0.52917259931564331 -0.36543065309524536 0.76579165458679199
vn 0.54450422525405884 -0.072638407349586487 0.83560687303543091
vn 0.51037502288818359 0.22675205767154694 0.82951843738555908
vn 0.36006367206573486 -0.8278508186340332 0.43013620376586914
vn 0.36006367206573486 -0.8278508186340332 0.43013620376586914
vn 0.50396102666854858 0.25767320394515991 0.82439541816711426
vn 0.5016893744468689 0.26800718903541565 0.82248401641845703
vn 0.49277937412261963 0.30597460269927979 0.81458455324172974
vn 0.48482072353363037 0.33701047301292419 0.80707669258117676
vn 0.47805345058441162 0.36165538430213928 0.80041879415512085
vn 0.47274193167686462 0.38003194332122803 0.79504138231277466
vn 0.46925505995750427 0.39167970418930054 0.79144597053527832
vn 0.46788007020950317 0.39618790149688721 0.79001480340957642
vn 0.46878847479820251 0.39321476221084595 0.79096114635467529
vn 0.47201135754585266 0.38249862194061279 0.79429221153259277
vn 0.48477628827095032 0.33717718720436096 0.80703377723693848
vn 0.50348037481307983 0.25988450646400452 0.82399487495422363
vn 0.52362978458404541 0.15163050591945648 0.83834362030029297
vn 0.53964799642562866 0.014690442942082882 0.84176254272460938
vn 0.54533106088638306 -0.14752916991710663 0.82513582706451416
vn 0.54428786039352417 -0.19326430559158325 0.81633305549621582
vn -0.66334438323974609 0.48033708333969116 0.5738036036491394
vn -0.02379583939909935 0.78281259536743164 0.62180233001708984
vn 0.00051180168520659208 0.71430903673171997 0.69983023405075073
vn 0.025759799405932426 0.63453322649002075 0.77246618270874023
vn -0.067387580871582031 0.5914502739906311 0.80352067947387695
vn -0.1750682145357132 0.5508769154548645 0.81601822376251221
vn -0.28569415211677551 0.51831710338592529 0.80605596303939819
vn -0.31716611981391907 0.51067787408828735 0.79913312196731567
vn -0.48154434561729431 0.48277640342712402 0.73146563768386841
vn -0.51326292753219604 0.47988420724868774 0.71152818202972412
vn -0.36743980646133423 0.67545384168624878 0.63933563232421875
vn -0.20229965448379517 0.27112028002738953 -0.94104659557342529
vn -0.22699658572673798 0.6015019416809082 -0.76594257354736328
vn -0.34011203050613403 0.27060440182685852 -0.90060925483703613
vn -0.40842100977897644 -0.12919698655605316 -0.90360414981842041
vn -0.22699658572673798 0.6015019416809082 -0.76594257354736328
vn -0.45827719569206238 0.31403517723083496 -0.83148294687271118
vn -0.63541531562805176 -0.045766845345497131 -0.77081304788589478
vn -0.70801728963851929 -0.39803948998451233 -0.5833318829536438
vn -0.22699658572673798 0.6015019416809082 -0.76594257354736328
vn -0.56943756341934204 0.50060498714447021 -0.65202414989471436
vn -0.84895336627960205 0.31263217329978943 -0.42607426643371582
vn -0.98880261182785034 0.073226287961006165 -0.13002821803092957
vn -0.22699658572673798 0.6015019416809082 -0.76594257354736328
vn -0.54550957679748535 0.6153404712677002 -0.56901264190673828
vn -0.80298793315887451 0.53303807973861694 -0.26660987734794617
vn -0.92836171388626099 0.3630422055721283 0.079654574394226074
vn -0.22699658572673798 0.6015019416809082 -0.76594257354736328
vn -0.47066447138786316 0.72153967618942261 -0.50779473781585693
vn -0.65921115875244141 0.7370457649230957 -0.14901071786880493
vn -0.73930686712265015 0.63129585981369019 0.23428796231746674
vn -0.21981789171695709 0.84741866588592529 -0.48328226804733276
vn -0.17733702063560486 0.97885823249816895 -0.10192251205444336
vn -0.10568133741617203 0.94925969839096069 0.29620516300201416
vn -0.22699658572673798 0.6015019416809082 -0.76594257354736328
vn -0.082005523145198822 0.84793448448181152 -0.52371954917907715
vn 0.087399356067180634 0.97984915971755981 -0.17960220575332642
vn 0.24242562055587769 0.95056271553039551 0.19406262040138245
vn -0.22699658572673798 0.6015019416809082 -0.76594257354736328
vn 0.036159656941890717 0.80450373888015747 -0.5928458571434021
vn 0.31439366936683655 0.89641904830932617 -0.31239327788352966
vn 0.54090476036071777 0.8408588171005249 0.019453104585409164
vn 0.14732000231742859 0.61793392896652222 -0.77230465412139893
vn 0.52793174982070923 0.53802001476287842 -0.65713208913803101
vn 0.82169008255004883 0.3695930540561676 -0.43385058641433716
vn -0.22699658572673798 0.6015019416809082 -0.76594257354736328
vn 0.1233920156955719 0.50319844484329224 -0.855316162109375
vn 0.48196625709533691 0.3176141083240509 -0.81659644842147827
vn -0.22699658572673798 0.6015019416809082 -0.76594257354736328
vn 0.048546925187110901 0.39699923992156982 -0.91653412580490112
vn -0.22699658572673798 0.6015019416809082 -0.76594257354736328
vn -0.065820775926113129 0.31550422310829163 -0.94663864374160767
vn -0.20229965448379517 0.27112028002738953 -0.94104659557342529
vn -0.99865579605102539 -0.047261450439691544 0.021281694993376732
vn -0.91142791509628296 -0.19403006136417389 -0.36283811926841736
vn -0.91682755947113037 -0.32990062236785889 -0.2249283492565155
vn -0.22753693163394928 0.73390305042266846 -0.64001035690307617
vn -0.35629677772521973 0.80303466320037842 -0.477690190076828
vn -0.35153982043266296 0.67167633771896362 -0.65212780237197876
vn -0.22699658572673798 0.6015019416809082 -0.76594257354736328
vn -0.29500356316566467 0.71196240186691284 -0.63724601268768311
vn -0.20301644504070282 0.93181711435317993 -0.30083414912223816
vn -0.43951177597045898 0.89359700679779053 -0.091180205345153809
vn -0.57592505216598511 0.74468535184860229 -0.33727437257766724
vn -0.40590599179267883 0.86583590507507324 -0.29252099990844727
vn -0.14413174986839294 0.98435837030410767 0.10131454467773438
vn -0.45041993260383606 0.83714807033538818 0.31033042073249817
vn -0.71452152729034424 0.69812732934951782 0.045576684176921844
vn -0.45446547865867615 0.88343548774719238 0.11403010785579681
vn -0.064703568816184998 0.87919497489929199 0.47204834222793579
vn -0.73479956388473511 0.54292970895767212 0.40656730532646179
vn -0.42928475141525269 0.76063042879104614 0.48698663711547852
vn -0.04604686051607132 0.62046009302139282 -0.78288501501083374
vn 0.116688072681427 0.72373825311660767 -0.68013733625411987
vn -0.10099759697914124 0.71268856525421143 -0.69417178630828857
vn -0.22699658572673798 0.6015019416809082 -0.76594257354736328
vn -0.061189375817775726 0.6727631688117981 -0.73732322454452515
vn 0.34277090430259705 0.59066504240036011 -0.73049497604370117
vn 0.46908804774284363 0.74126923084259033 -0.48007947206497192
vn 0.17751990258693695 0.86801981925964355 -0.46371147036552429
vn 0.2972334623336792 0.74795383214950562 -0.59347903728485107
vn 0.69068807363510132 0.46254241466522217 -0.55588167905807495
vn 0.74431544542312622 0.63684940338134766 -0.20104068517684937
vn 0.43792513012886047 0.8867759108543396 -0.14781767129898071
vn 0.62103539705276489 0.70312660932540894 -0.3463062047958374
vn 0.91604584455490112 0.26616370677947998 -0.30002817511558533
vn 0.619098961353302 0.76455473899841309 0.17936691641807556
vn 0.8342176079750061 0.54880291223526001 -0.053818140178918839
vn 0.97352480888366699 0.11844634264707565 -0.19549913704395294
vn 0.93126529455184937 0.36420392990112305 0.010020744986832142
vn 0.79176211357116699 0.57193094491958618 0.2144942432641983
vn 0.56958222389221191 0.7199363112449646 0.39657002687454224
vn 0.28792595863342285 0.79276514053344727 0.5372355580329895
vn -0.02379583939909935 0.78281259536743164 0.62180233001708984
vn -0.72845971584320068 -0.62686055898666382 -0.27639147639274597
vn -0.7266770601272583 -0.62146300077438354 -0.2927868664264679
vn -0.69768404960632324 -0.57059782743453979 -0.43319171667098999
vn -0.65929895639419556 -0.52685379981994629 -0.53642332553863525
vn -0.58428680896759033 -0.4599495530128479 -0.66862195730209351
vn -0.52700841426849365 -0.41585355997085571 -0.74116659164428711
vn -0.45170620083808899 -0.36266496777534485 -0.81512922048568726
vn -0.40563958883285522 -0.33194845914840698 -0.85162591934204102
vn -0.3633141815662384 -0.30467134714126587 -0.88044202327728271
vn -0.18276321887969971 -0.19589295983314514 -0.9634435772895813
vn -0.1740109920501709 -0.19088603556156158 -0.96606558561325073
vn -0.13606713712215424 -0.16943077743053436 -0.97610396146774292
vn -0.13606713712215424 -0.16943077743053436 -0.97610396146774292
vn 0.020211564376950264 -0.085286110639572144 -0.99615150690078735
vn 0.1962725818157196 0.0010241168783977628 -0.98054885864257812
vn 0.28659826517105103 0.041339151561260223 -0.95715856552124023
vn 0.37111145257949829 0.076167479157447815 -0.92545926570892334
vn 0.43490263819694519 0.10032150894403458 -0.89487165212631226
vn 0.68766814470291138 0.17075763642787933 -0.70565885305404663
vn 0.75338602066040039 0.17920321226119995 -0.63268923759460449
vn 0.79799425601959229 0.18119020760059357 -0.57478278875350952
vn 0.90516114234924316 0.16550303995609283 -0.39152523875236511
vn -0.33305615186691284 0.69110774993896484 0.64143878221511841
vn -0.60753297805786133 0.52722537517547607 0.59408503770828247
vn -0.81856071949005127 0.3082810640335083 0.48468667268753052
vn -0.94410014152526855 0.05714067816734314 0.32466891407966614
vn -0.97104024887084961 -0.19996732473373413 0.130743607878685
vn -0.89656752347946167 -0.43619129061698914 -0.07683621346950531
vn -0.72845971584320068 -0.62686055898666382 -0.27639147639274597
vn -0.02379583939909935 0.78281259536743164 0.62180233001708984
vn -0.02379583939909935 0.78281259536743164 0.62180233001708984
vn -0.02379583939909935 0.78281259536743164 0.62180233001708984
vn -0.02379583939909935 0.78281259536743164 0.62180233001708984
vn -0.66334438323974609 0.48033708333969116 0.5738036036491394
vn -0.70526880025863647 0.44083815813064575 0.55520957708358765
vn -0.73237639665603638 0.41297715902328491 0.54136371612548828
vn -0.87303739786148071 0.22286036610603333 0.43374982476234436
vn -0.9154013991355896 0.13668081164360046 0.37862730026245117
vn -0.94894129037857056 0.040288351476192474 0.3128693699836731
vn -0.96813750267028809 -0.053973585367202759 0.24453359842300415
vn -0.97360473871231079 -0.15937432646751404 0.16338171064853668
vn -0.96725356578826904 -0.23093850910663605 0.10529940575361252
vn -0.95156192779541016 -0.30444639921188354 0.042922552675008774
vn -0.86878907680511475 -0.48046320676803589 -0.11983587592840195
vn -0.82990598678588867 -0.53102868795394897 -0.17106890678405762
vn -0.74927198886871338 -0.61027789115905762 -0.25720095634460449
vn -0.36743980646133423 0.67545384168624878 0.63933563232421875
vn -0.89656752347946167 -0.43619129061698914 -0.07683621346950531
vn -0.97104024887084961 -0.19996732473373413 0.130743607878685
vn -0.94410014152526855 0.05714067816734314 0.32466891407966614
vn -0.81856071949005127 0.3082810640335083 0.48468667268753052
vn -0.60753297805786133 0.52722537517547607 0.59408503770828247
vn -0.33305615186691284 0.69110774993896484 0.64143878221511841
vn -0.02379583939909935 0.78281259536743164 0.62180233001708984
vn 0.025759799405932426 0.63453322649002075 0.77246618270874023
vn 0.25946342945098877 0.79539942741394043 0.54773944616317749
vn 0.11911947280168533 0.79771590232849121 0.59115129709243774
vn 0.00051180168520659208 0.71430903673171997 0.69983023405075073
vn 0.21467748284339905 0.75479328632354736 0.61983925104141235
vn 0.14044488966464996 0.70058214664459229 0.69961410760879517
vn -0.02379583939909935 0.78281259536743164 0.62180233001708984
vn -0.02379583939909935 0.78281259536743164 0.62180233001708984
vn 0.97352480888366699 0.11844634264707565 -0.19549913704395294
vn 0.25946342945098877 0.79539942741394043 0.54773944616317749
vn 0.11911947280168533 0.79771590232849121 0.59115129709243774
vn 0.28792595863342285 0.79276514053344727 0.5372355580329895
vn 0.56958222389221191 0.7199363112449646 0.39657002687454224
vn 0.79176211357116699 0.57193094491958618 0.2144942432641983
vn 0.93126529455184937 0.36420392990112305 0.010020744986832142
vn -0.02379583939909935 0.78281259536743164 0.62180233001708984
vn -0.02379583939909935 0.78281259536743164 0.62180233001708984
vn 0.97360479831695557 0.15937334299087524 -0.16338248550891876
vn 0.97018158435821533 0.20828329026699066 -0.1239585280418396
vn 0.89396399259567261 0.44072654843330383 0.081169396638870239
vn 0.81735962629318237 0.54528349637985229 0.18598161637783051
vn 0.68748998641967773 0.65602284669876099 0.31143474578857422
vn 0.67161613702774048 0.66622614860534668 0.3241519033908844
vn 0.35376816987991333 0.78367745876312256 0.5105857253074646
f 6/6/6 250/250/250 252/252/252 249/249/249
f 250/250/250 1/1/1 251/251/251 252/252/252
f 250/250/250 6/6/6 7/7/7
f 2/2/2 1/1/1 250/250/250
f 7/7/7 2/2/2 250/250/250
f 8/8/8 3/3/3 2/2/2 7/7/7
f 9/9/9 4/4/4 3/3/3 8/8/8
f 11/11/11 254/254/254 255/255/255 253/253/253
f 254/254/254 6/6/6 249/249/249 255/255/255
f 254/254/254 11/11/11 12/12/12
f 7/7/7 6/6/6 254/254/254
f 12/12/12 7/7/7 254/254/254
f 13/13/13 8/8/8 7/7/7 12/12/12
f 14/14/14 9/9/9 8/8/8 13/13/13
f 16/16/16 257/257/257 258/258/258 256/256/256
f 257/257/257 11/11/11 253/253/253 258/258/258
f 257/257/257 16/16/16 17/17/17
f 12/12/12 11/11/11 257/257/257
f 17/17/17 12/12/12 257/257/257
f 18/18/18 13/13/13 12/12/12 17/17/17
f 19/19/19 14/14/14 13/13/13 18/18/18
f 21/21/21 260/260/260 261/261/261 259/259/259
f 260/260/260 16/16/16 256/256/256 261/261/261
f 260/260/260 21/21/21 22/22/22
f 17/17/17 16/16/16 260/260/260
f 22/22/22 17/17/17 260/260/260
f 23/23/23 18/18/18 17/17/17 22/22/22
f 24/24/24 19/19/19 18/18/18 23/23/23
f 26/26/26 263/263/263 264/264/264 262/262/262
f 263/263/263 21/21/21 259/259/259 264/264/264
f 263/263/263 26/26/26 27/27/27
f 22/22/22 21/21/21 263/263/263
f 27/27/27 22/22/22 263/263/263
f 28/28/28 23/23/23 22/22/22 27/27/27
f 29/29/29 24/24/24 23/23/23 28/28/28
f 31/31/31 266/266/266 267/267/267 265/265/265
f 266/266/266 26/26/26 262/262/262 267/267/267
f 266/266/266 31/31/31 32/32/32
f 27/27/27 26/26/26 266/266/266
f 32/32/32 27/27/27 266/266/266
f 33/33/33 28/28/28 27/27/27 32/32/32
f 34/34/34 29/29/29 28/28/28 33/33/33
f 36/36/36 269/269/269 270/270/270 268/268/268
f 269/269/269 31/31/31 265/265/265 270/270/270
f 269/269/269 36/36/36 37/37/37
f 32/32/32 31/31/31 269/269/269
f 37/37/37 32/32/32 269/269/269
f 38/38/38 33/33/33 32/32/32 37/37/37
f 39/39/39 34/34/34 33/33/33 38/38/38
f 41/41/41 272/272/272 273/273/273 271/271/271
f 272/272/272 36/36/36 268/268/268 273/273/273
f 272/272/272 41/41/41 42/42/42
f 37/37/37 36/36/36 272/272/272
f 42/42/42 37/37/37 272/272/272
f 43/43/43 38/38/38 37/37/37 42/42/42
f 44/44/44 39/39/39 38/38/38 43/43/43
f 46/46/46 275/275/275 276/276/276 274/274/274
f 275/275/275 41/41/41 271/271/271 276/276/276
f 275/275/275 46/46/46 47/47/47
f 42/42/42 41/41/41 275/275/275
f 47/47/47 42/42/42 275/275/275
f 48/48/48 43/43/43 42/42/42 47/47/47
f 49/49/49 44/44/44 43/43/43 48/48/48
f 52/52/52 48/48/48 47/47/47 51/51/51
f 53/53/53 49/49/49 48/48/48 52/52/52
f 56/56/56 52/52/52 51/51/51 55/55/55
f 57/57/57 53/53/53 52/52/52 56/56/56
f 78/78/78 81/81/81 82/82/82
f 82/82/82 83/83/83 79/79/79
f 86/86/86 82/82/82 81/81/81 85/85/85
f 87/87/87 83/83/83 82/82/82 86/86/86
f 90/90/90 86/86/86 85/85/85 89/89/89
f 91/91/91 87/87/87 86/86/86 90/90/90
f 94/94/94 90/90/90 89/89/89 93/93/93
f 95/95/95 91/91/91 90/90/90 94/94/94
f 99/99/99 94/94/94 93/93/93 98/98/98
f 100/100/100 95/95/95 94/94/94 99/99/99
f 103/103/103 98/98/98 97/97/97 102/102/102
f 104/104/104 99/99/99 98/98/98 103/103/103
f 105/105/105 100/100/100 99/99/99 104/104/104
f 108/108/108 103/103/103 102/102/102 107/107/107
f 109/109/109 104/104/104 103/103/103 108/108/108
f 110/110/110 105/105/105 104/104/104 109/109/109
f 113/113/113 108/108/108 107/107/107 112/112/112
f 114/114/114 109/109/109 108/108/108 113/113/113
f 115/115/115 110/110/110 109/109/109 114/114/114
f 118/118/118 113/113/113 112/112/112 117/117/117
f 119/119/119 114/114/114 113/113/113 118/118/118
f 120/120/120 115/115/115 114/114/114 119/119/119
f 123/123/123 118/118/118 117/117/117 122/122/122
f 124/124/124 119/119/119 118/118/118 123/123/123
f 125/125/125 120/120/120 119/119/119 124/124/124
f 128/128/128 123/123/123 122/122/122 127/127/127
f 129/129/129 124/124/124 123/123/123 128/128/128
f 130/130/130 125/125/125 124/124/124 129/129/129
f 133/133/133 128/128/128 127/127/127 132/132/132
f 134/134/134 129/129/129 128/128/128 133/133/133
f 135/135/135 130/130/130 129/129/129 134/134/134
f 138/138/138 133/133/133 132/132/132 137/137/137
f 139/139/139 134/134/134 133/133/133 138/138/138
f 140/140/140 135/135/135 134/134/134 139/139/139
f 143/143/143 138/138/138 137/137/137 142/142/142
f 144/144/144 139/139/139 138/138/138 143/143/143
f 145/145/145 140/140/140 139/139/139 144/144/144
f 148/148/148 143/143/143 142/142/142 147/147/147
f 149/149/149 144/144/144 143/143/143 148/148/148
f 150/150/150 145/145/145 144/144/144 149/149/149
f 153/153/153 148/148/148 147/147/147 152/152/152
f 154/154/154 149/149/149 148/148/148 153/153/153
f 155/155/155 150/150/150 149/149/149 154/154/154
f 158/158/158 154/154/154 153/153/153 157/157/157
f 159/159/159 155/155/155 154/154/154 158/158/158
f 162/162/162 159/159/159 158/158/158 161/161/161
f 165/165/165 162/162/162 161/161/161 164/164/164
f 168/168/168 165/165/165 164/164/164 167/167/167
f 171/171/171 168/168/168 167/167/167 170/170/170
f 174/174/174 171/171/171 170/170/170 173/173/173
f 177/177/177 174/174/174 173/173/173 176/176/176
f 199/199/199 278/278/278 280/280/280 277/277/277
f 278/278/278 196/196/196 279/279/279 280/280/280
f 201/201/201 202/202/202 197/197/197
f 204/204/204 282/282/282 283/283/283 281/281/281
f 282/282/282 199/199/199 277/277/277 283/283/283
f 282/282/282 204/204/204 205/205/205
f 200/200/200 199/199/199 282/282/282
f 205/205/205 200/200/200 282/282/282
f 206/206/206 201/201/201 200/200/200 205/205/205
f 207/207/207 202/202/202 201/201/201 206/206/206
f 209/209/209 285/285/285 286/286/286 284/284/284
f 285/285/285 204/204/204 281/281/281 286/286/286
f 285/285/285 209/209/209 210/210/210
f 205/205/205 204/204/204 285/285/285
f 210/210/210 205/205/205 285/285/285
f 211/211/211 206/206/206 205/205/205 210/210/210
f 212/212/212 207/207/207 206/206/206 211/211/211
f 214/214/214 288/288/288 289/289/289 287/287/287
f 288/288/288 209/209/209 284/284/284 289/289/289
f 288/288/288 214/214/214 215/215/215
f 210/210/210 209/209/209 288/288/288
f 215/215/215 210/210/210 288/288/288
f 216/216/216 211/211/211 210/210/210 215/215/215
f 217/217/217 212/212/212 211/211/211 216/216/216
f 219/219/219 291/291/291 292/292/292 290/290/290
f 291/291/291 214/214/214 287/287/287 292/292/292
f 291/291/291 219/219/219 220/220/220
f 215/215/215 214/214/214 291/291/291
f 220/220/220 215/215/215 291/291/291
f 221/221/221 216/216/216 215/215/215 220/220/220
f 222/222/222 217/217/217 216/216/216 221/221/221
f 224/224/224 294/294/294 295/295/295 293/293/293
f 294/294/294 219/219/219 290/290/290 295/295/295
f 294/294/294 224/224/224 225/225/225
f 220/220/220 219/219/219 294/294/294
f 225/225/225 220/220/220 294/294/294
f 226/226/226 221/221/221 220/220/220 225/225/225
f 227/227/227 222/222/222 221/221/221 226/226/226
f 229/229/229 297/297/297 298/298/298 296/296/296
f 297/297/297 224/224/224 293/293/293 298/298/298
f 297/297/297 229/229/229 230/230/230
f 225/225/225 224/224/224 297/297/297
f 230/230/230 225/225/225 297/297/297
f 231/231/231 226/226/226 225/225/225 230/230/230
f 232/232/232 227/227/227 226/226/226 231/231/231
f 234/234/234 300/300/300 301/301/301 299/299/299
f 300/300/300 229/229/229 296/296/296 301/301/301
f 300/300/300 234/234/234 235/235/235
f 230/230/230 229/229/229 300/300/300
f 235/235/235 230/230/230 300/300/300
f 236/236/236 231/231/231 230/230/230 235/235/235
f 237/237/237 232/232/232 231/231/231 236/236/236
f 239/239/239 303/303/303 304/304/304 302/302/302
f 303/303/303 234/234/234 299/299/299 304/304/304
f 303/303/303 239/239/239 240/240/240
f 235/235/235 234/234/234 303/303/303
f 240/240/240 235/235/235 303/303/303
f 241/241/241 236/236/236 235/235/235 240/240/240
f 242/242/242 237/237/237 236/236/236 241/241/241
f 244/244/244 306/306/306 307/307/307 305/305/305
f 306/306/306 239/239/239 302/302/302 307/307/307
f 306/306/306 244/244/244 245/245/245
f 240/240/240 239/239/239 306/306/306
f 245/245/245 240/240/240 306/306/306
f 246/246/246 241/241/241 240/240/240 245/245/245
f 247/247/247 242/242/242 241/241/241 246/246/246
f 309/309/309 252/252/252 308/308/308
f 310/310/310 255/255/255 309/309/309
f 308/308/308 252/252/252 251/251/251
f 309/309/309 255/255/255 249/249/249
f 249/249/249 252/252/252 309/309/309
f 253/253/253 255/255/255 310/310/310
f 405/405/405 406/406/406 939/939/939
f 312/312/312 261/261/261 311/311/311
f 312/312/312 313/313/313 262/262/262
f 268/268/268 313/313/313 314/314/314
f 831/831/831 315/315/315 830/830/830
f 315/315/315 831/831/831 274/274/274
f 315/315/315 274/274/274 314/314/314
f 258/258/258 310/310/310 311/311/311
f 274/274/274 831/831/831 832/832/832
f 310/310/310 258/258/258 253/253/253
f 311/311/311 256/256/256 258/258/258
f 312/312/312 259/259/259 261/261/261
f 312/312/312 262/262/262 264/264/264
f 264/264/264 259/259/259 312/312/312
f 261/261/261 256/256/256 311/311/311
f 313/313/313 265/265/265 267/267/267
f 313/313/313 268/268/268 270/270/270
f 270/270/270 265/265/265 313/313/313
f 314/314/314 271/271/271 273/273/273
f 314/314/314 274/274/274 276/276/276
f 276/276/276 271/271/271 314/314/314
f 273/273/273 268/268/268 314/314/314
f 267/267/267 262/262/262 313/313/313
f 596/596/596 274/274/274 832/832/832
f 315/315/315 316/316/316 823/823/823
f 317/317/317 819/819/819 316/316/316
f 316/316/316 821/821/821 822/822/822
f 316/316/316 819/819/819 820/820/820
f 820/820/820 821/821/821 316/316/316
f 819/819/819 317/317/317 886/886/886
f 822/822/822 823/823/823 316/316/316
f 319/319/319 883/883/883 318/318/318
f 319/319/319 882/882/882 883/883/883
f 885/885/885 886/886/886 317/317/317
f 318/318/318 884/884/884 885/885/885
f 884/884/884 318/318/318 883/883/883
f 881/881/881 319/319/319 320/320/320
f 318/318/318 885/885/885 317/317/317
f 315/315/315 827/827/827 828/828/828
f 315/315/315 826/826/826 827/827/827
f 833/833/833 596/596/596 832/832/832
f 834/834/834 595/595/595 833/833/833
f 315/315/315 828/828/828 829/829/829
f 315/315/315 823/823/823 824/824/824
f 881/881/881 882/882/882 319/319/319
f 320/320/320 879/879/879 880/880/880
f 880/880/880 881/881/881 320/320/320
f 878/878/878 879/879/879 320/320/320
f 315/315/315 824/824/824 825/825/825
f 825/825/825 826/826/826 315/315/315
f 878/878/878 320/320/320 321/321/321
f 315/315/315 829/829/829 830/830/830
f 835/835/835 595/595/595 834/834/834
f 593/593/593 837/837/837 838/838/838
f 837/837/837 594/594/594 836/836/836
f 592/592/592 593/593/593 839/839/839
f 838/838/838 839/839/839 593/593/593
f 592/592/592 839/839/839 840/840/840
f 593/593/593 594/594/594 837/837/837
f 840/840/840 591/591/591 592/592/592
f 841/841/841 842/842/842 590/590/590
f 590/590/590 840/840/840 841/841/841
f 590/590/590 842/842/842 589/589/589
f 843/843/843 589/589/589 842/842/842
f 843/843/843 844/844/844 589/589/589
f 588/588/588 589/589/589 844/844/844
f 591/591/591 840/840/840 590/590/590
f 274/274/274 597/597/597 46/46/46
f 595/595/595 596/596/596 833/833/833
f 598/598/598 47/47/47 46/46/46
f 597/597/597 598/598/598 46/46/46
f 599/599/599 47/47/47 598/598/598
f 597/597/597 274/274/274 596/596/596
f 602/602/602 51/51/51 601/601/601
f 601/601/601 51/51/51 600/600/600
f 55/55/55 604/604/604 605/605/605
f 743/743/743 744/744/744 940/940/940
f 55/55/55 605/605/605 606/606/606
f 55/55/55 603/603/603 604/604/604
f 595/595/595 835/835/835 594/594/594
f 600/600/600 51/51/51 599/599/599
f 835/835/835 836/836/836 594/594/594
f 651/651/651 847/847/847 848/848/848 650/650/650
f 847/847/847 651/651/651 846/846/846
f 844/844/844 845/845/845 588/588/588
f 652/652/652 587/587/587 845/845/845
f 845/845/845 846/846/846 652/652/652
f 849/849/849 650/650/650 848/848/848
f 845/845/845 587/587/587 588/588/588
f 854/854/854 647/647/647 648/648/648 853/853/853
f 646/646/646 854/854/854 855/855/855
f 649/649/649 851/851/851 852/852/852
f 648/648/648 852/852/852 853/853/853
f 649/649/649 850/850/850 851/851/851
f 849/849/849 850/850/850 649/649/649
f 645/645/645 855/855/855 856/856/856 644/644/644
f 651/651/651 652/652/652 846/846/846
f 611/611/611 941/941/941 942/942/942 610/610/610
f 849/849/849 649/649/649 650/650/650
f 612/612/612 943/943/943 941/941/941 611/611/611
f 854/854/854 646/646/646 647/647/647
f 648/648/648 649/649/649 852/852/852
f 614/614/614 704/704/704 613/613/613
f 616/616/616 702/702/702 703/703/703 615/615/615
f 615/615/615 703/703/703 614/614/614
f 855/855/855 645/645/645 646/646/646
f 613/613/613 944/944/944 943/943/943 612/612/612
f 603/603/603 55/55/55 602/602/602
f 323/323/323 874/874/874 322/322/322
f 322/322/322 876/876/876 321/321/321
f 325/325/325 870/870/870 324/324/324
f 325/325/325 868/868/868 869/869/869
f 868/868/868 325/325/325 326/326/326
f 872/872/872 323/323/323 324/324/324
f 869/869/869 870/870/870 325/325/325
f 817/817/817 818/818/818 326/326/326
f 868/868/868 326/326/326 818/818/818
f 816/816/816 817/817/817 326/326/326
f 326/326/326 815/815/815 816/816/816
f 814/814/814 327/327/327 813/813/813
f 814/814/814 815/815/815 326/326/326
f 812/812/812 813/813/813 327/327/327
f 323/323/323 872/872/872 873/873/873
f 872/872/872 324/324/324 871/871/871
f 323/323/323 873/873/873 874/874/874
f 875/875/875 876/876/876 322/322/322
f 321/321/321 876/876/876 877/877/877
f 874/874/874 875/875/875 322/322/322
f 632/632/632 788/788/788 789/789/789
f 633/633/633 866/866/866 867/867/867
f 632/632/632 786/786/786 787/787/787
f 787/787/787 788/788/788 632/632/632
f 871/871/871 324/324/324 870/870/870
f 326/326/326 327/327/327 814/814/814
f 810/810/810 811/811/811 327/327/327
f 812/812/812 327/327/327 811/811/811
f 809/809/809 810/810/810 327/327/327
f 327/327/327 808/808/808 809/809/809
f 807/807/807 328/328/328 806/806/806
f 807/807/807 808/808/808 327/327/327
f 328/328/328 807/807/807 327/327/327
f 329/329/329 945/945/945 328/328/328
f 328/328/328 946/946/946 802/802/802
f 328/328/328 804/804/804 805/805/805
f 328/328/328 802/802/802 803/803/803
f 803/803/803 804/804/804 328/328/328
f 947/947/947 329/329/329 330/330/330
f 806/806/806 328/328/328 805/805/805
f 796/796/796 580/580/580 795/795/795
f 795/795/795 580/580/580 794/794/794
f 582/582/582 790/790/790 791/791/791
f 793/793/793 581/581/581 792/792/792
f 792/792/792 581/581/581 791/791/791
f 581/581/581 793/793/793 794/794/794
f 948/948/948 801/801/801 946/946/946
f 801/801/801 802/802/802 946/946/946
f 945/945/945 946/946/946 328/328/328
f 329/329/329 947/947/947 945/945/945
f 947/947/947 330/330/330 949/949/949
f 950/950/950 945/945/945 947/947/947 97/97/97
f 799/799/799 948/948/948 798/798/798
f 948/948/948 800/800/800 801/801/801
f 578/578/578 948/948/948 577/577/577
f 579/579/579 796/796/796 797/797/797
f 97/97/97 947/947/947 949/949/949 102/102/102
f 949/949/949 330/330/330 951/951/951
f 631/631/631 789/789/789 790/790/790
f 858/858/858 642/642/642 643/643/643 857/857/857
f 642/642/642 858/858/858 859/859/859 641/641/641
f 644/644/644 856/856/856 857/857/857 643/643/643
f 641/641/641 859/859/859 860/860/860 640/640/640
f 862/862/862 638/638/638 639/639/639 861/861/861
f 638/638/638 862/862/862 863/863/863 637/637/637
f 640/640/640 860/860/860 861/861/861 639/639/639
f 637/637/637 863/863/863 864/864/864 636/636/636
f 621/621/621 695/695/695 696/696/696 620/620/620
f 697/697/697 618/618/618 619/619/619
f 620/620/620 696/696/696 697/697/697 619/619/619
f 699/699/699 617/617/617 618/618/618
f 622/622/622 694/694/694 695/695/695 621/621/621
f 635/635/635 636/636/636 864/864/864
f 623/623/623 693/693/693 694/694/694 622/622/622
f 626/626/626 689/689/689 690/690/690 625/625/625
f 623/623/623 624/624/624 692/692/692
f 626/626/626 627/627/627 689/689/689
f 617/617/617 701/701/701 616/616/616
f 635/635/635 864/864/864 865/865/865
f 634/634/634 865/865/865 866/866/866 633/633/633
f 635/635/635 865/865/865 634/634/634
f 867/867/867 786/786/786 632/632/632
f 582/582/582 631/631/631 790/790/790
f 632/632/632 789/789/789 631/631/631
f 632/632/632 633/633/633 867/867/867
f 791/791/791 581/581/581 582/582/582
f 580/580/580 796/796/796 579/579/579
f 580/580/580 581/581/581 794/794/794
f 798/798/798 948/948/948 797/797/797
f 662/662/662 576/576/576 946/946/946
f 578/578/578 579/579/579 948/948/948
f 660/660/660 946/946/946 950/950/950
f 946/946/946 945/945/945 950/950/950
f 948/948/948 946/946/946 576/576/576
f 97/97/97 98/98/98 93/93/93 950/950/950
f 666/666/666 585/585/585 586/586/586
f 666/666/666 584/584/584 585/585/585
f 629/629/629 687/687/687 688/688/688 628/628/628
f 583/583/583 666/666/666 667/667/667
f 668/668/668 629/629/629 630/630/630
f 583/583/583 584/584/584 666/666/666
f 576/576/576 663/663/663 575/575/575
f 948/948/948 576/576/576 577/577/577
f 575/575/575 663/663/663 574/574/574
f 666/666/666 570/570/570 571/571/571
f 573/573/573 664/664/664 572/572/572
f 572/572/572 665/665/665 571/571/571
f 664/664/664 573/573/573 574/574/574
f 666/666/666 586/586/586 570/570/570
f 688/688/688 627/627/627 628/628/628
f 102/102/102 949/949/949 951/951/951 107/107/107
f 321/321/321 877/877/877 878/878/878
f 624/624/624 625/625/625 691/691/691
f 51/51/51 47/47/47 599/599/599
f 940/940/940 608/608/608 952/952/952
f 609/609/609 952/952/952 608/608/608
f 55/55/55 51/51/51 602/602/602
f 952/952/952 741/741/741 940/940/940
f 952/952/952 942/942/942 739/739/739
f 744/744/744 745/745/745 940/940/940
f 952/952/952 609/609/609 610/610/610 942/942/942
f 740/740/740 952/952/952 739/739/739
f 737/737/737 942/942/942 941/941/941
f 766/766/766 941/941/941 943/943/943 765/765/765
f 737/737/737 738/738/738 942/942/942
f 765/765/765 943/943/943 944/944/944 764/764/764
f 941/941/941 766/766/766 737/737/737
f 739/739/739 942/942/942 738/738/738
f 940/940/940 746/746/746 55/55/55
f 606/606/606 607/607/607 940/940/940
f 56/56/56 55/55/55 747/747/747
f 748/748/748 749/749/749 56/56/56
f 747/747/747 748/748/748 56/56/56
f 55/55/55 746/746/746 747/747/747
f 952/952/952 740/740/740 741/741/741
f 743/743/743 940/940/940 742/742/742
f 769/769/769 56/56/56 768/768/768
f 742/742/742 940/940/940 741/741/741
f 745/745/745 746/746/746 940/940/940
f 768/768/768 56/56/56 767/767/767
f 764/764/764 944/944/944 953/953/953 763/763/763
f 56/56/56 750/750/750 767/767/767
f 613/613/613 704/704/704 705/705/705
f 703/703/703 704/704/704 614/614/614
f 953/953/953 705/705/705 706/706/706
f 954/954/954 707/707/707 708/708/708
f 953/953/953 706/706/706 707/707/707
f 613/613/613 705/705/705 944/944/944
f 698/698/698 699/699/699 618/618/618
f 697/697/697 698/698/698 618/618/618
f 701/701/701 702/702/702 616/616/616
f 701/701/701 617/617/617 700/700/700
f 699/699/699 700/700/700 617/617/617
f 954/954/954 708/708/708 709/709/709
f 953/953/953 707/707/707 954/954/954
f 955/955/955 709/709/709 710/710/710
f 954/954/954 709/709/709 955/955/955
f 763/763/763 953/953/953 954/954/954 762/762/762
f 955/955/955 761/761/761 762/762/762 954/954/954
f 761/761/761 955/955/955 956/956/956 760/760/760
f 956/956/956 955/955/955 710/710/710
f 711/711/711 760/760/760 956/956/956
f 710/710/710 711/711/711 956/956/956
f 669/669/669 760/760/760 711/711/711
f 670/670/670 759/759/759 669/669/669
f 759/759/759 760/760/760 669/669/669
f 671/671/671 758/758/758 759/759/759 670/670/670
f 757/757/757 758/758/758 671/671/671
f 705/705/705 953/953/953 944/944/944
f 9/9/9 10/10/10 5/5/5 4/4/4
f 14/14/14 15/15/15 10/10/10 9/9/9
f 24/24/24 25/25/25 20/20/20 19/19/19
f 34/34/34 35/35/35 30/30/30 29/29/29
f 29/29/29 30/30/30 25/25/25 24/24/24
f 19/19/19 20/20/20 15/15/15 14/14/14
f 57/57/57 957/957/957 60/60/60 59/59/59
f 750/750/750 56/56/56 749/749/749
f 44/44/44 45/45/45 40/40/40 39/39/39
f 53/53/53 54/54/54 50/50/50 49/49/49
f 49/49/49 50/50/50 45/45/45 44/44/44
f 957/957/957 769/769/769 770/770/770
f 39/39/39 40/40/40 35/35/35 34/34/34
f 797/797/797 948/948/948 579/579/579
f 958/958/958 675/675/675 676/676/676
f 959/959/959 752/752/752 753/753/753 958/958/958
f 940/940/940 607/607/607 608/608/608
f 752/752/752 959/959/959 960/960/960 751/751/751
f 958/958/958 674/674/674 675/675/675
f 961/961/961 374/374/374 375/375/375
f 957/957/957 57/57/57 56/56/56 769/769/769
f 57/57/57 59/59/59 58/58/58
f 57/57/57 58/58/58 54/54/54 53/53/53
f 157/157/157 373/373/373 961/961/961
f 55/55/55 606/606/606 940/940/940
f 957/957/957 770/770/770 771/771/771 962/962/962
f 948/948/948 799/799/799 800/800/800
f 963/963/963 772/772/772 773/773/773 964/964/964
f 962/962/962 771/771/771 772/772/772 963/963/963
f 963/963/963 62/62/62 61/61/61 962/962/962
f 774/774/774 965/965/965 964/964/964 773/773/773
f 964/964/964 63/63/63 62/62/62 963/963/963
f 60/60/60 957/957/957 962/962/962 61/61/61
f 966/966/966 775/775/775 776/776/776 967/967/967
f 775/775/775 966/966/966 965/965/965 774/774/774
f 777/777/777 778/778/778 968/968/968
f 967/967/967 776/776/776 777/777/777
f 968/968/968 778/778/778 779/779/779 969/969/969
f 969/969/969 779/779/779 780/780/780 970/970/970
f 965/965/965 64/64/64 63/63/63 964/964/964
f 64/64/64 965/965/965 966/966/966 65/65/65
f 65/65/65 966/966/966 967/967/967 66/66/66
f 968/968/968 67/67/67 66/66/66 967/967/967
f 777/777/777 968/968/968 967/967/967
f 970/970/970 69/69/69 68/68/68 969/969/969
f 969/969/969 68/68/68 67/67/67 968/968/968
f 69/69/69 970/970/970 971/971/971 70/70/70
f 970/970/970 780/780/780 781/781/781 971/971/971
f 692/692/692 693/693/693 623/623/623
f 624/624/624 691/691/691 692/692/692
f 960/960/960 677/677/677 678/678/678
f 972/972/972 679/679/679 680/680/680
f 689/689/689 627/627/627 688/688/688
f 960/960/960 678/678/678 679/679/679
f 972/972/972 680/680/680 681/681/681 973/973/973
f 691/691/691 625/625/625 690/690/690
f 959/959/959 676/676/676 677/677/677
f 754/754/754 673/673/673 674/674/674
f 755/755/755 672/672/672 673/673/673
f 756/756/756 757/757/757 672/672/672
f 672/672/672 755/755/755 756/756/756
f 673/673/673 754/754/754 755/755/755
f 754/754/754 674/674/674 753/753/753
f 672/672/672 757/757/757 671/671/671
f 674/674/674 958/958/958 753/753/753
f 958/958/958 676/676/676 959/959/959
f 960/960/960 959/959/959 677/677/677
f 972/972/972 736/736/736 960/960/960
f 960/960/960 679/679/679 972/972/972
f 972/972/972 735/735/735 736/736/736
f 751/751/751 960/960/960 736/736/736
f 972/972/972 734/734/734 735/735/735
f 667/667/667 668/668/668 630/630/630
f 571/571/571 665/665/665 666/666/666
f 630/630/630 583/583/583 667/667/667
f 663/663/663 664/664/664 574/574/574
f 662/662/662 663/663/663 576/576/576
f 664/664/664 665/665/665 572/572/572
f 668/668/668 687/687/687 629/629/629
f 946/946/946 660/660/660 661/661/661
f 950/950/950 659/659/659 660/660/660
f 89/89/89 655/655/655 656/656/656
f 93/93/93 657/657/657 658/658/658
f 93/93/93 656/656/656 657/657/657
f 658/658/658 659/659/659 950/950/950
f 661/661/661 662/662/662 946/946/946
f 684/684/684 78/78/78 683/683/683
f 684/684/684 81/81/81 78/78/78
f 682/682/682 973/973/973 681/681/681
f 682/682/682 78/78/78 973/973/973
f 683/683/683 78/78/78 682/682/682
f 973/973/973 734/734/734 972/972/972
f 81/81/81 684/684/684 685/685/685
f 81/81/81 685/685/685 686/686/686 85/85/85
f 653/653/653 85/85/85 686/686/686
f 654/654/654 89/89/89 653/653/653
f 653/653/653 89/89/89 85/85/85
f 93/93/93 89/89/89 656/656/656
f 89/89/89 654/654/654 655/655/655
f 658/658/658 950/950/950 93/93/93
f 729/729/729 730/730/730 78/78/78
f 971/971/971 781/781/781 782/782/782 974/974/974
f 974/974/974 782/782/782 783/783/783 975/975/975
f 976/976/976 784/784/784 785/785/785 977/977/977
f 978/978/978 712/712/712 713/713/713
f 975/975/975 783/783/783 784/784/784 976/976/976
f 712/712/712 977/977/977 785/785/785
f 973/973/973 733/733/733 734/734/734
f 973/973/973 732/732/732 733/733/733
f 979/979/979 714/714/714 715/715/715
f 980/980/980 716/716/716 717/717/717
f 979/979/979 715/715/715 716/716/716
f 978/978/978 713/713/713 714/714/714
f 974/974/974 71/71/71 70/70/70 971/971/971
f 975/975/975 72/72/72 71/71/71 974/974/974
f 976/976/976 73/73/73 72/72/72 975/975/975
f 978/978/978 75/75/75 74/74/74 977/977/977
f 712/712/712 978/978/978 977/977/977
f 76/76/76 979/979/979 980/980/980 77/77/77
f 716/716/716 980/980/980 979/979/979
f 979/979/979 978/978/978 714/714/714
f 979/979/979 76/76/76 75/75/75 978/978/978
f 977/977/977 74/74/74 73/73/73 976/976/976
f 980/980/980 717/717/717 718/718/718
f 973/973/973 730/730/730 731/731/731
f 973/973/973 78/78/78 730/730/730
f 79/79/79 980/980/980 719/719/719
f 82/82/82 721/721/721 722/722/722
f 720/720/720 79/79/79 719/719/719
f 719/719/719 980/980/980 718/718/718
f 726/726/726 727/727/727 82/82/82
f 727/727/727 728/728/728 78/78/78
f 720/720/720 721/721/721 82/82/82
f 723/723/723 724/724/724 82/82/82
f 725/725/725 82/82/82 724/724/724
f 82/82/82 725/725/725 726/726/726
f 723/723/723 82/82/82 722/722/722
f 728/728/728 729/729/729 78/78/78
f 82/82/82 727/727/727 78/78/78
f 720/720/720 82/82/82 79/79/79
f 83/83/83 84/84/84 80/80/80 79/79/79
f 87/87/87 88/88/88 84/84/84 83/83/83
f 79/79/79 80/80/80 77/77/77 980/980/980
f 88/88/88 87/87/87 91/91/91 92/92/92
f 95/95/95 96/96/96 92/92/92 91/91/91
f 105/105/105 106/106/106 101/101/101 100/100/100
f 100/100/100 101/101/101 96/96/96 95/95/95
f 106/106/106 105/105/105 110/110/110 111/111/111
f 731/731/731 732/732/732 973/973/973
f 939/939/939 404/404/404 405/405/405
f 333/333/333 981/981/981 332/332/332
f 982/982/982 983/983/983 331/331/331
f 107/107/107 951/951/951 983/983/983 112/112/112
f 983/983/983 951/951/951 331/331/331
f 984/984/984 137/137/137 132/132/132 985/985/985
f 982/982/982 331/331/331 332/332/332
f 333/333/333 984/984/984 985/985/985
f 333/333/333 985/985/985 981/981/981
f 984/984/984 333/333/333 334/334/334
f 330/330/330 331/331/331 951/951/951
f 152/152/152 986/986/986 336/336/336
f 986/986/986 335/335/335 336/336/336
f 984/984/984 334/334/334 987/987/987
f 988/988/988 987/987/987 334/334/334
f 986/986/986 152/152/152 147/147/147 988/988/988
f 335/335/335 988/988/988 334/334/334
f 988/988/988 335/335/335 986/986/986
f 988/988/988 147/147/147 142/142/142 987/987/987
f 989/989/989 336/336/336 337/337/337
f 987/987/987 142/142/142 137/137/137 984/984/984
f 982/982/982 332/332/332 990/990/990
f 981/981/981 990/990/990 332/332/332
f 122/122/122 990/990/990 981/981/981 127/127/127
f 117/117/117 982/982/982 990/990/990 122/122/122
f 982/982/982 117/117/117 112/112/112 983/983/983
f 127/127/127 981/981/981 985/985/985 132/132/132
f 363/363/363 989/989/989 991/991/991
f 152/152/152 336/336/336 989/989/989
f 368/368/368 989/989/989 367/367/367
f 989/989/989 337/337/337 991/991/991
f 991/991/991 337/337/337 992/992/992
f 340/340/340 916/916/916 339/339/339
f 338/338/338 993/993/993 992/992/992
f 340/340/340 914/914/914 915/915/915
f 340/340/340 912/912/912 913/913/913
f 913/913/913 914/914/914 340/340/340
f 912/912/912 340/340/340 911/911/911
f 340/340/340 915/915/915 916/916/916
f 907/907/907 341/341/341 906/906/906
f 342/342/342 906/906/906 341/341/341
f 908/908/908 341/341/341 907/907/907
f 910/910/910 911/911/911 340/340/340
f 341/341/341 908/908/908 909/909/909
f 909/909/909 910/910/910 341/341/341
f 341/341/341 910/910/910 340/340/340
f 339/339/339 918/918/918 994/994/994
f 917/917/917 918/918/918 339/339/339
f 995/995/995 918/918/918 919/919/919
f 338/338/338 339/339/339 996/996/996
f 920/920/920 995/995/995 919/919/919
f 920/920/920 921/921/921 995/995/995
f 916/916/916 917/917/917 339/339/339
f 922/922/922 995/995/995 921/921/921
f 924/924/924 997/997/997 923/923/923
f 923/923/923 997/997/997 922/922/922
f 926/926/926 998/998/998 925/925/925
f 888/888/888 998/998/998 887/887/887
f 887/887/887 998/998/998 926/926/926
f 925/925/925 997/997/997 924/924/924
f 889/889/889 999/999/999 888/888/888
f 890/890/890 999/999/999 889/889/889
f 337/337/337 338/338/338 992/992/992
f 361/361/361 991/991/991 992/992/992
f 365/365/365 366/366/366 989/989/989
f 364/364/364 365/365/365 989/989/989
f 153/153/153 369/369/369 370/370/370
f 152/152/152 989/989/989 368/368/368
f 368/368/368 369/369/369 152/152/152
f 366/366/366 367/367/367 989/989/989
f 358/358/358 359/359/359 993/993/993
f 992/992/992 359/359/359 360/360/360
f 357/357/357 358/358/358 993/993/993
f 363/363/363 991/991/991 362/362/362
f 360/360/360 361/361/361 992/992/992
f 362/362/362 991/991/991 361/361/361
f 989/989/989 363/363/363 364/364/364
f 993/993/993 359/359/359 992/992/992
f 157/157/157 372/372/372 373/373/373
f 157/157/157 371/371/371 372/372/372
f 153/153/153 370/370/370 157/157/157
f 961/961/961 161/161/161 158/158/158 157/157/157
f 373/373/373 374/374/374 961/961/961
f 375/375/375 376/376/376 961/961/961
f 371/371/371 157/157/157 370/370/370
f 1000/1000/1000 376/376/376 377/377/377
f 1001/1001/1001 1000/1000/1000 378/378/378
f 1000/1000/1000 377/377/377 378/378/378
f 1001/1001/1001 167/167/167 164/164/164 1000/1000/1000
f 1001/1001/1001 380/380/380 1002/1002/1002
f 379/379/379 1001/1001/1001 378/378/378
f 1001/1001/1001 379/379/379 380/380/380
f 381/381/381 1002/1002/1002 380/380/380
f 1000/1000/1000 961/961/961 376/376/376
f 1000/1000/1000 164/164/164 161/161/161 961/961/961
f 152/152/152 369/369/369 153/153/153
f 994/994/994 436/436/436 437/437/437 996/996/996
f 339/339/339 994/994/994 996/996/996
f 918/918/918 995/995/995 994/994/994
f 995/995/995 435/435/435 436/436/436 994/994/994
f 437/437/437 357/357/357 996/996/996
f 435/435/435 995/995/995 997/997/997 434/434/434
f 993/993/993 996/996/996 357/357/357
f 433/433/433 434/434/434 997/997/997
f 433/433/433 997/997/997 998/998/998
f 888/888/888 999/999/999 998/998/998
f 432/432/432 998/998/998 999/999/999
f 925/925/925 998/998/998 997/997/997
f 432/432/432 433/433/433 998/998/998
f 432/432/432 999/999/999 431/431/431
f 1003/1003/1003 431/431/431 999/999/999
f 997/997/997 995/995/995 922/922/922
f 1004/1004/1004 382/382/382 383/383/383 1005/1005/1005
f 384/384/384 1005/1005/1005 383/383/383
f 1004/1004/1004 173/173/173 170/170/170 1002/1002/1002
f 1002/1002/1002 381/381/381 382/382/382 1004/1004/1004
f 385/385/385 1006/1006/1006 384/384/384
f 1005/1005/1005 384/384/384 1006/1006/1006
f 1005/1005/1005 176/176/176 173/173/173 1004/1004/1004
f 387/387/387 1007/1007/1007 386/386/386
f 388/388/388 1008/1008/1008 387/387/387
f 1008/1008/1008 388/388/388 389/389/389 1009/1009/1009
f 544/544/544 1006/1006/1006 1007/1007/1007
f 386/386/386 1007/1007/1007 1006/1006/1006 385/385/385
f 1009/1009/1009 541/541/541 542/542/542 1008/1008/1008
f 1007/1007/1007 387/387/387 1008/1008/1008
f 1008/1008/1008 542/542/542 543/543/543 1007/1007/1007
f 1009/1009/1009 389/389/389 390/390/390 1010/1010/1010
f 547/547/547 1005/1005/1005 1006/1006/1006
f 996/996/996 993/993/993 338/338/338
f 1002/1002/1002 170/170/170 167/167/167 1001/1001/1001
f 904/904/904 905/905/905 342/342/342
f 906/906/906 342/342/342 905/905/905
f 903/903/903 904/904/904 342/342/342
f 342/342/342 902/902/902 903/903/903
f 901/901/901 343/343/343 900/900/900
f 901/901/901 902/902/902 342/342/342
f 343/343/343 901/901/901 342/342/342
f 345/345/345 346/346/346 1011/1011/1011
f 346/346/346 347/347/347 1012/1012/1012
f 343/343/343 898/898/898 899/899/899
f 900/900/900 343/343/343 899/899/899
f 344/344/344 936/936/936 343/343/343
f 344/344/344 345/345/345 1013/1013/1013
f 1014/1014/1014 347/347/347 348/348/348
f 938/938/938 898/898/898 343/343/343
f 937/937/937 938/938/938 343/343/343
f 935/935/935 936/936/936 344/344/344
f 933/933/933 934/934/934 344/344/344
f 935/935/935 344/344/344 934/934/934
f 937/937/937 343/343/343 936/936/936
f 1011/1011/1011 1015/1015/1015 1016/1016/1016 1017/1017/1017
f 1011/1011/1011 1017/1017/1017 345/345/345
f 1018/1018/1018 1019/1019/1019 1015/1015/1015 1011/1011/1011
f 1012/1012/1012 1018/1018/1018 346/346/346
f 1011/1011/1011 346/346/346 1018/1018/1018
f 1012/1012/1012 1020/1020/1020 1019/1019/1019 1018/1018/1018
f 932/932/932 1021/1021/1021 931/931/931
f 1013/1013/1013 1021/1021/1021 932/932/932
f 933/933/933 344/344/344 1013/1013/1013
f 1013/1013/1013 932/932/932 933/933/933
f 1017/1017/1017 1016/1016/1016 1021/1021/1021 1013/1013/1013
f 1014/1014/1014 1022/1022/1022 1020/1020/1020 1012/1012/1012
f 1013/1013/1013 345/345/345 1017/1017/1017
f 1012/1012/1012 347/347/347 1014/1014/1014
f 1023/1023/1023 1014/1014/1014 348/348/348
f 349/349/349 280/280/280 279/279/279
f 1024/1024/1024 348/348/348 349/349/349
f 350/350/350 277/277/277 349/349/349
f 349/349/349 277/277/277 280/280/280
f 350/350/350 281/281/281 283/283/283
f 283/283/283 277/277/277 350/350/350
f 281/281/281 350/350/350 286/286/286
f 1024/1024/1024 349/349/349 279/279/279
f 353/353/353 354/354/354 301/301/301
f 354/354/354 355/355/355 304/304/304
f 350/350/350 351/351/351 284/284/284
f 286/286/286 350/350/350 284/284/284
f 352/352/352 290/290/290 351/351/351
f 352/352/352 353/353/353 298/298/298
f 307/307/307 355/355/355 356/356/356
f 351/351/351 289/289/289 284/284/284
f 351/351/351 287/287/287 289/289/289
f 351/351/351 290/290/290 292/292/292
f 352/352/352 293/293/293 295/295/295
f 295/295/295 290/290/290 352/352/352
f 292/292/292 287/287/287 351/351/351
f 353/353/353 296/296/296 298/298/298
f 354/354/354 299/299/299 301/301/301
f 301/301/301 296/296/296 353/353/353
f 355/355/355 302/302/302 304/304/304
f 356/356/356 305/305/305 307/307/307
f 307/307/307 302/302/302 355/355/355
f 304/304/304 299/299/299 354/354/354
f 298/298/298 293/293/293 352/352/352
f 1025/1025/1025 893/893/893 894/894/894
f 890/890/890 891/891/891 1003/1003/1003
f 892/892/892 1003/1003/1003 891/891/891
f 1003/1003/1003 892/892/892 1025/1025/1025
f 893/893/893 1025/1025/1025 892/892/892
f 1025/1025/1025 429/429/429 430/430/430 1003/1003/1003
f 1026/1026/1026 1025/1025/1025 894/894/894
f 431/431/431 1003/1003/1003 430/430/430
f 1027/1027/1027 929/929/929 930/930/930
f 928/928/928 1028/1028/1028 927/927/927
f 895/895/895 1026/1026/1026 894/894/894
f 897/897/897 1026/1026/1026 896/896/896
f 896/896/896 1026/1026/1026 895/895/895
f 1028/1028/1028 897/897/897 927/927/927
f 929/929/929 1028/1028/1028 928/928/928
f 1026/1026/1026 428/428/428 429/429/429 1025/1025/1025
f 391/391/391 1010/1010/1010 390/390/390
f 1010/1010/1010 391/391/391 1029/1029/1029
f 1029/1029/1029 391/391/391 392/392/392
f 538/538/538 1010/1010/1010 1029/1029/1029
f 1027/1027/1027 425/425/425 1028/1028/1028
f 929/929/929 1027/1027/1027 1028/1028/1028
f 1021/1021/1021 424/424/424 425/425/425 1027/1027/1027
f 424/424/424 1021/1021/1021 1016/1016/1016 423/423/423
f 1027/1027/1027 930/930/930 931/931/931
f 427/427/427 428/428/428 1026/1026/1026
f 1028/1028/1028 425/425/425 426/426/426
f 426/426/426 427/427/427 1028/1028/1028
f 1028/1028/1028 427/427/427 1026/1026/1026
f 1028/1028/1028 1026/1026/1026 897/897/897
f 931/931/931 1021/1021/1021 1027/1027/1027
f 890/890/890 1003/1003/1003 999/999/999
f 1015/1015/1015 422/422/422 423/423/423 1016/1016/1016
f 1019/1019/1019 421/421/421 422/422/422 1015/1015/1015
f 421/421/421 1019/1019/1019 1020/1020/1020 420/420/420
f 420/420/420 1020/1020/1020 1022/1022/1022 419/419/419
f 419/419/419 1022/1022/1022 1023/1023/1023 418/418/418
f 1023/1023/1023 1022/1022/1022 1014/1014/1014
f 1024/1024/1024 196/196/196 415/415/415
f 417/417/417 1023/1023/1023 1024/1024/1024
f 278/278/278 413/413/413 196/196/196
f 1024/1024/1024 279/279/279 196/196/196
f 199/199/199 411/411/411 278/278/278
f 1023/1023/1023 348/348/348 1024/1024/1024
f 1023/1023/1023 417/417/417 418/418/418
f 415/415/415 416/416/416 1024/1024/1024
f 1030/1030/1030 939/939/939 406/406/406
f 416/416/416 417/417/417 1024/1024/1024
f 196/196/196 413/413/413 414/414/414
f 278/278/278 411/411/411 412/412/412
f 412/412/412 413/413/413 278/278/278
f 408/408/408 1030/1030/1030 407/407/407
f 409/409/409 200/200/200 1030/1030/1030
f 409/409/409 1030/1030/1030 408/408/408
f 200/200/200 411/411/411 199/199/199
f 414/414/414 415/415/415 196/196/196
f 1030/1030/1030 406/406/406 407/407/407
f 410/410/410 411/411/411 200/200/200
f 540/540/540 1009/1009/1009 1010/1010/1010
f 547/547/547 1006/1006/1006 546/546/546
f 1006/1006/1006 544/544/544 545/545/545
f 1007/1007/1007 543/543/543 544/544/544
f 1005/1005/1005 548/548/548 176/176/176
f 1005/1005/1005 547/547/547 548/548/548
f 176/176/176 548/548/548 549/549/549
f 1006/1006/1006 545/545/545 546/546/546
f 176/176/176 549/549/549 550/550/550
f 551/551/551 464/464/464 550/550/550
f 462/462/462 463/463/463 551/551/551
f 463/463/463 464/464/464 551/551/551
f 550/550/550 464/464/464 465/465/465
f 467/467/467 177/177/177 466/466/466
f 176/176/176 465/465/465 177/177/177
f 550/550/550 465/465/465 176/176/176
f 461/461/461 552/552/552 460/460/460
f 553/553/553 460/460/460 552/552/552
f 553/553/553 458/458/458 459/459/459
f 460/460/460 553/553/553 459/459/459
f 462/462/462 551/551/551 461/461/461
f 177/177/177 468/468/468 469/469/469
f 552/552/552 461/461/461 551/551/551
f 177/177/177 467/467/467 468/468/468
f 469/469/469 470/470/470 1031/1031/1031
f 540/540/540 541/541/541 1009/1009/1009
f 539/539/539 540/540/540 1010/1010/1010
f 456/456/456 555/555/555 556/556/556 455/455/455
f 457/457/457 554/554/554 555/555/555
f 394/394/394 535/535/535 536/536/536 393/393/393
f 536/536/536 392/392/392 393/393/393
f 537/537/537 538/538/538 1029/1029/1029
f 536/536/536 537/537/537 392/392/392
f 535/535/535 394/394/394 395/395/395 534/534/534
f 1010/1010/1010 538/538/538 539/539/539
f 455/455/455 556/556/556 454/454/454
f 453/453/453 454/454/454 557/557/557
f 457/457/457 458/458/458 554/554/554
f 457/457/457 555/555/555 456/456/456
f 453/453/453 557/557/557 558/558/558 452/452/452
f 557/557/557 454/454/454 556/556/556
f 558/558/558 451/451/451 452/452/452
f 559/559/559 450/450/450 558/558/558
f 510/510/510 559/559/559 560/560/560 509/509/509
f 558/558/558 450/450/450 451/451/451
f 510/510/510 450/450/450 559/559/559
f 509/509/509 560/560/560 561/561/561
f 553/553/553 554/554/554 458/458/458
f 1029/1029/1029 392/392/392 537/537/537
f 115/115/115 116/116/116 111/111/111 110/110/110
f 120/120/120 121/121/121 116/116/116 115/115/115
f 130/130/130 131/131/131 126/126/126 125/125/125
f 140/140/140 141/141/141 136/136/136 135/135/135
f 135/135/135 136/136/136 131/131/131 130/130/130
f 125/125/125 126/126/126 121/121/121 120/120/120
f 150/150/150 151/151/151 146/146/146 145/145/145
f 155/155/155 156/156/156 151/151/151 150/150/150
f 162/162/162 163/163/163 160/160/160 159/159/159
f 168/168/168 169/169/169 166/166/166 165/165/165
f 165/165/165 166/166/166 163/163/163 162/162/162
f 159/159/159 160/160/160 156/156/156 155/155/155
f 145/145/145 146/146/146 141/141/141 140/140/140
f 171/171/171 172/172/172 169/169/169 168/168/168
f 471/471/471 1031/1031/1031 470/470/470
f 472/472/472 1031/1031/1031 471/471/471
f 177/177/177 178/178/178 175/175/175 174/174/174
f 473/473/473 1032/1032/1032 472/472/472
f 466/466/466 177/177/177 465/465/465
f 472/472/472 1032/1032/1032 1031/1031/1031
f 179/179/179 1031/1031/1031 180/180/180
f 475/475/475 1033/1033/1033 474/474/474
f 476/476/476 1033/1033/1033 475/475/475
f 1033/1033/1033 182/182/182 181/181/181 1032/1032/1032
f 474/474/474 1033/1033/1033 1032/1032/1032 473/473/473
f 477/477/477 1034/1034/1034 476/476/476
f 1034/1034/1034 1033/1033/1033 476/476/476
f 478/478/478 1034/1034/1034 477/477/477
f 1032/1032/1032 181/181/181 180/180/180 1031/1031/1031
f 174/174/174 175/175/175 172/172/172 171/171/171
f 177/177/177 1031/1031/1031 179/179/179
f 178/178/178 177/177/177 179/179/179
f 1035/1035/1035 184/184/184 183/183/183 1034/1034/1034
f 478/478/478 1035/1035/1035 1034/1034/1034
f 184/184/184 1035/1035/1035 479/479/479
f 479/479/479 1035/1035/1035 478/478/478
f 479/479/479 480/480/480 185/185/185
f 481/481/481 186/186/186 185/185/185 480/480/480
f 479/479/479 185/185/185 184/184/184
f 1034/1034/1034 183/183/183 182/182/182 1033/1033/1033
f 469/469/469 1031/1031/1031 177/177/177
f 532/532/532 396/396/396 397/397/397
f 533/533/533 395/395/395 396/396/396
f 533/533/533 534/534/534 395/395/395
f 398/398/398 531/531/531 532/532/532 397/397/397
f 396/396/396 532/532/532 533/533/533
f 400/400/400 529/529/529 399/399/399
f 528/528/528 529/529/529 400/400/400
f 531/531/531 398/398/398 399/399/399 530/530/530
f 530/530/530 399/399/399 529/529/529
f 500/500/500 567/567/567 568/568/568
f 506/506/506 563/563/563 564/564/564 505/505/505
f 507/507/507 562/562/562 563/563/563
f 508/508/508 561/561/561 562/562/562
f 507/507/507 508/508/508 562/562/562
f 507/507/507 563/563/563 506/506/506
f 565/565/565 504/504/504 505/505/505 564/564/564
f 566/566/566 503/503/503 504/504/504 565/565/565
f 566/566/566 502/502/502 503/503/503
f 501/501/501 502/502/502 567/567/567
f 502/502/502 566/566/566 567/567/567
f 501/501/501 567/567/567 500/500/500
f 528/528/528 400/400/400 401/401/401 527/527/527
f 524/524/524 402/402/402 403/403/403
f 526/526/526 401/401/401 402/402/402
f 401/401/401 526/526/526 527/527/527
f 402/402/402 524/524/524 525/525/525
f 525/525/525 526/526/526 402/402/402
f 524/524/524 403/403/403 523/523/523
f 523/523/523 404/404/404 939/939/939
f 520/520/520 521/521/521 1030/1030/1030
f 201/201/201 1030/1030/1030 200/200/200
f 519/519/519 520/520/520 1030/1030/1030
f 523/523/523 939/939/939 522/522/522
f 939/939/939 1030/1030/1030 521/521/521
f 522/522/522 939/939/939 521/521/521
f 201/201/201 518/518/518 1030/1030/1030
f 403/403/403 404/404/404 523/523/523
f 496/496/496 497/497/497 511/511/511
f 497/497/497 569/569/569 511/511/511
f 500/500/500 568/568/568 499/499/499
f 498/498/498 499/499/499 568/568/568
f 498/498/498 569/569/569 497/497/497
f 512/512/512 495/495/495 511/511/511
f 498/498/498 568/568/568 569/569/569
f 514/514/514 201/201/201 513/513/513
f 519/519/519 1030/1030/1030 518/518/518
f 517/517/517 518/518/518 201/201/201
f 494/494/494 513/513/513 197/197/197
f 516/516/516 201/201/201 515/515/515
f 201/201/201 516/516/516 517/517/517
f 201/201/201 514/514/514 515/515/515
f 200/200/200 409/409/409 410/410/410
f 197/197/197 513/513/513 201/201/201
f 187/187/187 483/483/483 484/484/484 188/188/188
f 187/187/187 482/482/482 483/483/483
f 189/189/189 485/485/485 486/486/486
f 190/190/190 487/487/487 488/488/488
f 189/189/189 486/486/486 487/487/487
f 188/188/188 484/484/484 485/485/485
f 194/194/194 449/449/449 489/489/489
f 194/194/194 448/448/448 449/449/449
f 194/194/194 446/446/446 447/447/447
f 194/194/194 445/445/445 446/446/446
f 447/447/447 448/448/448 194/194/194
f 190/190/190 488/488/488 438/438/438
f 186/186/186 482/482/482 187/187/187
f 191/191/191 438/438/438 439/439/439
f 189/189/189 188/188/188 485/485/485
f 191/191/191 190/190/190 438/438/438
f 189/189/189 487/487/487 190/190/190
f 191/191/191 439/439/439 440/440/440
f 192/192/192 440/440/440 441/441/441
f 193/193/193 443/443/443 444/444/444
f 193/193/193 192/192/192 442/442/442
f 441/441/441 442/442/442 192/192/192
f 443/443/443 193/193/193 442/442/442
f 193/193/193 444/444/444 194/194/194
f 194/194/194 444/444/444 445/445/445
f 191/191/191 440/440/440 192/192/192
f 194/194/194 489/489/489 490/490/490
f 482/482/482 186/186/186 481/481/481
f 495/495/495 496/496/496 511/511/511
f 494/494/494 495/495/495 512/512/512
f 494/494/494 197/197/197 493/493/493
f 513/513/513 494/494/494 512/512/512
f 202/202/202 203/203/203 198/198/198 197/197/197
f 197/197/197 195/195/195 493/493/493
f 207/207/207 208/208/208 203/203/203 202/202/202
f 212/212/212 213/213/213 208/208/208 207/207/207
f 222/222/222 223/223/223 218/218/218 217/217/217
f 217/217/217 218/218/218 213/213/213 212/212/212
f 232/232/232 233/233/233 228/228/228 227/227/227
f 242/242/242 243/243/243 238/238/238 237/237/237
f 237/237/237 238/238/238 233/233/233 232/232/232
f 227/227/227 228/228/228 223/223/223 222/222/222
f 247/247/247 248/248/248 243/243/243 242/242/242
f 195/195/195 491/491/491 492/492/492
f 194/194/194 491/491/491 195/195/195
f 493/493/493 195/195/195 492/492/492
f 195/195/195 197/197/197 198/198/198
f 490/490/490 491/491/491 194/194/194
f 508/508/508 509/509/509 561/561/561
f 1062/1062/1062 1058/1058/1058 1063/1063/1063
f 1063/1063/1063 1057/1057/1057 1064/1064/1064
f 1061/1061/1061 1060/1060/1060 1059/1059/1059
f 1061/1061/1061 1059/1059/1059 1062/1062/1062
f 1065/1065/1065 1064/1064/1064 1056/1056/1056
f 1069/1069/1069 1068/1068/1068 1052/1052/1052
f 1070/1070/1070 1069/1069/1069 1051/1051/1051
f 1067/1067/1067 1066/1066/1066 1054/1054/1054
f 1068/1068/1068 1067/1067/1067 1053/1053/1053
f 1065/1065/1065 1055/1055/1055 1066/1066/1066
f 1071/1071/1071 1070/1070/1070 1050/1050/1050
f 1059/1059/1059 1058/1058/1058 1062/1062/1062
f 1058/1058/1058 1057/1057/1057 1063/1063/1063
f 1064/1064/1064 1057/1057/1057 1056/1056/1056
f 1056/1056/1056 1055/1055/1055 1065/1065/1065
f 1066/1066/1066 1055/1055/1055 1054/1054/1054
f 1067/1067/1067 1054/1054/1054 1053/1053/1053
f 1068/1068/1068 1053/1053/1053 1052/1052/1052
f 1051/1051/1051 1069/1069/1069 1052/1052/1052
f 1070/1070/1070 1051/1051/1051 1050/1050/1050
f 1071/1071/1071 1050/1050/1050 1049/1049/1049
f 1048/1048/1048 1072/1072/1072 1049/1049/1049
f 1072/1072/1072 1071/1071/1071 1049/1049/1049
f 1048/1048/1048 1047/1047/1047 1073/1073/1073
f 1047/1047/1047 1074/1074/1074 1073/1073/1073
f 1075/1075/1075 1045/1045/1045 1076/1076/1076
f 1075/1075/1075 1074/1074/1074 1046/1046/1046
f 1076/1076/1076 1044/1044/1044 1077/1077/1077
f 1078/1078/1078 1042/1042/1042 1079/1079/1079
f 1079/1079/1079 1041/1041/1041 1080/1080/1080
f 1082/1082/1082 1081/1081/1081 1039/1039/1039
f 1040/1040/1040 1081/1081/1081 1080/1080/1080
f 1043/1043/1043 1078/1078/1078 1077/1077/1077
f 1083/1083/1083 1082/1082/1082 1038/1038/1038
f 1043/1043/1043 1042/1042/1042 1078/1078/1078
f 1044/1044/1044 1043/1043/1043 1077/1077/1077
f 1046/1046/1046 1045/1045/1045 1075/1075/1075
f 1044/1044/1044 1076/1076/1076 1045/1045/1045
f 1074/1074/1074 1047/1047/1047 1046/1046/1046
f 1038/1038/1038 1037/1037/1037 1083/1083/1083
f 1082/1082/1082 1039/1039/1039 1038/1038/1038
f 1080/1080/1080 1041/1041/1041 1040/1040/1040
f 1040/1040/1040 1039/1039/1039 1081/1081/1081
f 1079/1079/1079 1042/1042/1042 1041/1041/1041
f 1037/1037/1037 1036/1036/1036 1083/1083/1083
f 1072/1072/1072 1048/1048/1048 1073/1073/1073
f 1132/1132/1132 1130/1130/1130 1131/1131/1131
f 1135/1135/1135 1133/1133/1133 1134/1134/1134
f 1132/1132/1132 1133/1133/1133 1135/1135/1135
f 1124/1124/1124 1130/1130/1130 1132/1132/1132
f 1128/1128/1128 1126/1126/1126 1127/1127/1127
f 1130/1130/1130 1128/1128/1128 1129/1129/1129
f 1126/1126/1126 1128/1128/1128 1130/1130/1130
f 1130/1130/1130 1124/1124/1124 1126/1126/1126
f 1139/1139/1139 1132/1132/1132 1135/1135/1135
f 1142/1142/1142 1140/1140/1140 1141/1141/1141
f 1150/1150/1150 1124/1124/1124 1140/1140/1140
f 1143/1143/1143 1144/1144/1144 1142/1142/1142
f 1150/1150/1150 1140/1140/1140 1142/1142/1142
f 1135/1135/1135 1137/1137/1137 1138/1138/1138
f 1139/1139/1139 1140/1140/1140 1124/1124/1124
f 1139/1139/1139 1135/1135/1135 1138/1138/1138
f 1132/1132/1132 1139/1139/1139 1124/1124/1124
f 1137/1137/1137 1135/1135/1135 1136/1136/1136
f 1142/1142/1142 1144/1144/1144 1150/1150/1150
f 1118/1118/1118 1123/1123/1123 1115/1115/1115
f 1122/1122/1122 1123/1123/1123 1121/1121/1121
f 1123/1123/1123 1120/1120/1120 1121/1121/1121
f 1124/1124/1124 1150/1150/1150 1123/1123/1123
f 1118/1118/1118 1119/1119/1119 1120/1120/1120
f 1116/1116/1116 1117/1117/1117 1115/1115/1115
f 1123/1123/1123 1118/1118/1118 1120/1120/1120
f 1115/1115/1115 1117/1117/1117 1118/1118/1118
f 1124/1124/1124 1125/1125/1125 1126/1126/1126
f 1113/1113/1113 1114/1114/1114 1115/1115/1115
f 1112/1112/1112 1113/1113/1113 1110/1110/1110
f 1110/1110/1110 1111/1111/1111 1112/1112/1112
f 1123/1123/1123 1113/1113/1113 1115/1115/1115
f 1109/1109/1109 1110/1110/1110 1108/1108/1108
f 1107/1107/1107 1108/1108/1108 1110/1110/1110
f 1105/1105/1105 1106/1106/1106 1104/1104/1104
f 1110/1110/1110 1113/1113/1113 1123/1123/1123
f 1087/1087/1087 1110/1110/1110 1123/1123/1123
f 1110/1110/1110 1098/1098/1098 1107/1107/1107
f 1106/1106/1106 1107/1107/1107 1104/1104/1104
f 1145/1145/1145 1146/1146/1146 1144/1144/1144
f 1148/1148/1148 1146/1146/1146 1147/1147/1147
f 1149/1149/1149 1150/1150/1150 1144/1144/1144
f 1148/1148/1148 1149/1149/1149 1146/1146/1146
f 1150/1150/1150 1084/1084/1084 1123/1123/1123
f 1150/1150/1150 1152/1152/1152 1154/1154/1154
f 1150/1150/1150 1154/1154/1154 1160/1160/1160
f 1153/1153/1153 1154/1154/1154 1152/1152/1152
f 1152/1152/1152 1150/1150/1150 1151/1151/1151
f 1154/1154/1154 1155/1155/1155 1156/1156/1156
f 1154/1154/1154 1157/1157/1157 1160/1160/1160
f 1157/1157/1157 1159/1159/1159 1160/1160/1160
f 1158/1158/1158 1159/1159/1159 1157/1157/1157
f 1084/1084/1084 1150/1150/1150 1160/1160/1160
f 1162/1162/1162 1164/1164/1164 1160/1160/1160
f 1160/1160/1160 1164/1164/1164 1084/1084/1084
f 1163/1163/1163 1164/1164/1164 1162/1162/1162
f 1161/1161/1161 1162/1162/1162 1160/1160/1160
f 1157/1157/1157 1154/1154/1154 1156/1156/1156
f 1084/1084/1084 1164/1164/1164 1165/1165/1165
f 1104/1104/1104 1107/1107/1107 1098/1098/1098
f 1097/1097/1097 1098/1098/1098 1096/1096/1096
f 1096/1096/1096 1087/1087/1087 1095/1095/1095
f 1100/1100/1100 1098/1098/1098 1099/1099/1099
f 1102/1102/1102 1103/1103/1103 1104/1104/1104
f 1101/1101/1101 1102/1102/1102 1100/1100/1100
f 1098/1098/1098 1102/1102/1102 1104/1104/1104
f 1102/1102/1102 1098/1098/1098 1100/1100/1100
f 1098/1098/1098 1110/1110/1110 1096/1096/1096
f 1095/1095/1095 1087/1087/1087 1094/1094/1094
f 1085/1085/1085 1086/1086/1086 1084/1084/1084
f 1087/1087/1087 1084/1084/1084 1086/1086/1086
f 1089/1089/1089 1087/1087/1087 1088/1088/1088
f 1093/1093/1093 1094/1094/1094 1092/1092/1092
f 1092/1092/1092 1094/1094/1094 1087/1087/1087
f 1091/1091/1091 1092/1092/1092 1090/1090/1090
f 1092/1092/1092 1087/1087/1087 1090/1090/1090
f 1090/1090/1090 1087/1087/1087 1089/1089/1089
f 1096/1096/1096 1110/1110/1110 1087/1087/1087
f 1084/1084/1084 1087/1087/1087 1123/1123/1123
f 1149/1149/1149 1144/1144/1144 1146/1146/1146
f 1174/1174/1174 1173/1173/1173 1167/1167/1167 1168/1168/1168
f 1175/1175/1175 1174/1174/1174 1168/1168/1168 1169/1169/1169
f 1176/1176/1176 1175/1175/1175 1169/1169/1169 1170/1170/1170
f 1178/1178/1178 1177/1177/1177 1171/1171/1171 1172/1172/1172
f 1179/1179/1179 1178/1178/1178 1172/1172/1172 1173/1173/1173
f 1180/1180/1180 1179/1179/1179 1173/1173/1173 1174/1174/1174
f 1181/1181/1181 1180/1180/1180 1174/1174/1174 1175/1175/1175
f 1182/1182/1182 1181/1181/1181 1175/1175/1175 1176/1176/1176
f 1184/1184/1184 1183/1183/1183 1177/1177/1177 1178/1178/1178
f 1185/1185/1185 1184/1184/1184 1178/1178/1178 1179/1179/1179
f 1186/1186/1186 1185/1185/1185 1179/1179/1179 1180/1180/1180
f 1187/1187/1187 1186/1186/1186 1180/1180/1180 1181/1181/1181
f 1188/1188/1188 1187/1187/1187 1181/1181/1181 1182/1182/1182
f 1190/1190/1190 1189/1189/1189 1183/1183/1183 1184/1184/1184
f 1191/1191/1191 1190/1190/1190 1184/1184/1184 1185/1185/1185
f 1192/1192/1192 1191/1191/1191 1185/1185/1185 1186/1186/1186
f 1193/1193/1193 1192/1192/1192 1186/1186/1186 1187/1187/1187
f 1194/1194/1194 1193/1193/1193 1187/1187/1187 1188/1188/1188
f 1195/1195/1195 1191/1191/1191 1192/1192/1192
f 1196/1196/1196 1195/1195/1195 1192/1192/1192 1193/1193/1193
f 1197/1197/1197 1196/1196/1196 1193/1193/1193 1194/1194/1194
f 1209/1209/1209 1167/1167/1167 1173/1173/1173
f 1209/1209/1209 1172/1172/1172 1210/1210/1210
f 1168/1168/1168 1167/1167/1167 1208/1208/1208
f 1209/1209/1209 1208/1208/1208 1167/1167/1167
f 1207/1207/1207 1168/1168/1168 1208/1208/1208
f 1211/1211/1211 1210/1210/1210 1172/1172/1172
f 1171/1171/1171 1214/1214/1214 1213/1213/1213
f 1177/1177/1177 1214/1214/1214 1171/1171/1171
f 1212/1212/1212 1171/1171/1171 1213/1213/1213
f 1209/1209/1209 1173/1173/1173 1172/1172/1172
f 1172/1172/1172 1171/1171/1171 1212/1212/1212
f 1212/1212/1212 1211/1211/1211 1172/1172/1172
f 1177/1177/1177 1215/1215/1215 1214/1214/1214
f 1205/1205/1205 1229/1229/1229 1170/1170/1170
f 1205/1205/1205 1170/1170/1170 1206/1206/1206
f 1229/1229/1229 1204/1204/1204 1166/1166/1166
f 1205/1205/1205 1204/1204/1204 1229/1229/1229
f 1169/1169/1169 1207/1207/1207 1206/1206/1206
f 1170/1170/1170 1228/1228/1228 1227/1227/1227 1176/1176/1176
f 1206/1206/1206 1170/1170/1170 1169/1169/1169
f 1203/1203/1203 1188/1188/1188 1182/1182/1182 1226/1226/1226
f 1226/1226/1226 1182/1182/1182 1176/1176/1176 1227/1227/1227
f 1169/1169/1169 1168/1168/1168 1207/1207/1207
f 1229/1229/1229 1228/1228/1228 1170/1170/1170
f 1216/1216/1216 1215/1215/1215 1183/1183/1183
f 1217/1217/1217 1216/1216/1216 1183/1183/1183
f 1217/1217/1217 1183/1183/1183 1189/1189/1189
f 1218/1218/1218 1189/1189/1189 1190/1190/1190
f 1189/1189/1189 1218/1218/1218 1217/1217/1217
f 1190/1190/1190 1220/1220/1220 1219/1219/1219
f 1191/1191/1191 1220/1220/1220 1190/1190/1190
f 1221/1221/1221 1191/1191/1191 1195/1195/1195
f 1195/1195/1195 1222/1222/1222 1221/1221/1221
f 1221/1221/1221 1220/1220/1220 1191/1191/1191
f 1223/1223/1223 1222/1222/1222 1195/1195/1195
f 1218/1218/1218 1190/1190/1190 1219/1219/1219
f 1188/1188/1188 1203/1203/1203 1202/1202/1202
f 1188/1188/1188 1202/1202/1202 1201/1201/1201 1194/1194/1194
f 1194/1194/1194 1201/1201/1201 1200/1200/1200
f 1200/1200/1200 1197/1197/1197 1194/1194/1194
f 1196/1196/1196 1224/1224/1224 1195/1195/1195
f 1225/1225/1225 1224/1224/1224 1196/1196/1196
f 1200/1200/1200 1199/1199/1199 1197/1197/1197
f 1225/1225/1225 1197/1197/1197 1199/1199/1199
f 1199/1199/1199 1198/1198/1198 1225/1225/1225
f 1225/1225/1225 1196/1196/1196 1197/1197/1197
f 1195/1195/1195 1224/1224/1224 1223/1223/1223
f 1183/1183/1183 1215/1215/1215 1177/1177/1177
f 1256/1256/1256 1258/1258/1258 1257/1257/1257
f 1258/1258/1258 1256/1256/1256 1255/1255/1255
f 1255/1255/1255 1254/1254/1254 1258/1258/1258
f 1252/1252/1252 1259/1259/1259 1253/1253/1253
f 1259/1259/1259 1254/1254/1254 1253/1253/1253
f 1251/1251/1251 1260/1260/1260 1259/1259/1259
f 1258/1258/1258 1254/1254/1254 1259/1259/1259
f 1251/1251/1251 1259/1259/1259 1252/1252/1252
f 1250/1250/1250 1260/1260/1260 1251/1251/1251
f 1260/1260/1260 1250/1250/1250 1249/1249/1249
f 1249/1249/1249 1248/1248/1248 1260/1260/1260
f 1247/1247/1247 1260/1260/1260 1248/1248/1248
f 1247/1247/1247 1246/1246/1246 1261/1261/1261
f 1246/1246/1246 1245/1245/1245 1261/1261/1261
f 1244/1244/1244 1261/1261/1261 1245/1245/1245
f 1247/1247/1247 1261/1261/1261 1260/1260/1260
f 1242/1242/1242 1261/1261/1261 1243/1243/1243
f 1244/1244/1244 1243/1243/1243 1261/1261/1261
f 1261/1261/1261 1242/1242/1242 1241/1241/1241
f 1241/1241/1241 1262/1262/1262 1261/1261/1261
f 1263/1263/1263 1262/1262/1262 1239/1239/1239
f 1232/1232/1232 1230/1230/1230 1264/1264/1264
f 1236/1236/1236 1264/1264/1264 1263/1263/1263
f 1241/1241/1241 1240/1240/1240 1262/1262/1262
f 1264/1264/1264 1234/1234/1234 1232/1232/1232
f 1239/1239/1239 1262/1262/1262 1240/1240/1240
f 1238/1238/1238 1263/1263/1263 1239/1239/1239
f 1263/1263/1263 1238/1238/1238 1237/1237/1237
f 1237/1237/1237 1236/1236/1236 1263/1263/1263
f 1235/1235/1235 1264/1264/1264 1236/1236/1236
f 1264/1264/1264 1235/1235/1235 1234/1234/1234
f 1232/1232/1232 1234/1234/1234 1233/1233/1233
f 1233/1233/1233 1231/1231/1231 1232/1232/1232
f 1272/1272/1272 1266/1266/1266 1265/1265/1265
f 1266/1266/1266 1298/1298/1298 1267/1267/1267
f 1272/1272/1272 1301/1301/1301 1266/1266/1266
f 1293/1293/1293 1269/1269/1269 1268/1268/1268
f 1293/1293/1293 1292/1292/1292 1269/1269/1269
f 1291/1291/1291 1269/1269/1269 1292/1292/1292
f 1291/1291/1291 1290/1290/1290 1269/1269/1269
f 1296/1296/1296 1268/1268/1268 1267/1267/1267
f 1268/1268/1268 1294/1294/1294 1293/1293/1293
f 1300/1300/1300 1266/1266/1266 1301/1301/1301
f 1272/1272/1272 1271/1271/1271 1301/1301/1301
f 1299/1299/1299 1266/1266/1266 1300/1300/1300
f 1268/1268/1268 1296/1296/1296 1295/1295/1295
f 1267/1267/1267 1298/1298/1298 1297/1297/1297
f 1297/1297/1297 1296/1296/1296 1267/1267/1267
f 1266/1266/1266 1299/1299/1299 1298/1298/1298
f 1295/1295/1295 1294/1294/1294 1268/1268/1268
f 1273/1273/1273 1270/1270/1270 1284/1284/1284
f 1282/1282/1282 1274/1274/1274 1273/1273/1273
f 1275/1275/1275 1274/1274/1274 1280/1280/1280
f 1274/1274/1274 1281/1281/1281 1280/1280/1280
f 1279/1279/1279 1276/1276/1276 1275/1275/1275
f 1279/1279/1279 1278/1278/1278 1276/1276/1276
f 1277/1277/1277 1276/1276/1276 1278/1278/1278
f 1280/1280/1280 1279/1279/1279 1275/1275/1275
f 1270/1270/1270 1287/1287/1287 1286/1286/1286
f 1269/1269/1269 1289/1289/1289 1288/1288/1288
f 1287/1287/1287 1270/1270/1270 1288/1288/1288
f 1289/1289/1289 1269/1269/1269 1290/1290/1290
f 1273/1273/1273 1283/1283/1283 1282/1282/1282
f 1270/1270/1270 1285/1285/1285 1284/1284/1284
f 1284/1284/1284 1283/1283/1283 1273/1273/1273
f 1270/1270/1270 1286/1286/1286 1285/1285/1285
f 1274/1274/1274 1282/1282/1282 1281/1281/1281
f 1288/1288/1288 1270/1270/1270 1269/1269/1269
f 1308/1308/1308 1309/1309/1309 1302/1302/1302
f 1309/1309/1309 1308/1308/1308 1307/1307/1307
f 1307/1307/1307 1310/1310/1310 1309/1309/1309
f 1305/1305/1305 1303/1303/1303 1310/1310/1310
f 1304/1304/1304 1305/1305/1305 1306/1306/1306
f 1310/1310/1310 1306/1306/1306 1305/1305/1305
f 1307/1307/1307 1306/1306/1306 1310/1310/1310
f 1315/1315/1315 1311/1311/1311 1312/1312/1312
f 1316/1316/1316 1315/1315/1315 1312/1312/1312 1313/1313/1313
f 1319/1319/1319 1314/1314/1314 1315/1315/1315
f 1320/1320/1320 1319/1319/1319 1315/1315/1315 1316/1316/1316
f 1321/1321/1321 1320/1320/1320 1316/1316/1316 1317/1317/1317
f 1324/1324/1324 1318/1318/1318 1319/1319/1319
f 1325/1325/1325 1324/1324/1324 1319/1319/1319 1320/1320/1320
f 1326/1326/1326 1325/1325/1325 1320/1320/1320 1321/1321/1321
f 1327/1327/1327 1326/1326/1326 1321/1321/1321 1322/1322/1322
f 1329/1329/1329 1323/1323/1323 1324/1324/1324
f 1330/1330/1330 1329/1329/1329 1324/1324/1324 1325/1325/1325
f 1331/1331/1331 1330/1330/1330 1325/1325/1325 1326/1326/1326
f 1332/1332/1332 1331/1331/1331 1326/1326/1326 1327/1327/1327
f 1334/1334/1334 1328/1328/1328 1329/1329/1329
f 1335/1335/1335 1334/1334/1334 1329/1329/1329 1330/1330/1330
f 1336/1336/1336 1335/1335/1335 1330/1330/1330 1331/1331/1331
f 1337/1337/1337 1336/1336/1336 1331/1331/1331 1332/1332/1332
f 1339/1339/1339 1333/1333/1333 1334/1334/1334
f 1340/1340/1340 1339/1339/1339 1334/1334/1334 1335/1335/1335
f 1341/1341/1341 1340/1340/1340 1335/1335/1335 1336/1336/1336
f 1342/1342/1342 1341/1341/1341 1336/1336/1336 1337/1337/1337
f 1344/1344/1344 1338/1338/1338 1339/1339/1339
f 1345/1345/1345 1344/1344/1344 1339/1339/1339 1340/1340/1340
f 1346/1346/1346 1345/1345/1345 1340/1340/1340 1341/1341/1341
f 1347/1347/1347 1346/1346/1346 1341/1341/1341 1342/1342/1342
f 1349/1349/1349 1343/1343/1343 1344/1344/1344
f 1350/1350/1350 1349/1349/1349 1344/1344/1344 1345/1345/1345
f 1351/1351/1351 1350/1350/1350 1345/1345/1345 1346/1346/1346
f 1352/1352/1352 1351/1351/1351 1346/1346/1346 1347/1347/1347
f 1354/1354/1354 1348/1348/1348 1349/1349/1349
f 1355/1355/1355 1354/1354/1354 1349/1349/1349 1350/1350/1350
f 1356/1356/1356 1355/1355/1355 1350/1350/1350 1351/1351/1351
f 1357/1357/1357 1356/1356/1356 1351/1351/1351 1352/1352/1352
f 1359/1359/1359 1353/1353/1353 1354/1354/1354
f 1360/1360/1360 1359/1359/1359 1354/1354/1354 1355/1355/1355
f 1362/1362/1362 1358/1358/1358 1359/1359/1359
f 1363/1363/1363 1362/1362/1362 1359/1359/1359 1360/1360/1360
f 1364/1364/1364 1361/1361/1361 1362/1362/1362
f 1365/1365/1365 1364/1364/1364 1362/1362/1362 1363/1363/1363
f 1382/1382/1382 1381/1381/1381 1313/1313/1313
f 1380/1380/1380 1313/1313/1313 1381/1381/1381
f 1380/1380/1380 1379/1379/1379 1316/1316/1316
f 1317/1317/1317 1379/1379/1379 1378/1378/1378
f 1316/1316/1316 1313/1313/1313 1380/1380/1380
f 1377/1377/1377 1321/1321/1321 1317/1317/1317
f 1379/1379/1379 1317/1317/1317 1316/1316/1316
f 1377/1377/1377 1376/1376/1376 1321/1321/1321
f 1322/1322/1322 1321/1321/1321 1376/1376/1376
f 1375/1375/1375 1322/1322/1322 1376/1376/1376
f 1378/1378/1378 1377/1377/1377 1317/1317/1317
f 1375/1375/1375 1374/1374/1374 1322/1322/1322
f 1322/1322/1322 1397/1397/1397 1396/1396/1396 1327/1327/1327
f 1322/1322/1322 1373/1373/1373 1397/1397/1397
f 1372/1372/1372 1397/1397/1397 1373/1373/1373
f 1322/1322/1322 1374/1374/1374 1373/1373/1373
f 1395/1395/1395 1332/1332/1332 1327/1327/1327 1396/1396/1396
f 1332/1332/1332 1395/1395/1395 1394/1394/1394 1337/1337/1337
f 1337/1337/1337 1394/1394/1394 1393/1393/1393
f 1337/1337/1337 1393/1393/1393 1371/1371/1371 1342/1342/1342
f 1360/1360/1360 1355/1355/1355 1356/1356/1356
f 1386/1386/1386 1360/1360/1360 1387/1387/1387
f 1387/1387/1387 1360/1360/1360 1388/1388/1388
f 1389/1389/1389 1388/1388/1388 1356/1356/1356
f 1360/1360/1360 1356/1356/1356 1388/1388/1388
f 1357/1357/1357 1389/1389/1389 1356/1356/1356
f 1384/1384/1384 1365/1365/1365 1363/1363/1363
f 1383/1383/1383 1365/1365/1365 1384/1384/1384
f 1385/1385/1385 1384/1384/1384 1363/1363/1363
f 1385/1385/1385 1360/1360/1360 1386/1386/1386
f 1363/1363/1363 1360/1360/1360 1385/1385/1385
f 1342/1342/1342 1371/1371/1371 1370/1370/1370 1347/1347/1347
f 1347/1347/1347 1369/1369/1369 1368/1368/1368 1352/1352/1352
f 1347/1347/1347 1370/1370/1370 1369/1369/1369
f 1357/1357/1357 1392/1392/1392 1391/1391/1391
f 1357/1357/1357 1391/1391/1391 1390/1390/1390
f 1367/1367/1367 1357/1357/1357 1352/1352/1352 1368/1368/1368
f 1367/1367/1367 1366/1366/1366 1357/1357/1357
f 1392/1392/1392 1357/1357/1357 1366/1366/1366
f 1390/1390/1390 1389/1389/1389 1357/1357/1357
f 1427/1427/1427 1424/1424/1424 1423/1423/1423
f 1423/1423/1423 1422/1422/1422 1427/1427/1427
f 1398/1398/1398 1424/1424/1424 1427/1427/1427
f 1420/1420/1420 1427/1427/1427 1421/1421/1421
f 1429/1429/1429 1428/1428/1428 1412/1412/1412
f 1417/1417/1417 1428/1428/1428 1427/1427/1427
f 1422/1422/1422 1421/1421/1421 1427/1427/1427
f 1419/1419/1419 1427/1427/1427 1420/1420/1420
f 1418/1418/1418 1427/1427/1427 1419/1419/1419
f 1427/1427/1427 1418/1418/1418 1417/1417/1417
f 1417/1417/1417 1416/1416/1416 1428/1428/1428
f 1415/1415/1415 1428/1428/1428 1416/1416/1416
f 1428/1428/1428 1415/1415/1415 1414/1414/1414
f 1428/1428/1428 1414/1414/1414 1413/1413/1413
f 1413/1413/1413 1412/1412/1412 1428/1428/1428
f 1412/1412/1412 1411/1411/1411 1429/1429/1429
f 1410/1410/1410 1409/1409/1409 1430/1430/1430
f 1409/1409/1409 1408/1408/1408 1430/1430/1430
f 1410/1410/1410 1429/1429/1429 1411/1411/1411
f 1431/1431/1431 1430/1430/1430 1406/1406/1406
f 1431/1431/1431 1401/1401/1401 1399/1399/1399
f 1408/1408/1408 1407/1407/1407 1430/1430/1430
f 1410/1410/1410 1430/1430/1430 1429/1429/1429
f 1401/1401/1401 1431/1431/1431 1404/1404/1404
f 1431/1431/1431 1406/1406/1406 1405/1405/1405
f 1431/1431/1431 1405/1405/1405 1404/1404/1404
f 1406/1406/1406 1430/1430/1430 1407/1407/1407
f 1402/1402/1402 1401/1401/1401 1403/1403/1403
f 1426/1426/1426 1401/1401/1401 1402/1402/1402
f 1401/1401/1401 1404/1404/1404 1403/1403/1403
f 1425/1425/1425 1401/1401/1401 1426/1426/1426
f 1425/1425/1425 1400/1400/1400 1401/1401/1401
f 1437/1437/1437 1434/1434/1434 1432/1432/1432
f 1436/1436/1436 1434/1434/1434 1437/1437/1437
f 1436/1436/1436 1443/1443/1443 1434/1434/1434
f 1442/1442/1442 1434/1434/1434 1443/1443/1443
f 1442/1442/1442 1441/1441/1441 1434/1434/1434
f 1438/1438/1438 1433/1433/1433 1435/1435/1435
f 1439/1439/1439 1438/1438/1438 1435/1435/1435
f 1441/1441/1441 1440/1440/1440 1435/1435/1435
f 1439/1439/1439 1435/1435/1435 1440/1440/1440
f 1434/1434/1434 1441/1441/1441 1435/1435/1435
f 1454/1454/1454 1450/1450/1450 1444/1444/1444
f 1450/1450/1450 1454/1454/1454 1449/1449/1449
f 1467/1467/1467 1452/1452/1452 1468/1468/1468
f 1451/1451/1451 1468/1468/1468 1452/1452/1452
f 1451/1451/1451 1469/1469/1469 1468/1468/1468
f 1450/1450/1450 1448/1448/1448 1447/1447/1447 1451/1451/1451
f 1451/1451/1451 1470/1470/1470 1469/1469/1469
f 1449/1449/1449 1454/1454/1454 1445/1445/1445
f 1448/1448/1448 1450/1450/1450 1449/1449/1449
f 1447/1447/1447 1472/1472/1472 1451/1451/1451
f 1472/1472/1472 1471/1471/1471 1451/1451/1451
f 1470/1470/1470 1451/1451/1451 1471/1471/1471
f 1453/1453/1453 1452/1452/1452 1463/1463/1463
f 1457/1457/1457 1453/1453/1453 1458/1458/1458
f 1458/1458/1458 1453/1453/1453 1459/1459/1459
f 1453/1453/1453 1456/1456/1456 1455/1455/1455
f 1456/1456/1456 1453/1453/1453 1457/1457/1457
f 1455/1455/1455 1446/1446/1446 1453/1453/1453
f 1452/1452/1452 1464/1464/1464 1463/1463/1463
f 1452/1452/1452 1465/1465/1465 1464/1464/1464
f 1452/1452/1452 1466/1466/1466 1465/1465/1465
f 1453/1453/1453 1461/1461/1461 1460/1460/1460
f 1461/1461/1461 1453/1453/1453 1462/1462/1462
f 1453/1453/1453 1463/1463/1463 1462/1462/1462
f 1459/1459/1459 1453/1453/1453 1460/1460/1460
f 1467/1467/1467 1466/1466/1466 1452/1452/1452
f 1476/1476/1476 1473/1473/1473 1474/1474/1474
f 1478/1478/1478 1475/1475/1475 1476/1476/1476
f 1480/1480/1480 1477/1477/1477 1478/1478/1478
f 1478/1478/1478 1481/1481/1481 1480/1480/1480
f 1484/1484/1484 1479/1479/1479 1480/1480/1480
f 1485/1485/1485 1484/1484/1484 1480/1480/1480 1481/1481/1481
f 1486/1486/1486 1485/1485/1485 1481/1481/1481 1482/1482/1482
f 1488/1488/1488 1483/1483/1483 1484/1484/1484
f 1489/1489/1489 1488/1488/1488 1484/1484/1484 1485/1485/1485
f 1490/1490/1490 1489/1489/1489 1485/1485/1485 1486/1486/1486
f 1492/1492/1492 1487/1487/1487 1488/1488/1488
f 1493/1493/1493 1492/1492/1492 1488/1488/1488 1489/1489/1489
f 1494/1494/1494 1493/1493/1493 1489/1489/1489 1490/1490/1490
f 1496/1496/1496 1491/1491/1491 1492/1492/1492
f 1497/1497/1497 1496/1496/1496 1492/1492/1492 1493/1493/1493
f 1498/1498/1498 1497/1497/1497 1493/1493/1493 1494/1494/1494
f 1500/1500/1500 1495/1495/1495 1496/1496/1496
f 1501/1501/1501 1500/1500/1500 1496/1496/1496 1497/1497/1497
f 1502/1502/1502 1501/1501/1501 1497/1497/1497 1498/1498/1498
f 1504/1504/1504 1499/1499/1499 1500/1500/1500
f 1505/1505/1505 1504/1504/1504 1500/1500/1500 1501/1501/1501
f 1506/1506/1506 1505/1505/1505 1501/1501/1501 1502/1502/1502
f 1508/1508/1508 1503/1503/1503 1504/1504/1504
f 1509/1509/1509 1508/1508/1508 1504/1504/1504 1505/1505/1505
f 1510/1510/1510 1509/1509/1509 1505/1505/1505 1506/1506/1506
f 1512/1512/1512 1507/1507/1507 1508/1508/1508
f 1513/1513/1513 1512/1512/1512 1508/1508/1508 1509/1509/1509
f 1514/1514/1514 1513/1513/1513 1509/1509/1509 1510/1510/1510
f 1516/1516/1516 1511/1511/1511 1512/1512/1512
f 1517/1517/1517 1515/1515/1515 1516/1516/1516
f 1533/1533/1533 1474/1474/1474 1534/1534/1534
f 1476/1476/1476 1474/1474/1474 1533/1533/1533
f 1476/1476/1476 1533/1533/1533 1532/1532/1532
f 1532/1532/1532 1531/1531/1531 1478/1478/1478
f 1478/1478/1478 1476/1476/1476 1532/1532/1532
f 1481/1481/1481 1478/1478/1478 1530/1530/1530
f 1531/1531/1531 1530/1530/1530 1478/1478/1478
f 1529/1529/1529 1481/1481/1481 1530/1530/1530
f 1528/1528/1528 1482/1482/1482 1529/1529/1529
f 1481/1481/1481 1529/1529/1529 1482/1482/1482
f 1527/1527/1527 1482/1482/1482 1528/1528/1528
f 1527/1527/1527 1526/1526/1526 1482/1482/1482
f 1482/1482/1482 1548/1548/1548 1547/1547/1547 1486/1486/1486
f 1526/1526/1526 1548/1548/1548 1482/1482/1482
f 1526/1526/1526 1525/1525/1525 1548/1548/1548
f 1547/1547/1547 1546/1546/1546 1486/1486/1486
f 1490/1490/1490 1546/1546/1546 1545/1545/1545
f 1486/1486/1486 1546/1546/1546 1490/1490/1490
f 1490/1490/1490 1545/1545/1545 1544/1544/1544 1494/1494/1494
f 1494/1494/1494 1544/1544/1544 1524/1524/1524
f 1494/1494/1494 1524/1524/1524 1523/1523/1523 1498/1498/1498
f 1539/1539/1539 1538/1538/1538 1513/1513/1513
f 1512/1512/1512 1513/1513/1513 1538/1538/1538
f 1540/1540/1540 1539/1539/1539 1513/1513/1513
f 1513/1513/1513 1514/1514/1514 1540/1540/1540
f 1540/1540/1540 1514/1514/1514 1541/1541/1541
f 1517/1517/1517 1516/1516/1516 1536/1536/1536
f 1535/1535/1535 1517/1517/1517 1536/1536/1536
f 1516/1516/1516 1538/1538/1538 1537/1537/1537
f 1516/1516/1516 1537/1537/1537 1536/1536/1536
f 1512/1512/1512 1538/1538/1538 1516/1516/1516
f 1522/1522/1522 1502/1502/1502 1498/1498/1498 1523/1523/1523
f 1502/1502/1502 1522/1522/1522 1521/1521/1521 1506/1506/1506
f 1506/1506/1506 1521/1521/1521 1520/1520/1520
f 1506/1506/1506 1520/1520/1520 1519/1519/1519 1510/1510/1510
f 1514/1514/1514 1510/1510/1510 1543/1543/1543
f 1541/1541/1541 1514/1514/1514 1542/1542/1542
f 1542/1542/1542 1514/1514/1514 1543/1543/1543
f 1518/1518/1518 1543/1543/1543 1519/1519/1519
f 1510/1510/1510 1519/1519/1519 1543/1543/1543
f 1551/1551/1551 1553/1553/1553 1555/1555/1555 1554/1554/1554
f 1556/1556/1556 1551/1551/1551 1554/1554/1554
f 1555/1555/1555 1557/1557/1557 1549/1549/1549
f 1554/1554/1554 1555/1555/1555 1563/1563/1563
f 1549/1549/1549 1563/1563/1563 1555/1555/1555
f 1557/1557/1557 1555/1555/1555 1553/1553/1553 1558/1558/1558
f 1553/1553/1553 1551/1551/1551 1576/1576/1576
f 1577/1577/1577 1576/1576/1576 1551/1551/1551
f 1562/1562/1562 1556/1556/1556 1554/1554/1554 1563/1563/1563
f 1581/1581/1581 1556/1556/1556 1562/1562/1562
f 1562/1562/1562 1550/1550/1550 1581/1581/1581
f 1581/1581/1581 1580/1580/1580 1556/1556/1556
f 1579/1579/1579 1551/1551/1551 1556/1556/1556
f 1579/1579/1579 1556/1556/1556 1580/1580/1580
f 1579/1579/1579 1578/1578/1578 1551/1551/1551
f 1551/1551/1551 1578/1578/1578 1577/1577/1577
f 1559/1559/1559 1558/1558/1558 1553/1553/1553
f 1560/1560/1560 1559/1559/1559 1575/1575/1575
f 1570/1570/1570 1561/1561/1561 1560/1560/1560
f 1566/1566/1566 1561/1561/1561 1567/1567/1567
f 1561/1561/1561 1568/1568/1568 1567/1567/1567
f 1561/1561/1561 1565/1565/1565 1564/1564/1564
f 1565/1565/1565 1561/1561/1561 1566/1566/1566
f 1564/1564/1564 1552/1552/1552 1561/1561/1561
f 1560/1560/1560 1574/1574/1574 1573/1573/1573
f 1560/1560/1560 1575/1575/1575 1574/1574/1574
f 1559/1559/1559 1576/1576/1576 1575/1575/1575
f 1561/1561/1561 1570/1570/1570 1569/1569/1569
f 1560/1560/1560 1572/1572/1572 1571/1571/1571
f 1571/1571/1571 1570/1570/1570 1560/1560/1560
f 1560/1560/1560 1573/1573/1573 1572/1572/1572
f 1569/1569/1569 1568/1568/1568 1561/1561/1561
f 1553/1553/1553 1576/1576/1576 1559/1559/1559
f 1583/1583/1583 1585/1585/1585 1588/1588/1588 1586/1586/1586
f 1587/1587/1587 1586/1586/1586 1588/1588/1588
f 1586/1586/1586 1589/1589/1589 1583/1583/1583
f 1614/1614/1614 1613/1613/1613 1612/1612/1612
f 1612/1612/1612 1611/1611/1611 1614/1614/1614
f 1582/1582/1582 1613/1613/1613 1614/1614/1614
f 1614/1614/1614 1587/1587/1587 1588/1588/1588 1615/1615/1615
f 1609/1609/1609 1587/1587/1587 1610/1610/1610
f 1587/1587/1587 1611/1611/1611 1610/1610/1610
f 1608/1608/1608 1587/1587/1587 1609/1609/1609
f 1587/1587/1587 1604/1604/1604 1586/1586/1586
f 1614/1614/1614 1611/1611/1611 1587/1587/1587
f 1607/1607/1607 1587/1587/1587 1608/1608/1608
f 1606/1606/1606 1587/1587/1587 1607/1607/1607
f 1587/1587/1587 1606/1606/1606 1605/1605/1605
f 1605/1605/1605 1604/1604/1604 1587/1587/1587
f 1586/1586/1586 1604/1604/1604 1603/1603/1603
f 1603/1603/1603 1602/1602/1602 1586/1586/1586
f 1602/1602/1602 1601/1601/1601 1586/1586/1586
f 1600/1600/1600 1586/1586/1586 1601/1601/1601
f 1585/1585/1585 1617/1617/1617 1616/1616/1616 1588/1588/1588
f 1615/1615/1615 1588/1588/1588 1616/1616/1616
f 1585/1585/1585 1583/1583/1583 1618/1618/1618
f 1583/1583/1583 1590/1590/1590 1618/1618/1618
f 1584/1584/1584 1618/1618/1618 1590/1590/1590
f 1591/1591/1591 1590/1590/1590 1583/1583/1583
f 1617/1617/1617 1585/1585/1585 1618/1618/1618
f 1598/1598/1598 1589/1589/1589 1599/1599/1599
f 1586/1586/1586 1599/1599/1599 1589/1589/1589
f 1598/1598/1598 1597/1597/1597 1589/1589/1589
f 1596/1596/1596 1589/1589/1589 1597/1597/1597
f 1596/1596/1596 1595/1595/1595 1589/1589/1589
f 1593/1593/1593 1592/1592/1592 1591/1591/1591
f 1595/1595/1595 1594/1594/1594 1591/1591/1591
f 1593/1593/1593 1591/1591/1591 1594/1594/1594
f 1583/1583/1583 1589/1589/1589 1595/1595/1595
f 1595/1595/1595 1591/1591/1591 1583/1583/1583
f 1600/1600/1600 1599/1599/1599 1586/1586/1586
f 1623/1623/1623 1622/1622/1622 1620/1620/1620 1621/1621/1621
f 1625/1625/1625 1624/1624/1624 1622/1622/1622 1623/1623/1623
f 1639/1639/1639 1640/1640/1640 1619/1619/1619
f 1620/1620/1620 1640/1640/1640 1639/1639/1639
f 1622/1622/1622 1642/1642/1642 1641/1641/1641 1620/1620/1620
f 1640/1640/1640 1620/1620/1620 1641/1641/1641
f 1621/1621/1621 1620/1620/1620 1639/1639/1639
f 1637/1637/1637 1621/1621/1621 1638/1638/1638
f 1639/1639/1639 1638/1638/1638 1621/1621/1621
f 1623/1623/1623 1637/1637/1637 1636/1636/1636
f 1633/1633/1633 1636/1636/1636 1635/1635/1635
f 1623/1623/1623 1621/1621/1621 1637/1637/1637
f 1635/1635/1635 1634/1634/1634 1633/1633/1633
f 1622/1622/1622 1643/1643/1643 1642/1642/1642
f 1644/1644/1644 1643/1643/1643 1624/1624/1624
f 1628/1628/1628 1644/1644/1644 1629/1629/1629
f 1629/1629/1629 1644/1644/1644 1624/1624/1624
f 1644/1644/1644 1627/1627/1627 1626/1626/1626
f 1644/1644/1644 1628/1628/1628 1627/1627/1627
f 1636/1636/1636 1633/1633/1633 1632/1632/1632
f 1631/1631/1631 1623/1623/1623 1632/1632/1632
f 1623/1623/1623 1636/1636/1636 1632/1632/1632
f 1623/1623/1623 1631/1631/1631 1625/1625/1625
f 1630/1630/1630 1624/1624/1624 1625/1625/1625
f 1625/1625/1625 1631/1631/1631 1630/1630/1630
f 1630/1630/1630 1629/1629/1629 1624/1624/1624
f 1643/1643/1643 1622/1622/1622 1624/1624/1624
f 1651/1651/1651 1646/1646/1646 1652/1652/1652
f 1653/1653/1653 1652/1652/1652 1646/1646/1646 1647/1647/1647
f 1654/1654/1654 1653/1653/1653 1647/1647/1647 1648/1648/1648
f 1656/1656/1656 1655/1655/1655 1649/1649/1649 1650/1650/1650
f 1657/1657/1657 1656/1656/1656 1650/1650/1650 1651/1651/1651
f 1658/1658/1658 1657/1657/1657 1651/1651/1651 1652/1652/1652
f 1659/1659/1659 1658/1658/1658 1652/1652/1652 1653/1653/1653
f 1660/1660/1660 1659/1659/1659 1653/1653/1653 1654/1654/1654
f 1662/1662/1662 1661/1661/1661 1655/1655/1655 1656/1656/1656
f 1663/1663/1663 1662/1662/1662 1656/1656/1656 1657/1657/1657
f 1664/1664/1664 1663/1663/1663 1657/1657/1657 1658/1658/1658
f 1665/1665/1665 1664/1664/1664 1658/1658/1658 1659/1659/1659
f 1666/1666/1666 1665/1665/1665 1659/1659/1659 1660/1660/1660
f 1667/1667/1667 1661/1661/1661 1662/1662/1662
f 1668/1668/1668 1667/1667/1667 1662/1662/1662 1663/1663/1663
f 1669/1669/1669 1668/1668/1668 1663/1663/1663 1664/1664/1664
f 1670/1670/1670 1669/1669/1669 1664/1664/1664 1665/1665/1665
f 1671/1671/1671 1670/1670/1670 1665/1665/1665 1666/1666/1666
f 1672/1672/1672 1668/1668/1668 1669/1669/1669
f 1673/1673/1673 1672/1672/1672 1669/1669/1669 1670/1670/1670
f 1674/1674/1674 1673/1673/1673 1670/1670/1670 1671/1671/1671
f 1685/1685/1685 1684/1684/1684 1650/1650/1650
f 1686/1686/1686 1685/1685/1685 1649/1649/1649
f 1650/1650/1650 1684/1684/1684 1683/1683/1683
f 1683/1683/1683 1682/1682/1682 1651/1651/1651
f 1651/1651/1651 1682/1682/1682 1681/1681/1681
f 1650/1650/1650 1649/1649/1649 1685/1685/1685
f 1687/1687/1687 1686/1686/1686 1655/1655/1655
f 1688/1688/1688 1687/1687/1687 1655/1655/1655
f 1683/1683/1683 1651/1651/1651 1650/1650/1650
f 1686/1686/1686 1649/1649/1649 1655/1655/1655
f 1646/1646/1646 1651/1651/1651 1681/1681/1681
f 1647/1647/1647 1646/1646/1646 1680/1680/1680
f 1681/1681/1681 1680/1680/1680 1646/1646/1646
f 1648/1648/1648 1680/1680/1680 1679/1679/1679
f 1705/1705/1705 1679/1679/1679 1645/1645/1645
f 1679/1679/1679 1705/1705/1705 1648/1648/1648
f 1647/1647/1647 1680/1680/1680 1648/1648/1648
f 1648/1648/1648 1704/1704/1704 1703/1703/1703 1654/1654/1654
f 1654/1654/1654 1703/1703/1703 1702/1702/1702 1660/1660/1660
f 1702/1702/1702 1701/1701/1701 1660/1660/1660
f 1705/1705/1705 1704/1704/1704 1648/1648/1648
f 1661/1661/1661 1688/1688/1688 1655/1655/1655
f 1690/1690/1690 1689/1689/1689 1661/1661/1661
f 1691/1691/1691 1690/1690/1690 1661/1661/1661
f 1661/1661/1661 1667/1667/1667 1692/1692/1692
f 1694/1694/1694 1667/1667/1667 1668/1668/1668
f 1692/1692/1692 1691/1691/1691 1661/1661/1661
f 1667/1667/1667 1694/1694/1694 1693/1693/1693
f 1668/1668/1668 1695/1695/1695 1694/1694/1694
f 1668/1668/1668 1672/1672/1672 1696/1696/1696
f 1696/1696/1696 1695/1695/1695 1668/1668/1668
f 1692/1692/1692 1667/1667/1667 1693/1693/1693
f 1697/1697/1697 1696/1696/1696 1672/1672/1672
f 1666/1666/1666 1701/1701/1701 1700/1700/1700
f 1666/1666/1666 1660/1660/1660 1701/1701/1701
f 1666/1666/1666 1700/1700/1700 1699/1699/1699 1671/1671/1671
f 1671/1671/1671 1699/1699/1699 1678/1678/1678
f 1671/1671/1671 1678/1678/1678 1677/1677/1677 1674/1674/1674
f 1673/1673/1673 1698/1698/1698 1672/1672/1672
f 1697/1697/1697 1672/1672/1672 1698/1698/1698
f 1674/1674/1674 1698/1698/1698 1673/1673/1673
f 1676/1676/1676 1674/1674/1674 1677/1677/1677
f 1674/1674/1674 1676/1676/1676 1675/1675/1675
f 1675/1675/1675 1698/1698/1698 1674/1674/1674
f 1689/1689/1689 1688/1688/1688 1661/1661/1661
f 1726/1726/1726 1725/1725/1725 1717/1717/1717
f 1725/1725/1725 1724/1724/1724 1717/1717/1717
f 1727/1727/1727 1726/1726/1726 1716/1716/1716
f 1715/1715/1715 1731/1731/1731 1730/1730/1730
f 1729/1729/1729 1728/1728/1728 1716/1716/1716
f 1730/1730/1730 1729/1729/1729 1715/1715/1715
f 1716/1716/1716 1728/1728/1728 1727/1727/1727
f 1732/1732/1732 1731/1731/1731 1714/1714/1714
f 1719/1719/1719 1722/1722/1722 1721/1721/1721
f 1720/1720/1720 1719/1719/1719 1721/1721/1721
f 1718/1718/1718 1722/1722/1722 1719/1719/1719
f 1718/1718/1718 1723/1723/1723 1722/1722/1722
f 1718/1718/1718 1717/1717/1717 1723/1723/1723
f 1717/1717/1717 1724/1724/1724 1723/1723/1723
f 1726/1726/1726 1717/1717/1717 1716/1716/1716
f 1716/1716/1716 1715/1715/1715 1729/1729/1729
f 1715/1715/1715 1714/1714/1714 1731/1731/1731
f 1714/1714/1714 1713/1713/1713 1732/1732/1732
f 1712/1712/1712 1738/1738/1738 1713/1713/1713
f 1739/1739/1739 1709/1709/1709 1737/1737/1737 1740/1740/1740
f 1711/1711/1711 1739/1739/1739 1738/1738/1738
f 1740/1740/1740 1737/1737/1737 1736/1736/1736 1741/1741/1741
f 1732/1732/1732 1713/1713/1713 1738/1738/1738
f 1742/1742/1742 1735/1735/1735 1734/1734/1734 1743/1743/1743
f 1708/1708/1708 1706/1706/1706 1744/1744/1744
f 1743/1743/1743 1734/1734/1734 1733/1733/1733 1744/1744/1744
f 1741/1741/1741 1736/1736/1736 1735/1735/1735 1742/1742/1742
f 1708/1708/1708 1744/1744/1744 1733/1733/1733
f 1711/1711/1711 1738/1738/1738 1712/1712/1712
f 1710/1710/1710 1709/1709/1709 1739/1739/1739
f 1739/1739/1739 1711/1711/1711 1710/1710/1710
f 1733/1733/1733 1707/1707/1707 1708/1708/1708
f 1752/1752/1752 1745/1745/1745 1749/1749/1749
f 1749/1749/1749 1746/1746/1746 1752/1752/1752
f 1752/1752/1752 1748/1748/1748 1745/1745/1745
f 1750/1750/1750 1747/1747/1747 1748/1748/1748
f 1748/1748/1748 1751/1751/1751 1750/1750/1750
f 1752/1752/1752 1751/1751/1751 1748/1748/1748
f 1760/1760/1760 1757/1757/1757 1753/1753/1753
f 1757/1757/1757 1760/1760/1760 1782/1782/1782
f 1759/1759/1759 1758/1758/1758 1780/1780/1780
f 1761/1761/1761 1759/1759/1759 1779/1779/1779
f 1758/1758/1758 1757/1757/1757 1781/1781/1781
f 1761/1761/1761 1779/1779/1779 1762/1762/1762
f 1754/1754/1754 1756/1756/1756 1760/1760/1760
f 1760/1760/1760 1755/1755/1755 1782/1782/1782
f 1755/1755/1755 1760/1760/1760 1756/1756/1756
f 1759/1759/1759 1780/1780/1780 1779/1779/1779
f 1780/1780/1780 1758/1758/1758 1781/1781/1781
f 1757/1757/1757 1782/1782/1782 1781/1781/1781
f 1779/1779/1779 1778/1778/1778 1762/1762/1762
f 1778/1778/1778 1763/1763/1763 1762/1762/1762
f 1763/1763/1763 1777/1777/1777 1764/1764/1764
f 1764/1764/1764 1777/1777/1777 1765/1765/1765
f 1767/1767/1767 1766/1766/1766 1776/1776/1776
f 1775/1775/1775 1768/1768/1768 1767/1767/1767
f 1776/1776/1776 1766/1766/1766 1765/1765/1765
f 1768/1768/1768 1775/1775/1775 1769/1769/1769
f 1769/1769/1769 1775/1775/1775 1774/1774/1774
f 1767/1767/1767 1776/1776/1776 1775/1775/1775
f 1765/1765/1765 1777/1777/1777 1776/1776/1776
f 1773/1773/1773 1771/1771/1771 1770/1770/1770
f 1771/1771/1771 1773/1773/1773 1772/1772/1772
f 1774/1774/1774 1773/1773/1773 1770/1770/1770
f 1770/1770/1770 1769/1769/1769 1774/1774/1774
f 1778/1778/1778 1777/1777/1777 1763/1763/1763
f 1789/1789/1789 1886/1886/1886 1889/1889/1889 1887/1887/1887
f 1887/1887/1887 1889/1889/1889 1888/1888/1888 1784/1784/1784
f 1790/1790/1790 1890/1890/1890 1893/1893/1893 1891/1891/1891
f 1891/1891/1891 1893/1893/1893 1892/1892/1892 1785/1785/1785
f 1893/1893/1893 1887/1887/1887 1784/1784/1784 1892/1892/1892
f 1890/1890/1890 1789/1789/1789 1887/1887/1887 1893/1893/1893
f 1791/1791/1791 1894/1894/1894 1897/1897/1897 1895/1895/1895
f 1895/1895/1895 1897/1897/1897 1896/1896/1896 1786/1786/1786
f 1897/1897/1897 1891/1891/1891 1785/1785/1785 1896/1896/1896
f 1894/1894/1894 1790/1790/1790 1891/1891/1891 1897/1897/1897
f 1792/1792/1792 1898/1898/1898 1901/1901/1901 1899/1899/1899
f 1899/1899/1899 1901/1901/1901 1900/1900/1900 1787/1787/1787
f 1901/1901/1901 1895/1895/1895 1786/1786/1786 1900/1900/1900
f 1898/1898/1898 1791/1791/1791 1895/1895/1895 1901/1901/1901
f 1899/1899/1899 1793/1793/1793 1792/1792/1792
f 1788/1788/1788 1899/1899/1899 1787/1787/1787
f 1852/1852/1852 1890/1890/1890 1790/1790/1790 1795/1795/1795
f 1890/1890/1890 1852/1852/1852 1794/1794/1794 1789/1789/1789
f 1856/1856/1856 1894/1894/1894 1791/1791/1791 1796/1796/1796
f 1894/1894/1894 1856/1856/1856 1795/1795/1795 1790/1790/1790
f 1860/1860/1860 1898/1898/1898 1792/1792/1792 1797/1797/1797
f 1898/1898/1898 1860/1860/1860 1796/1796/1796 1791/1791/1791
f 1798/1798/1798 1797/1797/1797 1792/1792/1792
f 1799/1799/1799 1846/1846/1846 1849/1849/1849 1847/1847/1847
f 1847/1847/1847 1849/1849/1849 1848/1848/1848 1794/1794/1794
f 1800/1800/1800 1850/1850/1850 1853/1853/1853 1851/1851/1851
f 1851/1851/1851 1853/1853/1853 1852/1852/1852 1795/1795/1795
f 1853/1853/1853 1847/1847/1847 1794/1794/1794 1852/1852/1852
f 1850/1850/1850 1799/1799/1799 1847/1847/1847 1853/1853/1853
f 1801/1801/1801 1854/1854/1854 1857/1857/1857 1855/1855/1855
f 1855/1855/1855 1857/1857/1857 1856/1856/1856 1796/1796/1796
f 1857/1857/1857 1851/1851/1851 1795/1795/1795 1856/1856/1856
f 1854/1854/1854 1800/1800/1800 1851/1851/1851 1857/1857/1857
f 1802/1802/1802 1858/1858/1858 1861/1861/1861 1859/1859/1859
f 1859/1859/1859 1861/1861/1861 1860/1860/1860 1797/1797/1797
f 1861/1861/1861 1855/1855/1855 1796/1796/1796 1860/1860/1860
f 1858/1858/1858 1801/1801/1801 1855/1855/1855 1861/1861/1861
f 1859/1859/1859 1803/1803/1803 1802/1802/1802
f 1798/1798/1798 1859/1859/1859 1797/1797/1797
f 1854/1854/1854 1804/1804/1804 1800/1800/1800
f 1805/1805/1805 1854/1854/1854 1801/1801/1801
f 1804/1804/1804 1854/1854/1854 1805/1805/1805
f 1858/1858/1858 1805/1805/1805 1801/1801/1801
f 1806/1806/1806 1858/1858/1858 1802/1802/1802
f 1805/1805/1805 1858/1858/1858 1806/1806/1806
f 1807/1807/1807 1806/1806/1806 1802/1802/1802
f 1809/1809/1809 1808/1808/1808 1805/1805/1805 1806/1806/1806
f 1810/1810/1810 1809/1809/1809 1806/1806/1806
f 1813/1813/1813 1812/1812/1812 1808/1808/1808 1809/1809/1809
f 1814/1814/1814 1813/1813/1813 1809/1809/1809
f 1817/1817/1817 1816/1816/1816 1811/1811/1811 1812/1812/1812
f 1818/1818/1818 1817/1817/1817 1812/1812/1812 1813/1813/1813
f 1819/1819/1819 1818/1818/1818 1813/1813/1813
f 1868/1868/1868 1816/1816/1816 1821/1821/1821
f 1815/1815/1815 1868/1868/1868 1820/1820/1820
f 1816/1816/1816 1868/1868/1868 1815/1815/1815
f 1822/1822/1822 1821/1821/1821 1816/1816/1816 1817/1817/1817
f 1823/1823/1823 1822/1822/1822 1817/1817/1817 1818/1818/1818
f 1824/1824/1824 1823/1823/1823 1818/1818/1818
f 1825/1825/1825 1862/1862/1862 1865/1865/1865 1863/1863/1863
f 1863/1863/1863 1865/1865/1865 1864/1864/1864 1820/1820/1820
f 1826/1826/1826 1866/1866/1866 1869/1869/1869 1867/1867/1867
f 1867/1867/1867 1869/1869/1869 1868/1868/1868 1821/1821/1821
f 1869/1869/1869 1863/1863/1863 1820/1820/1820 1868/1868/1868
f 1866/1866/1866 1825/1825/1825 1863/1863/1863 1869/1869/1869
f 1867/1867/1867 1827/1827/1827 1826/1826/1826
f 1822/1822/1822 1867/1867/1867 1821/1821/1821
f 1827/1827/1827 1867/1867/1867 1822/1822/1822
f 1828/1828/1828 1827/1827/1827 1822/1822/1822 1823/1823/1823
f 1829/1829/1829 1828/1828/1828 1823/1823/1823
f 1866/1866/1866 1830/1830/1830 1825/1825/1825
f 1831/1831/1831 1866/1866/1866 1826/1826/1826
f 1830/1830/1830 1866/1866/1866 1831/1831/1831
f 1832/1832/1832 1831/1831/1831 1826/1826/1826 1827/1827/1827
f 1833/1833/1833 1832/1832/1832 1827/1827/1827 1828/1828/1828
f 1834/1834/1834 1833/1833/1833 1828/1828/1828
f 1876/1876/1876 1831/1831/1831 1836/1836/1836
f 1830/1830/1830 1876/1876/1876 1835/1835/1835
f 1831/1831/1831 1876/1876/1876 1830/1830/1830
f 1880/1880/1880 1832/1832/1832 1837/1837/1837
f 1831/1831/1831 1880/1880/1880 1836/1836/1836
f 1832/1832/1832 1880/1880/1880 1831/1831/1831
f 1884/1884/1884 1833/1833/1833 1838/1838/1838
f 1832/1832/1832 1884/1884/1884 1837/1837/1837
f 1833/1833/1833 1884/1884/1884 1832/1832/1832
f 1839/1839/1839 1838/1838/1838 1833/1833/1833
f 1841/1841/1841 1870/1870/1870 1873/1873/1873 1871/1871/1871
f 1871/1871/1871 1873/1873/1873 1872/1872/1872 1835/1835/1835
f 1842/1842/1842 1874/1874/1874 1877/1877/1877 1875/1875/1875
f 1875/1875/1875 1877/1877/1877 1876/1876/1876 1836/1836/1836
f 1877/1877/1877 1871/1871/1871 1835/1835/1835 1876/1876/1876
f 1874/1874/1874 1841/1841/1841 1871/1871/1871 1877/1877/1877
f 1843/1843/1843 1878/1878/1878 1881/1881/1881 1879/1879/1879
f 1879/1879/1879 1881/1881/1881 1880/1880/1880 1837/1837/1837
f 1881/1881/1881 1875/1875/1875 1836/1836/1836 1880/1880/1880
f 1878/1878/1878 1842/1842/1842 1875/1875/1875 1881/1881/1881
f 1844/1844/1844 1882/1882/1882 1885/1885/1885 1883/1883/1883
f 1883/1883/1883 1885/1885/1885 1884/1884/1884 1838/1838/1838
f 1885/1885/1885 1879/1879/1879 1837/1837/1837 1884/1884/1884
f 1882/1882/1882 1843/1843/1843 1879/1879/1879 1885/1885/1885
f 1883/1883/1883 1845/1845/1845 1844/1844/1844
f 1839/1839/1839 1883/1883/1883 1838/1838/1838
f 1783/1783/1783 1888/1888/1888 1889/1889/1889 1902/1902/1902
f 1902/1902/1902 1886/1886/1886 1848/1848/1848 1903/1903/1903
f 1848/1848/1848 1886/1886/1886 1789/1789/1789 1794/1794/1794
f 1886/1886/1886 1902/1902/1902 1889/1889/1889
f 1903/1903/1903 1848/1848/1848 1849/1849/1849 1904/1904/1904
f 1904/1904/1904 1849/1849/1849 1846/1846/1846 1905/1905/1905
f 1907/1907/1907 1906/1906/1906 1905/1905/1905
f 1846/1846/1846 1908/1908/1908 1907/1907/1907
f 1846/1846/1846 1907/1907/1907 1905/1905/1905
f 1799/1799/1799 1908/1908/1908 1846/1846/1846
f 1804/1804/1804 1850/1850/1850 1800/1800/1800
f 1804/1804/1804 1910/1910/1910 1850/1850/1850
f 1909/1909/1909 1850/1850/1850 1910/1910/1910
f 1909/1909/1909 1799/1799/1799 1850/1850/1850
f 1909/1909/1909 1908/1908/1908 1799/1799/1799
f 1911/1911/1911 1804/1804/1804 1912/1912/1912
f 1808/1808/1808 1912/1912/1912 1805/1805/1805
f 1912/1912/1912 1804/1804/1804 1805/1805/1805
f 1913/1913/1913 1808/1808/1808 1812/1812/1812
f 1912/1912/1912 1808/1808/1808 1913/1913/1913
f 1812/1812/1812 1914/1914/1914 1913/1913/1913
f 1910/1910/1910 1804/1804/1804 1911/1911/1911
f 1920/1920/1920 1922/1922/1922 1921/1921/1921
f 1864/1864/1864 1923/1923/1923 1922/1922/1922
f 1815/1815/1815 1864/1864/1864 1920/1920/1920
f 1864/1864/1864 1922/1922/1922 1920/1920/1920
f 1862/1862/1862 1925/1925/1925 1924/1924/1924 1865/1865/1865
f 1923/1923/1923 1864/1864/1864 1865/1865/1865
f 1923/1923/1923 1865/1865/1865 1924/1924/1924
f 1830/1830/1830 1925/1925/1925 1862/1862/1862
f 1872/1872/1872 1927/1927/1927 1926/1926/1926
f 1872/1872/1872 1926/1926/1926 1830/1830/1830
f 1925/1925/1925 1830/1830/1830 1926/1926/1926
f 1927/1927/1927 1872/1872/1872 1873/1873/1873 1928/1928/1928
f 1928/1928/1928 1873/1873/1873 1870/1870/1870 1840/1840/1840
f 1918/1918/1918 1917/1917/1917 1816/1816/1816
f 1816/1816/1816 1917/1917/1917 1811/1811/1811
f 1811/1811/1811 1916/1916/1916 1915/1915/1915
f 1915/1915/1915 1812/1812/1812 1811/1811/1811
f 1811/1811/1811 1917/1917/1917 1916/1916/1916
f 1914/1914/1914 1812/1812/1812 1915/1915/1915
f 1919/1919/1919 1918/1918/1918 1815/1815/1815
f 1820/1820/1820 1864/1864/1864 1815/1815/1815
f 1815/1815/1815 1920/1920/1920 1919/1919/1919
f 1835/1835/1835 1872/1872/1872 1830/1830/1830
f 1825/1825/1825 1830/1830/1830 1862/1862/1862
f 1918/1918/1918 1816/1816/1816 1815/1815/1815
f 1939/1939/1939 1938/1938/1938 1962/1962/1962
f 1938/1938/1938 1937/1937/1937 1962/1962/1962
f 1940/1940/1940 1939/1939/1939 1961/1961/1961
f 1960/1960/1960 1943/1943/1943 1961/1961/1961
f 1942/1942/1942 1941/1941/1941 1961/1961/1961
f 1943/1943/1943 1942/1942/1942 1961/1961/1961
f 1961/1961/1961 1941/1941/1941 1940/1940/1940
f 1943/1943/1943 1960/1960/1960 1944/1944/1944
f 1933/1933/1933 1932/1932/1932 1963/1963/1963
f 1932/1932/1932 1929/1929/1929 1963/1963/1963
f 1963/1963/1963 1934/1934/1934 1933/1933/1933
f 1962/1962/1962 1936/1936/1936 1935/1935/1935
f 1935/1935/1935 1963/1963/1963 1962/1962/1962
f 1937/1937/1937 1936/1936/1936 1962/1962/1962
f 1962/1962/1962 1961/1961/1961 1939/1939/1939
f 1934/1934/1934 1963/1963/1963 1935/1935/1935
f 1960/1960/1960 1945/1945/1945 1944/1944/1944
f 1951/1951/1951 1950/1950/1950 1958/1958/1958
f 1949/1949/1949 1958/1958/1958 1950/1950/1950
f 1951/1951/1951 1958/1958/1958 1952/1952/1952
f 1964/1964/1964 1956/1956/1956 1955/1955/1955
f 1955/1955/1955 1954/1954/1954 1964/1964/1964
f 1964/1964/1964 1954/1954/1954 1953/1953/1953
f 1952/1952/1952 1957/1957/1957 1953/1953/1953
f 1930/1930/1930 1956/1956/1956 1964/1964/1964
f 1960/1960/1960 1947/1947/1947 1946/1946/1946
f 1947/1947/1947 1960/1960/1960 1959/1959/1959
f 1959/1959/1959 1948/1948/1948 1947/1947/1947
f 1945/1945/1945 1960/1960/1960 1946/1946/1946
f 1952/1952/1952 1958/1958/1958 1957/1957/1957
f 1964/1964/1964 1953/1953/1953 1957/1957/1957
f 1958/1958/1958 1949/1949/1949 1959/1959/1959
f 1964/1964/1964 1957/1957/1957 1931/1931/1931
f 1948/1948/1948 1959/1959/1959 1949/1949/1949
f 1971/1971/1971 1989/1989/1989 1972/1972/1972
f 1972/1972/1972 1989/1989/1989 1973/1973/1973
f 1975/1975/1975 1974/1974/1974 1970/1970/1970
f 1989/1989/1989 1974/1974/1974 1973/1973/1973
f 1976/1976/1976 1975/1975/1975 1970/1970/1970
f 1965/1965/1965 1970/1970/1970 1989/1989/1989
f 1970/1970/1970 1974/1974/1974 1989/1989/1989
f 1969/1969/1969 1978/1978/1978 1977/1977/1977
f 1979/1979/1979 1978/1978/1978 1969/1969/1969
f 1976/1976/1976 1970/1970/1970 1969/1969/1969
f 1976/1976/1976 1969/1969/1969 1977/1977/1977
f 1980/1980/1980 1969/1969/1969 1968/1968/1968
f 1980/1980/1980 1968/1968/1968 1981/1981/1981
f 1983/1983/1983 1982/1982/1982 1968/1968/1968
f 1968/1968/1968 1982/1982/1982 1981/1981/1981
f 1984/1984/1984 1983/1983/1983 1967/1967/1967
f 1968/1968/1968 1967/1967/1967 1983/1983/1983
f 1985/1985/1985 1984/1984/1984 1967/1967/1967
f 1986/1986/1986 1985/1985/1985 1967/1967/1967
f 1967/1967/1967 1966/1966/1966 1987/1987/1987
f 1987/1987/1987 1966/1966/1966 1988/1988/1988
f 1986/1986/1986 1967/1967/1967 1987/1987/1987
f 1979/1979/1979 1969/1969/1969 1980/1980/1980
f 1998/1998/1998 1997/1997/1997 1991/1991/1991 1992/1992/1992
f 1999/1999/1999 1998/1998/1998 1992/1992/1992 1993/1993/1993
f 2000/2000/2000 1999/1999/1999 1993/1993/1993 1994/1994/1994
f 2001/2001/2001 2000/2000/2000 1994/1994/1994 1995/1995/1995
f 2002/2002/2002 2001/2001/2001 1995/1995/1995 1996/1996/1996
f 1996/1996/1996 2003/2003/2003 2002/2002/2002
f 2005/2005/2005 2004/2004/2004 1997/1997/1997 1998/1998/1998
f 2006/2006/2006 2005/2005/2005 1998/1998/1998 1999/1999/1999
f 2007/2007/2007 2006/2006/2006 1999/1999/1999 2000/2000/2000
f 2008/2008/2008 2007/2007/2007 2000/2000/2000 2001/2001/2001
f 2009/2009/2009 2008/2008/2008 2001/2001/2001 2002/2002/2002
f 2010/2010/2010 2009/2009/2009 2002/2002/2002 2003/2003/2003
f 2012/2012/2012 2011/2011/2011 2004/2004/2004 2005/2005/2005
f 2013/2013/2013 2012/2012/2012 2005/2005/2005 2006/2006/2006
f 2014/2014/2014 2013/2013/2013 2006/2006/2006 2007/2007/2007
f 2015/2015/2015 2014/2014/2014 2007/2007/2007 2008/2008/2008
f 2016/2016/2016 2015/2015/2015 2008/2008/2008 2009/2009/2009
f 2017/2017/2017 2016/2016/2016 2009/2009/2009 2010/2010/2010
f 2019/2019/2019 2018/2018/2018 2011/2011/2011 2012/2012/2012
f 2020/2020/2020 2019/2019/2019 2012/2012/2012 2013/2013/2013
f 2021/2021/2021 2020/2020/2020 2013/2013/2013 2014/2014/2014
f 2022/2022/2022 2021/2021/2021 2014/2014/2014 2015/2015/2015
f 2023/2023/2023 2022/2022/2022 2015/2015/2015 2016/2016/2016
f 2024/2024/2024 2023/2023/2023 2016/2016/2016 2017/2017/2017
f 2026/2026/2026 2025/2025/2025 2018/2018/2018 2019/2019/2019
f 2027/2027/2027 2026/2026/2026 2019/2019/2019 2020/2020/2020
f 2028/2028/2028 2027/2027/2027 2020/2020/2020 2021/2021/2021
f 2029/2029/2029 2028/2028/2028 2021/2021/2021 2022/2022/2022
f 2030/2030/2030 2029/2029/2029 2022/2022/2022 2023/2023/2023
f 2031/2031/2031 2030/2030/2030 2023/2023/2023 2024/2024/2024
f 2033/2033/2033 2032/2032/2032 2025/2025/2025 2026/2026/2026
f 2034/2034/2034 2033/2033/2033 2026/2026/2026 2027/2027/2027
f 2035/2035/2035 2034/2034/2034 2027/2027/2027 2028/2028/2028
f 2036/2036/2036 2035/2035/2035 2028/2028/2028 2029/2029/2029
f 2037/2037/2037 2036/2036/2036 2029/2029/2029 2030/2030/2030
f 2038/2038/2038 2037/2037/2037 2030/2030/2030 2031/2031/2031
f 2062/2062/2062 2063/2063/2063 1990/1990/1990
f 1991/1991/1991 2063/2063/2063 2062/2062/2062
f 2061/2061/2061 2060/2060/2060 1992/1992/1992
f 2061/2061/2061 1992/1992/1992 1991/1991/1991
f 2059/2059/2059 1992/1992/1992 2060/2060/2060
f 1991/1991/1991 2062/2062/2062 2061/2061/2061
f 1991/1991/1991 2064/2064/2064 2063/2063/2063
f 1997/1997/1997 2065/2065/2065 2064/2064/2064
f 2065/2065/2065 1997/1997/1997 2004/2004/2004 2066/2066/2066
f 2004/2004/2004 2067/2067/2067 2066/2066/2066
f 1993/1993/1993 1992/1992/1992 2059/2059/2059
f 2064/2064/2064 1991/1991/1991 1997/1997/1997
f 1994/1994/1994 1993/1993/1993 2058/2058/2058
f 2059/2059/2059 2058/2058/2058 1993/1993/1993
f 2057/2057/2057 1994/1994/1994 2058/2058/2058
f 1995/1995/1995 2057/2057/2057 2056/2056/2056
f 2056/2056/2056 2055/2055/2055 1996/1996/1996
f 2055/2055/2055 2054/2054/2054 1996/1996/1996
f 2057/2057/2057 1995/1995/1995 1994/1994/1994
f 2056/2056/2056 1996/1996/1996 1995/1995/1995
f 2051/2051/2051 2010/2010/2010 2003/2003/2003
f 2054/2054/2054 2053/2053/2053 2003/2003/2003
f 2052/2052/2052 2003/2003/2003 2053/2053/2053
f 2051/2051/2051 2003/2003/2003 2052/2052/2052
f 2051/2051/2051 2050/2050/2050 2010/2010/2010
f 1996/1996/1996 2054/2054/2054 2003/2003/2003
f 2050/2050/2050 2017/2017/2017 2010/2010/2010
f 2011/2011/2011 2067/2067/2067 2004/2004/2004
f 2068/2068/2068 2011/2011/2011 2018/2018/2018 2069/2069/2069
f 2069/2069/2069 2018/2018/2018 2025/2025/2025 2070/2070/2070
f 2032/2032/2032 2071/2071/2071 2070/2070/2070 2025/2025/2025
f 2067/2067/2067 2011/2011/2011 2068/2068/2068
f 2039/2039/2039 2072/2072/2072 2032/2032/2032
f 2071/2071/2071 2032/2032/2032 2072/2072/2072
f 2040/2040/2040 2039/2039/2039 2032/2032/2032
f 2041/2041/2041 2033/2033/2033 2034/2034/2034
f 2033/2033/2033 2041/2041/2041 2040/2040/2040
f 2040/2040/2040 2032/2032/2032 2033/2033/2033
f 2042/2042/2042 2041/2041/2041 2034/2034/2034
f 2050/2050/2050 2049/2049/2049 2024/2024/2024
f 2048/2048/2048 2031/2031/2031 2049/2049/2049
f 2024/2024/2024 2049/2049/2049 2031/2031/2031
f 2031/2031/2031 2048/2048/2048 2047/2047/2047
f 2038/2038/2038 2031/2031/2031 2047/2047/2047
f 2017/2017/2017 2050/2050/2050 2024/2024/2024
f 2037/2037/2037 2044/2044/2044 2036/2036/2036
f 2043/2043/2043 2036/2036/2036 2044/2044/2044
f 2035/2035/2035 2036/2036/2036 2043/2043/2043
f 2043/2043/2043 2042/2042/2042 2035/2035/2035
f 2045/2045/2045 2037/2037/2037 2038/2038/2038
f 2038/2038/2038 2046/2046/2046 2045/2045/2045
f 2045/2045/2045 2044/2044/2044 2037/2037/2037
f 2047/2047/2047 2046/2046/2046 2038/2038/2038
f 2042/2042/2042 2034/2034/2034 2035/2035/2035
f 2082/2082/2082 2078/2078/2078 2073/2073/2073
f 2074/2074/2074 2077/2077/2077 2082/2082/2082
f 2078/2078/2078 2082/2082/2082 2077/2077/2077
f 2077/2077/2077 2079/2079/2079 2078/2078/2078
f 2077/2077/2077 2076/2076/2076 2080/2080/2080
f 2075/2075/2075 2081/2081/2081 2076/2076/2076
f 2080/2080/2080 2076/2076/2076 2081/2081/2081
f 2079/2079/2079 2077/2077/2077 2080/2080/2080
f 2083/2083/2083 2085/2085/2085 2087/2087/2087 2086/2086/2086
f 2086/2086/2086 2089/2089/2089 2090/2090/2090
f 2088/2088/2088 2083/2083/2083 2086/2086/2086 2090/2090/2090
f 2093/2093/2093 2091/2091/2091 2084/2084/2084 2092/2092/2092
f 2086/2086/2086 2108/2108/2108 2107/2107/2107
f 2086/2086/2086 2109/2109/2109 2108/2108/2108
f 2109/2109/2109 2087/2087/2087 2110/2110/2110
f 2104/2104/2104 2089/2089/2089 2105/2105/2105
f 2105/2105/2105 2086/2086/2086 2106/2106/2106
f 2086/2086/2086 2107/2107/2107 2106/2106/2106
f 2087/2087/2087 2111/2111/2111 2110/2110/2110
f 2115/2115/2115 2114/2114/2114 2085/2085/2085
f 2146/2146/2146 2115/2115/2115 2085/2085/2085
f 2146/2146/2146 2085/2085/2085 2083/2083/2083
f 2113/2113/2113 2112/2112/2112 2087/2087/2087
f 2111/2111/2111 2087/2087/2087 2112/2112/2112
f 2087/2087/2087 2085/2085/2085 2113/2113/2113
f 2114/2114/2114 2113/2113/2113 2085/2085/2085
f 2109/2109/2109 2086/2086/2086 2087/2087/2087
f 2083/2083/2083 2147/2147/2147 2146/2146/2146
f 2089/2089/2089 2102/2102/2102 2101/2101/2101
f 2102/2102/2102 2089/2089/2089 2103/2103/2103
f 2089/2089/2089 2098/2098/2098 2145/2145/2145 2090/2090/2090
f 2100/2100/2100 2089/2089/2089 2101/2101/2101
f 2099/2099/2099 2089/2089/2089 2100/2100/2100
f 2089/2089/2089 2099/2099/2099 2098/2098/2098
f 2089/2089/2089 2104/2104/2104 2103/2103/2103
f 2089/2089/2089 2086/2086/2086 2105/2105/2105
f 2148/2148/2148 2083/2083/2083 2142/2142/2142
f 2143/2143/2143 2088/2088/2088 2144/2144/2144
f 2090/2090/2090 2144/2144/2144 2088/2088/2088
f 2088/2088/2088 2143/2143/2143 2142/2142/2142
f 2083/2083/2083 2088/2088/2088 2142/2142/2142
f 2142/2142/2142 2141/2141/2141 2148/2148/2148
f 2140/2140/2140 2149/2149/2149 2148/2148/2148 2141/2141/2141
f 2145/2145/2145 2144/2144/2144 2090/2090/2090
f 2083/2083/2083 2148/2148/2148 2147/2147/2147
f 2148/2148/2148 2094/2094/2094 2147/2147/2147
f 2095/2095/2095 2148/2148/2148 2096/2096/2096
f 2149/2149/2149 2097/2097/2097 2096/2096/2096
f 2148/2148/2148 2149/2149/2149 2096/2096/2096
f 2116/2116/2116 2149/2149/2149 2084/2084/2084
f 2097/2097/2097 2149/2149/2149 2116/2116/2116
f 2117/2117/2117 2116/2116/2116 2084/2084/2084
f 2117/2117/2117 2084/2084/2084 2118/2118/2118
f 2120/2120/2120 2119/2119/2119 2084/2084/2084
f 2091/2091/2091 2121/2121/2121 2120/2120/2120
f 2121/2121/2121 2091/2091/2091 2122/2122/2122
f 2091/2091/2091 2124/2124/2124 2123/2123/2123
f 2126/2126/2126 2125/2125/2125 2093/2093/2093
f 2124/2124/2124 2093/2093/2093 2125/2125/2125
f 2122/2122/2122 2091/2091/2091 2123/2123/2123
f 2084/2084/2084 2119/2119/2119 2118/2118/2118
f 2127/2127/2127 2126/2126/2126 2093/2093/2093
f 2092/2092/2092 2149/2149/2149 2139/2139/2139
f 2136/2136/2136 2093/2093/2093 2137/2137/2137
f 2091/2091/2091 2120/2120/2120 2084/2084/2084
f 2092/2092/2092 2138/2138/2138 2137/2137/2137 2093/2093/2093
f 2139/2139/2139 2149/2149/2149 2140/2140/2140
f 2138/2138/2138 2092/2092/2092 2139/2139/2139
f 2093/2093/2093 2124/2124/2124 2091/2091/2091
f 2084/2084/2084 2149/2149/2149 2092/2092/2092
f 2129/2129/2129 2128/2128/2128 2136/2136/2136
f 2136/2136/2136 2130/2130/2130 2129/2129/2129
f 2130/2130/2130 2136/2136/2136 2131/2131/2131
f 2133/2133/2133 2132/2132/2132 2136/2136/2136
f 2131/2131/2131 2136/2136/2136 2132/2132/2132
f 2136/2136/2136 2135/2135/2135 2134/2134/2134
f 2133/2133/2133 2136/2136/2136 2134/2134/2134
f 2127/2127/2127 2093/2093/2093 2136/2136/2136
f 2127/2127/2127 2136/2136/2136 2128/2128/2128
f 2095/2095/2095 2094/2094/2094 2148/2148/2148
f 2154/2154/2154 2153/2153/2153 2162/2162/2162
f 2155/2155/2155 2154/2154/2154 2162/2162/2162
f 2162/2162/2162 2152/2152/2152 2150/2150/2150
f 2153/2153/2153 2152/2152/2152 2162/2162/2162
f 2162/2162/2162 2161/2161/2161 2155/2155/2155
f 2157/2157/2157 2156/2156/2156 2161/2161/2161
f 2158/2158/2158 2157/2157/2157 2161/2161/2161
f 2161/2161/2161 2160/2160/2160 2158/2158/2158
f 2159/2159/2159 2158/2158/2158 2160/2160/2160
f 2161/2161/2161 2151/2151/2151 2160/2160/2160
f 2155/2155/2155 2161/2161/2161 2156/2156/2156
f 2166/2166/2166 2167/2167/2167 2165/2165/2165
f 2169/2169/2169 2163/2163/2163 2180/2180/2180
f 2165/2165/2165 2180/2180/2180 2179/2179/2179
f 2179/2179/2179 2178/2178/2178 2165/2165/2165
f 2170/2170/2170 2169/2169/2169 2165/2165/2165
f 2178/2178/2178 2177/2177/2177 2166/2166/2166
f 2166/2166/2166 2165/2165/2165 2178/2178/2178
f 2169/2169/2169 2180/2180/2180 2165/2165/2165
f 2190/2190/2190 2176/2176/2176 2175/2175/2175
f 2191/2191/2191 2175/2175/2175 2174/2174/2174
f 2189/2189/2189 2166/2166/2166 2190/2190/2190
f 2175/2175/2175 2191/2191/2191 2190/2190/2190
f 2191/2191/2191 2174/2174/2174 2164/2164/2164
f 2190/2190/2190 2166/2166/2166 2176/2176/2176
f 2166/2166/2166 2177/2177/2177 2176/2176/2176
f 2170/2170/2170 2165/2165/2165 2167/2167/2167 2171/2171/2171
f 2172/2172/2172 2171/2171/2171 2167/2167/2167
f 2181/2181/2181 2168/2168/2168 2173/2173/2173
f 2173/2173/2173 2182/2182/2182 2181/2181/2181
f 2183/2183/2183 2173/2173/2173 2172/2172/2172
f 2183/2183/2183 2182/2182/2182 2173/2173/2173
f 2166/2166/2166 2188/2188/2188 2187/2187/2187
f 2186/2186/2186 2167/2167/2167 2187/2187/2187
f 2188/2188/2188 2166/2166/2166 2189/2189/2189
f 2166/2166/2166 2187/2187/2187 2167/2167/2167
f 2184/2184/2184 2167/2167/2167 2185/2185/2185
f 2185/2185/2185 2167/2167/2167 2186/2186/2186
f 2184/2184/2184 2172/2172/2172 2167/2167/2167
f 2184/2184/2184 2183/2183/2183 2172/2172/2172
f 2199/2199/2199 2198/2198/2198 2193/2193/2193 2194/2194/2194
f 2236/2236/2236 2195/2195/2195 2200/2200/2200
f 2194/2194/2194 2236/2236/2236 2199/2199/2199
f 2195/2195/2195 2236/2236/2236 2194/2194/2194
f 2203/2203/2203 2225/2225/2225 2229/2229/2229 2226/2226/2226
f 2226/2226/2226 2229/2229/2229 2227/2227/2227 2197/2197/2197
f 2229/2229/2229 2228/2228/2228 2196/2196/2196 2227/2227/2227
f 2225/2225/2225 2202/2202/2202 2228/2228/2228 2229/2229/2229
f 2204/2204/2204 2230/2230/2230 2233/2233/2233 2231/2231/2231
f 2231/2231/2231 2233/2233/2233 2232/2232/2232 2198/2198/2198
f 2233/2233/2233 2226/2226/2226 2197/2197/2197 2232/2232/2232
f 2230/2230/2230 2203/2203/2203 2226/2226/2226 2233/2233/2233
f 2237/2237/2237 2231/2231/2231 2198/2198/2198 2199/2199/2199
f 2231/2231/2231 2237/2237/2237 2205/2205/2205 2204/2204/2204
f 2206/2206/2206 2234/2234/2234 2238/2238/2238 2235/2235/2235
f 2235/2235/2235 2238/2238/2238 2236/2236/2236 2200/2200/2200
f 2238/2238/2238 2237/2237/2237 2199/2199/2199 2236/2236/2236
f 2234/2234/2234 2205/2205/2205 2237/2237/2237 2238/2238/2238
f 2241/2241/2241 2235/2235/2235 2200/2200/2200 2240/2240/2240
f 2239/2239/2239 2206/2206/2206 2235/2235/2235 2241/2241/2241
f 2208/2208/2208 2207/2207/2207 2201/2201/2201 2202/2202/2202
f 2225/2225/2225 2208/2208/2208 2202/2202/2202
f 2209/2209/2209 2225/2225/2225 2203/2203/2203
f 2208/2208/2208 2225/2225/2225 2209/2209/2209
f 2230/2230/2230 2209/2209/2209 2203/2203/2203
f 2210/2210/2210 2230/2230/2230 2204/2204/2204
f 2209/2209/2209 2230/2230/2230 2210/2210/2210
f 2211/2211/2211 2210/2210/2210 2204/2204/2204 2205/2205/2205
f 2234/2234/2234 2211/2211/2211 2205/2205/2205
f 2212/2212/2212 2234/2234/2234 2206/2206/2206
f 2211/2211/2211 2234/2234/2234 2212/2212/2212
f 2214/2214/2214 2213/2213/2213 2207/2207/2207 2208/2208/2208
f 2215/2215/2215 2214/2214/2214 2208/2208/2208 2209/2209/2209
f 2216/2216/2216 2215/2215/2215 2209/2209/2209 2210/2210/2210
f 2217/2217/2217 2216/2216/2216 2210/2210/2210 2211/2211/2211
f 2218/2218/2218 2217/2217/2217 2211/2211/2211 2212/2212/2212
f 2220/2220/2220 2219/2219/2219 2214/2214/2214 2215/2215/2215
f 2221/2221/2221 2220/2220/2220 2215/2215/2215 2216/2216/2216
f 2222/2222/2222 2221/2221/2221 2216/2216/2216 2217/2217/2217
f 2223/2223/2223 2222/2222/2222 2217/2217/2217 2218/2218/2218
f 2196/2196/2196 2256/2256/2256 2255/2255/2255
f 2196/2196/2196 2228/2228/2228 2256/2256/2256
f 2257/2257/2257 2256/2256/2256 2228/2228/2228
f 2227/2227/2227 2255/2255/2255 2254/2254/2254
f 2227/2227/2227 2253/2253/2253 2252/2252/2252
f 2227/2227/2227 2254/2254/2254 2253/2253/2253
f 2197/2197/2197 2252/2252/2252 2251/2251/2251
f 2227/2227/2227 2196/2196/2196 2255/2255/2255
f 2259/2259/2259 2258/2258/2258 2201/2201/2201
f 2201/2201/2201 2260/2260/2260 2259/2259/2259
f 2260/2260/2260 2201/2201/2201 2261/2261/2261
f 2252/2252/2252 2197/2197/2197 2227/2227/2227
f 2228/2228/2228 2201/2201/2201 2258/2258/2258
f 2251/2251/2251 2232/2232/2232 2197/2197/2197
f 2201/2201/2201 2207/2207/2207 2261/2261/2261
f 2258/2258/2258 2257/2257/2257 2228/2228/2228
f 2250/2250/2250 2232/2232/2232 2251/2251/2251
f 2249/2249/2249 2248/2248/2248 2194/2194/2194
f 2249/2249/2249 2193/2193/2193 2250/2250/2250
f 2193/2193/2193 2232/2232/2232 2250/2250/2250
f 2194/2194/2194 2248/2248/2248 2247/2247/2247
f 2282/2282/2282 2246/2246/2246 2192/2192/2192
f 2282/2282/2282 2195/2195/2195 2246/2246/2246
f 2246/2246/2246 2195/2195/2195 2247/2247/2247
f 2249/2249/2249 2194/2194/2194 2193/2193/2193
f 2247/2247/2247 2195/2195/2195 2194/2194/2194
f 2240/2240/2240 2200/2200/2200 2195/2195/2195
f 2280/2280/2280 2240/2240/2240 2281/2281/2281
f 2195/2195/2195 2281/2281/2281 2240/2240/2240
f 2279/2279/2279 2241/2241/2241 2240/2240/2240 2280/2280/2280
f 2241/2241/2241 2279/2279/2279 2278/2278/2278 2239/2239/2239
f 2282/2282/2282 2281/2281/2281 2195/2195/2195
f 2193/2193/2193 2198/2198/2198 2232/2232/2232
f 2201/2201/2201 2228/2228/2228 2202/2202/2202
f 2263/2263/2263 2262/2262/2262 2213/2213/2213
f 2213/2213/2213 2264/2264/2264 2263/2263/2263
f 2264/2264/2264 2213/2213/2213 2265/2265/2265
f 2213/2213/2213 2214/2214/2214 2266/2266/2266
f 2213/2213/2213 2262/2262/2262 2207/2207/2207
f 2266/2266/2266 2265/2265/2265 2213/2213/2213
f 2262/2262/2262 2261/2261/2261 2207/2207/2207
f 2267/2267/2267 2266/2266/2266 2219/2219/2219
f 2214/2214/2214 2219/2219/2219 2266/2266/2266
f 2219/2219/2219 2268/2268/2268 2267/2267/2267
f 2220/2220/2220 2268/2268/2268 2219/2219/2219
f 2270/2270/2270 2220/2220/2220 2221/2221/2221
f 2221/2221/2221 2271/2271/2271 2270/2270/2270
f 2269/2269/2269 2220/2220/2220 2270/2270/2270
f 2269/2269/2269 2268/2268/2268 2220/2220/2220
f 2222/2222/2222 2271/2271/2271 2221/2221/2221
f 2212/2212/2212 2206/2206/2206 2239/2239/2239
f 2277/2277/2277 2212/2212/2212 2239/2239/2239
f 2212/2212/2212 2277/2277/2277 2245/2245/2245 2218/2218/2218
f 2239/2239/2239 2278/2278/2278 2277/2277/2277
f 2218/2218/2218 2245/2245/2245 2244/2244/2244
f 2244/2244/2244 2243/2243/2243 2223/2223/2223
f 2223/2223/2223 2218/2218/2218 2244/2244/2244
f 2273/2273/2273 2222/2222/2222 2223/2223/2223
f 2222/2222/2222 2273/2273/2273 2272/2272/2272
f 2272/2272/2272 2271/2271/2271 2222/2222/2222
f 2274/2274/2274 2273/2273/2273 2223/2223/2223
f 2275/2275/2275 2274/2274/2274 2242/2242/2242
f 2223/2223/2223 2242/2242/2242 2274/2274/2274
f 2242/2242/2242 2224/2224/2224 2276/2276/2276
f 2275/2275/2275 2242/2242/2242 2276/2276/2276
f 2243/2243/2243 2242/2242/2242 2223/2223/2223
f 2301/2301/2301 2300/2300/2300 2292/2292/2292
f 2299/2299/2299 2298/2298/2298 2292/2292/2292
f 2299/2299/2299 2292/2292/2292 2300/2300/2300
f 2302/2302/2302 2301/2301/2301 2291/2291/2291
f 2289/2289/2289 2306/2306/2306 2305/2305/2305
f 2304/2304/2304 2303/2303/2303 2290/2290/2290
f 2305/2305/2305 2304/2304/2304 2289/2289/2289
f 2290/2290/2290 2303/2303/2303 2302/2302/2302
f 2307/2307/2307 2306/2306/2306 2288/2288/2288
f 2294/2294/2294 2297/2297/2297 2296/2296/2296
f 2295/2295/2295 2294/2294/2294 2296/2296/2296
f 2293/2293/2293 2297/2297/2297 2294/2294/2294
f 2297/2297/2297 2293/2293/2293 2298/2298/2298
f 2293/2293/2293 2292/2292/2292 2298/2298/2298
f 2291/2291/2291 2301/2301/2301 2292/2292/2292
f 2302/2302/2302 2291/2291/2291 2290/2290/2290
f 2304/2304/2304 2290/2290/2290 2289/2289/2289
f 2289/2289/2289 2288/2288/2288 2306/2306/2306
f 2288/2288/2288 2317/2317/2317 2307/2307/2307
f 2316/2316/2316 2317/2317/2317 2287/2287/2287
f 2318/2318/2318 2314/2314/2314 2313/2313/2313 2319/2319/2319
f 2317/2317/2317 2316/2316/2316 2315/2315/2315 2318/2318/2318
f 2319/2319/2319 2313/2313/2313 2312/2312/2312 2320/2320/2320
f 2288/2288/2288 2287/2287/2287 2317/2317/2317
f 2321/2321/2321 2310/2310/2310 2309/2309/2309 2322/2322/2322
f 2322/2322/2322 2285/2285/2285 2283/2283/2283
f 2308/2308/2308 2285/2285/2285 2322/2322/2322
f 2320/2320/2320 2311/2311/2311 2310/2310/2310 2321/2321/2321
f 2286/2286/2286 2285/2285/2285 2308/2308/2308
f 2314/2314/2314 2318/2318/2318 2315/2315/2315
f 2322/2322/2322 2309/2309/2309 2308/2308/2308
f 2286/2286/2286 2308/2308/2308 2284/2284/2284
f 2311/2311/2311 2320/2320/2320 2312/2312/2312
f 2327/2327/2327 2326/2326/2326 2324/2324/2324 2325/2325/2325
f 2325/2325/2325 2328/2328/2328 2327/2327/2327
f 2332/2332/2332 2331/2331/2331 2326/2326/2326 2327/2327/2327
f 2333/2333/2333 2332/2332/2332 2327/2327/2327 2328/2328/2328
f 2334/2334/2334 2333/2333/2333 2328/2328/2328 2329/2329/2329
f 2335/2335/2335 2334/2334/2334 2329/2329/2329 2330/2330/2330
f 2338/2338/2338 2337/2337/2337 2331/2331/2331 2332/2332/2332
f 2339/2339/2339 2338/2338/2338 2332/2332/2332 2333/2333/2333
f 2340/2340/2340 2339/2339/2339 2333/2333/2333 2334/2334/2334
f 2341/2341/2341 2340/2340/2340 2334/2334/2334 2335/2335/2335
f 2342/2342/2342 2341/2341/2341 2335/2335/2335 2336/2336/2336
f 2344/2344/2344 2343/2343/2343 2337/2337/2337 2338/2338/2338
f 2345/2345/2345 2344/2344/2344 2338/2338/2338 2339/2339/2339
f 2346/2346/2346 2345/2345/2345 2339/2339/2339 2340/2340/2340
f 2347/2347/2347 2346/2346/2346 2340/2340/2340 2341/2341/2341
f 2348/2348/2348 2347/2347/2347 2341/2341/2341 2342/2342/2342
f 2350/2350/2350 2349/2349/2349 2343/2343/2343 2344/2344/2344
f 2351/2351/2351 2350/2350/2350 2344/2344/2344 2345/2345/2345
f 2352/2352/2352 2351/2351/2351 2345/2345/2345 2346/2346/2346
f 2353/2353/2353 2352/2352/2352 2346/2346/2346 2347/2347/2347
f 2354/2354/2354 2353/2353/2353 2347/2347/2347 2348/2348/2348
f 2382/2382/2382 2383/2383/2383 2323/2323/2323
f 2324/2324/2324 2383/2383/2383 2382/2382/2382
f 2324/2324/2324 2381/2381/2381 2380/2380/2380
f 2380/2380/2380 2325/2325/2325 2324/2324/2324
f 2324/2324/2324 2382/2382/2382 2381/2381/2381
f 2325/2325/2325 2380/2380/2380 2379/2379/2379
f 2324/2324/2324 2384/2384/2384 2383/2383/2383
f 2326/2326/2326 2385/2385/2385 2384/2384/2384
f 2385/2385/2385 2326/2326/2326 2331/2331/2331 2386/2386/2386
f 2331/2331/2331 2387/2387/2387 2386/2386/2386
f 2384/2384/2384 2324/2324/2324 2326/2326/2326
f 2328/2328/2328 2325/2325/2325 2379/2379/2379
f 2378/2378/2378 2377/2377/2377 2328/2328/2328
f 2328/2328/2328 2379/2379/2379 2378/2378/2378
f 2330/2330/2330 2376/2376/2376 2375/2375/2375
f 2376/2376/2376 2330/2330/2330 2329/2329/2329
f 2329/2329/2329 2377/2377/2377 2376/2376/2376
f 2374/2374/2374 2330/2330/2330 2375/2375/2375
f 2328/2328/2328 2377/2377/2377 2329/2329/2329
f 2335/2335/2335 2374/2374/2374 2373/2373/2373
f 2330/2330/2330 2374/2374/2374 2335/2335/2335
f 2342/2342/2342 2336/2336/2336 2370/2370/2370
f 2336/2336/2336 2335/2335/2335 2373/2373/2373
f 2372/2372/2372 2336/2336/2336 2373/2373/2373
f 2336/2336/2336 2372/2372/2372 2371/2371/2371
f 2336/2336/2336 2371/2371/2371 2370/2370/2370
f 2337/2337/2337 2388/2388/2388 2387/2387/2387 2331/2331/2331
f 2388/2388/2388 2337/2337/2337 2343/2343/2343 2389/2389/2389
f 2343/2343/2343 2390/2390/2390 2389/2389/2389
f 2350/2350/2350 2358/2358/2358 2357/2357/2357 2349/2349/2349
f 2349/2349/2349 2390/2390/2390 2343/2343/2343
f 2349/2349/2349 2391/2391/2391 2390/2390/2390
f 2356/2356/2356 2355/2355/2355 2391/2391/2391
f 2349/2349/2349 2357/2357/2357 2356/2356/2356
f 2350/2350/2350 2359/2359/2359 2358/2358/2358
f 2351/2351/2351 2360/2360/2360 2359/2359/2359 2350/2350/2350
f 2356/2356/2356 2391/2391/2391 2349/2349/2349
f 2354/2354/2354 2348/2348/2348 2366/2366/2366
f 2368/2368/2368 2348/2348/2348 2342/2342/2342
f 2368/2368/2368 2342/2342/2342 2369/2369/2369
f 2367/2367/2367 2348/2348/2348 2368/2368/2368
f 2367/2367/2367 2366/2366/2366 2348/2348/2348
f 2370/2370/2370 2369/2369/2369 2342/2342/2342
f 2352/2352/2352 2362/2362/2362 2361/2361/2361
f 2352/2352/2352 2361/2361/2361 2360/2360/2360 2351/2351/2351
f 2353/2353/2353 2363/2363/2363 2362/2362/2362 2352/2352/2352
f 2366/2366/2366 2365/2365/2365 2354/2354/2354
f 2365/2365/2365 2353/2353/2353 2354/2354/2354
f 2364/2364/2364 2353/2353/2353 2365/2365/2365
f 2364/2364/2364 2363/2363/2363 2353/2353/2353
f 2400/2400/2400 2392/2392/2392 2405/2405/2405
f 2419/2419/2419 2404/2404/2404 2420/2420/2420
f 2419/2419/2419 2405/2405/2405 2404/2404/2404
f 2402/2402/2402 2401/2401/2401 2417/2417/2417
f 2419/2419/2419 2401/2401/2401 2405/2405/2405
f 2400/2400/2400 2405/2405/2405 2401/2401/2401
f 2395/2395/2395 2420/2420/2420 2404/2404/2404
f 2399/2399/2399 2404/2404/2404 2393/2393/2393
f 2397/2397/2397 2404/2404/2404 2398/2398/2398
f 2399/2399/2399 2398/2398/2398 2404/2404/2404
f 2396/2396/2396 2395/2395/2395 2404/2404/2404
f 2404/2404/2404 2397/2397/2397 2396/2396/2396
f 2421/2421/2421 2395/2395/2395 2394/2394/2394
f 2420/2420/2420 2395/2395/2395 2421/2421/2421
f 2407/2407/2407 2406/2406/2406 2402/2402/2402
f 2402/2402/2402 2408/2408/2408 2407/2407/2407
f 2409/2409/2409 2402/2402/2402 2410/2410/2410
f 2410/2410/2410 2402/2402/2402 2411/2411/2411
f 2408/2408/2408 2402/2402/2402 2409/2409/2409
f 2412/2412/2412 2411/2411/2411 2402/2402/2402
f 2416/2416/2416 2402/2402/2402 2417/2417/2417
f 2417/2417/2417 2401/2401/2401 2418/2418/2418
f 2418/2418/2418 2401/2401/2401 2419/2419/2419
f 2413/2413/2413 2402/2402/2402 2414/2414/2414
f 2414/2414/2414 2402/2402/2402 2415/2415/2415
f 2402/2402/2402 2416/2416/2416 2415/2415/2415
f 2412/2412/2412 2402/2402/2402 2413/2413/2413
f 2406/2406/2406 2403/2403/2403 2402/2402/2402
f 2431/2431/2431 2432/2432/2432 2422/2422/2422
f 2430/2430/2430 2424/2424/2424 2431/2431/2431
f 2424/2424/2424 2430/2430/2430 2429/2429/2429
f 2432/2432/2432 2431/2431/2431 2424/2424/2424
f 2429/2429/2429 2428/2428/2428 2424/2424/2424
f 2426/2426/2426 2425/2425/2425 2424/2424/2424
f 2427/2427/2427 2426/2426/2426 2428/2428/2428
f 2424/2424/2424 2428/2428/2428 2426/2426/2426
f 2423/2423/2423 2432/2432/2432 2424/2424/2424
f 2438/2438/2438 2434/2434/2434 2435/2435/2435
f 2439/2439/2439 2438/2438/2438 2435/2435/2435 2436/2436/2436
f 2442/2442/2442 2437/2437/2437 2438/2438/2438
f 2443/2443/2443 2442/2442/2442 2438/2438/2438 2439/2439/2439
f 2476/2476/2476 2439/2439/2439 2440/2440/2440
f 2443/2443/2443 2476/2476/2476 2444/2444/2444
f 2439/2439/2439 2476/2476/2476 2443/2443/2443
f 2440/2440/2440 2477/2477/2477 2476/2476/2476
f 2475/2475/2475 2444/2444/2444 2476/2476/2476 2477/2477/2477
f 2446/2446/2446 2441/2441/2441 2442/2442/2442
f 2447/2447/2447 2446/2446/2446 2442/2442/2442 2443/2443/2443
f 2448/2448/2448 2447/2447/2447 2443/2443/2443 2444/2444/2444
f 2480/2480/2480 2446/2446/2446 2450/2450/2450
f 2446/2446/2446 2480/2480/2480 2445/2445/2445
f 2485/2485/2485 2447/2447/2447 2451/2451/2451
f 2446/2446/2446 2485/2485/2485 2450/2450/2450
f 2447/2447/2447 2485/2485/2485 2446/2446/2446
f 2489/2489/2489 2448/2448/2448 2452/2452/2452
f 2447/2447/2447 2489/2489/2489 2451/2451/2451
f 2448/2448/2448 2489/2489/2489 2447/2447/2447
f 2453/2453/2453 2478/2478/2478 2482/2482/2482 2479/2479/2479
f 2479/2479/2479 2482/2482/2482 2480/2480/2480 2450/2450/2450
f 2482/2482/2482 2449/2449/2449 2480/2480/2480
f 2478/2478/2478 2481/2481/2481 2482/2482/2482
f 2454/2454/2454 2483/2483/2483 2486/2486/2486 2484/2484/2484
f 2484/2484/2484 2486/2486/2486 2485/2485/2485 2451/2451/2451
f 2486/2486/2486 2479/2479/2479 2450/2450/2450 2485/2485/2485
f 2483/2483/2483 2453/2453/2453 2479/2479/2479 2486/2486/2486
f 2455/2455/2455 2487/2487/2487 2490/2490/2490 2488/2488/2488
f 2488/2488/2488 2490/2490/2490 2489/2489/2489 2452/2452/2452
f 2490/2490/2490 2484/2484/2484 2451/2451/2451 2489/2489/2489
f 2487/2487/2487 2454/2454/2454 2484/2484/2484 2490/2490/2490
f 2493/2493/2493 2488/2488/2488 2452/2452/2452 2492/2492/2492
f 2491/2491/2491 2455/2455/2455 2488/2488/2488 2493/2493/2493
f 2457/2457/2457 2478/2478/2478 2453/2453/2453
f 2456/2456/2456 2478/2478/2478 2457/2457/2457
f 2483/2483/2483 2457/2457/2457 2453/2453/2453
f 2458/2458/2458 2483/2483/2483 2454/2454/2454
f 2457/2457/2457 2483/2483/2483 2458/2458/2458
f 2487/2487/2487 2458/2458/2458 2454/2454/2454
f 2459/2459/2459 2487/2487/2487 2455/2455/2455
f 2458/2458/2458 2487/2487/2487 2459/2459/2459
f 2496/2496/2496 2457/2457/2457 2461/2461/2461
f 2457/2457/2457 2496/2496/2496 2456/2456/2456
f 2501/2501/2501 2458/2458/2458 2462/2462/2462
f 2457/2457/2457 2501/2501/2501 2461/2461/2461
f 2458/2458/2458 2501/2501/2501 2457/2457/2457
f 2505/2505/2505 2459/2459/2459 2463/2463/2463
f 2458/2458/2458 2505/2505/2505 2462/2462/2462
f 2459/2459/2459 2505/2505/2505 2458/2458/2458
f 2464/2464/2464 2494/2494/2494 2498/2498/2498 2495/2495/2495
f 2495/2495/2495 2498/2498/2498 2496/2496/2496 2461/2461/2461
f 2498/2498/2498 2460/2460/2460 2496/2496/2496
f 2494/2494/2494 2497/2497/2497 2498/2498/2498
f 2465/2465/2465 2499/2499/2499 2502/2502/2502 2500/2500/2500
f 2500/2500/2500 2502/2502/2502 2501/2501/2501 2462/2462/2462
f 2502/2502/2502 2495/2495/2495 2461/2461/2461 2501/2501/2501
f 2499/2499/2499 2464/2464/2464 2495/2495/2495 2502/2502/2502
f 2466/2466/2466 2503/2503/2503 2506/2506/2506 2504/2504/2504
f 2504/2504/2504 2506/2506/2506 2505/2505/2505 2463/2463/2463
f 2506/2506/2506 2500/2500/2500 2462/2462/2462 2505/2505/2505
f 2503/2503/2503 2465/2465/2465 2500/2500/2500 2506/2506/2506
f 2509/2509/2509 2504/2504/2504 2463/2463/2463 2508/2508/2508
f 2507/2507/2507 2466/2466/2466 2504/2504/2504 2509/2509/2509
f 2468/2468/2468 2494/2494/2494 2464/2464/2464
f 2467/2467/2467 2494/2494/2494 2468/2468/2468
f 2499/2499/2499 2468/2468/2468 2464/2464/2464
f 2469/2469/2469 2499/2499/2499 2465/2465/2465
f 2468/2468/2468 2499/2499/2499 2469/2469/2469
f 2471/2471/2471 2467/2467/2467 2468/2468/2468
f 2473/2473/2473 2470/2470/2470 2471/2471/2471
f 2474/2474/2474 2472/2472/2472 2473/2473/2473
f 2525/2525/2525 2436/2436/2436 2433/2433/2433
f 2526/2526/2526 2433/2433/2433 2527/2527/2527
f 2433/2433/2433 2526/2526/2526 2525/2525/2525
f 2524/2524/2524 2523/2523/2523 2436/2436/2436
f 2436/2436/2436 2525/2525/2525 2524/2524/2524
f 2433/2433/2433 2435/2435/2435 2434/2434/2434
f 2522/2522/2522 2439/2439/2439 2436/2436/2436
f 2433/2433/2433 2436/2436/2436 2435/2435/2435
f 2521/2521/2521 2439/2439/2439 2522/2522/2522
f 2519/2519/2519 2440/2440/2440 2520/2520/2520
f 2521/2521/2521 2520/2520/2520 2440/2440/2440
f 2521/2521/2521 2440/2440/2440 2439/2439/2439
f 2523/2523/2523 2522/2522/2522 2436/2436/2436
f 2518/2518/2518 2440/2440/2440 2519/2519/2519
f 2477/2477/2477 2543/2543/2543 2542/2542/2542 2475/2475/2475
f 2477/2477/2477 2440/2440/2440 2518/2518/2518
f 2517/2517/2517 2477/2477/2477 2518/2518/2518
f 2543/2543/2543 2517/2517/2517 2516/2516/2516
f 2477/2477/2477 2517/2517/2517 2543/2543/2543
f 2448/2448/2448 2475/2475/2475 2541/2541/2541
f 2444/2444/2444 2475/2475/2475 2448/2448/2448
f 2448/2448/2448 2492/2492/2492 2452/2452/2452
f 2492/2492/2492 2448/2448/2448 2540/2540/2540
f 2540/2540/2540 2448/2448/2448 2541/2541/2541
f 2538/2538/2538 2493/2493/2493 2492/2492/2492 2539/2539/2539
f 2492/2492/2492 2540/2540/2540 2539/2539/2539
f 2542/2542/2542 2541/2541/2541 2475/2475/2475
f 2503/2503/2503 2469/2469/2469 2465/2465/2465
f 2469/2469/2469 2533/2533/2533 2532/2532/2532
f 2471/2471/2471 2468/2468/2468 2469/2469/2469
f 2533/2533/2533 2469/2469/2469 2534/2534/2534
f 2466/2466/2466 2536/2536/2536 2503/2503/2503
f 2535/2535/2535 2503/2503/2503 2536/2536/2536
f 2503/2503/2503 2535/2535/2535 2534/2534/2534
f 2534/2534/2534 2469/2469/2469 2503/2503/2503
f 2473/2473/2473 2471/2471/2471 2530/2530/2530
f 2528/2528/2528 2474/2474/2474 2529/2529/2529
f 2473/2473/2473 2529/2529/2529 2474/2474/2474
f 2529/2529/2529 2473/2473/2473 2530/2530/2530
f 2471/2471/2471 2532/2532/2532 2531/2531/2531
f 2530/2530/2530 2471/2471/2471 2531/2531/2531
f 2469/2469/2469 2532/2532/2532 2471/2471/2471
f 2493/2493/2493 2538/2538/2538 2515/2515/2515 2491/2491/2491
f 2459/2459/2459 2455/2455/2455 2491/2491/2491
f 2514/2514/2514 2459/2459/2459 2491/2491/2491
f 2459/2459/2459 2513/2513/2513 2508/2508/2508
f 2459/2459/2459 2514/2514/2514 2513/2513/2513
f 2514/2514/2514 2491/2491/2491 2515/2515/2515
f 2508/2508/2508 2463/2463/2463 2459/2459/2459
f 2508/2508/2508 2512/2512/2512 2511/2511/2511 2509/2509/2509
f 2536/2536/2536 2466/2466/2466 2537/2537/2537
f 2537/2537/2537 2466/2466/2466 2507/2507/2507
f 2510/2510/2510 2507/2507/2507 2509/2509/2509 2511/2511/2511
f 2537/2537/2537 2507/2507/2507 2510/2510/2510
f 2513/2513/2513 2512/2512/2512 2508/2508/2508
f 2563/2563/2563 2544/2544/2544 2561/2561/2561
f 2563/2563/2563 2561/2561/2561 2560/2560/2560
f 2559/2559/2559 2563/2563/2563 2560/2560/2560
f 2564/2564/2564 2563/2563/2563 2558/2558/2558
f 2565/2565/2565 2564/2564/2564 2556/2556/2556
f 2563/2563/2563 2559/2559/2559 2558/2558/2558
f 2557/2557/2557 2564/2564/2564 2558/2558/2558
f 2556/2556/2556 2555/2555/2555 2565/2565/2565
f 2564/2564/2564 2557/2557/2557 2556/2556/2556
f 2554/2554/2554 2565/2565/2565 2555/2555/2555
f 2554/2554/2554 2566/2566/2566 2565/2565/2565
f 2567/2567/2567 2566/2566/2566 2552/2552/2552
f 2567/2567/2567 2549/2549/2549 2562/2562/2562 2568/2568/2568
f 2568/2568/2568 2547/2547/2547 2545/2545/2545
f 2562/2562/2562 2547/2547/2547 2568/2568/2568
f 2562/2562/2562 2548/2548/2548 2547/2547/2547
f 2552/2552/2552 2551/2551/2551 2567/2567/2567
f 2566/2566/2566 2553/2553/2553 2552/2552/2552
f 2549/2549/2549 2567/2567/2567 2550/2550/2550
f 2567/2567/2567 2551/2551/2551 2550/2550/2550
f 2562/2562/2562 2546/2546/2546 2548/2548/2548
f 2554/2554/2554 2553/2553/2553 2566/2566/2566
f 2572/2572/2572 2569/2569/2569 2573/2573/2573
f 2575/2575/2575 2573/2573/2573 2570/2570/2570
f 2574/2574/2574 2571/2571/2571 2572/2572/2572
f 2572/2572/2572 2575/2575/2575 2574/2574/2574
f 2573/2573/2573 2575/2575/2575 2572/2572/2572
f 2581/2581/2581 2576/2576/2576 2586/2586/2586
f 2580/2580/2580 2581/2581/2581 2586/2586/2586
f 2582/2582/2582 2581/2581/2581 2593/2593/2593
f 2580/2580/2580 2585/2585/2585 2577/2577/2577
f 2585/2585/2585 2580/2580/2580 2586/2586/2586
f 2580/2580/2580 2579/2579/2579 2581/2581/2581
f 2579/2579/2579 2593/2593/2593 2581/2581/2581
f 2593/2593/2593 2592/2592/2592 2582/2582/2582
f 2584/2584/2584 2583/2583/2583 2589/2589/2589
f 2584/2584/2584 2587/2587/2587 2578/2578/2578
f 2587/2587/2587 2584/2584/2584 2588/2588/2588
f 2592/2592/2592 2591/2591/2591 2582/2582/2582
f 2583/2583/2583 2591/2591/2591 2590/2590/2590
f 2590/2590/2590 2589/2589/2589 2583/2583/2583
f 2589/2589/2589 2588/2588/2588 2584/2584/2584
f 2583/2583/2583 2582/2582/2582 2591/2591/2591
